date,signal_value,threshold,position,spy_return,strategy_return,cumulative_return
1994-05-05,,,0.0,-0.001381,-0.0,0.0
1994-05-06,,,0.0,-0.009682,-0.0,0.0
1994-05-09,,,0.0,-0.008729,-0.0,0.0
1994-05-10,,,0.0,0.007749,0.0,0.0
1994-05-11,,,0.0,-0.009087,-0.0,0.0
1994-05-12,,,0.0,0.004938,0.0,0.0
1994-05-13,,,0.0,0.0,0.0,0.0
1994-05-16,,,0.0,0.000352,0.0,0.0
1994-05-17,,,0.0,0.014737,0.0,0.0
1994-05-18,,,0.0,0.007261,0.0,0.0
1994-05-19,,,0.0,0.004806,0.0,0.0
1994-05-20,,,0.0,-0.003758,-0.0,0.0
1994-05-23,,,0.0,-0.001715,-0.0,0.0
1994-05-24,,,0.0,0.004123,0.0,0.0
1994-05-25,,,0.0,0.002737,0.0,0.0
1994-05-26,,,0.0,0.000682,0.0,0.0
1994-05-27,,,0.0,0.001023,0.0,0.0
1994-05-31,,,0.0,-0.001362,-0.0,0.0
1994-06-01,,,0.0,0.004434,0.0,0.0
1994-06-02,,,0.0,-0.001019,-0.0,0.0
1994-06-03,,,0.0,0.005779,0.0,0.0
1994-06-06,,,0.0,-0.000337,-0.0,0.0
1994-06-07,,,0.0,-0.001353,-0.0,0.0
1994-06-08,,,0.0,-0.008125,-0.0,0.0
1994-06-09,,,0.0,0.005461,0.0,0.0
1994-06-10,,,0.0,0.001698,0.0,0.0
1994-06-13,,,0.0,0.001356,0.0,0.0
1994-06-14,,,0.0,0.007783,0.0,0.0
1994-06-15,,,0.0,-0.00403,-0.0,0.0
1994-06-16,,,0.0,0.002023,0.0,0.0
1994-06-17,,,0.0,-0.005582,-0.0,0.0
1994-06-20,,,0.0,-0.008515,-0.0,0.0
1994-06-21,,,0.0,-0.008588,-0.0,0.0
1994-06-22,,,0.0,0.003812,0.0,0.0
1994-06-23,,,0.0,-0.005868,-0.0,0.0
1994-06-24,,,0.0,-0.020833,-0.0,0.0
1994-06-27,,,0.0,0.017376,0.0,0.0
1994-06-28,,,0.0,-0.00488,-0.0,0.0
1994-06-29,,,0.0,0.003152,0.0,0.0
1994-06-30,,,0.0,-0.006285,-0.0,0.0
1994-07-01,,,0.0,0.002108,0.0,0.0
1994-07-05,,,0.0,0.005259,0.0,0.0
1994-07-06,,,0.0,-0.001395,-0.0,0.0
1994-07-07,,,0.0,0.004191,0.0,0.0
1994-07-08,,,0.0,-0.000347,-0.0,0.0
1994-07-11,,,0.0,-0.003481,-0.0,0.0
1994-07-12,,,0.0,0.001397,0.0,0.0
1994-07-13,,,0.0,0.001744,0.0,0.0
1994-07-14,,,0.0,0.01079,0.0,0.0
1994-07-15,,,0.0,0.000344,0.0,0.0
1994-07-18,,,0.0,0.001721,0.0,0.0
1994-07-19,,,0.0,-0.002062,-0.0,0.0
1994-07-20,,,0.0,-0.004477,-0.0,0.0
1994-07-21,,,0.0,0.002075,0.0,0.0
1994-07-22,,,0.0,0.001726,0.0,0.0
1994-07-25,,,0.0,0.001379,0.0,0.0
1994-07-26,,,0.0,-0.001033,-0.0,0.0
1994-07-27,,,0.0,0.0,0.0,0.0
1994-07-28,,,0.0,0.002067,0.0,0.0
1994-07-29,,,0.0,0.009969,0.0,0.0
1994-08-01,,,0.0,0.004765,0.0,0.0
1994-08-02,,,0.0,0.001355,0.0,0.0
1994-08-03,,,0.0,0.000338,0.0,0.0
1994-08-04,,,0.0,-0.005748,-0.0,0.0
1994-08-05,,,0.0,-0.003402,-0.0,0.0
1994-08-08,,,0.0,0.00239,0.0,0.0
1994-08-09,,,0.0,0.001702,0.0,0.0
1994-08-10,,,0.0,0.003739,0.0,0.0
1994-08-11,,,0.0,-0.003725,-0.0,0.0
1994-08-12,,,0.0,0.007818,0.0,0.0
1994-08-15,,,0.0,-0.000337,-0.0,0.0
1994-08-16,,,0.0,0.007085,0.0,0.0
1994-08-17,,,0.0,-0.00067,-0.0,0.0
1994-08-18,,,0.0,-0.003353,-0.0,0.0
1994-08-19,,,0.0,-0.000672,-0.0,0.0
1994-08-22,,,0.0,-0.00101,-0.0,0.0
1994-08-23,,,0.0,0.005727,0.0,0.0
1994-08-24,,,0.0,0.01072,0.0,0.0
1994-08-25,,,0.0,-0.002651,-0.0,0.0
1994-08-26,,,0.0,0.01429,0.0,0.0
1994-08-29,,,0.0,-0.000655,-0.0,0.0
1994-08-30,,,0.0,0.002623,0.0,0.0
1994-08-31,,,0.0,-0.002616,-0.0,0.0
1994-09-01,,,0.0,-0.003279,-0.0,0.0
1994-09-02,,,0.0,-0.004276,-0.0,0.0
1994-09-06,,,0.0,0.00033,0.0,0.0
1994-09-07,,,0.0,-0.000991,-0.0,0.0
1994-09-08,,,0.0,0.004959,0.0,0.0
1994-09-09,,,0.0,-0.010526,-0.0,0.0
1994-09-12,,,0.0,-0.002992,-0.0,0.0
1994-09-13,,,0.0,0.003001,0.0,0.0
1994-09-14,,,0.0,0.000997,0.0,0.0
1994-09-15,,,0.0,0.01262,0.0,0.0
1994-09-16,,,0.0,-0.007116,-0.0,0.0
1994-09-19,,,0.0,0.000997,0.0,0.0
1994-09-20,,,0.0,-0.018925,-0.0,0.0
1994-09-21,,,0.0,0.0,0.0,0.0
1994-09-22,,,0.0,-0.002369,-0.0,0.0
1994-09-23,,,0.0,-0.003392,-0.0,0.0
1994-09-26,,,0.0,0.005105,0.0,0.0
1994-09-27,,,0.0,-0.000677,-0.0,0.0
1994-09-28,,,0.0,0.007794,0.0,0.0
1994-09-29,,,0.0,-0.005043,-0.0,0.0
1994-09-30,,,0.0,-0.001352,-0.0,0.0
1994-10-03,,,0.0,-0.002369,-0.0,0.0
1994-10-04,,,0.0,-0.014926,-0.0,0.0
1994-10-05,,,0.0,0.000345,0.0,0.0
1994-10-06,,,0.0,-0.003098,-0.0,0.0
1994-10-07,,,0.0,0.004489,0.0,0.0
1994-10-10,,,0.0,0.010657,0.0,0.0
1994-10-11,,,0.0,0.014966,0.0,0.0
1994-10-12,,,0.0,0.00134,0.0,0.0
1994-10-13,,,0.0,0.003347,0.0,0.0
1994-10-14,,,0.0,0.004337,0.0,0.0
1994-10-17,,,0.0,-0.001993,-0.0,0.0
1994-10-18,,,0.0,-0.00233,-0.0,0.0
1994-10-19,,,0.0,0.00467,0.0,0.0
1994-10-20,,,0.0,-0.00664,-0.0,0.0
1994-10-21,,,0.0,-0.004011,-0.0,0.0
1994-10-24,,,0.0,-0.008389,-0.0,0.0
1994-10-25,,,0.0,0.001015,0.0,0.0
1994-10-26,,,0.0,0.003719,0.0,0.0
1994-10-27,,,0.0,0.006062,0.0,0.0
1994-10-28,,,0.0,0.021091,0.0,0.0
1994-10-31,,,0.0,-0.003606,-0.0,0.0
1994-11-01,,,0.0,-0.011188,-0.0,0.0
1994-11-02,,,0.0,-0.005657,-0.0,0.0
1994-11-03,,,0.0,0.005355,0.0,0.0
1994-11-04,,,0.0,-0.012983,-0.0,0.0
1994-11-07,,,0.0,0.003035,0.0,0.0
1994-11-08,,,0.0,0.007734,0.0,0.0
1994-11-09,,,0.0,0.001668,0.0,0.0
1994-11-10,,,0.0,-0.006996,-0.0,0.0
1994-11-11,,,0.0,-0.00369,-0.0,0.0
1994-11-14,,,0.0,0.009428,0.0,0.0
1994-11-15,,,0.0,-0.003335,-0.0,0.0
1994-11-16,,,0.0,0.003347,0.0,0.0
1994-11-17,,,0.0,-0.006671,-0.0,0.0
1994-11-18,,,0.0,-0.001343,-0.0,0.0
1994-11-21,,,0.0,-0.010087,-0.0,0.0
1994-11-22,,,0.0,-0.021739,-0.0,0.0
1994-11-23,,,0.0,0.005555,0.0,0.0
1994-11-25,,,0.0,0.004834,0.0,0.0
1994-11-28,,,0.0,0.004467,0.0,0.0
1994-11-29,,,0.0,-0.000342,-0.0,0.0
1994-11-30,,,0.0,-0.001369,-0.0,0.0
1994-12-01,,,0.0,-0.009938,-0.0,0.0
1994-12-02,,,0.0,0.009346,0.0,0.0
1994-12-05,,,0.0,0.001029,0.0,0.0
1994-12-06,,,0.0,0.000685,0.0,0.0
1994-12-07,,,0.0,-0.007189,-0.0,0.0
1994-12-08,,,0.0,-0.009656,-0.0,0.0
1994-12-09,,,0.0,0.00383,0.0,0.0
1994-12-12,,,0.0,0.006591,0.0,0.0
1994-12-13,,,0.0,0.00379,0.0,0.0
1994-12-14,,,0.0,0.00515,0.0,0.0
1994-12-15,,,0.0,0.003073,0.0,0.0
1994-12-16,,,0.0,0.004885,0.0,0.0
1994-12-19,,,0.0,0.001365,0.0,0.0
1994-12-20,,,0.0,-0.00307,-0.0,0.0
1994-12-21,,,0.0,0.010605,0.0,0.0
1994-12-22,,,0.0,-0.003047,-0.0,0.0
1994-12-23,,,0.0,0.001019,0.0,0.0
1994-12-27,,,0.0,0.005427,0.0,0.0
1994-12-28,,,0.0,-0.005061,-0.0,0.0
1994-12-29,,,0.0,0.000678,0.0,0.0
1994-12-30,,,0.0,-0.011861,-0.0,0.0
1995-01-03,,,0.0,0.004801,0.0,0.0
1995-01-04,,,0.0,0.004778,0.0,0.0
1995-01-05,,,0.0,0.0,0.0,0.0
1995-01-06,,,0.0,0.001019,0.0,0.0
1995-01-09,,,0.0,0.001018,0.0,0.0
1995-01-10,,,0.0,0.001016,0.0,0.0
1995-01-11,,,0.0,0.000677,0.0,0.0
1995-01-12,,,0.0,0.000338,0.0,0.0
1995-01-13,,,0.0,0.01184,0.0,0.0
1995-01-16,,,0.0,0.006018,0.0,0.0
1995-01-17,,,0.0,0.000332,0.0,0.0
1995-01-18,,,0.0,-0.000997,-0.0,0.0
1995-01-19,,,0.0,-0.005654,-0.0,0.0
1995-01-20,,,0.0,-0.003679,-0.0,0.0
1995-01-23,,,0.0,0.003021,0.0,0.0
1995-01-24,,,0.0,0.001339,0.0,0.0
1995-01-25,,,0.0,0.002673,0.0,0.0
1995-01-26,,,0.0,0.001,0.0,0.0
1995-01-27,,,0.0,0.003996,0.0,0.0
1995-01-30,,,0.0,-0.004312,-0.0,0.0
1995-01-31,,,0.0,0.003998,0.0,0.0
1995-02-01,13.2378,,0.0,-0.000332,-0.0,0.0
1995-02-02,15.8002,,0.0,0.005974,0.0,0.0
1995-02-03,13.7416,,0.0,0.014187,0.0,0.0
1995-02-06,14.2106,,0.0,0.004229,0.0,0.0
1995-02-07,11.7784,,0.0,0.001295,0.0,0.0
1995-02-08,14.6257,,0.0,0.0,0.0,0.0
1995-02-09,15.9114,,0.0,0.0,0.0,0.0
1995-02-10,16.4123,,0.0,0.001294,0.0,0.0
1995-02-13,18.8897,,0.0,0.000323,0.0,0.0
1995-02-14,23.0632,,0.0,0.001293,0.0,0.0
1995-02-15,18.9711,,0.0,0.005483,0.0,0.0
1995-02-16,15.6793,,0.0,-0.001283,-0.0,0.0
1995-02-17,16.3732,,0.0,-0.003854,-0.0,0.0
1995-02-21,17.4634,,0.0,-0.000323,-0.0,0.0
1995-02-22,17.185,,0.0,0.007419,0.0,0.0
1995-02-23,15.6301,,0.0,0.001601,0.0,0.0
1995-02-24,16.3387,,0.0,0.002557,0.0,0.0
1995-02-27,17.1236,,0.0,-0.007972,-0.0,0.0
1995-02-28,13.3374,,0.0,0.008357,0.0,0.0
1995-03-01,9.934,,0.0,-0.006376,-0.0,0.0
1995-03-02,7.3644,,0.0,0.001284,0.0,0.0
1995-03-03,8.2248,,0.0,0.00032,0.0,0.0
1995-03-06,9.2174,,0.0,0.00064,0.0,0.0
1995-03-07,14.3218,,0.0,-0.007682,-0.0,0.0
1995-03-08,17.6513,,0.0,0.00258,0.0,0.0
1995-03-09,20.1737,,0.0,-0.000321,-0.0,0.0
1995-03-10,12.5413,,0.0,0.014806,0.0,0.0
1995-03-13,14.7043,,0.0,-0.000952,-0.0,0.0
1995-03-14,11.1776,,0.0,0.007302,0.0,0.0
1995-03-15,9.5915,,0.0,-0.001891,-0.0,0.0
1995-03-16,11.3161,,0.0,0.005999,0.0,0.0
1995-03-17,12.763,,0.0,0.000995,0.0,0.0
1995-03-20,12.2205,,0.0,0.0,0.0,0.0
1995-03-21,11.8375,,0.0,-0.002522,-0.0,0.0
1995-03-22,11.6802,,0.0,0.000948,0.0,0.0
1995-03-23,14.9729,,0.0,0.000631,0.0,0.0
1995-03-24,11.9275,,0.0,0.0142,0.0,0.0
1995-03-27,11.0929,,0.0,0.004046,0.0,0.0
1995-03-28,10.7024,,0.0,0.0,0.0,0.0
1995-03-29,10.7701,,0.0,-0.000311,-0.0,0.0
1995-03-30,12.7371,,0.0,-0.00186,-0.0,0.0
1995-03-31,12.4656,,0.0,-0.004038,-0.0,0.0
1995-04-03,10.034,,0.0,0.002495,0.0,0.0
1995-04-04,10.0233,,0.0,0.006532,0.0,0.0
1995-04-05,6.7496,,0.0,0.0,0.0,0.0
1995-04-06,5.4251,,0.0,0.003708,0.0,0.0
1995-04-07,6.5011,,0.0,-0.000924,-0.0,0.0
1995-04-10,8.4482,,0.0,0.001849,0.0,0.0
1995-04-11,5.6542,,0.0,-0.003384,-0.0,0.0
1995-04-12,8.5793,,0.0,0.003395,0.0,0.0
1995-04-13,12.5063,,0.0,0.005537,0.0,0.0
1995-04-17,13.332,,0.0,-0.005812,-0.0,0.0
1995-04-18,16.5224,,0.0,-0.003385,-0.0,0.0
1995-04-19,19.128,,0.0,-0.000926,-0.0,0.0
1995-04-20,19.4337,,0.0,0.001545,0.0,0.0
1995-04-21,16.8017,,0.0,0.004937,0.0,0.0
1995-04-24,16.6284,,0.0,0.011667,0.0,0.0
1995-04-25,18.7973,,0.0,-0.002732,-0.0,0.0
1995-04-26,17.3944,,0.0,0.000913,0.0,0.0
1995-04-27,14.3367,16.4399,0.0,0.002432,0.0,0.0
1995-04-28,12.8599,16.4123,0.0,0.001517,0.0,0.0
1995-05-01,9.0506,16.4025,0.0,-0.002726,-0.0,0.0
1995-05-02,8.2015,16.3927,0.0,0.002126,0.0,0.0
1995-05-03,10.1734,16.3927,0.0,0.01394,0.0,0.0
1995-05-04,11.7148,16.3927,0.0,-0.000597,-0.0,0.0
1995-05-05,10.488,16.3927,0.0,-0.001196,-0.0,0.0
1995-05-08,11.3679,16.3927,0.0,0.007186,0.0,0.0
1995-05-09,9.0905,16.3927,0.0,-0.000893,-0.0,0.0
1995-05-10,7.6203,16.3927,0.0,0.00119,0.0,0.0
1995-05-11,8.9727,16.3927,0.0,0.002675,0.0,0.0
1995-05-12,11.5762,16.3559,0.0,0.000592,0.0,0.0
1995-05-15,11.0695,16.009,0.0,0.00474,0.0,0.0
1995-05-16,12.5284,15.6547,0.0,0.00059,0.0,0.0
1995-05-17,10.939,15.3015,0.0,-0.003831,-0.0,0.0
1995-05-18,12.3093,14.8386,0.0,-0.014493,-0.0,0.0
1995-05-19,9.3275,14.5205,0.0,0.0006,0.0,0.0
1995-05-22,9.6402,14.3293,0.0,0.011098,0.0,0.0
1995-05-23,10.1181,13.8296,0.0,0.009196,0.0,0.0
1995-05-24,12.5556,13.3347,0.0,-0.000588,-0.0,0.0
1995-05-25,10.0791,13.096,0.0,0.000882,0.0,0.0
1995-05-26,10.479,12.8115,0.0,-0.01146,-0.0,0.0
1995-05-30,13.1096,12.8115,1.0,-0.000298,-0.000298,-0.000298
1995-05-31,14.252,12.9848,1.0,0.020815,0.020815,0.020511
1995-06-01,17.5,13.2208,1.0,-0.002622,-0.002622,0.017835
1995-06-02,23.6296,13.792,1.0,0.000876,0.000876,0.018727
1995-06-05,24.4379,14.2869,1.0,0.006128,0.006128,0.024969
1995-06-06,24.0374,14.2944,1.0,-0.00174,-0.00174,0.023186
1995-06-07,21.0197,14.2944,1.0,-0.00523,-0.00523,0.017835
1995-06-08,21.345,14.2944,1.0,-0.002337,-0.002337,0.015456
1995-06-09,20.3802,14.5205,1.0,-0.005854,-0.005854,0.009512
1995-06-12,23.5276,14.6548,1.0,0.005595,0.005595,0.01516
1995-06-13,23.182,15.7477,1.0,0.010834,0.010834,0.026158
1995-06-14,22.8668,16.5754,1.0,-0.000869,-0.000869,0.025266
1995-06-15,19.5139,16.715,1.0,0.00435,0.00435,0.029726
1995-06-16,17.7102,17.098,1.0,0.002968,0.002968,0.032782
1995-06-19,20.8742,17.4472,1.0,0.011292,0.011292,0.044445
1995-06-20,21.0759,17.6051,1.0,-0.002576,-0.002576,0.041754
1995-06-21,22.4188,18.2538,1.0,-0.000574,-0.000574,0.041156
1995-06-22,25.1307,18.9627,1.0,0.01321,0.01321,0.05491
1995-06-23,26.1146,19.2809,1.0,-0.001983,-0.001983,0.052818
1995-06-26,30.514,19.4738,1.0,-0.011929,-0.011929,0.040259
1995-06-27,30.2378,19.9471,1.0,-0.002012,-0.002012,0.038166
1995-06-28,28.0348,20.6272,1.0,0.005184,0.005184,0.043548
1995-06-29,23.1846,20.9469,1.0,-0.001719,-0.001719,0.041754
1995-06-30,23.1689,21.0478,1.0,-0.000574,-0.000574,0.041156
1995-07-03,27.6471,21.2104,1.0,0.003733,0.003733,0.045042
1995-07-05,27.5232,21.8819,1.0,0.00372,0.00372,0.04893
1995-07-06,28.0759,22.6428,1.0,0.012828,0.012828,0.062386
1995-07-07,27.3831,23.0178,1.0,0.004504,0.004504,0.067171
1995-07-10,28.1346,23.1754,1.0,0.00056,0.00056,0.067768
1995-07-11,27.8052,23.1833,1.0,-0.004761,-0.004761,0.062685
1995-07-12,28.3639,23.3561,1.0,0.01238,0.01238,0.075841
1995-07-13,30.6656,23.5786,1.0,-0.002223,-0.002223,0.073449
1995-07-14,34.7088,23.8335,1.0,-0.000836,-0.000836,0.072552
1995-07-17,31.8723,24.2377,1.0,0.005575,0.005575,0.078531
1995-07-18,31.5716,24.7843,1.0,-0.008594,-0.008594,0.069262
1995-07-19,28.524,25.6226,1.0,-0.010906,-0.010906,0.057601
1995-07-20,25.9232,26.0189,0.0,0.003676,0.0,0.057601
1995-07-21,24.5003,26.0189,0.0,-0.001127,-0.0,0.057601
1995-07-24,27.3957,26.7488,1.0,0.007332,0.007332,0.065355
1995-07-25,29.0212,27.3894,1.0,0.007559,0.007559,0.073408
1995-07-26,32.4899,27.4594,1.0,-0.000834,-0.000834,0.072513
1995-07-27,28.882,27.5852,1.0,0.008343,0.008343,0.081461
1995-07-28,27.7757,27.7114,1.0,-0.006343,-0.006343,0.074601
1995-07-31,26.1464,27.7114,0.0,-0.002499,-0.0,0.074601
1995-08-01,24.7716,27.7114,0.0,-0.001669,-0.0,0.074601
1995-08-02,24.9709,27.7114,0.0,-0.00223,-0.0,0.074601
1995-08-03,24.4304,27.7114,0.0,-0.00028,-0.0,0.074601
1995-08-04,25.8235,27.7114,0.0,0.001118,0.0,0.074601
1995-08-07,27.2417,27.7114,0.0,0.002232,0.0,0.074601
1995-08-08,28.7093,27.7905,1.0,0.0,0.0,0.074601
1995-08-09,25.5921,27.7905,0.0,-0.000278,-0.0,0.074601
1995-08-10,27.1781,27.7905,0.0,-0.002229,-0.0,0.074601
1995-08-11,29.5643,27.92,1.0,-0.005583,-0.005583,0.068602
1995-08-14,30.3687,28.0553,1.0,0.008983,0.008983,0.078201
1995-08-15,29.8839,28.1052,1.0,-0.001947,-0.001947,0.076102
1995-08-16,34.2499,28.2492,1.0,0.002787,0.002787,0.079101
1995-08-17,37.0317,28.444,1.0,-0.001668,-0.001668,0.077301
1995-08-18,36.1745,28.6167,1.0,0.001114,0.001114,0.078501
1995-08-21,37.0765,28.7956,1.0,-0.002781,-0.002781,0.075502
1995-08-22,39.5875,28.9516,1.0,0.001953,0.001953,0.077602
1995-08-23,38.3481,29.2928,1.0,-0.00362,-0.00362,0.073701
1995-08-24,38.9859,29.7241,1.0,0.001118,0.001118,0.074902
1995-08-25,36.1513,30.0608,1.0,0.005582,0.005582,0.080902
1995-08-28,29.8704,30.0608,0.0,-0.003608,-0.0,0.080902
1995-08-29,26.9131,30.0608,0.0,0.002507,0.0,0.080902
1995-08-30,33.3651,30.3033,1.0,0.002223,0.002223,0.083305
1995-08-31,37.0554,30.4414,1.0,0.000832,0.000832,0.084206
1995-09-01,35.6383,30.5898,1.0,0.004432,0.004432,0.089011
1995-09-05,30.0707,30.5898,0.0,0.009376,0.0,0.089011
1995-09-06,32.6896,31.1186,1.0,0.001913,0.001913,0.091094
1995-09-07,35.7323,31.722,1.0,0.000545,0.000545,0.091689
1995-09-08,42.8441,32.1811,1.0,0.003816,0.003816,0.095855
1995-09-11,38.828,32.5897,1.0,0.002715,0.002715,0.09883
1995-09-12,39.5449,33.0273,1.0,0.004604,0.004604,0.103889
1995-09-13,43.5145,33.8075,1.0,0.004581,0.004581,0.108946
1995-09-14,44.0952,34.4794,1.0,0.009123,0.009123,0.119063
1995-09-15,44.5381,35.1736,1.0,-0.000275,-0.000275,0.118755
1995-09-18,50.9999,35.6853,1.0,-0.003744,-0.003744,0.114567
1995-09-19,57.5291,35.9418,1.0,0.004831,0.004831,0.119951
1995-09-20,50.1453,36.1629,1.0,0.004808,0.004808,0.125336
1995-09-21,52.0452,36.6031,1.0,-0.00824,-0.00824,0.116063
1995-09-22,53.7687,37.0435,1.0,0.000268,0.000268,0.116362
1995-09-25,50.4511,37.0659,1.0,-0.001608,-0.001608,0.114567
1995-09-26,44.6764,37.7123,1.0,-0.000269,-0.000269,0.114267
1995-09-27,42.233,38.588,1.0,-0.000805,-0.000805,0.11337
1995-09-28,44.2417,38.9069,1.0,0.007523,0.007523,0.121746
1995-09-29,44.2376,39.2654,1.0,-0.001867,-0.001867,0.119652
1995-10-02,47.7531,39.5662,1.0,-0.005076,-0.005076,0.113969
1995-10-03,48.7987,40.9102,1.0,0.001074,0.001074,0.115165
1995-10-04,51.1886,42.5385,1.0,-0.001073,-0.001073,0.113968
1995-10-05,56.04,43.1793,1.0,0.002954,0.002954,0.117259
1995-10-06,54.523,43.8049,1.0,0.000803,0.000803,0.118156
1995-10-09,48.2458,44.1664,1.0,-0.008293,-0.008293,0.108883
1995-10-10,56.2906,44.2396,1.0,-0.00054,-0.00054,0.108285
1995-10-11,55.3225,44.3899,1.0,0.003239,0.003239,0.111874
1995-10-12,57.7867,44.6072,1.0,0.006188,0.006188,0.118755
1995-10-13,57.9863,46.2148,1.0,0.003207,0.003207,0.122342
1995-10-16,54.6604,47.9995,1.0,-0.004797,-0.004797,0.116959
1995-10-17,48.0825,48.1641,0.0,0.006695,0.0,0.116959
1995-10-18,47.4029,48.1641,0.0,0.002927,0.0,0.116959
1995-10-19,49.9489,48.5222,1.0,0.004774,0.004774,0.122291
1995-10-20,57.7071,49.3738,1.0,-0.006072,-0.006072,0.115476
1995-10-23,58.5364,50.0471,1.0,-0.002124,-0.002124,0.113107
1995-10-24,63.0057,50.2982,1.0,0.001064,0.001064,0.114291
1995-10-25,66.5006,50.7255,1.0,-0.008242,-0.008242,0.105107
1995-10-26,63.3532,51.0942,1.0,-0.009116,-0.009116,0.095033
1995-10-27,66.7053,51.6169,1.0,0.007576,0.007576,0.103329
1995-10-30,62.8439,52.907,1.0,0.006445,0.006445,0.11044
1995-10-31,53.6877,53.7282,0.0,-0.004268,-0.0,0.11044
1995-11-01,52.191,53.7282,0.0,0.008038,0.0,0.11044
1995-11-02,53.9963,53.8825,1.0,0.00638,0.00638,0.117525
1995-11-03,52.4133,53.8825,0.0,0.001321,0.0,0.117525
1995-11-06,54.6359,54.2596,1.0,-0.003429,-0.003429,0.113693
1995-11-07,54.2132,54.3681,0.0,-0.003706,-0.0,0.113693
1995-11-08,49.6573,54.3681,0.0,0.009032,0.0,0.113693
1995-11-09,51.1292,54.3681,0.0,0.003686,0.0,0.113693
1995-11-10,54.4067,54.4648,0.0,-0.000524,-0.0,0.113693
1995-11-13,53.7897,54.4648,0.0,-0.00105,-0.0,0.113693
1995-11-14,60.9555,54.5794,1.0,-0.006569,-0.006569,0.106377
1995-11-15,57.1141,54.6481,1.0,0.010051,0.010051,0.117497
1995-11-16,59.8212,54.9914,1.0,0.005498,0.005498,0.123641
1995-11-17,49.138,54.9914,0.0,0.003125,0.0,0.123641
1995-11-20,53.6346,54.9914,0.0,-0.005192,-0.0,0.123641
1995-11-21,56.1162,55.6812,1.0,0.00809,0.00809,0.132731
1995-11-22,54.0393,55.6812,0.0,-0.003106,-0.0,0.132731
1995-11-24,50.1371,55.6812,0.0,0.002597,0.0,0.132731
1995-11-27,43.3855,55.6812,0.0,0.000258,0.0,0.132731
1995-11-28,40.5873,55.6812,0.0,0.010617,0.0,0.132731
1995-11-29,40.6711,55.6812,0.0,0.001024,0.0,0.132731
1995-11-30,39.5723,55.6812,0.0,-0.002303,-0.0,0.132731
1995-12-01,36.8747,55.6812,0.0,0.001283,0.0,0.132731
1995-12-04,43.5395,55.6812,0.0,0.012298,0.0,0.132731
1995-12-05,46.6692,55.6812,0.0,0.006581,0.0,0.132731
1995-12-06,45.5761,55.6812,0.0,0.002263,0.0,0.132731
1995-12-07,49.125,55.6812,0.0,-0.005268,-0.0,0.132731
1995-12-08,47.857,55.6812,0.0,0.003279,0.0,0.132731
1995-12-11,43.7071,55.6812,0.0,0.004273,0.0,0.132731
1995-12-12,42.8259,55.6812,0.0,-0.003003,-0.0,0.132731
1995-12-13,38.5088,55.6812,0.0,0.006277,0.0,0.132731
1995-12-14,35.803,55.6812,0.0,-0.007236,-0.0,0.132731
1995-12-15,36.9125,55.6812,0.0,0.000366,0.0,0.132731
1995-12-18,39.3249,54.9914,0.0,-0.019211,-0.0,0.132731
1995-12-19,38.563,54.9914,0.0,0.010567,0.0,0.132731
1995-12-20,33.2538,54.9914,0.0,-0.009692,-0.0,0.132731
1995-12-21,31.4938,54.9914,0.0,0.005151,0.0,0.132731
1995-12-22,26.9612,54.9914,0.0,0.003587,0.0,0.132731
1995-12-26,24.745,54.9914,0.0,0.004851,0.0,0.132731
1995-12-27,29.2132,54.9914,0.0,-0.000509,-0.0,0.132731
1995-12-28,37.4086,54.9914,0.0,-0.001016,-0.0,0.132731
1995-12-29,33.6133,54.9914,0.0,0.001272,0.0,0.132731
1996-01-02,30.3694,54.9914,0.0,0.010673,0.0,0.132731
1996-01-03,32.5502,54.9914,0.0,0.002766,0.0,0.132731
1996-01-04,22.6035,54.9914,0.0,-0.009528,-0.0,0.132731
1996-01-05,26.7219,54.6481,0.0,-0.002025,-0.0,0.132731
1996-01-08,21.5265,54.6481,0.0,0.003805,0.0,0.132731
1996-01-09,13.9008,54.6481,0.0,-0.017185,-0.0,0.132731
1996-01-10,15.5991,54.5213,0.0,-0.013114,-0.0,0.132731
1996-01-11,17.1335,54.3099,0.0,0.005993,0.0,0.132731
1996-01-12,16.2269,54.1262,0.0,-0.001554,-0.0,0.132731
1996-01-15,15.7912,54.0178,0.0,-0.002076,-0.0,0.132731
1996-01-16,14.8732,53.893,0.0,0.012217,0.0,0.132731
1996-01-17,24.6913,53.893,0.0,-0.003081,-0.0,0.132731
1996-01-18,25.3363,53.893,0.0,0.003349,0.0,0.132731
1996-01-19,23.4149,53.893,0.0,0.006675,0.0,0.132731
1996-01-22,15.7839,53.7387,0.0,0.000254,0.0,0.132731
1996-01-23,16.8936,53.6612,0.0,0.002295,0.0,0.132731
1996-01-24,11.9198,53.024,0.0,0.00814,0.0,0.132731
1996-01-25,10.1716,52.3022,0.0,-0.003532,-0.0,0.132731
1996-01-26,11.6281,51.6601,0.0,0.00861,0.0,0.132731
1996-01-29,12.5448,50.6331,0.0,0.004017,0.0,0.132731
1996-01-30,15.6138,49.8972,0.0,0.008502,0.0,0.132731
1996-01-31,13.0143,49.3977,0.0,0.010414,0.0,0.132731
1996-02-01,8.9241,49.1315,0.0,0.003681,0.0,0.132731
1996-02-02,10.8549,48.491,0.0,-0.004156,-0.0,0.132731
1996-02-05,11.6288,47.2631,0.0,0.008102,0.0,0.132731
1996-02-06,9.9953,46.1226,0.0,0.009498,0.0,0.132731
1996-02-07,5.1901,44.6416,0.0,0.00579,0.0,0.132731
1996-02-08,0.1322,43.6233,0.0,0.010794,0.0,0.132731
1996-02-09,4.5572,43.4625,0.0,-0.000237,-0.0,0.132731
1996-02-12,4.0459,43.1057,0.0,0.007595,0.0,0.132731
1996-02-13,0.0027,41.7485,0.0,-0.00212,-0.0,0.132731
1996-02-14,-6.9824,40.6292,0.0,-0.008735,-0.0,0.132731
1996-02-15,-9.1147,40.0798,0.0,-0.006192,-0.0,0.132731
1996-02-16,-9.9557,39.4486,0.0,-0.004074,-0.0,0.132731
1996-02-20,-12.0807,38.944,0.0,-0.009866,-0.0,0.132731
1996-02-21,-17.8424,38.5359,0.0,0.012394,0.0,0.132731
1996-02-22,-17.6437,37.9587,0.0,0.015843,0.0,0.132731
1996-02-23,-19.3281,37.1605,0.0,-0.002836,-0.0,0.132731
1996-02-26,-15.8293,36.8936,0.0,-0.014218,-0.0,0.132731
1996-02-27,-12.6421,36.3388,0.0,-0.003126,-0.0,0.132731
1996-02-28,-6.47,34.7081,0.0,-0.004581,-0.0,0.132731
1996-02-29,-8.1099,33.4335,0.0,-0.00969,-0.0,0.132731
1996-03-01,-11.637,32.902,0.0,0.0159,0.0,0.132731
1996-03-04,-13.1396,32.022,0.0,0.005779,0.0,0.132731
1996-03-05,-10.6549,30.9316,0.0,0.009338,0.0,0.132731
1996-03-06,-14.4391,29.7913,0.0,-0.008777,-0.0,0.132731
1996-03-07,-17.9566,28.0872,0.0,0.005026,0.0,0.132731
1996-03-08,-18.9534,26.8416,0.0,-0.032381,-0.0,0.132731
1996-03-11,-15.7406,26.0291,0.0,0.011565,0.0,0.132731
1996-03-12,-15.562,25.0407,0.0,-0.007784,-0.0,0.132731
1996-03-13,-19.6594,24.7181,0.0,0.006864,0.0,0.132731
1996-03-14,-21.1383,24.0531,0.0,0.004383,0.0,0.132731
1996-03-15,-23.8101,23.0092,0.0,-0.000672,-0.0,0.132731
1996-03-18,-28.3459,22.065,0.0,0.019249,0.0,0.132731
1996-03-19,-31.3377,19.33,0.0,-0.002152,-0.0,0.132731
1996-03-20,-26.0074,17.0136,0.0,-0.001197,-0.0,0.132731
1996-03-21,-27.9138,16.5603,0.0,-0.002399,-0.0,0.132731
1996-03-22,-27.9184,16.0091,0.0,0.002644,0.0,0.132731
1996-03-25,-26.449,15.7876,0.0,-0.001918,-0.0,0.132731
1996-03-26,-25.1798,15.6989,0.0,0.004805,0.0,0.132731
1996-03-27,-24.7897,15.6065,0.0,-0.009086,-0.0,0.132731
1996-03-28,-28.103,15.2362,0.0,0.003861,0.0,0.132731
1996-03-29,-28.0621,14.387,0.0,-0.004808,-0.0,0.132731
1996-04-01,-28.0495,13.4576,0.0,0.011594,0.0,0.132731
1996-04-02,-31.1516,12.7796,0.0,0.00191,0.0,0.132731
1996-04-03,-30.7721,12.2323,0.0,0.0,0.0,0.132731
1996-04-04,-33.2964,11.7743,0.0,-0.000715,-0.0,0.132731
1996-04-08,-34.3646,11.6285,0.0,-0.017171,-0.0,0.132731
1996-04-09,-37.7261,11.2415,0.0,-0.003883,-0.0,0.132731
1996-04-10,-40.8041,10.5133,0.0,-0.017783,-0.0,0.132731
1996-04-11,-38.9779,10.0835,0.0,-0.00124,-0.0,0.132731
1996-04-12,-40.9548,9.4597,0.0,0.012664,0.0,0.132731
1996-04-15,-45.6008,7.0571,0.0,0.008337,0.0,0.132731
1996-04-16,-43.1407,4.8736,0.0,0.002918,0.0,0.132731
1996-04-17,-41.5735,4.3015,0.0,-0.002424,-0.0,0.132731
1996-04-18,-41.0209,2.0891,0.0,0.001459,0.0,0.132731
1996-04-19,-41.003,0.0674,0.0,0.002427,0.0,0.132731
1996-04-22,-41.4598,-3.2337,0.0,0.007748,0.0,0.132731
1996-04-23,-42.6624,-6.7262,0.0,0.003124,0.0,0.132731
1996-04-24,-39.6318,-7.5462,0.0,-0.003593,-0.0,0.132731
1996-04-25,-40.7329,-8.6123,0.0,0.004568,0.0,0.132731
1996-04-26,-40.8244,-9.5352,0.0,0.002153,0.0,0.132731
1996-04-29,-41.8966,-10.3053,0.0,0.0,0.0,0.132731
1996-04-30,-40.0955,-11.146,0.0,-0.000716,-0.0,0.132731
1996-05-01,-38.1865,-11.8589,0.0,0.00215,0.0,0.132731
1996-05-02,-35.8951,-12.3614,0.0,-0.017167,-0.0,0.132731
1996-05-03,-35.6935,-12.8908,0.0,-0.001455,-0.0,0.132731
1996-05-06,-32.7451,-13.7893,0.0,-0.000972,-0.0,0.132731
1996-05-07,-32.4338,-15.0005,0.0,-0.004134,-0.0,0.132731
1996-05-08,-36.2392,-15.6513,0.0,0.012455,0.0,0.132731
1996-05-09,-36.8041,-15.785,0.0,-0.000724,-0.0,0.132731
1996-05-10,-39.0906,-16.7365,0.0,0.009896,0.0,0.132731
1996-05-13,-40.6774,-17.743,0.0,0.015058,0.0,0.132731
1996-05-14,-43.2684,-17.8995,0.0,0.006122,0.0,0.132731
1996-05-15,-45.1207,-18.455,0.0,-0.001169,-0.0,0.132731
1996-05-16,-44.9703,-19.1407,0.0,0.002108,0.0,0.132731
1996-05-17,-43.7041,-19.4937,0.0,0.005378,0.0,0.132731
1996-05-20,-39.102,-20.3989,0.0,0.006744,0.0,0.132731
1996-05-21,-40.482,-22.4742,0.0,-0.001386,-0.0,0.132731
1996-05-22,-39.6002,-24.2999,0.0,0.009485,0.0,0.132731
1996-05-23,-39.1209,-24.9847,0.0,-0.004125,-0.0,0.132731
1996-05-24,-37.2276,-25.5936,0.0,0.003912,0.0,0.132731
1996-05-28,-37.3804,-26.2282,0.0,-0.010085,-0.0,0.132731
1996-05-29,-37.1519,-27.1814,0.0,-0.006715,-0.0,0.132731
1996-05-30,-39.9506,-27.9161,0.0,0.005128,0.0,0.132731
1996-05-31,-44.2685,-27.9839,0.0,-0.007421,-0.0,0.132731
1996-06-03,-44.7156,-28.0558,0.0,0.002804,0.0,0.132731
1996-06-04,-46.4628,-28.0826,0.0,0.00699,0.0,0.132731
1996-06-05,-49.2863,-28.2245,0.0,0.008792,0.0,0.132731
1996-06-06,-49.5681,-29.559,0.0,-0.00734,-0.0,0.132731
1996-06-07,-47.9704,-30.9618,0.0,0.0,0.0,0.132731
1996-06-10,-48.6211,-31.2447,0.0,-0.003235,-0.0,0.132731
1996-06-11,-47.6373,-31.8858,0.0,-0.000927,-0.0,0.132731
1996-06-12,-46.6536,-32.5894,0.0,-0.001856,-0.0,0.132731
1996-06-13,-45.1985,-33.0207,0.0,0.0,0.0,0.132731
1996-06-14,-40.6643,-33.8305,0.0,-0.004184,-0.0,0.132731
1996-06-17,-41.4389,-35.029,0.0,-0.000701,-0.0,0.132731
1996-06-18,-43.1701,-35.7943,0.0,-0.008176,-0.0,0.132731
1996-06-19,-44.6168,-36.0671,0.0,0.004475,0.0,0.132731
1996-06-20,-43.9768,-36.5216,0.0,-0.000703,-0.0,0.132731
1996-06-21,-43.4922,-36.978,0.0,0.008601,0.0,0.132731
1996-06-24,-43.8646,-37.1898,0.0,0.001871,0.0,0.132731
1996-06-25,-42.8438,-37.304,0.0,-0.001167,-0.0,0.132731
1996-06-26,-42.0849,-37.5533,0.0,-0.006777,-0.0,0.132731
1996-06-27,-44.8586,-37.9563,0.0,0.007058,0.0,0.132731
1996-06-28,-42.7669,-38.5822,0.0,0.003505,0.0,0.132731
1996-07-01,-42.6931,-39.0342,0.0,0.008614,0.0,0.132731
1996-07-02,-42.388,-39.0963,0.0,-0.003693,-0.0,0.132731
1996-07-03,-36.8182,-39.0963,1.0,-0.002086,-0.002086,0.130369
1996-07-05,-38.7226,-39.0963,1.0,-0.025539,-0.025539,0.1015
1996-07-08,-33.6423,-39.0963,1.0,-0.00405,-0.00405,0.097039
1996-07-09,-30.5297,-39.0963,1.0,0.004067,0.004067,0.101501
1996-07-10,-29.4594,-39.0342,1.0,0.004051,0.004051,0.105963
1996-07-11,-32.4636,-38.9066,1.0,-0.02017,-0.02017,0.083656
1996-07-12,-35.2221,-38.4545,1.0,0.000726,0.000726,0.084442
1996-07-15,-32.3738,-37.7834,1.0,-0.029526,-0.029526,0.052423
1996-07-16,-29.3117,-37.304,1.0,0.002494,0.002494,0.055048
1996-07-17,-34.8205,-37.1898,1.0,0.01194,0.01194,0.067645
1996-07-18,-33.1825,-36.9851,1.0,0.013765,0.013765,0.082341
1996-07-19,-32.8745,-36.8111,1.0,-0.007274,-0.007274,0.074468
1996-07-22,-30.3586,-36.5216,1.0,-0.007328,-0.007328,0.066595
1996-07-23,-30.4261,-36.0671,1.0,-0.012795,-0.012795,0.052947
1996-07-24,-25.269,-35.7943,1.0,0.001995,0.001995,0.055048
1996-07-25,-23.6175,-35.4578,1.0,0.008954,0.008954,0.064495
1996-07-26,-25.5575,-35.0213,1.0,0.005424,0.005424,0.070269
1996-07-29,-27.5063,-34.2314,1.0,-0.011035,-0.011035,0.058458
1996-07-30,-29.3467,-33.4124,1.0,0.009671,0.009671,0.068695
1996-07-31,-28.0239,-33.0285,1.0,0.007368,0.007368,0.076569
1996-08-01,-24.2712,-32.8098,1.0,0.016577,0.016577,0.094415
1996-08-02,-24.7112,-32.6043,1.0,0.021582,0.021582,0.118035
1996-08-05,-25.7365,-32.4487,1.0,-0.005868,-0.005868,0.111474
1996-08-06,-25.5795,-32.4187,1.0,0.00307,0.00307,0.114886
1996-08-07,-22.05,-31.4517,1.0,0.002589,0.002589,0.117773
1996-08-08,-20.5637,-30.4779,1.0,-0.001643,-0.001643,0.115936
1996-08-09,-25.8551,-30.3924,1.0,-0.003293,-0.003293,0.112262
1996-08-12,-23.7176,-29.909,1.0,0.007315,0.007315,0.120398
1996-08-13,-21.3181,-29.4031,1.0,-0.007965,-0.007965,0.111474
1996-08-14,-19.6,-29.3292,1.0,0.003542,0.003542,0.115411
1996-08-15,-18.9479,-28.6678,1.0,-0.001883,-0.001883,0.11331
1996-08-16,-18.8011,-27.7651,1.0,0.008487,0.008487,0.122759
1996-08-19,-18.6561,-26.6807,1.0,0.000467,0.000467,0.123283
1996-08-20,-17.0323,-25.7958,1.0,-0.000701,-0.000701,0.122496
1996-08-21,-17.1597,-25.658,1.0,-0.003508,-0.003508,0.118558
1996-08-22,-16.1302,-25.5685,1.0,0.009386,0.009386,0.129057
1996-08-23,-20.2324,-25.4132,1.0,-0.005346,-0.005346,0.123021
1996-08-26,-17.1117,-24.9901,1.0,-0.004908,-0.004908,0.117509
1996-08-27,-22.6934,-24.4912,1.0,0.003758,0.003758,0.121709
1996-08-28,-21.8948,-23.9944,1.0,-0.001638,-0.001638,0.119871
1996-08-29,-18.4366,-23.6675,1.0,-0.009842,-0.009842,0.10885
1996-08-30,-18.1673,-23.1555,1.0,-0.010415,-0.010415,0.097301
1996-09-03,-19.8389,-22.3717,1.0,0.006458,0.006458,0.104387
1996-09-04,-18.8979,-21.9724,1.0,0.000951,0.000951,0.105438
1996-09-05,-18.9476,-21.6064,1.0,-0.012109,-0.012109,0.092052
1996-09-06,-16.738,-20.9409,1.0,0.01418,0.01418,0.107537
1996-09-09,-20.3476,-20.4556,1.0,0.011848,0.011848,0.120659
1996-09-10,-19.9274,-20.29,1.0,-0.000468,-0.000468,0.120135
1996-09-11,-15.7133,-20.0799,1.0,0.005623,0.005623,0.126433
1996-09-12,-16.53,-19.8831,1.0,0.00699,0.00699,0.134307
1996-09-13,-15.2441,-19.7194,1.0,0.015271,0.015271,0.151629
1996-09-16,-13.3889,-19.2739,1.0,0.003646,0.003646,0.155828
1996-09-17,-15.8333,-18.9477,1.0,-0.00227,-0.00227,0.153204
1996-09-18,-20.2363,-18.9477,0.0,-0.002503,-0.0,0.153204
1996-09-19,-18.8801,-18.9227,1.0,0.003878,0.003878,0.157676
1996-09-20,-21.5883,-18.9227,0.0,0.003547,0.0,0.157676
1996-09-23,-21.9671,-18.9227,0.0,-0.000228,-0.0,0.157676
1996-09-24,-23.0589,-18.9227,0.0,-0.000227,-0.0,0.157676
1996-09-25,-23.3297,-18.9227,0.0,0.000683,0.0,0.157676
1996-09-26,-20.4771,-18.9227,0.0,-0.000455,-0.0,0.157676
1996-09-27,-21.0015,-18.9227,0.0,0.000911,0.0,0.157676
1996-09-30,-18.6796,-18.889,1.0,-0.00091,-0.00091,0.156623
1996-10-01,-16.0707,-18.8406,1.0,0.005465,0.005465,0.162944
1996-10-02,-18.3726,-18.7403,1.0,0.006793,0.006793,0.170844
1996-10-03,-17.563,-18.6678,1.0,-0.0009,-0.0009,0.16979
1996-10-04,-16.3243,-18.5464,1.0,0.013507,0.013507,0.18559
1996-10-07,-12.3425,-18.4046,1.0,0.001111,0.001111,0.186908
1996-10-08,-14.8641,-18.2699,1.0,-0.003994,-0.003994,0.182167
1996-10-09,-20.1958,-18.2699,0.0,-0.007797,-0.0,0.182167
1996-10-10,-18.4504,-18.2699,0.0,-0.002021,-0.0,0.182167
1996-10-11,-14.8503,-17.8652,1.0,0.012374,0.012374,0.196795
1996-10-14,-16.5489,-17.3614,1.0,0.001333,0.001333,0.19839
1996-10-15,-14.7457,-17.1357,1.0,-0.001331,-0.001331,0.196795
1996-10-16,-14.8092,-17.072,1.0,0.004889,0.004889,0.202647
1996-10-17,-16.6948,-16.8851,1.0,0.002654,0.002654,0.205838
1996-10-18,-20.1635,-16.8851,0.0,0.005294,0.0,0.205838
1996-10-21,-21.4819,-16.8851,0.0,-0.001317,-0.0,0.205838
1996-10-22,-26.5818,-16.8851,0.0,-0.00703,-0.0,0.205838
1996-10-23,-24.1533,-16.8851,0.0,0.003319,0.0,0.205838
1996-10-24,-19.31,-16.8851,0.0,-0.0086,-0.0,0.205838
1996-10-25,-18.6507,-16.8851,0.0,0.00089,0.0,0.205838
1996-10-28,-17.4152,-16.8851,0.0,-0.006666,-0.0,0.205838
1996-10-29,-17.8409,-16.8851,0.0,0.008053,0.0,0.205838
1996-10-30,-20.2391,-16.8851,0.0,-0.003329,-0.0,0.205838
1996-10-31,-19.0795,-16.8851,0.0,0.009575,0.0,0.205838
1996-11-01,-23.8248,-16.8851,0.0,-0.003529,-0.0,0.205838
1996-11-04,-22.5371,-16.8851,0.0,0.00664,0.0,0.205838
1996-11-05,-14.8704,-16.7164,1.0,0.005717,0.005717,0.212732
1996-11-06,-14.3649,-16.6219,1.0,0.019239,0.019239,0.236064
1996-11-07,-15.1326,-16.5395,1.0,0.00236,0.00236,0.238981
1996-11-08,-15.6467,-16.4271,1.0,0.005564,0.005564,0.245875
1996-11-11,-15.0047,-16.2273,1.0,-0.001064,-0.001064,0.244549
1996-11-12,-14.8827,-16.1004,1.0,-0.002982,-0.002982,0.240838
1996-11-13,-13.569,-15.952,1.0,0.004487,0.004487,0.246405
1996-11-14,-16.3166,-15.952,0.0,0.006594,0.0,0.246405
1996-11-15,-17.8756,-15.952,0.0,0.001268,0.0,0.246405
1996-11-18,-18.9911,-15.952,0.0,0.000211,0.0,0.246405
1996-11-19,-19.1287,-15.952,0.0,0.007174,0.0,0.246405
1996-11-20,-17.9502,-15.952,0.0,0.001676,0.0,0.246405
1996-11-21,-19.2637,-15.952,0.0,-0.001463,-0.0,0.246405
1996-11-22,-17.2637,-15.952,0.0,0.00775,0.0,0.246405
1996-11-25,-16.9166,-15.952,0.0,0.01268,0.0,0.246405
1996-11-26,-13.6827,-15.7733,1.0,-0.003284,-0.003284,0.242312
1996-11-27,-6.7715,-15.68,1.0,-0.001854,-0.001854,0.240009
1996-11-29,-5.0188,-15.4454,1.0,0.003714,0.003714,0.244614
1996-12-02,-6.8526,-15.1884,1.0,0.000411,0.000411,0.245126
1996-12-03,-3.7755,-15.0687,1.0,-0.017053,-0.017053,0.223893
1996-12-04,-6.068,-14.9437,1.0,0.002717,0.002717,0.227218
1996-12-05,-10.6028,-14.8765,1.0,-0.00271,-0.00271,0.223892
1996-12-06,-11.8279,-14.8672,1.0,-0.005853,-0.005853,0.216729
1996-12-09,-11.4135,-14.8572,1.0,0.014718,0.014718,0.234637
1996-12-10,-12.2224,-14.8297,1.0,-0.004765,-0.004765,0.228754
1996-12-11,-10.4757,-14.7775,1.0,-0.009162,-0.009162,0.217496
1996-12-12,-14.5013,-14.6235,1.0,-0.0166,-0.0166,0.197285
1996-12-13,-13.468,-14.6235,1.0,0.002564,0.002564,0.200355
1996-12-16,-7.957,-14.4331,1.0,-0.012788,-0.012788,0.185005
1996-12-17,-5.3838,-14.0238,1.0,0.007988,0.007988,0.194471
1996-12-18,-3.3028,-13.6259,1.0,0.007925,0.007925,0.203937
1996-12-19,-3.9826,-13.5185,1.0,0.020613,0.020613,0.228754
1996-12-20,-2.546,-12.9053,1.0,0.002194,0.002194,0.23145
1996-12-23,3.0474,-12.2825,1.0,-0.002506,-0.002506,0.228364
1996-12-24,1.5955,-12.0251,1.0,0.007325,0.007325,0.237362
1996-12-26,2.47,-11.6207,1.0,0.007687,0.007687,0.246873
1996-12-27,0.1432,-11.0081,1.0,0.001237,0.001237,0.248416
1996-12-30,0.4088,-10.5392,1.0,-0.008649,-0.008649,0.237618
1996-12-31,-1.311,-9.2164,1.0,-0.01828,-0.01828,0.214994
1997-01-02,-3.0332,-7.4048,1.0,0.002539,0.002539,0.218079
1997-01-03,-3.5182,-6.8121,1.0,0.014352,0.014352,0.235561
1997-01-06,-9.7524,-6.8121,0.0,-0.008739,-0.0,0.235561
1997-01-07,-7.6034,-6.8121,0.0,0.012174,0.0,0.235561
1997-01-08,-9.9281,-6.8121,0.0,-0.00871,-0.0,0.235561
1997-01-09,-4.5162,-6.4198,1.0,0.008369,0.008369,0.245901
1997-01-10,-3.2017,-5.7259,1.0,0.010788,0.010788,0.259342
1997-01-13,-3.7929,-5.2013,1.0,-0.001437,-0.001437,0.257533
1997-01-14,-5.6709,-5.2013,0.0,0.012538,0.0,0.257533
1997-01-15,-4.1761,-4.7675,1.0,-0.002436,-0.002436,0.254469
1997-01-16,-7.6789,-4.7675,0.0,0.00407,0.0,0.254469
1997-01-17,-7.9213,-4.7675,0.0,0.00608,0.0,0.254469
1997-01-20,-9.4362,-4.7675,0.0,0.001209,0.0,0.254469
1997-01-21,-13.7492,-4.7675,0.0,0.008048,0.0,0.254469
1997-01-22,-18.7532,-4.7675,0.0,0.007186,0.0,0.254469
1997-01-23,-17.5457,-4.7675,0.0,-0.013872,-0.0,0.254469
1997-01-24,-17.7688,-4.7675,0.0,-0.012862,-0.0,0.254469
1997-01-27,-16.1615,-4.7675,0.0,-0.00285,-0.0,0.254469
1997-01-28,-15.7983,-4.7675,0.0,0.002858,0.0,0.254469
1997-01-29,-18.8069,-4.7675,0.0,0.009772,0.0,0.254469
1997-01-30,-20.0203,-4.7675,0.0,0.012904,0.0,0.254469
1997-01-31,-20.6821,-4.7675,0.0,-0.001194,-0.0,0.254469
1997-02-03,-19.9582,-4.7675,0.0,0.002989,0.0,0.254469
1997-02-04,-18.0684,-4.7675,0.0,0.00616,0.0,0.254469
1997-02-05,-15.8757,-4.7675,0.0,-0.01876,-0.0,0.254469
1997-02-06,-13.2817,-4.7675,0.0,0.006641,0.0,0.254469
1997-02-07,-10.2013,-4.7675,0.0,0.013595,0.0,0.254469
1997-02-10,-13.3074,-4.7675,0.0,-0.009468,-0.0,0.254469
1997-02-11,-11.2184,-4.7675,0.0,0.01155,0.0,0.254469
1997-02-12,-9.859,-4.7675,0.0,0.014173,0.0,0.254469
1997-02-13,-10.2793,-4.7675,0.0,0.010869,0.0,0.254469
1997-02-14,-7.4608,-4.7675,0.0,-0.002304,-0.0,0.254469
1997-02-18,-7.5338,-4.7675,0.0,0.008468,0.0,0.254469
1997-02-19,-6.3976,-4.7675,0.0,-0.006679,-0.0,0.254469
1997-02-20,-2.9458,-4.3461,1.0,-0.012103,-0.012103,0.239286
1997-02-21,-1.8926,-4.0794,1.0,0.000389,0.000389,0.239768
1997-02-24,0.6491,-3.8878,1.0,0.011859,0.011859,0.254471
1997-02-25,3.25,-3.7842,1.0,0.000769,0.000769,0.255436
1997-02-26,2.2353,-3.6468,1.0,-0.00979,-0.00979,0.243145
1997-02-27,1.2378,-3.4105,1.0,-0.014928,-0.014928,0.224587
1997-02-28,1.1068,-3.2523,1.0,-0.002952,-0.002952,0.220972
1997-03-03,2.6737,-3.1175,1.0,0.006711,0.006711,0.229166
1997-03-04,6.9628,-2.9895,1.0,-0.00549,-0.00549,0.222418
1997-03-05,11.047,-2.7459,1.0,0.016956,0.016956,0.243145
1997-03-06,13.68,-2.2193,1.0,-0.005816,-0.005816,0.235915
1997-03-07,9.7699,-1.6018,1.0,0.008971,0.008971,0.247003
1997-03-10,12.6848,-0.5839,1.0,0.010436,0.010436,0.260016
1997-03-11,14.9988,0.276,1.0,-0.005355,-0.005355,0.253269
1997-03-12,10.7662,0.529,1.0,-0.008846,-0.008846,0.242183
1997-03-13,15.0008,0.878,1.0,-0.015522,-0.015522,0.222901
1997-03-14,19.1086,1.1723,1.0,0.005124,0.005124,0.229168
1997-03-17,17.9866,1.4166,1.0,0.002745,0.002745,0.232542
1997-03-18,19.7188,1.9154,1.0,-0.010754,-0.010754,0.219287
1997-03-19,20.1534,2.3527,1.0,-0.003361,-0.003361,0.215189
1997-03-20,22.3388,2.5719,1.0,-0.005157,-0.005157,0.208922
1997-03-21,23.8961,2.8605,1.0,0.00463,0.00463,0.214519
1997-03-24,21.6465,3.1487,1.0,0.013944,0.013944,0.231455
1997-03-25,22.4248,5.1064,1.0,-0.009823,-0.009823,0.219358
1997-03-26,24.2048,8.3664,1.0,0.004365,0.004365,0.224681
1997-03-27,23.555,10.268,1.0,-0.026472,-0.026472,0.192261
1997-03-31,22.5276,10.9066,1.0,-0.021103,-0.021103,0.167101
1997-04-01,19.6142,11.8659,1.0,0.006426,0.006426,0.1746
1997-04-02,22.215,13.1824,1.0,-0.017919,-0.017919,0.153553
1997-04-03,21.4846,14.3394,1.0,0.005452,0.005452,0.159842
1997-04-04,24.714,14.9998,1.0,0.012516,0.012516,0.174358
1997-04-07,26.0317,16.4937,1.0,0.003914,0.003914,0.178955
1997-04-08,29.4602,18.5476,1.0,0.007182,0.007182,0.187422
1997-04-09,34.1921,19.3614,1.0,-0.00815,-0.00815,0.177745
1997-04-10,35.9459,19.6665,1.0,-0.003698,-0.003698,0.173389
1997-04-11,37.5593,19.9361,1.0,-0.031752,-0.031752,0.136132
1997-04-14,43.8273,20.819,1.0,0.013415,0.013415,0.151373
1997-04-15,43.7234,21.5656,1.0,0.01702,0.01702,0.170969
1997-04-16,42.0903,21.9308,1.0,0.011571,0.011571,0.184519
1997-04-17,42.201,22.2769,1.0,-0.004085,-0.004085,0.17968
1997-04-18,42.753,22.3818,1.0,0.004923,0.004923,0.185488
1997-04-21,44.9044,22.4762,1.0,-0.006531,-0.006531,0.177745
1997-04-22,47.7658,23.0413,1.0,0.02198,0.02198,0.203632
1997-04-23,50.3003,23.7256,1.0,0.001005,0.001005,0.204842
1997-04-24,50.3459,24.0505,1.0,-0.00502,-0.00502,0.198793
1997-04-25,41.9721,24.4594,1.0,-0.011504,-0.011504,0.185002
1997-04-28,43.3142,25.3728,1.0,0.0098,0.0098,0.196615
1997-04-29,41.3357,27.7459,1.0,0.03154,0.03154,0.234357
1997-04-30,42.4453,31.8262,1.0,0.004704,0.004704,0.240163
1997-05-01,46.1749,35.069,1.0,-0.001171,-0.001171,0.238711
1997-05-02,44.8937,36.7526,1.0,0.017969,0.017969,0.260969
1997-05-05,44.7378,39.4475,1.0,0.023792,0.023792,0.29097
1997-05-06,38.9804,40.158,0.0,-0.000749,-0.0,0.29097
1997-05-07,29.015,40.158,0.0,-0.021755,-0.0,0.29097
1997-05-08,31.4954,40.158,0.0,0.006902,0.0,0.29097
1997-05-09,35.7387,40.158,0.0,0.006854,0.0,0.29097
1997-05-12,33.76,40.158,0.0,0.016642,0.0,0.29097
1997-05-13,33.0115,40.158,0.0,-0.004092,-0.0,0.29097
1997-05-14,38.3002,40.158,0.0,0.001868,0.0,0.29097
1997-05-15,36.6286,40.158,0.0,0.006711,0.0,0.29097
1997-05-16,39.1149,40.2253,0.0,-0.013704,-0.0,0.29097
1997-05-19,37.2383,40.2253,0.0,0.003004,0.0,0.29097
1997-05-20,41.3953,41.3655,1.0,0.01198,0.01198,0.306436
1997-05-21,36.2893,41.3655,0.0,-0.002219,-0.0,0.306436
1997-05-22,31.6843,41.3655,0.0,-0.003337,-0.0,0.306436
1997-05-23,33.3057,41.3655,0.0,0.009301,0.0,0.306436
1997-05-27,36.1542,41.3655,0.0,0.004054,0.0,0.306436
1997-05-28,35.2813,41.3655,0.0,-0.000184,-0.0,0.306436
1997-05-29,31.8926,41.3655,0.0,-0.005874,-0.0,0.306436
1997-05-30,31.6287,41.3655,0.0,0.006464,0.0,0.306436
1997-06-02,33.0218,41.3655,0.0,-0.004403,-0.0,0.306436
1997-06-03,37.5616,41.3655,0.0,-0.003318,-0.0,0.306436
1997-06-04,38.2759,41.3655,0.0,-0.001109,-0.0,0.306436
1997-06-05,40.0592,41.3655,0.0,0.003702,0.0,0.306436
1997-06-06,39.3487,41.3655,0.0,0.01955,0.0,0.306436
1997-06-09,39.8454,41.3655,0.0,0.005066,0.0,0.306436
1997-06-10,41.3974,41.3964,1.0,0.003059,0.003059,0.310432
1997-06-11,42.9895,41.6847,1.0,0.002332,0.002332,0.313488
1997-06-12,43.5562,42.0312,1.0,0.019335,0.019335,0.338885
1997-06-13,42.9993,42.1456,1.0,0.008429,0.008429,0.35017
1997-06-16,35.5151,42.1456,0.0,0.000349,0.0,0.35017
1997-06-17,26.6957,42.1456,0.0,-0.001393,-0.0,0.35017
1997-06-18,23.9832,42.1456,0.0,-0.003486,-0.0,0.35017
1997-06-19,24.2574,42.1456,0.0,0.010322,0.0,0.35017
1997-06-20,22.7901,42.1456,0.0,-0.003408,-0.0,0.35017
1997-06-23,22.3057,42.1456,0.0,-0.024245,-0.0,0.35017
1997-06-24,19.3765,42.1456,0.0,0.025384,0.0,0.35017
1997-06-25,24.6978,42.1456,0.0,-0.006974,-0.0,0.35017
1997-06-26,25.4859,42.1456,0.0,-0.004915,-0.0,0.35017
1997-06-27,28.4339,42.1456,0.0,0.003881,0.0,0.35017
1997-06-30,27.3215,42.1456,0.0,-0.006678,-0.0,0.35017
1997-07-01,32.1663,42.1456,0.0,0.011677,0.0,0.35017
1997-07-02,33.7709,42.1456,0.0,0.016439,0.0,0.35017
1997-07-03,40.8873,42.1456,0.0,0.013765,0.0,0.35017
1997-07-07,44.1797,42.3231,1.0,-0.010184,-0.010184,0.33642
1997-07-08,42.9562,42.5992,1.0,0.01046,0.01046,0.350399
1997-07-09,38.8303,42.5992,0.0,-0.01103,-0.0,0.350399
1997-07-10,30.0906,42.5992,0.0,0.004462,0.0,0.350399
1997-07-11,33.3672,42.5992,0.0,0.003416,0.0,0.350399
1997-07-14,28.8455,42.3231,0.0,0.003065,0.0,0.350399
1997-07-15,21.5721,42.1456,0.0,0.005092,0.0,0.350399
1997-07-16,19.2382,42.0865,0.0,0.013171,0.0,0.350399
1997-07-17,23.3469,41.6847,0.0,-0.005,-0.0,0.350399
1997-07-18,22.428,41.3964,0.0,-0.021273,-0.0,0.350399
1997-07-21,22.8162,41.3655,0.0,0.000171,0.0,0.350399
1997-07-22,25.0499,41.1115,0.0,0.026523,0.0,0.350399
1997-07-23,28.4577,40.4732,0.0,-0.000834,-0.0,0.350399
1997-07-24,27.5444,39.9523,0.0,0.004672,0.0,0.350399
1997-07-25,26.2977,39.5971,0.0,-0.000664,-0.0,0.350399
1997-07-28,28.6928,39.2318,0.0,-0.000665,-0.0,0.350399
1997-07-29,29.9413,39.0476,0.0,0.003325,0.0,0.350399
1997-07-30,34.545,38.9053,0.0,0.011932,0.0,0.350399
1997-07-31,35.5488,38.5652,0.0,-0.000982,-0.0,0.350399
1997-08-01,39.6091,38.5652,1.0,-0.003935,-0.003935,0.345085
1997-08-04,40.3643,38.5652,1.0,0.002634,0.002634,0.348628
1997-08-05,35.2098,38.2881,0.0,0.000657,0.0,0.348628
1997-08-06,35.7718,38.2881,0.0,0.008202,0.0,0.348628
1997-08-07,35.8874,38.2881,0.0,-0.007485,-0.0,0.348628
1997-08-08,33.1273,38.2881,0.0,-0.020328,-0.0,0.348628
1997-08-11,29.1127,38.2881,0.0,0.007362,0.0,0.348628
1997-08-12,23.3447,38.2881,0.0,-0.015946,-0.0,0.348628
1997-08-13,24.277,37.9188,0.0,-0.003039,-0.0,0.348628
1997-08-14,28.463,37.9188,0.0,0.003726,0.0,0.348628
1997-08-15,23.448,37.4,0.0,-0.030702,-0.0,0.348628
1997-08-18,23.8205,36.9255,0.0,0.022276,0.0,0.348628
1997-08-19,29.2359,36.2218,0.0,0.011577,0.0,0.348628
1997-08-20,27.9316,36.0208,0.0,0.015146,0.0,0.348628
1997-08-21,26.458,36.0208,0.0,-0.017572,-0.0,0.348628
1997-08-22,26.8734,36.0208,0.0,-0.000338,-0.0,0.348628
1997-08-25,24.1554,35.8296,0.0,-0.003714,-0.0,0.348628
1997-08-26,25.3769,35.8296,0.0,-0.014741,-0.0,0.348628
1997-08-27,21.449,35.8296,0.0,0.006019,0.0,0.348628
1997-08-28,15.1765,35.8296,0.0,-0.015214,-0.0,0.348628
1997-08-29,17.1895,35.8296,0.0,0.003992,0.0,0.348628
1997-09-02,8.7495,35.6603,0.0,0.032503,0.0,0.348628
1997-09-03,5.7607,35.5319,0.0,-0.005359,-0.0,0.348628
1997-09-04,5.9704,35.3624,0.0,0.006397,0.0,0.348628
1997-09-05,5.9191,34.8774,0.0,-0.002843,-0.0,0.348628
1997-09-08,6.7073,34.1579,0.0,0.004362,0.0,0.348628
1997-09-09,-0.2561,33.5691,0.0,0.000501,0.0,0.348628
1997-09-10,0.6899,33.2473,0.0,-0.020702,-0.0,0.348628
1997-09-11,-4.9732,32.6468,0.0,-0.005114,-0.0,0.348628
1997-09-12,-5.2923,31.1285,0.0,0.016107,0.0,0.348628
1997-09-15,-0.695,30.016,0.0,-0.001686,-0.0,0.348628
1997-09-16,5.1042,30.016,0.0,0.025,0.0,0.348628
1997-09-17,4.2692,30.016,0.0,0.0,0.0,0.348628
1997-09-18,1.4822,30.016,0.0,0.004285,0.0,0.348628
1997-09-19,3.0266,30.016,0.0,0.001692,0.0,0.348628
1997-09-22,6.5926,30.016,0.0,0.00559,0.0,0.348628
1997-09-23,7.1529,30.016,0.0,-0.004577,-0.0,0.348628
1997-09-24,8.2082,30.016,0.0,-0.008213,-0.0,0.348628
1997-09-25,5.8831,30.016,0.0,-0.006955,-0.0,0.348628
1997-09-26,6.3797,30.016,0.0,0.008339,0.0,0.348628
1997-09-29,6.5869,30.016,0.0,0.009593,0.0,0.348628
1997-09-30,5.1608,29.5886,0.0,-0.010485,-0.0,0.348628
1997-10-01,6.1565,29.1743,0.0,0.013245,0.0,0.348628
1997-10-02,2.2215,28.9791,0.0,0.005556,0.0,0.348628
1997-10-03,2.4034,28.7692,0.0,0.005037,0.0,0.348628
1997-10-06,2.9689,28.5779,0.0,0.006628,0.0,0.348628
1997-10-07,5.9015,28.4604,0.0,0.009316,0.0,0.348628
1997-10-08,6.536,28.1947,0.0,-0.007002,-0.0,0.348628
1997-10-09,7.6058,27.738,0.0,-0.003526,-0.0,0.348628
1997-10-10,8.995,27.2089,0.0,-0.002895,-0.0,0.348628
1997-10-13,11.3572,27.2089,0.0,0.000968,0.0,0.348628
1997-10-14,12.4126,27.2089,0.0,0.000322,0.0,0.348628
1997-10-15,10.836,27.2089,0.0,-0.002255,-0.0,0.348628
1997-10-16,10.7865,27.2089,0.0,-0.015822,-0.0,0.348628
1997-10-17,8.5199,27.2089,0.0,-0.010171,-0.0,0.348628
1997-10-20,9.3792,27.2089,0.0,0.014253,0.0,0.348628
1997-10-21,11.0809,26.6657,0.0,0.019444,0.0,0.348628
1997-10-22,9.3248,26.3778,0.0,-0.006571,-0.0,0.348628
1997-10-23,7.6593,25.9174,0.0,-0.019683,-0.0,0.348628
1997-10-24,8.0399,24.8269,0.0,-0.009876,-0.0,0.348628
1997-10-27,5.6875,24.2162,0.0,-0.072473,-0.0,0.348628
1997-10-28,7.5503,23.988,0.0,0.057705,0.0,0.348628
1997-10-29,5.5547,23.6343,0.0,-0.002711,-0.0,0.348628
1997-10-30,7.0615,23.3964,0.0,-0.022087,-0.0,0.348628
1997-10-31,11.3554,22.3968,0.0,0.023628,0.0,0.348628
1997-11-03,15.6541,19.3192,0.0,0.021045,0.0,0.348628
1997-11-04,16.3336,16.7616,0.0,0.0,0.0,0.348628
1997-11-05,15.5254,15.9939,0.0,0.003324,0.0,0.348628
1997-11-06,14.3681,15.5898,0.0,-0.00381,-0.0,0.348628
1997-11-07,14.3342,15.351,0.0,-0.01081,-0.0,0.348628
1997-11-10,18.7938,15.351,1.0,-0.006052,-0.006052,0.340466
1997-11-11,15.0167,15.0966,0.0,0.000338,0.0,0.340466
1997-11-12,15.8572,15.0966,1.0,-0.020629,-0.020629,0.312814
1997-11-13,16.8801,15.0966,1.0,0.014503,0.014503,0.331853
1997-11-14,18.3933,15.0966,1.0,0.013615,0.013615,0.349987
1997-11-17,18.4515,15.0966,1.0,0.018468,0.018468,0.374918
1997-11-18,20.5104,15.0966,1.0,-0.006264,-0.006264,0.366306
1997-11-19,24.1863,15.0966,1.0,0.004976,0.004976,0.373104
1997-11-20,22.1677,15.0966,1.0,0.015187,0.015187,0.393958
1997-11-21,21.5118,15.0966,1.0,0.006829,0.006829,0.403477
1997-11-24,21.0016,15.0966,1.0,-0.018088,-0.018088,0.378091
1997-11-25,24.002,15.0966,1.0,0.002632,0.002632,0.381718
1997-11-26,20.8698,15.2711,1.0,0.002952,0.002952,0.385797
1997-11-28,17.5702,15.2711,1.0,0.000982,0.000982,0.387158
1997-12-01,15.3033,15.4144,0.0,0.025817,0.0,0.387158
1997-12-02,15.5035,15.5145,0.0,-0.006053,-0.0,0.387158
1997-12-03,17.3581,15.5898,1.0,0.002885,0.002885,0.39116
1997-12-04,20.0094,15.7557,1.0,-0.000959,-0.000959,0.389826
1997-12-05,18.2493,16.0954,1.0,0.012796,0.012796,0.40761
1997-12-08,17.4923,16.6069,1.0,-0.002843,-0.002843,0.403608
1997-12-09,15.7935,16.6069,0.0,-0.006018,-0.0,0.403608
1997-12-10,16.8172,16.8486,0.0,-0.008605,-0.0,0.403608
1997-12-11,13.5779,16.8486,0.0,-0.017036,-0.0,0.403608
1997-12-12,15.3977,16.8486,0.0,0.001963,0.0,0.403608
1997-12-15,18.2207,17.1191,1.0,0.010118,0.010118,0.41781
1997-12-16,21.0996,17.4252,1.0,0.006139,0.006139,0.426514
1997-12-17,17.1705,17.4252,0.0,-0.005138,-0.0,0.426514
1997-12-18,21.013,17.5313,1.0,-0.009683,-0.009683,0.412701
1997-12-19,25.6914,17.8955,1.0,-0.007475,-0.007475,0.402141
1997-12-22,23.1503,18.235,1.0,0.006429,0.006429,0.411155
1997-12-23,14.6143,18.235,0.0,-0.017854,-0.0,0.411155
1997-12-24,14.6774,18.235,0.0,-0.003002,-0.0,0.411155
1997-12-26,11.5117,18.235,0.0,0.004014,0.0,0.411155
1997-12-29,14.5645,18.235,0.0,0.019661,0.0,0.411155
1997-12-30,13.2682,18.235,0.0,0.015686,0.0,0.411155
1997-12-31,7.4129,18.235,0.0,-0.000643,-0.0,0.411155
1998-01-02,3.4512,18.235,0.0,0.005151,0.0,0.411155
1998-01-05,1.4543,18.235,0.0,0.002242,0.0,0.411155
1998-01-06,-1.8406,18.235,0.0,-0.015979,-0.0,0.411155
1998-01-07,0.9993,18.235,0.0,0.002598,0.0,0.411155
1998-01-08,6.762,18.235,0.0,-0.008746,-0.0,0.411155
1998-01-09,6.1357,18.235,0.0,-0.034641,-0.0,0.411155
1998-01-12,10.3943,18.235,0.0,0.01828,0.0,0.411155
1998-01-13,14.718,18.235,0.0,0.013963,0.0,0.411155
1998-01-14,13.5162,18.235,0.0,0.004591,0.0,0.411155
1998-01-15,9.4075,18.235,0.0,-0.008323,-0.0,0.411155
1998-01-16,8.7598,18.235,0.0,0.014317,0.0,0.411155
1998-01-20,6.9063,18.235,0.0,0.016223,0.0,0.411155
1998-01-21,5.9467,18.235,0.0,-0.009579,-0.0,0.411155
1998-01-22,3.6983,18.235,0.0,-0.008865,-0.0,0.411155
1998-01-23,1.7945,18.235,0.0,-0.001464,-0.0,0.411155
1998-01-26,1.2348,18.235,0.0,-0.000652,-0.0,0.411155
1998-01-27,-4.2095,18.235,0.0,0.010104,0.0,0.411155
1998-01-28,-7.8127,18.235,0.0,0.009035,0.0,0.411155
1998-01-29,-4.5714,18.235,0.0,0.005437,0.0,0.411155
1998-01-30,-6.5483,18.235,0.0,0.000636,0.0,0.411155
1998-02-02,-13.1819,18.235,0.0,0.016529,0.0,0.411155
1998-02-03,-13.7076,18.235,0.0,0.007504,0.0,0.411155
1998-02-04,-8.0716,18.235,0.0,-0.001241,-0.0,0.411155
1998-02-05,-8.9908,18.235,0.0,-0.000622,-0.0,0.411155
1998-02-06,-10.0475,18.235,0.0,0.011194,0.0,0.411155
1998-02-09,-13.3335,18.235,0.0,-0.003382,-0.0,0.411155
1998-02-10,-10.6157,18.235,0.0,0.009564,0.0,0.411155
1998-02-11,-11.5333,17.8955,0.0,-0.000917,-0.0,0.411155
1998-02-12,-13.1179,17.8955,0.0,0.004283,0.0,0.411155
1998-02-13,-18.5715,17.8955,0.0,-0.005787,-0.0,0.411155
1998-02-17,-15.8572,17.8955,0.0,0.004902,0.0,0.411155
1998-02-18,-14.2819,17.5313,0.0,0.009146,0.0,0.411155
1998-02-19,-14.6634,17.4252,0.0,-0.005288,-0.0,0.411155
1998-02-20,-16.6136,17.2643,0.0,0.007441,0.0,0.411155
1998-02-23,-16.7662,16.9939,0.0,0.00392,0.0,0.411155
1998-02-24,-14.7239,16.3054,0.0,-0.007808,-0.0,0.411155
1998-02-25,-18.645,15.6485,0.0,0.012409,0.0,0.411155
1998-02-26,-20.6233,15.4506,0.0,0.005681,0.0,0.411155
1998-02-27,-18.5762,15.3505,0.0,0.0,0.0,0.411155
1998-03-02,-17.6389,15.0106,0.0,-0.002081,-0.0,0.411155
1998-03-03,-18.4773,14.6977,0.0,0.00566,0.0,0.411155
1998-03-04,-12.6275,14.6459,0.0,-0.006517,-0.0,0.411155
1998-03-05,-16.7784,14.5894,0.0,-0.009242,-0.0,0.411155
1998-03-06,-16.5965,14.0712,0.0,0.020162,0.0,0.411155
1998-03-09,-17.0043,13.547,0.0,-0.00354,-0.0,0.411155
1998-03-10,-17.1908,13.3922,0.0,0.009473,0.0,0.411155
1998-03-11,-11.6823,12.39,0.0,0.004691,0.0,0.411155
1998-03-12,-13.9318,10.953,0.0,0.004087,0.0,0.411155
1998-03-13,-12.6215,9.9009,0.0,-0.003778,-0.0,0.411155
1998-03-16,-17.9983,9.0836,0.0,0.010796,0.0,0.411155
1998-03-17,-23.7117,8.0864,0.0,0.002887,0.0,0.411155
1998-03-18,-24.8757,7.1596,0.0,0.003743,0.0,0.411155
1998-03-19,-23.8189,6.8341,0.0,0.002581,0.0,0.411155
1998-03-20,-23.6,6.4488,0.0,0.00861,0.0,0.411155
1998-03-23,-23.2751,6.0412,0.0,-0.002275,-0.0,0.411155
1998-03-24,-20.063,4.8225,0.0,0.008552,0.0,0.411155
1998-03-25,-19.4694,3.5748,0.0,-0.003674,-0.0,0.411155
1998-03-26,-22.1022,2.6229,0.0,-0.000567,-0.0,0.411155
1998-03-27,-21.5706,1.6244,0.0,-0.004258,-0.0,0.411155
1998-03-30,-20.7011,1.3446,0.0,-0.00057,-0.0,0.411155
1998-03-31,-22.3124,1.117,0.0,0.003423,0.0,0.411155
1998-04-01,-22.4972,-0.4207,0.0,0.008101,0.0,0.411155
1998-04-02,-21.8033,-3.0251,0.0,0.010856,0.0,0.411155
1998-04-03,-18.6789,-4.3904,0.0,0.005021,0.0,0.411155
1998-04-06,-18.9217,-5.5598,0.0,-0.008049,-0.0,0.411155
1998-04-07,-21.2117,-7.1805,0.0,-0.006715,-0.0,0.411155
1998-04-08,-26.4768,-7.9422,0.0,-0.005634,-0.0,0.411155
1998-04-09,-24.9029,-8.5312,0.0,0.007932,0.0,0.411155
1998-04-13,-27.7391,-9.5191,0.0,-0.002811,-0.0,0.411155
1998-04-14,-30.0969,-10.3316,0.0,0.008455,0.0,0.411155
1998-04-15,-28.6421,-11.0745,0.0,0.002796,0.0,0.411155
1998-04-16,-30.1205,-11.6078,0.0,-0.011705,-0.0,0.411155
1998-04-17,-29.0262,-12.1519,0.0,0.013254,0.0,0.411155
1998-04-20,-30.0724,-12.6245,0.0,-0.000279,-0.0,0.411155
1998-04-21,-26.8011,-12.8727,0.0,0.004733,0.0,0.411155
1998-04-22,-26.1659,-13.1499,0.0,0.002771,0.0,0.411155
1998-04-23,-28.0425,-13.2577,0.0,-0.009671,-0.0,0.411155
1998-04-24,-27.9304,-13.5205,0.0,-0.010602,-0.0,0.411155
1998-04-27,-27.4377,-13.8197,0.0,-0.018895,-0.0,0.411155
1998-04-28,-26.5214,-14.1069,0.0,-0.001437,-0.0,0.411155
1998-04-29,-21.8368,-14.4727,0.0,0.006909,0.0,0.411155
1998-04-30,-23.3998,-14.6937,0.0,0.018583,0.0,0.411155
1998-05-01,-24.0454,-15.2905,0.0,0.011226,0.0,0.411155
1998-05-04,-25.7581,-16.2268,0.0,-0.002498,-0.0,0.411155
1998-05-05,-25.0416,-16.605,0.0,-0.006956,-0.0,0.411155
1998-05-06,-26.8079,-16.6899,0.0,-0.011768,-0.0,0.411155
1998-05-07,-28.0676,-16.7723,0.0,-0.007939,-0.0,0.411155
1998-05-08,-28.0878,-16.8914,0.0,0.016291,0.0,0.411155
1998-05-11,-28.8835,-17.0976,0.0,-0.003375,-0.0,0.411155
1998-05-12,-25.4738,-17.4148,0.0,0.010723,0.0,0.411155
1998-05-13,-26.7182,-17.8186,0.0,0.002512,0.0,0.411155
1998-05-14,-27.6492,-18.2378,0.0,-0.005012,-0.0,0.411155
1998-05-15,-27.807,-18.2378,0.0,-0.005598,-0.0,0.411155
1998-05-18,-29.6749,-18.5267,0.0,-0.00394,-0.0,0.411155
1998-05-19,-28.326,-18.6106,0.0,0.006782,0.0,0.411155
1998-05-20,-28.0442,-18.6619,0.0,0.009542,0.0,0.411155
1998-05-21,-29.7736,-18.8003,0.0,-0.006394,-0.0,0.411155
1998-05-22,-28.7807,-19.1956,0.0,-0.003917,-0.0,0.411155
1998-05-26,-29.4636,-19.7662,0.0,-0.016011,-0.0,0.411155
1998-05-27,-27.6579,-20.3432,0.0,0.001427,0.0,0.411155
1998-05-28,-26.8746,-20.3821,0.0,0.004561,0.0,0.411155
1998-05-29,-29.3712,-20.9564,0.0,-0.009932,-0.0,0.411155
1998-06-01,-31.384,-21.3911,0.0,0.004586,0.0,0.411155
1998-06-02,-31.398,-21.687,0.0,0.000856,0.0,0.411155
1998-06-03,-29.7349,-21.8201,0.0,-0.015963,-0.0,0.411155
1998-06-04,-33.7192,-21.9695,0.0,0.01854,0.0,0.411155
1998-06-05,-33.5898,-22.2073,0.0,0.019341,0.0,0.411155
1998-06-08,-36.5134,-22.4048,0.0,-0.001117,-0.0,0.411155
1998-06-09,-34.0013,-22.8862,0.0,0.003073,0.0,0.411155
1998-06-10,-33.8907,-23.3374,0.0,-0.006405,-0.0,0.411155
1998-06-11,-33.3072,-23.4999,0.0,-0.018778,-0.0,0.411155
1998-06-12,-34.1315,-23.6558,0.0,0.009426,0.0,0.411155
1998-06-15,-32.3961,-23.7653,0.0,-0.026316,-0.0,0.411155
1998-06-16,-33.0534,-23.9322,0.0,0.015403,0.0,0.411155
1998-06-17,-34.1437,-23.9322,0.0,0.020893,0.0,0.411155
1998-06-18,-33.5567,-24.4742,0.0,-0.004486,-0.0,0.411155
1998-06-19,-35.2863,-24.9722,0.0,-0.00501,-0.0,0.411155
1998-06-22,-35.4528,-25.2577,0.0,0.004827,0.0,0.411155
1998-06-23,-37.2553,-25.6159,0.0,0.011868,0.0,0.411155
1998-06-24,-36.4254,-25.962,0.0,0.013404,0.0,0.411155
1998-06-25,-34.3511,-26.3214,0.0,-0.001653,-0.0,0.411155
1998-06-26,-34.1221,-26.4991,0.0,0.00414,0.0,0.411155
1998-06-29,-33.5841,-26.6198,0.0,0.003573,0.0,0.411155
1998-06-30,-33.3695,-26.7596,0.0,-0.006848,-0.0,0.411155
1998-07-01,-31.2305,-26.8045,0.0,0.011583,0.0,0.411155
1998-07-02,-29.8308,-26.8413,0.0,0.001908,0.0,0.411155
1998-07-06,-31.4172,-27.1562,0.0,0.010069,0.0,0.411155
1998-07-07,-31.3877,-27.5434,0.0,-0.001886,-0.0,0.411155
1998-07-08,-32.3811,-27.6535,0.0,0.007287,0.0,0.411155
1998-07-09,-32.4867,-27.6985,0.0,-0.006699,-0.0,0.411155
1998-07-10,-35.1076,-27.773,0.0,0.005395,0.0,0.411155
1998-07-13,-35.1173,-27.8687,0.0,0.000268,0.0,0.411155
1998-07-14,-34.5878,-27.8687,0.0,0.011267,0.0,0.411155
1998-07-15,-32.15,-27.8687,0.0,-0.001857,-0.0,0.411155
1998-07-16,-30.5709,-27.8687,0.0,0.006909,0.0,0.411155
1998-07-17,-31.1048,-27.8687,0.0,0.001319,0.0,0.411155
1998-07-20,-26.995,-27.7324,1.0,0.0,0.0,0.411155
1998-07-21,-24.8355,-27.7324,1.0,-0.017396,-0.017396,0.386607
1998-07-22,-21.7032,-27.7324,1.0,0.0,0.0,0.386607
1998-07-23,-22.4088,-27.6535,1.0,-0.01985,-0.01985,0.359083
1998-07-24,-20.1042,-27.5434,1.0,-0.000821,-0.000821,0.357967
1998-07-27,-18.9019,-27.3221,1.0,0.007121,0.007121,0.367637
1998-07-28,-14.7594,-27.3221,1.0,-0.016862,-0.016862,0.344576
1998-07-29,-12.8389,-27.3221,1.0,-0.003872,-0.003872,0.33937
1998-07-30,-17.1379,-27.3221,1.0,0.014996,0.014996,0.359455
1998-07-31,-17.6408,-27.3221,1.0,-0.02134,-0.02134,0.330444
1998-08-03,-13.839,-27.3221,1.0,-0.004194,-0.004194,0.324864
1998-08-04,-13.5923,-27.3221,1.0,-0.038742,-0.038742,0.273536
1998-08-05,-16.9397,-27.3221,1.0,0.013727,0.013727,0.291018
1998-08-06,-18.4186,-26.9348,1.0,0.004321,0.004321,0.296597
1998-08-07,-18.2601,-26.7964,1.0,0.001721,0.001721,0.298828
1998-08-10,-16.585,-26.096,1.0,-0.005728,-0.005728,0.291388
1998-08-11,-16.1012,-25.7769,1.0,-0.014977,-0.014977,0.272047
1998-08-12,-14.0657,-23.6222,1.0,0.016959,0.016959,0.29362
1998-08-13,-14.1897,-22.056,1.0,-0.012076,-0.012076,0.277998
1998-08-14,-14.7438,-20.9037,1.0,-0.011641,-0.011641,0.263121
1998-08-17,-15.662,-19.5031,1.0,0.021201,0.021201,0.2899
1998-08-18,-16.8811,-18.6603,1.0,0.018454,0.018454,0.313704
1998-08-19,-22.512,-18.6603,0.0,-0.002548,-0.0,0.313704
1998-08-20,-22.7134,-18.6603,0.0,-0.005961,-0.0,0.313704
1998-08-21,-22.5775,-18.6603,0.0,-0.007995,-0.0,0.313704
1998-08-24,-25.0143,-18.6603,0.0,0.006333,0.0,0.313704
1998-08-25,-24.0989,-18.6603,0.0,0.002289,0.0,0.313704
1998-08-26,-21.6418,-18.6603,0.0,-0.005709,-0.0,0.313704
1998-08-27,-23.6443,-18.6603,0.0,-0.047072,-0.0,0.313704
1998-08-28,-25.0892,-18.6603,0.0,-0.003614,-0.0,0.313704
1998-08-31,-24.874,-18.6603,0.0,-0.071342,-0.0,0.313704
1998-09-01,-27.7426,-18.6603,0.0,0.042317,0.0,0.313704
1998-09-02,-22.3903,-18.6603,0.0,-0.007182,-0.0,0.313704
1998-09-03,-23.4913,-18.6603,0.0,-0.007864,-0.0,0.313704
1998-09-04,-22.0955,-18.6603,0.0,-0.008244,-0.0,0.313704
1998-09-08,-21.5512,-18.6603,0.0,0.053709,0.0,0.313704
1998-09-09,-27.79,-18.6603,0.0,-0.024272,-0.0,0.313704
1998-09-10,-25.4935,-18.6603,0.0,-0.0199,-0.0,0.313704
1998-09-11,-25.6386,-18.6603,0.0,0.03236,0.0,0.313704
1998-09-14,-20.876,-18.6603,0.0,0.01721,0.0,0.313704
1998-09-15,-14.4909,-18.3394,1.0,0.006043,0.006043,0.321643
1998-09-16,-20.1752,-18.3394,0.0,0.009008,0.0,0.321643
1998-09-17,-18.7022,-18.3394,0.0,-0.028571,-0.0,0.321643
1998-09-18,-19.202,-18.3394,0.0,0.004455,0.0,0.321643
1998-09-21,-16.5516,-17.9505,1.0,-0.000613,-0.000613,0.320833
1998-09-22,-20.1566,-17.9505,0.0,0.00827,0.0,0.320833
1998-09-23,-19.7277,-17.9505,0.0,0.040097,0.0,0.320833
1998-09-24,-19.5485,-17.9505,0.0,-0.024533,-0.0,0.320833
1998-09-25,-20.2937,-17.9505,0.0,-0.001198,-0.0,0.320833
1998-09-28,-21.0481,-17.9505,0.0,0.008993,0.0,0.320833
1998-09-29,-20.4003,-17.9505,0.0,-0.002376,-0.0,0.320833
1998-09-30,-18.621,-17.9505,0.0,-0.030376,-0.0,0.320833
1998-10-01,-21.7346,-17.9505,0.0,-0.02887,-0.0,0.320833
1998-10-02,-25.5902,-17.9505,0.0,0.019291,0.0,0.320833
1998-10-05,-23.3378,-17.9505,0.0,-0.020166,-0.0,0.320833
1998-10-06,-21.672,-17.9505,0.0,-0.00095,-0.0,0.320833
1998-10-07,-19.4004,-17.9505,0.0,-0.014897,-0.0,0.320833
1998-10-08,-20.7908,-17.9505,0.0,-0.005469,-0.0,0.320833
1998-10-09,-18.4105,-17.9505,0.0,0.020058,0.0,0.320833
1998-10-12,-19.2307,-17.9505,0.0,0.014589,0.0,0.320833
1998-10-13,-17.5564,-17.5986,1.0,-0.003439,-0.003439,0.31629
1998-10-14,-16.5304,-17.3472,1.0,0.00941,0.00941,0.328677
1998-10-15,-19.7969,-17.3472,0.0,0.05376,0.0,0.328677
1998-10-16,-19.9899,-17.3472,0.0,0.000295,0.0,0.328677
1998-10-19,-20.1286,-17.3472,0.0,0.003538,0.0,0.328677
1998-10-20,-23.7816,-17.3472,0.0,0.005875,0.0,0.328677
1998-10-21,-22.7414,-17.3472,0.0,-0.003505,-0.0,0.328677
1998-10-22,-23.3437,-17.3472,0.0,0.014947,0.0,0.328677
1998-10-23,-22.1597,-17.3472,0.0,-0.012706,-0.0,0.328677
1998-10-26,-21.0289,-17.5986,0.0,0.007312,0.0,0.328677
1998-10-27,-25.3571,-17.9505,0.0,-0.005807,-0.0,0.328677
1998-10-28,-23.3397,-18.3353,0.0,-0.001752,-0.0,0.328677
1998-10-29,-22.8535,-18.4146,0.0,0.024283,0.0,0.328677
1998-10-30,-23.189,-18.5198,0.0,0.005428,0.0,0.328677
1998-11-02,-24.9621,-18.6616,0.0,0.017045,0.0,0.328677
1998-11-03,-25.0804,-18.9521,0.0,-0.007262,-0.0,0.328677
1998-11-04,-19.2364,-19.2163,0.0,0.010692,0.0,0.328677
1998-11-05,-17.2702,-19.2163,1.0,0.013641,0.013641,0.346801
1998-11-06,-18.2077,-19.2163,1.0,0.003022,0.003022,0.350871
1998-11-09,-21.3284,-19.2336,0.0,-0.00712,-0.0,0.350871
1998-11-10,-20.6839,-19.3184,0.0,-0.002758,-0.0,0.350871
1998-11-11,-21.8347,-19.4744,0.0,-0.006637,-0.0,0.350871
1998-11-12,-21.3243,-19.6381,0.0,-0.001113,-0.0,0.350871
1998-11-13,-18.2642,-19.6381,1.0,0.009754,0.009754,0.364048
1998-11-16,-19.306,-19.6381,1.0,0.007452,0.007452,0.374212
1998-11-17,-24.7561,-19.6381,0.0,0.0,0.0,0.374212
1998-11-18,-26.4337,-19.6381,0.0,0.006028,0.0,0.374212
1998-11-19,-28.2372,-19.6381,0.0,0.008714,0.0,0.374212
1998-11-20,-26.9587,-19.6381,0.0,0.007559,0.0,0.374212
1998-11-23,-29.8899,-19.6381,0.0,0.02358,0.0,0.374212
1998-11-24,-32.0414,-19.6381,0.0,-0.006282,-0.0,0.374212
1998-11-25,-30.7637,-19.6381,0.0,0.0,0.0,0.374212
1998-11-27,-30.1433,-19.6381,0.0,0.007376,0.0,0.374212
1998-11-30,-29.8267,-19.6381,0.0,-0.028243,-0.0,0.374212
1998-12-01,-31.1311,-19.6381,0.0,0.012917,0.0,0.374212
1998-12-02,-26.3829,-19.6381,0.0,-0.002922,-0.0,0.374212
1998-12-03,-27.4109,-19.6381,0.0,-0.016521,-0.0,0.374212
1998-12-04,-24.3772,-19.6381,0.0,0.026281,0.0,0.374212
1998-12-07,-23.8894,-19.6381,0.0,0.004752,0.0,0.374212
1998-12-08,-24.0007,-19.6381,0.0,-0.004467,-0.0,0.374212
1998-12-09,-25.4583,-19.6381,0.0,0.001848,0.0,0.374212
1998-12-10,-24.9389,-19.6381,0.0,-0.014621,-0.0,0.374212
1998-12-11,-25.469,-19.6381,0.0,0.002005,0.0,0.374212
1998-12-14,-25.3988,-19.7623,0.0,-0.028815,-0.0,0.374212
1998-12-15,-24.3818,-19.7623,0.0,0.025824,0.0,0.374212
1998-12-16,-23.0806,-19.8934,0.0,-0.001339,-0.0,0.374212
1998-12-17,-20.4742,-20.0592,0.0,0.015956,0.0,0.374212
1998-12-18,-18.6136,-20.0592,1.0,0.004249,0.004249,0.380051
1998-12-21,-19.934,-19.9619,1.0,0.013977,0.013977,0.39934
1998-12-22,-21.7725,-20.0592,0.0,0.004421,0.0,0.39934
1998-12-23,-22.2338,-20.2112,0.0,0.020974,0.0,0.39934
1998-12-24,-20.2036,-20.1661,0.0,-0.004312,-0.0,0.39934
1998-12-28,-21.1921,-20.1661,0.0,-0.002547,-0.0,0.39934
1998-12-29,-22.9147,-20.1661,0.0,0.015833,0.0,0.39934
1998-12-30,-25.8097,-20.3389,0.0,-0.008044,-0.0,0.39934
1998-12-31,-25.5582,-20.3389,0.0,0.0,0.0,0.39934
1999-01-04,-25.9807,-20.3389,0.0,-0.002281,-0.0,0.39934
1999-01-05,-27.5732,-20.3389,0.0,0.01143,0.0,0.39934
1999-01-06,-23.4576,-20.3389,0.0,0.024108,0.0,0.39934
1999-01-07,-25.4526,-20.579,0.0,-0.004904,-0.0,0.39934
1999-01-08,-24.6885,-20.579,0.0,0.007393,0.0,0.39934
1999-01-11,-22.143,-20.8564,0.0,-0.00954,-0.0,0.39934
1999-01-12,-19.5918,-20.8564,1.0,-0.018029,-0.018029,0.374112
1999-01-13,-24.3918,-21.1105,0.0,-0.007042,-0.0,0.374112
1999-01-14,-20.8179,-21.1105,1.0,-0.017478,-0.017478,0.350095
1999-01-15,-20.3276,-21.1105,1.0,0.026038,0.026038,0.385249
1999-01-19,-21.831,-21.2582,0.0,0.006533,0.0,0.385249
1999-01-20,-20.9684,-21.2582,1.0,0.007988,0.007988,0.396314
1999-01-21,-24.1239,-21.2582,0.0,-0.026498,-0.0,0.396314
1999-01-22,-20.3705,-21.1105,1.0,-0.002289,-0.002289,0.393118
1999-01-25,-21.6888,-21.1105,0.0,0.010199,0.0,0.393118
1999-01-26,-18.8476,-20.9986,1.0,0.018173,0.018173,0.418435
1999-01-27,-19.1468,-20.8931,1.0,-0.011651,-0.011651,0.401909
1999-01-28,-19.5389,-20.7509,1.0,0.016805,0.016805,0.425468
1999-01-29,-16.528,-20.579,1.0,0.007647,0.007647,0.436369
1999-02-01,-15.4163,-20.4223,1.0,-0.005875,-0.005875,0.42793
1999-02-02,-15.9807,-20.349,1.0,-0.006156,-0.006156,0.41914
1999-02-03,-17.8408,-20.2656,1.0,0.010159,0.010159,0.433557
1999-02-04,-19.2018,-20.0688,1.0,-0.014962,-0.014962,0.412108
1999-02-05,-15.5278,-20.0688,1.0,-0.011454,-0.011454,0.395933
1999-02-08,-17.3953,-20.0688,1.0,0.002015,0.002015,0.398746
1999-02-09,-14.1304,-20.0688,1.0,-0.022373,-0.022373,0.367452
1999-02-10,-13.5917,-19.7629,1.0,0.006428,0.006428,0.376242
1999-02-11,-12.8522,-19.5653,1.0,0.022994,0.022994,0.407887
1999-02-12,-6.9545,-19.4225,1.0,-0.011988,-0.011988,0.39101
1999-02-16,-1.6807,-19.2539,1.0,-0.006067,-0.006067,0.38257
1999-02-17,-3.5334,-19.2539,1.0,-0.001017,-0.001017,0.381164
1999-02-18,-3.2071,-19.1743,1.0,0.007892,0.007892,0.392064
1999-02-19,2.2321,-18.9972,1.0,0.004294,0.004294,0.398042
1999-02-22,6.296,-18.7306,1.0,0.02666,0.02666,0.435314
1999-02-23,8.3053,-18.2272,1.0,-0.00049,-0.00049,0.43461
1999-02-24,7.7285,-17.618,1.0,-0.017646,-0.017646,0.409295
1999-02-25,8.8053,-16.9616,1.0,-0.009481,-0.009481,0.395934
1999-02-26,8.2085,-16.2544,1.0,-0.00403,-0.00403,0.390308
1999-03-01,11.42,-15.7542,1.0,0.002782,0.002782,0.394176
1999-03-02,16.4649,-15.4721,1.0,-0.008828,-0.008828,0.381868
1999-03-03,13.9036,-14.7734,1.0,0.005343,0.005343,0.389252
1999-03-04,17.1637,-13.861,1.0,0.012655,0.012655,0.406833
1999-03-05,20.7699,-13.2219,1.0,0.02012,0.02012,0.435138
1999-03-08,26.1377,-9.9033,1.0,0.006493,0.006493,0.444456
1999-03-09,26.8658,-5.244,1.0,-0.002434,-0.002434,0.440941
1999-03-10,25.3755,-3.3703,1.0,0.008784,0.008784,0.453598
1999-03-11,35.897,-2.4439,1.0,0.011128,0.011128,0.469773
1999-03-12,33.3283,0.2757,1.0,-0.00957,-0.00957,0.455708
1999-03-15,32.0971,4.264,1.0,0.014251,0.014251,0.476453
1999-03-16,30.0308,7.0122,1.0,-0.00381,-0.00381,0.470828
1999-03-17,24.8412,7.9685,1.0,-0.004303,-0.004303,0.464499
1999-03-18,33.3951,8.2569,1.0,0.016087,0.016087,0.488058
1999-03-19,28.4668,8.5553,1.0,-0.016998,-0.016998,0.462764
1999-03-22,33.3977,10.1126,1.0,0.001927,0.001927,0.465583
1999-03-23,31.4462,12.6618,1.0,-0.02886,-0.02886,0.423286
1999-03-24,29.4764,15.1842,1.0,0.005696,0.005696,0.431393
1999-03-25,24.0433,16.8143,1.0,0.020438,0.020438,0.460648
1999-03-26,25.9873,18.9668,1.0,-0.007239,-0.007239,0.450074
1999-03-29,28.0623,22.4066,1.0,0.020175,0.020175,0.47933
1999-03-30,27.5437,24.4422,1.0,-0.005242,-0.005242,0.471575
1999-03-31,24.9372,24.8892,1.0,-0.016048,-0.016048,0.447959
1999-04-01,26.382,25.1563,1.0,0.007546,0.007546,0.458885
1999-04-05,32.0215,25.6814,1.0,0.023677,0.023677,0.493427
1999-04-06,35.5783,26.0625,1.0,-0.00236,-0.00236,0.489903
1999-04-07,36.5127,26.2599,1.0,0.008044,0.008044,0.501888
1999-04-08,36.6617,26.6239,1.0,0.012672,0.012672,0.52092
1999-04-09,39.5315,27.2047,1.0,0.000233,0.000233,0.521274
1999-04-12,38.536,27.803,1.0,0.010658,0.010658,0.537488
1999-04-13,42.8444,28.2646,1.0,-0.006419,-0.006419,0.527619
1999-04-14,43.3678,28.9716,1.0,-0.016844,-0.016844,0.501887
1999-04-15,39.7563,29.7536,1.0,-0.003755,-0.003755,0.496248
1999-04-16,38.1972,30.7385,1.0,-0.00848,-0.00848,0.48356
1999-04-19,43.2816,31.7338,1.0,-0.015444,-0.015444,0.460648
1999-04-20,46.1631,32.0593,1.0,0.012549,0.012549,0.478977
1999-04-21,46.408,32.7127,1.0,0.028599,0.028599,0.521274
1999-04-22,47.9611,33.3617,1.0,0.009499,0.009499,0.535725
1999-04-23,45.1499,33.3964,1.0,-0.002525,-0.002525,0.531847
1999-04-26,43.3898,34.488,1.0,0.005752,0.005752,0.540659
1999-04-27,46.404,35.7376,1.0,0.004804,0.004804,0.54806
1999-04-28,39.5731,36.2048,1.0,-0.013661,-0.013661,0.526912
1999-04-29,43.7264,36.5872,1.0,-0.007617,-0.007617,0.515281
1999-04-30,44.8279,37.4294,1.0,-0.008142,-0.008142,0.502944
1999-05-03,41.0978,38.3666,1.0,0.018293,0.018293,0.530437
1999-05-04,37.9793,38.3666,0.0,-0.01428,-0.0,0.530437
1999-05-05,40.8869,39.0338,1.0,0.007944,0.007944,0.542595
1999-05-06,35.5797,39.0338,0.0,-0.006143,-0.0,0.542595
1999-05-07,27.9771,39.0338,0.0,0.00758,0.0,0.542595
1999-05-10,29.3574,39.0338,0.0,-0.004977,-0.0,0.542595
1999-05-11,26.225,39.0338,0.0,0.01012,0.0,0.542595
1999-05-12,28.9522,39.0338,0.0,0.00783,0.0,0.542595
1999-05-13,33.8822,39.0338,0.0,0.004342,0.0,0.542595
1999-05-14,33.2765,39.0338,0.0,-0.025939,-0.0,0.542595
1999-05-17,33.8683,39.0338,0.0,0.003036,0.0,0.542595
1999-05-18,27.0874,39.0338,0.0,-0.001863,-0.0,0.542595
1999-05-19,26.4166,39.0338,0.0,0.007233,0.0,0.542595
1999-05-20,33.6399,39.0338,0.0,-0.006023,-0.0,0.542595
1999-05-21,42.5947,39.5523,1.0,-0.005593,-0.005593,0.533967
1999-05-24,43.3339,39.6647,1.0,-0.016639,-0.016639,0.508444
1999-05-25,46.6284,40.3216,1.0,-0.016206,-0.016206,0.483998
1999-05-26,41.5155,40.9924,1.0,0.011143,0.011143,0.500534
1999-05-27,33.5039,40.9924,0.0,-0.014374,-0.0,0.500534
1999-05-28,37.6088,40.9924,0.0,0.012761,0.0,0.500534
1999-06-01,37.5697,40.9924,0.0,-0.00348,-0.0,0.500534
1999-06-02,41.0573,41.0776,0.0,0.000964,0.0,0.500534
1999-06-03,38.576,41.0776,0.0,0.005534,0.0,0.500534
1999-06-04,43.1715,41.3066,1.0,0.020101,0.020101,0.530696
1999-06-07,48.4932,42.0551,1.0,0.00258,0.00258,0.534645
1999-06-08,41.8929,42.2438,0.0,-0.009827,-0.0,0.534645
1999-06-09,41.3748,42.2438,0.0,-0.000946,-0.0,0.534645
1999-06-10,36.0928,42.2438,0.0,-0.009223,-0.0,0.534645
1999-06-11,36.323,42.2438,0.0,-0.008355,-0.0,0.534645
1999-06-14,32.8861,42.2438,0.0,0.000962,0.0,0.534645
1999-06-15,40.0459,42.2438,0.0,0.006735,0.0,0.534645
1999-06-16,44.2159,42.7196,1.0,0.019111,0.019111,0.563974
1999-06-17,42.4331,42.7196,0.0,0.009376,0.0,0.563974
1999-06-18,37.6698,42.7196,0.0,0.001155,0.0,0.563974
1999-06-21,36.1536,42.7196,0.0,0.002327,0.0,0.563974
1999-06-22,30.0232,42.7196,0.0,-0.006964,-0.0,0.563974
1999-06-23,34.5613,42.7196,0.0,-0.004908,-0.0,0.563974
1999-06-24,34.8077,42.7196,0.0,-0.007517,-0.0,0.563974
1999-06-25,32.966,42.7196,0.0,-0.002486,-0.0,0.563974
1999-06-28,30.9488,42.7196,0.0,0.01222,0.0,0.563974
1999-06-29,32.6596,42.7196,0.0,0.009376,0.0,0.563974
1999-06-30,36.1798,42.7196,0.0,0.018114,0.0,0.563974
1999-07-01,42.4007,42.7196,0.0,0.007527,0.0,0.563974
1999-07-02,46.6605,43.008,1.0,0.009961,0.009961,0.579553
1999-07-06,53.6667,43.2266,1.0,-0.000224,-0.000224,0.579199
1999-07-07,53.9599,43.3077,1.0,0.001345,0.001345,0.581323
1999-07-08,50.4089,43.3508,1.0,0.000784,0.000784,0.582563
1999-07-09,53.2471,43.3788,1.0,0.005929,0.005929,0.591946
1999-07-12,43.8329,43.5581,1.0,-0.004448,-0.004448,0.584865
1999-07-13,36.8006,43.5581,0.0,-0.003574,-0.0,0.584865
1999-07-14,33.9086,43.5581,0.0,0.005605,0.0,0.584865
1999-07-15,43.9813,43.7796,1.0,0.006354,0.006354,0.594935
1999-07-16,37.3466,43.7796,0.0,0.005428,0.0,0.594935
1999-07-19,34.1086,43.7796,0.0,-0.00661,-0.0,0.594935
1999-07-20,32.6323,43.5581,0.0,-0.02052,-0.0,0.594935
1999-07-21,35.2814,43.3618,0.0,-0.001133,-0.0,0.594935
1999-07-22,34.2732,43.2527,0.0,-0.01315,-0.0,0.594935
1999-07-23,27.4887,42.8831,0.0,-0.001953,-0.0,0.594935
1999-07-26,25.2888,42.5139,0.0,-0.007367,-0.0,0.594935
1999-07-27,19.4955,42.4169,0.0,0.008349,0.0,0.594935
1999-07-28,18.5649,42.4169,0.0,0.003219,0.0,0.594935
1999-07-29,18.6966,42.1468,0.0,-0.013984,-0.0,0.594935
1999-07-30,15.8877,41.7042,0.0,-0.012323,-0.0,0.594935
1999-08-02,16.3483,41.7042,0.0,0.002354,0.0,0.594935
1999-08-03,17.1006,41.7042,0.0,-0.004697,-0.0,0.594935
1999-08-04,23.641,41.7042,0.0,-0.013686,-0.0,0.594935
1999-08-05,22.1949,41.7042,0.0,0.009091,0.0,0.594935
1999-08-06,18.5331,41.7042,0.0,-0.010905,-0.0,0.594935
1999-08-09,21.4275,41.7042,0.0,-0.002157,-0.0,0.594935
1999-08-10,19.8114,41.7042,0.0,-0.011049,-0.0,0.594935
1999-08-11,23.3264,41.7042,0.0,0.012144,0.0,0.594935
1999-08-12,20.4391,41.7042,0.0,-0.0006,-0.0,0.594935
1999-08-13,14.5391,41.7042,0.0,0.023172,0.0,0.594935
1999-08-16,15.1469,41.7042,0.0,0.004459,0.0,0.594935
1999-08-17,19.0317,41.7042,0.0,0.006542,0.0,0.594935
1999-08-18,22.9607,41.7042,0.0,-0.007196,-0.0,0.594935
1999-08-19,18.7122,41.7042,0.0,-0.008184,-0.0,0.594935
1999-08-20,15.529,41.4451,0.0,0.010137,0.0,0.594935
1999-08-23,12.5406,41.216,0.0,0.019137,0.0,0.594935
1999-08-24,8.3715,40.5516,0.0,0.003664,0.0,0.594935
1999-08-25,8.6267,39.311,0.0,0.010268,0.0,0.594935
1999-08-26,13.2478,39.311,0.0,-0.01197,-0.0,0.594935
1999-08-27,11.1018,39.311,0.0,-0.012115,-0.0,0.594935
1999-08-30,7.2886,39.311,0.0,-0.01851,-0.0,0.594935
1999-08-31,14.9661,38.1229,0.0,-0.003772,-0.0,0.594935
1999-09-01,10.381,37.5082,0.0,0.012305,0.0,0.594935
1999-09-02,9.5459,37.0736,0.0,-0.011805,-0.0,0.594935
1999-09-03,6.6301,36.5618,0.0,0.029214,0.0,0.594935
1999-09-07,6.4774,36.2514,0.0,-0.003677,-0.0,0.594935
1999-09-08,10.5008,36.1667,0.0,-0.004845,-0.0,0.594935
1999-09-09,11.3941,36.1667,0.0,-0.000464,-0.0,0.594935
1999-09-10,14.5165,35.7175,0.0,0.008349,0.0,0.594935
1999-09-13,18.415,35.7175,0.0,-0.006785,-0.0,0.594935
1999-09-14,21.0796,35.0445,0.0,-0.0066,-0.0,0.594935
1999-09-15,23.2501,34.6845,0.0,-0.015851,-0.0,0.594935
1999-09-16,21.2025,34.4172,0.0,0.003908,0.0,0.594935
1999-09-17,21.0599,34.1909,0.0,0.012635,0.0,0.594935
1999-09-20,22.3209,34.0086,0.0,-0.001402,-0.0,0.594935
1999-09-21,17.8616,34.0086,0.0,-0.021057,-0.0,0.594935
1999-09-22,20.4665,33.4373,0.0,-0.001076,-0.0,0.594935
1999-09-23,20.0593,32.8128,0.0,-0.020935,-0.0,0.594935
1999-09-24,20.4848,32.646,0.0,-0.000977,-0.0,0.594935
1999-09-27,20.4272,32.646,0.0,0.006604,0.0,0.594935
1999-09-28,24.4501,30.0605,0.0,-0.001944,-0.0,0.594935
1999-09-29,28.8161,28.1524,1.0,-0.011931,-0.011931,0.575906
1999-09-30,26.332,26.9104,0.0,0.015279,0.0,0.575906
1999-10-01,23.6923,25.8104,0.0,-0.002185,-0.0,0.575906
1999-10-04,22.8381,24.8695,0.0,0.017757,0.0,0.575906
1999-10-05,15.7391,24.0712,0.0,-0.000956,-0.0,0.575906
1999-10-06,18.8197,23.6667,0.0,0.015311,0.0,0.575906
1999-10-07,16.491,23.4837,0.0,-0.005655,-0.0,0.575906
1999-10-08,18.2569,23.2883,0.0,0.015165,0.0,0.575906
1999-10-11,13.0063,23.1054,0.0,-0.001634,-0.0,0.575906
1999-10-12,19.1812,22.8994,0.0,-0.015432,-0.0,0.575906
1999-10-13,14.0351,22.5795,0.0,-0.025885,-0.0,0.575906
1999-10-14,14.9783,22.2579,0.0,-0.000244,-0.0,0.575906
1999-10-15,11.0744,21.8112,0.0,-0.025604,-0.0,0.575906
1999-10-18,9.4608,21.315,0.0,0.007258,0.0,0.575906
1999-10-19,8.3697,21.1411,0.0,0.009689,0.0,0.575906
1999-10-20,7.3755,21.0697,0.0,0.009843,0.0,0.575906
1999-10-21,10.489,20.7723,0.0,0.005847,0.0,0.575906
1999-10-22,10.0681,20.4757,0.0,0.008479,0.0,0.575906
1999-10-25,12.3672,20.4757,0.0,-0.005044,-0.0,0.575906
1999-10-26,17.6679,20.4757,0.0,-0.012554,-0.0,0.575906
1999-10-27,13.617,20.4757,0.0,0.018092,0.0,0.575906
1999-10-28,12.3654,20.4757,0.0,0.034102,0.0,0.575906
1999-10-29,12.9872,20.4757,0.0,0.018115,0.0,0.575906
1999-11-01,15.7736,20.4757,0.0,-0.010493,-0.0,0.575906
1999-11-02,12.6461,20.4528,0.0,-0.007146,-0.0,0.575906
1999-11-03,16.2812,20.4331,0.0,0.006733,0.0,0.575906
1999-11-04,21.6871,20.4528,1.0,0.007611,0.007611,0.5879
1999-11-05,19.9836,20.4331,0.0,0.009842,0.0,0.5879
1999-11-08,25.3493,20.4528,1.0,0.000907,0.000907,0.58934
1999-11-09,29.194,20.4528,1.0,-0.009398,-0.009398,0.574404
1999-11-10,20.5433,20.4757,1.0,0.007429,0.007429,0.5861
1999-11-11,22.4326,20.5141,1.0,0.005674,0.005674,0.595099
1999-11-12,19.6175,20.5141,0.0,0.009025,0.0,0.595099
1999-11-15,21.7987,20.8016,1.0,0.002348,0.002348,0.598845
1999-11-16,18.8472,20.5141,0.0,0.008365,0.0,0.598845
1999-11-17,17.7103,20.5141,0.0,0.002655,0.0,0.598845
1999-11-18,15.4342,20.5141,0.0,0.007061,0.0,0.598845
1999-11-19,17.3444,20.5141,0.0,-0.000876,-0.0,0.598845
1999-11-22,17.9935,20.5141,0.0,-0.000219,-0.0,0.598845
1999-11-23,20.9783,20.7608,1.0,-0.008774,-0.008774,0.584816
1999-11-24,31.316,21.0191,1.0,0.005311,0.005311,0.593233
1999-11-26,32.8296,21.0697,1.0,-0.003742,-0.003742,0.587272
1999-11-29,38.0428,21.1411,1.0,-0.003535,-0.003535,0.581661
1999-11-30,37.3369,21.4448,1.0,-0.011752,-0.011752,0.563073
1999-12-01,38.7118,21.7429,1.0,0.008077,0.008077,0.575698
1999-12-02,35.5863,22.0598,1.0,0.006009,0.006009,0.585166
1999-12-03,35.8462,22.3767,1.0,0.018363,0.018363,0.614275
1999-12-06,42.4136,22.6353,1.0,-0.007387,-0.007387,0.60235
1999-12-07,38.4577,23.0441,1.0,-0.008098,-0.008098,0.589374
1999-12-08,44.1799,23.4712,1.0,-0.006399,-0.006399,0.579204
1999-12-09,46.2701,24.0712,1.0,0.004886,0.004886,0.58692
1999-12-10,44.6109,24.8997,1.0,0.003315,0.003315,0.59218
1999-12-13,45.945,25.8406,1.0,0.001762,0.001762,0.594986
1999-12-14,40.3349,27.5741,1.0,-0.009675,-0.009675,0.579554
1999-12-15,41.733,29.0051,1.0,0.005329,0.005329,0.587972
1999-12-16,45.3059,30.255,1.0,0.004417,0.004417,0.594986
1999-12-17,46.5259,32.0728,1.0,0.006422,0.006422,0.605229
1999-12-20,47.2774,34.2079,1.0,-0.007227,-0.007227,0.593628
1999-12-21,48.2335,35.7162,1.0,0.015221,0.015221,0.617884
1999-12-22,42.1388,36.5915,1.0,0.002608,0.002608,0.622104
1999-12-23,42.0815,37.6898,1.0,0.01593,0.01593,0.647944
1999-12-27,40.8008,38.2503,1.0,-0.001387,-0.001387,0.645658
1999-12-28,43.4141,38.5847,1.0,-0.000641,-0.000641,0.644603
1999-12-29,40.5047,39.5233,1.0,0.004275,0.004275,0.651634
1999-12-30,28.6776,39.5233,0.0,-0.00117,-0.0,0.651634
1999-12-31,28.9169,39.5233,0.0,0.001599,0.0,0.651634
2000-01-03,29.3605,39.5233,0.0,-0.009788,-0.0,0.651634
2000-01-04,36.6667,39.5233,0.0,-0.039106,-0.0,0.651634
2000-01-05,36.2011,39.5233,0.0,0.001789,0.0,0.651634
2000-01-06,31.3664,39.5233,0.0,-0.016072,-0.0,0.651634
2000-01-07,34.9792,39.5233,0.0,0.058077,0.0,0.651634
2000-01-10,40.2155,40.2752,0.0,0.003431,0.0,0.651634
2000-01-11,36.7476,40.2752,0.0,-0.011966,-0.0,0.651634
2000-01-12,30.5536,40.2752,0.0,-0.009948,-0.0,0.651634
2000-01-13,33.608,40.2752,0.0,0.013543,0.0,0.651634
2000-01-14,40.6077,40.4198,1.0,0.013578,0.013578,0.67406
2000-01-18,35.7376,40.4198,0.0,-0.007868,-0.0,0.67406
2000-01-19,25.4129,40.4198,0.0,0.008145,0.0,0.67406
2000-01-20,29.6119,40.4198,0.0,-0.015307,-0.0,0.67406
2000-01-21,33.8541,40.4198,0.0,-0.002158,-0.0,0.67406
2000-01-24,36.3474,40.4198,0.0,-0.028343,-0.0,0.67406
2000-01-25,38.3344,40.4198,0.0,0.011356,0.0,0.67406
2000-01-26,40.1209,40.4198,0.0,-0.007926,-0.0,0.67406
2000-01-27,36.1045,40.4198,0.0,-0.003995,-0.0,0.67406
2000-01-28,38.9702,40.4198,0.0,-0.031194,-0.0,0.67406
2000-01-31,43.7746,40.5562,1.0,0.027138,0.027138,0.719491
2000-02-01,44.8916,40.7042,1.0,0.009853,0.009853,0.736433
2000-02-02,43.8759,41.2669,1.0,0.000887,0.000887,0.737973
2000-02-03,54.5423,41.9072,1.0,0.015064,0.015064,0.764154
2000-02-04,53.3979,42.1102,1.0,-0.004147,-0.004147,0.756838
2000-02-07,55.0446,42.2762,1.0,-0.001534,-0.001534,0.754143
2000-02-08,53.3901,42.9138,1.0,0.013609,0.013609,0.778015
2000-02-09,49.1628,43.5943,1.0,-0.021005,-0.021005,0.740668
2000-02-10,56.3675,43.8252,1.0,0.001991,0.001991,0.744133
2000-02-11,59.6612,44.0279,1.0,-0.020309,-0.020309,0.708712
2000-02-14,54.3965,44.3954,1.0,0.005858,0.005858,0.718721
2000-02-15,47.1643,44.7512,1.0,0.011313,0.011313,0.738165
2000-02-16,42.3547,44.7512,0.0,-0.014731,-0.0,0.738165
2000-02-17,42.917,44.7512,0.0,-0.005171,-0.0,0.738165
2000-02-18,47.8428,45.0987,1.0,-0.021469,-0.021469,0.700849
2000-02-22,51.4889,45.6254,1.0,-0.002541,-0.002541,0.696527
2000-02-23,54.1686,46.1075,1.0,0.011809,0.011809,0.716561
2000-02-24,50.9555,46.398,1.0,-0.020138,-0.020138,0.681993
2000-02-25,47.535,46.8451,1.0,-0.00362,-0.00362,0.675904
2000-02-28,50.3926,47.2208,1.0,0.020977,0.020977,0.71106
2000-02-29,52.9337,47.4062,1.0,0.009642,0.009642,0.727558
2000-03-01,42.6925,47.4062,0.0,0.007276,0.0,0.727558
2000-03-02,48.3383,47.6889,1.0,0.000677,0.000677,0.728727
2000-03-03,48.8599,48.0381,1.0,0.018723,0.018723,0.761094
2000-03-06,46.9095,48.0381,0.0,-0.009743,-0.0,0.761094
2000-03-07,52.2605,48.2859,1.0,-0.019343,-0.019343,0.727029
2000-03-08,43.753,48.2859,0.0,-0.001254,-0.0,0.727029
2000-03-09,39.7328,48.2859,0.0,0.029224,0.0,0.727029
2000-03-10,34.0513,48.2859,0.0,-0.005324,-0.0,0.727029
2000-03-13,31.194,48.2859,0.0,-0.010928,-0.0,0.727029
2000-03-14,28.0038,48.2859,0.0,-0.014206,-0.0,0.727029
2000-03-15,19.4623,48.2859,0.0,0.02333,0.0,0.727029
2000-03-16,23.46,48.2859,0.0,0.046715,0.0,0.727029
2000-03-17,30.0127,48.2859,0.0,0.006608,0.0,0.727029
2000-03-20,25.7829,48.2859,0.0,-0.005103,-0.0,0.727029
2000-03-21,34.1675,48.2859,0.0,0.020521,0.0,0.727029
2000-03-22,35.3339,48.0905,0.0,0.006075,0.0,0.727029
2000-03-23,40.2901,48.0905,0.0,0.017073,0.0,0.727029
2000-03-24,37.5483,48.0905,0.0,0.005937,0.0,0.727029
2000-03-27,38.8775,48.0905,0.0,-0.010582,-0.0,0.727029
2000-03-28,35.0213,48.0905,0.0,-0.005759,-0.0,0.727029
2000-03-29,34.3487,48.0905,0.0,0.001035,0.0,0.727029
2000-03-30,32.3543,48.0905,0.0,-0.01674,-0.0,0.727029
2000-03-31,34.9661,48.0905,0.0,0.01135,0.0,0.727029
2000-04-03,37.1007,48.0905,0.0,0.005818,0.0,0.727029
2000-04-04,38.9487,48.0905,0.0,-0.007438,-0.0,0.727029
2000-04-05,32.059,48.0905,0.0,-0.006245,-0.0,0.727029
2000-04-06,33.365,48.0905,0.0,0.008693,0.0,0.727029
2000-04-07,29.4033,48.0905,0.0,0.006335,0.0,0.727029
2000-04-10,39.4817,48.0905,0.0,-0.003922,-0.0,0.727029
2000-04-11,31.772,48.0905,0.0,-0.0029,-0.0,0.727029
2000-04-12,37.5514,48.0905,0.0,-0.027426,-0.0,0.727029
2000-04-13,37.4641,48.0905,0.0,-0.013885,-0.0,0.727029
2000-04-14,51.3791,48.5991,1.0,-0.057193,-0.057193,0.628255
2000-04-17,55.2362,49.0113,1.0,0.034926,0.034926,0.685124
2000-04-18,51.4447,49.7777,1.0,0.026421,0.026421,0.729646
2000-04-19,59.7028,50.6741,1.0,-0.009302,-0.009302,0.713557
2000-04-20,55.5683,51.1673,1.0,0.004804,0.004804,0.721789
2000-04-24,60.3869,51.4119,1.0,-0.010865,-0.010865,0.703082
2000-04-25,56.6057,51.4668,1.0,0.04152,0.04152,0.773794
2000-04-26,47.9569,51.4668,0.0,-0.011284,-0.0,0.773794
2000-04-27,50.6756,51.4668,0.0,-0.003307,-0.0,0.773794
2000-04-28,47.3654,51.4668,0.0,-0.006208,-0.0,0.773794
2000-05-01,50.5392,51.4668,0.0,0.013569,0.0,0.773794
2000-05-02,52.4762,51.8747,1.0,-0.019974,-0.019974,0.738364
2000-05-03,56.5313,52.3684,1.0,-0.023417,-0.023417,0.697657
2000-05-04,63.3808,52.3684,1.0,0.007549,0.007549,0.710473
2000-05-05,59.0462,52.3684,1.0,0.01212,0.01212,0.731203
2000-05-08,62.4393,52.3684,1.0,-0.007511,-0.007511,0.7182
2000-05-09,63.5,52.3684,1.0,-0.008007,-0.008007,0.704443
2000-05-10,58.7918,52.7049,1.0,-0.022556,-0.022556,0.665997
2000-05-11,70.2486,52.7049,1.0,0.022851,0.022851,0.704067
2000-05-12,67.6534,52.7049,1.0,0.010838,0.010838,0.722536
2000-05-15,71.0305,52.7049,1.0,0.017287,0.017287,0.752313
2000-05-16,76.8901,53.5511,1.0,0.009679,0.009679,0.769274
2000-05-17,84.3073,54.7024,1.0,-0.010439,-0.010439,0.750804
2000-05-18,89.5448,55.4023,1.0,-0.012272,-0.012272,0.729319
2000-05-19,84.086,56.0498,1.0,-0.015693,-0.015693,0.70218
2000-05-22,92.8448,56.5685,1.0,-0.007529,-0.007529,0.689365
2000-05-23,89.6104,57.6987,1.0,-0.014726,-0.014726,0.664487
2000-05-24,107.5364,58.919,1.0,0.016305,0.016305,0.691626
2000-05-25,102.2651,59.3745,1.0,-0.017157,-0.017157,0.662603
2000-05-26,100.8647,60.0448,1.0,0.001133,0.001133,0.664487
2000-05-30,115.9189,61.4131,1.0,0.032609,0.032609,0.718764
2000-05-31,113.1065,62.9101,1.0,0.002193,0.002193,0.722533
2000-06-01,105.7171,63.4404,1.0,0.017505,0.017505,0.752686
2000-06-02,111.573,65.5767,1.0,0.017419,0.017419,0.783216
2000-06-05,114.6163,68.951,1.0,-0.004861,-0.004861,0.774548
2000-06-06,120.4299,70.6395,1.0,-0.004461,-0.004461,0.766632
2000-06-07,119.7081,73.9603,1.0,0.006934,0.006934,0.778882
2000-06-08,119.6675,80.488,1.0,-0.00392,-0.00392,0.771909
2000-06-09,127.6189,84.1967,1.0,-0.002127,-0.002127,0.76814
2000-06-12,133.4328,86.9261,1.0,-0.011725,-0.011725,0.747408
2000-06-13,109.1137,89.5776,1.0,0.018766,0.018766,0.7802
2000-06-14,105.7962,91.2276,1.0,0.001694,0.001694,0.783216
2000-06-15,100.1727,96.5088,1.0,0.002113,0.002113,0.786984
2000-06-16,101.0767,100.5187,1.0,-0.008216,-0.008216,0.772302
2000-06-19,95.271,100.5187,0.0,0.01279,0.0,0.772302
2000-06-20,91.7737,100.5187,0.0,-0.003578,-0.0,0.772302
2000-06-21,104.5867,100.9707,1.0,-0.000422,-0.000422,0.771554
2000-06-22,105.3179,101.6709,1.0,-0.015216,-0.015216,0.744598
2000-06-23,106.3809,103.4259,1.0,-0.008584,-0.008584,0.729622
2000-06-26,110.2685,104.9523,1.0,0.012878,0.012878,0.751896
2000-06-27,102.9979,104.9523,0.0,-0.007372,-0.0,0.751896
2000-06-28,92.4686,104.9523,0.0,0.002799,0.0,0.751896
2000-06-29,98.7636,104.9523,0.0,-0.009446,-0.0,0.751896
2000-06-30,97.6023,104.9523,0.0,0.007586,0.0,0.751896
2000-07-03,77.1235,104.9523,0.0,0.013767,0.0,0.751896
2000-07-05,68.6569,104.9523,0.0,-0.018036,-0.0,0.751896
2000-07-06,81.5742,104.9523,0.0,0.007779,0.0,0.751896
2000-07-07,90.3586,104.9523,0.0,0.01608,0.0,0.751896
2000-07-10,108.1602,105.5175,1.0,-0.001688,-0.001688,0.748939
2000-07-11,94.7882,105.5175,0.0,0.002113,0.0,0.748939
2000-07-12,88.4281,105.5175,0.0,0.006539,0.0,0.748939
2000-07-13,77.5408,105.5175,0.0,0.004401,0.0,0.748939
2000-07-14,72.4267,105.5175,0.0,0.009806,0.0,0.748939
2000-07-17,59.0413,105.5175,0.0,-0.001653,-0.0,0.748939
2000-07-18,79.8926,105.5175,0.0,-0.008175,-0.0,0.748939
2000-07-19,90.5912,105.5175,0.0,-0.008034,-0.0,0.748939
2000-07-20,82.4267,105.5175,0.0,0.013883,0.0,0.748939
2000-07-21,80.8127,105.5175,0.0,-0.019501,-0.0,0.748939
2000-07-24,75.9973,105.5175,0.0,-0.005714,-0.0,0.748939
2000-07-25,85.8656,105.5175,0.0,0.003192,0.0,0.748939
2000-07-26,82.9036,105.5175,0.0,-0.009758,-0.0,0.748939
2000-07-27,103.9506,105.5175,0.0,-0.003428,-0.0,0.748939
2000-07-28,106.8592,105.7567,1.0,-0.022571,-0.022571,0.709464
2000-07-31,94.1266,105.7567,0.0,0.006378,0.0,0.709464
2000-08-01,86.7957,105.7567,0.0,0.006119,0.0,0.709464
2000-08-02,78.1795,105.7567,0.0,0.004995,0.0,0.709464
2000-08-03,73.0027,105.7567,0.0,0.006916,0.0,0.709464
2000-08-04,73.2277,105.7567,0.0,0.005366,0.0,0.709464
2000-08-07,62.3167,105.7567,0.0,0.011955,0.0,0.709464
2000-08-08,55.7111,105.7567,0.0,0.003797,0.0,0.709464
2000-08-09,44.5678,105.7567,0.0,-0.008407,-0.0,0.709464
2000-08-10,46.1808,105.7567,0.0,-0.004875,-0.0,0.709464
2000-08-11,43.5378,105.7567,0.0,0.004686,0.0,0.709464
2000-08-14,47.2224,105.7567,0.0,0.01272,0.0,0.709464
2000-08-15,55.5434,105.7567,0.0,-0.000837,-0.0,0.709464
2000-08-16,54.6091,105.7567,0.0,-0.003562,-0.0,0.709464
2000-08-17,56.1058,105.7567,0.0,0.010513,0.0,0.709464
2000-08-18,47.102,105.7567,0.0,-0.003329,-0.0,0.709464
2000-08-21,45.8849,105.7567,0.0,0.005428,0.0,0.709464
2000-08-22,39.7564,105.7567,0.0,-0.001661,-0.0,0.709464
2000-08-23,46.9022,105.5175,0.0,0.003951,0.0,0.709464
2000-08-24,45.3948,105.5175,0.0,0.003108,0.0,0.709464
2000-08-25,45.452,105.5175,0.0,-0.000414,-0.0,0.709464
2000-08-28,58.4435,104.9523,0.0,0.003409,0.0,0.709464
2000-08-29,58.9944,104.2686,0.0,0.000206,0.0,0.709464
2000-08-30,65.2647,103.4742,0.0,-0.009573,-0.0,0.709464
2000-08-31,69.5201,102.0373,0.0,0.013303,0.0,0.709464
2000-09-01,70.583,100.6247,0.0,0.001025,0.0,0.709464
2000-09-05,58.2211,99.4681,0.0,-0.007992,-0.0,0.709464
2000-09-06,61.6867,98.1829,0.0,-0.011361,-0.0,0.709464
2000-09-07,64.95,96.4366,0.0,0.008566,0.0,0.709464
2000-09-08,74.8203,95.0296,0.0,-0.006836,-0.0,0.709464
2000-09-11,71.6225,94.4574,0.0,-0.00146,-0.0,0.709464
2000-09-12,77.7301,93.2976,0.0,-0.007312,-0.0,0.709464
2000-09-13,80.4583,92.1212,0.0,0.00263,0.0,0.709464
2000-09-14,77.7346,91.1825,0.0,0.005037,0.0,0.709464
2000-09-15,76.7998,90.4749,0.0,-0.021878,-0.0,0.709464
2000-09-18,84.7212,89.3933,0.0,-0.009204,-0.0,0.709464
2000-09-19,80.5985,87.6119,0.0,0.009074,0.0,0.709464
2000-09-20,75.7679,86.3306,0.0,-0.007386,-0.0,0.709464
2000-09-21,70.3109,85.2934,0.0,-0.015205,-0.0,0.709464
2000-09-22,76.5964,83.8124,0.0,0.018178,0.0,0.709464
2000-09-25,72.0034,82.6652,0.0,-0.007098,-0.0,0.709464
2000-09-26,68.167,82.0004,0.0,-0.012781,-0.0,0.709464
2000-09-27,67.4878,81.1934,0.0,0.005266,0.0,0.709464
2000-09-28,64.1962,80.7056,0.0,0.01288,0.0,0.709464
2000-09-29,62.8559,80.5284,0.0,-0.009483,-0.0,0.709464
2000-10-02,62.7086,80.5284,0.0,0.001523,0.0,0.709464
2000-10-03,49.8092,80.5284,0.0,-0.009341,-0.0,0.709464
2000-10-04,57.6483,80.1754,0.0,0.008333,0.0,0.709464
2000-10-05,60.4745,79.036,0.0,0.00348,0.0,0.709464
2000-10-06,63.7264,77.9571,0.0,-0.021673,-0.0,0.709464
2000-10-09,48.608,77.7324,0.0,-0.007532,-0.0,0.709464
2000-10-10,55.8179,77.6355,0.0,-0.016518,-0.0,0.709464
2000-10-11,52.3922,77.265,0.0,-0.008398,-0.0,0.709464
2000-10-12,57.8309,77.265,0.0,-0.024949,-0.0,0.709464
2000-10-13,51.4526,77.265,0.0,0.033334,0.0,0.709464
2000-10-16,45.6508,76.6981,0.0,0.004543,0.0,0.709464
2000-10-17,41.8639,76.2969,0.0,-0.024875,-0.0,0.709464
2000-10-18,34.8884,75.8826,0.0,-0.003711,-0.0,0.709464
2000-10-19,31.0108,75.2941,0.0,0.03771,0.0,0.709464
2000-10-20,29.6057,74.024,0.0,0.004262,0.0,0.709464
2000-10-23,29.8279,73.1152,0.0,0.004467,0.0,0.709464
2000-10-24,26.8501,72.503,0.0,-0.006671,-0.0,0.709464
2000-10-25,17.1184,71.813,0.0,-0.023506,-0.0,0.709464
2000-10-26,21.6165,71.1028,0.0,0.00275,0.0,0.709464
2000-10-27,24.0557,70.447,0.0,0.018976,0.0,0.709464
2000-10-30,16.1158,69.9155,0.0,0.008974,0.0,0.709464
2000-10-31,12.1623,68.8435,0.0,0.017234,0.0,0.709464
2000-11-01,6.8767,67.8274,0.0,-0.003388,-0.0,0.709464
2000-11-02,2.8606,66.3762,0.0,0.001645,0.0,0.709464
2000-11-03,1.0537,66.3762,0.0,0.000548,0.0,0.709464
2000-11-06,-0.192,66.3762,0.0,0.007003,0.0,0.709464
2000-11-07,1.7159,66.3762,0.0,-0.000217,-0.0,0.709464
2000-11-08,-4.0298,66.3762,0.0,-0.022175,-0.0,0.709464
2000-11-09,-2.1142,66.3762,0.0,-0.003779,-0.0,0.709464
2000-11-10,3.1861,66.3762,0.0,-0.024325,-0.0,0.709464
2000-11-13,4.6069,66.3762,0.0,-0.007777,-0.0,0.709464
2000-11-14,4.7217,66.3762,0.0,0.026279,0.0,0.709464
2000-11-15,4.0038,66.3762,0.0,0.003145,0.0,0.709464
2000-11-16,9.0705,66.3762,0.0,-0.015674,-0.0,0.709464
2000-11-17,0.205,66.3762,0.0,-0.005346,-0.0,0.709464
2000-11-20,0.9235,66.3762,0.0,-0.014293,-0.0,0.709464
2000-11-21,-3.9804,66.3762,0.0,0.005104,0.0,0.709464
2000-11-22,-1.1495,66.3762,0.0,-0.023892,-0.0,0.709464
2000-11-24,-3.9489,66.3762,0.0,0.020457,0.0,0.709464
2000-11-27,-12.656,66.3762,0.0,0.008806,0.0,0.709464
2000-11-28,-12.3434,66.3762,0.0,-0.017229,-0.0,0.709464
2000-11-29,-9.7312,66.2189,0.0,-0.00187,-0.0,0.709464
2000-11-30,-12.2573,64.5731,0.0,-0.008665,-0.0,0.709464
2000-12-01,-16.2289,63.9613,0.0,-0.000472,-0.0,0.709464
2000-12-04,-19.98,63.9613,0.0,0.008509,0.0,0.709464
2000-12-05,-22.4555,63.9613,0.0,0.032809,0.0,0.709464
2000-12-06,-21.1614,63.2912,0.0,-0.015997,-0.0,0.709464
2000-12-07,-27.3696,62.7822,0.0,-0.013721,-0.0,0.709464
2000-12-08,-27.828,61.5915,0.0,0.002338,0.0,0.709464
2000-12-11,-26.3783,59.1527,0.0,0.034756,0.0,0.709464
2000-12-12,-21.6733,57.7396,0.0,-0.004283,-0.0,0.709464
2000-12-13,-20.3063,56.7331,0.0,-0.013697,-0.0,0.709464
2000-12-14,-22.2133,54.105,0.0,-0.01274,-0.0,0.709464
2000-12-15,-20.507,51.9224,0.0,-0.022586,-0.0,0.709464
2000-12-18,-12.4269,50.6309,0.0,0.013362,0.0,0.709464
2000-12-19,-18.5438,49.2086,0.0,-0.020367,-0.0,0.709464
2000-12-20,-18.4368,47.1294,0.0,-0.028963,-0.0,0.709464
2000-12-21,-24.3033,43.7574,0.0,0.00693,0.0,0.709464
2000-12-22,-29.3138,38.3762,0.0,0.029991,0.0,0.709464
2000-12-26,-27.122,32.9496,0.0,0.01074,0.0,0.709464
2000-12-27,-23.8572,30.4193,0.0,0.00732,0.0,0.709464
2000-12-28,-20.0924,29.7168,0.0,0.003047,0.0,0.709464
2000-12-29,-24.928,28.2279,0.0,-0.01893,-0.0,0.709464
2001-01-02,-20.3488,25.4529,0.0,-0.018104,-0.0,0.709464
2001-01-03,-20.2634,22.8361,0.0,0.048035,0.0,0.709464
2001-01-04,-21.415,19.3675,0.0,-0.010764,-0.0,0.709464
2001-01-05,-25.2497,16.6171,0.0,-0.032643,-0.0,0.709464
2001-01-08,-30.1852,14.139,0.0,0.007741,0.0,0.709464
2001-01-09,-27.8336,10.6164,0.0,-0.00264,-0.0,0.709464
2001-01-10,-32.1474,7.9736,0.0,0.017569,0.0,0.709464
2001-01-11,-27.4075,5.7992,0.0,0.000945,0.0,0.709464
2001-01-12,-26.4061,4.6643,0.0,-0.00189,-0.0,0.709464
2001-01-16,-16.3747,4.3054,0.0,0.006392,0.0,0.709464
2001-01-17,-28.2865,3.5949,0.0,0.004588,0.0,0.709464
2001-01-18,-34.3083,3.0233,0.0,0.009952,0.0,0.709464
2001-01-19,-32.1981,2.2882,0.0,-0.00568,-0.0,0.709464
2001-01-22,-23.9026,1.3848,0.0,0.006645,0.0,0.709464
2001-01-23,-23.3354,0.9886,0.0,0.007876,0.0,0.709464
2001-01-24,-24.6654,0.5642,0.0,0.002987,0.0,0.709464
2001-01-25,-29.4817,0.0065,0.0,-0.00252,-0.0,0.709464
2001-01-26,-37.5482,-0.6707,0.0,-0.001149,-0.0,0.709464
2001-01-29,-36.3496,-1.6318,0.0,0.005336,0.0,0.709464
2001-01-30,-38.1138,-3.0315,0.0,0.008785,0.0,0.709464
2001-01-31,-35.2864,-3.9646,0.0,-0.00566,-0.0,0.709464
2001-02-01,-32.0905,-4.0051,0.0,0.006641,0.0,0.709464
2001-02-02,-34.9737,-6.8805,0.0,-0.022693,-0.0,0.709464
2001-02-05,-33.6369,-10.9942,0.0,0.007344,0.0,0.709464
2001-02-06,-29.7698,-12.3003,0.0,-0.002946,-0.0,0.709464
2001-02-07,-26.6216,-12.3852,0.0,-0.00517,-0.0,0.709464
2001-02-08,-24.7206,-12.5415,0.0,-0.011657,-0.0,0.709464
2001-02-09,-31.1479,-14.4424,0.0,-0.009615,-0.0,0.709464
2001-02-12,-30.9043,-16.3018,0.0,0.011453,0.0,0.709464
2001-02-13,-34.5479,-17.4058,0.0,-0.008173,-0.0,0.709464
2001-02-14,-33.0029,-18.4903,0.0,-0.001513,-0.0,0.709464
2001-02-15,-30.4525,-19.2619,0.0,0.009693,0.0,0.709464
2001-02-16,-27.0787,-20.0362,0.0,-0.022049,-0.0,0.709464
2001-02-20,-27.3747,-20.1779,0.0,-0.015414,-0.0,0.709464
2001-02-21,-27.3312,-20.2848,0.0,-0.021575,-0.0,0.709464
2001-02-22,-22.3915,-20.3276,0.0,0.001513,0.0,0.709464
2001-02-23,-28.9551,-20.4279,0.0,-0.006757,-0.0,0.709464
2001-02-26,-28.6001,-20.8342,0.0,0.021287,0.0,0.709464
2001-02-27,-24.4637,-21.2882,0.0,-0.009247,-0.0,0.709464
2001-02-28,-35.1918,-21.5442,0.0,-0.019693,-0.0,0.709464
2001-03-01,-38.5513,-21.9433,0.0,0.005244,0.0,0.709464
2001-03-02,-41.4746,-22.3024,0.0,-0.007945,-0.0,0.709464
2001-03-05,-48.4124,-22.4235,0.0,0.009141,0.0,0.709464
2001-03-06,-48.295,-22.8955,0.0,0.010742,0.0,0.709464
2001-03-07,-45.798,-23.5963,0.0,0.007138,0.0,0.709464
2001-03-08,-42.6941,-23.8799,0.0,0.001103,0.0,0.709464
2001-03-09,-45.2321,-24.1029,0.0,-0.029578,-0.0,0.709464
2001-03-12,-46.8207,-24.1029,0.0,-0.042802,-0.0,0.709464
2001-03-13,-38.3473,-24.1029,0.0,0.01643,0.0,0.709464
2001-03-14,-38.1973,-24.1029,0.0,-0.019746,-0.0,0.709464
2001-03-15,-39.0788,-24.3835,0.0,0.000255,0.0,0.709464
2001-03-16,-42.7459,-24.5645,0.0,-0.020057,-0.0,0.709464
2001-03-19,-44.3414,-24.693,0.0,0.020346,0.0,0.709464
2001-03-20,-47.1628,-24.8243,0.0,-0.026843,-0.0,0.709464
2001-03-21,-48.9777,-25.0889,0.0,-0.016988,-0.0,0.709464
2001-03-22,-48.592,-25.8279,0.0,-0.010155,-0.0,0.709464
2001-03-23,-48.8629,-26.5139,0.0,0.030238,0.0,0.709464
2001-03-26,-50.326,-26.8502,0.0,0.012753,0.0,0.709464
2001-03-27,-46.3994,-26.8502,0.0,0.020442,0.0,0.709464
2001-03-28,-46.1703,-26.8502,0.0,-0.027639,-0.0,0.709464
2001-03-29,-43.9804,-27.205,0.0,0.003825,0.0,0.709464
2001-03-30,-42.6655,-27.353,0.0,0.010478,0.0,0.709464
2001-04-02,-44.3234,-27.3911,0.0,-0.021339,-0.0,0.709464
2001-04-03,-45.0855,-27.6205,0.0,-0.033363,-0.0,0.709464
2001-04-04,-33.3191,-28.06,0.0,0.004167,0.0,0.709464
2001-04-05,-36.5939,-28.4433,0.0,0.037889,0.0,0.709464
2001-04-06,-39.3388,-28.7776,0.0,-0.015211,-0.0,0.709464
2001-04-09,-37.8717,-28.7776,0.0,0.011121,0.0,0.709464
2001-04-10,-36.1909,-29.2184,0.0,0.018244,0.0,0.709464
2001-04-11,-36.9552,-29.2184,0.0,0.000686,0.0,0.709464
2001-04-12,-34.7493,-29.6257,0.0,0.018161,0.0,0.709464
2001-04-16,-38.3212,-30.1111,0.0,-0.010518,-0.0,0.709464
2001-04-17,-43.1068,-30.6784,0.0,0.014116,0.0,0.709464
2001-04-18,-37.4051,-31.0261,0.0,0.039745,0.0,0.709464
2001-04-19,-31.414,-31.0261,0.0,0.013307,0.0,0.709464
2001-04-20,-29.8418,-30.6784,1.0,-0.009153,-0.009153,0.693817
2001-04-23,-28.8591,-30.6784,1.0,-0.018153,-0.018153,0.663069
2001-04-24,-28.9157,-30.6784,1.0,-0.005399,-0.005399,0.65409
2001-04-25,-29.7317,-30.6784,1.0,0.013078,0.013078,0.675723
2001-04-26,-28.5584,-30.6784,1.0,0.004466,0.004466,0.683206
2001-04-27,-22.4372,-30.1471,1.0,0.016651,0.016651,0.711234
2001-04-30,-22.6884,-29.8058,1.0,0.006996,0.006996,0.723205
2001-05-01,-24.3485,-29.7507,1.0,0.003079,0.003079,0.728511
2001-05-02,-20.012,-29.3434,1.0,-0.00181,-0.00181,0.725382
2001-05-03,-20.5328,-28.9354,1.0,-0.012695,-0.012695,0.703479
2001-05-04,-22.2855,-28.8874,1.0,0.017012,0.017012,0.732458
2001-05-07,-23.293,-28.7296,1.0,-0.008638,-0.008638,0.717493
2001-05-08,-24.3784,-28.5793,1.0,-0.000475,-0.000475,0.716678
2001-05-09,-26.5131,-28.5793,1.0,-0.0042,-0.0042,0.709467
2001-05-10,-28.1805,-28.5793,1.0,0.002945,0.002945,0.714502
2001-05-11,-26.7447,-28.3695,1.0,-0.006904,-0.006904,0.702665
2001-05-14,-26.0808,-27.7776,1.0,0.001998,0.001998,0.706067
2001-05-15,-31.2804,-27.7776,0.0,0.004626,0.0,0.706067
2001-05-16,-28.1865,-27.7776,0.0,0.023575,0.0,0.706067
2001-05-17,-26.5182,-27.353,1.0,0.001551,0.001551,0.708713
2001-05-18,-31.8201,-27.7776,0.0,0.004569,0.0,0.708713
2001-05-21,-37.463,-28.1835,0.0,0.014722,0.0,0.708713
2001-05-22,-34.2759,-28.3725,0.0,-0.001291,-0.0,0.708713
2001-05-23,-36.0122,-28.5793,0.0,-0.016961,-0.0,0.708713
2001-05-24,-36.8826,-28.5793,0.0,0.00294,0.0,0.708713
2001-05-25,-39.2096,-28.7088,0.0,-0.011803,-0.0,0.708713
2001-05-29,-40.7954,-28.8874,0.0,-0.007962,-0.0,0.708713
2001-05-30,-41.9092,-28.8874,0.0,-0.014007,-0.0,0.708713
2001-05-31,-38.9245,-28.8874,0.0,0.005188,0.0,0.708713
2001-06-01,-37.0317,-28.8874,0.0,0.006193,0.0,0.708713
2001-06-04,-35.4984,-28.8874,0.0,0.004813,0.0,0.708713
2001-06-05,-31.9656,-28.8874,0.0,0.011466,0.0,0.708713
2001-06-06,-32.1305,-28.8874,0.0,-0.008308,-0.0,0.708713
2001-06-07,-29.3026,-28.8874,0.0,0.003601,0.0,0.708713
2001-06-08,-34.0683,-28.8874,0.0,-0.009283,-0.0,0.708713
2001-06-11,-30.0731,-28.8874,0.0,-0.007087,-0.0,0.708713
2001-06-12,-26.311,-28.7088,1.0,-0.001745,-0.001745,0.705731
2001-06-13,-22.6836,-28.3725,1.0,-0.00858,-0.00858,0.691096
2001-06-14,-28.6043,-28.3725,0.0,-0.022436,-0.0,0.691096
2001-06-15,-30.494,-28.3725,0.0,0.001611,0.0,0.691096
2001-06-18,-26.6673,-28.1835,1.0,-0.004842,-0.004842,0.682908
2001-06-19,-28.2341,-28.1835,0.0,0.004371,0.0,0.682908
2001-06-20,-29.8552,-28.1835,0.0,0.005255,0.0,0.682908
2001-06-21,-21.2214,-27.4626,1.0,0.011354,0.011354,0.702016
2001-06-22,-19.1771,-26.706,1.0,-0.007834,-0.007834,0.688682
2001-06-25,-16.8356,-26.5927,1.0,-0.009199,-0.009199,0.673148
2001-06-26,-14.3102,-26.5156,1.0,-0.001396,-0.001396,0.670812
2001-06-27,-18.1507,-26.412,1.0,-0.000576,-0.000576,0.66985
2001-06-28,-18.7535,-26.1959,1.0,0.005515,0.005515,0.679059
2001-06-29,-25.307,-25.6939,1.0,0.003684,0.003684,0.685245
2001-07-02,-26.1142,-25.6939,0.0,0.01248,0.0,0.685245
2001-07-03,-23.7208,-24.8427,1.0,-0.000242,-0.000242,0.684837
2001-07-05,-27.1285,-24.8427,0.0,-0.0195,-0.0,0.684837
2001-07-06,-24.7966,-24.5875,0.0,-0.021614,-0.0,0.684837
2001-07-09,-25.8913,-24.5875,0.0,0.00546,0.0,0.684837
2001-07-10,-27.2192,-24.5875,0.0,-0.01203,-0.0,0.684837
2001-07-11,-21.0325,-24.3634,1.0,0.001015,0.001015,0.686547
2001-07-12,-6.3305,-24.0347,1.0,0.023737,0.023737,0.72658
2001-07-13,-3.3371,-23.5069,1.0,0.008664,0.008664,0.741539
2001-07-16,-5.8027,-22.9907,1.0,-0.012516,-0.012516,0.719742
2001-07-17,-13.2178,-22.686,1.0,0.009361,0.009361,0.735841
2001-07-18,-0.605,-22.5604,1.0,-0.006812,-0.006812,0.724016
2001-07-19,12.7262,-22.3614,1.0,0.008759,0.008759,0.739117
2001-07-20,10.8899,-21.7535,1.0,-0.005981,-0.005981,0.728715
2001-07-23,-5.7912,-21.127,1.0,-0.019696,-0.019696,0.694667
2001-07-24,-6.4976,-20.7826,1.0,-0.009668,-0.009668,0.678283
2001-07-25,-7.3481,-20.2724,1.0,0.011035,0.011035,0.696802
2001-07-26,-4.2143,-19.5946,1.0,0.010496,0.010496,0.714612
2001-07-27,4.1086,-18.9653,1.0,0.003822,0.003822,0.721165
2001-07-30,0.7154,-18.4521,1.0,0.000331,0.000331,0.721735
2001-07-31,5.9524,-17.4931,1.0,0.004137,0.004137,0.728858
2001-08-01,5.1016,-15.5729,1.0,0.006263,0.006263,0.739686
2001-08-02,-0.9844,-13.764,1.0,0.004095,0.004095,0.74681
2001-08-03,-0.3632,-10.2829,1.0,-0.005464,-0.005464,0.737265
2001-08-06,-3.2025,-6.9228,1.0,-0.01345,-0.01345,0.713899
2001-08-07,-2.6652,-6.414,1.0,0.003907,0.003907,0.720595
2001-08-08,-5.5906,-6.0666,1.0,-0.018547,-0.018547,0.688683
2001-08-09,-1.8859,-5.797,1.0,0.002953,0.002953,0.69367
2001-08-10,3.6048,-5.6909,1.0,0.003448,0.003448,0.69951
2001-08-13,0.0001,-4.9024,1.0,0.000252,0.000252,0.699938
2001-08-14,4.2606,-3.7757,1.0,-0.000419,-0.000419,0.699226
2001-08-15,3.1399,-3.2698,1.0,-0.008636,-0.008636,0.684551
2001-08-16,1.9356,-2.9338,1.0,0.003467,0.003467,0.690391
2001-08-17,-1.6576,-2.2756,1.0,-0.016013,-0.016013,0.663323
2001-08-20,8.5301,-1.7718,1.0,0.00925,0.00925,0.678709
2001-08-21,6.8987,-1.321,1.0,-0.017059,-0.017059,0.650072
2001-08-22,3.3183,-0.7947,1.0,0.010361,0.010361,0.667168
2001-08-23,8.461,-0.4841,1.0,-0.003589,-0.003589,0.661185
2001-08-24,8.2598,-0.1816,1.0,0.020755,0.020755,0.695663
2001-08-27,-2.5414,-0.1816,0.0,-0.005965,-0.0,0.695663
2001-08-28,0.643,0.3215,1.0,-0.014622,-0.014622,0.670869
2001-08-29,9.4826,0.6792,1.0,-0.00892,-0.00892,0.655965
2001-08-30,12.1758,1.3255,1.0,-0.019215,-0.019215,0.624145
2001-08-31,16.7465,2.5378,1.0,0.007325,0.007325,0.636042
2001-09-04,22.8352,3.2291,1.0,-0.006395,-0.006395,0.62558
2001-09-05,21.8367,3.4615,1.0,0.002469,0.002469,0.629593
2001-09-06,22.5775,3.8567,1.0,-0.02577,-0.02577,0.587599
2001-09-07,23.5794,4.1846,1.0,-0.018507,-0.018507,0.558217
2001-09-10,20.8401,4.6811,1.0,0.012234,0.012234,0.57728
2001-09-17,8.4096,5.527,1.0,-0.05225,-0.05225,0.494867
2001-09-18,3.2831,5.527,0.0,-0.002397,-0.0,0.494867
2001-09-19,6.0535,6.0029,1.0,-0.020183,-0.020183,0.464696
2001-09-20,12.6594,6.4761,1.0,-0.03178,-0.03178,0.418148
2001-09-21,11.3044,7.5793,1.0,-0.010788,-0.010788,0.402849
2001-09-24,8.6158,8.3347,1.0,0.035155,0.035155,0.452166
2001-09-25,8.3283,8.369,0.0,0.010428,0.0,0.452166
2001-09-26,5.6791,8.369,0.0,-0.003538,-0.0,0.452166
2001-09-27,11.0541,8.4353,1.0,0.008679,0.008679,0.46477
2001-09-28,16.8312,8.4955,1.0,0.021218,0.021218,0.495849
2001-10-01,10.6653,8.5729,1.0,-0.001627,-0.001627,0.493415
2001-10-02,11.5388,9.0492,1.0,0.012563,0.012563,0.512177
2001-10-03,11.0718,10.0739,1.0,0.016764,0.016764,0.537527
2001-10-04,12.2186,10.7776,1.0,0.000839,0.000839,0.538817
2001-10-05,15.9064,10.972,1.0,-0.001955,-0.001955,0.535809
2001-10-08,15.7404,11.0629,1.0,-0.006528,-0.006528,0.525783
2001-10-09,2.0166,11.0629,0.0,-0.005351,-0.0,0.525783
2001-10-10,-3.3358,11.0629,0.0,0.022273,0.0,0.525783
2001-10-11,-2.0013,11.0629,0.0,0.01551,0.0,0.525783
2001-10-12,-6.3679,11.0629,0.0,-0.004546,-0.0,0.525783
2001-10-15,-3.5423,11.0629,0.0,-0.001826,-0.0,0.525783
2001-10-16,0.9342,11.0629,0.0,0.006313,0.0,0.525783
2001-10-17,-7.2334,11.0629,0.0,-0.021274,-0.0,0.525783
2001-10-18,-9.5163,11.0629,0.0,-0.002137,-0.0,0.525783
2001-10-19,-0.9482,11.0629,0.0,-0.000652,-0.0,0.525783
2001-10-22,-8.8845,11.0629,0.0,0.019748,0.0,0.525783
2001-10-23,-10.7475,10.972,0.0,-0.005115,-0.0,0.525783
2001-10-24,-12.3212,10.8597,0.0,-0.002663,-0.0,0.525783
2001-10-25,-11.0703,10.8597,0.0,0.017953,0.0,0.525783
2001-10-26,-11.5619,10.8597,0.0,-0.002262,-0.0,0.525783
2001-10-29,-12.7711,10.8597,0.0,-0.026015,-0.0,0.525783
2001-10-30,-4.5833,10.8597,0.0,-0.012006,-0.0,0.525783
2001-10-31,-2.8164,10.8597,0.0,-0.003391,-0.0,0.525783
2001-11-01,-4.8499,10.8597,0.0,0.025614,0.0,0.525783
2001-11-02,-6.0875,10.8597,0.0,0.006819,0.0,0.525783
2001-11-05,-2.9862,10.8597,0.0,0.013089,0.0,0.525783
2001-11-06,0.9873,10.8597,0.0,0.01554,0.0,0.525783
2001-11-07,2.4658,10.8597,0.0,-0.001335,-0.0,0.525783
2001-11-08,7.5682,10.8597,0.0,0.003118,0.0,0.525783
2001-11-09,3.3869,10.8597,0.0,0.001066,0.0,0.525783
2001-11-12,3.824,10.8597,0.0,-0.006121,-0.0,0.525783
2001-11-13,3.8194,10.8597,0.0,0.022494,0.0,0.525783
2001-11-14,4.463,10.8597,0.0,0.00096,0.0,0.525783
2001-11-15,4.5859,10.8597,0.0,0.001831,0.0,0.525783
2001-11-16,4.1617,10.8597,0.0,-0.00444,-0.0,0.525783
2001-11-19,-6.152,10.8597,0.0,0.012329,0.0,0.525783
2001-11-20,-8.4275,10.8597,0.0,-0.008378,-0.0,0.525783
2001-11-21,-6.701,10.8597,0.0,-0.00662,-0.0,0.525783
2001-11-23,-0.6672,10.8597,0.0,0.014381,0.0,0.525783
2001-11-26,-5.532,10.8597,0.0,0.002161,0.0,0.525783
2001-11-27,-0.3097,10.8597,0.0,-0.004313,-0.0,0.525783
2001-11-28,-1.8252,10.8597,0.0,-0.018106,-0.0,0.525783
2001-11-29,5.7564,10.8597,0.0,0.013499,0.0,0.525783
2001-11-30,13.2284,11.0629,1.0,-0.007138,-0.007138,0.514892
2001-12-03,15.1051,11.1881,1.0,-0.005963,-0.005963,0.505859
2001-12-04,7.0702,11.1881,0.0,0.016936,0.0,0.505859
2001-12-05,4.2215,11.0629,0.0,0.018302,0.0,0.505859
2001-12-06,-0.1316,10.8597,0.0,-0.000511,-0.0,0.505859
2001-12-07,-7.0017,9.6406,0.0,-0.006648,-0.0,0.505859
2001-12-10,-7.6091,8.5127,0.0,-0.018703,-0.0,0.505859
2001-12-11,-8.6497,8.369,0.0,-0.00201,-0.0,0.505859
2001-12-12,-2.2821,7.9483,0.0,0.001139,0.0,0.505859
2001-12-13,-5.7412,7.3192,0.0,-0.019426,-0.0,0.505859
2001-12-14,-13.2177,6.5618,0.0,0.009548,0.0,0.505859
2001-12-17,-19.6703,6.5618,0.0,0.010342,0.0,0.505859
2001-12-18,-15.8677,6.4133,0.0,0.00595,0.0,0.505859
2001-12-19,-15.646,5.7177,0.0,0.007045,0.0,0.505859
2001-12-20,-20.9707,5.1325,0.0,-0.009846,-0.0,0.505859
2001-12-21,-16.4509,4.5245,0.0,0.006065,0.0,0.505859
2001-12-24,-20.9615,4.3423,0.0,-0.001914,-0.0,0.505859
2001-12-26,-35.5782,4.1916,0.0,0.005491,0.0,0.505859
2001-12-27,-37.3048,3.9928,0.0,0.006068,0.0,0.505859
2001-12-28,-33.3637,3.8217,0.0,-0.000517,-0.0,0.505859
2001-12-31,-34.3394,3.6031,0.0,-0.014655,-0.0,0.505859
2002-01-02,-33.7026,2.9264,0.0,0.010761,0.0,0.505859
2002-01-03,-27.1034,2.2412,0.0,0.011339,0.0,0.505859
2002-01-04,-19.7189,1.5019,0.0,0.006676,0.0,0.505859
2002-01-07,-14.6098,0.9607,0.0,-0.007057,-0.0,0.505859
2002-01-08,-10.5074,0.4013,0.0,-0.002312,-0.0,0.505859
2002-01-09,-9.9672,-0.2207,0.0,-0.008153,-0.0,0.505859
2002-01-10,-13.4801,-0.2207,0.0,0.004413,0.0,0.505859
2002-01-11,-0.3899,-0.2207,0.0,-0.00982,-0.0,0.505859
2002-01-14,3.6194,0.4013,1.0,-0.006265,-0.006265,0.496425
2002-01-15,-7.9169,0.4013,0.0,0.008142,0.0,0.496425
2002-01-16,-13.5441,-0.2207,0.0,-0.020235,-0.0,0.496425
2002-01-17,-21.3761,-0.2207,0.0,0.007534,0.0,0.496425
2002-01-18,-21.2218,-0.2207,0.0,-0.004575,-0.0,0.496425
2002-01-22,-18.4848,-0.2207,0.0,-0.006893,-0.0,0.496425
2002-01-23,-21.5362,-0.2207,0.0,0.007653,0.0,0.496425
2002-01-24,-25.8801,-0.2207,0.0,0.003091,0.0,0.496425
2002-01-25,-21.6194,-0.2207,0.0,-0.000263,-0.0,0.496425
2002-01-28,-15.5418,-0.2207,0.0,0.002729,0.0,0.496425
2002-01-29,-14.4554,-0.2207,0.0,-0.031442,-0.0,0.496425
2002-01-30,-19.7769,-0.2207,0.0,0.014417,0.0,0.496425
2002-01-31,-18.6693,-0.2207,0.0,0.01171,0.0,0.496425
2002-02-01,-17.6578,-0.2207,0.0,-0.004683,-0.0,0.496425
2002-02-04,-16.3379,-0.2207,0.0,-0.024856,-0.0,0.496425
2002-02-05,-15.154,-0.2207,0.0,-0.00619,-0.0,0.496425
2002-02-06,-14.6131,-0.2207,0.0,-0.004305,-0.0,0.496425
2002-02-07,-11.0615,-0.3498,0.0,-0.006256,-0.0,0.496425
2002-02-08,-8.4779,-0.5285,0.0,0.019163,0.0,0.496425
2002-02-11,-10.4371,-1.2462,0.0,0.012263,0.0,0.496425
2002-02-12,-12.037,-2.0537,0.0,-0.00314,-0.0,0.496425
2002-02-13,-6.4971,-3.9071,0.0,0.010622,0.0,0.496425
2002-02-14,-4.4357,-4.9839,1.0,-0.001871,-0.001871,0.493625
2002-02-15,-5.3278,-5.4299,1.0,-0.010441,-0.010441,0.47803
2002-02-19,-4.1371,-5.4299,1.0,-0.019208,-0.019208,0.44964
2002-02-20,-3.913,-5.4299,1.0,0.016826,0.016826,0.474032
2002-02-21,-9.6367,-5.4299,0.0,-0.020707,-0.0,0.474032
2002-02-22,-15.711,-5.4299,0.0,0.012373,0.0,0.474032
2002-02-25,-13.4473,-5.4299,0.0,0.016508,0.0,0.474032
2002-02-26,-18.1382,-5.6366,0.0,-0.002064,-0.0,0.474032
2002-02-27,-13.6488,-6.1192,0.0,0.003866,0.0,0.474032
2002-02-28,-9.5678,-6.7494,0.0,-0.004478,-0.0,0.474032
2002-03-01,-11.7889,-7.3054,0.0,0.023302,0.0,0.474032
2002-03-04,-9.7711,-7.763,0.0,0.017673,0.0,0.474032
2002-03-05,-7.8309,-7.8739,1.0,-0.003197,-0.003197,0.469319
2002-03-06,-4.1912,-7.8739,1.0,0.011874,0.011874,0.486766
2002-03-07,-1.3682,-7.8739,1.0,-0.002142,-0.002142,0.483581
2002-03-08,1.717,-7.8739,1.0,0.004206,0.004206,0.489821
2002-03-11,3.7851,-7.8739,1.0,0.002137,0.002137,0.493005
2002-03-12,-3.1283,-7.8739,1.0,-0.000597,-0.000597,0.492114
2002-03-13,-4.1358,-7.8739,1.0,-0.009644,-0.009644,0.477724
2002-03-14,-9.4462,-7.8739,0.0,-0.001379,-0.0,0.477724
2002-03-15,-5.9507,-7.8739,1.0,0.009529,0.009529,0.491805
2002-03-18,-8.1384,-8.0277,0.0,0.000172,0.0,0.491805
2002-03-19,-7.2025,-7.8739,1.0,0.006685,0.006685,0.501778
2002-03-20,-4.2116,-7.5167,1.0,-0.018816,-0.018816,0.47352
2002-03-21,-0.962,-6.8498,1.0,0.000434,0.000434,0.47416
2002-03-22,-7.4375,-6.8498,0.0,-0.002169,-0.0,0.47416
2002-03-25,-10.8852,-6.8498,0.0,-0.012431,-0.0,0.47416
2002-03-26,-6.8419,-6.6695,0.0,0.00581,0.0,0.47416
2002-03-27,-6.703,-6.6001,0.0,0.002626,0.0,0.47416
2002-03-28,-4.9642,-6.2239,1.0,-0.000437,-0.000437,0.473515
2002-04-01,-4.8907,-5.6393,1.0,0.000437,0.000437,0.474159
2002-04-02,-6.7957,-5.6393,0.0,-0.005499,-0.0,0.474159
2002-04-03,-9.103,-5.6393,0.0,-0.007021,-0.0,0.474159
2002-04-04,-4.4519,-5.146,1.0,-0.004154,-0.004154,0.468036
2002-04-05,-0.7616,-4.9274,1.0,0.000177,0.000177,0.468295
2002-04-08,-2.1828,-4.6713,1.0,0.002129,0.002129,0.471421
2002-04-09,-3.709,-4.4438,1.0,-0.006995,-0.006995,0.461129
2002-04-10,-3.4619,-4.3236,1.0,0.011325,0.011325,0.477676
2002-04-11,-1.4428,-4.2014,1.0,-0.024865,-0.024865,0.440934
2002-04-12,3.2737,-4.1642,1.0,0.007505,0.007505,0.451748
2002-04-15,4.3298,-4.1642,1.0,-0.007628,-0.007628,0.440674
2002-04-16,6.9658,-4.1642,1.0,0.023786,0.023786,0.474942
2002-04-17,2.5398,-4.1364,1.0,-0.00212,-0.00212,0.471815
2002-04-18,-6.3989,-4.1364,0.0,-0.004338,-0.0,0.471815
2002-04-19,-3.0058,-4.0244,1.0,0.003645,0.003645,0.47718
2002-04-22,-0.7301,-3.811,1.0,-0.016655,-0.016655,0.452577
2002-04-23,-7.7193,-3.811,0.0,-0.004324,-0.0,0.452577
2002-04-24,-1.8557,-3.5854,1.0,-0.010043,-0.010043,0.437989
2002-04-25,-5.3134,-3.5854,0.0,0.000548,0.0,0.437989
2002-04-26,-0.9907,-3.2951,1.0,-0.019001,-0.019001,0.410666
2002-04-29,1.5046,-3.067,1.0,-0.004935,-0.004935,0.403704
2002-04-30,3.0338,-2.5943,1.0,0.009358,0.009358,0.41684
2002-05-01,5.9955,-2.0193,1.0,0.012238,0.012238,0.434179
2002-05-02,0.3255,-1.6492,1.0,-0.003847,-0.003847,0.428662
2002-05-03,-2.1595,-1.6492,0.0,-0.010849,-0.0,0.428662
2002-05-06,-1.6653,-1.554,0.0,-0.019615,-0.0,0.428662
2002-05-07,-1.4708,-1.4568,0.0,-0.003508,-0.0,0.428662
2002-05-08,-4.8778,-1.4568,0.0,0.037203,0.0,0.428662
2002-05-09,-11.4533,-1.4568,0.0,-0.011559,-0.0,0.428662
2002-05-10,-8.8179,-1.4568,0.0,-0.01884,-0.0,0.428662
2002-05-13,-6.3644,-1.4568,0.0,0.020337,0.0,0.428662
2002-05-14,-3.8071,-1.4568,0.0,0.021786,0.0,0.428662
2002-05-15,2.0582,-1.4055,1.0,-0.003901,-0.003901,0.423089
2002-05-16,1.5628,-1.1795,1.0,0.005191,0.005191,0.430476
2002-05-17,-0.1173,-0.9764,1.0,0.004893,0.004893,0.437475
2002-05-20,-3.4538,-0.9764,0.0,-0.010821,-0.0,0.437475
2002-05-21,-2.0134,-0.9764,0.0,-0.009116,-0.0,0.437475
2002-05-22,-4.0257,-0.9764,0.0,0.002208,0.0,0.437475
2002-05-23,-6.2082,-0.9764,0.0,0.010648,0.0,0.437475
2002-05-24,0.861,-0.8618,1.0,-0.012807,-0.012807,0.419066
2002-05-28,0.227,-0.7459,1.0,-0.005428,-0.005428,0.411363
2002-05-29,1.1038,-0.4237,1.0,-0.0074,-0.0074,0.400919
2002-05-30,-5.4518,-0.4237,0.0,-0.002796,-0.0,0.400919
2002-05-31,3.0345,0.0549,1.0,0.002056,0.002056,0.403799
2002-06-03,3.1191,0.2763,1.0,-0.026581,-0.026581,0.366485
2002-06-04,3.0617,0.5932,1.0,0.002491,0.002491,0.369889
2002-06-05,2.3001,0.9824,1.0,0.009367,0.009367,0.382721
2002-06-06,5.5844,1.3042,1.0,-0.020358,-0.020358,0.354571
2002-06-07,9.6822,1.3042,1.0,-0.00116,-0.00116,0.353
2002-06-10,6.9391,1.3042,1.0,0.003871,0.003871,0.358237
2002-06-11,7.0391,1.5337,1.0,-0.017158,-0.017158,0.334933
2002-06-12,5.825,1.8105,1.0,0.00608,0.00608,0.343049
2002-06-13,7.3906,2.1792,1.0,-0.010041,-0.010041,0.329563
2002-06-14,6.6849,2.4199,1.0,-0.001478,-0.001478,0.327598
2002-06-17,10.0685,2.7868,1.0,0.026825,0.026825,0.363211
2002-06-18,14.3755,3.0341,1.0,0.008164,0.008164,0.37434
2002-06-19,19.4577,3.0481,1.0,-0.02334,-0.02334,0.342263
2002-06-20,24.8623,3.0904,1.0,-0.012778,-0.012778,0.325112
2002-06-21,27.6271,3.1964,1.0,-0.015636,-0.015636,0.304392
2002-06-24,28.1327,3.8017,1.0,0.005238,0.005238,0.311225
2002-06-25,27.6431,4.9571,1.0,-0.022445,-0.022445,0.281794
2002-06-26,27.5437,5.7047,1.0,0.00164,0.00164,0.283897
2002-06-27,41.2967,5.9102,1.0,0.017499,0.017499,0.306363
2002-06-28,49.4664,6.3402,1.0,-0.004727,-0.004727,0.300188
2002-07-01,43.1484,6.812,1.0,-0.019502,-0.019502,0.274832
2002-07-02,45.0723,6.9525,1.0,-0.021231,-0.021231,0.247766
2002-07-03,52.5337,7.0025,1.0,0.005686,0.005686,0.254861
2002-07-05,39.4158,7.2149,1.0,0.039786,0.039786,0.304787
2002-07-08,34.2499,8.5364,1.0,-0.012486,-0.012486,0.288495
2002-07-09,30.4821,9.8754,1.0,-0.025185,-0.025185,0.256044
2002-07-10,23.3421,12.222,1.0,-0.036402,-0.036402,0.210322
2002-07-11,31.1492,16.9166,1.0,0.008142,0.008142,0.220176
2002-07-12,26.3798,21.3999,1.0,-0.010983,-0.010983,0.206775
2002-07-15,19.0698,21.3999,0.0,0.005335,0.0,0.206775
2002-07-16,22.4513,22.8967,0.0,-0.019277,-0.0,0.206775
2002-07-17,30.0904,24.1022,1.0,0.001987,0.001987,0.209173
2002-07-18,24.448,24.6552,0.0,-0.0324,-0.0,0.209173
2002-07-19,28.8446,25.6211,1.0,-0.035194,-0.035194,0.166617
2002-07-22,31.9067,26.9617,1.0,-0.029631,-0.029631,0.132049
2002-07-23,26.4432,26.9935,0.0,-0.027373,-0.0,0.132049
2002-07-24,18.8692,26.9935,0.0,0.059662,0.0,0.132049
2002-07-25,20.1748,26.9935,0.0,-0.008498,-0.0,0.132049
2002-07-26,12.2619,26.9935,0.0,0.019047,0.0,0.132049
2002-07-29,9.5143,26.9935,0.0,0.048715,0.0,0.132049
2002-07-30,11.153,26.9935,0.0,0.013033,0.0,0.132049
2002-07-31,15.2993,26.9935,0.0,0.002419,0.0,0.132049
2002-08-01,13.7854,26.9935,0.0,-0.026108,-0.0,0.132049
2002-08-02,4.75,26.9935,0.0,-0.022415,-0.0,0.132049
2002-08-05,1.1784,26.9935,0.0,-0.034796,-0.0,0.132049
2002-08-06,-0.7768,26.9935,0.0,0.033664,0.0,0.132049
2002-08-07,4.7617,26.9935,0.0,0.017438,0.0,0.132049
2002-08-08,0.362,26.9935,0.0,0.03235,0.0,0.132049
2002-08-09,-2.2906,26.9935,0.0,0.003739,0.0,0.132049
2002-08-12,4.0795,26.9935,0.0,-0.00734,-0.0,0.132049
2002-08-13,8.5024,26.9935,0.0,-0.018207,-0.0,0.132049
2002-08-14,5.0142,26.9935,0.0,0.036529,0.0,0.132049
2002-08-15,3.4217,26.9935,0.0,0.01388,0.0,0.132049
2002-08-16,3.4019,26.9935,0.0,-0.002994,-0.0,0.132049
2002-08-19,4.5015,26.9935,0.0,0.023385,0.0,0.132049
2002-08-20,2.5326,26.9935,0.0,-0.010587,-0.0,0.132049
2002-08-21,4.5401,26.9935,0.0,0.014408,0.0,0.132049
2002-08-22,8.3349,26.9935,0.0,0.009713,0.0,0.132049
2002-08-23,3.4688,26.9935,0.0,-0.021514,-0.0,0.132049
2002-08-26,3.2937,26.9935,0.0,0.006977,0.0,0.132049
2002-08-27,-3.1929,26.9935,0.0,-0.011547,-0.0,0.132049
2002-08-28,-4.0145,26.9935,0.0,-0.021877,-0.0,0.132049
2002-08-29,-2.1809,26.9935,0.0,0.000434,0.0,0.132049
2002-08-30,-7.4099,26.9935,0.0,-0.003907,-0.0,0.132049
2002-09-03,-2.5471,26.9935,0.0,-0.038134,-0.0,0.132049
2002-09-04,-2.2564,26.9935,0.0,0.014273,0.0,0.132049
2002-09-05,-7.6932,26.9935,0.0,-0.008488,-0.0,0.132049
2002-09-06,-15.0105,26.9935,0.0,0.013742,0.0,0.132049
2002-09-09,-15.8558,26.9935,0.0,0.007333,0.0,0.132049
2002-09-10,-16.6593,26.9935,0.0,0.011471,0.0,0.132049
2002-09-11,-13.9651,26.9935,0.0,-0.006216,-0.0,0.132049
2002-09-12,-15.733,26.9935,0.0,-0.018436,-0.0,0.132049
2002-09-13,-17.1156,26.9935,0.0,0.00246,0.0,0.132049
2002-09-16,-10.5155,26.9935,0.0,0.002454,0.0,0.132049
2002-09-17,-13.7849,26.9935,0.0,-0.022917,-0.0,0.132049
2002-09-18,-19.0117,26.9935,0.0,-0.010019,-0.0,0.132049
2002-09-19,-21.9194,26.9935,0.0,-0.025877,-0.0,0.132049
2002-09-20,-18.3631,26.4115,0.0,0.000332,0.0,0.132049
2002-09-23,-11.414,25.4139,0.0,-0.00818,-0.0,0.132049
2002-09-24,-15.3318,23.895,0.0,-0.016137,-0.0,0.132049
2002-09-25,-13.3224,22.8967,0.0,0.024784,0.0,0.132049
2002-09-26,-12.6451,21.3131,0.0,0.016361,0.0,0.132049
2002-09-27,-14.8766,19.6223,0.0,-0.034761,-0.0,0.132049
2002-09-30,-18.9884,18.9695,0.0,-0.011601,-0.0,0.132049
2002-10-01,-20.18,17.0842,0.0,0.04805,0.0,0.132049
2002-10-02,-19.9618,14.5423,0.0,-0.029982,-0.0,0.132049
2002-10-03,-21.5806,13.0236,0.0,-0.010102,-0.0,0.132049
2002-10-04,-24.0652,11.7074,0.0,-0.018345,-0.0,0.132049
2002-10-07,-24.1638,10.3336,0.0,-0.020669,-0.0,0.132049
2002-10-08,-24.9613,9.0083,0.0,0.015671,0.0,0.132049
2002-10-09,-21.1707,8.4186,0.0,-0.028244,-0.0,0.132049
2002-10-10,-17.5647,6.6745,0.0,0.032394,0.0,0.132049
2002-10-11,-14.0877,4.8879,0.0,0.043781,0.0,0.132049
2002-10-14,-14.1976,4.7559,0.0,0.005584,0.0,0.132049
2002-10-15,-14.1858,4.6451,0.0,0.048092,0.0,0.132049
2002-10-16,-11.4752,4.5208,0.0,-0.024239,-0.0,0.132049
2002-10-17,-10.0261,4.2905,0.0,0.019873,0.0,0.132049
2002-10-18,-6.6384,3.7741,0.0,0.004192,0.0,0.132049
2002-10-21,-5.0306,3.4452,0.0,0.01726,0.0,0.132049
2002-10-22,-9.7604,3.4118,0.0,-0.007208,-0.0,0.132049
2002-10-23,-18.4043,3.3478,0.0,0.007596,0.0,0.132049
2002-10-24,-22.5249,2.9131,0.0,-0.020399,-0.0,0.132049
2002-10-25,-22.2247,1.8555,0.0,0.020824,0.0,0.132049
2002-10-28,-21.6324,0.7702,0.0,-0.006541,-0.0,0.132049
2002-10-29,-27.2723,-0.2074,0.0,-0.011606,-0.0,0.132049
2002-10-30,-29.309,-1.4789,0.0,0.00971,0.0,0.132049
2002-10-31,-29.6868,-2.2187,0.0,-0.010176,-0.0,0.132049
2002-11-01,-32.1471,-2.2735,0.0,0.019769,0.0,0.132049
2002-11-04,-30.1626,-2.4189,0.0,0.009527,0.0,0.132049
2002-11-05,-30.522,-2.87,0.0,0.007901,0.0,0.132049
2002-11-06,-26.5555,-3.6037,0.0,0.012956,0.0,0.132049
2002-11-07,-28.7848,-4.5226,0.0,-0.024505,-0.0,0.132049
2002-11-08,-30.8814,-5.8345,0.0,-0.01223,-0.0,0.132049
2002-11-11,-32.3325,-7.0242,0.0,-0.015505,-0.0,0.132049
2002-11-12,-31.5437,-7.5516,0.0,0.007931,0.0,0.132049
2002-11-13,-30.9717,-8.7268,0.0,0.001012,0.0,0.132049
2002-11-14,-25.73,-9.8932,0.0,0.018866,0.0,0.132049
2002-11-15,-23.1091,-10.2708,0.0,0.007384,0.0,0.132049
2002-11-18,-25.963,-10.9647,0.0,-0.010065,-0.0,0.132049
2002-11-19,-19.8381,-11.4446,0.0,-0.001326,-0.0,0.132049
2002-11-20,-20.899,-12.0601,0.0,0.022244,0.0,0.132049
2002-11-21,-26.9302,-12.9837,0.0,0.018621,0.0,0.132049
2002-11-22,-26.9207,-13.5536,0.0,-0.007121,-0.0,0.132049
2002-11-25,-29.1802,-13.875,0.0,0.000642,0.0,0.132049
2002-11-26,-28.6817,-14.0264,0.0,-0.019042,-0.0,0.132049
2002-11-27,-34.1948,-14.1367,0.0,0.028135,0.0,0.132049
2002-11-29,-37.3963,-14.1917,0.0,-0.003182,-0.0,0.132049
2002-12-02,-39.7213,-14.5371,0.0,0.001596,0.0,0.132049
2002-12-03,-38.1414,-14.9435,0.0,-0.013386,-0.0,0.132049
2002-12-04,-41.237,-15.1711,0.0,-0.004523,-0.0,0.132049
2002-12-05,-41.5927,-15.5324,0.0,-0.011033,-0.0,0.132049
2002-12-06,-40.5548,-15.5324,0.0,0.006563,0.0,0.132049
2002-12-09,-37.4417,-15.5324,0.0,-0.027491,-0.0,0.132049
2002-12-10,-34.3403,-16.4243,0.0,0.013408,0.0,0.132049
2002-12-11,-36.9532,-17.3402,0.0,0.000882,0.0,0.132049
2002-12-12,-38.799,-17.9639,0.0,-0.00011,-0.0,0.132049
2002-12-13,-41.9771,-18.3837,0.0,-0.015754,-0.0,0.132049
2002-12-16,-41.8789,-18.6964,0.0,0.025856,0.0,0.132049
2002-12-17,-40.3197,-18.6964,0.0,-0.008729,-0.0,0.132049
2002-12-18,-42.6688,-18.6964,0.0,-0.011557,-0.0,0.132049
2002-12-19,-42.9684,-19.4132,0.0,-0.007126,-0.0,0.132049
2002-12-20,-44.5403,-19.9,0.0,0.014268,0.0,0.132049
2002-12-23,-43.684,-20.0709,0.0,0.000333,0.0,0.132049
2002-12-24,-40.5787,-20.5395,0.0,-0.007443,-0.0,0.132049
2002-12-26,-44.7082,-21.0348,0.0,0.000448,0.0,0.132049
2002-12-27,-44.4745,-21.3757,0.0,-0.022486,-0.0,0.132049
2002-12-30,-43.9367,-21.6065,0.0,0.008355,0.0,0.132049
2002-12-31,-43.0138,-21.9286,0.0,0.001362,0.0,0.132049
2003-01-02,-42.1587,-22.3748,0.0,0.032188,0.0,0.132049
2003-01-03,-44.5579,-22.817,0.0,0.003075,0.0,0.132049
2003-01-06,-45.3559,-22.817,0.0,0.017625,0.0,0.132049
2003-01-07,-44.5449,-22.817,0.0,-0.002475,-0.0,0.132049
2003-01-08,-46.3714,-22.817,0.0,-0.01445,-0.0,0.132049
2003-01-09,-45.6299,-24.4195,0.0,0.015538,0.0,0.132049
2003-01-10,-44.4372,-25.8465,0.0,0.002694,0.0,0.132049
2003-01-13,-43.858,-26.2592,0.0,-0.000322,-0.0,0.132049
2003-01-14,-45.9396,-26.7381,0.0,0.003225,0.0,0.132049
2003-01-15,-44.3721,-26.9255,0.0,-0.009964,-0.0,0.132049
2003-01-16,-46.6175,-27.1012,0.0,-0.004113,-0.0,0.132049
2003-01-17,-41.9576,-27.977,0.0,-0.014779,-0.0,0.132049
2003-01-21,-41.8343,-28.7332,0.0,-0.015552,-0.0,0.132049
2003-01-22,-38.1749,-28.9825,0.0,-0.012101,-0.0,0.132049
2003-01-23,-39.8476,-29.2446,0.0,0.006125,0.0,0.132049
2003-01-24,-36.0978,-29.4979,0.0,-0.026265,-0.0,0.132049
2003-01-27,-34.763,-29.9247,0.0,-0.013661,-0.0,0.132049
2003-01-28,-33.4678,-30.3423,0.0,0.007395,0.0,0.132049
2003-01-29,-33.7237,-30.7017,0.0,0.007573,0.0,0.132049
2003-01-30,-34.424,-30.9265,0.0,-0.023705,-0.0,0.132049
2003-01-31,-27.8831,-30.9265,1.0,0.019306,0.019306,0.153905
2003-02-03,-25.8959,-30.9265,1.0,0.001976,0.001976,0.156185
2003-02-04,-23.3106,-30.7017,1.0,-0.009858,-0.009858,0.144787
2003-02-05,-20.6589,-30.7017,1.0,-0.006208,-0.006208,0.13768
2003-02-06,-28.4223,-30.0308,1.0,-0.004714,-0.004714,0.132317
2003-02-07,-24.7323,-30.0308,1.0,-0.012197,-0.012197,0.118506
2003-02-10,-27.2929,-30.0308,1.0,0.007073,0.007073,0.126418
2003-02-11,-29.6884,-29.4343,0.0,-0.006904,-0.0,0.126418
2003-02-12,-35.1769,-29.4343,0.0,-0.015941,-0.0,0.126418
2003-02-13,-32.9737,-29.4343,0.0,0.003045,0.0,0.126418
2003-02-14,-33.0264,-29.4343,0.0,0.021858,0.0,0.126418
2003-02-18,-28.5975,-29.4343,1.0,0.017588,0.017588,0.146229
2003-02-19,-28.8015,-29.4343,1.0,-0.005255,-0.005255,0.140206
2003-02-20,-26.6818,-29.4343,1.0,-0.009979,-0.009979,0.128827
2003-02-21,-28.0935,-29.4343,1.0,0.01008,0.01008,0.140206
2003-02-24,-22.6187,-29.4343,1.0,-0.016201,-0.016201,0.121734
2003-02-25,-16.211,-29.4343,1.0,0.007995,0.007995,0.130702
2003-02-26,-16.1793,-29.4343,1.0,-0.014561,-0.014561,0.114238
2003-02-27,-11.2188,-29.2449,1.0,0.013215,0.013215,0.128962
2003-02-28,-13.8191,-29.2449,1.0,0.00664,0.00664,0.136459
2003-03-03,-9.5803,-28.6995,1.0,-0.009541,-0.009541,0.125616
2003-03-04,-8.8256,-28.5099,1.0,-0.015936,-0.015936,0.107678
2003-03-05,-11.3737,-28.2579,1.0,0.00846,0.00846,0.117049
2003-03-06,-14.3147,-27.9883,1.0,-0.008389,-0.008389,0.107678
2003-03-07,-17.9066,-27.588,1.0,0.006889,0.006889,0.115309
2003-03-10,-15.6785,-26.9873,1.0,-0.024004,-0.024004,0.088537
2003-03-11,-15.2899,-26.2888,1.0,-0.009838,-0.009838,0.077828
2003-03-12,-17.112,-25.3141,1.0,0.006706,0.006706,0.085056
2003-03-13,-16.5567,-24.0214,1.0,0.034542,0.034542,0.122536
2003-03-14,-15.8571,-22.9646,1.0,0.00322,0.00322,0.12615
2003-03-17,-16.4316,-21.6388,1.0,0.031498,0.031498,0.161622
2003-03-18,-20.355,-20.507,1.0,0.005878,0.005878,0.16845
2003-03-19,-16.2796,-19.1308,1.0,0.007675,0.007675,0.177418
2003-03-20,-12.9176,-17.5093,1.0,0.00216,0.00216,0.179961
2003-03-21,-15.105,-16.8343,1.0,0.021344,0.021344,0.205146
2003-03-24,-13.3587,-16.4942,1.0,-0.033232,-0.033232,0.165097
2003-03-25,-17.1784,-16.4942,0.0,0.009574,0.0,0.165097
2003-03-26,-12.7268,-16.3556,1.0,-0.005027,-0.005027,0.15924
2003-03-27,-14.6262,-16.2453,1.0,0.000804,0.000804,0.160172
2003-03-28,-16.1279,-16.1951,1.0,-0.005048,-0.005048,0.154315
2003-03-31,-14.1728,-16.1536,1.0,-0.02272,-0.02272,0.128089
2003-04-01,-13.9208,-15.9925,1.0,0.015342,0.015342,0.145396
2003-04-02,-11.5003,-15.7678,1.0,0.024175,0.024175,0.173086
2003-04-03,-11.7359,-15.4842,1.0,-0.004766,-0.004766,0.167495
2003-04-04,-14.6028,-15.1974,1.0,0.005929,0.005929,0.174417
2003-04-07,-7.7695,-14.8656,1.0,-0.001927,-0.001927,0.172154
2003-04-08,-6.0575,-14.6145,1.0,0.00159,0.00159,0.174018
2003-04-09,-7.6248,-14.4588,1.0,-0.013153,-0.013153,0.158576
2003-04-10,-11.9061,-14.2438,1.0,0.005515,0.005515,0.164966
2003-04-11,-12.0984,-14.0468,1.0,-0.004114,-0.004114,0.160173
2003-04-14,-17.1536,-14.0468,0.0,0.020655,0.0,0.160173
2003-04-15,-16.2322,-14.0468,0.0,0.009331,0.0,0.160173
2003-04-16,-17.1299,-14.0468,0.0,-0.017042,-0.0,0.160173
2003-04-17,-19.0767,-14.0468,0.0,0.014844,0.0,0.160173
2003-04-21,-24.3548,-14.0468,0.0,0.001005,0.0,0.160173
2003-04-22,-24.7982,-14.0468,0.0,0.018851,0.0,0.160173
2003-04-23,-22.5846,-14.0468,0.0,0.009196,0.0,0.160173
2003-04-24,-20.1544,-14.0468,0.0,-0.008895,-0.0,0.160173
2003-04-25,-14.0764,-13.9986,0.0,-0.012369,-0.0,0.160173
2003-04-28,-11.6405,-13.87,1.0,0.017289,0.017289,0.180231
2003-04-29,-13.206,-13.5889,1.0,0.003486,0.003486,0.184345
2003-04-30,-12.6083,-13.2823,1.0,-0.002172,-0.002172,0.181773
2003-05-01,-11.5435,-13.0618,1.0,-0.000109,-0.000109,0.181644
2003-05-02,-10.9585,-12.8222,1.0,0.014255,0.014255,0.198489
2003-05-05,-10.4954,-12.6676,1.0,-0.001931,-0.001931,0.196174
2003-05-06,-7.6558,-12.3534,1.0,0.009459,0.009459,0.207489
2003-05-07,-9.5498,-12.0022,1.0,-0.005537,-0.005537,0.200803
2003-05-08,-10.6899,-11.821,1.0,-0.010065,-0.010065,0.188717
2003-05-09,-12.2254,-11.821,0.0,0.013845,0.0,0.188717
2003-05-12,-9.5309,-11.6882,1.0,0.012269,0.012269,0.203301
2003-05-13,-8.0902,-11.592,1.0,-0.001792,-0.001792,0.201145
2003-05-14,-5.0176,-11.5219,1.0,-0.002112,-0.002112,0.198608
2003-05-15,-8.8214,-11.437,1.0,0.006348,0.006348,0.206217
2003-05-16,-5.8254,-11.2962,1.0,-0.002524,-0.002524,0.203172
2003-05-19,-9.7461,-11.0887,1.0,-0.0234,-0.0234,0.175018
2003-05-20,-11.6832,-11.0887,0.0,-0.002052,-0.0,0.175018
2003-05-21,-6.1931,-10.8242,1.0,0.002056,0.002056,0.177434
2003-05-22,-9.7947,-10.5926,1.0,0.00993,0.00993,0.189126
2003-05-23,-6.5204,-10.145,1.0,0.00203,0.00203,0.19154
2003-05-27,-4.322,-9.7704,1.0,0.017491,0.017491,0.212381
2003-05-28,-5.26,-9.6632,1.0,0.00283,0.00283,0.215812
2003-05-29,1.0762,-9.5651,1.0,-0.002613,-0.002613,0.212635
2003-05-30,5.2857,-9.5403,1.0,0.016035,0.016035,0.23208
2003-06-02,1.9769,-9.1782,1.0,0.004126,0.004126,0.237163
2003-06-03,3.9149,-9.1761,1.0,0.004109,0.004109,0.242247
2003-06-04,6.066,-8.4558,1.0,0.014423,0.014423,0.260164
2003-06-05,6.1212,-7.9298,1.0,0.004942,0.004942,0.266392
2003-06-06,9.5954,-7.7127,1.0,-0.003914,-0.003914,0.261435
2003-06-09,6.0722,-7.6403,1.0,-0.010175,-0.010175,0.2486
2003-06-10,8.0837,-7.0726,1.0,0.010178,0.010178,0.261308
2003-06-11,7.9797,-6.3567,1.0,0.01058,0.01058,0.274653
2003-06-12,10.734,-6.1253,1.0,0.00309,0.00309,0.278591
2003-06-13,13.3752,-5.9415,1.0,-0.010437,-0.010437,0.265247
2003-06-16,17.6086,-5.5427,1.0,0.021093,0.021093,0.291935
2003-06-17,24.3068,-5.1388,1.0,0.0,0.0,0.291935
2003-06-18,22.4833,-4.6698,1.0,-0.000886,-0.000886,0.29079
2003-06-19,22.3496,-1.6229,1.0,-0.015261,-0.015261,0.271091
2003-06-20,24.0776,1.5265,1.0,-0.002207,-0.002207,0.268286
2003-06-23,23.9095,2.9459,1.0,-0.010258,-0.010258,0.255276
2003-06-24,29.4409,4.6003,1.0,0.001016,0.001016,0.256551
2003-06-25,25.6019,5.6758,1.0,-0.010049,-0.010049,0.243924
2003-06-26,18.4828,6.0691,1.0,0.013022,0.013022,0.260122
2003-06-27,22.3243,6.0967,1.0,-0.011539,-0.011539,0.245582
2003-06-30,16.2874,7.0504,1.0,-0.000307,-0.000307,0.2452
2003-07-01,18.3114,8.0317,1.0,0.009218,0.009218,0.256678
2003-07-02,22.7237,8.8395,1.0,0.012586,0.012586,0.272494
2003-07-03,20.0265,10.1647,1.0,-0.010324,-0.010324,0.259357
2003-07-07,23.2112,12.0546,1.0,0.019849,0.019849,0.284354
2003-07-08,26.377,14.8313,1.0,0.004469,0.004469,0.290094
2003-07-09,22.7245,16.948,1.0,-0.005635,-0.005635,0.282824
2003-07-10,26.553,17.96,1.0,-0.012726,-0.012726,0.266499
2003-07-11,25.1313,18.3971,1.0,0.009466,0.009466,0.278488
2003-07-14,20.3264,19.2546,1.0,0.004888,0.004888,0.284737
2003-07-15,16.4693,19.2546,0.0,-0.002183,-0.0,0.284737
2003-07-16,16.9802,19.2546,0.0,-0.00587,-0.0,0.284737
2003-07-17,17.8594,19.2546,0.0,-0.014211,-0.0,0.284737
2003-07-18,29.9712,20.1765,1.0,0.010254,0.010254,0.297911
2003-07-21,22.4021,21.3254,1.0,-0.012361,-0.012361,0.281867
2003-07-22,23.762,22.3369,1.0,0.009056,0.009056,0.293476
2003-07-23,19.2843,22.3369,0.0,0.000706,0.0,0.293476
2003-07-24,25.3042,22.3758,1.0,-0.007558,-0.007558,0.2837
2003-07-25,12.627,22.3758,0.0,0.017667,0.0,0.2837
2003-07-28,14.0509,22.3758,0.0,-0.003691,-0.0,0.2837
2003-07-29,12.7887,22.3758,0.0,-0.004607,-0.0,0.2837
2003-07-30,10.1092,22.3758,0.0,-0.002415,-0.0,0.2837
2003-07-31,12.5213,22.3758,0.0,0.00232,0.0,0.2837
2003-08-01,8.2659,22.3758,0.0,-0.008853,-0.0,0.2837
2003-08-04,10.9249,22.3758,0.0,0.0,0.0,0.2837
2003-08-05,7.4311,22.3758,0.0,-0.021217,-0.0,0.2837
2003-08-06,2.186,22.3758,0.0,0.005808,0.0,0.2837
2003-08-07,4.738,22.3758,0.0,0.010518,0.0,0.2837
2003-08-08,4.6036,22.3758,0.0,0.002856,0.0,0.2837
2003-08-11,12.3305,22.3758,0.0,0.003765,0.0,0.2837
2003-08-12,11.2775,22.3758,0.0,0.009123,0.0,0.2837
2003-08-13,15.2484,22.3758,0.0,-0.005123,-0.0,0.2837
2003-08-14,13.121,22.3758,0.0,0.002726,0.0,0.2837
2003-08-15,11.5084,22.3758,0.0,0.003122,0.0,0.2837
2003-08-18,2.4192,22.3758,0.0,0.008633,0.0,0.2837
2003-08-19,3.4764,22.3758,0.0,0.003782,0.0,0.2837
2003-08-20,2.197,22.3758,0.0,-0.004065,-0.0,0.2837
2003-08-21,5.0492,22.3758,0.0,0.003185,0.0,0.2837
2003-08-22,-0.5471,22.3758,0.0,-0.009923,-0.0,0.2837
2003-08-25,-2.2389,22.3758,0.0,0.001603,0.0,0.2837
2003-08-26,-2.8593,22.3758,0.0,0.001801,0.0,0.2837
2003-08-27,-2.6366,22.3758,0.0,0.0003,0.0,0.2837
2003-08-28,0.1827,22.3758,0.0,0.006191,0.0,0.2837
2003-08-29,-6.4359,22.3758,0.0,0.006749,0.0,0.2837
2003-09-02,-2.6678,22.3758,0.0,0.013407,0.0,0.2837
2003-09-03,-1.2024,22.3758,0.0,0.005447,0.0,0.2837
2003-09-04,2.6017,22.3758,0.0,0.000484,0.0,0.2837
2003-09-05,6.8473,22.3758,0.0,-0.005609,-0.0,0.2837
2003-09-08,5.3583,22.3758,0.0,0.008266,0.0,0.2837
2003-09-09,6.2518,22.3758,0.0,-0.006558,-0.0,0.2837
2003-09-10,9.4811,22.3758,0.0,-0.010097,-0.0,0.2837
2003-09-11,3.8463,22.3758,0.0,0.002942,0.0,0.2837
2003-09-12,0.832,22.3758,0.0,0.001858,0.0,0.2837
2003-09-15,2.4588,22.3758,0.0,-0.003514,-0.0,0.2837
2003-09-16,4.7641,22.3369,0.0,0.014595,0.0,0.2837
2003-09-17,4.2173,21.3254,0.0,-0.001931,-0.0,0.2837
2003-09-18,5.0433,20.1765,0.0,0.011801,0.0,0.2837
2003-09-19,11.111,19.6554,0.0,-0.005087,-0.0,0.2837
2003-09-22,9.3673,18.8835,0.0,-0.010804,-0.0,0.2837
2003-09-23,8.2161,18.3971,0.0,0.003803,0.0,0.2837
2003-09-24,6.0255,18.0854,0.0,-0.017777,-0.0,0.2837
2003-09-25,8.3182,17.4198,0.0,-0.008209,-0.0,0.2837
2003-09-26,8.7348,16.7247,0.0,-0.003291,-0.0,0.2837
2003-09-29,7.754,16.7247,0.0,0.009805,0.0,0.2837
2003-09-30,12.0675,15.8589,0.0,-0.00971,-0.0,0.2837
2003-10-01,13.8705,14.6497,0.0,0.021311,0.0,0.2837
2003-10-02,9.451,13.9607,0.0,0.003625,0.0,0.2837
2003-10-03,13.3615,13.616,0.0,0.009175,0.0,0.2837
2003-10-06,9.6881,13.2413,0.0,0.004546,0.0,0.2837
2003-10-07,10.278,12.9548,0.0,0.003852,0.0,0.2837
2003-10-08,10.5568,12.7078,0.0,-0.002493,-0.0,0.2837
2003-10-09,8.4648,12.5741,0.0,0.002692,0.0,0.2837
2003-10-10,8.7211,12.4259,0.0,0.002781,0.0,0.2837
2003-10-13,10.8781,12.199,0.0,0.003156,0.0,0.2837
2003-10-14,9.9961,11.788,0.0,0.003527,0.0,0.2837
2003-10-15,9.6995,11.393,0.0,-0.00266,-0.0,0.2837
2003-10-16,11.5576,11.393,1.0,0.004,0.004,0.288834
2003-10-17,15.6803,11.393,1.0,-0.01091,-0.01091,0.274773
2003-10-20,17.8263,11.393,1.0,0.007481,0.007481,0.28431
2003-10-21,18.6993,11.393,1.0,-0.001713,-0.001713,0.28211
2003-10-22,15.219,11.393,1.0,-0.012588,-0.012588,0.265971
2003-10-23,17.7241,11.393,1.0,-0.001835,-0.001835,0.263647
2003-10-24,19.4204,11.393,1.0,0.002225,0.002225,0.266459
2003-10-27,17.5722,11.393,1.0,0.000483,0.000483,0.267071
2003-10-28,13.5087,11.533,1.0,0.013606,0.013606,0.284311
2003-10-29,20.019,11.533,1.0,0.001332,0.001332,0.286021
2003-10-30,25.6195,11.8126,1.0,0.002092,0.002092,0.288712
2003-10-31,26.9032,12.199,1.0,-0.000948,-0.000948,0.28749
2003-11-03,24.8908,12.7257,1.0,0.006553,0.006553,0.295927
2003-11-04,23.0283,13.2413,1.0,-0.002171,-0.002171,0.293113
2003-11-05,22.404,13.4351,1.0,0.000757,0.000757,0.294092
2003-11-06,19.027,13.6896,1.0,0.005291,0.005291,0.300939
2003-11-07,20.0243,14.5447,1.0,-0.007425,-0.007425,0.29128
2003-11-10,19.9363,15.2337,1.0,-0.004072,-0.004072,0.286022
2003-11-11,21.8197,15.4496,1.0,-0.000284,-0.000284,0.285657
2003-11-12,22.8303,16.6263,1.0,0.011222,0.011222,0.300084
2003-11-13,18.0416,17.6481,1.0,0.000282,0.000282,0.300451
2003-11-14,20.3073,17.7752,1.0,-0.008462,-0.008462,0.289446
2003-11-17,23.2744,17.9339,1.0,-0.005026,-0.005026,0.282966
2003-11-18,20.2932,18.3705,1.0,-0.010388,-0.010388,0.269638
2003-11-19,24.6951,18.8632,1.0,0.008475,0.008475,0.280398
2003-11-20,25.42,19.2237,1.0,-0.008976,-0.008976,0.268905
2003-11-21,26.3898,19.6783,1.0,0.004143,0.004143,0.274163
2003-11-24,28.12,19.9776,1.0,0.013243,0.013243,0.291036
2003-11-25,29.8583,20.0217,1.0,0.003788,0.003788,0.295927
2003-11-26,27.4924,20.1588,1.0,0.003585,0.003585,0.300573
2003-11-28,31.2289,20.3002,1.0,0.000752,0.000752,0.301551
2003-12-01,28.4789,21.0635,1.0,0.010804,0.010804,0.315613
2003-12-02,23.4612,22.1119,1.0,-0.00251,-0.00251,0.31231
2003-12-03,25.8929,22.6172,1.0,-0.001584,-0.001584,0.310232
2003-12-04,29.3317,22.9293,1.0,0.004106,0.004106,0.315612
2003-12-05,31.8953,23.1513,1.0,-0.00697,-0.00697,0.306442
2003-12-08,29.7587,23.3678,1.0,0.006738,0.006738,0.315245
2003-12-09,21.2872,23.3678,0.0,-0.007716,-0.0,0.315245
2003-12-10,17.6924,23.3678,0.0,-9.4e-05,-0.0,0.315245
2003-12-11,20.7147,23.3678,0.0,0.011244,0.0,0.315245
2003-12-12,16.0832,23.3678,0.0,0.001945,0.0,0.315245
2003-12-15,17.3364,23.3678,0.0,-0.004993,-0.0,0.315245
2003-12-16,18.6404,23.3678,0.0,0.005204,0.0,0.315245
2003-12-17,17.4287,23.3678,0.0,0.003144,0.0,0.315245
2003-12-18,17.706,23.3678,0.0,0.011245,0.0,0.315245
2003-12-19,17.8549,23.3678,0.0,-0.002784,-0.0,0.315245
2003-12-22,19.2188,23.3678,0.0,0.006978,0.0,0.315245
2003-12-23,15.594,23.3678,0.0,0.000639,0.0,0.315245
2003-12-24,17.625,23.3678,0.0,-0.001003,-0.0,0.315245
2003-12-26,17.9639,23.3678,0.0,0.00073,0.0,0.315245
2003-12-29,21.775,23.3678,0.0,0.013309,0.0,0.315245
2003-12-30,19.8924,23.3678,0.0,0.00018,0.0,0.315245
2003-12-31,15.059,23.3678,0.0,0.000899,0.0,0.315245
2004-01-02,14.3851,23.3678,0.0,-0.000449,-0.0,0.315245
2004-01-05,22.1369,23.3678,0.0,0.010879,0.0,0.315245
2004-01-06,19.8052,23.3678,0.0,0.000978,0.0,0.315245
2004-01-07,27.0835,24.0781,1.0,0.003376,0.003376,0.319685
2004-01-08,27.1105,24.793,1.0,0.003984,0.003984,0.324942
2004-01-09,27.0298,25.1554,1.0,-0.008731,-0.008731,0.313374
2004-01-12,29.616,25.5198,1.0,0.007384,0.007384,0.323072
2004-01-13,28.7175,25.7562,1.0,-0.005829,-0.005829,0.31536
2004-01-14,30.317,26.1414,1.0,0.008351,0.008351,0.326345
2004-01-15,24.5832,26.1414,0.0,0.002467,0.0,0.326345
2004-01-16,21.691,26.1414,0.0,0.003955,0.0,0.326345
2004-01-20,18.7282,26.1414,0.0,-0.000263,-0.0,0.326345
2004-01-21,18.382,26.1414,0.0,0.007881,0.0,0.326345
2004-01-22,21.2071,26.1414,0.0,-0.002607,-0.0,0.326345
2004-01-23,20.0512,26.1414,0.0,-0.003222,-0.0,0.326345
2004-01-26,21.8204,26.1414,0.0,0.012584,0.0,0.326345
2004-01-27,20.9977,26.1414,0.0,-0.010271,-0.0,0.326345
2004-01-28,19.9443,26.1414,0.0,-0.011423,-0.0,0.326345
2004-01-29,28.2819,26.6465,1.0,0.000971,0.000971,0.327633
2004-01-30,29.2228,26.9665,1.0,0.0,0.0,0.327633
2004-02-02,27.5273,27.0567,1.0,0.004317,0.004317,0.333364
2004-02-03,25.4214,27.0567,0.0,-0.001667,-0.0,0.333364
2004-02-04,28.4985,27.097,1.0,-0.008174,-0.008174,0.322465
2004-02-05,30.8852,27.3015,1.0,0.002924,0.002924,0.326332
2004-02-06,33.3162,27.5099,1.0,0.011222,0.011222,0.341216
2004-02-09,31.0793,27.8237,1.0,0.000262,0.000262,0.341567
2004-02-10,30.9287,28.2009,1.0,0.003232,0.003232,0.345903
2004-02-11,28.2977,28.2898,1.0,0.010623,0.010623,0.360201
2004-02-12,30.0077,28.3883,1.0,-0.003619,-0.003619,0.355278
2004-02-13,31.2255,28.4887,1.0,-0.004496,-0.004496,0.349185
2004-02-17,31.3414,28.608,1.0,0.009033,0.009033,0.361372
2004-02-18,32.0516,28.9702,1.0,-0.00439,-0.00439,0.355396
2004-02-19,31.3019,29.2772,1.0,-0.003718,-0.003718,0.350356
2004-02-20,30.5,29.4738,1.0,-0.003037,-0.003037,0.346255
2004-02-23,30.9737,29.6873,1.0,-0.002524,-0.002524,0.342857
2004-02-24,29.051,29.6873,0.0,-0.001745,-0.0,0.342857
2004-02-25,25.0219,29.6873,0.0,0.004196,0.0,0.342857
2004-02-26,28.6879,29.6873,0.0,0.00061,0.0,0.342857
2004-02-27,23.9697,29.4738,0.0,0.000696,0.0,0.342857
2004-03-01,23.7945,29.4738,0.0,0.009911,0.0,0.342857
2004-03-02,29.1318,29.2772,0.0,-0.005854,-0.0,0.342857
2004-03-03,25.8573,29.2772,0.0,0.001818,0.0,0.342857
2004-03-04,22.6489,29.2772,0.0,0.002593,0.0,0.342857
2004-03-05,21.3708,29.2772,0.0,0.003362,0.0,0.342857
2004-03-08,21.5479,29.1773,0.0,-0.012201,-0.0,0.342857
2004-03-09,20.1851,29.0914,0.0,-0.004001,-0.0,0.342857
2004-03-10,19.3631,28.8843,0.0,-0.016769,-0.0,0.342857
2004-03-11,17.2561,28.8843,0.0,-0.012968,-0.0,0.342857
2004-03-12,20.7689,28.8843,0.0,0.013138,0.0,0.342857
2004-03-15,26.0032,28.8843,0.0,-0.012257,-0.0,0.342857
2004-03-16,24.4794,28.8843,0.0,0.005305,0.0,0.342857
2004-03-17,21.5864,28.8843,0.0,0.011182,0.0,0.342857
2004-03-18,17.8891,28.8843,0.0,0.000265,0.0,0.342857
2004-03-19,16.1229,28.8843,0.0,-0.014333,-0.0,0.342857
2004-03-22,20.1387,28.8843,0.0,-0.012696,-0.0,0.342857
2004-03-23,20.8882,28.8843,0.0,-0.001733,-0.0,0.342857
2004-03-24,22.9728,28.8843,0.0,0.000822,0.0,0.342857
2004-03-25,24.3763,28.8843,0.0,0.013236,0.0,0.342857
2004-03-26,22.2748,28.8843,0.0,0.00027,0.0,0.342857
2004-03-29,22.4556,28.8843,0.0,0.014051,0.0,0.342857
2004-03-30,23.5873,28.8843,0.0,0.003375,0.0,0.342857
2004-03-31,22.3598,28.8843,0.0,0.001151,0.0,0.342857
2004-04-01,20.3569,28.8843,0.0,0.006012,0.0,0.342857
2004-04-02,20.4291,28.8843,0.0,0.007559,0.0,0.342857
2004-04-05,17.4132,28.8843,0.0,0.005495,0.0,0.342857
2004-04-06,17.3008,28.8843,0.0,-0.003209,-0.0,0.342857
2004-04-07,15.8284,28.8843,0.0,-0.00235,-0.0,0.342857
2004-04-08,21.2572,28.8843,0.0,-0.002268,-0.0,0.342857
2004-04-12,22.9626,28.8843,0.0,0.003934,0.0,0.342857
2004-04-13,22.9997,28.7027,0.0,-0.014022,-0.0,0.342857
2004-04-14,20.0894,28.5932,0.0,0.00159,0.0,0.342857
2004-04-15,18.3796,28.3981,0.0,-0.003792,-0.0,0.342857
2004-04-16,23.4381,28.3981,0.0,0.007702,0.0,0.342857
2004-04-19,25.4135,28.3981,0.0,0.0,0.0,0.342857
2004-04-20,26.0153,28.3981,0.0,-0.016779,-0.0,0.342857
2004-04-21,18.9909,28.3981,0.0,0.006701,0.0,0.342857
2004-04-22,15.9805,28.3981,0.0,0.014023,0.0,0.342857
2004-04-23,16.8894,28.3981,0.0,0.000963,0.0,0.342857
2004-04-26,18.5713,28.3981,0.0,-0.0014,-0.0,0.342857
2004-04-27,13.2601,28.3981,0.0,0.000876,0.0,0.342857
2004-04-28,15.7088,28.3981,0.0,-0.012949,-0.0,0.342857
2004-04-29,16.2128,28.3981,0.0,-0.008775,-0.0,0.342857
2004-04-30,14.6509,27.9125,0.0,-0.00778,-0.0,0.342857
2004-05-03,10.1414,27.1565,0.0,0.010725,0.0,0.342857
2004-05-04,10.4455,27.1565,0.0,-0.000803,-0.0,0.342857
2004-05-05,9.0248,26.0092,0.0,0.006425,0.0,0.342857
2004-05-06,10.1762,25.9303,0.0,-0.008601,-0.0,0.342857
2004-05-07,15.8832,25.6354,0.0,-0.016546,-0.0,0.342857
2004-05-10,18.7028,25.2177,0.0,-0.010276,-0.0,0.342857
2004-05-11,16.7698,24.7506,0.0,0.008453,0.0,0.342857
2004-05-12,16.5385,24.4278,0.0,0.006378,0.0,0.342857
2004-05-13,12.4936,24.173,0.0,-0.004165,-0.0,0.342857
2004-05-14,10.4838,23.8821,0.0,0.000455,0.0,0.342857
2004-05-17,11.8523,23.6909,0.0,-0.008543,-0.0,0.342857
2004-05-18,8.4794,23.5127,0.0,0.005042,0.0,0.342857
2004-05-19,5.0924,23.2189,0.0,-0.003466,-0.0,0.342857
2004-05-20,4.6731,22.9862,0.0,0.003203,0.0,0.342857
2004-05-21,-0.7659,22.9677,0.0,0.001733,0.0,0.342857
2004-05-24,-2.2014,22.8058,0.0,0.004189,0.0,0.342857
2004-05-25,-0.0516,22.5523,0.0,0.014329,0.0,0.342857
2004-05-26,0.7552,22.4077,0.0,0.003486,0.0,0.342857
2004-05-27,-3.6335,22.3173,0.0,0.005614,0.0,0.342857
2004-05-28,-2.7531,21.9306,0.0,-8.9e-05,-0.0,0.342857
2004-06-01,-2.5585,21.5672,0.0,-0.001329,-0.0,0.342857
2004-06-02,-3.4176,21.4594,0.0,0.003726,0.0,0.342857
2004-06-03,1.1457,21.314,0.0,-0.009193,-0.0,0.342857
2004-06-04,-2.4824,21.0727,0.0,0.00794,0.0,0.342857
2004-06-07,-6.404,20.8285,0.0,0.015224,0.0,0.342857
2004-06-08,-7.663,20.8285,0.0,0.001395,0.0,0.342857
2004-06-09,-7.4299,20.8285,0.0,-0.009316,-0.0,0.342857
2004-06-10,-2.4462,20.8285,0.0,0.004922,0.0,0.342857
2004-06-14,-2.6706,20.6587,0.0,-0.009882,-0.0,0.342857
2004-06-15,-4.6654,20.393,0.0,0.007067,0.0,0.342857
2004-06-16,-2.6064,20.2478,0.0,-0.000176,-0.0,0.342857
2004-06-17,-3.8482,20.114,0.0,-0.001491,-0.0,0.342857
2004-06-18,-4.9727,20.114,0.0,0.001887,0.0,0.342857
2004-06-21,-6.6704,20.114,0.0,-0.003784,-0.0,0.342857
2004-06-22,-6.6118,19.5402,0.0,0.005035,0.0,0.342857
2004-06-23,-5.3579,18.8469,0.0,0.008614,0.0,0.342857
2004-06-24,-4.2961,18.6371,0.0,-0.003137,-0.0,0.342857
2004-06-25,0.9449,18.4754,0.0,-0.004808,-0.0,0.342857
2004-06-28,-0.6025,17.8964,0.0,-0.003426,-0.0,0.342857
2004-06-29,1.0812,17.357,0.0,0.004143,0.0,0.342857
2004-06-30,-0.3131,17.0951,0.0,0.005355,0.0,0.342857
2004-07-01,1.7108,16.8296,0.0,-0.013883,-0.0,0.342857
2004-07-02,3.1842,16.6541,0.0,-0.000531,-0.0,0.342857
2004-07-06,5.9735,16.3757,0.0,-0.00877,-0.0,0.342857
2004-07-07,2.7423,16.0967,0.0,0.00295,0.0,0.342857
2004-07-08,1.4536,15.9319,0.0,-0.006951,-0.0,0.342857
2004-07-09,-0.4134,15.9319,0.0,0.002602,0.0,0.342857
2004-07-12,1.0287,15.796,0.0,0.000448,0.0,0.342857
2004-07-13,0.4992,15.1798,0.0,0.000716,0.0,0.342857
2004-07-14,-0.7344,13.9555,0.0,-0.00304,-0.0,0.342857
2004-07-15,-1.291,12.8768,0.0,-0.006456,-0.0,0.342857
2004-07-16,-4.6797,12.1729,0.0,-0.000813,-0.0,0.342857
2004-07-19,-7.6103,11.1681,0.0,-0.004245,-0.0,0.342857
2004-07-20,-6.8966,10.4647,0.0,0.012699,0.0,0.342857
2004-07-21,-6.7105,10.3109,0.0,-0.018452,-0.0,0.342857
2004-07-22,-6.5015,10.1588,0.0,0.002738,0.0,0.342857
2004-07-23,-9.3431,9.5831,0.0,-0.008372,-0.0,0.342857
2004-07-26,-6.528,8.7521,0.0,-0.001928,-0.0,0.342857
2004-07-27,-6.714,7.2264,0.0,0.009379,0.0,0.342857
2004-07-28,-8.0849,5.533,0.0,0.003006,0.0,0.342857
2004-07-29,-8.8537,4.8828,0.0,0.004269,0.0,0.342857
2004-07-30,-14.5473,3.9286,0.0,0.002441,0.0,0.342857
2004-08-02,-15.9785,2.9632,0.0,0.002075,0.0,0.342857
2004-08-03,-17.5404,2.2265,0.0,-0.007743,-0.0,0.342857
2004-08-04,-15.8503,1.5822,0.0,-9e-05,-0.0,0.342857
2004-08-05,-18.2687,1.2996,0.0,-0.016334,-0.0,0.342857
2004-08-06,-17.476,1.1134,0.0,-0.014299,-0.0,0.342857
2004-08-09,-15.9966,1.055,0.0,0.001404,0.0,0.342857
2004-08-10,-15.3589,0.9868,0.0,0.012897,0.0,0.342857
2004-08-11,-14.7612,0.85,0.0,-0.00203,-0.0,0.342857
2004-08-12,-14.5639,0.6272,0.0,-0.010909,-0.0,0.342857
2004-08-13,-15.1769,0.2238,0.0,0.001963,0.0,0.342857
2004-08-16,-18.6057,-0.1824,0.0,0.010356,0.0,0.342857
2004-08-17,-18.1629,-0.3632,0.0,0.005632,0.0,0.342857
2004-08-18,-15.1955,-0.5079,0.0,0.010284,0.0,0.342857
2004-08-19,-13.9874,-0.6684,0.0,-0.002908,-0.0,0.342857
2004-08-20,-14.2715,-0.7501,0.0,0.007018,0.0,0.342857
2004-08-23,-14.3881,-1.0127,0.0,-0.002534,-0.0,0.342857
2004-08-24,-13.25,-1.0127,0.0,0.001361,0.0,0.342857
2004-08-25,-12.6501,-1.8686,0.0,0.006797,0.0,0.342857
2004-08-26,-14.3348,-2.4643,0.0,0.0,0.0,0.342857
2004-08-27,-13.7052,-2.4643,0.0,0.00315,0.0,0.342857
2004-08-30,-12.6468,-2.4643,0.0,-0.008255,-0.0,0.342857
2004-08-31,-13.9776,-2.4643,0.0,0.005248,0.0,0.342857
2004-09-01,-15.843,-2.4643,0.0,0.00189,0.0,0.342857
2004-09-02,-16.4855,-2.5444,0.0,0.011319,0.0,0.342857
2004-09-03,-14.7129,-2.6385,0.0,-0.004086,-0.0,0.342857
2004-09-07,-11.847,-2.6385,0.0,0.0066,0.0,0.342857
2004-09-08,-9.4825,-2.6385,0.0,-0.002481,-0.0,0.342857
2004-09-09,-11.0787,-2.6385,0.0,-0.000888,-0.0,0.342857
2004-09-10,-7.8943,-3.2594,0.0,0.005156,0.0,0.342857
2004-09-13,-10.1867,-4.0721,0.0,0.003273,0.0,0.342857
2004-09-14,-10.9506,-4.0721,0.0,0.002028,0.0,0.342857
2004-09-15,-11.0097,-4.4879,0.0,-0.007567,-0.0,0.342857
2004-09-16,-11.8545,-4.8262,0.0,0.003014,0.0,0.342857
2004-09-17,-11.2039,-5.0188,0.0,0.004251,0.0,0.342857
2004-09-20,-10.0736,-5.0188,0.0,-0.006009,-0.0,0.342857
2004-09-21,-9.9662,-5.0188,0.0,0.004356,0.0,0.342857
2004-09-22,-8.3704,-5.5906,0.0,-0.012482,-0.0,0.342857
2004-09-23,-8.7616,-6.5148,0.0,-0.005379,-0.0,0.342857
2004-09-24,-8.3203,-6.6192,0.0,0.004597,0.0,0.342857
2004-09-27,-9.3708,-6.7122,0.0,-0.00637,-0.0,0.342857
2004-09-28,-7.8867,-6.8053,0.0,0.004786,0.0,0.342857
2004-09-29,-8.4263,-7.2534,0.0,0.005032,0.0,0.342857
2004-09-30,-10.4608,-7.7485,0.0,-0.000716,-0.0,0.342857
2004-10-01,-11.9068,-7.8905,0.0,0.016911,0.0,0.342857
2004-10-04,-14.1443,-7.9896,0.0,0.001672,0.0,0.342857
2004-10-05,-15.5409,-8.2026,0.0,0.000527,0.0,0.342857
2004-10-06,-15.4156,-8.3454,0.0,0.006848,0.0,0.342857
2004-10-07,-14.1106,-8.3984,0.0,-0.010726,-0.0,0.342857
2004-10-08,-18.4768,-8.594,0.0,-0.008285,-0.0,0.342857
2004-10-11,-19.1332,-8.8077,0.0,0.004089,0.0,0.342857
2004-10-12,-24.3641,-9.0984,0.0,-0.003895,-0.0,0.342857
2004-10-13,-22.5552,-9.357,0.0,-0.008798,-0.0,0.342857
2004-10-14,-22.9021,-9.4266,0.0,-0.008069,-0.0,0.342857
2004-10-15,-23.0919,-9.7243,0.0,0.005603,0.0,0.342857
2004-10-18,-22.7837,-10.0199,0.0,0.003776,0.0,0.342857
2004-10-19,-24.0021,-10.1302,0.0,-0.008417,-0.0,0.342857
2004-10-20,-19.1287,-10.3238,0.0,-0.001987,-0.0,0.342857
2004-10-21,-20.376,-10.7057,0.0,0.006515,0.0,0.342857
2004-10-22,-20.6379,-10.9801,0.0,-0.011237,-0.0,0.342857
2004-10-25,-21.7738,-11.0442,0.0,-0.001181,-0.0,0.342857
2004-10-26,-20.1526,-11.1413,0.0,0.015292,0.0,0.342857
2004-10-27,-18.7607,-11.5254,0.0,0.012014,0.0,0.342857
2004-10-28,-17.2067,-11.5254,0.0,0.003012,0.0,0.342857
2004-10-29,-17.4253,-11.5254,0.0,-0.000177,-0.0,0.342857
2004-11-01,-18.2345,-11.5254,0.0,0.002739,0.0,0.342857
2004-11-02,-18.006,-11.5254,0.0,0.000352,0.0,0.342857
2004-11-03,-15.6933,-11.5254,0.0,0.012594,0.0,0.342857
2004-11-04,-17.9225,-11.5254,0.0,0.013655,0.0,0.342857
2004-11-05,-20.7452,-11.5254,0.0,0.006263,0.0,0.342857
2004-11-08,-19.8454,-11.5254,0.0,-0.00145,-0.0,0.342857
2004-11-09,-23.9942,-11.5254,0.0,-0.001965,-0.0,0.342857
2004-11-10,-25.3078,-11.5254,0.0,0.000771,0.0,0.342857
2004-11-11,-24.2893,-11.5254,0.0,0.007608,0.0,0.342857
2004-11-12,-23.4481,-11.5254,0.0,0.007891,0.0,0.342857
2004-11-15,-23.3441,-11.5254,0.0,0.002457,0.0,0.342857
2004-11-16,-22.4097,-11.5254,0.0,-0.007159,-0.0,0.342857
2004-11-17,-21.973,-11.5254,0.0,0.005938,0.0,0.342857
2004-11-18,-21.829,-11.5254,0.0,0.00135,0.0,0.342857
2004-11-19,-18.7708,-11.5254,0.0,-0.011117,-0.0,0.342857
2004-11-22,-21.2851,-11.5254,0.0,0.004769,0.0,0.342857
2004-11-23,-22.0818,-11.5254,0.0,0.001526,0.0,0.342857
2004-11-24,-23.3589,-11.5254,0.0,0.00237,0.0,0.342857
2004-11-26,-21.9968,-11.5254,0.0,-0.00076,-0.0,0.342857
2004-11-29,-24.0169,-11.5254,0.0,-0.004563,-0.0,0.342857
2004-11-30,-24.9632,-11.5254,0.0,0.000679,0.0,0.342857
2004-12-01,-22.8688,-11.5254,0.0,0.011366,0.0,0.342857
2004-12-02,-24.0676,-11.5254,0.0,0.000839,0.0,0.342857
2004-12-03,-26.8632,-11.5254,0.0,-0.00067,-0.0,0.342857
2004-12-06,-26.2725,-11.5292,0.0,-0.000336,-0.0,0.342857
2004-12-07,-26.9043,-11.8807,0.0,-0.009311,-0.0,0.342857
2004-12-08,-22.5961,-13.0087,0.0,0.005842,0.0,0.342857
2004-12-09,-20.9978,-14.1275,0.0,0.003535,0.0,0.342857
2004-12-10,-20.1449,-14.78,0.0,0.001007,0.0,0.342857
2004-12-13,-18.9717,-15.4783,0.0,0.008715,0.0,0.342857
2004-12-14,-21.4564,-15.6171,0.0,0.00349,0.0,0.342857
2004-12-15,-22.3141,-16.45,0.0,0.000745,0.0,0.342857
2004-12-16,-20.1381,-17.316,0.0,-0.000579,-0.0,0.342857
2004-12-17,-15.4377,-17.316,1.0,-0.00667,-0.00667,0.333901
2004-12-20,-15.2593,-17.316,1.0,0.000251,0.000251,0.334235
2004-12-21,-16.6233,-17.316,1.0,0.0077,0.0077,0.344509
2004-12-22,-17.5885,-17.5069,0.0,0.002409,0.0,0.344509
2004-12-23,-22.1075,-17.7555,0.0,0.000745,0.0,0.344509
2004-12-27,-21.7574,-17.9643,0.0,-0.00207,-0.0,0.344509
2004-12-28,-23.0567,-18.1202,0.0,0.005476,0.0,0.344509
2004-12-29,-21.6723,-18.3556,0.0,0.001485,0.0,0.344509
2004-12-30,-20.8025,-18.6188,0.0,-0.001895,-0.0,0.344509
2004-12-31,-19.3967,-18.7658,0.0,-0.002147,-0.0,0.344509
2005-01-03,-21.2454,-18.8712,0.0,-0.004715,-0.0,0.344509
2005-01-04,-21.6762,-19.0502,0.0,-0.01222,-0.0,0.344509
2005-01-05,-20.5192,-19.131,0.0,-0.0069,-0.0,0.344509
2005-01-06,-20.2733,-19.265,0.0,0.005084,0.0,0.344509
2005-01-07,-23.2319,-19.621,0.0,-0.001433,-0.0,0.344509
2005-01-10,-23.3657,-19.9918,0.0,0.004727,0.0,0.344509
2005-01-11,-23.8172,-19.9918,0.0,-0.006891,-0.0,0.344509
2005-01-12,-21.1585,-19.9918,0.0,0.0033,0.0,0.344509
2005-01-13,-21.1142,-19.9918,0.0,-0.008012,-0.0,0.344509
2005-01-14,-19.3675,-19.621,1.0,0.005271,0.005271,0.351596
2005-01-18,-20.1884,-19.621,0.0,0.010402,0.0,0.351596
2005-01-19,-17.1004,-19.3821,1.0,-0.010462,-0.010462,0.337456
2005-01-20,-16.89,-19.3821,1.0,-0.006091,-0.006091,0.329309
2005-01-21,-13.2568,-19.1696,1.0,-0.006128,-0.006128,0.321163
2005-01-24,-16.4578,-18.8712,1.0,-0.001969,-0.001969,0.318562
2005-01-25,-13.5597,-18.7658,1.0,0.002831,0.002831,0.322295
2005-01-26,-13.8578,-18.4976,1.0,0.002995,0.002995,0.326255
2005-01-27,-11.8575,-18.1202,1.0,0.001706,0.001706,0.328517
2005-01-28,-10.2881,-18.1202,1.0,0.0,0.0,0.328517
2005-01-31,-9.5893,-18.1202,1.0,0.006216,0.006216,0.336775
2005-02-01,-8.005,-17.9643,1.0,0.006347,0.006347,0.34526
2005-02-02,-9.5226,-17.7555,1.0,0.003027,0.003027,0.349332
2005-02-03,-11.7503,-17.7555,1.0,-0.002599,-0.002599,0.345825
2005-02-04,-13.1764,-17.3445,1.0,0.010676,0.010676,0.360193
2005-02-07,-14.9454,-16.9952,1.0,-0.001331,-0.001331,0.358383
2005-02-08,-15.8877,-16.7566,1.0,0.001166,0.001166,0.359967
2005-02-09,-17.6002,-16.7566,0.0,-0.007487,-0.0,0.359967
2005-02-10,-17.695,-16.7566,0.0,0.003604,0.0,0.359967
2005-02-11,-16.5317,-16.5775,1.0,0.008602,0.008602,0.371665
2005-02-14,-13.6249,-16.4948,1.0,-0.000745,-0.000745,0.370643
2005-02-15,-12.2343,-16.1727,1.0,0.003729,0.003729,0.375754
2005-02-16,-13.2036,-15.6627,1.0,0.00066,0.00066,0.376662
2005-02-17,-12.4001,-15.3485,1.0,-0.008085,-0.008085,0.365532
2005-02-18,-10.3265,-15.1023,1.0,0.00133,0.00133,0.367348
2005-02-22,-12.7922,-14.4016,1.0,-0.014868,-0.014868,0.347018
2005-02-23,-13.0885,-13.7413,1.0,0.007167,0.007167,0.356673
2005-02-24,-15.3087,-13.7413,0.0,0.006614,0.0,0.356673
2005-02-25,-14.9809,-13.7413,0.0,0.009897,0.0,0.356673
2005-02-28,-15.7181,-13.7413,0.0,-0.006588,-0.0,0.356673
2005-03-01,-16.6589,-13.7413,0.0,0.004974,0.0,0.356673
2005-03-02,-17.5168,-13.7413,0.0,-0.000495,-0.0,0.356673
2005-03-03,-13.0449,-13.5923,1.0,0.000413,0.000413,0.357233
2005-03-04,-12.031,-13.4083,1.0,0.012456,0.012456,0.374139
2005-03-07,-11.3728,-13.2302,1.0,0.000489,0.000489,0.37481
2005-03-08,-12.8726,-13.19,1.0,-0.003746,-0.003746,0.36966
2005-03-09,-13.9873,-13.19,0.0,-0.011118,-0.0,0.36966
2005-03-10,-13.5633,-13.19,0.0,0.002232,0.0,0.36966
2005-03-11,-15.2288,-13.19,0.0,-0.007011,-0.0,0.36966
2005-03-14,-14.7501,-13.19,0.0,0.00623,0.0,0.36966
2005-03-15,-15.475,-13.19,0.0,-0.008255,-0.0,0.36966
2005-03-16,-13.8473,-13.19,0.0,-0.00849,-0.0,0.36966
2005-03-17,-10.8255,-13.1324,1.0,0.002015,0.002015,0.37242
2005-03-18,-11.967,-13.0667,1.0,-0.002969,-0.002969,0.368346
2005-03-21,-11.9528,-12.9587,1.0,-0.003712,-0.003712,0.363266
2005-03-22,-15.3779,-12.9587,0.0,-0.010161,-0.0,0.363266
2005-03-23,-16.0763,-12.9587,0.0,0.000856,0.0,0.363266
2005-03-24,-15.6156,-12.9587,0.0,0.001196,0.0,0.363266
2005-03-28,-17.0543,-12.9587,0.0,0.001451,0.0,0.363266
2005-03-29,-16.3414,-12.9587,0.0,-0.006649,-0.0,0.363266
2005-03-30,-17.4802,-12.9587,0.0,0.014159,0.0,0.363266
2005-03-31,-17.2269,-12.9587,0.0,-0.001861,-0.0,0.363266
2005-04-01,-14.9147,-12.9587,0.0,-0.004493,-0.0,0.363266
2005-04-04,-12.5518,-12.8324,1.0,0.001703,0.001703,0.365588
2005-04-05,-11.1988,-12.672,1.0,0.00476,0.00476,0.372088
2005-04-06,-13.7554,-12.672,0.0,0.003469,0.0,0.372088
2005-04-07,-14.831,-12.672,0.0,0.005397,0.0,0.372088
2005-04-08,-17.019,-12.672,0.0,-0.010399,-0.0,0.372088
2005-04-11,-13.8401,-12.672,0.0,0.000762,0.0,0.372088
2005-04-12,-14.3123,-12.672,0.0,0.005166,0.0,0.372088
2005-04-13,-12.1737,-12.4759,1.0,-0.011795,-0.011795,0.355904
2005-04-14,-11.3365,-12.3172,1.0,-0.013044,-0.013044,0.338218
2005-04-15,-10.2198,-12.204,1.0,-0.013993,-0.013993,0.319492
2005-04-18,-10.1183,-12.1024,1.0,0.003067,0.003067,0.323539
2005-04-19,-11.3423,-11.999,1.0,0.007947,0.007947,0.334057
2005-04-20,-10.6264,-11.9599,1.0,-0.01395,-0.01395,0.315447
2005-04-21,-13.2182,-11.9599,0.0,0.01942,0.0,0.315447
2005-04-22,-11.4126,-11.9051,1.0,-0.003793,-0.003793,0.310458
2005-04-25,-11.7763,-11.8169,1.0,0.006576,0.006576,0.319075
2005-04-26,-10.1911,-11.7633,1.0,-0.009714,-0.009714,0.306262
2005-04-27,-7.0538,-11.5814,1.0,0.003906,0.003906,0.311364
2005-04-28,-8.6505,-11.3927,1.0,-0.012538,-0.012538,0.294922
2005-04-29,-10.5227,-11.3927,1.0,0.013573,0.013573,0.312498
2005-05-02,-10.3843,-11.3927,1.0,0.005616,0.005616,0.319869
2005-05-03,-7.156,-11.3927,1.0,0.001718,0.001718,0.322137
2005-05-04,-8.8951,-11.3927,1.0,0.007719,0.007719,0.332342
2005-05-05,-10.3264,-11.3576,1.0,-0.00034,-0.00034,0.331889
2005-05-06,-5.0725,-11.3394,1.0,-0.00315,-0.00315,0.327694
2005-05-09,-4.9534,-11.2676,1.0,0.006235,0.006235,0.335972
2005-05-10,-3.0718,-11.0122,1.0,-0.010355,-0.010355,0.322138
2005-05-11,0.4668,-10.726,1.0,0.005489,0.005489,0.329395
2005-05-12,1.6338,-10.5746,1.0,-0.011003,-0.011003,0.314768
2005-05-13,4.1876,-10.4535,1.0,-0.001984,-0.001984,0.312159
2005-05-16,4.4743,-10.3554,1.0,0.009333,0.009333,0.324406
2005-05-17,3.8986,-10.3264,1.0,0.006678,0.006678,0.33325
2005-05-18,0.5922,-10.2731,1.0,0.010291,0.010291,0.346971
2005-05-19,0.6321,-10.2055,1.0,0.004209,0.004209,0.35264
2005-05-20,0.4939,-10.1547,1.0,-0.001425,-0.001425,0.350712
2005-05-23,0.2287,-9.5067,1.0,0.005541,0.005541,0.358197
2005-05-24,1.7992,-8.7728,1.0,-0.002338,-0.002338,0.355021
2005-05-25,3.1623,-7.9032,1.0,-0.000753,-0.000753,0.354001
2005-05-26,5.4632,-7.1049,1.0,0.00536,0.00536,0.361258
2005-05-27,4.4117,-6.0631,1.0,0.001666,0.001666,0.363526
2005-05-31,7.8045,-5.0129,1.0,-0.006403,-0.006403,0.354796
2005-06-01,7.4701,-4.0126,1.0,0.008537,0.008537,0.366362
2005-06-02,5.3696,-1.4216,1.0,0.002157,0.002157,0.369309
2005-06-03,4.0427,0.3477,1.0,-0.005051,-0.005051,0.362392
2005-06-06,11.3437,0.4804,1.0,-0.000915,-0.000915,0.361146
2005-06-07,12.2253,0.5431,1.0,0.000749,0.000749,0.362165
2005-06-08,13.4621,0.6121,1.0,-0.001831,-0.001831,0.359671
2005-06-09,8.8553,1.1329,1.0,0.004754,0.004754,0.366135
2005-06-10,3.5178,1.7165,1.0,-0.002324,-0.002324,0.36296
2005-06-13,1.2797,1.7165,0.0,0.003162,0.0,0.36296
2005-06-14,0.0565,1.7165,0.0,0.002322,0.0,0.36296
2005-06-15,2.463,2.1311,1.0,0.001903,0.001903,0.365554
2005-06-16,2.6012,2.5321,1.0,0.00256,0.00256,0.36905
2005-06-17,0.5775,2.5321,0.0,0.003705,0.0,0.36905
2005-06-20,-2.6845,2.5321,0.0,0.00033,0.0,0.36905
2005-06-21,-2.9842,2.5321,0.0,0.000577,0.0,0.36905
2005-06-22,-0.1949,2.5321,0.0,0.000823,0.0,0.36905
2005-06-23,-1.124,2.5321,0.0,-0.014066,-0.0,0.36905
2005-06-24,2.0076,2.5321,0.0,-0.007342,-0.0,0.36905
2005-06-27,2.2185,2.5321,0.0,0.001428,0.0,0.36905
2005-06-28,4.5261,2.8817,1.0,0.008393,0.008393,0.38054
2005-06-29,2.6744,2.9184,0.0,-0.002663,-0.0,0.38054
2005-06-30,0.6908,2.9184,0.0,-0.005424,-0.0,0.38054
2005-07-01,-2.7124,2.9184,0.0,0.002936,0.0,0.38054
2005-07-05,-3.6387,2.9184,0.0,0.008032,0.0,0.38054
2005-07-06,-3.5938,2.9184,0.0,-0.008382,-0.0,0.38054
2005-07-07,-1.944,2.9184,0.0,0.003934,0.0,0.38054
2005-07-08,-1.7621,2.9184,0.0,0.011421,0.0,0.38054
2005-07-11,0.0011,2.9184,0.0,0.00511,0.0,0.38054
2005-07-12,-0.7318,2.9184,0.0,0.002624,0.0,0.38054
2005-07-13,-1.3506,2.9184,0.0,0.00139,0.0,0.38054
2005-07-14,-4.1684,2.9184,0.0,0.003921,0.0,0.38054
2005-07-15,-3.6784,2.9184,0.0,-0.00057,-0.0,0.38054
2005-07-18,-2.8213,2.9184,0.0,-0.003989,-0.0,0.38054
2005-07-19,-2.304,2.9184,0.0,0.005476,0.0,0.38054
2005-07-20,-4.8806,2.9184,0.0,0.003414,0.0,0.38054
2005-07-21,-5.5048,2.9184,0.0,-0.005833,-0.0,0.38054
2005-07-22,-9.4227,2.9184,0.0,0.006682,0.0,0.38054
2005-07-25,-7.4196,2.9184,0.0,-0.002833,-0.0,0.38054
2005-07-26,-7.926,2.9184,0.0,0.001217,0.0,0.38054
2005-07-27,-6.8375,2.9184,0.0,0.003649,0.0,0.38054
2005-07-28,-8.6105,2.9184,0.0,0.006301,0.0,0.38054
2005-07-29,-9.5759,2.9184,0.0,-0.006663,-0.0,0.38054
2005-08-01,-10.1613,2.9184,0.0,-0.000727,-0.0,0.38054
2005-08-02,-10.4313,2.9184,0.0,0.005985,0.0,0.38054
2005-08-03,-9.053,2.9184,0.0,0.002653,0.0,0.38054
2005-08-04,-6.9582,2.9184,0.0,-0.008019,-0.0,0.38054
2005-08-05,-5.3989,2.9184,0.0,-0.006789,-0.0,0.38054
2005-08-08,-6.1481,2.9184,0.0,-0.001871,-0.0,0.38054
2005-08-09,-6.4548,2.9184,0.0,0.006033,0.0,0.38054
2005-08-10,-6.1795,2.9184,0.0,-0.000486,-0.0,0.38054
2005-08-11,-2.4308,2.9184,0.0,0.003973,0.0,0.38054
2005-08-12,-0.79,2.6378,0.0,-0.006138,-0.0,0.38054
2005-08-15,-2.481,2.5321,0.0,0.006176,0.0,0.38054
2005-08-16,-3.3879,2.3408,0.0,-0.013002,-0.0,0.38054
2005-08-17,-3.6252,2.3408,0.0,-8.2e-05,-0.0,0.38054
2005-08-18,-5.877,2.3408,0.0,-8.2e-05,-0.0,0.38054
2005-08-19,-5.7019,2.3408,0.0,0.002292,0.0,0.38054
2005-08-22,-4.6177,2.3408,0.0,0.0,0.0,0.38054
2005-08-23,-2.6746,2.3408,0.0,-0.001878,-0.0,0.38054
2005-08-24,-2.8152,2.1131,0.0,-0.008917,-0.0,0.38054
2005-08-25,-2.2004,1.6436,0.0,0.003632,0.0,0.38054
2005-08-26,-2.5505,0.9852,0.0,-0.006827,-0.0,0.38054
2005-08-29,-2.459,0.6341,0.0,0.007702,0.0,0.38054
2005-08-30,-1.1214,0.317,0.0,-0.005259,-0.0,0.38054
2005-08-31,-2.1201,0.0288,0.0,0.012639,0.0,0.38054
2005-09-01,-2.5349,-0.0969,0.0,-0.000734,-0.0,0.38054
2005-09-02,-4.3874,-0.4633,0.0,-0.001796,-0.0,0.38054
2005-09-06,-5.8809,-0.7609,0.0,0.011696,0.0,0.38054
2005-09-07,-3.9719,-0.9557,0.0,0.001698,0.0,0.38054
2005-09-08,-0.7611,-0.9557,1.0,-0.003309,-0.003309,0.375972
2005-09-09,-0.4536,-0.9557,1.0,0.008907,0.008907,0.388228
2005-09-12,-0.1305,-0.9557,1.0,-0.002006,-0.002006,0.385443
2005-09-13,-1.1338,-1.1227,0.0,-0.005549,-0.0,0.385443
2005-09-14,-2.4275,-1.1289,0.0,-0.003639,-0.0,0.385443
2005-09-15,-2.3554,-1.2422,0.0,-0.000487,-0.0,0.385443
2005-09-16,-0.9185,-1.2422,1.0,0.007111,0.007111,0.395295
2005-09-19,-1.3454,-1.2396,0.0,-0.00332,-0.0,0.395295
2005-09-20,0.3574,-1.1289,1.0,-0.008449,-0.008449,0.383506
2005-09-21,0.3936,-1.1289,1.0,-0.00934,-0.00934,0.370584
2005-09-22,2.5253,-1.1276,1.0,0.003556,0.003556,0.375458
2005-09-23,0.8355,-1.1276,1.0,0.000825,0.000825,0.376593
2005-09-26,-0.0589,-1.1276,1.0,0.001153,0.001153,0.37818
2005-09-27,-0.3069,-1.1276,1.0,-0.000247,-0.000247,0.377839
2005-09-28,-1.6627,-1.2396,0.0,0.000988,0.0,0.377839
2005-09-29,-2.0185,-1.348,0.0,0.008137,0.0,0.377839
2005-09-30,-2.9092,-1.348,0.0,0.003098,0.0,0.377839
2005-10-03,-0.5722,-1.2396,1.0,-0.003576,-0.003576,0.372912
2005-10-04,3.4702,-1.1276,1.0,-0.011256,-0.011256,0.357459
2005-10-05,4.2773,-1.0199,1.0,-0.013116,-0.013116,0.339654
2005-10-06,6.787,-0.8542,1.0,-0.003595,-0.003595,0.334838
2005-10-07,6.7734,-0.8542,1.0,0.003439,0.003439,0.339429
2005-10-10,8.412,-0.8542,1.0,-0.008444,-0.008444,0.328119
2005-10-11,10.741,-0.7755,1.0,-0.001433,-0.001433,0.326215
2005-10-12,10.4958,-0.6666,1.0,-0.007853,-0.007853,0.315801
2005-10-13,11.1704,-0.5129,1.0,-0.000596,-0.000596,0.315016
2005-10-14,9.5981,-0.3803,1.0,0.01056,0.01056,0.328903
2005-10-17,11.0858,-0.2187,1.0,0.003708,0.003708,0.333831
2005-10-18,13.8395,-0.0947,1.0,-0.01083,-0.01083,0.319385
2005-10-19,12.8236,0.1493,1.0,0.016636,0.016636,0.341334
2005-10-20,14.3643,0.3755,1.0,-0.017616,-0.017616,0.317705
2005-10-21,15.7016,0.6145,1.0,0.003909,0.003909,0.322856
2005-10-24,15.0322,1.6804,1.0,0.015492,0.015492,0.34335
2005-10-25,11.2894,2.9977,1.0,-0.002,-0.002,0.340663
2005-10-26,9.8809,3.8738,1.0,-0.002924,-0.002924,0.336743
2005-10-27,11.8215,5.5254,1.0,-0.010639,-0.010639,0.322522
2005-10-28,11.3278,6.7802,1.0,0.014395,0.014395,0.341559
2005-10-31,12.8877,7.5995,1.0,0.002754,0.002754,0.345254
2005-11-01,13.2152,9.0051,1.0,0.002997,0.002997,0.349286
2005-11-02,12.4938,9.7395,1.0,0.010457,0.010457,0.363395
2005-11-03,9.3789,9.7395,0.0,0.004271,0.0,0.363395
2005-11-04,8.1536,9.7395,0.0,-0.001308,-0.0,0.363395
2005-11-07,6.6041,9.7395,0.0,0.000982,0.0,0.363395
2005-11-08,6.9587,9.7395,0.0,0.0,0.0,0.363395
2005-11-09,7.0265,9.7395,0.0,0.001309,0.0,0.363395
2005-11-10,3.4674,9.7395,0.0,0.007762,0.0,0.363395
2005-11-11,3.6837,9.7395,0.0,0.003405,0.0,0.363395
2005-11-14,2.5762,9.7395,0.0,-0.000566,-0.0,0.363395
2005-11-15,4.8711,9.7395,0.0,-0.003638,-0.0,0.363395
2005-11-16,4.7717,9.7395,0.0,0.002028,0.0,0.363395
2005-11-17,5.3985,9.7395,0.0,0.009313,0.0,0.363395
2005-11-18,5.5342,9.7395,0.0,0.003932,0.0,0.363395
2005-11-21,6.8894,9.7395,0.0,0.005035,0.0,0.363395
2005-11-22,5.2262,9.7395,0.0,0.004294,0.0,0.363395
2005-11-23,4.2918,9.7395,0.0,0.00578,0.0,0.363395
2005-11-25,5.1737,9.7395,0.0,0.000787,0.0,0.363395
2005-11-28,3.9624,9.7395,0.0,-0.007079,-0.0,0.363395
2005-11-29,5.766,9.7395,0.0,-0.001109,-0.0,0.363395
2005-11-30,6.9898,9.7395,0.0,-0.005393,-0.0,0.363395
2005-12-01,7.4282,9.7395,0.0,0.010207,0.0,0.363395
2005-12-02,5.4699,9.7395,0.0,0.001263,0.0,0.363395
2005-12-05,6.9576,9.7395,0.0,-0.002128,-0.0,0.363395
2005-12-06,5.5669,9.7395,0.0,0.001896,0.0,0.363395
2005-12-07,5.8727,9.7395,0.0,-0.005836,-0.0,0.363395
2005-12-08,8.0164,9.7395,0.0,-0.000634,-0.0,0.363395
2005-12-09,8.0676,9.7395,0.0,0.002619,0.0,0.363395
2005-12-12,10.3641,10.1225,1.0,0.00095,0.00095,0.36469
2005-12-13,9.9922,10.1782,0.0,0.006801,0.0,0.36469
2005-12-14,8.9191,10.1782,0.0,0.003927,0.0,0.36469
2005-12-15,9.1316,10.1782,0.0,-0.002895,-0.0,0.36469
2005-12-16,7.7527,10.1782,0.0,-0.003218,-0.0,0.36469
2005-12-19,8.002,10.1782,0.0,-0.005144,-0.0,0.36469
2005-12-20,5.9852,10.1782,0.0,0.000954,0.0,0.36469
2005-12-21,5.2349,10.1782,0.0,0.00159,0.0,0.36469
2005-12-22,6.2295,10.1782,0.0,0.005237,0.0,0.36469
2005-12-23,7.2629,10.1782,0.0,0.000553,0.0,0.36469
2005-12-27,5.0358,10.1782,0.0,-0.010177,-0.0,0.36469
2005-12-28,5.8986,10.1782,0.0,0.002232,0.0,0.36469
2005-12-29,7.6785,10.1782,0.0,-0.004453,-0.0,0.36469
2005-12-30,10.0765,10.2203,0.0,-0.005431,-0.0,0.36469
2006-01-03,11.5155,10.43,1.0,0.017588,0.017588,0.388693
2006-01-04,11.6862,10.6184,1.0,0.004736,0.004736,0.395269
2006-01-05,10.048,10.6184,0.0,0.000628,0.0,0.395269
2006-01-06,7.9257,10.6184,0.0,0.008322,0.0,0.395269
2006-01-09,9.1604,10.6184,0.0,0.002569,0.0,0.395269
2006-01-10,7.1904,10.6184,0.0,0.001009,0.0,0.395269
2006-01-11,7.2184,10.43,0.0,0.003181,0.0,0.395269
2006-01-12,7.9042,10.2203,0.0,-0.003944,-0.0,0.395269
2006-01-13,12.4523,10.2203,1.0,-0.000932,-0.000932,0.393969
2006-01-17,9.7872,10.2203,0.0,-0.002719,-0.0,0.393969
2006-01-18,8.8634,10.0622,0.0,-0.003975,-0.0,0.393969
2006-01-19,9.5956,10.0201,0.0,0.003833,0.0,0.393969
2006-01-20,6.9271,9.9366,0.0,-0.018237,-0.0,0.393969
2006-01-23,10.0298,9.9366,1.0,0.003572,0.003572,0.398948
2006-01-24,10.242,9.9366,1.0,0.001028,0.001028,0.400386
2006-01-25,9.4965,9.834,0.0,0.000869,0.0,0.400386
2006-01-26,9.2484,9.6914,0.0,0.005526,0.0,0.400386
2006-01-27,8.5173,9.546,0.0,0.009265,0.0,0.400386
2006-01-30,7.7859,9.4377,0.0,-0.000778,-0.0,0.400386
2006-01-31,6.2657,9.3136,0.0,-0.007319,-0.0,0.400386
2006-02-01,8.1506,9.2044,0.0,0.006981,0.0,0.400386
2006-02-02,5.0919,9.146,0.0,-0.011605,-0.0,0.400386
2006-02-03,7.0616,9.0253,0.0,-0.004965,-0.0,0.400386
2006-02-06,7.5898,8.8912,0.0,0.002613,0.0,0.400386
2006-02-07,8.4868,8.8912,0.0,-0.008846,-0.0,0.400386
2006-02-08,8.7235,8.8912,0.0,0.009085,0.0,0.400386
2006-02-09,8.6871,8.8912,0.0,-0.001658,-0.0,0.400386
2006-02-10,8.5449,8.8912,0.0,0.001819,0.0,0.400386
2006-02-13,5.8813,8.8912,0.0,-0.001816,-0.0,0.400386
2006-02-14,4.9911,8.8912,0.0,0.0106,0.0,0.400386
2006-02-15,5.4588,8.8912,0.0,0.003522,0.0,0.400386
2006-02-16,5.4945,8.8912,0.0,0.007489,0.0,0.400386
2006-02-17,5.3332,8.8912,0.0,-0.00271,-0.0,0.400386
2006-02-21,4.0473,8.8912,0.0,-0.002484,-0.0,0.400386
2006-02-22,7.1648,8.8912,0.0,0.00607,0.0,0.400386
2006-02-23,4.7812,8.8912,0.0,-0.001469,-0.0,0.400386
2006-02-24,6.3604,8.8912,0.0,0.002556,0.0,0.400386
2006-02-27,3.8599,8.8912,0.0,0.000386,0.0,0.400386
2006-02-28,5.6167,8.8912,0.0,-0.009501,-0.0,0.400386
2006-03-01,4.7731,8.8912,0.0,0.00889,0.0,0.400386
2006-03-02,4.3577,8.8912,0.0,-7.7e-05,-0.0,0.400386
2006-03-03,4.5196,8.8912,0.0,-0.004638,-0.0,0.400386
2006-03-06,8.7085,8.8912,0.0,-0.004582,-0.0,0.400386
2006-03-07,9.7678,9.0253,1.0,-0.00156,-0.00156,0.398202
2006-03-08,9.5664,9.146,1.0,0.002109,0.002109,0.401151
2006-03-09,9.5922,9.2044,1.0,-0.006706,-0.006706,0.391755
2006-03-10,7.395,9.2044,0.0,0.009499,0.0,0.391755
2006-03-13,7.2751,9.2044,0.0,0.001867,0.0,0.391755
2006-03-14,9.3763,9.3123,1.0,0.010478,0.010478,0.406337
2006-03-15,11.3937,9.3123,1.0,0.004456,0.004456,0.412604
2006-03-16,11.0248,9.3123,1.0,0.002065,0.002065,0.415521
2006-03-17,9.877,9.4364,1.0,0.000835,0.000835,0.416703
2006-03-20,9.7748,9.5314,1.0,-0.001608,-0.001608,0.414425
2006-03-21,10.0474,9.5793,1.0,-0.006288,-0.006288,0.405531
2006-03-22,7.3678,9.5793,0.0,0.006097,0.0,0.405531
2006-03-23,7.3267,9.5793,0.0,-0.002071,-0.0,0.405531
2006-03-24,4.9174,9.5793,0.0,0.000769,0.0,0.405531
2006-03-27,6.8938,9.5793,0.0,-0.001459,-0.0,0.405531
2006-03-28,8.6709,9.5793,0.0,-0.006153,-0.0,0.405531
2006-03-29,8.3253,9.5793,0.0,0.006268,0.0,0.405531
2006-03-30,9.0176,9.5793,0.0,-0.001768,-0.0,0.405531
2006-03-31,8.456,9.5793,0.0,0.000231,0.0,0.405531
2006-04-03,8.7237,9.5314,0.0,-0.00077,-0.0,0.405531
2006-04-04,9.0732,9.4364,0.0,0.006398,0.0,0.405531
2006-04-05,7.3025,9.3123,0.0,0.003447,0.0,0.405531
2006-04-06,9.8273,9.3123,1.0,-0.001068,-0.001068,0.40403
2006-04-07,9.7935,9.4364,1.0,-0.010162,-0.010162,0.389762
2006-04-10,8.9034,9.4364,0.0,0.001543,0.0,0.389762
2006-04-11,8.7073,9.4364,0.0,-0.008479,-0.0,0.389762
2006-04-12,9.8066,9.5314,1.0,0.001865,0.001865,0.392354
2006-04-13,7.8359,9.5314,0.0,-0.001318,-0.0,0.392354
2006-04-17,7.4041,9.4364,0.0,-0.000388,-0.0,0.392354
2006-04-18,6.2387,9.3123,0.0,0.015856,0.0,0.392354
2006-04-19,5.5286,9.3123,0.0,0.001913,0.0,0.392354
2006-04-20,6.8869,9.1608,0.0,0.001374,0.0,0.392354
2006-04-21,5.4735,9.1608,0.0,0.000153,0.0,0.392354
2006-04-24,5.0137,9.0454,0.0,-0.00183,-0.0,0.392354
2006-04-25,6.3335,8.9605,0.0,-0.004124,-0.0,0.392354
2006-04-26,5.4503,8.8135,0.0,0.00023,0.0,0.392354
2006-04-27,9.0025,8.8135,1.0,0.004831,0.004831,0.399081
2006-04-28,11.5014,8.9529,1.0,0.003358,0.003358,0.403779
2006-05-01,10.0208,9.01,1.0,-0.008139,-0.008139,0.392353
2006-05-02,9.17,9.0454,1.0,0.007515,0.007515,0.402817
2006-05-03,7.5077,9.0454,0.0,-0.003729,-0.0,0.402817
2006-05-04,7.8425,9.0454,0.0,0.003591,0.0,0.402817
2006-05-05,8.5993,9.0454,0.0,0.008831,0.0,0.402817
2006-05-08,10.209,9.1216,1.0,-0.001207,-0.001207,0.401124
2006-05-09,12.3769,9.2731,1.0,0.001964,0.001964,0.403875
2006-05-10,12.2811,9.4713,1.0,-0.000528,-0.000528,0.403134
2006-05-11,13.4608,9.5793,1.0,-0.012071,-0.012071,0.386197
2006-05-12,11.5751,9.68,1.0,-0.013058,-0.013058,0.368096
2006-05-15,11.0036,9.7713,1.0,0.002012,0.002012,0.370849
2006-05-16,10.104,9.7841,1.0,-0.001467,-0.001467,0.368838
2006-05-17,10.9151,9.8,1.0,-0.019024,-0.019024,0.342797
2006-05-18,10.2292,9.8169,1.0,-0.005046,-0.005046,0.336021
2006-05-19,9.0604,9.8169,0.0,0.007052,0.0,0.336021
2006-05-22,6.9706,9.8169,0.0,-0.007632,-0.0,0.336021
2006-05-23,6.4927,9.8169,0.0,-0.007611,-0.0,0.336021
2006-05-24,5.2306,9.8169,0.0,0.007989,0.0,0.336021
2006-05-25,4.8363,9.8169,0.0,0.012365,0.0,0.336021
2006-05-26,5.0485,9.8169,0.0,0.005089,0.0,0.336021
2006-05-30,5.1757,9.8169,0.0,-0.01776,-0.0,0.336021
2006-05-31,8.1536,9.8169,0.0,0.011182,0.0,0.336021
2006-06-01,8.0481,9.8169,0.0,0.009567,0.0,0.336021
2006-06-02,7.0417,9.8169,0.0,0.002097,0.0,0.336021
2006-06-05,6.8285,9.8169,0.0,-0.014574,-0.0,0.336021
2006-06-06,3.9569,9.8169,0.0,-0.002439,-0.0,0.336021
2006-06-07,2.772,9.8169,0.0,-0.007491,-0.0,0.336021
2006-06-08,2.4853,9.8169,0.0,-0.000874,-0.0,0.336021
2006-06-09,-0.1947,9.8169,0.0,-0.003181,-0.0,0.336021
2006-06-12,-0.6706,9.8169,0.0,-0.01085,-0.0,0.336021
2006-06-13,0.5133,9.8169,0.0,-0.011614,-0.0,0.336021
2006-06-14,-0.4159,9.8,0.0,0.007752,0.0,0.336021
2006-06-15,-3.3636,9.7841,0.0,0.021215,0.0,0.336021
2006-06-16,-2.4413,9.4724,0.0,-0.007287,-0.0,0.336021
2006-06-19,-1.5387,9.1216,0.0,-0.007862,-0.0,0.336021
2006-06-20,-0.045,9.0668,0.0,0.003396,0.0,0.336021
2006-06-21,-1.0193,9.0668,0.0,0.007414,0.0,0.336021
2006-06-22,0.4651,9.0668,0.0,-0.0044,-0.0,0.336021
2006-06-23,1.97,9.0668,0.0,-0.00016,-0.0,0.336021
2006-06-26,1.1976,9.0668,0.0,0.00442,0.0,0.336021
2006-06-27,-0.5998,9.0668,0.0,-0.008641,-0.0,0.336021
2006-06-28,2.4436,9.0668,0.0,0.00678,0.0,0.336021
2006-06-29,2.2257,9.0668,0.0,0.020201,0.0,0.336021
2006-06-30,0.2889,9.0668,0.0,7.8e-05,0.0,0.336021
2006-07-03,-0.1274,9.0668,0.0,0.004086,0.0,0.336021
2006-07-05,-1.9161,9.0314,0.0,-0.005713,-0.0,0.336021
2006-07-06,0.4019,9.0314,0.0,0.002912,0.0,0.336021
2006-07-07,1.8685,8.9529,0.0,-0.006513,-0.0,0.336021
2006-07-10,2.4264,8.8053,0.0,0.001895,0.0,0.336021
2006-07-11,1.1978,8.6533,0.0,0.004415,0.0,0.336021
2006-07-12,3.0551,8.3764,0.0,-0.010674,-0.0,0.336021
2006-07-13,5.1011,8.1009,0.0,-0.016264,-0.0,0.336021
2006-07-14,5.1438,8.1009,0.0,-0.003871,-0.0,0.336021
2006-07-17,1.3938,8.1009,0.0,-0.001457,-0.0,0.336021
2006-07-18,5.1533,8.1009,0.0,0.005107,0.0,0.336021
2006-07-19,6.6927,8.1009,0.0,0.013875,0.0,0.336021
2006-07-20,7.2601,8.1009,0.0,-0.006843,-0.0,0.336021
2006-07-21,6.7623,8.1009,0.0,-0.007049,-0.0,0.336021
2006-07-24,4.2429,8.1009,0.0,0.018232,0.0,0.336021
2006-07-25,4.8872,8.1009,0.0,0.003566,0.0,0.336021
2006-07-26,4.7513,8.1009,0.0,0.001343,0.0,0.336021
2006-07-27,6.4989,7.9453,0.0,-0.000946,-0.0,0.336021
2006-07-28,5.7854,7.6751,0.0,0.010023,0.0,0.336021
2006-07-31,7.4367,7.4722,0.0,-0.001016,-0.0,0.336021
2006-08-01,9.237,7.4722,1.0,-0.004928,-0.004928,0.329437
2006-08-02,9.308,7.6396,1.0,0.00676,0.00676,0.338424
2006-08-03,11.7263,7.7424,1.0,0.002655,0.002655,0.341978
2006-08-04,9.1236,7.7424,1.0,-0.001713,-0.001713,0.339679
2006-08-07,6.967,7.3484,0.0,-0.00234,-0.0,0.339679
2006-08-08,4.9907,7.1509,0.0,-0.003831,-0.0,0.339679
2006-08-09,2.2027,7.0062,0.0,-0.003375,-0.0,0.339679
2006-08-10,1.314,6.9688,0.0,0.003072,0.0,0.339679
2006-08-11,0.5698,6.8977,0.0,-0.002826,-0.0,0.339679
2006-08-14,-1.0758,6.7954,0.0,0.000787,0.0,0.339679
2006-08-15,-0.4216,6.7275,0.0,0.011958,0.0,0.339679
2006-08-16,-0.2749,6.5958,0.0,0.008318,0.0,0.339679
2006-08-17,-0.7121,6.4958,0.0,0.002545,0.0,0.339679
2006-08-18,2.0565,6.1391,0.0,0.005075,0.0,0.339679
2006-08-21,-1.5946,5.508,0.0,-0.004285,-0.0,0.339679
2006-08-22,-4.4473,5.2031,0.0,-7.7e-05,-0.0,0.339679
2006-08-23,-4.0373,5.1645,0.0,-0.002767,-0.0,0.339679
2006-08-24,-6.064,5.1645,0.0,-0.000848,-0.0,0.339679
2006-08-25,-4.7606,5.1645,0.0,0.001234,0.0,0.339679
2006-08-28,-5.871,5.1485,0.0,0.004776,0.0,0.339679
2006-08-29,-4.7882,5.1224,0.0,0.00115,0.0,0.339679
2006-08-30,-3.0389,5.0459,0.0,0.000613,0.0,0.339679
2006-08-31,-5.0766,4.939,0.0,-0.000153,-0.0,0.339679
2006-09-01,-9.419,4.8192,0.0,0.005971,0.0,0.339679
2006-09-05,-10.1485,4.8192,0.0,0.001902,0.0,0.339679
2006-09-06,-10.3897,4.8192,0.0,-0.00881,-0.0,0.339679
2006-09-07,-11.2257,4.8192,0.0,-0.004597,-0.0,0.339679
2006-09-08,-10.9216,4.8192,0.0,0.002848,0.0,0.339679
2006-09-11,-10.1833,4.8192,0.0,0.000998,0.0,0.339679
2006-09-12,-10.9749,4.8192,0.0,0.009815,0.0,0.339679
2006-09-13,-10.8996,4.8192,0.0,0.004025,0.0,0.339679
2006-09-14,-8.9886,4.8192,0.0,7.5e-05,0.0,0.339679
2006-09-15,-8.3979,4.8192,0.0,0.002347,0.0,0.339679
2006-09-18,-8.3851,4.8192,0.0,0.001364,0.0,0.339679
2006-09-19,-9.0594,4.8192,0.0,-0.002497,-0.0,0.339679
2006-09-20,-6.1585,4.8192,0.0,0.00531,0.0,0.339679
2006-09-21,-7.4088,4.8192,0.0,-0.004829,-0.0,0.339679
2006-09-22,-7.7199,4.8192,0.0,-0.003033,-0.0,0.339679
2006-09-25,-8.1632,4.8192,0.0,0.007682,0.0,0.339679
2006-09-26,-10.9914,4.8192,0.0,0.008304,0.0,0.339679
2006-09-27,-11.8731,4.8192,0.0,0.001198,0.0,0.339679
2006-09-28,-10.1745,4.8192,0.0,-0.000374,-0.0,0.339679
2006-09-29,-10.6138,4.8192,0.0,-0.000823,-0.0,0.339679
2006-10-02,-10.1332,4.8192,0.0,-0.003743,-0.0,0.339679
2006-10-03,-13.4003,4.8192,0.0,0.002104,0.0,0.339679
2006-10-04,-14.088,4.8192,0.0,0.011698,0.0,0.339679
2006-10-05,-16.7698,4.8192,0.0,0.001927,0.0,0.339679
2006-10-06,-19.8211,4.8192,0.0,-0.001257,-0.0,0.339679
2006-10-09,-18.0859,4.8192,0.0,0.000592,0.0,0.339679
2006-10-10,-19.8749,4.8192,0.0,0.001333,0.0,0.339679
2006-10-11,-20.7638,4.4971,0.0,-0.001183,-0.0,0.339679
2006-10-12,-20.0924,3.2228,0.0,0.00866,0.0,0.339679
2006-10-13,-20.0897,3.2228,0.0,0.002569,0.0,0.339679
2006-10-16,-19.7608,2.1296,0.0,0.001537,0.0,0.339679
2006-10-17,-19.4401,1.6853,0.0,-0.003142,-0.0,0.339679
2006-10-18,-22.9662,0.9419,0.0,0.001319,0.0,0.339679
2006-10-19,-24.3248,0.1475,0.0,0.001611,0.0,0.339679
2006-10-20,-24.4857,-0.3483,0.0,0.000219,0.0,0.339679
2006-10-23,-24.6177,-0.5669,0.0,0.004604,0.0,0.339679
2006-10-24,-24.8401,-0.8939,0.0,0.002983,0.0,0.339679
2006-10-25,-25.6836,-1.3352,0.0,0.003409,0.0,0.339679
2006-10-26,-25.4762,-2.3167,0.0,0.003108,0.0,0.339679
2006-10-27,-24.8254,-3.5381,0.0,-0.006269,-0.0,0.339679
2006-10-30,-25.4257,-4.2423,0.0,-0.000725,-0.0,0.339679
2006-10-31,-25.4001,-4.6039,0.0,-0.000145,-0.0,0.339679
2006-11-01,-24.1932,-4.7744,0.0,-0.006749,-0.0,0.339679
2006-11-02,-24.0759,-4.9324,0.0,-0.000585,-0.0,0.339679
2006-11-03,-25.7593,-5.4738,0.0,-0.001755,-0.0,0.339679
2006-11-06,-26.7212,-5.9675,0.0,0.011279,0.0,0.339679
2006-11-07,-26.3343,-6.1112,0.0,0.003838,0.0,0.339679
2006-11-08,-25.3589,-6.7836,0.0,0.002164,0.0,0.339679
2006-11-09,-25.8247,-7.5643,0.0,-0.005255,-0.0,0.339679
2006-11-10,-24.127,-7.9415,0.0,0.000434,0.0,0.339679
2006-11-13,-21.9442,-8.2741,0.0,0.00246,0.0,0.339679
2006-11-14,-19.2146,-8.3915,0.0,0.007505,0.0,0.339679
2006-11-15,-19.5114,-8.6933,0.0,0.002865,0.0,0.339679
2006-11-16,-18.6064,-9.024,0.0,0.002571,0.0,0.339679
2006-11-17,-18.352,-9.2392,0.0,0.000285,0.0,0.339679
2006-11-20,-19.104,-9.7761,0.0,0.00057,0.0,0.339679
2006-11-21,-18.8025,-10.1408,0.0,0.000996,0.0,0.339679
2006-11-22,-17.9896,-10.1615,0.0,0.001991,0.0,0.339679
2006-11-24,-18.6728,-10.1789,0.0,-0.004045,-0.0,0.339679
2006-11-27,-18.2996,-10.2865,0.0,-0.013751,-0.0,0.339679
2006-11-28,-19.7803,-10.5018,0.0,0.004334,0.0,0.339679
2006-11-29,-18.4541,-10.7567,0.0,0.01043,0.0,0.339679
2006-11-30,-18.3567,-10.9106,0.0,0.000427,0.0,0.339679
2006-12-01,-18.6655,-10.9482,0.0,-0.002206,-0.0,0.339679
2006-12-04,-15.1616,-10.9832,0.0,0.007631,0.0,0.339679
2006-12-05,-16.5851,-11.1085,0.0,0.004317,0.0,0.339679
2006-12-06,-15.891,-11.4322,0.0,-0.000845,-0.0,0.339679
2006-12-07,-14.5228,-12.6367,0.0,-0.004373,-0.0,0.339679
2006-12-08,-12.01,-12.7051,1.0,0.001842,0.001842,0.342147
2006-12-11,-10.6277,-12.7051,1.0,0.002899,0.002899,0.346037
2006-12-12,-11.5541,-12.7051,1.0,-0.000776,-0.000776,0.344993
2006-12-13,-8.1188,-12.7051,1.0,0.001059,0.001059,0.346417
2006-12-14,-8.204,-12.7051,1.0,0.008811,0.008811,0.358281
2006-12-15,-7.9604,-12.7051,1.0,9.1e-05,9.1e-05,0.358404
2006-12-18,-10.1483,-12.7051,1.0,-0.00274,-0.00274,0.354682
2006-12-19,-9.798,-12.7051,1.0,0.001902,0.001902,0.357259
2006-12-20,-11.5581,-12.7051,1.0,-0.000562,-0.000562,0.356496
2006-12-21,-12.6266,-13.0135,1.0,-0.003658,-0.003658,0.351534
2006-12-22,-11.0678,-13.0135,1.0,-0.006144,-0.006144,0.34323
2006-12-26,-10.8186,-13.0135,1.0,0.005897,0.005897,0.351151
2006-12-27,-13.1292,-13.2648,1.0,0.006569,0.006569,0.360027
2006-12-28,-12.4016,-13.2648,1.0,-0.002106,-0.002106,0.357163
2006-12-29,-12.3259,-13.2648,1.0,-0.004148,-0.004148,0.351533
2007-01-03,-13.3042,-13.3523,1.0,-0.001766,-0.001766,0.349146
2007-01-04,-13.6927,-13.4984,0.0,0.002122,0.0,0.349146
2007-01-05,-15.1162,-13.4984,0.0,-0.007976,-0.0,0.349146
2007-01-08,-16.6947,-13.4984,0.0,0.004625,0.0,0.349146
2007-01-09,-16.6425,-13.4984,0.0,-0.00085,-0.0,0.349146
2007-01-10,-14.952,-13.4984,0.0,0.003332,0.0,0.349146
2007-01-11,-14.84,-13.4984,0.0,0.004381,0.0,0.349146
2007-01-12,-14.0107,-13.4984,0.0,0.007597,0.0,0.349146
2007-01-16,-13.9587,-13.4984,0.0,-0.001955,-0.0,0.349146
2007-01-17,-12.0989,-13.2167,1.0,0.000419,0.000419,0.349712
2007-01-18,-13.0082,-13.0687,1.0,-0.003356,-0.003356,0.345182
2007-01-19,-16.1864,-13.0687,0.0,0.001965,0.0,0.345182
2007-01-22,-19.0146,-13.0687,0.0,-0.003081,-0.0,0.345182
2007-01-23,-17.6846,-13.0687,0.0,0.00295,0.0,0.345182
2007-01-24,-17.6183,-13.0687,0.0,0.008053,0.0,0.345182
2007-01-25,-18.1362,-13.0687,0.0,-0.01174,-0.0,0.345182
2007-01-26,-18.8564,-13.0687,0.0,-0.000914,-0.0,0.345182
2007-01-29,-17.7005,-13.0687,0.0,-0.000563,-0.0,0.345182
2007-01-30,-16.2048,-13.0687,0.0,0.00521,0.0,0.345182
2007-01-31,-17.2023,-13.0687,0.0,0.006723,0.0,0.345182
2007-02-01,-15.8594,-13.0687,0.0,0.005982,0.0,0.345182
2007-02-02,-17.0508,-13.0687,0.0,0.001383,0.0,0.345182
2007-02-05,-18.864,-13.0687,0.0,0.000277,0.0,0.345182
2007-02-06,-18.7771,-13.0687,0.0,0.000275,0.0,0.345182
2007-02-07,-17.8474,-13.0687,0.0,0.002209,0.0,0.345182
2007-02-08,-16.3135,-13.0687,0.0,-0.001308,-0.0,0.345182
2007-02-09,-12.9155,-12.9618,1.0,-0.007447,-0.007447,0.335164
2007-02-12,-12.1816,-12.7711,1.0,-0.003404,-0.003404,0.330619
2007-02-13,-13.8707,-12.7711,0.0,0.008435,0.0,0.330619
2007-02-14,-12.0339,-12.5141,1.0,0.006567,0.006567,0.339358
2007-02-15,-10.5111,-12.3637,1.0,0.001305,0.001305,0.341105
2007-02-16,-9.3552,-12.2537,1.0,-0.00048,-0.00048,0.340462
2007-02-20,-8.8746,-12.1403,1.0,0.002127,0.002127,0.343313
2007-02-21,-10.9386,-12.0664,1.0,-0.000411,-0.000411,0.342761
2007-02-22,-8.2895,-12.0219,1.0,-0.000753,-0.000753,0.34175
2007-02-23,-5.9252,-11.784,1.0,-0.003907,-0.003907,0.336508
2007-02-26,-7.0054,-11.5561,1.0,-0.000895,-0.000895,0.335311
2007-02-27,-4.4603,-11.311,1.0,-0.039058,-0.039058,0.283157
2007-02-28,-4.9477,-11.0032,1.0,0.010251,0.010251,0.29631
2007-03-01,-5.5123,-10.8786,1.0,-0.002981,-0.002981,0.292446
2007-03-02,-6.3987,-10.7232,1.0,-0.013095,-0.013095,0.275521
2007-03-05,-8.9636,-10.5694,1.0,-0.009519,-0.009519,0.26338
2007-03-06,-8.171,-10.3297,1.0,0.017109,0.017109,0.284995
2007-03-07,-7.4686,-9.9731,1.0,-0.001002,-0.001002,0.283707
2007-03-08,-6.1706,-9.5766,1.0,0.008455,0.008455,0.294561
2007-03-09,-4.3074,-9.1594,1.0,0.000284,0.000284,0.294929
2007-03-12,-3.8044,-8.9191,1.0,0.001492,0.001492,0.296861
2007-03-13,-4.7643,-8.5821,1.0,-0.019434,-0.019434,0.271658
2007-03-14,-4.7771,-8.2468,1.0,0.007451,0.007451,0.281133
2007-03-15,-5.8942,-8.1875,1.0,0.001364,0.001364,0.28288
2007-03-16,-7.033,-8.1449,1.0,-0.002801,-0.002801,0.279287
2007-03-19,-10.0644,-8.1875,0.0,0.012055,0.0,0.279287
2007-03-20,-9.0459,-8.2303,0.0,0.005492,0.0,0.279287
2007-03-21,-8.8705,-8.58,0.0,0.016457,0.0,0.279287
2007-03-22,-7.5519,-8.2303,1.0,-0.000767,-0.000767,0.278306
2007-03-23,-10.2321,-8.2303,0.0,0.001466,0.0,0.278306
2007-03-26,-8.7327,-8.2303,0.0,-0.001324,-0.0,0.278306
2007-03-27,-8.8812,-8.2303,0.0,-0.002375,-0.0,0.278306
2007-03-28,-9.0634,-8.2303,0.0,-0.00728,-0.0,0.278306
2007-03-29,-6.1236,-7.8615,1.0,0.001058,0.001058,0.279658
2007-03-30,-5.0646,-7.5102,1.0,0.000212,0.000212,0.279929
2007-04-02,-6.8571,-7.2508,1.0,0.001127,0.001127,0.281372
2007-04-03,-5.9143,-7.0192,1.0,0.010762,0.010762,0.295162
2007-04-04,-6.6704,-6.9313,1.0,0.001113,0.001113,0.296604
2007-04-05,-2.4503,-6.7638,1.0,0.002711,0.002711,0.300119
2007-04-09,-2.2341,-6.5346,1.0,0.001387,0.001387,0.301922
2007-04-10,-1.2311,-6.2847,1.0,0.001177,0.001177,0.303454
2007-04-11,2.0105,-6.1471,1.0,-0.004079,-0.004079,0.298137
2007-04-12,0.6128,-6.0244,1.0,0.004444,0.004444,0.303906
2007-04-13,1.5528,-5.9197,1.0,0.004562,0.004562,0.309855
2007-04-16,0.6169,-5.9043,1.0,0.009496,0.009496,0.322293
2007-04-17,-0.3352,-5.7033,1.0,0.002659,0.002659,0.325809
2007-04-18,-0.7887,-5.2885,1.0,0.001224,0.001224,0.327432
2007-04-19,-3.4487,-5.0061,1.0,-0.000272,-0.000272,0.327071
2007-04-20,-3.9688,-4.8624,1.0,0.009442,0.009442,0.339601
2007-04-23,-2.862,-4.7707,1.0,-0.003768,-0.003768,0.334553
2007-04-24,1.1024,-4.6123,1.0,0.000405,0.000405,0.335094
2007-04-25,1.602,-4.3838,1.0,0.009182,0.009182,0.347353
2007-04-26,1.495,-4.1381,1.0,0.001138,0.001138,0.348886
2007-04-27,3.3012,-3.8866,1.0,-0.000802,-0.000802,0.347804
2007-04-30,1.6067,-3.6265,1.0,-0.008292,-0.008292,0.336628
2007-05-01,-0.8564,-3.1553,1.0,0.002562,0.002562,0.340053
2007-05-02,-2.091,-2.6562,1.0,0.005852,0.005852,0.347895
2007-05-03,-0.403,-2.3422,1.0,0.005417,0.005417,0.355196
2007-05-04,-0.0604,-2.1625,1.0,0.003791,0.003791,0.360334
2007-05-07,-1.2029,-1.661,1.0,0.000198,0.000198,0.360603
2007-05-08,-0.9748,-1.217,1.0,-0.001325,-0.001325,0.3588
2007-05-09,0.5686,-1.0888,1.0,0.00272,0.00272,0.362496
2007-05-10,0.512,-0.9156,1.0,-0.010453,-0.010453,0.348254
2007-05-11,-1.1722,-0.9156,0.0,0.008557,0.0,0.348254
2007-05-14,-2.9581,-0.9156,0.0,-0.002188,-0.0,0.348254
2007-05-15,-1.4045,-0.9156,0.0,0.000266,0.0,0.348254
2007-05-16,-0.981,-0.9156,0.0,0.006841,0.0,0.348254
2007-05-17,-2.8187,-0.9156,0.0,-0.001979,-0.0,0.348254
2007-05-18,-6.1893,-0.9156,0.0,0.008724,0.0,0.348254
2007-05-21,-6.4253,-0.9156,0.0,-0.000524,-0.0,0.348254
2007-05-22,-6.1175,-0.9156,0.0,-0.000786,-0.0,0.348254
2007-05-23,-1.8607,-0.9156,0.0,0.000131,0.0,0.348254
2007-05-24,-0.6205,-0.8225,1.0,-0.009053,-0.009053,0.336048
2007-05-25,0.0378,-0.7046,1.0,0.004171,0.004171,0.341621
2007-05-29,0.2112,-0.5117,1.0,0.003626,0.003626,0.346486
2007-05-30,-0.42,-0.4115,0.0,0.008145,0.0,0.346486
2007-05-31,-1.5543,-0.4115,0.0,-0.001042,-0.0,0.346486
2007-06-01,-3.4963,-0.4115,0.0,0.004957,0.0,0.346486
2007-06-04,-4.9486,-0.4115,0.0,0.00013,0.0,0.346486
2007-06-05,-4.051,-0.4115,0.0,-0.003958,-0.0,0.346486
2007-06-06,-2.8002,-0.4115,0.0,-0.01075,-0.0,0.346486
2007-06-07,-3.3143,-0.4115,0.0,-0.018045,-0.0,0.346486
2007-06-08,-0.2478,-0.3691,1.0,0.013011,0.013011,0.364005
2007-06-11,0.3931,-0.2915,1.0,0.001721,0.001721,0.366352
2007-06-12,0.2446,-0.1541,1.0,-0.010905,-0.010905,0.351452
2007-06-13,-2.2059,-0.1541,0.0,0.014968,0.0,0.351452
2007-06-14,-4.8373,-0.1541,0.0,0.006386,0.0,0.351452
2007-06-15,-3.904,-0.1541,0.0,0.00569,0.0,0.351452
2007-06-18,-5.9161,-0.1541,0.0,-0.001176,-0.0,0.351452
2007-06-19,-5.427,-0.1541,0.0,0.002485,0.0,0.351452
2007-06-20,-5.983,-0.1541,0.0,-0.013897,-0.0,0.351452
2007-06-21,-5.2682,-0.1541,0.0,0.005558,0.0,0.351452
2007-06-22,-4.6696,-0.1541,0.0,-0.009409,-0.0,0.351452
2007-06-25,-3.3988,-0.1541,0.0,-0.004782,-0.0,0.351452
2007-06-26,-3.5206,-0.1541,0.0,-0.010278,-0.0,0.351452
2007-06-27,-5.7547,-0.1541,0.0,0.014229,0.0,0.351452
2007-06-28,-5.6392,-0.1541,0.0,-0.000133,-0.0,0.351452
2007-06-29,-4.7029,-0.1541,0.0,0.000332,0.0,0.351452
2007-07-02,-5.7696,-0.1541,0.0,0.009041,0.0,0.351452
2007-07-03,-5.1014,-0.1541,0.0,0.003624,0.0,0.351452
2007-07-05,-4.366,-0.1541,0.0,-0.00105,-0.0,0.351452
2007-07-06,-2.8372,-0.1541,0.0,0.005258,0.0,0.351452
2007-07-09,-4.2345,-0.1541,0.0,0.000784,0.0,0.351452
2007-07-10,-3.1019,-0.1541,0.0,-0.014239,-0.0,0.351452
2007-07-11,-3.0372,-0.2915,0.0,0.00709,0.0,0.351452
2007-07-12,-3.5497,-0.3691,0.0,0.01579,0.0,0.351452
2007-07-13,-4.2163,-0.4115,0.0,0.002979,0.0,0.351452
2007-07-16,-6.1125,-0.5202,0.0,-0.000129,-0.0,0.351452
2007-07-17,-7.3106,-0.7046,0.0,-0.000517,-0.0,0.351452
2007-07-18,-5.7283,-0.7384,0.0,-0.001809,-0.0,0.351452
2007-07-19,-5.811,-0.7384,0.0,0.003884,0.0,0.351452
2007-07-20,-4.4639,-0.7384,0.0,-0.010124,-0.0,0.351452
2007-07-23,-1.8023,-0.7384,0.0,0.003062,0.0,0.351452
2007-07-24,1.6615,-0.7384,1.0,-0.017341,-0.017341,0.328017
2007-07-25,1.9523,-0.7384,1.0,0.002049,0.002049,0.330738
2007-07-26,2.514,-0.7384,1.0,-0.023679,-0.023679,0.299227
2007-07-27,2.4781,-0.7384,1.0,-0.01966,-0.01966,0.273684
2007-07-30,-0.0981,-0.7384,1.0,0.015643,0.015643,0.293609
2007-07-31,-0.9493,-0.7849,0.0,-0.011263,-0.0,0.293609
2007-08-01,0.6599,-0.5202,1.0,0.004873,0.004873,0.299912
2007-08-02,-0.6752,-0.6479,0.0,0.00799,0.0,0.299912
2007-08-03,-0.1941,-0.6479,1.0,-0.025745,-0.025745,0.266446
2007-08-06,0.7111,-0.5202,1.0,0.016759,0.016759,0.287671
2007-08-07,0.6763,-0.3339,1.0,0.01067,0.01067,0.30141
2007-08-08,1.5141,-0.3339,1.0,0.013941,0.013941,0.319553
2007-08-09,-0.1986,-0.3339,1.0,-0.029634,-0.029634,0.280449
2007-08-10,-1.3648,-0.3339,0.0,-0.004677,-0.0,0.280449
2007-08-13,-1.0439,-0.3339,0.0,0.003593,0.0,0.280449
2007-08-14,-0.8658,-0.3339,0.0,-0.015286,-0.0,0.280449
2007-08-15,-2.5865,-0.3339,0.0,-0.013776,-0.0,0.280449
2007-08-16,-4.6717,-0.3339,0.0,0.007516,0.0,0.280449
2007-08-17,-7.5203,-0.3339,0.0,0.018367,0.0,0.280449
2007-08-20,-7.7596,-0.3339,0.0,-0.000484,-0.0,0.280449
2007-08-21,-7.4403,-0.3339,0.0,0.002005,0.0,0.280449
2007-08-22,-8.1229,-0.3339,0.0,0.011868,0.0,0.280449
2007-08-23,-10.2845,-0.3339,0.0,-0.000886,-0.0,0.280449
2007-08-24,-9.2371,-0.5476,0.0,0.012353,0.0,0.280449
2007-08-27,-10.0181,-0.7705,0.0,-0.009304,-0.0,0.280449
2007-08-28,-10.885,-0.9076,0.0,-0.02198,-0.0,0.280449
2007-08-29,-8.6231,-0.9076,0.0,0.019621,0.0,0.280449
2007-08-30,-8.4767,-0.9076,0.0,-0.002662,-0.0,0.280449
2007-08-31,-7.0452,-0.9076,0.0,0.009853,0.0,0.280449
2007-09-04,-7.7543,-0.9076,0.0,0.010096,0.0,0.280449
2007-09-05,-7.0493,-0.9076,0.0,-0.008654,-0.0,0.280449
2007-09-06,-8.0306,-0.9076,0.0,0.002301,0.0,0.280449
2007-09-07,-6.7041,-0.9966,0.0,-0.013907,-0.0,0.280449
2007-09-10,-7.6466,-1.2044,0.0,-0.001917,-0.0,0.280449
2007-09-11,-6.3254,-1.5836,0.0,0.011661,0.0,0.280449
2007-09-12,-5.5802,-1.5836,0.0,0.002576,0.0,0.280449
2007-09-13,-4.6492,-1.5836,0.0,0.007034,0.0,0.280449
2007-09-14,-2.9572,-1.5836,0.0,-6.8e-05,-0.0,0.280449
2007-09-17,-1.3909,-1.3779,0.0,-0.005372,-0.0,0.280449
2007-09-18,-3.0442,-1.3779,0.0,0.029439,0.0,0.280449
2007-09-19,-2.3277,-1.3779,0.0,0.005903,0.0,0.280449
2007-09-20,-0.3547,-1.2044,1.0,-0.007042,-0.007042,0.271432
2007-09-21,0.6773,-0.9966,1.0,0.002698,0.002698,0.274863
2007-09-24,-1.0779,-0.9966,0.0,-0.001842,-0.0,0.274863
2007-09-25,0.6838,-0.9076,1.0,-0.001978,-0.001978,0.272341
2007-09-26,1.4414,-0.7705,1.0,0.005284,0.005284,0.279064
2007-09-27,0.3146,-0.515,1.0,0.005913,0.005913,0.286627
2007-09-28,0.1914,-0.2766,1.0,-0.003332,-0.003332,0.28234
2007-10-01,0.1315,-0.1963,1.0,0.011273,0.011273,0.296796
2007-10-02,-0.2071,-0.1963,0.0,-0.001361,-0.0,0.296796
2007-10-03,0.9087,-0.1461,1.0,-0.002012,-0.002012,0.294187
2007-10-04,-0.3666,-0.1461,0.0,0.001561,0.0,0.294187
2007-10-05,1.0247,0.0167,1.0,0.011881,0.011881,0.309563
2007-10-08,1.5537,0.1615,1.0,-0.005326,-0.005326,0.302588
2007-10-09,-0.0826,0.1615,0.0,0.009418,0.0,0.302588
2007-10-10,-0.208,0.1615,0.0,-0.001661,-0.0,0.302588
2007-10-11,0.0216,0.1615,0.0,-0.004802,-0.0,0.302588
2007-10-12,0.9571,0.253,1.0,0.005532,0.005532,0.309794
2007-10-15,5.0961,0.4873,1.0,-0.008444,-0.008444,0.298734
2007-10-16,4.7732,0.6681,1.0,-0.007935,-0.007935,0.288429
2007-10-17,9.0545,0.6768,1.0,0.003057,0.003057,0.292368
2007-10-18,8.4447,0.6806,1.0,-0.003631,-0.003631,0.287675
2007-10-19,8.2827,0.6974,1.0,-0.026157,-0.026157,0.253993
2007-10-22,8.2757,0.6974,1.0,0.005813,0.005813,0.261283
2007-10-23,7.6207,0.6974,1.0,0.008104,0.008104,0.271504
2007-10-24,7.1187,0.6974,1.0,-0.001845,-0.001845,0.269158
2007-10-25,5.4321,0.6974,1.0,0.002376,0.002376,0.272174
2007-10-26,6.1108,0.8099,1.0,0.011724,0.011724,0.287089
2007-10-29,5.3183,0.9329,1.0,0.00332,0.00332,0.291362
2007-10-30,6.2705,0.9909,1.0,-0.006942,-0.006942,0.282397
2007-10-31,5.0628,1.2331,1.0,0.010388,0.010388,0.295719
2007-11-01,4.4001,1.4778,1.0,-0.023408,-0.023408,0.265389
2007-11-02,4.1593,1.5339,1.0,0.001126,0.001126,0.266814
2007-11-05,3.465,2.5093,1.0,-0.007606,-0.007606,0.257178
2007-11-06,3.1581,3.3116,0.0,0.013462,0.0,0.257178
2007-11-07,5.9647,3.8122,1.0,-0.027356,-0.027356,0.222787
2007-11-08,7.6032,4.2797,1.0,-0.00507,-0.00507,0.216587
2007-11-09,7.3603,4.5867,1.0,-0.013726,-0.013726,0.199888
2007-11-12,7.0224,4.918,1.0,-0.009922,-0.009922,0.187983
2007-11-13,4.4668,4.918,0.0,0.03048,0.0,0.187983
2007-11-14,2.7688,4.918,0.0,-0.002769,-0.0,0.187983
2007-11-15,3.1674,4.918,0.0,-0.014424,-0.0,0.187983
2007-11-16,4.0729,4.918,0.0,0.001717,0.0,0.187983
2007-11-19,4.0823,4.918,0.0,-0.013924,-0.0,0.187983
2007-11-20,0.9288,4.918,0.0,0.006121,0.0,0.187983
2007-11-21,-0.7826,4.918,0.0,-0.020464,-0.0,0.187983
2007-11-23,-1.3978,4.918,0.0,0.017292,0.0,0.187983
2007-11-26,-3.0159,4.918,0.0,-0.022063,-0.0,0.187983
2007-11-27,-2.2282,4.918,0.0,0.011493,0.0,0.187983
2007-11-28,-0.9125,4.918,0.0,0.031984,0.0,0.187983
2007-11-29,-0.024,4.918,0.0,0.00034,0.0,0.187983
2007-11-30,0.2663,4.918,0.0,0.010056,0.0,0.187983
2007-12-03,1.4999,4.918,0.0,-0.006592,-0.0,0.187983
2007-12-04,1.4796,4.918,0.0,-0.008938,-0.0,0.187983
2007-12-05,0.993,4.918,0.0,0.016739,0.0,0.187983
2007-12-06,-0.8126,4.918,0.0,0.014314,0.0,0.187983
2007-12-07,-0.7761,4.918,0.0,-0.000199,-0.0,0.187983
2007-12-10,-1.3948,4.918,0.0,0.007753,0.0,0.187983
2007-12-11,-3.3239,4.918,0.0,-0.02742,-0.0,0.187983
2007-12-12,-4.3914,4.918,0.0,0.009871,0.0,0.187983
2007-12-13,-4.4177,4.918,0.0,-0.002075,-0.0,0.187983
2007-12-14,-2.7008,4.918,0.0,-0.012679,-0.0,0.187983
2007-12-17,-3.1905,4.918,0.0,-0.014269,-0.0,0.187983
2007-12-18,-3.8279,4.918,0.0,0.005583,0.0,0.187983
2007-12-19,-1.8777,4.918,0.0,0.0,0.0,0.187983
2007-12-20,-2.2295,4.918,0.0,0.006307,0.0,0.187983
2007-12-21,-3.2197,4.918,0.0,0.014415,0.0,0.187983
2007-12-24,-2.2235,4.918,0.0,0.007425,0.0,0.187983
2007-12-26,-2.4253,4.918,0.0,0.002145,0.0,0.187983
2007-12-27,-1.3381,4.918,0.0,-0.012571,-0.0,0.187983
2007-12-28,-0.9325,4.918,0.0,-0.002505,-0.0,0.187983
2007-12-31,-0.738,4.918,0.0,-0.0074,-0.0,0.187983
2008-01-02,-0.2182,4.918,0.0,-0.008755,-0.0,0.187983
2008-01-03,-2.9536,4.918,0.0,-0.000483,-0.0,0.187983
2008-01-04,-3.6034,4.918,0.0,-0.024507,-0.0,0.187983
2008-01-07,-3.088,4.918,0.0,-0.000849,-0.0,0.187983
2008-01-08,-2.7959,4.918,0.0,-0.016148,-0.0,0.187983
2008-01-09,-3.8745,4.918,0.0,0.01051,0.0,0.187983
2008-01-10,-4.773,4.918,0.0,0.006554,0.0,0.187983
2008-01-11,-5.5396,4.918,0.0,-0.008068,-0.0,0.187983
2008-01-14,-4.3691,4.918,0.0,0.008063,0.0,0.187983
2008-01-15,-2.7996,4.62,0.0,-0.022013,-0.0,0.187983
2008-01-16,-4.4211,4.4334,0.0,-0.008613,-0.0,0.187983
2008-01-17,-3.5719,4.2797,0.0,-0.025916,-0.0,0.187983
2008-01-18,-2.3947,4.1208,0.0,-0.010268,-0.0,0.187983
2008-01-22,-3.7982,4.0776,0.0,-0.010146,-0.0,0.187983
2008-01-23,-6.244,3.769,0.0,0.02402,0.0,0.187983
2008-01-24,-7.0898,3.3162,0.0,0.008442,0.0,0.187983
2008-01-25,-10.7274,3.1628,0.0,-0.014446,-0.0,0.187983
2008-01-28,-11.4407,2.9635,0.0,0.016536,0.0,0.187983
2008-01-29,-12.2963,2.1343,0.0,0.004954,0.0,0.187983
2008-01-30,-11.291,1.4898,0.0,-0.007358,-0.0,0.187983
2008-01-31,-10.7701,1.2363,0.0,0.018234,0.0,0.187983
2008-02-01,-10.7787,0.9609,0.0,0.016089,0.0,0.187983
2008-02-04,-10.8486,0.5976,0.0,-0.012609,-0.0,0.187983
2008-02-05,-10.0783,0.1212,0.0,-0.026774,-0.0,0.187983
2008-02-06,-10.1525,-0.1211,0.0,-0.008052,-0.0,0.187983
2008-02-07,-11.9825,-0.4781,0.0,0.006614,0.0,0.187983
2008-02-08,-10.7766,-0.757,0.0,-0.006421,-0.0,0.187983
2008-02-11,-11.9785,-0.7793,0.0,0.00511,0.0,0.187983
2008-02-12,-11.0481,-0.7976,0.0,0.009271,0.0,0.187983
2008-02-13,-10.2879,-0.8625,0.0,0.010223,0.0,0.187983
2008-02-14,-10.2506,-0.9225,0.0,-0.0088,-0.0,0.187983
2008-02-15,-10.964,-1.1353,0.0,-0.000222,-0.0,0.187983
2008-02-19,-9.4715,-1.3665,0.0,0.002812,0.0,0.187983
2008-02-20,-9.9507,-1.3963,0.0,0.002951,0.0,0.187983
2008-02-21,-11.0134,-1.6378,0.0,-0.008314,-0.0,0.187983
2008-02-22,-11.3502,-2.0506,0.0,0.006158,0.0,0.187983
2008-02-25,-10.0097,-2.2259,0.0,0.012609,0.0,0.187983
2008-02-26,-10.273,-2.2289,0.0,0.007501,0.0,0.187983
2008-02-27,-10.8658,-2.2289,0.0,-0.001012,-0.0,0.187983
2008-02-28,-9.0141,-2.3121,0.0,-0.009767,-0.0,0.187983
2008-02-29,-11.1187,-2.41,0.0,-0.022284,-0.0,0.187983
2008-03-03,-11.0473,-2.563,0.0,-0.002391,-0.0,0.187983
2008-03-04,-13.1624,-2.7484,0.0,-0.00382,-0.0,0.187983
2008-03-05,-12.2758,-2.7978,0.0,0.006316,0.0,0.187983
2008-03-06,-12.1511,-2.8766,0.0,-0.020698,-0.0,0.187983
2008-03-07,-11.5922,-3.0208,0.0,-0.0103,-0.0,0.187983
2008-03-10,-12.9056,-3.1393,0.0,-0.013184,-0.0,0.187983
2008-03-11,-12.3486,-3.2051,0.0,0.035937,0.0,0.187983
2008-03-12,-12.5118,-3.2718,0.0,-0.009351,-0.0,0.187983
2008-03-13,-11.8651,-3.3958,0.0,0.002208,0.0,0.187983
2008-03-14,-12.617,-3.3958,0.0,-0.015496,-0.0,0.187983
2008-03-17,-14.3899,-3.3958,0.0,-0.010107,-0.0,0.187983
2008-03-18,-14.904,-3.5877,0.0,0.041543,0.0,0.187983
2008-03-19,-14.4175,-3.7008,0.0,-0.02477,-0.0,0.187983
2008-03-20,-15.2857,-3.7008,0.0,0.018523,0.0,0.187983
2008-03-24,-17.2425,-3.8363,0.0,0.019988,0.0,0.187983
2008-03-25,-16.1626,-4.1218,0.0,0.000965,0.0,0.187983
2008-03-26,-16.1839,-4.3951,0.0,-0.012236,-0.0,0.187983
2008-03-27,-16.9923,-4.5971,0.0,-0.003153,-0.0,0.187983
2008-03-28,-17.7793,-5.1563,0.0,-0.009565,-0.0,0.187983
2008-03-31,-17.5182,-5.8918,0.0,0.003497,0.0,0.187983
2008-04-01,-17.2869,-6.6669,0.0,0.03516,0.0,0.187983
2008-04-02,-17.0205,-8.052,0.0,0.000659,0.0,0.187983
2008-04-03,-18.3292,-9.2428,0.0,0.002487,0.0,0.187983
2008-04-04,-20.1033,-9.7111,0.0,-0.001095,-0.0,0.187983
2008-04-07,-22.352,-9.9802,0.0,0.000512,0.0,0.187983
2008-04-08,-23.3595,-10.044,0.0,-0.001022,-0.0,0.187983
2008-04-09,-24.6805,-10.1154,0.0,-0.007236,-0.0,0.187983
2008-04-10,-24.5999,-10.2015,0.0,0.001399,0.0,0.187983
2008-04-11,-26.1314,-10.2618,0.0,-0.01941,-0.0,0.187983
2008-04-14,-26.9456,-10.2805,0.0,-0.003374,-0.0,0.187983
2008-04-15,-25.4795,-10.5077,0.0,0.002332,0.0,0.187983
2008-04-16,-28.3552,-10.7488,0.0,0.027094,0.0,0.187983
2008-04-17,-26.3978,-10.7733,0.0,0.001461,0.0,0.187983
2008-04-18,-25.9422,-10.7776,0.0,0.010434,0.0,0.187983
2008-04-21,-23.2065,-10.8137,0.0,0.000505,0.0,0.187983
2008-04-22,-24.0021,-10.8572,0.0,-0.004402,-0.0,0.187983
2008-04-23,-24.737,-10.9149,0.0,-0.001596,-0.0,0.187983
2008-04-24,-23.4219,-10.9887,0.0,0.004357,0.0,0.187983
2008-04-25,-23.8234,-11.0304,0.0,0.009254,0.0,0.187983
2008-04-28,-23.9182,-11.0304,0.0,0.000215,0.0,0.187983
2008-04-29,-24.9224,-11.0304,0.0,-0.003939,-0.0,0.187983
2008-04-30,-23.1197,-11.0304,0.0,-0.005896,-0.0,0.187983
2008-05-01,-24.3672,-11.0477,0.0,0.020686,0.0,0.187983
2008-05-02,-20.5121,-11.0834,0.0,0.002764,0.0,0.187983
2008-05-05,-21.3068,-11.2345,0.0,-0.004805,-0.0,0.187983
2008-05-06,-22.1736,-11.4712,0.0,0.008663,0.0,0.187983
2008-05-07,-22.8356,-11.7287,0.0,-0.017811,-0.0,0.187983
2008-05-08,-23.9044,-11.7287,0.0,-0.00258,-0.0,0.187983
2008-05-09,-24.6639,-11.9218,0.0,-0.001869,-0.0,0.187983
2008-05-12,-24.5237,-12.0081,0.0,0.011231,0.0,0.187983
2008-05-13,-25.0967,-12.2134,0.0,0.000142,0.0,0.187983
2008-05-14,-23.061,-12.3122,0.0,0.002065,0.0,0.187983
2008-05-15,-23.8362,-12.4302,0.0,0.012503,0.0,0.187983
2008-05-16,-24.2607,-12.5644,0.0,0.000912,0.0,0.187983
2008-05-19,-25.6644,-12.7613,0.0,0.002734,0.0,0.187983
2008-05-20,-24.5564,-13.034,0.0,-0.008109,-0.0,0.187983
2008-05-21,-23.9469,-13.7761,0.0,-0.016914,-0.0,0.187983
2008-05-22,-24.1253,-14.4037,0.0,0.000143,0.0,0.187983
2008-05-23,-23.5722,-14.6607,0.0,-0.013404,-0.0,0.187983
2008-05-27,-22.3097,-15.0948,0.0,0.007411,0.0,0.187983
2008-05-28,-20.7136,-15.7241,0.0,0.004616,0.0,0.187983
2008-05-29,-21.8661,-16.1732,0.0,0.005025,0.0,0.187983
2008-05-30,-22.8898,-16.5881,0.0,0.002501,0.0,0.187983
2008-06-02,-23.6004,-17.0064,0.0,-0.010331,-0.0,0.187983
2008-06-03,-23.0721,-17.1315,0.0,-0.005832,-0.0,0.187983
2008-06-04,-23.6814,-17.2647,0.0,-0.000507,-0.0,0.187983
2008-06-05,-23.839,-17.4026,0.0,0.019997,0.0,0.187983
2008-06-06,-22.938,-17.6487,0.0,-0.031894,-0.0,0.187983
2008-06-09,-22.1376,-18.0542,0.0,0.002421,0.0,0.187983
2008-06-10,-23.05,-19.2163,0.0,-0.004977,-0.0,0.187983
2008-06-11,-23.2605,-20.3077,0.0,-0.014712,-0.0,0.187983
2008-06-12,-20.8504,-20.6128,0.0,0.003808,0.0,0.187983
2008-06-13,-21.1117,-20.782,0.0,0.012644,0.0,0.187983
2008-06-16,-20.4772,-20.782,1.0,0.000588,0.000588,0.188682
2008-06-17,-20.7132,-20.782,1.0,-0.004844,-0.004844,0.182924
2008-06-18,-21.9227,-20.9811,0.0,-0.009737,-0.0,0.182924
2008-06-19,-22.0441,-21.2092,0.0,0.001267,0.0,0.182924
2008-06-20,-21.3607,-21.3337,0.0,-0.016232,-0.0,0.182924
2008-06-23,-21.4867,-21.4237,0.0,-0.000988,-0.0,0.182924
2008-06-24,-20.8569,-21.4237,1.0,-0.001978,-0.001978,0.180584
2008-06-25,-22.2045,-21.6764,0.0,0.004726,0.0,0.180584
2008-06-26,-21.5924,-21.7293,1.0,-0.027161,-0.027161,0.148518
2008-06-27,-20.84,-21.7293,1.0,-0.005459,-0.005459,0.142248
2008-06-30,-20.7565,-21.7293,1.0,0.003529,0.003529,0.146279
2008-07-01,-20.245,-21.7293,1.0,0.003125,0.003125,0.149861
2008-07-02,-18.5042,-21.7293,1.0,-0.017136,-0.017136,0.130157
2008-07-03,-17.1254,-21.7293,1.0,0.00103,0.00103,0.131321
2008-07-07,-16.7288,-21.5396,1.0,-0.010213,-0.010213,0.119767
2008-07-08,-18.7893,-21.4237,1.0,0.017758,0.017758,0.139652
2008-07-09,-17.7534,-21.3337,1.0,-0.019255,-0.019255,0.117708
2008-07-10,-14.8606,-21.2092,1.0,0.004087,0.004087,0.122276
2008-07-11,-15.7944,-20.9843,1.0,-0.011653,-0.011653,0.109198
2008-07-14,-15.2719,-20.8537,1.0,-0.009044,-0.009044,0.099167
2008-07-15,-16.1705,-20.8452,1.0,-0.014097,-0.014097,0.083672
2008-07-16,-14.6488,-20.7982,1.0,0.024547,0.024547,0.110273
2008-07-17,-15.9895,-20.735,1.0,0.010004,0.010004,0.12138
2008-07-18,-16.1038,-20.7134,1.0,0.00623,0.00623,0.128366
2008-07-21,-15.2549,-20.6127,1.0,0.000556,0.000556,0.128993
2008-07-22,-16.2123,-20.4946,1.0,0.011345,0.011345,0.141802
2008-07-23,-12.998,-20.3611,1.0,0.005412,0.005412,0.147981
2008-07-24,-11.1838,-19.5172,1.0,-0.020753,-0.020753,0.124157
2008-07-25,-9.0276,-18.6468,1.0,-0.000239,-0.000239,0.123888
2008-07-28,-7.1603,-18.1288,1.0,-0.014664,-0.014664,0.107408
2008-07-29,-5.4004,-17.4394,1.0,0.021352,0.021352,0.131053
2008-07-30,-7.3187,-16.9271,1.0,0.017818,0.017818,0.151206
2008-07-31,-6.4423,-16.4706,1.0,-0.013226,-0.013226,0.13598
2008-08-01,-6.6596,-16.1914,1.0,-0.005283,-0.005283,0.129979
2008-08-04,-7.4496,-16.1371,1.0,-0.009274,-0.009274,0.1195
2008-08-05,-7.2779,-16.0467,1.0,0.026962,0.026962,0.149683
2008-08-06,-6.4262,-15.892,1.0,0.00444,0.00444,0.154788
2008-08-07,-5.0403,-15.5332,1.0,-0.014891,-0.014891,0.137592
2008-08-08,-5.4328,-15.2634,1.0,0.018581,0.018581,0.15873
2008-08-11,-4.4284,-15.0578,1.0,0.010358,0.010358,0.170732
2008-08-12,-4.5576,-14.7547,1.0,-0.010405,-0.010405,0.15855
2008-08-13,-3.4261,-13.8234,1.0,-0.00603,-0.00603,0.151564
2008-08-14,-1.9302,-12.0909,1.0,0.007545,0.007545,0.160253
2008-08-15,0.0799,-10.1057,1.0,0.004863,0.004863,0.165895
2008-08-18,-1.6438,-8.2386,1.0,-0.013675,-0.013675,0.149952
2008-08-19,-3.2502,-7.3841,1.0,-0.010904,-0.010904,0.137412
2008-08-20,-1.8921,-7.2983,1.0,0.004646,0.004646,0.142697
2008-08-21,0.4998,-7.2191,1.0,0.001725,0.001725,0.144668
2008-08-22,-0.0289,-6.91,1.0,0.014476,0.014476,0.161238
2008-08-25,1.3216,-6.551,1.0,-0.020285,-0.020285,0.137683
2008-08-26,1.6854,-6.4343,1.0,0.002913,0.002913,0.140997
2008-08-27,-0.0332,-5.9295,1.0,0.009734,0.009734,0.152103
2008-08-28,2.5216,-5.4166,1.0,0.012128,0.012128,0.166076
2008-08-29,2.1862,-5.2203,1.0,-0.010754,-0.010754,0.153536
2008-09-02,4.8159,-4.799,1.0,-0.006212,-0.006212,0.14637
2008-09-03,5.4504,-4.493,1.0,-0.000859,-0.000859,0.145385
2008-09-04,4.3777,-3.9272,1.0,-0.030106,-0.030106,0.110902
2008-09-05,3.9105,-3.3382,1.0,0.003144,0.003144,0.114395
2008-09-08,2.5188,-2.5902,1.0,0.020656,0.020656,0.137414
2008-09-09,1.2236,-1.9112,1.0,-0.029687,-0.029687,0.103648
2008-09-10,-0.7557,-1.7679,1.0,0.004058,0.004058,0.108126
2008-09-11,-1.3169,-1.4803,1.0,0.014468,0.014468,0.124159
2008-09-12,0.4652,-1.0363,1.0,0.004621,0.004621,0.129353
2008-09-15,2.8593,-0.3945,1.0,-0.047585,-0.047585,0.075613
2008-09-16,2.1246,-0.031,1.0,0.016737,0.016737,0.093616
2008-09-17,0.8901,0.0255,1.0,-0.044963,-0.044963,0.044443
2008-09-18,3.6473,0.2726,1.0,0.029671,0.029671,0.075433
2008-09-19,2.2712,0.4825,1.0,0.039714,0.039714,0.118143
2008-09-22,0.4763,0.4881,0.0,-0.022639,-0.0,0.118143
2008-09-23,2.174,0.6949,1.0,-0.022752,-0.022752,0.092703
2008-09-24,3.8002,1.0568,1.0,0.003205,0.003205,0.096205
2008-09-25,2.0944,1.2726,1.0,0.01564,0.01564,0.113349
2008-09-26,2.9852,1.5035,1.0,0.000497,0.000497,0.113903
2008-09-29,2.3377,1.8899,1.0,-0.078362,-0.078362,0.026615
2008-09-30,1.1565,1.8899,0.0,0.041389,0.0,0.026615
2008-10-01,2.6257,2.1095,1.0,0.000604,0.000604,0.027235
2008-10-02,2.9114,2.1493,1.0,-0.036274,-0.036274,-0.010027
2008-10-03,7.1078,2.1801,1.0,-0.0135,-0.0135,-0.023391
2008-10-06,6.4378,2.2287,1.0,-0.050933,-0.050933,-0.073133
2008-10-07,4.9714,2.3044,1.0,-0.044786,-0.044786,-0.114644
2008-10-08,6.7151,2.4283,1.0,-0.025193,-0.025193,-0.136948
2008-10-09,8.0064,2.5202,1.0,-0.069838,-0.069838,-0.197222
2008-10-10,9.5953,2.5736,1.0,-0.024256,-0.024256,-0.216694
2008-10-13,10.1471,2.7425,1.0,0.145198,0.145198,-0.10296
2008-10-14,12.5216,2.8854,1.0,-0.0148,-0.0148,-0.116236
2008-10-15,12.2404,2.9483,1.0,-0.098448,-0.098448,-0.203241
2008-10-16,9.6753,3.3162,1.0,0.041658,0.041658,-0.17005
2008-10-17,4.781,3.7237,1.0,-0.005972,-0.005972,-0.175006
2008-10-20,0.7904,3.7237,0.0,0.060079,0.0,-0.175006
2008-10-21,2.8558,3.7237,0.0,-0.029855,-0.0,-0.175006
2008-10-22,-1.0214,3.7237,0.0,-0.054454,-0.0,-0.175006
2008-10-23,-0.0182,3.7237,0.0,0.011584,0.0,-0.175006
2008-10-24,-0.2545,3.7237,0.0,-0.050714,-0.0,-0.175006
2008-10-27,1.1491,3.7237,0.0,-0.035501,-0.0,-0.175006
2008-10-28,-0.968,3.7237,0.0,0.116856,0.0,-0.175006
2008-10-29,1.8215,3.7237,0.0,-0.007253,-0.0,-0.175006
2008-10-30,-2.4391,3.7237,0.0,0.034594,0.0,-0.175006
2008-10-31,-0.1644,3.7237,0.0,0.005504,0.0,-0.175006
2008-11-03,1.4985,3.7237,0.0,0.002892,0.0,-0.175006
2008-11-04,4.3232,3.8553,1.0,0.033982,0.033982,-0.146971
2008-11-05,8.0914,4.1169,1.0,-0.042028,-0.042028,-0.182822
2008-11-06,6.9254,4.3505,1.0,-0.055411,-0.055411,-0.228103
2008-11-07,6.6782,4.5794,1.0,0.033019,0.033019,-0.202616
2008-11-10,9.9071,4.7985,1.0,-0.013105,-0.013105,-0.213065
2008-11-11,7.7926,4.8936,1.0,-0.030876,-0.030876,-0.237363
2008-11-12,10.2847,5.2109,1.0,-0.044001,-0.044001,-0.270919
2008-11-13,11.3309,5.9441,1.0,0.06234,0.06234,-0.225469
2008-11-14,12.7159,6.558,1.0,-0.049906,-0.049906,-0.264122
2008-11-17,8.4254,6.6966,1.0,-0.013277,-0.013277,-0.273893
2008-11-18,7.9227,6.8202,1.0,0.018838,0.018838,-0.260214
2008-11-19,7.9282,7.0166,1.0,-0.06408,-0.06408,-0.30762
2008-11-20,7.7097,7.4088,1.0,-0.074233,-0.074233,-0.359017
2008-11-21,7.1502,7.43,0.0,0.053943,0.0,-0.359017
2008-11-24,4.4225,7.43,0.0,0.069291,0.0,-0.359017
2008-11-25,5.6463,7.43,0.0,0.007409,0.0,-0.359017
2008-11-26,6.0946,7.43,0.0,0.038641,0.0,-0.359017
2008-11-28,4.8076,7.43,0.0,0.012589,0.0,-0.359017
2008-12-01,3.4945,7.43,0.0,-0.088578,-0.0,-0.359017
2008-12-02,-1.1787,7.43,0.0,0.038485,0.0,-0.359017
2008-12-03,-1.02,7.43,0.0,0.024041,0.0,-0.359017
2008-12-04,-0.7708,7.43,0.0,-0.023133,-0.0,-0.359017
2008-12-05,-2.8119,7.43,0.0,0.030833,0.0,-0.359017
2008-12-08,-2.9464,7.43,0.0,0.034914,0.0,-0.359017
2008-12-09,-1.9373,7.43,0.0,-0.016484,-0.0,-0.359017
2008-12-10,-3.5943,7.43,0.0,0.006816,0.0,-0.359017
2008-12-11,-3.1686,7.43,0.0,-0.024081,-0.0,-0.359017
2008-12-12,-2.1589,7.43,0.0,0.01194,0.0,-0.359017
2008-12-15,-2.042,7.43,0.0,-0.013935,-0.0,-0.359017
2008-12-16,2.8489,7.43,0.0,0.047066,0.0,-0.359017
2008-12-17,5.5327,7.43,0.0,-0.009686,-0.0,-0.359017
2008-12-18,1.7155,7.43,0.0,-0.018683,-0.0,-0.359017
2008-12-19,-0.6913,7.43,0.0,-0.004301,-0.0,-0.359017
2008-12-22,-0.055,7.43,0.0,-0.012814,-0.0,-0.359017
2008-12-23,1.5563,7.43,0.0,-0.010337,-0.0,-0.359017
2008-12-24,1.5539,7.43,0.0,0.005803,0.0,-0.359017
2008-12-26,1.0219,7.43,0.0,0.00577,0.0,-0.359017
2008-12-29,0.7416,7.43,0.0,-0.002869,-0.0,-0.359017
2008-12-30,-0.9429,7.43,0.0,0.023702,0.0,-0.359017
2008-12-31,-4.3936,7.43,0.0,0.014275,0.0,-0.359017
2009-01-02,-5.3382,7.43,0.0,0.030142,0.0,-0.359017
2009-01-05,-5.3844,7.43,0.0,-0.001183,-0.0,-0.359017
2009-01-06,-1.1569,7.43,0.0,0.006677,0.0,-0.359017
2009-01-07,-5.0179,7.43,0.0,-0.029956,-0.0,-0.359017
2009-01-08,-4.8051,7.43,0.0,0.004081,0.0,-0.359017
2009-01-09,0.7643,7.0378,0.0,-0.021419,-0.0,-0.359017
2009-01-12,3.7296,6.8018,0.0,-0.024021,-0.0,-0.359017
2009-01-13,-0.2274,6.3864,0.0,0.00184,0.0,-0.359017
2009-01-14,-6.299,5.8705,0.0,-0.031455,-0.0,-0.359017
2009-01-15,-4.4694,5.5895,0.0,0.000357,0.0,-0.359017
2009-01-16,-5.5698,5.1702,0.0,0.00782,0.0,-0.359017
2009-01-20,-8.2058,5.1702,0.0,-0.052786,-0.0,-0.359017
2009-01-21,-9.0963,5.1702,0.0,0.043192,0.0,-0.359017
2009-01-22,-13.7671,5.1702,0.0,-0.015467,-0.0,-0.359017
2009-01-23,-15.2641,5.1702,0.0,0.00435,0.0,-0.359017
2009-01-26,-16.5505,5.1702,0.0,0.006858,0.0,-0.359017
2009-01-27,-13.6625,5.1702,0.0,0.010159,0.0,-0.359017
2009-01-28,-10.9054,5.1702,0.0,0.033834,0.0,-0.359017
2009-01-29,-11.9724,5.1702,0.0,-0.032498,-0.0,-0.359017
2009-01-30,-15.3402,5.1702,0.0,-0.020343,-0.0,-0.359017
2009-02-02,-14.5388,5.1702,0.0,-0.003018,-0.0,-0.359017
2009-02-03,-13.1788,5.1702,0.0,0.014047,0.0,-0.359017
2009-02-04,-14.8627,5.1702,0.0,-0.004896,-0.0,-0.359017
2009-02-05,-14.3393,5.1702,0.0,0.01488,0.0,-0.359017
2009-02-06,-15.4169,4.6151,0.0,0.028497,0.0,-0.359017
2009-02-09,-16.7194,4.076,0.0,0.00138,0.0,-0.359017
2009-02-10,-18.033,3.612,0.0,-0.04581,-0.0,-0.359017
2009-02-11,-20.9724,3.1717,0.0,0.005896,0.0,-0.359017
2009-02-12,-20.2513,2.2822,0.0,0.000717,0.0,-0.359017
2009-02-13,-21.3992,1.6359,0.0,-0.010758,-0.0,-0.359017
2009-02-17,-21.0149,1.5551,0.0,-0.042774,-0.0,-0.359017
2009-02-18,-21.3547,1.2879,0.0,-0.002398,-0.0,-0.359017
2009-02-19,-20.7358,0.8931,0.0,-0.010756,-0.0,-0.359017
2009-02-20,-24.2745,0.7529,0.0,-0.009721,-0.0,-0.359017
2009-02-23,-25.4549,0.3433,0.0,-0.035779,-0.0,-0.359017
2009-02-24,-22.7324,-0.1412,0.0,0.037911,0.0,-0.359017
2009-02-25,-23.6503,-0.4593,0.0,-0.007874,-0.0,-0.359017
2009-02-26,-24.142,-0.731,0.0,-0.016261,-0.0,-0.359017
2009-02-27,-25.7379,-0.8568,0.0,-0.022349,-0.0,-0.359017
2009-03-02,-24.3373,-0.9815,0.0,-0.045043,-0.0,-0.359017
2009-03-03,-26.1261,-1.0885,0.0,-0.007507,-0.0,-0.359017
2009-03-04,-24.6245,-1.1678,0.0,0.023691,0.0,-0.359017
2009-03-05,-28.0349,-1.5471,0.0,-0.040848,-0.0,-0.359017
2009-03-06,-24.3367,-1.9897,0.0,0.001744,0.0,-0.359017
2009-03-09,-27.2426,-2.1005,0.0,-0.011753,-0.0,-0.359017
2009-03-10,-26.3884,-2.1005,0.0,0.05961,0.0,-0.359017
2009-03-11,-26.6605,-2.1005,0.0,0.006512,0.0,-0.359017
2009-03-12,-20.2335,-2.6638,0.0,0.039372,0.0,-0.359017
2009-03-13,-19.74,-2.6638,0.0,0.007815,0.0,-0.359017
2009-03-16,-20.9034,-3.2762,0.0,-0.003023,-0.0,-0.359017
2009-03-17,-19.3253,-4.4315,0.0,0.030582,0.0,-0.359017
2009-03-18,-18.756,-4.6372,0.0,0.022385,0.0,-0.359017
2009-03-19,-16.7143,-4.9115,0.0,-0.012386,-0.0,-0.359017
2009-03-20,-18.0529,-5.1781,0.0,-0.021294,-0.0,-0.359017
2009-03-23,-20.0903,-5.3613,0.0,0.071829,0.0,-0.359017
2009-03-24,-17.7711,-5.4771,0.0,-0.019703,-0.0,-0.359017
2009-03-25,-19.2446,-5.9344,0.0,0.010546,0.0,-0.359017
2009-03-26,-21.7768,-7.2524,0.0,0.02038,0.0,-0.359017
2009-03-27,-19.9775,-8.6511,0.0,-0.018048,-0.0,-0.359017
2009-03-30,-21.0238,-10.0008,0.0,-0.034554,-0.0,-0.359017
2009-03-31,-20.3403,-11.4389,0.0,0.009265,0.0,-0.359017
2009-04-01,-17.8657,-12.5756,0.0,0.019366,0.0,-0.359017
2009-04-02,-18.2736,-13.4207,0.0,0.029238,0.0,-0.359017
2009-04-03,-16.1433,-13.7148,0.0,0.009949,0.0,-0.359017
2009-04-06,-16.9049,-14.0532,0.0,-0.007833,-0.0,-0.359017
2009-04-07,-12.5272,-14.0532,1.0,-0.023326,-0.023326,-0.373969
2009-04-08,-12.0881,-14.0532,1.0,0.010778,0.010778,-0.367221
2009-04-09,-13.4913,-14.0532,1.0,0.039743,0.039743,-0.342073
2009-04-13,-14.859,-14.439,0.0,0.000233,0.0,-0.342073
2009-04-14,-15.1511,-14.6989,0.0,-0.017244,-0.0,-0.342073
2009-04-15,-16.8841,-14.8608,0.0,0.01067,0.0,-0.342073
2009-04-16,-18.7076,-15.0069,0.0,0.014663,0.0,-0.342073
2009-04-17,-17.7589,-15.2076,0.0,0.006706,0.0,-0.342073
2009-04-20,-14.4001,-15.2076,1.0,-0.041916,-0.041916,-0.36965
2009-04-21,-15.1248,-15.2076,1.0,0.019538,0.019538,-0.357335
2009-04-22,-11.1543,-15.2076,1.0,-0.006113,-0.006113,-0.361263
2009-04-23,-12.8095,-15.2076,1.0,0.009818,0.009818,-0.354992
2009-04-24,-7.563,-15.1379,1.0,0.015111,0.015111,-0.345245
2009-04-27,-8.0639,-14.9937,1.0,-0.009462,-0.009462,-0.351441
2009-04-28,-5.3976,-14.9937,1.0,-0.003145,-0.003145,-0.35348
2009-04-29,-6.4579,-14.9937,1.0,0.021269,0.021269,-0.33973
2009-04-30,-6.8951,-14.9937,1.0,0.000344,0.000344,-0.339503
2009-05-01,-7.733,-14.8608,1.0,0.005376,0.005376,-0.335952
2009-05-04,-6.2089,-14.8608,1.0,0.03402,0.03402,-0.313361
2009-05-05,-8.6389,-14.8608,1.0,-0.003411,-0.003411,-0.315703
2009-05-06,-7.7423,-14.6295,1.0,0.017334,0.017334,-0.303841
2009-05-07,-6.0553,-14.6295,1.0,-0.013892,-0.013892,-0.313512
2009-05-08,-8.2307,-13.9457,1.0,0.023333,0.023333,-0.297495
2009-05-11,-9.1177,-13.1504,1.0,-0.018714,-0.018714,-0.310641
2009-05-12,-9.9003,-12.6683,1.0,-0.002958,-0.002958,-0.31268
2009-05-13,-12.5324,-12.5298,0.0,-0.025174,-0.0,-0.31268
2009-05-14,-11.4788,-12.3076,1.0,0.00857,0.00857,-0.30679
2009-05-15,-9.7125,-11.7834,1.0,-0.008162,-0.008162,-0.312448
2009-05-18,-11.3728,-11.4258,1.0,0.028406,0.028406,-0.292917
2009-05-19,-10.4086,-11.2635,1.0,-0.001205,-0.001205,-0.293769
2009-05-20,-12.8792,-11.2635,0.0,-0.006694,-0.0,-0.293769
2009-05-21,-11.5938,-11.2635,0.0,-0.014364,-0.0,-0.293769
2009-05-22,-11.6616,-11.2635,0.0,-0.00213,-0.0,-0.293769
2009-05-26,-10.2741,-10.7814,1.0,0.025612,0.025612,-0.275681
2009-05-27,-7.2968,-10.3413,1.0,-0.017853,-0.017853,-0.288613
2009-05-28,-6.2336,-10.0872,1.0,0.01394,0.01394,-0.278696
2009-05-29,-4.8317,-9.8064,1.0,0.017708,0.017708,-0.265923
2009-06-01,-5.2793,-9.4151,1.0,0.024209,0.024209,-0.248152
2009-06-02,-1.6159,-8.8783,1.0,0.000844,0.000844,-0.247517
2009-06-03,0.588,-8.4348,1.0,-0.012652,-0.012652,-0.257038
2009-06-04,7.7628,-8.1473,1.0,0.009397,0.009397,-0.250056
2009-06-05,6.7993,-7.9031,1.0,0.000212,0.000212,-0.249897
2009-06-08,3.5809,-7.7376,1.0,-0.004125,-0.004125,-0.252991
2009-06-09,7.9709,-7.648,1.0,0.005098,0.005098,-0.249183
2009-06-10,10.0397,-7.4299,1.0,-0.002536,-0.002536,-0.251087
2009-06-11,9.1189,-7.096,1.0,0.004449,0.004449,-0.247755
2009-06-12,10.5542,-6.6765,1.0,0.002742,0.002742,-0.245693
2009-06-15,7.9648,-6.3457,1.0,-0.022928,-0.022928,-0.262987
2009-06-16,7.3467,-6.2212,1.0,-0.013563,-0.013563,-0.272983
2009-06-17,8.8255,-6.1321,1.0,-0.000982,-0.000982,-0.273697
2009-06-18,5.6554,-5.7264,1.0,0.007319,0.007319,-0.268382
2009-06-19,2.293,-5.3384,1.0,0.003686,0.003686,-0.265685
2009-06-22,3.9356,-5.0555,1.0,-0.029987,-0.029987,-0.287705
2009-06-23,6.4857,-3.2238,1.0,0.000784,0.000784,-0.287146
2009-06-24,5.55,-0.514,1.0,0.008618,0.008618,-0.281003
2009-06-25,9.6461,1.4405,1.0,0.021749,0.021749,-0.265365
2009-06-26,9.9693,2.937,1.0,-0.002606,-0.002606,-0.26728
2009-06-29,7.7734,3.7582,1.0,0.009364,0.009364,-0.260419
2009-06-30,7.0329,4.7428,1.0,-0.008091,-0.008091,-0.266403
2009-07-01,7.3385,5.6027,1.0,0.004133,0.004133,-0.263371
2009-07-02,10.1934,6.0705,1.0,-0.027293,-0.027293,-0.283475
2009-07-06,13.7437,6.6425,1.0,-0.000111,-0.000111,-0.283555
2009-07-07,12.0234,6.9161,1.0,-0.019377,-0.019377,-0.297438
2009-07-08,8.4485,7.1857,1.0,-0.000681,-0.000681,-0.297916
2009-07-09,12.3215,7.3426,1.0,0.001932,0.001932,-0.29656
2009-07-10,11.1497,7.5548,1.0,-0.002382,-0.002382,-0.298235
2009-07-13,5.1632,7.5548,0.0,0.024329,0.0,-0.298235
2009-07-14,4.9688,7.5548,0.0,0.005661,0.0,-0.298235
2009-07-15,6.8176,7.5548,0.0,0.029246,0.0,-0.298235
2009-07-16,12.8478,7.7681,1.0,-0.001609,-0.001609,-0.299364
2009-07-17,11.0642,7.8691,1.0,0.010955,0.010955,-0.291689
2009-07-20,9.0851,7.9679,1.0,0.010624,0.010624,-0.284164
2009-07-21,8.6171,8.2097,1.0,0.004625,0.004625,-0.280853
2009-07-22,18.4936,8.5328,1.0,-0.000209,-0.000209,-0.281003
2009-07-23,17.9288,8.7213,1.0,0.022083,0.022083,-0.265126
2009-07-24,18.9316,8.9553,1.0,0.004095,0.004095,-0.262116
2009-07-27,21.7453,9.102,1.0,0.002957,0.002957,-0.259934
2009-07-28,16.3558,9.3825,1.0,-0.004677,-0.004677,-0.263396
2009-07-29,11.9625,9.8077,1.0,-0.002451,-0.002451,-0.265201
2009-07-30,17.5044,10.0045,1.0,0.010446,0.010446,-0.257525
2009-07-31,19.194,10.1166,1.0,0.001419,0.001419,-0.256472
2009-08-03,20.547,10.3738,1.0,0.016496,0.016496,-0.244207
2009-08-04,18.1499,10.8092,1.0,0.002589,0.002589,-0.24225
2009-08-05,18.0439,11.1069,1.0,-0.00288,-0.00288,-0.244432
2009-08-06,11.8472,11.4985,1.0,-0.005179,-0.005179,-0.248345
2009-08-07,7.6691,11.4985,0.0,0.013115,0.0,-0.248345
2009-08-10,11.229,11.5381,0.0,-0.002076,-0.0,-0.248345
2009-08-11,10.4242,11.5381,0.0,-0.012476,-0.0,-0.248345
2009-08-12,13.7698,11.9049,1.0,0.010729,0.010729,-0.240281
2009-08-13,14.2588,11.9929,1.0,0.007639,0.007639,-0.234477
2009-08-14,15.1593,12.1725,1.0,-0.00768,-0.00768,-0.240357
2009-08-17,14.9535,12.5847,1.0,-0.024605,-0.024605,-0.259048
2009-08-18,19.1733,13.2958,1.0,0.007934,0.007934,-0.253169
2009-08-19,22.1207,13.7568,1.0,0.00878,0.00878,-0.246612
2009-08-20,25.4222,14.0143,1.0,0.010303,0.010303,-0.23885
2009-08-21,26.8404,14.6062,1.0,0.019606,0.019606,-0.223926
2009-08-24,23.2467,15.0564,1.0,-9.7e-05,-9.7e-05,-0.224002
2009-08-25,27.9153,15.7575,1.0,0.001943,0.001943,-0.222494
2009-08-26,29.7577,16.9301,1.0,9.7e-05,9.7e-05,-0.222418
2009-08-27,32.271,17.7166,1.0,0.002229,0.002229,-0.220685
2009-08-28,31.2337,17.9864,1.0,-0.000194,-0.000194,-0.220836
2009-08-31,30.378,18.0969,1.0,-0.008899,-0.008899,-0.22777
2009-09-01,26.284,18.3217,1.0,-0.022057,-0.022057,-0.244803
2009-09-02,32.0453,18.7126,1.0,-0.003792,-0.003792,-0.247667
2009-09-03,24.3303,19.0525,1.0,0.008315,0.008315,-0.241411
2009-09-04,29.3543,19.1837,1.0,0.014009,0.014009,-0.230784
2009-09-08,34.314,19.8705,1.0,0.008622,0.008622,-0.224152
2009-09-09,37.0774,21.1461,1.0,0.007674,0.007674,-0.218198
2009-09-10,26.4562,21.933,1.0,0.010219,0.010219,-0.210209
2009-09-11,22.9771,22.5489,1.0,-0.000191,-0.000191,-0.21036
2009-09-14,24.006,23.1119,1.0,0.004868,0.004868,-0.206516
2009-09-15,18.4451,23.1119,0.0,0.00418,0.0,-0.206516
2009-09-16,20.0935,23.1119,0.0,0.015134,0.0,-0.206516
2009-09-17,15.7347,23.1119,0.0,-0.001491,-0.0,-0.206516
2009-09-18,15.7796,23.1119,0.0,0.000638,0.0,-0.206516
2009-09-21,19.3465,23.1119,0.0,-0.002531,-0.0,-0.206516
2009-09-22,16.6878,23.1119,0.0,0.005824,0.0,-0.206516
2009-09-23,19.1109,23.1119,0.0,-0.008312,-0.0,-0.206516
2009-09-24,21.0784,23.1119,0.0,-0.011019,-0.0,-0.206516
2009-09-25,20.7871,23.1119,0.0,-0.005333,-0.0,-0.206516
2009-09-28,20.8275,23.1119,0.0,0.017903,0.0,-0.206516
2009-09-29,21.6001,23.1119,0.0,-0.00301,-0.0,-0.206516
2009-09-30,20.2495,23.1119,0.0,-0.003868,-0.0,-0.206516
2009-10-01,23.3497,23.2982,1.0,-0.024813,-0.024813,-0.226205
2009-10-02,19.8597,23.2982,0.0,-0.004662,-0.0,-0.226205
2009-10-05,17.8277,23.2982,0.0,0.014928,0.0,-0.226205
2009-10-06,12.1919,23.2982,0.0,0.014324,0.0,-0.226205
2009-10-07,17.3805,23.2982,0.0,0.002748,0.0,-0.226205
2009-10-08,18.9493,23.2982,0.0,0.007656,0.0,-0.226205
2009-10-09,20.3033,23.2982,0.0,0.006097,0.0,-0.226205
2009-10-12,22.1724,23.2982,0.0,0.003916,0.0,-0.226205
2009-10-13,23.1826,23.2982,0.0,-0.002043,-0.0,-0.226205
2009-10-14,27.1033,23.6778,1.0,0.017216,0.017216,-0.212883
2009-10-15,24.1895,24.0977,1.0,0.003659,0.003659,-0.210003
2009-10-16,21.0983,24.0977,0.0,-0.007474,-0.0,-0.210003
2009-10-19,22.9151,24.0977,0.0,0.008265,0.0,-0.210003
2009-10-20,27.7333,24.2599,1.0,-0.005283,-0.005283,-0.214176
2009-10-21,27.4677,24.8762,1.0,-0.008973,-0.008973,-0.221228
2009-10-22,20.8825,24.8762,0.0,0.010164,0.0,-0.221228
2009-10-23,21.1262,24.8762,0.0,-0.011434,-0.0,-0.221228
2009-10-26,18.9899,24.8762,0.0,-0.010826,-0.0,-0.221228
2009-10-27,19.3442,24.8762,0.0,-0.004584,-0.0,-0.221228
2009-10-28,19.9532,24.8762,0.0,-0.018887,-0.0,-0.221228
2009-10-29,19.914,24.8762,0.0,0.021454,0.0,-0.221228
2009-10-30,18.3853,24.8762,0.0,-0.028974,-0.0,-0.221228
2009-11-02,19.6401,24.8762,0.0,0.007339,0.0,-0.221228
2009-11-03,17.0267,24.8762,0.0,0.003164,0.0,-0.221228
2009-11-04,13.2502,24.8762,0.0,0.00258,0.0,-0.221228
2009-11-05,10.5367,24.8762,0.0,0.018395,0.0,-0.221228
2009-11-06,10.2484,24.8762,0.0,0.00262,0.0,-0.221228
2009-11-09,10.07,24.8762,0.0,0.022776,0.0,-0.221228
2009-11-10,12.6308,24.8762,0.0,0.000183,0.0,-0.221228
2009-11-11,12.8433,24.8762,0.0,0.00511,0.0,-0.221228
2009-11-12,8.3076,24.8762,0.0,-0.010168,-0.0,-0.221228
2009-11-13,10.4956,24.8762,0.0,0.005412,0.0,-0.221228
2009-11-16,11.0283,24.8762,0.0,0.014504,0.0,-0.221228
2009-11-17,15.5473,24.8762,0.0,0.001169,0.0,-0.221228
2009-11-18,13.7211,24.2599,0.0,-0.000628,-0.0,-0.221228
2009-11-19,14.0407,24.0977,0.0,-0.013031,-0.0,-0.221228
2009-11-20,11.559,24.0977,0.0,-0.003552,-0.0,-0.221228
2009-11-23,7.817,23.6778,0.0,0.012702,0.0,-0.221228
2009-11-24,8.8322,23.2661,0.0,0.001534,0.0,-0.221228
2009-11-25,7.7541,23.0799,0.0,0.003514,0.0,-0.221228
2009-11-27,11.0308,22.9461,0.0,-0.01625,-0.0,-0.221228
2009-11-30,7.9605,22.5437,0.0,0.003377,0.0,-0.221228
2009-12-01,5.3954,21.8862,0.0,0.01237,0.0,-0.221228
2009-12-02,2.6009,21.3631,0.0,-0.000449,-0.0,-0.221228
2009-12-03,4.5765,21.1123,0.0,-0.007821,-0.0,-0.221228
2009-12-04,7.1476,21.0884,0.0,0.005708,0.0,-0.221228
2009-12-07,6.5061,20.9805,0.0,-0.001531,-0.0,-0.221228
2009-12-08,5.3886,20.855,0.0,-0.011097,-0.0,-0.221228
2009-12-09,6.6256,20.8073,0.0,0.00374,0.0,-0.221228
2009-12-10,4.6494,20.5452,0.0,0.005636,0.0,-0.221228
2009-12-11,8.2078,20.2764,0.0,0.004248,0.0,-0.221228
2009-12-14,7.5731,20.2764,0.0,0.00684,0.0,-0.221228
2009-12-15,5.1711,20.2764,0.0,-0.004648,-0.0,-0.221228
2009-12-16,3.264,20.2764,0.0,0.001527,0.0,-0.221228
2009-12-17,6.1901,20.2764,0.0,-0.012016,-0.0,-0.221228
2009-12-18,6.8892,20.2764,0.0,0.005658,0.0,-0.221228
2009-12-21,7.2293,20.2764,0.0,0.010162,0.0,-0.221228
2009-12-22,9.1664,20.2764,0.0,0.003593,0.0,-0.221228
2009-12-23,3.2052,20.1014,0.0,0.001969,0.0,-0.221228
2009-12-24,2.8737,19.9336,0.0,0.004735,0.0,-0.221228
2009-12-28,4.7358,19.8868,0.0,0.002134,0.0,-0.221228
2009-12-29,3.8533,19.7499,0.0,-0.001419,-0.0,-0.221228
2009-12-30,5.8827,19.4922,0.0,-0.000355,-0.0,-0.221228
2009-12-31,1.9166,19.167,0.0,-0.009598,-0.0,-0.221228
2010-01-04,-0.6323,18.9696,0.0,0.01696,0.0,-0.221228
2010-01-05,1.4868,18.9696,0.0,0.002647,0.0,-0.221228
2010-01-06,3.7538,18.9696,0.0,0.000704,0.0,-0.221228
2010-01-07,1.029,18.9696,0.0,0.004221,0.0,-0.221228
2010-01-08,-1.0387,18.6876,0.0,0.003328,0.0,-0.221228
2010-01-11,2.988,17.706,0.0,0.001397,0.0,-0.221228
2010-01-12,2.6458,16.287,0.0,-0.009327,-0.0,-0.221228
2010-01-13,5.2229,14.794,0.0,0.008446,0.0,-0.221228
2010-01-14,2.936,13.8809,0.0,0.002705,0.0,-0.221228
2010-01-15,1.6647,13.4857,0.0,-0.011224,-0.0,-0.221228
2010-01-19,1.8526,13.0468,0.0,0.012496,0.0,-0.221228
2010-01-20,4.3772,12.737,0.0,-0.010168,-0.0,-0.221228
2010-01-21,-0.2638,12.0949,0.0,-0.01923,-0.0,-0.221228
2010-01-22,0.9083,11.2949,0.0,-0.022292,-0.0,-0.221228
2010-01-25,1.0809,11.0295,0.0,0.005128,0.0,-0.221228
2010-01-26,-0.8354,10.7825,0.0,-0.00419,-0.0,-0.221228
2010-01-27,1.9634,10.5161,0.0,0.004757,0.0,-0.221228
2010-01-28,-0.0275,10.372,0.0,-0.011472,-0.0,-0.221228
2010-01-29,-3.5956,10.1592,0.0,-0.010869,-0.0,-0.221228
2010-02-01,-2.9411,9.6182,0.0,0.015551,0.0,-0.221228
2010-02-02,-5.1218,8.9993,0.0,0.012103,0.0,-0.221228
2010-02-03,-4.9096,8.5699,0.0,-0.004983,-0.0,-0.221228
2010-02-04,-5.1561,8.2577,0.0,-0.030866,-0.0,-0.221228
2010-02-05,-0.5718,8.0842,0.0,0.002067,0.0,-0.221228
2010-02-08,4.5102,7.8888,0.0,-0.007219,-0.0,-0.221228
2010-02-09,2.2047,7.7856,0.0,0.01256,0.0,-0.221228
2010-02-10,5.452,7.6636,0.0,-0.001959,-0.0,-0.221228
2010-02-11,5.1803,7.4012,0.0,0.010466,0.0,-0.221228
2010-02-12,3.8314,7.1884,0.0,-0.000832,-0.0,-0.221228
2010-02-16,4.1867,7.0184,0.0,0.015735,0.0,-0.221228
2010-02-17,4.0695,6.7574,0.0,0.004738,0.0,-0.221228
2010-02-18,2.4419,6.5659,0.0,0.005895,0.0,-0.221228
2010-02-19,1.5234,6.3481,0.0,0.002074,0.0,-0.221228
2010-02-22,1.9099,6.0364,0.0,0.00018,0.0,-0.221228
2010-02-23,-0.5467,5.6673,0.0,-0.012145,-0.0,-0.221228
2010-02-24,-1.9767,5.4237,0.0,0.009198,0.0,-0.221228
2010-02-25,-5.4852,5.392,0.0,-0.001353,-0.0,-0.221228
2010-02-26,-5.9413,5.3058,0.0,0.000632,0.0,-0.221228
2010-03-01,-4.5152,5.2016,0.0,0.010385,0.0,-0.221228
2010-03-02,-7.1775,5.1757,0.0,0.00277,0.0,-0.221228
2010-03-03,-4.184,4.9534,0.0,0.000892,0.0,-0.221228
2010-03-04,-1.514,4.6926,0.0,0.003027,0.0,-0.221228
2010-03-05,-1.0684,4.6926,0.0,0.014293,0.0,-0.221228
2010-03-08,2.8407,4.6926,0.0,0.000175,0.0,-0.221228
2010-03-09,3.9919,4.5798,0.0,0.001663,0.0,-0.221228
2010-03-10,0.6708,4.4437,0.0,0.004456,0.0,-0.221228
2010-03-11,1.4137,4.282,0.0,0.004175,0.0,-0.221228
2010-03-12,3.3901,4.1281,0.0,8.7e-05,0.0,-0.221228
2010-03-15,4.8011,4.1281,1.0,0.00026,0.00026,-0.221025
2010-03-16,2.5513,4.0307,0.0,0.007966,0.0,-0.221025
2010-03-17,4.6095,4.0307,1.0,0.005927,0.005927,-0.216408
2010-03-18,3.6278,3.9226,0.0,-0.000512,-0.0,-0.216408
2010-03-19,8.0229,4.0307,1.0,-0.005062,-0.005062,-0.220375
2010-03-22,6.8274,4.0307,1.0,0.005346,0.005346,-0.216207
2010-03-23,8.6136,4.0307,1.0,0.007033,0.007033,-0.210694
2010-03-24,10.4533,4.0307,1.0,-0.004855,-0.004855,-0.214527
2010-03-25,9.7456,4.0307,1.0,-0.001626,-0.001626,-0.215804
2010-03-26,9.9111,4.1281,1.0,-0.0006,-0.0006,-0.216274
2010-03-29,10.9436,4.282,1.0,0.006347,0.006347,-0.2113
2010-03-30,10.7403,4.282,1.0,0.000682,0.000682,-0.210762
2010-03-31,9.4556,4.4437,1.0,-0.003407,-0.003407,-0.213451
2010-04-01,9.9385,4.4437,1.0,0.006838,0.006838,-0.208073
2010-04-05,8.8406,4.5599,1.0,0.008149,0.008149,-0.201619
2010-04-06,10.3412,4.7053,1.0,0.002358,0.002358,-0.199737
2010-04-07,11.2275,4.9907,1.0,-0.005712,-0.005712,-0.204308
2010-04-08,11.8415,5.2016,1.0,0.003464,0.003464,-0.201551
2010-04-09,7.3569,5.3375,1.0,0.006567,0.006567,-0.196308
2010-04-12,7.8753,6.1397,1.0,0.001589,0.001589,-0.195031
2010-04-13,7.4354,7.0922,1.0,0.000752,0.000752,-0.194426
2010-04-14,3.4582,7.0922,0.0,0.01135,0.0,-0.194426
2010-04-15,2.724,7.0922,0.0,0.000825,0.0,-0.194426
2010-04-16,-0.2518,7.0922,0.0,-0.015912,-0.0,-0.194426
2010-04-19,-2.7088,7.0922,0.0,0.00377,0.0,-0.194426
2010-04-20,-2.3736,7.0922,0.0,0.008931,0.0,-0.194426
2010-04-21,-1.1544,7.0922,0.0,-0.00182,-0.0,-0.194426
2010-04-22,-2.3723,7.0922,0.0,0.002984,0.0,-0.194426
2010-04-23,-4.2806,7.0922,0.0,0.006528,0.0,-0.194426
2010-04-26,-1.78,7.0922,0.0,-0.003776,-0.0,-0.194426
2010-04-27,-1.8446,7.0922,0.0,-0.023651,-0.0,-0.194426
2010-04-28,-1.8183,7.0922,0.0,0.007597,0.0,-0.194426
2010-04-29,-3.0863,7.0922,0.0,0.012397,0.0,-0.194426
2010-04-30,-4.5072,7.0922,0.0,-0.016962,-0.0,-0.194426
2010-05-03,-3.183,7.0922,0.0,0.012962,0.0,-0.194426
2010-05-04,-3.5607,7.0922,0.0,-0.023515,-0.0,-0.194426
2010-05-05,-3.1708,7.0922,0.0,-0.005956,-0.0,-0.194426
2010-05-06,-3.9506,7.0922,0.0,-0.033213,-0.0,-0.194426
2010-05-07,-1.0539,7.0922,0.0,-0.014875,-0.0,-0.194426
2010-05-10,1.0513,7.0922,0.0,0.044041,0.0,-0.194426
2010-05-11,2.2379,7.0922,0.0,-0.002841,-0.0,-0.194426
2010-05-12,2.6222,7.0922,0.0,0.013986,0.0,-0.194426
2010-05-13,3.2485,7.0922,0.0,-0.012431,-0.0,-0.194426
2010-05-14,2.4464,7.0922,0.0,-0.018105,-0.0,-0.194426
2010-05-17,5.2093,7.0922,0.0,0.000527,0.0,-0.194426
2010-05-18,5.4342,7.0922,0.0,-0.013603,-0.0,-0.194426
2010-05-19,3.8622,7.0922,0.0,-0.005694,-0.0,-0.194426
2010-05-20,4.2432,7.0922,0.0,-0.037759,-0.0,-0.194426
2010-05-21,3.9358,7.0922,0.0,0.014599,0.0,-0.194426
2010-05-24,2.5531,7.0922,0.0,-0.012831,-0.0,-0.194426
2010-05-25,4.3762,7.0922,0.0,0.001021,0.0,-0.194426
2010-05-26,3.9,7.0922,0.0,-0.006029,-0.0,-0.194426
2010-05-27,3.1444,7.0922,0.0,0.033498,0.0,-0.194426
2010-05-28,5.2508,7.0922,0.0,-0.01255,-0.0,-0.194426
2010-06-01,2.4111,7.0922,0.0,-0.016823,-0.0,-0.194426
2010-06-02,2.1745,7.0922,0.0,0.026039,0.0,-0.194426
2010-06-03,2.1874,7.0922,0.0,0.003445,0.0,-0.194426
2010-06-04,2.2321,7.0922,0.0,-0.035137,-0.0,-0.194426
2010-06-07,1.5195,7.0922,0.0,-0.012451,-0.0,-0.194426
2010-06-08,-0.1243,7.0922,0.0,0.010712,0.0,-0.194426
2010-06-09,0.1982,7.0922,0.0,-0.005346,-0.0,-0.194426
2010-06-10,-0.7681,7.0922,0.0,0.029231,0.0,-0.194426
2010-06-11,-2.0069,7.0922,0.0,0.004856,0.0,-0.194426
2010-06-14,-2.0355,7.0922,0.0,-0.00155,-0.0,-0.194426
2010-06-15,-0.1595,7.0922,0.0,0.022738,0.0,-0.194426
2010-06-16,-0.0337,7.0922,0.0,-0.000357,-0.0,-0.194426
2010-06-17,0.4366,7.0922,0.0,0.001607,0.0,-0.194426
2010-06-18,0.833,6.1308,0.0,0.001084,0.0,-0.194426
2010-06-21,1.1605,5.3425,0.0,-0.002864,-0.0,-0.194426
2010-06-22,2.4861,5.23,0.0,-0.016516,-0.0,-0.194426
2010-06-23,0.7073,4.7927,0.0,-0.003103,-0.0,-0.194426
2010-06-24,-0.6339,4.3097,0.0,-0.016571,-0.0,-0.194426
2010-06-25,0.2325,4.0895,0.0,0.00419,0.0,-0.194426
2010-06-28,0.6391,3.9179,0.0,-0.003152,-0.0,-0.194426
2010-06-29,0.9955,3.8811,0.0,-0.030875,-0.0,-0.194426
2010-06-30,1.8492,3.6602,0.0,-0.0095,-0.0,-0.194426
2010-07-01,0.0137,3.3534,0.0,-0.004456,-0.0,-0.194426
2010-07-02,4.6972,3.3534,1.0,-0.00545,-0.00545,-0.198816
2010-07-06,4.4593,3.3534,1.0,0.006555,0.006555,-0.193564
2010-07-07,4.795,3.3534,1.0,0.031496,0.031496,-0.168165
2010-07-08,2.2856,3.1964,0.0,0.009896,0.0,-0.168165
2010-07-09,3.7038,3.1964,1.0,0.007465,0.007465,-0.161955
2010-07-12,5.7493,3.1964,1.0,0.000648,0.000648,-0.161412
2010-07-13,3.5746,3.1964,1.0,0.015088,0.015088,-0.148759
2010-07-14,5.7545,3.1964,1.0,-9.1e-05,-9.1e-05,-0.148837
2010-07-15,6.0747,3.4115,1.0,0.000273,0.000273,-0.148604
2010-07-16,6.7815,3.6392,1.0,-0.027535,-0.027535,-0.172048
2010-07-19,7.1761,3.783,1.0,0.005907,0.005907,-0.167157
2010-07-20,9.3755,3.8811,1.0,0.011092,0.011092,-0.157919
2010-07-21,7.6884,3.9179,1.0,-0.012998,-0.012998,-0.168864
2010-07-22,9.0991,4.0895,1.0,0.022322,0.022322,-0.150312
2010-07-23,9.2208,4.3097,1.0,0.008679,0.008679,-0.142937
2010-07-26,9.4426,4.4178,1.0,0.010416,0.010416,-0.13401
2010-07-27,10.4581,4.5782,1.0,-8.9e-05,-8.9e-05,-0.134087
2010-07-28,8.6037,4.7461,1.0,-0.006455,-0.006455,-0.139677
2010-07-29,11.0479,5.0021,1.0,-0.004872,-0.004872,-0.143868
2010-07-30,8.8409,5.23,1.0,-0.000181,-0.000181,-0.144023
2010-08-02,10.267,5.3425,1.0,0.02258,0.02258,-0.124695
2010-08-03,8.4405,5.5917,1.0,-0.004788,-0.004788,-0.128886
2010-08-04,8.4381,5.7519,1.0,0.006684,0.006684,-0.123064
2010-08-05,10.2566,5.9146,1.0,-0.001062,-0.001062,-0.123995
2010-08-06,9.6834,6.4281,1.0,-0.004076,-0.004076,-0.127566
2010-08-09,10.5223,6.9788,1.0,0.005338,0.005338,-0.122908
2010-08-10,10.7345,7.4322,1.0,-0.005399,-0.005399,-0.127644
2010-08-11,11.3583,8.0632,1.0,-0.027407,-0.027407,-0.151553
2010-08-12,9.6461,8.4393,1.0,-0.00613,-0.00613,-0.156754
2010-08-13,7.3634,8.4393,0.0,-0.002946,-0.0,-0.156754
2010-08-16,8.4804,8.4605,1.0,-0.000461,-0.000461,-0.157142
2010-08-17,6.1456,8.4605,0.0,0.012285,0.0,-0.157142
2010-08-18,6.7905,8.4605,0.0,0.001826,0.0,-0.157142
2010-08-19,7.7116,8.4605,0.0,-0.017397,-0.0,-0.157142
2010-08-20,9.6826,8.542,1.0,-0.003244,-0.003244,-0.159876
2010-08-23,11.4188,8.7223,1.0,-0.003813,-0.003813,-0.16308
2010-08-24,12.4641,8.97,1.0,-0.014843,-0.014843,-0.175502
2010-08-25,13.0376,9.1599,1.0,0.003886,0.003886,-0.172298
2010-08-26,14.8424,9.2982,1.0,-0.006702,-0.006702,-0.177846
2010-08-27,13.8657,9.4091,1.0,0.01549,0.01549,-0.16511
2010-08-30,13.2474,9.5444,1.0,-0.014505,-0.014505,-0.17722
2010-08-31,14.6721,9.6643,1.0,0.0,0.0,-0.17722
2010-09-01,13.5806,9.683,1.0,0.029911,0.029911,-0.15261
2010-09-02,10.7235,9.97,1.0,0.009312,0.009312,-0.144719
2010-09-03,5.9837,9.97,0.0,0.012972,0.0,-0.144719
2010-09-07,2.9413,9.97,0.0,-0.011273,-0.0,-0.144719
2010-09-08,2.0979,9.97,0.0,0.007023,0.0,-0.144719
2010-09-09,1.756,9.97,0.0,0.00462,0.0,-0.144719
2010-09-10,2.4229,9.97,0.0,0.005048,0.0,-0.144719
2010-09-13,4.0274,9.97,0.0,0.011123,0.0,-0.144719
2010-09-14,8.8896,9.97,0.0,-0.000621,-0.0,-0.144719
2010-09-15,8.5204,9.97,0.0,0.003817,0.0,-0.144719
2010-09-16,8.0563,9.97,0.0,-0.000265,-0.0,-0.144719
2010-09-17,5.9209,9.97,0.0,0.000373,0.0,-0.144719
2010-09-20,5.5958,9.97,0.0,0.01529,0.0,-0.144719
2010-09-21,4.4851,9.97,0.0,-0.002014,-0.0,-0.144719
2010-09-22,3.9545,9.97,0.0,-0.004913,-0.0,-0.144719
2010-09-23,2.3686,9.97,0.0,-0.008111,-0.0,-0.144719
2010-09-24,1.9178,9.97,0.0,0.020622,0.0,-0.144719
2010-09-27,1.6853,9.97,0.0,-0.00479,-0.0,-0.144719
2010-09-28,1.226,9.97,0.0,0.003501,0.0,-0.144719
2010-09-29,0.8405,9.97,0.0,-0.001744,-0.0,-0.144719
2010-09-30,0.0394,9.97,0.0,-0.00297,-0.0,-0.144719
2010-10-01,-0.4217,9.97,0.0,0.004206,0.0,-0.144719
2010-10-04,-1.2223,9.97,0.0,-0.007504,-0.0,-0.144719
2010-10-05,0.7693,9.97,0.0,0.020132,0.0,-0.144719
2010-10-06,-0.1978,9.97,0.0,-8.6e-05,-0.0,-0.144719
2010-10-07,1.6724,9.97,0.0,-0.001207,-0.0,-0.144719
2010-10-08,1.588,9.97,0.0,0.005609,0.0,-0.144719
2010-10-11,2.629,9.97,0.0,0.000944,0.0,-0.144719
2010-10-12,5.1878,9.97,0.0,0.003086,0.0,-0.144719
2010-10-13,4.1595,9.97,0.0,0.007777,0.0,-0.144719
2010-10-14,4.4698,9.97,0.0,-0.003901,-0.0,-0.144719
2010-10-15,9.0266,9.97,0.0,0.002043,0.0,-0.144719
2010-10-18,7.3149,9.97,0.0,0.004928,0.0,-0.144719
2010-10-19,5.8327,9.97,0.0,-0.013104,-0.0,-0.144719
2010-10-20,5.4349,9.97,0.0,0.009766,0.0,-0.144719
2010-10-21,8.4673,9.97,0.0,0.002206,0.0,-0.144719
2010-10-22,7.8358,9.97,0.0,0.001862,0.0,-0.144719
2010-10-25,6.6101,9.683,0.0,0.002957,0.0,-0.144719
2010-10-26,4.6335,9.683,0.0,0.000169,0.0,-0.144719
2010-10-27,5.107,9.6643,0.0,-0.002865,-0.0,-0.144719
2010-10-28,6.5285,9.6643,0.0,0.000169,0.0,-0.144719
2010-10-29,4.466,9.3364,0.0,0.00076,0.0,-0.144719
2010-11-01,4.1815,9.3364,0.0,0.000338,0.0,-0.144719
2010-11-02,4.2899,9.3364,0.0,0.007931,0.0,-0.144719
2010-11-03,5.4267,8.9581,0.0,0.004018,0.0,-0.144719
2010-11-04,3.3947,8.705,0.0,0.019258,0.0,-0.144719
2010-11-05,3.1415,8.5004,0.0,0.003763,0.0,-0.144719
2010-11-08,0.8043,8.4739,0.0,-0.001874,-0.0,-0.144719
2010-11-09,-0.96,8.2618,0.0,-0.007184,-0.0,-0.144719
2010-11-10,-2.9145,7.946,0.0,0.004029,0.0,-0.144719
2010-11-11,-4.129,7.946,0.0,-0.003768,-0.0,-0.144719
2010-11-12,-4.4478,7.7737,0.0,-0.011838,-0.0,-0.144719
2010-11-15,-4.054,7.7737,0.0,-0.001414,-0.0,-0.144719
2010-11-16,-2.9167,7.7737,0.0,-0.015579,-0.0,-0.144719
2010-11-17,-2.9751,7.5754,0.0,0.000508,0.0,-0.144719
2010-11-18,-1.9238,6.9625,0.0,0.014718,0.0,-0.144719
2010-11-19,-1.1673,6.5693,0.0,0.002751,0.0,-0.144719
2010-11-22,-2.3128,6.2561,0.0,-0.000831,-0.0,-0.144719
2010-11-23,-1.6244,5.9523,0.0,-0.014477,-0.0,-0.144719
2010-11-24,-2.9656,5.8768,0.0,0.014774,0.0,-0.144719
2010-11-26,-4.448,5.7143,0.0,-0.011647,-0.0,-0.144719
2010-11-29,-5.2204,5.5153,0.0,0.00303,0.0,-0.144719
2010-11-30,-6.1672,5.4308,0.0,-0.005623,-0.0,-0.144719
2010-12-01,-5.9134,5.3072,0.0,0.021268,0.0,-0.144719
2010-12-02,-4.8552,5.1474,0.0,0.012809,0.0,-0.144719
2010-12-03,-4.404,4.8702,0.0,0.002693,0.0,-0.144719
2010-12-06,-4.8384,4.8702,0.0,-0.001058,-0.0,-0.144719
2010-12-07,-7.4944,4.8702,0.0,0.00057,0.0,-0.144719
2010-12-08,-7.2555,4.8702,0.0,0.003663,0.0,-0.144719
2010-12-09,-8.5513,4.8702,0.0,0.003894,0.0,-0.144719
2010-12-10,-5.1867,4.8702,0.0,0.005817,0.0,-0.144719
2010-12-13,-5.2894,4.5593,0.0,0.000643,0.0,-0.144719
2010-12-14,-6.4984,4.4775,0.0,0.000883,0.0,-0.144719
2010-12-15,-5.1583,4.4679,0.0,-0.004572,-0.0,-0.144719
2010-12-16,-4.0587,4.378,0.0,0.005802,0.0,-0.144719
2010-12-17,-6.745,4.2357,0.0,0.001071,0.0,-0.144719
2010-12-20,-8.2036,4.1705,0.0,0.002413,0.0,-0.144719
2010-12-21,-7.7652,4.1705,0.0,0.00634,0.0,-0.144719
2010-12-22,-6.3551,4.1705,0.0,0.00311,0.0,-0.144719
2010-12-23,-4.1255,4.1705,0.0,-0.001431,-0.0,-0.144719
2010-12-27,-4.6226,4.1705,0.0,0.000398,0.0,-0.144719
2010-12-28,-3.9877,4.1705,0.0,0.001432,0.0,-0.144719
2010-12-29,-2.8952,4.1705,0.0,0.000716,0.0,-0.144719
2010-12-30,-2.7463,4.1705,0.0,-0.001588,-0.0,-0.144719
2010-12-31,-5.5089,4.1705,0.0,0.000239,0.0,-0.144719
2011-01-03,-5.3383,4.1705,0.0,0.010338,0.0,-0.144719
2011-01-04,-5.9847,4.1705,0.0,-0.000551,-0.0,-0.144719
2011-01-05,-5.7938,4.1705,0.0,0.005197,0.0,-0.144719
2011-01-06,-5.7396,4.1705,0.0,-0.001959,-0.0,-0.144719
2011-01-07,-6.0205,4.1705,0.0,-0.001962,-0.0,-0.144719
2011-01-10,-5.948,4.1705,0.0,-0.001258,-0.0,-0.144719
2011-01-11,-8.4001,3.7771,0.0,0.003543,0.0,-0.144719
2011-01-12,-9.2029,3.2681,0.0,0.009025,0.0,-0.144719
2011-01-13,-9.3457,1.9729,0.0,-0.001633,-0.0,-0.144719
2011-01-14,-7.644,-0.0778,0.0,0.007244,0.0,-0.144719
2011-01-18,-9.3458,-1.0636,0.0,0.001702,0.0,-0.144719
2011-01-19,-8.5984,-1.3959,0.0,-0.009806,-0.0,-0.144719
2011-01-20,-10.3733,-1.7741,0.0,-0.001325,-0.0,-0.144719
2011-01-21,-10.809,-2.1183,0.0,0.002264,0.0,-0.144719
2011-01-24,-9.6042,-2.5296,0.0,0.005687,0.0,-0.144719
2011-01-25,-7.8294,-2.8208,0.0,0.000543,0.0,-0.144719
2011-01-26,-7.9506,-2.9049,0.0,0.003871,0.0,-0.144719
2011-01-27,-4.9634,-2.9156,0.0,0.002468,0.0,-0.144719
2011-01-28,-2.1743,-2.9156,1.0,-0.017463,-0.017463,-0.159655
2011-01-31,-2.9221,-2.9194,0.0,0.007517,0.0,-0.159655
2011-02-01,-1.0559,-2.9194,1.0,0.016009,0.016009,-0.146202
2011-02-02,-0.6369,-2.9194,1.0,-0.001912,-0.001912,-0.147835
2011-02-03,-0.1076,-2.9194,1.0,0.002222,0.002222,-0.145941
2011-02-04,1.2615,-2.9194,1.0,0.002829,0.002829,-0.143525
2011-02-07,-0.0379,-2.9194,1.0,0.006252,0.006252,-0.13817
2011-02-08,0.5824,-2.9194,1.0,0.004547,0.004547,-0.134251
2011-02-09,-1.2699,-2.9194,1.0,-0.002263,-0.002263,-0.136211
2011-02-10,-0.1905,-2.9194,1.0,0.000378,0.000378,-0.135884
2011-02-11,0.1885,-2.906,1.0,0.00597,0.00597,-0.130725
2011-02-14,-0.0874,-2.8208,1.0,0.002404,0.002404,-0.128636
2011-02-15,0.867,-2.5296,1.0,-0.003148,-0.003148,-0.131379
2011-02-16,-0.1658,-2.2436,1.0,0.006316,0.006316,-0.125892
2011-02-17,-1.1557,-2.049,1.0,0.002988,0.002988,-0.123281
2011-02-18,-1.7427,-1.9585,1.0,0.002086,0.002086,-0.121452
2011-02-22,0.1722,-1.9585,1.0,-0.020069,-0.020069,-0.139083
2011-02-23,0.877,-1.6835,1.0,-0.006144,-0.006144,-0.144373
2011-02-24,1.1606,-1.5063,1.0,-0.000687,-0.000687,-0.144961
2011-02-25,0.5975,-1.2128,1.0,0.010693,0.010693,-0.135818
2011-02-28,1.4833,-1.1058,1.0,0.006196,0.006196,-0.130463
2011-03-01,1.5521,-0.8464,1.0,-0.016673,-0.016673,-0.144961
2011-03-02,-0.1642,-0.4137,1.0,0.002138,0.002138,-0.143133
2011-03-03,0.1678,-0.1782,1.0,0.017225,0.017225,-0.128373
2011-03-04,1.6535,-0.165,1.0,-0.007492,-0.007492,-0.134904
2011-03-07,4.3596,-0.1359,1.0,-0.007851,-0.007851,-0.141696
2011-03-08,5.8172,-0.0975,1.0,0.00875,0.00875,-0.134185
2011-03-09,5.9229,-0.0627,1.0,-0.001433,-0.001433,-0.135426
2011-03-10,5.638,0.065,1.0,-0.018506,-0.018506,-0.151426
2011-03-11,4.5185,0.17,1.0,0.006926,0.006926,-0.145549
2011-03-14,3.1054,0.1803,1.0,-0.006038,-0.006038,-0.150708
2011-03-15,-0.9862,0.1803,0.0,-0.011457,-0.0,-0.150708
2011-03-16,-2.1411,0.1803,0.0,-0.018513,-0.0,-0.150708
2011-03-17,-2.4632,0.1803,0.0,0.013235,0.0,-0.150708
2011-03-18,-1.9692,0.1803,0.0,0.003637,0.0,-0.150708
2011-03-21,-0.8557,0.1803,0.0,0.015498,0.0,-0.150708
2011-03-22,-1.2269,0.1803,0.0,-0.003468,-0.0,-0.150708
2011-03-23,-1.9094,0.1803,0.0,0.002861,0.0,-0.150708
2011-03-24,-0.8923,0.1803,0.0,0.009564,0.0,-0.150708
2011-03-25,-0.6139,0.1803,0.0,0.003056,0.0,-0.150708
2011-03-28,-1.4143,0.1803,0.0,-0.002437,-0.0,-0.150708
2011-03-29,-0.3406,0.1803,0.0,0.006719,0.0,-0.150708
2011-03-30,0.368,0.2782,1.0,0.006901,0.006901,-0.144847
2011-03-31,0.1034,0.2782,0.0,-0.001356,-0.0,-0.144847
2011-04-01,-0.1291,0.2782,0.0,0.004224,0.0,-0.144847
2011-04-04,0.4137,0.3908,1.0,0.000827,0.000827,-0.14414
2011-04-05,-1.2217,0.3908,0.0,-0.00015,-0.0,-0.14414
2011-04-06,-0.3278,0.3908,0.0,0.003153,0.0,-0.14414
2011-04-07,1.3753,0.498,1.0,-0.002544,-0.002544,-0.146317
2011-04-08,0.7392,0.59,1.0,-0.00345,-0.00345,-0.149262
2011-04-11,1.3101,0.6683,1.0,-0.003011,-0.003011,-0.151824
2011-04-12,1.5315,0.8031,1.0,-0.007474,-0.007474,-0.158163
2011-04-13,2.85,0.872,1.0,-7.6e-05,-7.6e-05,-0.158227
2011-04-14,3.5599,1.0188,1.0,0.000761,0.000761,-0.157586
2011-04-15,3.5853,1.211,1.0,0.003648,0.003648,-0.154513
2011-04-18,4.1167,1.2858,1.0,-0.011209,-0.011209,-0.16399
2011-04-19,3.3562,1.3427,1.0,0.005745,0.005745,-0.159187
2011-04-20,1.3765,1.3759,1.0,0.013632,0.013632,-0.147726
2011-04-21,0.7735,1.3759,0.0,0.005109,0.0,-0.147726
2011-04-25,2.3778,1.4299,1.0,-0.001046,-0.001046,-0.148617
2011-04-26,2.4987,1.5074,1.0,0.008605,0.008605,-0.141291
2011-04-27,4.2085,1.5418,1.0,0.006529,0.006529,-0.135684
2011-04-28,7.4711,1.6028,1.0,0.003244,0.003244,-0.132881
2011-04-29,7.4215,2.0157,1.0,0.002351,0.002351,-0.130842
2011-05-02,7.6088,2.4383,1.0,-0.001539,-0.001539,-0.13218
2011-05-03,9.2505,2.6744,1.0,-0.003597,-0.003597,-0.135301
2011-05-04,9.6189,2.9777,1.0,-0.006631,-0.006631,-0.141035
2011-05-05,9.9028,3.2308,1.0,-0.009049,-0.009049,-0.148808
2011-05-06,11.6382,3.4581,1.0,0.004416,0.004416,-0.145049
2011-05-09,10.3672,3.5726,1.0,0.003875,0.003875,-0.141736
2011-05-10,12.1403,3.851,1.0,0.008536,0.008536,-0.13441
2011-05-11,13.3588,4.1626,1.0,-0.010525,-0.010525,-0.14352
2011-05-12,14.5228,4.2841,1.0,0.004761,0.004761,-0.139442
2011-05-13,15.457,4.439,1.0,-0.007699,-0.007699,-0.146068
2011-05-16,15.4736,5.0782,1.0,-0.006341,-0.006341,-0.151483
2011-05-17,14.4672,5.7276,1.0,-0.00015,-0.00015,-0.15161
2011-05-18,14.0214,5.8701,1.0,0.008936,0.008936,-0.144029
2011-05-19,15.27,6.6722,1.0,0.002382,0.002382,-0.14199
2011-05-20,13.7217,7.4463,1.0,-0.007945,-0.007945,-0.148807
2011-05-23,12.4411,7.54,1.0,-0.011601,-0.011601,-0.158681
2011-05-24,11.1992,8.4297,1.0,-0.000833,-0.000833,-0.159382
2011-05-25,12.5345,9.4347,1.0,0.003335,0.003335,-0.156579
2011-05-26,15.7403,9.7609,1.0,0.004608,0.004608,-0.152692
2011-05-27,13.1874,10.135,1.0,0.003835,0.003835,-0.149443
2011-05-31,14.1525,10.7832,1.0,0.010411,0.010411,-0.140588
2011-06-01,17.7946,11.4187,1.0,-0.022461,-0.022461,-0.159891
2011-06-02,17.9805,11.8893,1.0,-0.001061,-0.001061,-0.160782
2011-06-03,16.2883,12.2907,1.0,-0.009945,-0.009945,-0.169128
2011-06-06,13.615,12.4878,1.0,-0.010581,-0.010581,-0.17792
2011-06-07,13.7209,12.8609,1.0,-0.00062,-0.00062,-0.178429
2011-06-08,11.6932,12.8609,0.0,-0.004187,-0.0,-0.178429
2011-06-09,11.467,12.8609,0.0,0.007631,0.0,-0.178429
2011-06-10,13.9573,13.2731,1.0,-0.01391,-0.01391,-0.189857
2011-06-13,11.975,13.2731,0.0,0.000783,0.0,-0.189857
2011-06-14,9.899,13.2731,0.0,0.012686,0.0,-0.189857
2011-06-15,10.2789,13.2731,0.0,-0.017785,-0.0,-0.189857
2011-06-16,9.4107,13.2731,0.0,0.002205,0.0,-0.189857
2011-06-17,9.3398,13.2731,0.0,0.002984,0.0,-0.189857
2011-06-20,10.7107,13.2731,0.0,0.005116,0.0,-0.189857
2011-06-21,10.1363,13.2731,0.0,0.013704,0.0,-0.189857
2011-06-22,11.9397,13.2731,0.0,-0.006025,-0.0,-0.189857
2011-06-23,11.8713,13.2731,0.0,-0.002875,-0.0,-0.189857
2011-06-24,9.1681,13.2731,0.0,-0.011614,-0.0,-0.189857
2011-06-27,9.7726,13.2731,0.0,0.008911,0.0,-0.189857
2011-06-28,8.7068,13.2731,0.0,0.013053,0.0,-0.189857
2011-06-29,7.1422,13.2731,0.0,0.008564,0.0,-0.189857
2011-06-30,6.7686,13.2731,0.0,0.009562,0.0,-0.189857
2011-07-01,6.024,13.2731,0.0,0.014776,0.0,-0.189857
2011-07-05,5.719,13.2731,0.0,-0.000821,-0.0,-0.189857
2011-07-06,7.8608,13.2731,0.0,0.001196,0.0,-0.189857
2011-07-07,10.9198,13.2731,0.0,0.010376,0.0,-0.189857
2011-07-08,10.0328,13.2731,0.0,-0.007092,-0.0,-0.189857
2011-07-11,9.0697,13.2731,0.0,-0.01808,-0.0,-0.189857
2011-07-12,7.8047,13.2731,0.0,-0.004319,-0.0,-0.189857
2011-07-13,5.8815,13.2731,0.0,0.003349,0.0,-0.189857
2011-07-14,6.8883,13.2731,0.0,-0.006902,-0.0,-0.189857
2011-07-15,6.7689,13.2731,0.0,0.005805,0.0,-0.189857
2011-07-18,6.6118,13.2731,0.0,-0.008201,-0.0,-0.189857
2011-07-19,7.1595,13.2731,0.0,0.016232,0.0,-0.189857
2011-07-20,7.0983,13.2731,0.0,-0.000603,-0.0,-0.189857
2011-07-21,10.5628,13.2731,0.0,0.013871,0.0,-0.189857
2011-07-22,10.7934,13.2731,0.0,0.000669,0.0,-0.189857
2011-07-25,8.9636,13.2731,0.0,-0.005573,-0.0,-0.189857
2011-07-26,8.9094,13.2731,0.0,-0.003736,-0.0,-0.189857
2011-07-27,8.6875,13.2731,0.0,-0.020476,-0.0,-0.189857
2011-07-28,4.071,13.2731,0.0,-0.002909,-0.0,-0.189857
2011-07-29,4.3442,13.2731,0.0,-0.006835,-0.0,-0.189857
2011-08-01,2.8986,13.2731,0.0,-0.004253,-0.0,-0.189857
2011-08-02,2.3249,13.2731,0.0,-0.025547,-0.0,-0.189857
2011-08-03,3.1279,13.2731,0.0,0.005419,0.0,-0.189857
2011-08-04,3.6395,13.2731,0.0,-0.046841,-0.0,-0.189857
2011-08-05,2.7154,13.2731,0.0,-0.001497,-0.0,-0.189857
2011-08-08,1.81,13.2731,0.0,-0.065123,-0.0,-0.189857
2011-08-09,1.3031,13.2731,0.0,0.046499,0.0,-0.189857
2011-08-10,1.986,12.8609,0.0,-0.044178,-0.0,-0.189857
2011-08-11,3.3488,12.4878,0.0,0.044884,0.0,-0.189857
2011-08-12,3.6217,12.2081,0.0,0.006733,0.0,-0.189857
2011-08-15,1.5536,11.9574,0.0,0.021165,0.0,-0.189857
2011-08-16,1.0122,11.9055,0.0,-0.008539,-0.0,-0.189857
2011-08-17,1.8954,11.7822,0.0,0.000669,0.0,-0.189857
2011-08-18,0.8996,11.5801,0.0,-0.043119,-0.0,-0.189857
2011-08-19,0.9727,11.3331,0.0,-0.016331,-0.0,-0.189857
2011-08-22,-1.3323,11.0595,0.0,0.000799,0.0,-0.189857
2011-08-23,-3.1228,10.8566,0.0,0.03291,0.0,-0.189857
2011-08-24,-3.1797,10.752,0.0,0.014085,0.0,-0.189857
2011-08-25,-3.856,10.6367,0.0,-0.015244,-0.0,-0.189857
2011-08-26,-3.6188,10.4208,0.0,0.014534,0.0,-0.189857
2011-08-29,-2.6685,10.2076,0.0,0.028736,0.0,-0.189857
2011-08-30,-2.754,10.0846,0.0,0.002637,0.0,-0.189857
2011-08-31,-3.7429,9.9659,0.0,0.004438,0.0,-0.189857
2011-09-01,-5.1181,9.8358,0.0,-0.010473,-0.0,-0.189857
2011-09-02,-5.0084,9.5916,0.0,-0.02555,-0.0,-0.189857
2011-09-06,-4.3712,9.3752,0.0,-0.007297,-0.0,-0.189857
2011-09-07,-5.8565,9.254,0.0,0.028207,0.0,-0.189857
2011-09-08,-6.9576,9.1189,0.0,-0.010391,-0.0,-0.189857
2011-09-09,-7.0717,9.0166,0.0,-0.02621,-0.0,-0.189857
2011-09-12,-7.5312,8.9365,0.0,0.00647,0.0,-0.189857
2011-09-13,-6.0883,8.8081,0.0,0.009171,0.0,-0.189857
2011-09-14,-5.681,8.6972,0.0,0.013844,0.0,-0.189857
2011-09-15,-6.3349,8.2742,0.0,0.017257,0.0,-0.189857
2011-09-16,-8.0286,7.8328,0.0,0.005919,0.0,-0.189857
2011-09-19,-8.8846,7.4821,0.0,-0.009957,-0.0,-0.189857
2011-09-20,-7.3392,7.1508,0.0,-0.001163,-0.0,-0.189857
2011-09-21,-7.2439,7.1202,0.0,-0.029458,-0.0,-0.189857
2011-09-22,-5.3457,6.9933,0.0,-0.032324,-0.0,-0.189857
2011-09-23,-6.4637,6.8286,0.0,0.006025,0.0,-0.189857
2011-09-26,-6.7094,6.7688,0.0,0.02378,0.0,-0.189857
2011-09-27,-6.1883,6.6902,0.0,0.011184,0.0,-0.189857
2011-09-28,-7.1218,6.3179,0.0,-0.020419,-0.0,-0.189857
2011-09-29,-6.0623,5.9528,0.0,0.007903,0.0,-0.189857
2011-09-30,-5.3212,5.8002,0.0,-0.024989,-0.0,-0.189857
2011-10-03,-5.9539,5.1129,0.0,-0.028458,-0.0,-0.189857
2011-10-04,-6.9495,4.2076,0.0,0.021923,0.0,-0.189857
2011-10-05,-5.8329,3.8553,0.0,0.018515,0.0,-0.189857
2011-10-06,-8.5166,3.6306,0.0,0.018091,0.0,-0.189857
2011-10-07,-8.8161,3.4853,0.0,-0.006696,-0.0,-0.189857
2011-10-10,-12.0931,3.2383,0.0,0.033445,0.0,-0.189857
2011-10-11,-12.593,3.0132,0.0,0.001004,0.0,-0.189857
2011-10-12,-14.2559,2.807,0.0,0.008772,0.0,-0.189857
2011-10-13,-14.346,2.5201,0.0,-0.001987,-0.0,-0.189857
2011-10-14,-16.4608,2.1555,0.0,0.017094,0.0,-0.189857
2011-10-17,-14.6052,1.9407,0.0,-0.019091,-0.0,-0.189857
2011-10-18,-13.8517,1.8527,0.0,0.019546,0.0,-0.189857
2011-10-19,-13.4347,1.6818,0.0,-0.011829,-0.0,-0.189857
2011-10-20,-10.5508,1.4284,0.0,0.004375,0.0,-0.189857
2011-10-21,-12.9239,1.1577,0.0,0.018987,0.0,-0.189857
2011-10-24,-11.1517,0.9925,0.0,0.012261,0.0,-0.189857
2011-10-25,-13.1355,0.9362,0.0,-0.019444,-0.0,-0.189857
2011-10-26,-14.4125,-0.2163,0.0,0.010158,0.0,-0.189857
2011-10-27,-13.6834,-2.0004,0.0,0.034835,0.0,-0.189857
2011-10-28,-13.0421,-2.7112,0.0,-0.000233,-0.0,-0.189857
2011-10-31,-14.2919,-2.9384,0.0,-0.024106,-0.0,-0.189857
2011-11-01,-14.354,-3.1512,0.0,-0.027888,-0.0,-0.189857
2011-11-02,-15.1374,-3.3993,0.0,0.016311,0.0,-0.189857
2011-11-03,-18.1678,-3.6808,0.0,0.018228,0.0,-0.189857
2011-11-04,-16.3349,-3.7994,0.0,-0.006099,-0.0,-0.189857
2011-11-07,-15.902,-4.1136,0.0,0.006216,0.0,-0.189857
2011-11-08,-13.4046,-4.6898,0.0,0.012831,0.0,-0.189857
2011-11-09,-13.1138,-5.0633,0.0,-0.036909,-0.0,-0.189857
2011-11-10,-14.2111,-5.2196,0.0,0.009419,0.0,-0.189857
2011-11-11,-14.7816,-5.3334,0.0,0.018822,0.0,-0.189857
2011-11-14,-15.1152,-5.5134,0.0,-0.009474,-0.0,-0.189857
2011-11-15,-16.1326,-5.757,0.0,0.004942,0.0,-0.189857
2011-11-16,-18.4515,-5.8447,0.0,-0.015863,-0.0,-0.189857
2011-11-17,-18.0979,-5.9052,0.0,-0.015877,-0.0,-0.189857
2011-11-18,-15.8323,-6.0081,0.0,-0.001065,-0.0,-0.189857
2011-11-21,-13.1545,-6.0753,0.0,-0.01902,-0.0,-0.189857
2011-11-22,-15.9618,-6.1383,0.0,-0.003928,-0.0,-0.189857
2011-11-23,-18.2174,-6.2616,0.0,-0.022065,-0.0,-0.189857
2011-11-25,-15.6887,-6.3993,0.0,-0.001887,-0.0,-0.189857
2011-11-28,-14.8177,-6.5865,0.0,0.028967,0.0,-0.189857
2011-11-29,-16.0871,-6.8294,0.0,0.00284,0.0,-0.189857
2011-11-30,-17.174,-6.9535,0.0,0.041149,0.0,-0.189857
2011-12-01,-17.4321,-7.0146,0.0,-0.00016,-0.0,-0.189857
2011-12-02,-15.6613,-7.0968,0.0,-0.00088,-0.0,-0.189857
2011-12-05,-15.0049,-7.1829,0.0,0.010892,0.0,-0.189857
2011-12-06,-11.064,-7.2916,0.0,0.000317,0.0,-0.189857
2011-12-07,-10.121,-7.4352,0.0,0.003723,0.0,-0.189857
2011-12-08,-8.9505,-7.7799,0.0,-0.021937,-0.0,-0.189857
2011-12-09,-7.1961,-7.6839,1.0,0.016942,0.016942,-0.176132
2011-12-12,-6.0843,-7.6839,1.0,-0.014597,-0.014597,-0.188158
2011-12-13,-4.593,-7.6839,1.0,-0.009339,-0.009339,-0.19574
2011-12-14,-4.8898,-7.6839,1.0,-0.010646,-0.010646,-0.204302
2011-12-15,-5.1804,-7.2916,1.0,0.003614,0.003614,-0.201426
2011-12-16,-5.5777,-7.22,1.0,0.001483,0.001483,-0.200242
2011-12-19,-6.1225,-7.159,1.0,-0.010692,-0.010692,-0.208793
2011-12-20,-5.817,-7.0356,1.0,0.03026,0.03026,-0.184851
2011-12-21,-7.3968,-7.159,0.0,0.001936,0.0,-0.184851
2011-12-22,-5.5474,-7.159,1.0,0.008859,0.008859,-0.17763
2011-12-23,-8.1823,-7.2965,0.0,0.008941,0.0,-0.17763
2011-12-27,-7.8377,-7.6173,0.0,0.000791,0.0,-0.17763
2011-12-28,-8.0947,-7.9662,0.0,-0.013123,-0.0,-0.17763
2011-12-29,-9.276,-8.1385,0.0,0.010334,0.0,-0.17763
2011-12-30,-8.8138,-8.3494,0.0,-0.004916,-0.0,-0.17763
2012-01-03,-8.7155,-8.616,0.0,0.015936,0.0,-0.17763
2012-01-04,-8.959,-8.7646,0.0,0.001568,0.0,-0.17763
2012-01-05,-8.9462,-8.815,0.0,0.002662,0.0,-0.17763
2012-01-06,-9.2168,-8.8812,0.0,-0.002577,-0.0,-0.17763
2012-01-09,-7.7564,-8.88,1.0,0.002427,0.002427,-0.175634
2012-01-10,-7.7241,-8.7646,1.0,0.008671,0.008671,-0.168486
2012-01-11,-6.8325,-8.4489,1.0,0.000542,0.000542,-0.168035
2012-01-12,-7.0127,-8.1385,1.0,0.002399,0.002399,-0.166039
2012-01-13,-4.998,-7.9662,1.0,-0.005173,-0.005173,-0.170353
2012-01-17,-5.8135,-7.797,1.0,0.003881,0.003881,-0.167133
2012-01-18,-5.9883,-7.7403,1.0,0.011056,0.011056,-0.157925
2012-01-19,-5.5756,-7.5605,1.0,0.005276,0.005276,-0.153482
2012-01-20,-9.1946,-7.5605,0.0,0.003728,0.0,-0.153482
2012-01-23,-10.6256,-7.5605,0.0,-0.002577,-0.0,-0.153482
2012-01-24,-10.4459,-7.5605,0.0,-0.00114,-0.0,-0.153482
2012-01-25,-9.2075,-7.5605,0.0,0.008368,0.0,-0.153482
2012-01-26,-8.5772,-7.5605,0.0,-0.00513,-0.0,-0.153482
2012-01-27,-8.0848,-7.5605,0.0,-0.000455,-0.0,-0.153482
2012-01-30,-7.5726,-7.4847,0.0,-0.003414,-0.0,-0.153482
2012-01-31,-6.621,-7.2965,1.0,-0.000381,-0.000381,-0.153805
2012-02-01,-5.8345,-7.1044,1.0,0.008757,0.008757,-0.146395
2012-02-02,-6.9297,-6.9712,1.0,0.001585,0.001585,-0.145042
2012-02-03,-8.9427,-6.9712,0.0,0.014019,0.0,-0.145042
2012-02-06,-8.1749,-6.9712,0.0,-0.000669,-0.0,-0.145042
2012-02-07,-5.9406,-6.8811,1.0,0.002529,0.002529,-0.14288
2012-02-08,-6.3427,-6.7268,1.0,0.002968,0.002968,-0.140336
2012-02-09,-7.1799,-6.7268,0.0,0.001257,0.0,-0.140336
2012-02-10,-8.9298,-6.7268,0.0,-0.007388,-0.0,-0.140336
2012-02-13,-8.4667,-6.7268,0.0,0.007443,0.0,-0.140336
2012-02-14,-6.2209,-6.4818,1.0,-0.001256,-0.001256,-0.141415
2012-02-15,-5.4229,-6.2818,1.0,-0.00466,-0.00466,-0.145416
2012-02-16,-5.4398,-6.1717,1.0,0.011073,0.011073,-0.135954
2012-02-17,-3.4331,-6.1034,1.0,0.002646,0.002646,-0.133667
2012-02-21,-6.2589,-6.1034,0.0,0.00044,0.0,-0.133667
2012-02-22,-6.0123,-6.0483,1.0,-0.003224,-0.003224,-0.13646
2012-02-23,-5.3882,-6.0003,1.0,0.004411,0.004411,-0.132651
2012-02-24,-6.7738,-6.0003,0.0,0.002196,0.0,-0.132651
2012-02-27,-8.1631,-6.0003,0.0,0.00168,0.0,-0.132651
2012-02-28,-9.728,-6.0003,0.0,0.002916,0.0,-0.132651
2012-02-29,-9.8696,-6.0003,0.0,-0.003926,-0.0,-0.132651
2012-03-01,-10.0488,-6.0003,0.0,0.005182,0.0,-0.132651
2012-03-02,-8.6593,-6.0003,0.0,-0.00305,-0.0,-0.132651
2012-03-05,-7.3547,-6.0003,0.0,-0.004078,-0.0,-0.132651
2012-03-06,-7.7341,-6.0003,0.0,-0.014625,-0.0,-0.132651
2012-03-07,-8.4274,-6.0003,0.0,0.006976,0.0,-0.132651
2012-03-08,-7.0751,-6.0003,0.0,0.009949,0.0,-0.132651
2012-03-09,-5.7725,-5.9644,1.0,0.003868,0.003868,-0.129296
2012-03-12,-6.103,-5.9644,0.0,7.2e-05,0.0,-0.129296
2012-03-13,-5.5927,-5.8875,1.0,0.018026,0.018026,-0.113601
2012-03-14,-7.474,-5.8875,0.0,-0.001071,-0.0,-0.113601
2012-03-15,-8.5603,-5.9644,0.0,0.005789,0.0,-0.113601
2012-03-16,-7.8222,-6.0003,0.0,0.001385,0.0,-0.113601
2012-03-19,-6.7209,-6.0577,0.0,0.00392,0.0,-0.113601
2012-03-20,-5.7545,-6.0577,1.0,-0.002911,-0.002911,-0.116181
2012-03-21,-8.3596,-6.0577,0.0,-0.001637,-0.0,-0.116181
2012-03-22,-7.1917,-6.1619,0.0,-0.007204,-0.0,-0.116181
2012-03-23,-10.0611,-6.1619,0.0,0.003233,0.0,-0.116181
2012-03-26,-6.4764,-6.2399,0.0,0.014035,0.0,-0.116181
2012-03-27,-6.6813,-6.2399,0.0,-0.003108,-0.0,-0.116181
2012-03-28,-6.9254,-6.2399,0.0,-0.004958,-0.0,-0.116181
2012-03-29,-6.199,-6.2099,1.0,-0.001708,-0.001708,-0.117691
2012-03-30,-7.7539,-6.2099,0.0,0.004136,0.0,-0.117691
2012-04-02,-8.2697,-6.2099,0.0,0.007315,0.0,-0.117691
2012-04-03,-7.8359,-6.2099,0.0,-0.004089,-0.0,-0.117691
2012-04-04,-7.1504,-6.2099,0.0,-0.009911,-0.0,-0.117691
2012-04-05,-6.9826,-6.2099,0.0,-0.000501,-0.0,-0.117691
2012-04-09,-5.6628,-6.151,1.0,-0.011231,-0.011231,-0.1276
2012-04-10,-4.1398,-6.0577,1.0,-0.016785,-0.016785,-0.142243
2012-04-11,-1.6146,-6.0003,1.0,0.008094,0.008094,-0.135301
2012-04-12,-0.6533,-5.9644,1.0,0.013066,0.013066,-0.124003
2012-04-13,0.9707,-5.8875,1.0,-0.011888,-0.011888,-0.134417
2012-04-16,-0.6645,-5.8875,1.0,-0.000656,-0.000656,-0.134984
2012-04-17,-0.0178,-5.8875,1.0,0.014812,0.014812,-0.122172
2012-04-18,2.1554,-5.8035,1.0,-0.003379,-0.003379,-0.125138
2012-04-19,4.0452,-5.8035,1.0,-0.006421,-0.006421,-0.130755
2012-04-20,4.6667,-5.7635,1.0,0.00167,0.00167,-0.129304
2012-04-23,2.2101,-5.7086,1.0,-0.008408,-0.008408,-0.136625
2012-04-24,3.5019,-5.6277,1.0,0.003801,0.003801,-0.133343
2012-04-25,1.8739,-5.5162,1.0,0.013692,0.013692,-0.121477
2012-04-26,3.1075,-5.4313,1.0,0.006969,0.006969,-0.115354
2012-04-27,3.3624,-5.4055,1.0,0.00164,0.00164,-0.113903
2012-04-30,2.8063,-4.764,1.0,-0.003704,-0.003704,-0.117185
2012-05-01,2.4609,-3.7865,1.0,0.00622,0.00622,-0.111694
2012-05-02,4.5253,-2.5238,1.0,-0.002984,-0.002984,-0.114345
2012-05-03,4.2092,-1.1396,1.0,-0.007626,-0.007626,-0.121099
2012-05-04,5.8423,-0.6589,1.0,-0.016158,-0.016158,-0.1353
2012-05-07,6.3557,-0.3356,1.0,0.00073,0.00073,-0.134669
2012-05-08,4.94,0.4764,1.0,-0.004012,-0.004012,-0.138141
2012-05-09,5.9544,1.4223,1.0,-0.005932,-0.005932,-0.143253
2012-05-10,3.612,2.0147,1.0,0.002063,0.002063,-0.141486
2012-05-11,1.5647,2.0147,0.0,-0.003014,-0.0,-0.141486
2012-05-14,2.3045,2.1827,1.0,-0.011061,-0.011061,-0.150982
2012-05-15,2.9942,2.2573,1.0,-0.005741,-0.005741,-0.155856
2012-05-16,5.1821,2.3827,1.0,-0.003825,-0.003825,-0.159085
2012-05-17,7.3419,2.6336,1.0,-0.014831,-0.014831,-0.171557
2012-05-18,7.9184,2.9002,1.0,-0.008559,-0.008559,-0.178647
2012-05-21,6.5208,3.0508,1.0,0.017188,0.017188,-0.16453
2012-05-22,5.6157,3.2349,1.0,0.001743,0.001743,-0.163074
2012-05-23,3.3789,3.3707,1.0,0.00053,0.00053,-0.16263
2012-05-24,4.5093,3.4404,1.0,0.001965,0.001965,-0.160985
2012-05-25,5.7175,3.5569,1.0,-0.003244,-0.003244,-0.163706
2012-05-29,5.672,3.8286,1.0,0.012112,0.012112,-0.153577
2012-05-30,3.6164,3.8308,0.0,-0.01451,-0.0,-0.153577
2012-05-31,3.5633,3.8308,0.0,-0.002201,-0.0,-0.153577
2012-06-01,3.961,4.0031,0.0,-0.025177,-0.0,-0.153577
2012-06-04,2.3734,4.0031,0.0,-0.000468,-0.0,-0.153577
2012-06-05,2.7891,4.0031,0.0,0.007572,0.0,-0.153577
2012-06-06,3.6214,4.0031,0.0,0.022468,0.0,-0.153577
2012-06-07,2.4738,4.0031,0.0,0.000606,0.0,-0.153577
2012-06-08,2.7167,4.0031,0.0,0.007951,0.0,-0.153577
2012-06-11,0.0705,4.0031,0.0,-0.012697,-0.0,-0.153577
2012-06-12,-1.7666,4.0031,0.0,0.01149,0.0,-0.153577
2012-06-13,-3.0657,4.0031,0.0,-0.006395,-0.0,-0.153577
2012-06-14,-2.9141,4.0031,0.0,0.0106,0.0,-0.153577
2012-06-15,-2.6685,4.0031,0.0,0.010227,0.0,-0.153577
2012-06-18,-1.9511,4.0031,0.0,0.001939,0.0,-0.153577
2012-06-19,-2.2113,4.0031,0.0,0.009672,0.0,-0.153577
2012-06-20,-0.5481,4.0031,0.0,-0.001621,-0.0,-0.153577
2012-06-21,-1.4122,4.0031,0.0,-0.022439,-0.0,-0.153577
2012-06-22,-1.2543,4.0031,0.0,0.007702,0.0,-0.153577
2012-06-25,-2.6194,4.0031,0.0,-0.016035,-0.0,-0.153577
2012-06-26,0.0688,4.0031,0.0,0.005026,0.0,-0.153577
2012-06-27,-1.3606,4.0031,0.0,0.009017,0.0,-0.153577
2012-06-28,-0.1371,4.0031,0.0,-0.002854,-0.0,-0.153577
2012-06-29,1.9508,4.0031,0.0,0.024927,0.0,-0.153577
2012-07-02,2.1298,4.0031,0.0,0.003012,0.0,-0.153577
2012-07-03,1.7942,4.0031,0.0,0.006593,0.0,-0.153577
2012-07-05,-1.4554,4.0031,0.0,-0.004512,-0.0,-0.153577
2012-07-06,-2.3006,4.0031,0.0,-0.009504,-0.0,-0.153577
2012-07-09,-2.0835,4.0031,0.0,-0.001255,-0.0,-0.153577
2012-07-10,-3.2658,4.0031,0.0,-0.00872,-0.0,-0.153577
2012-07-11,-1.9591,4.0031,0.0,0.000149,0.0,-0.153577
2012-07-12,-1.0317,4.0031,0.0,-0.004845,-0.0,-0.153577
2012-07-13,-1.7388,4.0031,0.0,0.016778,0.0,-0.153577
2012-07-16,-3.7408,4.0031,0.0,-0.002357,-0.0,-0.153577
2012-07-17,-3.1153,4.0031,0.0,0.006867,0.0,-0.153577
2012-07-18,-2.7811,4.0031,0.0,0.007407,0.0,-0.153577
2012-07-19,-3.4821,3.7912,0.0,0.002621,0.0,-0.153577
2012-07-20,-4.9103,3.6189,0.0,-0.009148,-0.0,-0.153577
2012-07-23,-3.2361,3.6189,0.0,-0.010112,-0.0,-0.153577
2012-07-24,-4.6743,3.6189,0.0,-0.008587,-0.0,-0.153577
2012-07-25,-5.758,3.6189,0.0,0.000224,0.0,-0.153577
2012-07-26,-4.457,3.6189,0.0,0.016497,0.0,-0.153577
2012-07-27,-3.9935,3.6189,0.0,0.018433,0.0,-0.153577
2012-07-30,-4.9564,3.6189,0.0,0.0,0.0,-0.153577
2012-07-31,-5.3689,3.6189,0.0,-0.006994,-0.0,-0.153577
2012-08-01,-4.5712,3.6142,0.0,-0.000871,-0.0,-0.153577
2012-08-02,-5.8023,3.5877,0.0,-0.006905,-0.0,-0.153577
2012-08-03,-5.2041,3.4711,0.0,0.019833,0.0,-0.153577
2012-08-06,-6.5944,3.1865,0.0,0.001938,0.0,-0.153577
2012-08-07,-8.4156,2.8916,0.0,0.005014,0.0,-0.153577
2012-08-08,-7.4366,2.7529,0.0,0.001212,0.0,-0.153577
2012-08-09,-7.3347,2.5953,0.0,0.000854,0.0,-0.153577
2012-08-10,-5.4606,2.5953,0.0,0.001636,0.0,-0.153577
2012-08-13,-5.3369,2.5953,0.0,-0.000497,-0.0,-0.153577
2012-08-14,-7.2946,2.4236,0.0,0.000142,0.0,-0.153577
2012-08-15,-8.1825,2.2516,0.0,0.001137,0.0,-0.153577
2012-08-16,-9.7278,2.0403,0.0,0.007378,0.0,-0.153577
2012-08-17,-11.5534,1.8725,0.0,0.001338,0.0,-0.153577
2012-08-20,-8.578,0.9323,0.0,7e-05,0.0,-0.153577
2012-08-21,-8.7786,0.0697,0.0,-0.003024,-0.0,-0.153577
2012-08-22,-8.498,-0.0341,0.0,0.000423,0.0,-0.153577
2012-08-23,-9.1892,-0.3426,0.0,-0.008179,-0.0,-0.153577
2012-08-24,-6.7,-0.7899,0.0,0.006043,0.0,-0.153577
2012-08-27,-5.0243,-1.143,0.0,0.000211,0.0,-0.153577
2012-08-28,-5.8019,-1.3074,0.0,-0.000989,-0.0,-0.153577
2012-08-29,-5.6226,-1.3864,0.0,0.000778,0.0,-0.153577
2012-08-30,-8.719,-1.4338,0.0,-0.007208,-0.0,-0.153577
2012-08-31,-9.2984,-1.5971,0.0,0.004769,0.0,-0.153577
2012-09-04,-7.886,-1.7527,0.0,-0.000921,-0.0,-0.153577
2012-09-05,-6.7634,-1.8589,0.0,-0.000851,-0.0,-0.153577
2012-09-06,-7.8933,-1.9551,0.0,0.020297,0.0,-0.153577
2012-09-07,-8.0486,-2.0213,0.0,0.003895,0.0,-0.153577
2012-09-10,-8.0482,-2.1474,0.0,-0.005682,-0.0,-0.153577
2012-09-11,-6.6594,-2.2559,0.0,0.002787,0.0,-0.153577
2012-09-12,-5.7695,-2.2559,0.0,0.003335,0.0,-0.153577
2012-09-13,-5.5591,-2.2559,0.0,0.015236,0.0,-0.153577
2012-09-14,-4.4528,-2.2559,0.0,0.004435,0.0,-0.153577
2012-09-17,-2.7241,-2.46,0.0,-0.003396,-0.0,-0.153577
2012-09-18,-3.18,-2.6717,0.0,-0.000818,-0.0,-0.153577
2012-09-19,-0.4703,-2.6717,1.0,0.000546,0.000546,-0.153115
2012-09-20,-3.702,-2.7526,0.0,6.8e-05,0.0,-0.153115
2012-09-21,-1.5525,-2.7526,1.0,-0.000418,-0.000418,-0.153469
2012-09-24,-5.8374,-2.9482,0.0,-0.001509,-0.0,-0.153469
2012-09-25,-5.59,-3.1477,0.0,-0.010642,-0.0,-0.153469
2012-09-26,-4.9722,-3.2081,0.0,-0.005621,-0.0,-0.153469
2012-09-27,-5.1433,-3.251,0.0,0.009421,0.0,-0.153469
2012-09-28,-3.314,-3.2899,0.0,-0.004632,-0.0,-0.153469
2012-10-01,-3.8535,-3.3981,0.0,0.00264,0.0,-0.153469
2012-10-02,-2.6824,-3.3981,1.0,0.001038,0.001038,-0.15259
2012-10-03,-3.2627,-3.3981,1.0,0.004083,0.004083,-0.14913
2012-10-04,-5.9281,-3.5921,0.0,0.007168,0.0,-0.14913
2012-10-05,-7.4541,-3.7214,0.0,6.8e-05,0.0,-0.14913
2012-10-08,-10.3065,-3.7971,0.0,-0.003421,-0.0,-0.14913
2012-10-09,-11.2307,-3.9235,0.0,-0.009887,-0.0,-0.14913
2012-10-10,-12.5984,-4.2231,0.0,-0.00638,-0.0,-0.14913
2012-10-11,-13.8825,-4.4549,0.0,0.000558,0.0,-0.14913
2012-10-12,-13.2199,-4.5141,0.0,-0.003278,-0.0,-0.14913
2012-10-15,-14.2849,-4.6228,0.0,0.008328,0.0,-0.14913
2012-10-16,-15.1912,-4.7923,0.0,0.010133,0.0,-0.14913
2012-10-17,-14.8117,-4.9334,0.0,0.004535,0.0,-0.14913
2012-10-18,-15.6322,-4.9643,0.0,-0.002599,-0.0,-0.14913
2012-10-19,-15.5153,-4.9982,0.0,-0.016665,-0.0,-0.14913
2012-10-22,-15.5138,-5.0838,0.0,0.000139,0.0,-0.14913
2012-10-23,-13.5926,-5.0838,0.0,-0.013876,-0.0,-0.14913
2012-10-24,-12.5467,-5.1737,0.0,-0.002828,-0.0,-0.14913
2012-10-25,-12.4799,-5.2705,0.0,0.002907,0.0,-0.14913
2012-10-26,-12.6281,-5.3529,0.0,-0.000566,-0.0,-0.14913
2012-10-31,-11.3708,-5.3987,0.0,0.0,0.0,-0.14913
2012-11-01,-12.5859,-5.5099,0.0,0.01047,0.0,-0.14913
2012-11-02,-12.7576,-5.5099,0.0,-0.008892,-0.0,-0.14913
2012-11-05,-12.8348,-5.5746,0.0,0.002049,0.0,-0.14913
2012-11-06,-11.3527,-5.5746,0.0,0.007825,0.0,-0.14913
2012-11-07,-9.8639,-5.5746,0.0,-0.022664,-0.0,-0.14913
2012-11-08,-10.58,-5.5746,0.0,-0.012024,-0.0,-0.14913
2012-11-09,-10.2047,-5.5746,0.0,0.000869,0.0,-0.14913
2012-11-12,-8.6982,-5.6063,0.0,0.000796,0.0,-0.14913
2012-11-13,-9.1195,-5.696,0.0,-0.003472,-0.0,-0.14913
2012-11-14,-10.3562,-5.696,0.0,-0.013499,-0.0,-0.14913
2012-11-15,-10.7739,-5.696,0.0,-0.001692,-0.0,-0.14913
2012-11-16,-11.1071,-5.696,0.0,0.004938,0.0,-0.14913
2012-11-19,-10.8861,-5.696,0.0,0.020239,0.0,-0.14913
2012-11-20,-10.2252,-5.696,0.0,0.000431,0.0,-0.14913
2012-11-21,-9.8304,-5.696,0.0,0.001868,0.0,-0.14913
2012-11-23,-10.3044,-5.696,0.0,0.013625,0.0,-0.14913
2012-11-26,-9.749,-5.696,0.0,-0.002122,-0.0,-0.14913
2012-11-27,-9.7196,-5.696,0.0,-0.005105,-0.0,-0.14913
2012-11-28,-11.2195,-5.7857,0.0,0.008053,0.0,-0.14913
2012-11-29,-10.1568,-5.8035,0.0,0.004666,0.0,-0.14913
2012-11-30,-9.8048,-5.8828,0.0,0.00021,0.0,-0.14913
2012-12-03,-10.0201,-5.8828,0.0,-0.004924,-0.0,-0.14913
2012-12-04,-7.1992,-5.8828,0.0,-0.001413,-0.0,-0.14913
2012-12-05,-8.4213,-5.8828,0.0,0.00177,0.0,-0.14913
2012-12-06,-9.7021,-5.8828,0.0,0.003392,0.0,-0.14913
2012-12-07,-8.7029,-5.8828,0.0,0.003029,0.0,-0.14913
2012-12-10,-10.416,-5.8828,0.0,0.000421,0.0,-0.14913
2012-12-11,-10.5574,-5.8828,0.0,0.006809,0.0,-0.14913
2012-12-12,-10.682,-5.8828,0.0,0.000488,0.0,-0.14913
2012-12-13,-10.479,-6.5637,0.0,-0.006132,-0.0,-0.14913
2012-12-14,-12.1731,-7.3267,0.0,-0.003716,-0.0,-0.14913
2012-12-17,-11.4813,-7.9377,0.0,0.011752,0.0,-0.14913
2012-12-18,-12.3907,-8.5598,0.0,0.011129,0.0,-0.14913
2012-12-19,-12.3138,-8.7006,0.0,-0.007429,-0.0,-0.14913
2012-12-20,-13.3247,-8.9112,0.0,0.005752,0.0,-0.14913
2012-12-21,-14.2774,-9.4108,0.0,-0.009077,-0.0,-0.14913
2012-12-24,-14.0742,-9.7109,0.0,-0.003081,-0.0,-0.14913
2012-12-26,-15.3022,-9.7343,0.0,-0.004215,-0.0,-0.14913
2012-12-27,-16.7149,-9.7769,0.0,-0.001341,-0.0,-0.14913
2012-12-28,-16.1445,-9.8176,0.0,-0.010808,-0.0,-0.14913
2012-12-31,-15.3469,-9.8472,0.0,0.016997,0.0,-0.14913
2013-01-02,-15.6536,-9.942,0.0,0.02563,0.0,-0.14913
2013-01-03,-15.4767,-10.0885,0.0,-0.00226,-0.0,-0.14913
2013-01-04,-14.1446,-10.1808,0.0,0.004392,0.0,-0.14913
2013-01-07,-13.8195,-10.215,0.0,-0.002733,-0.0,-0.14913
2013-01-08,-14.1838,-10.2648,0.0,-0.002877,-0.0,-0.14913
2013-01-09,-13.9914,-10.3054,0.0,0.002542,0.0,-0.14913
2013-01-10,-14.5411,-10.3303,0.0,0.00795,0.0,-0.14913
2013-01-11,-15.7628,-10.3303,0.0,-6.8e-05,-0.0,-0.14913
2013-01-14,-16.8295,-10.3303,0.0,-0.00068,-0.0,-0.14913
2013-01-15,-16.1962,-10.3303,0.0,0.00068,0.0,-0.14913
2013-01-16,-16.4744,-10.3303,0.0,-0.000136,-0.0,-0.14913
2013-01-17,-16.0028,-10.3303,0.0,0.00646,0.0,-0.14913
2013-01-18,-14.5732,-10.3303,0.0,0.00223,0.0,-0.14913
2013-01-22,-14.7838,-10.3303,0.0,0.005394,0.0,-0.14913
2013-01-23,-13.0596,-10.3303,0.0,0.001609,0.0,-0.14913
2013-01-24,-13.9098,-10.3303,0.0,0.000268,0.0,-0.14913
2013-01-25,-12.7902,-10.3303,0.0,0.005622,0.0,-0.14913
2013-01-28,-12.2742,-10.3303,0.0,-0.001198,-0.0,-0.14913
2013-01-29,-14.5998,-10.3303,0.0,0.003931,0.0,-0.14913
2013-01-30,-13.6818,-10.3303,0.0,-0.003916,-0.0,-0.14913
2013-01-31,-13.002,-10.3303,0.0,-0.002465,-0.0,-0.14913
2013-02-01,-12.8325,-10.3303,0.0,0.010287,0.0,-0.14913
2013-02-04,-11.4849,-10.3303,0.0,-0.011241,-0.0,-0.14913
2013-02-05,-10.8435,-10.3303,0.0,0.010098,0.0,-0.14913
2013-02-06,-9.1248,-10.2648,1.0,0.000728,0.000728,-0.148511
2013-02-07,-8.2799,-10.215,1.0,-0.001323,-0.001323,-0.149637
2013-02-08,-8.4609,-10.215,1.0,0.005564,0.005564,-0.144906
2013-02-11,-8.7193,-10.1808,1.0,-0.000198,-0.000198,-0.145075
2013-02-12,-8.0577,-10.0885,1.0,0.001647,0.001647,-0.143667
2013-02-13,-8.9929,-10.0885,1.0,0.000855,0.000855,-0.142935
2013-02-14,-9.5718,-10.0885,1.0,0.00092,0.00092,-0.142147
2013-02-15,-9.2994,-9.9253,1.0,-0.001182,-0.001182,-0.143161
2013-02-19,-9.1756,-9.8176,1.0,0.007495,0.007495,-0.136739
2013-02-20,-8.9917,-9.7769,1.0,-0.012463,-0.012463,-0.147497
2013-02-21,-8.0616,-9.7343,1.0,-0.006079,-0.006079,-0.15268
2013-02-22,-9.1983,-9.7109,1.0,0.009773,0.009773,-0.144399
2013-02-25,-8.3303,-9.637,1.0,-0.019028,-0.019028,-0.160679
2013-02-26,-8.1888,-9.4356,1.0,0.006846,0.006846,-0.154933
2013-02-27,-6.1194,-9.2489,1.0,0.012598,0.012598,-0.144287
2013-02-28,-7.423,-9.187,1.0,-0.001975,-0.001975,-0.145977
2013-03-01,-7.9083,-9.1502,1.0,0.003298,0.003298,-0.143161
2013-03-04,-7.609,-9.0589,1.0,0.005325,0.005325,-0.138598
2013-03-05,-6.9927,-8.9923,1.0,0.008959,0.008959,-0.130881
2013-03-06,-5.4237,-8.8555,1.0,0.001362,0.001362,-0.129697
2013-03-07,-4.5718,-8.8555,1.0,0.001812,0.001812,-0.12812
2013-03-08,-6.2411,-8.8555,1.0,0.004264,0.004264,-0.124402
2013-03-11,-6.5243,-8.7111,1.0,0.003795,0.003795,-0.121079
2013-03-12,-5.2487,-8.5901,1.0,-0.002243,-0.002243,-0.123051
2013-03-13,-5.2948,-8.3956,1.0,0.001413,0.001413,-0.121812
2013-03-14,-3.5642,-8.3051,1.0,0.005324,0.005324,-0.117136
2013-03-15,-4.9127,-8.2343,1.0,-0.00132,-0.00132,-0.118302
2013-03-18,-4.9309,-8.1252,1.0,-0.005518,-0.005518,-0.123167
2013-03-19,-4.0623,-8.0597,1.0,-0.002323,-0.002323,-0.125204
2013-03-20,-5.3457,-7.983,1.0,0.006985,0.006985,-0.119093
2013-03-21,-6.0604,-7.7587,1.0,-0.008543,-0.008543,-0.126619
2013-03-22,-5.306,-7.516,1.0,0.008033,0.008033,-0.119603
2013-03-25,-6.8784,-7.2079,1.0,-0.004177,-0.004177,-0.12328
2013-03-26,-5.179,-6.9356,1.0,0.008003,0.008003,-0.116264
2013-03-27,-6.0117,-6.7014,1.0,0.0,0.0,-0.116264
2013-03-28,-4.583,-6.3827,1.0,0.003073,0.003073,-0.113548
2013-04-01,-4.6868,-6.1802,1.0,-0.003957,-0.003957,-0.117056
2013-04-02,-4.7201,-6.0899,1.0,0.004934,0.004934,-0.112699
2013-04-03,-4.1971,-6.0361,1.0,-0.010139,-0.010139,-0.121696
2013-04-04,-4.5133,-5.7177,1.0,0.004058,0.004058,-0.118132
2013-04-05,-4.3684,-5.3847,1.0,-0.004491,-0.004491,-0.122092
2013-04-08,-5.4786,-5.3847,0.0,0.006767,0.0,-0.122092
2013-04-09,-4.9732,-5.3258,1.0,0.003456,0.003456,-0.119058
2013-04-10,-4.2661,-5.3004,1.0,0.012249,0.012249,-0.108267
2013-04-11,-2.4414,-5.2717,1.0,0.003278,0.003278,-0.105344
2013-04-12,-0.513,-5.2138,1.0,-0.00245,-0.00245,-0.107536
2013-04-15,0.9665,-5.0761,1.0,-0.023174,-0.023174,-0.128218
2013-04-16,1.9995,-4.9521,1.0,0.014763,0.014763,-0.115348
2013-04-17,2.1605,-4.9218,1.0,-0.014612,-0.014612,-0.128275
2013-04-18,4.2305,-4.8164,1.0,-0.006253,-0.006253,-0.133725
2013-04-19,6.8676,-4.7035,1.0,0.008694,0.008694,-0.126194
2013-04-22,3.2663,-4.6349,1.0,0.004438,0.004438,-0.122316
2013-04-23,0.6654,-4.5774,1.0,0.01031,0.01031,-0.113267
2013-04-24,2.3699,-4.5425,1.0,0.000634,0.000634,-0.112705
2013-04-25,1.3467,-4.4409,1.0,0.004054,0.004054,-0.109108
2013-04-26,1.5828,-4.3173,1.0,-0.001766,-0.001766,-0.110681
2013-04-29,-0.0114,-4.2316,1.0,0.006698,0.006698,-0.104725
2013-04-30,-1.7121,-4.1297,1.0,0.002386,0.002386,-0.102588
2013-05-01,-1.5847,-3.8133,1.0,-0.008768,-0.008768,-0.110457
2013-05-02,-0.7326,-3.0028,1.0,0.009287,0.009287,-0.102196
2013-05-03,-1.3878,-2.0767,1.0,0.010141,0.010141,-0.093091
2013-05-06,-1.8911,-1.8016,0.0,0.002541,0.0,-0.093091
2013-05-07,-1.4229,-1.6484,1.0,0.005068,0.005068,-0.088495
2013-05-08,-1.5577,-1.5712,1.0,0.004551,0.004551,-0.084347
2013-05-09,-2.2711,-1.5712,0.0,-0.002817,-0.0,-0.084347
2013-05-10,-3.0057,-1.5712,0.0,0.003254,0.0,-0.084347
2013-05-13,-3.0349,-1.5712,0.0,0.000796,0.0,-0.084347
2013-05-14,-3.5551,-1.5712,0.0,0.010334,0.0,-0.084347
2013-05-15,-3.6802,-1.5712,0.0,0.005387,0.0,-0.084347
2013-05-16,-2.151,-1.5712,0.0,-0.004695,-0.0,-0.084347
2013-05-17,-1.8049,-1.5712,0.0,0.009677,0.0,-0.084347
2013-05-20,-1.8345,-1.5712,0.0,-6e-05,-0.0,-0.084347
2013-05-21,-3.7257,-1.5712,0.0,0.001438,0.0,-0.084347
2013-05-22,-4.0309,-1.5712,0.0,-0.007418,-0.0,-0.084347
2013-05-23,-2.2768,-1.5712,0.0,-0.002892,-0.0,-0.084347
2013-05-24,-2.6294,-1.5712,0.0,-0.000847,-0.0,-0.084347
2013-05-28,-1.736,-1.5712,0.0,0.005989,0.0,-0.084347
2013-05-29,-1.6277,-1.5712,0.0,-0.006494,-0.0,-0.084347
2013-05-30,-1.3673,-1.4903,1.0,0.003692,0.003692,-0.080966
2013-05-31,-1.6633,-1.4903,0.0,-0.014352,-0.0,-0.080966
2013-06-03,-2.4212,-1.4903,0.0,0.005507,0.0,-0.080966
2013-06-04,-1.3938,-1.4084,1.0,-0.004807,-0.004807,-0.085384
2013-06-05,-0.4251,-1.3908,1.0,-0.014001,-0.014001,-0.098189
2013-06-06,-1.1213,-1.3775,1.0,0.009053,0.009053,-0.090025
2013-06-07,-0.6581,-1.2443,1.0,0.012721,0.012721,-0.07845
2013-06-10,-0.3369,-0.927,1.0,0.0,0.0,-0.07845
2013-06-11,-1.27,-0.927,0.0,-0.010315,-0.0,-0.07845
2013-06-12,0.1265,-0.6954,1.0,-0.008277,-0.008277,-0.086077
2013-06-13,1.3295,-0.5855,1.0,0.015208,0.015208,-0.072178
2013-06-14,-0.5728,-0.5429,0.0,-0.006272,-0.0,-0.072178
2013-06-17,-1.3263,-0.5429,0.0,0.007722,0.0,-0.072178
2013-06-18,-0.9346,-0.5429,0.0,0.007906,0.0,-0.072178
2013-06-19,-1.1414,-0.5429,0.0,-0.013818,-0.0,-0.072178
2013-06-20,-1.1867,-0.5429,0.0,-0.024778,-0.0,-0.072178
2013-06-21,-0.5218,-0.5174,0.0,0.00321,0.0,-0.072178
2013-06-24,0.3017,-0.469,1.0,-0.012636,-0.012636,-0.083902
2013-06-25,1.4088,-0.381,1.0,0.009614,0.009614,-0.075095
2013-06-26,1.338,-0.1742,1.0,0.009901,0.009901,-0.065937
2013-06-27,3.2124,0.0575,1.0,0.005869,0.005869,-0.060455
2013-06-28,2.9864,0.2141,1.0,-0.004097,-0.004097,-0.064305
2013-07-01,1.6956,0.4835,1.0,0.00586,0.00586,-0.058821
2013-07-02,-0.5873,0.4835,0.0,-0.00093,-0.0,-0.058821
2013-07-03,0.6485,0.6569,0.0,0.000434,0.0,-0.058821
2013-07-05,1.1417,0.816,1.0,0.010789,0.010789,-0.048667
2013-07-08,1.3349,1.0541,1.0,0.005705,0.005705,-0.04324
2013-07-09,2.8278,1.2356,1.0,0.007197,0.007197,-0.036354
2013-07-10,3.8346,1.3322,1.0,0.000364,0.000364,-0.036003
2013-07-11,3.1973,1.3364,1.0,0.013621,0.013621,-0.022873
2013-07-12,3.7468,1.3424,1.0,0.000418,0.000418,-0.022464
2013-07-15,4.154,1.3778,1.0,0.00382,0.00382,-0.01873
2013-07-16,5.6371,1.3778,1.0,-0.003746,-0.003746,-0.022406
2013-07-17,3.5591,1.3778,1.0,0.002566,0.002566,-0.019897
2013-07-18,3.4789,1.3778,1.0,0.005478,0.005478,-0.014528
2013-07-19,2.693,1.3778,1.0,0.001777,0.001777,-0.012777
2013-07-22,2.1365,1.3778,1.0,0.00195,0.00195,-0.010852
2013-07-23,3.9155,1.4958,1.0,-0.002124,-0.002124,-0.012953
2013-07-24,5.7621,1.4958,1.0,-0.003665,-0.003665,-0.016571
2013-07-25,7.8657,1.6392,1.0,0.002433,0.002433,-0.014178
2013-07-26,6.7471,1.916,1.0,0.001066,0.001066,-0.013127
2013-07-29,5.7328,2.4148,1.0,-0.003075,-0.003075,-0.016162
2013-07-30,7.6587,2.7604,1.0,0.0,0.0,-0.016162
2013-07-31,6.5877,2.9071,1.0,0.000712,0.000712,-0.015461
2013-08-01,6.4809,3.0918,1.0,0.011558,0.011558,-0.004082
2013-08-02,6.435,3.2048,1.0,0.001699,0.001699,-0.00239
2013-08-05,4.3385,3.3456,1.0,-0.001462,-0.001462,-0.003848
2013-08-06,4.911,3.519,1.0,-0.005682,-0.005682,-0.009508
2013-08-07,4.2988,3.6529,1.0,-0.00324,-0.00324,-0.012718
2013-08-08,4.5105,3.7907,1.0,0.003664,0.003664,-0.0091
2013-08-09,5.5602,3.8751,1.0,-0.002885,-0.002885,-0.011959
2013-08-12,4.4163,4.0347,1.0,-0.001182,-0.001182,-0.013127
2013-08-13,3.6449,4.0347,0.0,0.002957,0.0,-0.013127
2013-08-14,4.0814,4.1177,0.0,-0.00513,-0.0,-0.013127
2013-08-15,4.4255,4.2264,1.0,-0.013986,-0.013986,-0.026929
2013-08-16,5.0057,4.3186,1.0,-0.003306,-0.003306,-0.030146
2013-08-19,5.9064,4.3774,1.0,-0.006392,-0.006392,-0.036345
2013-08-20,6.2979,4.4209,1.0,0.004916,0.004916,-0.031608
2013-08-21,5.4193,4.468,1.0,-0.00616,-0.00616,-0.037573
2013-08-22,6.1893,4.7108,1.0,0.009115,0.009115,-0.028801
2013-08-23,6.2147,4.9583,1.0,0.003372,0.003372,-0.025526
2013-08-26,6.1041,5.2125,1.0,-0.003721,-0.003721,-0.029152
2013-08-27,6.456,5.4897,1.0,-0.016084,-0.016084,-0.044767
2013-08-28,7.3728,5.5987,1.0,0.003551,0.003551,-0.041375
2013-08-29,7.3046,5.685,1.0,0.001586,0.001586,-0.039855
2013-08-30,7.4057,5.7474,1.0,-0.003167,-0.003167,-0.042896
2013-09-03,8.4828,5.8342,1.0,0.004522,0.004522,-0.038567
2013-09-04,8.3461,6.0053,1.0,0.008273,0.008273,-0.030614
2013-09-05,6.3662,6.1467,1.0,0.001267,0.001267,-0.029385
2013-09-06,6.9206,6.202,1.0,0.000482,0.000482,-0.028918
2013-09-09,6.6643,6.2563,1.0,0.009576,0.009576,-0.019618
2013-09-10,5.4674,6.2563,0.0,0.007397,0.0,-0.019618
2013-09-11,4.5685,6.2563,0.0,0.003139,0.0,-0.019618
2013-09-12,3.8018,6.2563,0.0,-0.002656,-0.0,-0.019618
2013-09-13,4.4325,6.2563,0.0,0.002248,0.0,-0.019618
2013-09-16,5.6121,6.2563,0.0,0.005788,0.0,-0.019618
2013-09-17,6.8357,6.3321,1.0,0.004463,0.004463,-0.015243
2013-09-18,7.8884,6.4006,1.0,0.011574,0.011574,-0.003845
2013-09-19,6.6708,6.4455,1.0,-0.001676,-0.001676,-0.005515
2013-09-20,5.5468,6.4455,0.0,-0.006991,-0.0,-0.005515
2013-09-23,5.3374,6.4455,0.0,-0.004628,-0.0,-0.005515
2013-09-24,6.9677,6.4684,1.0,-0.002354,-0.002354,-0.007856
2013-09-25,6.5458,6.5134,1.0,-0.00289,-0.00289,-0.010723
2013-09-26,6.7581,6.5667,1.0,0.003845,0.003845,-0.00692
2013-09-27,7.8545,6.626,1.0,-0.004597,-0.004597,-0.011485
2013-09-30,6.662,6.6631,0.0,-0.005329,-0.0,-0.011485
2013-10-01,6.6457,6.6631,0.0,0.007917,0.0,-0.011485
2013-10-02,5.409,6.6631,0.0,-0.000944,-0.0,-0.011485
2013-10-03,6.0289,6.6631,0.0,-0.009221,-0.0,-0.011485
2013-10-04,3.7144,6.6631,0.0,0.007577,0.0,-0.011485
2013-10-07,4.271,6.6631,0.0,-0.008645,-0.0,-0.011485
2013-10-08,6.2865,6.6631,0.0,-0.011647,-0.0,-0.011485
2013-10-09,6.184,6.6631,0.0,0.000725,0.0,-0.011485
2013-10-10,6.241,6.6631,0.0,0.021558,0.0,-0.011485
2013-10-11,5.2097,6.6631,0.0,0.006443,0.0,-0.011485
2013-10-14,6.1623,6.6631,0.0,0.003994,0.0,-0.011485
2013-10-15,6.6106,6.6631,0.0,-0.007253,-0.0,-0.011485
2013-10-16,3.8826,6.6631,0.0,0.013965,0.0,-0.011485
2013-10-17,2.106,6.6631,0.0,0.006683,0.0,-0.011485
2013-10-18,2.3894,6.6631,0.0,0.006754,0.0,-0.011485
2013-10-21,3.0752,6.6631,0.0,5.8e-05,0.0,-0.011485
2013-10-22,0.6765,6.6631,0.0,0.005791,0.0,-0.011485
2013-10-23,1.9291,6.6538,0.0,-0.004788,-0.0,-0.011485
2013-10-24,0.2049,6.6281,0.0,0.003322,0.0,-0.011485
2013-10-25,-0.4474,6.6281,0.0,0.004568,0.0,-0.011485
2013-10-28,1.8439,6.5991,0.0,0.001591,0.0,-0.011485
2013-10-29,1.6381,6.5782,0.0,0.005334,0.0,-0.011485
2013-10-30,2.4181,6.5782,0.0,-0.004967,-0.0,-0.011485
2013-10-31,0.7046,6.5782,0.0,-0.002836,-0.0,-0.011485
2013-11-01,0.9924,6.5782,0.0,0.002389,0.0,-0.011485
2013-11-04,0.2827,6.5782,0.0,0.003519,0.0,-0.011485
2013-11-05,-0.483,6.5782,0.0,-0.003167,-0.0,-0.011485
2013-11-06,-0.3944,6.5782,0.0,0.005106,0.0,-0.011485
2013-11-07,-1.3956,6.5782,0.0,-0.012644,-0.0,-0.011485
2013-11-08,-1.0096,6.5782,0.0,0.013491,0.0,-0.011485
2013-11-11,-0.2452,6.5782,0.0,0.000169,0.0,-0.011485
2013-11-12,-1.5415,6.5782,0.0,-0.00203,-0.0,-0.011485
2013-11-13,-3.0956,6.5782,0.0,0.008024,0.0,-0.011485
2013-11-14,-1.961,6.5782,0.0,0.004989,0.0,-0.011485
2013-11-15,-2.4425,6.5782,0.0,0.004351,0.0,-0.011485
2013-11-18,-1.3961,6.5782,0.0,-0.003499,-0.0,-0.011485
2013-11-19,-0.2863,6.5782,0.0,-0.002174,-0.0,-0.011485
2013-11-20,-1.1367,6.5782,0.0,-0.003128,-0.0,-0.011485
2013-11-21,-1.4158,6.5782,0.0,0.008069,0.0,-0.011485
2013-11-22,-1.3284,6.5782,0.0,0.005003,0.0,-0.011485
2013-11-25,-2.5456,6.5782,0.0,-0.000995,-0.0,-0.011485
2013-11-26,-2.0086,6.456,0.0,0.000277,0.0,-0.011485
2013-11-27,-0.3134,6.3263,0.0,0.002435,0.0,-0.011485
2013-11-29,-0.1073,6.2637,0.0,-0.000662,-0.0,-0.011485
2013-12-02,-0.7637,6.2125,0.0,-0.002597,-0.0,-0.011485
2013-12-03,0.9678,6.1731,0.0,-0.00432,-0.0,-0.011485
2013-12-04,1.3625,6.0956,0.0,-0.000111,-0.0,-0.011485
2013-12-05,1.1969,5.8205,0.0,-0.004395,-0.0,-0.011485
2013-12-06,1.8179,5.5794,0.0,0.011177,0.0,-0.011485
2013-12-09,2.3496,5.5794,0.0,0.002542,0.0,-0.011485
2013-12-10,1.4973,5.5794,0.0,-0.003583,-0.0,-0.011485
2013-12-11,1.1357,5.5794,0.0,-0.011231,-0.0,-0.011485
2013-12-12,2.939,5.5794,0.0,-0.003301,-0.0,-0.011485
2013-12-13,3.6054,5.4779,0.0,-0.000112,-0.0,-0.011485
2013-12-16,3.9484,5.3732,0.0,0.006232,0.0,-0.011485
2013-12-17,3.0967,5.2736,0.0,-0.003181,-0.0,-0.011485
2013-12-18,3.685,4.7404,0.0,0.017072,0.0,-0.011485
2013-12-19,3.4549,4.1097,0.0,-0.001155,-0.0,-0.011485
2013-12-20,3.33,3.9155,0.0,0.005817,0.0,-0.011485
2013-12-23,4.1869,3.9155,1.0,0.005343,0.005343,-0.006203
2013-12-24,4.4244,3.9155,1.0,0.002191,0.002191,-0.004026
2013-12-26,3.5459,3.7985,0.0,0.005084,0.0,-0.004026
2013-12-27,4.9246,3.7985,1.0,-5.4e-05,-5.4e-05,-0.004079
2013-12-30,6.9087,3.7985,1.0,-0.000164,-0.000164,-0.004243
2013-12-31,8.1927,3.7985,1.0,0.004733,0.004733,0.00047
2014-01-02,7.2132,3.7985,1.0,-0.009584,-0.009584,-0.009118
2014-01-03,8.009,3.7985,1.0,-0.000164,-0.000164,-0.009281
2014-01-06,7.4352,3.9155,1.0,-0.002898,-0.002898,-0.012152
2014-01-07,7.1689,3.9155,1.0,0.006142,0.006142,-0.006085
2014-01-08,5.6561,3.9155,1.0,0.000218,0.000218,-0.005868
2014-01-09,5.9679,3.9155,1.0,0.000654,0.000654,-0.005218
2014-01-10,6.3912,3.9155,1.0,0.002723,0.002723,-0.002509
2014-01-13,6.13,3.9155,1.0,-0.013305,-0.013305,-0.015781
2014-01-14,5.7481,3.9155,1.0,0.010898,0.010898,-0.005055
2014-01-15,7.5625,3.9155,1.0,0.00539,0.00539,0.000308
2014-01-16,7.4663,4.0676,1.0,-0.0013,-0.0013,-0.000992
2014-01-17,7.6309,4.3057,1.0,-0.004229,-0.004229,-0.005217
2014-01-21,6.5459,4.6745,1.0,0.002941,0.002941,-0.002291
2014-01-22,5.7595,5.2904,1.0,0.000652,0.000652,-0.001641
2014-01-23,3.7152,5.2904,0.0,-0.008194,-0.0,-0.001641
2014-01-24,0.1316,5.2904,0.0,-0.021335,-0.0,-0.001641
2014-01-27,1.5272,5.2904,0.0,-0.004919,-0.0,-0.001641
2014-01-28,0.9079,5.2904,0.0,0.005955,0.0,-0.001641
2014-01-29,0.8228,5.2904,0.0,-0.009605,-0.0,-0.001641
2014-01-30,1.7261,5.2904,0.0,0.010601,0.0,-0.001641
2014-01-31,1.2333,5.2904,0.0,-0.005859,-0.0,-0.001641
2014-02-03,2.1905,5.2904,0.0,-0.022505,-0.0,-0.001641
2014-02-04,1.2925,5.2904,0.0,0.007004,0.0,-0.001641
2014-02-05,1.2709,5.2904,0.0,-0.001254,-0.0,-0.001641
2014-02-06,0.4462,5.2904,0.0,0.013187,0.0,-0.001641
2014-02-07,-0.5083,5.2904,0.0,0.012396,0.0,-0.001641
2014-02-10,-1.7209,5.2904,0.0,0.001836,0.0,-0.001641
2014-02-11,-0.8274,5.2904,0.0,0.010944,0.0,-0.001641
2014-02-12,-0.3782,5.2904,0.0,0.000495,0.0,-0.001641
2014-02-13,0.0365,5.2904,0.0,0.005163,0.0,-0.001641
2014-02-14,0.3949,5.2904,0.0,0.005519,0.0,-0.001641
2014-02-18,-1.0089,5.2904,0.0,0.001195,0.0,-0.001641
2014-02-19,-0.4319,5.2904,0.0,-0.006622,-0.0,-0.001641
2014-02-20,-0.8476,5.2904,0.0,0.005901,0.0,-0.001641
2014-02-21,-1.0455,5.2904,0.0,-0.001141,-0.0,-0.001641
2014-02-24,-1.4972,5.2904,0.0,0.005547,0.0,-0.001641
2014-02-25,-0.6205,5.2904,0.0,-0.000378,-0.0,-0.001641
2014-02-26,-1.3966,5.2904,0.0,5.4e-05,0.0,-0.001641
2014-02-27,-2.3389,5.2904,0.0,0.005248,0.0,-0.001641
2014-02-28,-2.6548,5.2904,0.0,0.002529,0.0,-0.001641
2014-03-03,-2.7783,5.2904,0.0,-0.007032,-0.0,-0.001641
2014-03-04,-2.5667,5.2904,0.0,0.014055,0.0,-0.001641
2014-03-05,-3.2999,5.2904,0.0,0.000907,0.0,-0.001641
2014-03-06,-2.4229,5.2904,0.0,0.00229,0.0,-0.001641
2014-03-07,-1.8637,5.2904,0.0,0.000425,0.0,-0.001641
2014-03-10,-1.3903,5.2904,0.0,-0.000531,-0.0,-0.001641
2014-03-11,-1.9142,5.2904,0.0,-0.004942,-0.0,-0.001641
2014-03-12,-0.7433,5.2904,0.0,0.000267,0.0,-0.001641
2014-03-13,-0.3957,5.2904,0.0,-0.011214,-0.0,-0.001641
2014-03-14,-0.7187,5.2904,0.0,-0.002807,-0.0,-0.001641
2014-03-17,-1.4647,5.2904,0.0,0.009044,0.0,-0.001641
2014-03-18,-2.1865,5.2904,0.0,0.007138,0.0,-0.001641
2014-03-19,-2.335,5.2904,0.0,-0.005329,-0.0,-0.001641
2014-03-20,-1.287,5.2904,0.0,0.00584,0.0,-0.001641
2014-03-21,-1.5689,5.2904,0.0,-0.003879,-0.0,-0.001641
2014-03-24,-2.0037,5.2904,0.0,-0.004135,-0.0,-0.001641
2014-03-25,-1.0031,5.2904,0.0,0.004746,0.0,-0.001641
2014-03-26,-2.0906,5.2904,0.0,-0.007192,-0.0,-0.001641
2014-03-27,-1.5341,5.2904,0.0,-0.002109,-0.0,-0.001641
2014-03-28,-1.5643,5.2904,0.0,0.00493,0.0,-0.001641
2014-03-31,-2.292,4.6856,0.0,0.008195,0.0,-0.001641
2014-04-01,-1.2572,2.9528,0.0,0.00663,0.0,-0.001641
2014-04-02,-1.2696,1.9583,0.0,0.003347,0.0,-0.001641
2014-04-03,-1.9672,1.6267,0.0,-0.001324,-0.0,-0.001641
2014-04-04,-2.4071,1.4099,0.0,-0.011822,-0.0,-0.001641
2014-04-07,-0.0903,1.2817,0.0,-0.011052,-0.0,-0.001641
2014-04-08,-0.3357,1.2521,0.0,0.004123,0.0,-0.001641
2014-04-09,0.1296,1.0706,0.0,0.010751,0.0,-0.001641
2014-04-10,-1.4203,0.8654,0.0,-0.021006,-0.0,-0.001641
2014-04-11,-1.8532,0.6345,0.0,-0.009009,-0.0,-0.001641
2014-04-14,-1.2232,0.4206,0.0,0.007879,0.0,-0.001641
2014-04-15,-0.8002,0.2633,0.0,0.006887,0.0,-0.001641
2014-04-16,-0.3411,0.1306,0.0,0.010478,0.0,-0.001641
2014-04-17,0.6453,0.1306,1.0,0.001397,0.001397,-0.000246
2014-04-21,0.9253,0.1306,1.0,0.003487,0.003487,0.00324
2014-04-22,1.6685,0.1306,1.0,0.004544,0.004544,0.007799
2014-04-23,2.8498,0.1306,1.0,-0.002342,-0.002342,0.005438
2014-04-24,4.0918,0.1306,1.0,0.002027,0.002027,0.007476
2014-04-25,3.5477,0.2622,1.0,-0.008199,-0.008199,-0.000784
2014-04-28,4.3934,0.2622,1.0,0.003167,0.003167,0.002381
2014-04-29,4.5998,0.2622,1.0,0.004655,0.004655,0.007047
2014-04-30,3.8915,0.2622,1.0,0.002982,0.002982,0.01005
2014-05-01,3.7332,0.2622,1.0,0.000106,0.000106,0.010157
2014-05-02,3.0958,0.2622,1.0,-0.001434,-0.001434,0.008708
2014-05-05,3.9969,0.2622,1.0,0.001914,0.001914,0.010639
2014-05-06,3.5636,0.2622,1.0,-0.008704,-0.008704,0.001842
2014-05-07,3.8737,0.2622,1.0,0.005889,0.005889,0.007742
2014-05-08,4.8061,0.2622,1.0,-0.001064,-0.001064,0.00667
2014-05-09,5.5644,0.5201,1.0,0.001492,0.001492,0.008172
2014-05-12,6.1736,0.7853,1.0,0.009736,0.009736,0.017987
2014-05-13,5.8126,1.2969,1.0,0.000896,0.000896,0.0189
2014-05-14,5.7555,2.2592,1.0,-0.004738,-0.004738,0.014072
2014-05-15,7.6555,2.9728,1.0,-0.008781,-0.008781,0.005167
2014-05-16,8.5745,3.3218,1.0,0.003469,0.003469,0.008654
2014-05-19,7.9639,3.5556,1.0,0.003669,0.003669,0.012355
2014-05-20,8.6508,3.6484,1.0,-0.006305,-0.006305,0.005972
2014-05-21,8.7262,3.8035,1.0,0.008424,0.008424,0.014447
2014-05-22,8.4078,3.8826,1.0,0.002432,0.002432,0.016914
2014-05-23,7.9634,3.9442,1.0,0.004009,0.004009,0.020991
2014-05-27,7.8264,4.0443,1.0,0.006147,0.006147,0.027267
2014-05-28,8.3483,4.2426,1.0,-0.000731,-0.000731,0.026516
2014-05-29,8.7878,4.4966,1.0,0.005173,0.005173,0.031826
2014-05-30,7.5882,4.703,1.0,0.001612,0.001612,0.033489
2014-06-02,6.5613,5.1853,1.0,0.001142,0.001142,0.034669
2014-06-03,7.5621,5.6599,1.0,-0.000518,-0.000518,0.034133
2014-06-04,7.2489,5.784,1.0,0.002023,0.002023,0.036225
2014-06-05,5.8583,5.8354,1.0,0.006522,0.006522,0.042984
2014-06-06,5.0593,5.8354,0.0,0.004783,0.0,0.042984
2014-06-09,5.3801,5.8354,0.0,0.001024,0.0,0.042984
2014-06-10,4.9361,5.8354,0.0,0.000102,0.0,0.042984
2014-06-11,4.5763,5.8354,0.0,-0.003477,-0.0,0.042984
2014-06-12,4.6328,5.8354,0.0,-0.00708,-0.0,0.042984
2014-06-13,4.7947,5.8354,0.0,0.003048,0.0,0.042984
2014-06-16,4.9197,5.8354,0.0,0.000824,0.0,0.042984
2014-06-17,5.7347,5.8354,0.0,0.00278,0.0,0.042984
2014-06-18,6.0237,5.941,1.0,0.007339,0.007339,0.050638
2014-06-19,7.7187,6.0986,1.0,0.001121,0.001121,0.051816
2014-06-20,7.3627,6.3674,1.0,0.00203,0.00203,0.053951
2014-06-23,7.1957,6.8785,1.0,-0.000306,-0.000306,0.053629
2014-06-24,7.4212,7.2223,1.0,-0.006024,-0.006024,0.047282
2014-06-25,6.0036,7.2223,0.0,0.00452,0.0,0.047282
2014-06-26,5.0454,7.2223,0.0,-0.000716,-0.0,0.047282
2014-06-27,5.7446,7.2223,0.0,0.001944,0.0,0.047282
2014-06-30,6.9199,7.2223,0.0,-0.000511,-0.0,0.047282
2014-07-01,7.2965,7.2727,1.0,0.006693,0.006693,0.054291
2014-07-02,6.5375,7.2727,0.0,0.001015,0.0,0.054291
2014-07-03,6.8998,7.2727,0.0,0.004918,0.0,0.054291
2014-07-07,4.4446,7.2727,0.0,-0.003481,-0.0,0.054291
2014-07-08,4.6114,7.2727,0.0,-0.00643,-0.0,0.054291
2014-07-09,5.1452,7.2727,0.0,0.004484,0.0,0.054291
2014-07-10,5.7385,7.2727,0.0,-0.003957,-0.0,0.054291
2014-07-11,5.0394,7.2727,0.0,0.001376,0.0,0.054291
2014-07-14,4.1619,7.2727,0.0,0.005036,0.0,0.054291
2014-07-15,4.6925,7.2727,0.0,-0.001873,-0.0,0.054291
2014-07-16,4.3715,7.2727,0.0,0.003701,0.0,0.054291
2014-07-17,3.2653,7.2727,0.0,-0.011366,-0.0,0.054291
2014-07-18,5.4178,7.2727,0.0,0.010219,0.0,0.054291
2014-07-21,5.9392,7.2727,0.0,-0.001871,-0.0,0.054291
2014-07-22,6.911,7.2727,0.0,0.004358,0.0,0.054291
2014-07-23,6.7073,7.2727,0.0,0.00222,0.0,0.054291
2014-07-24,7.8877,7.3296,1.0,5e-05,5e-05,0.054344
2014-07-25,8.3336,7.3919,1.0,-0.004682,-0.004682,0.049407
2014-07-28,6.7808,7.3919,0.0,0.000405,0.0,0.049407
2014-07-29,7.1392,7.3919,0.0,-0.004297,-0.0,0.049407
2014-07-30,6.8601,7.3919,0.0,0.000152,0.0,0.049407
2014-07-31,5.4315,7.3919,0.0,-0.019749,-0.0,0.049407
2014-08-01,5.923,7.3919,0.0,-0.003055,-0.0,0.049407
2014-08-04,4.9289,7.3919,0.0,0.007221,0.0,0.049407
2014-08-05,6.0033,7.3919,0.0,-0.009696,-0.0,0.049407
2014-08-06,5.9985,7.3919,0.0,0.000313,0.0,0.049407
2014-08-07,6.8111,7.3919,0.0,-0.005415,-0.0,0.049407
2014-08-08,6.4748,7.3919,0.0,0.011569,0.0,0.049407
2014-08-11,8.0935,7.4917,1.0,0.002898,0.002898,0.052448
2014-08-12,7.3423,7.4917,0.0,-0.001394,-0.0,0.052448
2014-08-13,7.0538,7.4917,0.0,0.006769,0.0,0.052448
2014-08-14,5.8333,7.3919,0.0,0.004722,0.0,0.052448
2014-08-15,6.5063,7.3525,0.0,-0.000205,-0.0,0.052448
2014-08-18,8.3212,7.3525,1.0,0.00838,0.00838,0.061268
2014-08-19,8.0709,7.3525,1.0,0.005219,0.005219,0.066807
2014-08-20,8.3946,7.3525,1.0,0.002672,0.002672,0.069657
2014-08-21,9.7382,7.3525,1.0,0.002916,0.002916,0.072776
2014-08-22,10.5035,7.3525,1.0,-0.001554,-0.001554,0.071109
2014-08-25,10.1491,7.3525,1.0,0.005071,0.005071,0.076541
2014-08-26,10.8052,7.3525,1.0,0.000649,0.000649,0.07724
2014-08-27,10.4962,7.3525,1.0,-0.000399,-0.000399,0.07681
2014-08-28,9.5284,7.3525,1.0,-0.00055,-0.00055,0.076217
2014-08-29,9.899,7.3919,1.0,0.002848,0.002848,0.079283
2014-09-02,10.8499,7.3919,1.0,-0.000498,-0.000498,0.078745
2014-09-03,11.0152,7.5699,1.0,-0.000548,-0.000548,0.078154
2014-09-04,9.9985,7.8032,1.0,-0.001446,-0.001446,0.076595
2014-09-05,10.5137,7.9793,1.0,0.004495,0.004495,0.081434
2014-09-08,9.8725,8.0822,1.0,-0.002586,-0.002586,0.078638
2014-09-09,10.1888,8.2073,1.0,-0.006332,-0.006332,0.071808
2014-09-10,11.1753,8.3274,1.0,0.003763,0.003763,0.075841
2014-09-11,11.5028,8.3641,1.0,0.00115,0.00115,0.077078
2014-09-12,12.1265,8.9615,1.0,-0.005841,-0.005841,0.070787
2014-09-15,13.2376,9.6333,1.0,-0.000753,-0.000753,0.069981
2014-09-16,13.8009,9.8053,1.0,0.007538,0.007538,0.078046
2014-09-17,11.7981,9.8857,1.0,0.001347,0.001347,0.079498
2014-09-18,10.3709,9.9487,1.0,0.00533,0.00533,0.085252
2014-09-19,11.444,10.0738,1.0,-0.000901,-0.000901,0.084274
2014-09-22,11.6529,10.1689,1.0,-0.007723,-0.007723,0.0759
2014-09-23,11.2309,10.2798,1.0,-0.005724,-0.005724,0.069742
2014-09-24,10.7743,10.4335,1.0,0.007828,0.007828,0.078116
2014-09-25,10.2845,10.4335,0.0,-0.016136,-0.0,0.078116
2014-09-26,10.4949,10.4955,0.0,0.007946,0.0,0.078116
2014-09-29,11.6879,10.4999,1.0,-0.001819,-0.001819,0.076155
2014-09-30,12.1181,10.5086,1.0,-0.002632,-0.002632,0.073322
2014-10-01,11.9923,10.644,1.0,-0.013552,-0.013552,0.058777
2014-10-02,12.7253,10.7898,1.0,0.000155,0.000155,0.058941
2014-10-03,12.5551,10.8276,1.0,0.011009,0.011009,0.070599
2014-10-06,12.9745,10.9326,1.0,-0.00117,-0.00117,0.069346
2014-10-07,13.0612,11.0953,1.0,-0.015437,-0.015437,0.052838
2014-10-08,11.2357,11.2031,1.0,0.01749,0.01749,0.071253
2014-10-09,12.1199,11.2333,1.0,-0.019833,-0.019833,0.050006
2014-10-10,11.7863,11.3398,1.0,-0.011414,-0.011414,0.038022
2014-10-13,11.4802,11.4621,1.0,-0.016427,-0.016427,0.02097
2014-10-14,11.0402,11.4621,0.0,0.001548,0.0,0.02097
2014-10-15,9.1434,11.4621,0.0,-0.006767,-0.0,0.02097
2014-10-16,9.9161,11.4621,0.0,-0.000858,-0.0,0.02097
2014-10-17,10.5201,11.4621,0.0,0.011811,0.0,0.02097
2014-10-20,10.4156,11.4621,0.0,0.00971,0.0,0.02097
2014-10-21,6.5387,11.4621,0.0,0.019811,0.0,0.02097
2014-10-22,5.9315,11.4621,0.0,-0.007111,-0.0,0.02097
2014-10-23,4.525,11.4621,0.0,0.011625,0.0,0.02097
2014-10-24,4.5749,11.4621,0.0,0.007696,0.0,0.02097
2014-10-27,4.9289,11.4621,0.0,-0.001375,-0.0,0.02097
2014-10-28,5.4282,11.4621,0.0,0.01147,0.0,0.02097
2014-10-29,5.0426,11.4621,0.0,-0.001512,-0.0,0.02097
2014-10-30,5.6805,11.4621,0.0,0.00641,0.0,0.02097
2014-10-31,5.3198,11.4621,0.0,0.011436,0.0,0.02097
2014-11-03,5.6952,11.4621,0.0,0.000545,0.0,0.02097
2014-11-04,5.9236,11.4621,0.0,-0.003469,-0.0,0.02097
2014-11-05,4.7666,11.4621,0.0,0.006316,0.0,0.02097
2014-11-06,4.3389,11.4621,0.0,0.004003,0.0,0.02097
2014-11-07,4.69,11.4621,0.0,0.000936,0.0,0.02097
2014-11-10,4.5371,11.4621,0.0,0.003147,0.0,0.02097
2014-11-11,3.9609,11.4621,0.0,0.000981,0.0,0.02097
2014-11-12,3.0014,11.4621,0.0,-0.001078,-0.0,0.02097
2014-11-13,4.0731,11.4621,0.0,0.001128,0.0,0.02097
2014-11-14,3.56,11.4621,0.0,0.000245,0.0,0.02097
2014-11-17,3.0717,11.4621,0.0,0.000636,0.0,0.02097
2014-11-18,3.5003,11.4621,0.0,0.005774,0.0,0.02097
2014-11-19,4.0104,11.4621,0.0,-0.001605,-0.0,0.02097
2014-11-20,4.4481,11.4621,0.0,0.001754,0.0,0.02097
2014-11-21,4.0031,11.4621,0.0,0.005351,0.0,0.02097
2014-11-24,3.2991,11.4621,0.0,0.002806,0.0,0.02097
2014-11-25,4.0618,11.4621,0.0,-0.000724,-0.0,0.02097
2014-11-26,4.7686,11.4621,0.0,0.002559,0.0,0.02097
2014-11-28,5.179,11.4621,0.0,-0.002119,-0.0,0.02097
2014-12-01,4.4155,11.4621,0.0,-0.00695,-0.0,0.02097
2014-12-02,4.6051,11.4621,0.0,0.006464,0.0,0.02097
2014-12-03,4.5828,11.4621,0.0,0.003863,0.0,0.02097
2014-12-04,5.1647,11.4621,0.0,-0.001106,-0.0,0.02097
2014-12-05,5.8007,11.4621,0.0,0.001637,0.0,0.02097
2014-12-08,5.5509,11.4621,0.0,-0.006683,-0.0,0.02097
2014-12-09,4.3059,11.4621,0.0,-0.000678,-0.0,0.02097
2014-12-10,5.0599,11.3398,0.0,-0.016031,-0.0,0.02097
2014-12-11,4.5312,11.2333,0.0,0.00507,0.0,0.02097
2014-12-12,3.0085,11.1355,0.0,-0.016161,-0.0,0.02097
2014-12-15,3.344,10.9072,0.0,-0.00687,-0.0,0.02097
2014-12-16,3.4965,10.6472,0.0,-0.00802,-0.0,0.02097
2014-12-17,3.1161,10.6472,0.0,0.019605,0.0,0.02097
2014-12-18,2.4733,10.5075,0.0,0.024729,0.0,0.02097
2014-12-19,2.0182,10.4553,0.0,0.004255,0.0,0.02097
2014-12-22,2.0628,10.3501,0.0,0.0046,0.0,0.02097
2014-12-23,2.8913,10.1003,0.0,0.00135,0.0,0.02097
2014-12-24,3.2139,9.5297,0.0,9.6e-05,0.0,0.02097
2014-12-26,3.4373,7.841,0.0,0.003225,0.0,0.02097
2014-12-29,2.9683,6.2351,0.0,0.001343,0.0,0.02097
2014-12-30,1.4121,5.9275,0.0,-0.005366,-0.0,0.02097
2014-12-31,0.8709,5.8621,0.0,-0.009923,-0.0,0.02097
2015-01-02,-0.0424,5.748,0.0,-0.000535,-0.0,0.02097
2015-01-05,1.0854,5.6879,0.0,-0.01806,-0.0,0.02097
2015-01-06,0.1713,5.6157,0.0,-0.009419,-0.0,0.02097
2015-01-07,-1.038,5.4896,0.0,0.012461,0.0,0.02097
2015-01-08,-0.5792,5.374,0.0,0.017745,0.0,0.02097
2015-01-09,-0.2699,5.2494,0.0,-0.008013,-0.0,0.02097
2015-01-12,-5.4561,5.1718,0.0,-0.007834,-0.0,0.02097
2015-01-13,-5.9639,5.1123,0.0,-0.002813,-0.0,0.02097
2015-01-14,-4.3811,5.0513,0.0,-0.006037,-0.0,0.02097
2015-01-15,-2.0676,4.9858,0.0,-0.00916,-0.0,0.02097
2015-01-16,-2.1922,4.8488,0.0,0.013114,0.0,0.02097
2015-01-20,-3.0647,4.7676,0.0,0.002133,0.0,0.02097
2015-01-21,-3.0179,4.7283,0.0,0.005048,0.0,0.02097
2015-01-22,-1.584,4.6475,0.0,0.014871,0.0,0.02097
2015-01-23,-2.575,4.5939,0.0,-0.005483,-0.0,0.02097
2015-01-26,0.2037,4.5939,0.0,0.002342,0.0,0.02097
2015-01-27,1.4546,4.5939,0.0,-0.01319,-0.0,0.02097
2015-01-28,1.6371,4.56,0.0,-0.012824,-0.0,0.02097
2015-01-29,1.7694,4.5341,0.0,0.009244,0.0,0.02097
2015-01-30,2.4289,4.4896,0.0,-0.012574,-0.0,0.02097
2015-02-02,0.1688,4.4318,0.0,0.012384,0.0,0.02097
2015-02-03,2.9892,4.3772,0.0,0.014461,0.0,0.02097
2015-02-04,3.1,4.3224,0.0,-0.003808,-0.0,0.02097
2015-02-05,3.6888,4.1895,0.0,0.010095,0.0,0.02097
2015-02-06,3.2063,4.0674,0.0,-0.002765,-0.0,0.02097
2015-02-09,2.3673,4.0361,0.0,-0.004476,-0.0,0.02097
2015-02-10,0.4992,4.0067,0.0,0.010654,0.0,0.02097
2015-02-11,1.8226,3.982,0.0,0.00058,0.0,0.02097
2015-02-12,1.8431,3.8459,0.0,0.009617,0.0,0.02097
2015-02-13,2.1564,3.8459,0.0,0.004116,0.0,0.02097
2015-02-17,1.3332,3.6244,0.0,0.001573,0.0,0.02097
2015-02-18,1.5309,3.5945,0.0,9.5e-05,0.0,0.02097
2015-02-19,0.9583,3.5945,0.0,-0.000714,-0.0,0.02097
2015-02-20,2.5768,3.5926,0.0,0.006,0.0,0.02097
2015-02-23,1.8338,3.4669,0.0,-0.000142,-0.0,0.02097
2015-02-24,2.0393,3.3906,0.0,0.002841,0.0,0.02097
2015-02-25,1.9207,3.3216,0.0,-0.00085,-0.0,0.02097
2015-02-26,2.4605,3.279,0.0,-0.001181,-0.0,0.02097
2015-02-27,2.8245,3.2101,0.0,-0.003406,-0.0,0.02097
2015-03-02,4.7842,3.2101,1.0,0.006313,0.006313,0.027415
2015-03-03,4.9056,3.2101,1.0,-0.004104,-0.004104,0.023199
2015-03-04,3.2343,3.2101,1.0,-0.004216,-0.004216,0.018885
2015-03-05,3.0276,3.1612,0.0,0.001094,0.0,0.018885
2015-03-06,4.8703,3.1612,1.0,-0.014065,-0.014065,0.004555
2015-03-09,5.1172,3.1612,1.0,0.004145,0.004145,0.008718
2015-03-10,5.899,3.1612,1.0,-0.016222,-0.016222,-0.007645
2015-03-11,4.7793,3.1612,1.0,-0.002342,-0.002342,-0.009969
2015-03-12,3.9222,3.1612,1.0,0.012714,0.012714,0.002618
2015-03-13,3.2725,3.1612,1.0,-0.006133,-0.006133,-0.003531
2015-03-16,2.5336,3.1081,0.0,0.013361,0.0,-0.003531
2015-03-17,1.9402,3.1081,0.0,-0.002972,-0.0,-0.003531
2015-03-18,1.335,3.0638,0.0,0.012022,0.0,-0.003531
2015-03-19,2.5936,3.0084,0.0,-0.004562,-0.0,-0.003531
2015-03-20,2.7824,2.9788,0.0,0.008827,0.0,-0.003531
2015-03-23,2.1392,2.9788,0.0,-0.001949,-0.0,-0.003531
2015-03-24,1.742,2.9788,0.0,-0.005619,-0.0,-0.003531
2015-03-25,2.9729,2.9811,0.0,-0.014654,-0.0,-0.003531
2015-03-26,2.7099,2.9811,0.0,-0.002381,-0.0,-0.003531
2015-03-27,3.2022,2.9811,1.0,0.002289,0.002289,-0.00125
2015-03-30,3.0044,2.9811,1.0,0.0122,0.0122,0.010935
2015-03-31,1.4567,2.9811,0.0,-0.00874,-0.0,0.010935
2015-04-01,0.6924,2.9811,0.0,-0.003536,-0.0,0.010935
2015-04-02,1.0301,2.9811,0.0,0.003598,0.0,0.010935
2015-04-06,0.816,2.9811,0.0,0.006733,0.0,0.010935
2015-04-07,1.0463,2.9811,0.0,-0.002646,-0.0,0.010935
2015-04-08,-0.336,2.9811,0.0,0.003377,0.0,0.010935
2015-04-09,-0.76,2.9811,0.0,0.004423,0.0,0.010935
2015-04-10,0.4331,2.9811,0.0,0.005457,0.0,0.010935
2015-04-13,1.4479,2.9811,0.0,-0.004523,-0.0,0.010935
2015-04-14,0.3609,2.9811,0.0,0.001913,0.0,0.010935
2015-04-15,-0.2181,2.9811,0.0,0.004487,0.0,0.010935
2015-04-16,-0.9604,2.9811,0.0,-0.000285,-0.0,0.010935
2015-04-17,0.5887,2.9811,0.0,-0.011504,-0.0,0.010935
2015-04-20,0.1443,2.9811,0.0,0.009137,0.0,0.010935
2015-04-21,0.5055,2.9811,0.0,-0.001191,-0.0,0.010935
2015-04-22,0.896,2.9811,0.0,0.004914,0.0,0.010935
2015-04-23,2.6279,2.9811,0.0,0.002516,0.0,0.010935
2015-04-24,3.7758,2.9968,1.0,0.00232,0.00232,0.01328
2015-04-27,5.4199,3.016,1.0,-0.004158,-0.004158,0.009067
2015-04-28,5.0096,3.0638,1.0,0.003179,0.003179,0.012275
2015-04-29,5.5976,3.1511,1.0,-0.004115,-0.004115,0.008109
2015-04-30,3.6931,3.2043,1.0,-0.01002,-0.01002,-0.001992
2015-05-01,3.0229,3.2043,0.0,0.010841,0.0,-0.001992
2015-05-04,1.0842,3.2043,0.0,0.002848,0.0,-0.001992
2015-05-05,2.0582,3.2043,0.0,-0.011452,-0.0,-0.001992
2015-05-06,2.9665,3.2043,0.0,-0.004117,-0.0,-0.001992
2015-05-07,2.5593,3.1149,0.0,0.00399,0.0,-0.001992
2015-05-08,3.1174,3.0725,1.0,0.013166,0.013166,0.011148
2015-05-11,2.4698,3.0725,0.0,-0.004773,-0.0,0.011148
2015-05-12,4.1302,3.1598,1.0,-0.002991,-0.002991,0.008123
2015-05-13,4.38,3.2183,1.0,0.000191,0.000191,0.008316
2015-05-14,4.7727,3.2534,1.0,0.010428,0.010428,0.018831
2015-05-15,5.3444,3.4828,1.0,0.001084,0.001084,0.019935
2015-05-18,4.3942,3.7344,1.0,0.003106,0.003106,0.023103
2015-05-19,4.4841,3.849,1.0,-0.000328,-0.000328,0.022767
2015-05-20,4.7052,4.0262,1.0,-0.000704,-0.000704,0.022047
2015-05-21,4.1427,4.1364,1.0,0.002913,0.002913,0.025025
2015-05-22,3.3885,4.1364,0.0,-0.002389,-0.0,0.025025
2015-05-26,4.208,4.1753,1.0,-0.010752,-0.010752,0.014004
2015-05-27,4.625,4.294,1.0,0.009492,0.009492,0.023628
2015-05-28,5.456,4.3871,1.0,-0.001128,-0.001128,0.022474
2015-05-29,5.3076,4.4391,1.0,-0.006213,-0.006213,0.016121
2015-06-01,7.1737,4.4391,1.0,0.002037,0.002037,0.018191
2015-06-02,5.0474,4.4391,1.0,-0.000993,-0.000993,0.01718
2015-06-03,5.78,4.5545,1.0,0.00265,0.00265,0.019875
2015-06-04,5.4563,4.6651,1.0,-0.008446,-0.008446,0.011262
2015-06-05,5.3765,4.6651,1.0,-0.001713,-0.001713,0.009529
2015-06-08,4.9027,4.6651,1.0,-0.00615,-0.00615,0.003321
2015-06-09,4.1131,4.5545,0.0,-0.000144,-0.0,0.003321
2015-06-10,4.9383,4.5545,1.0,0.011993,0.011993,0.015354
2015-06-11,3.9451,4.5545,0.0,0.003223,0.0,0.015354
2015-06-12,5.1943,4.6651,1.0,-0.007655,-0.007655,0.007581
2015-06-15,6.1177,4.739,1.0,-0.004286,-0.004286,0.003263
2015-06-16,6.8408,4.8377,1.0,0.005452,0.005452,0.008732
2015-06-17,5.3436,4.9205,1.0,0.001617,0.001617,0.010363
2015-06-18,5.4503,4.974,1.0,0.010399,0.010399,0.02087
2015-06-19,5.1013,5.0285,1.0,-0.004439,-0.004439,0.016339
2015-06-22,5.4659,5.0744,1.0,0.005123,0.005123,0.021545
2015-06-23,5.6768,5.1478,1.0,0.000708,0.000708,0.022269
2015-06-24,1.9631,5.1478,0.0,-0.007263,-0.0,0.022269
2015-06-25,0.3741,5.1478,0.0,-0.00304,-0.0,0.022269
2015-06-26,3.2438,5.1478,0.0,-0.00019,-0.0,0.022269
2015-06-29,2.9219,5.1478,0.0,-0.020971,-0.0,0.022269
2015-06-30,2.2825,5.1478,0.0,0.002094,0.0,0.022269
2015-07-01,2.6601,5.1478,0.0,0.008015,0.0,0.022269
2015-07-02,3.0513,5.1478,0.0,-0.000916,-0.0,0.022269
2015-07-06,3.5137,5.1478,0.0,-0.002846,-0.0,0.022269
2015-07-07,4.3875,5.1478,0.0,0.006289,0.0,0.022269
2015-07-08,5.4624,5.2509,1.0,-0.016777,-0.016777,0.005118
2015-07-09,6.7034,5.3256,1.0,0.001809,0.001809,0.006936
2015-07-10,6.0111,5.344,1.0,0.012591,0.012591,0.019615
2015-07-13,6.6379,5.3605,1.0,0.011037,0.011037,0.030868
2015-07-14,11.9407,5.3982,1.0,0.004338,0.004338,0.03534
2015-07-15,13.8305,5.4351,1.0,-0.000332,-0.000332,0.034996
2015-07-16,11.4494,5.4532,1.0,0.008024,0.008024,0.043301
2015-07-17,9.8749,5.4561,1.0,0.000848,0.000848,0.044186
2015-07-20,8.1422,5.4594,1.0,0.000518,0.000518,0.044727
2015-07-21,9.4214,5.4642,1.0,-0.003951,-0.003951,0.040599
2015-07-22,9.769,5.5317,1.0,-0.001795,-0.001795,0.038731
2015-07-23,6.062,5.6372,1.0,-0.00563,-0.00563,0.032883
2015-07-24,4.7571,5.6372,0.0,-0.010372,-0.0,0.032883
2015-07-27,5.2467,5.6372,0.0,-0.005817,-0.0,0.032883
2015-07-28,4.6329,5.6372,0.0,0.012283,0.0,0.032883
2015-07-29,3.9402,5.5714,0.0,0.006879,0.0,0.032883
2015-07-30,3.7326,5.5714,0.0,0.000237,0.0,0.032883
2015-07-31,5.2098,5.5714,0.0,-0.001518,-0.0,0.032883
2015-08-03,6.5983,5.7284,1.0,-0.003373,-0.003373,0.029399
2015-08-04,2.6679,5.7284,0.0,-0.001954,-0.0,0.029399
2015-08-05,2.3815,5.7284,0.0,0.003296,0.0,0.029399
2015-08-06,3.051,5.7284,0.0,-0.008188,-0.0,0.029399
2015-08-07,2.411,5.7284,0.0,-0.00192,-0.0,0.029399
2015-08-10,4.2626,5.7284,0.0,0.012599,0.0,0.029399
2015-08-11,4.7069,5.7284,0.0,-0.009023,-0.0,0.029399
2015-08-12,4.8279,5.7284,0.0,0.001198,0.0,0.029399
2015-08-13,5.3612,5.7284,0.0,-0.001245,-0.0,0.029399
2015-08-14,5.4221,5.7284,0.0,0.003643,0.0,0.029399
2015-08-17,6.2485,5.8956,1.0,0.005587,0.005587,0.03515
2015-08-18,4.8977,5.8956,0.0,-0.002897,-0.0,0.03515
2015-08-19,5.6917,5.8956,0.0,-0.007906,-0.0,0.03515
2015-08-20,4.5915,5.8956,0.0,-0.020882,-0.0,0.03515
2015-08-21,5.6709,5.8956,0.0,-0.030102,-0.0,0.03515
2015-08-24,5.2115,5.8956,0.0,-0.042107,-0.0,0.03515
2015-08-25,7.7294,6.0366,1.0,-0.011768,-0.011768,0.022969
2015-08-26,7.2332,6.0898,1.0,0.038394,0.038394,0.062244
2015-08-27,8.1537,6.1831,1.0,0.024735,0.024735,0.088519
2015-08-28,6.0698,6.0938,0.0,5e-05,0.0,0.088519
2015-08-31,4.3555,6.0938,0.0,-0.008079,-0.0,0.088519
2015-09-01,4.088,6.0938,0.0,-0.029848,-0.0,0.088519
2015-09-02,3.9439,6.0938,0.0,0.018981,0.0,0.088519
2015-09-03,2.4981,6.0938,0.0,0.000716,0.0,0.088519
2015-09-04,0.9161,6.0938,0.0,-0.015137,-0.0,0.088519
2015-09-08,-0.0131,6.0938,0.0,0.025131,0.0,0.088519
2015-09-09,0.8819,6.0938,0.0,-0.013372,-0.0,0.088519
2015-09-10,0.4556,6.0938,0.0,0.005442,0.0,0.088519
2015-09-11,0.5915,6.0938,0.0,0.004545,0.0,0.088519
2015-09-14,0.8516,6.0659,0.0,-0.003711,-0.0,0.088519
2015-09-15,0.7651,6.0366,0.0,0.012499,0.0,0.088519
2015-09-16,0.7717,6.0366,0.0,0.008667,0.0,0.088519
2015-09-17,1.0441,6.0366,0.0,-0.002248,-0.0,0.088519
2015-09-18,0.9857,6.0366,0.0,-0.016341,-0.0,0.088519
2015-09-21,1.757,6.0366,0.0,0.005168,0.0,0.088519
2015-09-22,1.8095,6.0366,0.0,-0.01298,-0.0,0.088519
2015-09-23,0.4242,6.0366,0.0,-0.001599,-0.0,0.088519
2015-09-24,0.9706,6.0366,0.0,-0.003616,-0.0,0.088519
2015-09-25,-1.6111,6.0366,0.0,-0.000259,-0.0,0.088519
2015-09-28,-2.2001,6.0366,0.0,-0.025097,-0.0,0.088519
2015-09-29,-1.6464,6.0366,0.0,0.000585,0.0,0.088519
2015-09-30,-2.1495,6.0366,0.0,0.018658,0.0,0.088519
2015-10-01,-1.9667,6.0366,0.0,0.002609,0.0,0.088519
2015-10-02,-3.2105,6.0366,0.0,0.014938,0.0,0.088519
2015-10-05,-4.0238,6.0366,0.0,0.017795,0.0,0.088519
2015-10-06,-3.7338,6.0366,0.0,-0.003426,-0.0,0.088519
2015-10-07,-4.918,5.8514,0.0,0.00819,0.0,0.088519
2015-10-08,-5.3815,5.6813,0.0,0.009027,0.0,0.088519
2015-10-09,-6.5659,5.5465,0.0,0.000596,0.0,0.088519
2015-10-12,-4.7961,5.3916,0.0,0.000944,0.0,0.088519
2015-10-13,-4.7332,5.3039,0.0,-0.006302,-0.0,0.088519
2015-10-14,-5.279,5.2291,0.0,-0.004794,-0.0,0.088519
2015-10-15,-5.7125,5.2107,0.0,0.015354,0.0,0.088519
2015-10-16,-6.2265,5.0538,0.0,0.004546,0.0,0.088519
2015-10-19,-6.5471,4.8628,0.0,0.000492,0.0,0.088519
2015-10-20,-9.3078,4.7925,0.0,-0.001278,-0.0,0.088519
2015-10-21,-6.6887,4.732,0.0,-0.006203,-0.0,0.088519
2015-10-22,-7.8297,4.6699,0.0,0.016894,0.0,0.088519
2015-10-23,-7.9887,4.6122,0.0,0.010961,0.0,0.088519
2015-10-26,-6.7515,4.4735,0.0,-0.002458,-0.0,0.088519
2015-10-27,-7.9456,4.4735,0.0,-0.001932,-0.0,0.088519
2015-10-28,-6.853,4.4735,0.0,0.011374,0.0,0.088519
2015-10-29,-7.1116,4.309,0.0,-0.000574,-0.0,0.088519
2015-10-30,-5.9263,4.1753,0.0,-0.00431,-0.0,0.088519
2015-11-02,-7.3981,4.1753,0.0,0.011831,0.0,0.088519
2015-11-03,-7.2888,4.1753,0.0,0.002899,0.0,0.088519
2015-11-04,-8.1603,4.1753,0.0,-0.003033,-0.0,0.088519
2015-11-05,-7.1744,4.1753,0.0,-0.000998,-0.0,0.088519
2015-11-06,-5.4437,4.016,0.0,-0.000523,-0.0,0.088519
2015-11-09,-8.8383,3.221,0.0,-0.009331,-0.0,0.088519
2015-11-10,-8.6654,2.1538,0.0,0.002307,0.0,0.088519
2015-11-11,-10.0569,1.7833,0.0,-0.003932,-0.0,0.088519
2015-11-12,-11.1776,1.4006,0.0,-0.01396,-0.0,0.088519
2015-11-13,-10.9218,1.0149,0.0,-0.011228,-0.0,0.088519
2015-11-16,-12.2651,0.9782,0.0,0.015206,0.0,0.088519
2015-11-17,-12.6579,0.9433,0.0,-0.000729,-0.0,0.088519
2015-11-18,-14.197,0.899,0.0,0.015866,0.0,0.088519
2015-11-19,-13.4003,0.8668,0.0,-0.000863,-0.0,0.088519
2015-11-20,-12.3865,0.8117,0.0,0.003644,0.0,0.088519
2015-11-23,-12.0039,0.7684,0.0,-0.001147,-0.0,0.088519
2015-11-24,-11.6682,0.6783,0.0,0.001339,0.0,0.088519
2015-11-25,-10.6357,0.5235,0.0,-0.000143,-0.0,0.088519
2015-11-27,-11.912,0.4399,0.0,0.001147,0.0,0.088519
2015-11-30,-10.2308,0.2055,0.0,-0.004152,-0.0,0.088519
2015-12-01,-10.9246,-0.8121,0.0,0.009536,0.0,0.088519
2015-12-02,-10.5507,-1.6288,0.0,-0.010205,-0.0,0.088519
2015-12-03,-10.1951,-1.8065,0.0,-0.014003,-0.0,0.088519
2015-12-04,-10.4141,-2.0581,0.0,0.019503,0.0,0.088519
2015-12-07,-8.4666,-2.1748,0.0,-0.006058,-0.0,0.088519
2015-12-08,-9.3493,-2.7053,0.0,-0.006719,-0.0,0.088519
2015-12-09,-8.2688,-3.4721,0.0,-0.00778,-0.0,0.088519
2015-12-10,-9.8187,-3.8788,0.0,0.002581,0.0,0.088519
2015-12-11,-9.3716,-4.3785,0.0,-0.019381,-0.0,0.088519
2015-12-14,-9.0009,-4.7647,0.0,0.005052,0.0,0.088519
2015-12-15,-9.1631,-4.857,0.0,0.010498,0.0,0.088519
2015-12-16,-10.3867,-5.0985,0.0,0.014632,0.0,0.088519
2015-12-17,-10.9424,-5.3302,0.0,-0.015238,-0.0,0.088519
2015-12-18,-11.0193,-5.4126,0.0,-0.017815,-0.0,0.088519
2015-12-21,-11.6143,-5.5781,0.0,0.008249,0.0,0.088519
2015-12-22,-9.2236,-5.8194,0.0,0.009074,0.0,0.088519
2015-12-23,-7.9944,-6.0764,0.0,0.012383,0.0,0.088519
2015-12-24,-9.8124,-6.3868,0.0,-0.00165,-0.0,0.088519
2015-12-28,-10.1804,-6.5565,0.0,-0.002285,-0.0,0.088519
2015-12-29,-9.3264,-6.6273,0.0,0.010672,0.0,0.088519
2015-12-30,-7.3305,-6.7201,0.0,-0.007088,-0.0,0.088519
2015-12-31,-8.0647,-6.8022,0.0,-0.010003,-0.0,0.088519
2016-01-04,-7.3141,-6.9823,0.0,-0.01398,-0.0,0.088519
2016-01-05,-7.5101,-7.143,0.0,0.001692,0.0,0.088519
2016-01-06,-7.1675,-7.1709,1.0,-0.012614,-0.012614,0.074789
2016-01-07,-7.2815,-7.228,0.0,-0.023991,-0.0,0.074789
2016-01-08,-7.4749,-7.2852,0.0,-0.010977,-0.0,0.074789
2016-01-11,-8.1298,-7.3014,0.0,0.000989,0.0,0.074789
2016-01-12,-7.01,-7.3014,1.0,0.008068,0.008068,0.08346
2016-01-13,-8.7318,-7.3223,0.0,-0.024941,-0.0,0.08346
2016-01-14,-4.4313,-7.3223,1.0,0.016417,0.016417,0.101247
2016-01-15,-4.7192,-7.3223,1.0,-0.021466,-0.021466,0.077608
2016-01-19,-5.0211,-7.3223,1.0,0.001331,0.001331,0.079042
2016-01-20,-5.7925,-7.3223,1.0,-0.012815,-0.012815,0.065214
2016-01-21,-6.6358,-7.3014,1.0,0.005602,0.005602,0.071181
2016-01-22,-4.0988,-7.3014,1.0,0.020515,0.020515,0.093157
2016-01-25,-0.5331,-7.2852,1.0,-0.015116,-0.015116,0.076633
2016-01-26,-1.2346,-7.228,1.0,0.013643,0.013643,0.091321
2016-01-27,-2.6588,-7.228,1.0,-0.010883,-0.010883,0.079444
2016-01-28,-2.9565,-7.1709,1.0,0.005209,0.005209,0.085067
2016-01-29,-2.5377,-7.1709,1.0,0.024378,0.024378,0.111519
2016-02-01,-6.9788,-7.1709,1.0,-0.000361,-0.000361,0.111118
2016-02-02,-5.317,-7.1709,1.0,-0.018022,-0.018022,0.091093
2016-02-03,-4.5372,-7.0887,1.0,0.005995,0.005995,0.097634
2016-02-04,-4.6254,-6.9944,1.0,0.001568,0.001568,0.099355
2016-02-05,-4.7712,-6.8073,1.0,-0.01905,-0.01905,0.078412
2016-02-08,-6.3791,-6.5074,1.0,-0.013461,-0.013461,0.063896
2016-02-09,-4.3825,-6.5074,1.0,5.4e-05,5.4e-05,0.063953
2016-02-10,-3.8604,-6.0858,1.0,-0.000863,-0.000863,0.063035
2016-02-11,-6.3105,-6.0515,0.0,-0.013008,-0.0,0.063035
2016-02-12,-6.0131,-5.9028,0.0,0.020617,0.0,0.063035
2016-02-16,-5.972,-5.8823,0.0,0.016878,0.0,0.063035
2016-02-17,-6.4243,-5.8823,0.0,0.016334,0.0,0.063035
2016-02-18,-6.2531,-5.8823,0.0,-0.004096,-0.0,0.063035
2016-02-19,-5.8497,-5.8211,0.0,-0.000469,-0.0,0.063035
2016-02-22,-6.6718,-5.8211,0.0,0.01448,0.0,0.063035
2016-02-23,-6.8329,-5.8211,0.0,-0.01263,-0.0,0.063035
2016-02-24,-7.172,-5.8211,0.0,0.004576,0.0,0.063035
2016-02-25,-10.8355,-5.8211,0.0,0.012112,0.0,0.063035
2016-02-26,-10.0258,-5.8211,0.0,-0.002301,-0.0,0.063035
2016-02-29,-10.7644,-5.8211,0.0,-0.007842,-0.0,0.063035
2016-03-01,-10.1731,-5.8211,0.0,0.023507,0.0,0.063035
2016-03-02,-7.911,-5.8211,0.0,0.004492,0.0,0.063035
2016-03-03,-6.6926,-5.8211,0.0,0.00392,0.0,0.063035
2016-03-04,-6.1659,-5.8211,0.0,0.003254,0.0,0.063035
2016-03-07,-5.6112,-5.7019,1.0,0.000798,0.000798,0.063883
2016-03-08,-4.4232,-5.4641,1.0,-0.010918,-0.010918,0.052268
2016-03-09,-4.6732,-5.1691,1.0,0.004939,0.004939,0.057465
2016-03-10,-4.9517,-4.9864,1.0,0.000802,0.000802,0.058313
2016-03-11,-5.0806,-4.9864,0.0,0.016137,0.0,0.058313
2016-03-14,-4.6505,-4.8614,1.0,-0.001282,-0.001282,0.056956
2016-03-15,-4.9144,-4.8428,0.0,-0.00163,-0.0,0.056956
2016-03-16,-5.8166,-4.8428,0.0,0.005787,0.0,0.056956
2016-03-17,-5.2411,-4.8428,0.0,0.006344,0.0,0.056956
2016-03-18,-6.2603,-4.8428,0.0,0.003929,0.0,0.056956
2016-03-21,-6.354,-4.8428,0.0,0.001419,0.0,0.056956
2016-03-22,-5.9547,-4.8428,0.0,-0.000538,-0.0,0.056956
2016-03-23,-4.3159,-4.7452,1.0,-0.0066,-0.0066,0.049981
2016-03-24,-4.7542,-4.7367,0.0,-0.000443,-0.0,0.049981
2016-03-28,-5.4615,-4.7367,0.0,0.000591,0.0,0.049981
2016-03-29,-2.5779,-4.6962,1.0,0.00925,0.00925,0.059693
2016-03-30,-1.9273,-4.6619,1.0,0.004388,0.004388,0.064343
2016-03-31,-1.9544,-4.638,1.0,-0.002427,-0.002427,0.06176
2016-04-01,-1.6738,-4.5813,1.0,0.006812,0.006812,0.068992
2016-04-04,-2.6688,-4.4843,1.0,-0.003238,-0.003238,0.065531
2016-04-05,-1.1381,-4.4272,1.0,-0.009988,-0.009988,0.054888
2016-04-06,-1.3936,-4.4028,1.0,0.010921,0.010921,0.066409
2016-04-07,-1.9996,-4.3492,1.0,-0.011966,-0.011966,0.053648
2016-04-08,-1.4528,-4.2074,1.0,0.002697,0.002697,0.05649
2016-04-11,-2.5641,-3.9796,1.0,-0.002347,-0.002347,0.05401
2016-04-12,-1.8412,-3.4084,1.0,0.009313,0.009313,0.063826
2016-04-13,-2.449,-2.8126,1.0,0.010101,0.010101,0.074572
2016-04-14,-2.5214,-2.6638,1.0,4.8e-05,4.8e-05,0.074624
2016-04-15,-1.5781,-2.6184,1.0,-0.001106,-0.001106,0.073435
2016-04-18,-3.6741,-2.6184,0.0,0.007027,0.0,0.073435
2016-04-19,-2.9411,-2.6184,0.0,0.003154,0.0,0.073435
2016-04-20,-1.483,-2.571,1.0,0.000953,0.000953,0.074458
2016-04-21,1.8182,-2.5509,1.0,-0.005378,-0.005378,0.06868
2016-04-22,-0.4024,-2.5295,1.0,0.0,0.0,0.06868
2016-04-25,0.6379,-2.5295,1.0,-0.001723,-0.001723,0.066838
2016-04-26,0.4374,-2.5295,1.0,0.001486,0.001486,0.068424
2016-04-27,-0.4802,-2.4852,1.0,0.002058,0.002058,0.070622
2016-04-28,-0.7543,-2.2243,1.0,-0.009076,-0.009076,0.060905
2016-04-29,0.9655,-1.977,1.0,-0.005399,-0.005399,0.055178
2016-05-02,2.5608,-1.9408,1.0,0.007949,0.007949,0.063565
2016-05-03,0.8654,-1.8842,1.0,-0.008703,-0.008703,0.054309
2016-05-04,1.434,-1.7575,1.0,-0.005578,-0.005578,0.048428
2016-05-05,2.2208,-1.626,1.0,-0.000195,-0.000195,0.048224
2016-05-06,1.5108,-1.5306,1.0,0.003659,0.003659,0.052059
2016-05-09,-0.4744,-1.4679,1.0,0.000826,0.000826,0.052928
2016-05-10,-2.2655,-1.4679,0.0,0.012434,0.0,0.052928
2016-05-11,-1.5724,-1.4679,0.0,-0.009355,-0.0,0.052928
2016-05-12,-1.5142,-1.4679,0.0,0.00029,0.0,0.052928
2016-05-13,-0.3989,-1.4232,1.0,-0.008714,-0.008714,0.043753
2016-05-16,2.3651,-1.2659,1.0,0.009866,0.009866,0.054051
2016-05-17,2.6882,-0.9462,1.0,-0.009334,-0.009334,0.044212
2016-05-18,4.3817,-0.6173,1.0,0.000293,0.000293,0.044518
2016-05-19,5.0686,-0.4773,1.0,-0.003465,-0.003465,0.040899
2016-05-20,7.0808,-0.4384,1.0,0.006317,0.006317,0.047474
2016-05-23,6.3481,-0.4007,1.0,-0.001363,-0.001363,0.046046
2016-05-24,5.0058,0.0192,1.0,0.012962,0.012962,0.059605
2016-05-25,5.1173,0.5376,1.0,0.006783,0.006783,0.066793
2016-05-26,4.7511,0.7517,1.0,0.000287,0.000287,0.067099
2016-05-27,3.8737,0.9154,1.0,0.004299,0.004299,0.071686
2016-05-31,3.6897,1.1997,1.0,-0.001903,-0.001903,0.069647
2016-06-01,3.4212,1.4724,1.0,0.002049,0.002049,0.071838
2016-06-02,3.5788,1.6645,1.0,0.003044,0.003044,0.075101
2016-06-03,3.8971,2.0195,1.0,-0.002987,-0.002987,0.07189
2016-06-06,3.3956,2.293,1.0,0.005088,0.005088,0.077344
2016-06-07,2.4862,2.4257,1.0,0.001561,0.001561,0.079025
2016-06-08,0.9414,2.4257,0.0,0.00326,0.0,0.079025
2016-06-09,1.8568,2.4257,0.0,-0.001366,-0.0,0.079025
2016-06-10,2.3234,2.4257,0.0,-0.009478,-0.0,0.079025
2016-06-13,2.4065,2.4463,0.0,-0.007712,-0.0,0.079025
2016-06-14,1.7393,2.4463,0.0,-0.001967,-0.0,0.079025
2016-06-15,2.0869,2.4463,0.0,-0.001394,-0.0,0.079025
2016-06-16,2.824,2.5235,1.0,0.002984,0.002984,0.082245
2016-06-17,4.5053,2.6245,1.0,-0.003724,-0.003724,0.078215
2016-06-20,4.5269,2.7561,1.0,0.00644,0.00644,0.085159
2016-06-21,5.3694,3.1098,1.0,0.002839,0.002839,0.088239
2016-06-22,5.6957,3.4084,1.0,-0.001631,-0.001631,0.086464
2016-06-23,6.2944,3.5,1.0,0.013023,0.013023,0.100613
2016-06-24,5.8844,3.6343,1.0,-0.035909,-0.035909,0.061092
2016-06-27,5.7265,3.7817,1.0,-0.01791,-0.01791,0.042087
2016-06-28,6.5945,3.8854,1.0,0.018036,0.018036,0.060882
2016-06-29,5.5602,4.1394,1.0,0.017028,0.017028,0.078947
2016-06-30,3.5738,4.1394,0.0,0.013646,0.0,0.078947
2016-07-01,4.4661,4.4239,1.0,0.0021,0.0021,0.081213
2016-07-05,4.2061,4.4239,0.0,-0.007193,-0.0,0.081213
2016-07-06,4.0422,4.4239,0.0,0.005998,0.0,0.081213
2016-07-07,2.9294,4.4239,0.0,-0.00062,-0.0,0.081213
2016-07-08,2.5454,4.4239,0.0,0.014891,0.0,0.081213
2016-07-11,3.0351,4.4239,0.0,0.003527,0.0,0.081213
2016-07-12,2.8732,4.4239,0.0,0.007263,0.0,0.081213
2016-07-13,4.1158,4.4239,0.0,-0.000139,-0.0,0.081213
2016-07-14,3.9298,4.4239,0.0,0.005583,0.0,0.081213
2016-07-15,-1.0602,4.4239,0.0,-0.001342,-0.0,0.081213
2016-07-18,-1.1203,4.4239,0.0,0.002687,0.0,0.081213
2016-07-19,-2.3207,4.4239,0.0,-0.001017,-0.0,0.081213
2016-07-20,-1.4442,4.4239,0.0,0.004163,0.0,0.081213
2016-07-21,-1.5437,4.4239,0.0,-0.003777,-0.0,0.081213
2016-07-22,-2.1623,4.4239,0.0,0.004485,0.0,0.081213
2016-07-25,-4.2202,4.4239,0.0,-0.002716,-0.0,0.081213
2016-07-26,-3.1039,4.4239,0.0,0.000462,0.0,0.081213
2016-07-27,-0.5966,4.4239,0.0,-0.001061,-0.0,0.081213
2016-07-28,-1.9537,4.4239,0.0,0.001155,0.0,0.081213
2016-07-29,-4.5592,4.4239,0.0,0.001614,0.0,0.081213
2016-08-01,-1.701,4.4239,0.0,-0.000829,-0.0,0.081213
2016-08-02,-3.2487,4.4239,0.0,-0.006407,-0.0,0.081213
2016-08-03,-3.6119,4.4239,0.0,0.002923,0.0,0.081213
2016-08-04,-3.479,4.4239,0.0,0.001064,0.0,0.081213
2016-08-05,-4.2738,4.4239,0.0,0.008179,0.0,0.081213
2016-08-08,-2.5491,4.4239,0.0,-0.000596,-0.0,0.081213
2016-08-09,-5.0864,4.4239,0.0,0.000596,0.0,0.081213
2016-08-10,-4.458,4.4239,0.0,-0.002475,-0.0,0.081213
2016-08-11,-4.2706,4.4239,0.0,0.004641,0.0,0.081213
2016-08-12,-3.476,4.4239,0.0,-0.000869,-0.0,0.081213
2016-08-15,-3.0006,4.4239,0.0,0.002884,0.0,0.081213
2016-08-16,-2.9491,4.4239,0.0,-0.005158,-0.0,0.081213
2016-08-17,-1.167,4.3361,0.0,0.001881,0.0,0.081213
2016-08-18,-2.1679,4.1609,0.0,0.002244,0.0,0.081213
2016-08-19,0.9037,4.079,0.0,-0.001462,-0.0,0.081213
2016-08-22,1.3909,3.986,0.0,-4.6e-05,-0.0,0.081213
2016-08-23,2.557,3.9135,0.0,0.002013,0.0,0.081213
2016-08-24,3.6535,3.8854,0.0,-0.005115,-0.0,0.081213
2016-08-25,2.7619,3.7817,0.0,-0.000688,-0.0,0.081213
2016-08-26,2.8441,3.6716,0.0,-0.001883,-0.0,0.081213
2016-08-29,3.0159,3.6161,0.0,0.004924,0.0,0.081213
2016-08-30,1.9457,3.6161,0.0,-0.001649,-0.0,0.081213
2016-08-31,1.2238,3.6136,0.0,-0.002844,-0.0,0.081213
2016-09-01,1.3665,3.4847,0.0,4.6e-05,0.0,0.081213
2016-09-02,-0.2466,3.3045,0.0,0.004508,0.0,0.081213
2016-09-06,0.6353,3.3045,0.0,0.003022,0.0,0.081213
2016-09-07,0.6148,3.3045,0.0,-9.2e-05,-0.0,0.081213
2016-09-08,1.0384,3.3045,0.0,-0.002283,-0.0,0.081213
2016-09-09,0.8179,3.3045,0.0,-0.023935,-0.0,0.081213
2016-09-12,0.744,3.3045,0.0,0.014347,0.0,0.081213
2016-09-13,1.0082,3.3045,0.0,-0.014376,-0.0,0.081213
2016-09-14,2.2348,3.3045,0.0,-0.000375,-0.0,0.081213
2016-09-15,1.4467,3.3045,0.0,0.009993,0.0,0.081213
2016-09-16,1.6718,3.0255,0.0,-0.003866,-0.0,0.081213
2016-09-19,2.1547,2.9727,0.0,0.000187,0.0,0.081213
2016-09-20,1.6107,2.9013,0.0,4.7e-05,0.0,0.081213
2016-09-21,0.5389,2.8587,0.0,0.011245,0.0,0.081213
2016-09-22,2.638,2.803,0.0,0.006302,0.0,0.081213
2016-09-23,0.8666,2.6999,0.0,-0.005479,-0.0,0.081213
2016-09-26,-1.9556,2.5975,0.0,-0.008102,-0.0,0.081213
2016-09-27,-0.9416,2.5512,0.0,0.006208,0.0,0.081213
2016-09-28,-0.7333,2.3901,0.0,0.004963,0.0,0.081213
2016-09-29,-0.0179,2.1947,0.0,-0.009047,-0.0,0.081213
2016-09-30,-0.7612,2.0502,0.0,0.007546,0.0,0.081213
2016-10-03,-2.1765,1.8088,0.0,-0.002404,-0.0,0.081213
2016-10-04,-1.4217,1.6413,0.0,-0.005098,-0.0,0.081213
2016-10-05,1.4448,1.5287,0.0,0.004425,0.0,0.081213
2016-10-06,3.7564,1.5287,1.0,0.000695,0.000695,0.081964
2016-10-07,5.0813,1.5287,1.0,-0.003429,-0.003429,0.078254
2016-10-10,5.2821,1.5287,1.0,0.005208,0.005208,0.08387
2016-10-11,5.3516,1.5287,1.0,-0.01263,-0.01263,0.070181
2016-10-12,6.2421,1.5287,1.0,0.001312,0.001312,0.071585
2016-10-13,5.8719,1.6413,1.0,-0.003276,-0.003276,0.068074
2016-10-14,9.8598,1.8088,1.0,0.000516,0.000516,0.068625
2016-10-17,9.5344,2.0502,1.0,-0.003472,-0.003472,0.064915
2016-10-18,8.7316,2.1947,1.0,0.006262,0.006262,0.071584
2016-10-19,7.3541,2.3959,1.0,0.002667,0.002667,0.074441
2016-10-20,7.6783,2.5975,1.0,-0.001867,-0.001867,0.072435
2016-10-21,8.4833,2.6999,1.0,0.000468,0.000468,0.072937
2016-10-24,12.9477,2.803,1.0,0.004253,0.004253,0.077501
2016-10-25,13.2026,2.93,1.0,-0.003351,-0.003351,0.07389
2016-10-26,13.3666,3.3347,1.0,-0.002008,-0.002008,0.071734
2016-10-27,10.3359,3.705,1.0,-0.002667,-0.002667,0.068875
2016-10-28,10.0425,4.4189,1.0,-0.002955,-0.002955,0.065717
2016-10-31,10.7703,5.1817,1.0,4.7e-05,4.7e-05,0.065767
2016-11-01,10.9646,5.3169,1.0,-0.007245,-0.007245,0.058045
2016-11-02,10.0973,5.6117,1.0,-0.006019,-0.006019,0.051677
2016-11-03,12.5318,6.057,1.0,-0.004577,-0.004577,0.046863
2016-11-04,13.7628,6.7981,1.0,-0.001102,-0.001102,0.04571
2016-11-07,15.3327,7.5162,1.0,0.022057,0.022057,0.068775
2016-11-08,15.5176,8.0808,1.0,0.004504,0.004504,0.073589
2016-11-09,14.9047,8.6075,1.0,0.010602,0.010602,0.084971
2016-11-10,15.2944,9.133,1.0,0.002496,0.002496,0.087679
2016-11-11,14.4827,9.6971,1.0,-0.002305,-0.002305,0.085172
2016-11-14,13.3884,9.9511,1.0,0.000785,0.000785,0.086024
2016-11-15,13.3724,10.0699,1.0,0.007803,0.007803,0.094498
2016-11-16,13.3124,10.2166,1.0,-0.001878,-0.001878,0.092443
2016-11-17,14.3253,10.5531,1.0,0.005141,0.005141,0.098059
2016-11-18,14.8103,10.8675,1.0,-0.002238,-0.002238,0.095601
2016-11-21,14.0867,11.7482,1.0,0.007552,0.007552,0.103875
2016-11-22,13.6206,12.7397,1.0,0.001953,0.001953,0.106031
2016-11-23,13.2315,13.0751,1.0,0.000544,0.000544,0.106633
2016-11-25,13.572,13.2171,1.0,0.003715,0.003715,0.110744
2016-11-28,12.7678,13.2171,0.0,-0.004695,-0.0,0.110744
2016-11-29,12.6424,13.2171,0.0,0.00195,0.0,0.110744
2016-11-30,13.2209,13.2262,0.0,-0.002399,-0.0,0.110744
2016-12-01,13.3741,13.2719,1.0,-0.003675,-0.003675,0.106662
2016-12-02,12.4024,13.2719,0.0,0.000501,0.0,0.106662
2016-12-05,13.1289,13.2719,0.0,0.006009,0.0,0.106662
2016-12-06,11.942,13.2719,0.0,0.003167,0.0,0.106662
2016-12-07,11.4855,13.2719,0.0,0.013081,0.0,0.106662
2016-12-08,9.6827,13.2719,0.0,0.002449,0.0,0.106662
2016-12-09,10.6507,13.2719,0.0,0.006041,0.0,0.106662
2016-12-12,11.2087,13.2719,0.0,-0.001148,-0.0,0.106662
2016-12-13,11.9142,13.2719,0.0,0.006674,0.0,0.106662
2016-12-14,13.2627,13.2876,0.0,-0.008254,-0.0,0.106662
2016-12-15,12.5827,13.2876,0.0,0.004117,0.0,0.106662
2016-12-16,12.7783,13.2876,0.0,-0.001956,-0.0,0.106662
2016-12-19,12.2676,13.2876,0.0,0.002177,0.0,0.106662
2016-12-20,13.3631,13.3378,1.0,0.003858,0.003858,0.110932
2016-12-21,13.0549,13.3378,0.0,-0.002783,-0.0,0.110932
2016-12-22,12.655,13.3378,0.0,-0.001727,-0.0,0.110932
2016-12-23,11.9898,13.3378,0.0,0.001464,0.0,0.110932
2016-12-27,12.6684,13.3378,0.0,0.002481,0.0,0.110932
2016-12-28,12.7104,13.3378,0.0,-0.008264,-0.0,0.110932
2016-12-29,15.148,13.3649,1.0,-0.000223,-0.000223,0.110684
2016-12-30,16.7724,13.3695,1.0,-0.003655,-0.003655,0.106624
2017-01-03,15.7331,13.3732,1.0,0.00765,0.00765,0.11509
2017-01-04,16.1018,13.3813,1.0,0.005949,0.005949,0.121724
2017-01-05,16.9401,13.4802,1.0,-0.000794,-0.000794,0.120833
2017-01-06,17.1853,13.5963,1.0,0.003578,0.003578,0.124843
2017-01-09,17.2155,13.6917,1.0,-0.003301,-0.003301,0.12113
2017-01-10,17.2665,13.9247,1.0,0.0,0.0,0.12113
2017-01-11,14.79,14.206,1.0,0.002826,0.002826,0.124298
2017-01-12,15.2543,14.404,1.0,-0.00251,-0.00251,0.121476
2017-01-13,15.1262,14.6363,1.0,0.002295,0.002295,0.12405
2017-01-17,16.7087,14.8001,1.0,-0.003523,-0.003523,0.12009
2017-01-18,18.3134,14.8575,1.0,0.00221,0.00221,0.122566
2017-01-19,17.9541,15.0155,1.0,-0.003704,-0.003704,0.118408
2017-01-20,17.2402,15.1371,1.0,0.003674,0.003674,0.122517
2017-01-23,18.0594,15.2012,1.0,-0.002602,-0.002602,0.119596
2017-01-24,18.1401,15.2743,1.0,0.006412,0.006412,0.126775
2017-01-25,18.4024,15.3135,1.0,0.008656,0.008656,0.136528
2017-01-26,17.6907,15.4252,1.0,-0.001046,-0.001046,0.135339
2017-01-27,19.9215,15.6254,1.0,-0.00157,-0.00157,0.133557
2017-01-30,22.2917,15.9175,1.0,-0.006201,-0.006201,0.126528
2017-01-31,21.9679,16.4053,1.0,-8.8e-05,-8.8e-05,0.126428
2017-02-01,23.0332,16.7406,1.0,0.000396,0.000396,0.126875
2017-02-02,23.6114,16.8563,1.0,0.000659,0.000659,0.127617
2017-02-03,23.1257,17.0627,1.0,0.006893,0.006893,0.13539
2017-02-06,23.6169,17.2004,1.0,-0.001788,-0.001788,0.13336
2017-02-07,23.2563,17.2278,1.0,4.4e-05,4.4e-05,0.13341
2017-02-08,24.0793,17.2533,1.0,0.00131,0.00131,0.134894
2017-02-09,23.0194,17.4786,1.0,0.005933,0.005933,0.141628
2017-02-10,23.3753,17.8224,1.0,0.003946,0.003946,0.146133
2017-02-13,18.934,18.0067,1.0,0.005442,0.005442,0.15237
2017-02-14,23.0797,18.0998,1.0,0.003995,0.003995,0.156974
2017-02-15,21.9258,18.2268,1.0,0.00522,0.00522,0.163013
2017-02-16,21.3317,18.3579,1.0,-0.000851,-0.000851,0.162023
2017-02-17,23.3935,18.6682,1.0,0.001576,0.001576,0.163855
2017-02-21,21.0571,19.4277,1.0,0.005955,0.005955,0.170785
2017-02-22,21.1746,20.4893,1.0,-0.000888,-0.000888,0.169746
2017-02-23,19.8201,20.4893,0.0,0.000677,0.0,0.169746
2017-02-24,20.9902,21.0237,0.0,0.001269,0.0,0.169746
2017-02-27,20.7312,21.0237,0.0,0.001563,0.0,0.169746
2017-02-28,20.3085,21.0237,0.0,-0.002699,-0.0,0.169746
2017-03-01,19.5153,21.0237,0.0,0.013998,0.0,0.169746
2017-03-02,18.5912,21.0237,0.0,-0.006297,-0.0,0.169746
2017-03-03,18.4361,21.0237,0.0,0.000629,0.0,0.169746
2017-03-06,12.4196,21.0237,0.0,-0.002978,-0.0,0.169746
2017-03-07,14.7164,21.0237,0.0,-0.002987,-0.0,0.169746
2017-03-08,14.4999,21.0237,0.0,-0.001857,-0.0,0.169746
2017-03-09,16.1532,21.0237,0.0,0.001268,0.0,0.169746
2017-03-10,16.805,21.0237,0.0,0.003504,0.0,0.169746
2017-03-13,18.3346,21.0237,0.0,0.000505,0.0,0.169746
2017-03-14,16.9067,21.0237,0.0,-0.003827,-0.0,0.169746
2017-03-15,15.8798,21.0237,0.0,0.008654,0.0,0.169746
2017-03-16,16.3631,21.0237,0.0,-0.001967,-0.0,0.169746
2017-03-17,17.5283,21.0237,0.0,-0.001756,-0.0,0.169746
2017-03-20,19.6362,21.0237,0.0,-0.001097,-0.0,0.169746
2017-03-21,18.0646,21.0237,0.0,-0.01284,-0.0,0.169746
2017-03-22,18.9048,21.0237,0.0,0.002353,0.0,0.169746
2017-03-23,19.5314,21.0237,0.0,-0.001067,-0.0,0.169746
2017-03-24,18.3489,21.0237,0.0,-0.000726,-0.0,0.169746
2017-03-27,21.9052,21.1159,1.0,-0.001026,-0.001026,0.168546
2017-03-28,25.196,21.2531,1.0,0.007277,0.007277,0.177049
2017-03-29,25.3163,21.6184,1.0,0.000935,0.000935,0.17815
2017-03-30,23.5062,21.9155,1.0,0.003184,0.003184,0.181901
2017-03-31,23.0073,21.9469,1.0,-0.002328,-0.002328,0.179149
2017-04-03,22.9232,22.1298,1.0,-0.00174,-0.00174,0.177098
2017-04-04,23.4821,22.6075,1.0,0.000638,0.000638,0.177849
2017-04-05,23.6276,22.9653,1.0,-0.002973,-0.002973,0.174347
2017-04-06,21.0645,22.9653,0.0,0.002811,0.0,0.174347
2017-04-07,19.9866,22.9653,0.0,-0.001019,-0.0,0.174347
2017-04-10,20.7798,22.9653,0.0,0.000595,0.0,0.174347
2017-04-11,20.6405,22.9653,0.0,-0.00119,-0.0,0.174347
2017-04-12,20.6466,22.9653,0.0,-0.004382,-0.0,0.174347
2017-04-13,19.6384,22.9653,0.0,-0.006495,-0.0,0.174347
2017-04-17,20.1473,22.9653,0.0,0.00886,0.0,0.174347
2017-04-18,17.1456,22.9653,0.0,-0.002984,-0.0,0.174347
2017-04-19,18.8688,22.9653,0.0,-0.001839,-0.0,0.174347
2017-04-20,17.3274,22.9653,0.0,0.008139,0.0,0.174347
2017-04-21,18.8454,22.9653,0.0,-0.003187,-0.0,0.174347
2017-04-24,18.235,22.9653,0.0,0.010998,0.0,0.174347
2017-04-25,18.8751,22.9653,0.0,0.005818,0.0,0.174347
2017-04-26,15.221,22.9653,0.0,-0.000629,-0.0,0.174347
2017-04-27,14.526,22.9653,0.0,0.000839,0.0,0.174347
2017-04-28,16.9469,22.9653,0.0,-0.00218,-0.0,0.174347
2017-05-01,17.7744,22.9653,0.0,0.00252,0.0,0.174347
2017-05-02,15.9548,22.9653,0.0,0.000377,0.0,0.174347
2017-05-03,19.0012,22.4245,0.0,-0.001214,-0.0,0.174347
2017-05-04,19.0165,21.9155,0.0,0.001174,0.0,0.174347
2017-05-05,17.8404,21.6184,0.0,0.003937,0.0,0.174347
2017-05-08,17.8571,21.2531,0.0,-0.000167,-0.0,0.174347
2017-05-09,18.3764,21.1196,0.0,-0.000918,-0.0,0.174347
2017-05-10,17.5163,21.0608,0.0,0.001796,0.0,0.174347
2017-05-11,16.4266,21.0237,0.0,-0.002043,-0.0,0.174347
2017-05-12,15.8993,20.885,0.0,-0.001671,-0.0,0.174347
2017-05-15,14.9585,20.885,0.0,0.005524,0.0,0.174347
2017-05-16,12.9312,20.7555,0.0,-0.000915,-0.0,0.174347
2017-05-17,13.5209,20.6889,0.0,-0.017744,-0.0,0.174347
2017-05-18,13.9135,20.6435,0.0,0.004029,0.0,0.174347
2017-05-19,13.8367,20.4745,0.0,0.006504,0.0,0.174347
2017-05-22,13.5834,20.2279,0.0,0.005077,0.0,0.174347
2017-05-23,13.6039,20.0669,0.0,0.002213,0.0,0.174347
2017-05-24,11.3329,20.0669,0.0,0.002333,0.0,0.174347
2017-05-25,11.5445,19.8125,0.0,0.00478,0.0,0.174347
2017-05-26,11.8774,19.6373,0.0,-0.000207,-0.0,0.174347
2017-05-30,9.9431,19.5838,0.0,-0.000869,-0.0,0.174347
2017-05-31,10.4383,19.5838,0.0,-0.000248,-0.0,0.174347
2017-06-01,9.9361,19.5838,0.0,0.007952,0.0,0.174347
2017-06-02,9.5946,19.5838,0.0,0.003329,0.0,0.174347
2017-06-05,9.0149,19.5838,0.0,-0.000738,-0.0,0.174347
2017-06-06,10.3279,19.5838,0.0,-0.003197,-0.0,0.174347
2017-06-07,11.3666,19.5838,0.0,0.00185,0.0,0.174347
2017-06-08,12.2057,19.5838,0.0,0.000492,0.0,0.174347
2017-06-09,13.0921,19.5838,0.0,-0.001518,-0.0,0.174347
2017-06-12,15.3836,19.5838,0.0,-0.000205,-0.0,0.174347
2017-06-13,14.8011,19.5838,0.0,0.00489,0.0,0.174347
2017-06-14,14.1683,19.5838,0.0,-0.001268,-0.0,0.174347
2017-06-15,13.1229,19.5838,0.0,-0.001924,-0.0,0.174347
2017-06-16,12.0773,19.5838,0.0,0.000218,0.0,0.174347
2017-06-19,12.6532,19.274,0.0,0.008325,0.0,0.174347
2017-06-20,11.2388,19.274,0.0,-0.006744,-0.0,0.174347
2017-06-21,12.7636,19.274,0.0,-0.000247,-0.0,0.174347
2017-06-22,12.2481,19.0088,0.0,-0.000453,-0.0,0.174347
2017-06-23,13.4876,19.0088,0.0,0.001194,0.0,0.174347
2017-06-26,14.4163,18.9381,0.0,0.000658,0.0,0.174347
2017-06-27,14.1354,18.8719,0.0,-0.008056,-0.0,0.174347
2017-06-28,12.4503,18.8571,0.0,0.008951,0.0,0.174347
2017-06-29,13.0179,18.6109,0.0,-0.008789,-0.0,0.174347
2017-06-30,10.824,18.3057,0.0,0.001864,0.0,0.174347
2017-07-03,9.5103,18.0461,0.0,0.001696,0.0,0.174347
2017-07-05,9.3999,17.8488,0.0,0.002312,0.0,0.174347
2017-07-06,8.6901,17.8074,0.0,-0.009145,-0.0,0.174347
2017-07-07,8.1594,17.6454,0.0,0.006485,0.0,0.174347
2017-07-10,8.2179,17.4218,0.0,0.001074,0.0,0.174347
2017-07-11,7.1508,17.2365,0.0,-0.000743,-0.0,0.174347
2017-07-12,7.4645,17.0462,0.0,0.007515,0.0,0.174347
2017-07-13,7.0158,16.6867,0.0,0.00168,0.0,0.174347
2017-07-14,7.4816,16.1907,0.0,0.004664,0.0,0.174347
2017-07-17,8.8589,15.9271,0.0,-0.000122,-0.0,0.174347
2017-07-18,8.8434,15.6415,0.0,0.000529,0.0,0.174347
2017-07-19,9.8597,15.3023,0.0,0.005414,0.0,0.174347
2017-07-20,10.0544,15.0897,0.0,0.000445,0.0,0.174347
2017-07-21,10.7068,14.8798,0.0,-0.00089,-0.0,0.174347
2017-07-24,10.1473,14.6636,0.0,-0.000243,-0.0,0.174347
2017-07-25,10.9471,14.4711,0.0,0.002431,0.0,0.174347
2017-07-26,8.5086,14.2923,0.0,4e-05,0.0,0.174347
2017-07-27,9.7154,14.1518,0.0,-0.00093,-0.0,0.174347
2017-07-28,8.0188,14.0244,0.0,-0.001173,-0.0,0.174347
2017-07-31,8.9764,13.8751,0.0,-0.000567,-0.0,0.174347
2017-08-01,8.0948,13.7203,0.0,0.002229,0.0,0.174347
2017-08-02,7.989,13.5936,0.0,0.000485,0.0,0.174347
2017-08-03,7.9263,13.5522,0.0,-0.00194,-0.0,0.174347
2017-08-04,8.0312,13.5043,0.0,0.001822,0.0,0.174347
2017-08-07,7.4838,13.3053,0.0,0.001859,0.0,0.174347
2017-08-08,9.2596,13.1075,0.0,-0.002461,-0.0,0.174347
2017-08-09,10.6477,13.055,0.0,-4e-05,-0.0,0.174347
2017-08-10,11.5054,12.9746,0.0,-0.014115,-0.0,0.174347
2017-08-11,13.7426,12.9746,1.0,0.001477,0.001477,0.176081
2017-08-14,17.6144,12.9746,1.0,0.009913,0.009913,0.18774
2017-08-15,14.7649,13.055,1.0,-0.000122,-0.000122,0.187595
2017-08-16,12.5177,12.8908,0.0,0.001744,0.0,0.187595
2017-08-17,12.9277,12.8457,1.0,-0.015591,-0.015591,0.169079
2017-08-18,11.9385,12.7084,0.0,-0.001563,-0.0,0.169079
2017-08-21,11.9496,12.5854,0.0,0.000783,0.0,0.169079
2017-08-22,10.2627,12.484,0.0,0.010457,0.0,0.169079
2017-08-23,10.7444,12.484,0.0,-0.003585,-0.0,0.169079
2017-08-24,9.8815,12.484,0.0,-0.002331,-0.0,0.169079
2017-08-25,10.2521,12.484,0.0,0.002336,0.0,0.169079
2017-08-28,11.2241,12.484,0.0,4.1e-05,0.0,0.169079
2017-08-29,11.1907,12.484,0.0,0.001145,0.0,0.169079
2017-08-30,10.893,12.484,0.0,0.004737,0.0,0.169079
2017-08-31,12.0867,12.484,0.0,0.006016,0.0,0.169079
2017-09-01,17.7575,12.5854,1.0,0.001414,0.001414,0.170732
2017-09-05,17.0802,12.7084,1.0,-0.007182,-0.007182,0.162324
2017-09-06,16.9973,12.8457,1.0,0.003414,0.003414,0.166292
2017-09-07,17.7738,12.9728,1.0,-0.000122,-0.000122,0.16615
2017-09-08,12.0591,12.8457,0.0,-0.001174,-0.0,0.16615
2017-09-11,10.8736,12.7084,0.0,0.010666,0.0,0.16615
2017-09-12,12.1071,12.5854,0.0,0.003371,0.0,0.16615
2017-09-13,11.8193,12.484,0.0,0.00048,0.0,0.16615
2017-09-14,10.5763,12.3492,0.0,-0.00032,-0.0,0.16615
2017-09-15,9.4333,12.3492,0.0,0.001346,0.0,0.16615
2017-09-18,9.1739,12.1776,0.0,0.002127,0.0,0.16615
2017-09-19,9.4826,12.1776,0.0,0.001001,0.0,0.16615
2017-09-20,9.9507,12.0969,0.0,0.00036,0.0,0.16615
2017-09-21,9.1777,12.0729,0.0,-0.002679,-0.0,0.16615
2017-09-22,9.0565,12.0044,0.0,0.000201,0.0,0.16615
2017-09-25,7.1889,11.9441,0.0,-0.002045,-0.0,0.16615
2017-09-26,4.7287,11.8789,0.0,0.000602,0.0,0.16615
2017-09-27,4.6219,11.6624,0.0,0.003895,0.0,0.16615
2017-09-28,4.0601,11.3648,0.0,0.0012,0.0,0.16615
2017-09-29,3.281,11.3648,0.0,0.003515,0.0,0.16615
2017-10-02,2.946,11.3648,0.0,0.004339,0.0,0.16615
2017-10-03,5.55,11.3648,0.0,0.00214,0.0,0.16615
2017-10-04,6.3865,11.3648,0.0,0.001187,0.0,0.16615
2017-10-05,8.3976,11.3648,0.0,0.005925,0.0,0.16615
2017-10-06,9.0835,11.3648,0.0,-0.001139,-0.0,0.16615
2017-10-09,8.4672,11.3648,0.0,-0.001651,-0.0,0.16615
2017-10-10,8.8731,11.3648,0.0,0.002638,0.0,0.16615
2017-10-11,8.317,11.3648,0.0,0.001571,0.0,0.16615
2017-10-12,9.9377,11.3648,0.0,-0.00149,-0.0,0.16615
2017-10-13,8.955,11.3648,0.0,0.001218,0.0,0.16615
2017-10-16,10.7073,11.3648,0.0,0.001333,0.0,0.16615
2017-10-17,9.7829,11.3648,0.0,0.000705,0.0,0.16615
2017-10-18,10.1827,11.3648,0.0,0.000978,0.0,0.16615
2017-10-19,8.3717,11.3648,0.0,0.000274,0.0,0.16615
2017-10-20,8.4012,11.3648,0.0,0.00516,0.0,0.16615
2017-10-23,6.6384,11.3648,0.0,-0.003889,-0.0,0.16615
2017-10-24,7.2484,11.3648,0.0,0.001757,0.0,0.16615
2017-10-25,6.1349,11.3648,0.0,-0.00495,-0.0,0.16615
2017-10-26,4.3676,11.3648,0.0,0.001293,0.0,0.16615
2017-10-27,3.6184,11.3648,0.0,0.008176,0.0,0.16615
2017-10-30,5.3312,11.3648,0.0,-0.003725,-0.0,0.16615
2017-10-31,2.9046,11.3648,0.0,0.001558,0.0,0.16615
2017-11-01,2.7917,11.3648,0.0,0.001322,0.0,0.16615
2017-11-02,2.8445,11.3648,0.0,0.000388,0.0,0.16615
2017-11-03,3.8916,11.3648,0.0,0.003339,0.0,0.16615
2017-11-06,3.3856,11.3648,0.0,0.001548,0.0,0.16615
2017-11-07,3.0502,11.3648,0.0,-0.000695,-0.0,0.16615
2017-11-08,3.0912,11.2074,0.0,0.001701,0.0,0.16615
2017-11-09,4.0319,11.0418,0.0,-0.003628,-0.0,0.16615
2017-11-10,5.953,10.8833,0.0,-0.00031,-0.0,0.16615
2017-11-13,6.9911,10.809,0.0,0.00093,0.0,0.16615
2017-11-14,6.6466,10.7258,0.0,-0.002322,-0.0,0.16615
2017-11-15,5.3708,10.6418,0.0,-0.005006,-0.0,0.16615
2017-11-16,5.3157,10.4195,0.0,0.008501,0.0,0.16615
2017-11-17,3.6843,10.2574,0.0,-0.002939,-0.0,0.16615
2017-11-20,4.2079,10.2174,0.0,0.001707,0.0,0.16615
2017-11-21,6.8637,10.0667,0.0,0.006543,0.0,0.16615
2017-11-22,7.2493,10.0667,0.0,-0.000885,-0.0,0.16615
2017-11-24,5.6581,9.9442,0.0,0.00231,0.0,0.16615
2017-11-27,6.9933,9.8603,0.0,-0.000499,-0.0,0.16615
2017-11-28,6.8409,9.6328,0.0,0.010145,0.0,0.16615
2017-11-29,8.7076,9.458,0.0,-0.000608,-0.0,0.16615
2017-11-30,9.2063,9.3198,0.0,0.008755,0.0,0.16615
2017-12-01,9.1946,9.2004,0.0,-0.002076,-0.0,0.16615
2017-12-04,7.8214,9.1861,0.0,-0.00121,-0.0,0.16615
2017-12-05,7.226,9.1758,0.0,-0.003597,-0.0,0.16615
2017-12-06,7.3662,9.1287,0.0,0.00019,0.0,0.16615
2017-12-07,5.2904,9.07,0.0,0.003153,0.0,0.16615
2017-12-08,5.5323,9.0057,0.0,0.005453,0.0,0.16615
2017-12-11,5.5437,8.914,0.0,0.003013,0.0,0.16615
2017-12-12,5.6982,8.7903,0.0,0.001765,0.0,0.16615
2017-12-13,6.2245,8.5874,0.0,-0.000113,-0.0,0.16615
2017-12-14,7.5125,8.4342,0.0,-0.004086,-0.0,0.16615
2017-12-15,7.6714,8.3994,0.0,0.008327,0.0,0.16615
2017-12-18,9.1291,8.3994,1.0,0.006341,0.006341,0.173544
2017-12-19,6.6311,8.3847,0.0,-0.00384,-0.0,0.173544
2017-12-20,6.6293,8.3443,0.0,-0.000524,-0.0,0.173544
2017-12-21,6.2637,8.0692,0.0,0.00206,0.0,0.173544
2017-12-22,4.1105,8.0692,0.0,-0.000262,-0.0,0.173544
2017-12-26,4.4412,8.0692,0.0,-0.001196,-0.0,0.173544
2017-12-27,6.855,8.0692,0.0,0.000487,0.0,0.173544
2017-12-28,7.3066,8.0692,0.0,0.002057,0.0,0.173544
2017-12-29,7.6484,8.0692,0.0,-0.00377,-0.0,0.173544
2018-01-02,8.2363,8.2766,0.0,0.007157,0.0,0.173544
2018-01-03,8.9879,8.3443,1.0,0.006325,0.006325,0.180967
2018-01-04,9.5541,8.3847,1.0,0.004215,0.004215,0.185945
2018-01-05,9.164,8.3864,1.0,0.006664,0.006664,0.193848
2018-01-08,9.1608,8.3864,1.0,0.001829,0.001829,0.196032
2018-01-09,11.0376,8.3864,1.0,0.002263,0.002263,0.198738
2018-01-10,12.2274,8.3864,1.0,-0.001529,-0.001529,0.196905
2018-01-11,14.2495,8.5544,1.0,0.007296,0.007296,0.205638
2018-01-12,14.0661,8.5544,1.0,0.006519,0.006519,0.213498
2018-01-16,14.2133,8.5544,1.0,-0.003418,-0.003418,0.20935
2018-01-17,13.7792,8.5544,1.0,0.009531,0.009531,0.220876
2018-01-18,12.788,8.5544,1.0,-0.001681,-0.001681,0.218824
2018-01-19,12.1989,8.5544,1.0,0.004549,0.004549,0.224368
2018-01-22,12.0454,8.8477,1.0,0.008131,0.008131,0.234324
2018-01-23,11.6045,9.0585,1.0,0.002123,0.002123,0.236944
2018-01-24,12.1094,9.145,1.0,-0.000389,-0.000389,0.236463
2018-01-25,13.5524,9.1624,1.0,0.000424,0.000424,0.236987
2018-01-26,11.179,9.1793,1.0,0.011578,0.011578,0.251309
2018-01-29,13.462,9.2004,1.0,-0.00663,-0.00663,0.243013
2018-01-30,14.1207,9.3802,1.0,-0.010257,-0.010257,0.230263
2018-01-31,16.0399,10.2958,1.0,0.000497,0.000497,0.230875
2018-02-01,16.2087,11.1083,1.0,-0.001135,-0.001135,0.229478
2018-02-02,15.9584,11.3917,1.0,-0.02177,-0.02177,0.202712
2018-02-05,16.4176,11.825,1.0,-0.041823,-0.041823,0.152411
2018-02-06,18.5198,12.0774,1.0,0.019702,0.019702,0.175116
2018-02-07,18.5903,12.1542,1.0,-0.005425,-0.005425,0.168741
2018-02-08,16.365,12.2132,1.0,-0.037509,-0.037509,0.124902
2018-02-09,15.9417,12.5077,1.0,0.015022,0.015022,0.141801
2018-02-12,13.5358,13.125,1.0,0.014684,0.014684,0.158567
2018-02-13,13.2266,13.3443,0.0,0.002487,0.0,0.158567
2018-02-14,11.6604,13.3443,0.0,0.013496,0.0,0.158567
2018-02-15,14.8148,13.4989,1.0,0.012761,0.012761,0.173351
2018-02-16,12.6804,13.4989,0.0,0.000293,0.0,0.173351
2018-02-20,12.9529,13.4989,0.0,-0.006261,-0.0,0.173351
2018-02-21,12.1066,13.4989,0.0,-0.004974,-0.0,0.173351
2018-02-22,13.9896,13.5441,1.0,0.001296,0.001296,0.174872
2018-02-23,14.0713,13.6658,1.0,0.01594,0.01594,0.193599
2018-02-26,13.3396,13.6658,0.0,0.011612,0.0,0.193599
2018-02-27,13.6947,13.7369,0.0,-0.012486,-0.0,0.193599
2018-02-28,11.4886,13.7369,0.0,-0.01013,-0.0,0.193599
2018-03-01,10.2554,13.7369,0.0,-0.014541,-0.0,0.193599
2018-03-02,6.2093,13.7369,0.0,0.005155,0.0,0.193599
2018-03-05,5.2226,13.7369,0.0,0.011558,0.0,0.193599
2018-03-06,3.9472,13.7369,0.0,0.002535,0.0,0.193599
2018-03-07,0.8499,13.7369,0.0,-0.000366,-0.0,0.193599
2018-03-08,0.71,13.7369,0.0,0.004839,0.0,0.193599
2018-03-09,-0.7231,13.7369,0.0,0.017402,0.0,0.193599
2018-03-12,4.2106,13.7369,0.0,-0.001255,-0.0,0.193599
2018-03-13,3.6346,13.7369,0.0,-0.006463,-0.0,0.193599
2018-03-14,3.7827,13.7369,0.0,-0.005131,-0.0,0.193599
2018-03-15,3.5323,13.7369,0.0,-0.00109,-0.0,0.193599
2018-03-16,4.2073,13.7369,0.0,0.001085,0.0,0.193599
2018-03-19,4.9519,13.7369,0.0,-0.01353,-0.0,0.193599
2018-03-20,4.4978,13.7369,0.0,0.0017,0.0,0.193599
2018-03-21,6.6452,13.7369,0.0,-0.001919,-0.0,0.193599
2018-03-22,5.6806,13.7369,0.0,-0.024997,-0.0,0.193599
2018-03-23,6.668,13.7369,0.0,-0.021315,-0.0,0.193599
2018-03-26,5.1048,13.7369,0.0,0.027359,0.0,0.193599
2018-03-27,6.1786,13.7369,0.0,-0.017012,-0.0,0.193599
2018-03-28,7.3437,13.7369,0.0,-0.002955,-0.0,0.193599
2018-03-29,6.7517,13.7369,0.0,0.012778,0.0,0.193599
2018-04-02,8.5643,13.7369,0.0,-0.021585,-0.0,0.193599
2018-04-03,8.6111,13.7369,0.0,0.012817,0.0,0.193599
2018-04-04,12.5757,13.7369,0.0,0.010699,0.0,0.193599
2018-04-05,11.7276,13.7369,0.0,0.007892,0.0,0.193599
2018-04-06,11.3681,13.7369,0.0,-0.022286,-0.0,0.193599
2018-04-09,10.168,13.7369,0.0,0.004929,0.0,0.193599
2018-04-10,9.6334,13.7369,0.0,0.015901,0.0,0.193599
2018-04-11,7.4056,13.7369,0.0,-0.005243,-0.0,0.193599
2018-04-12,5.3305,13.7369,0.0,0.008227,0.0,0.193599
2018-04-13,5.6584,13.6235,0.0,-0.002933,-0.0,0.193599
2018-04-16,4.7232,13.5441,0.0,0.008221,0.0,0.193599
2018-04-17,5.8343,13.4989,0.0,0.010698,0.0,0.193599
2018-04-18,7.5501,13.4008,0.0,0.00074,0.0,0.193599
2018-04-19,7.8514,13.4008,0.0,-0.005547,-0.0,0.193599
2018-04-20,7.1947,13.4008,0.0,-0.008479,-0.0,0.193599
2018-04-23,7.9167,13.4008,0.0,-0.00015,-0.0,0.193599
2018-04-24,8.9213,13.4008,0.0,-0.013467,-0.0,0.193599
2018-04-25,6.7456,13.4008,0.0,0.002472,0.0,0.193599
2018-04-26,3.6963,13.2831,0.0,0.010166,0.0,0.193599
2018-04-27,7.4988,13.2831,0.0,0.000939,0.0,0.193599
2018-04-30,8.2887,13.0897,0.0,-0.007691,-0.0,0.193599
2018-05-01,7.9032,12.8166,0.0,0.001777,0.0,0.193599
2018-05-02,8.378,12.628,0.0,-0.006717,-0.0,0.193599
2018-05-03,8.7558,12.3411,0.0,-0.002204,-0.0,0.193599
2018-05-04,8.4395,11.9171,0.0,0.012946,0.0,0.193599
2018-05-07,7.9657,11.694,0.0,0.003384,0.0,0.193599
2018-05-08,8.0672,11.5745,0.0,0.0,0.0,0.193599
2018-05-09,6.3951,11.4283,0.0,0.009666,0.0,0.193599
2018-05-10,6.1785,10.8117,0.0,0.009351,0.0,0.193599
2018-05-11,9.3293,10.2117,0.0,0.003051,0.0,0.193599
2018-05-14,9.2717,9.9007,0.0,0.000477,0.0,0.193599
2018-05-15,7.2585,9.4813,0.0,-0.006887,-0.0,0.193599
2018-05-16,7.914,9.3005,0.0,0.004205,0.0,0.193599
2018-05-17,7.8773,9.0965,0.0,-0.000845,-0.0,0.193599
2018-05-18,8.5986,8.8386,0.0,-0.0025,-0.0,0.193599
2018-05-21,10.8061,8.8386,1.0,0.007519,0.007519,0.202574
2018-05-22,10.8654,8.8386,1.0,-0.00278,-0.00278,0.199231
2018-05-23,9.838,8.8386,1.0,0.002751,0.002751,0.20253
2018-05-24,9.6067,8.8386,1.0,-0.002049,-0.002049,0.200066
2018-05-25,10.4794,8.8386,1.0,-0.002383,-0.002383,0.197206
2018-05-29,12.2481,8.8386,1.0,-0.011501,-0.011501,0.183437
2018-05-30,12.1339,8.8386,1.0,0.013345,0.013345,0.19923
2018-05-31,11.8572,8.8386,1.0,-0.006126,-0.006126,0.191884
2018-06-01,11.8418,9.0965,1.0,0.009818,0.009818,0.203586
2018-06-04,11.1449,9.3005,1.0,0.004752,0.004752,0.209305
2018-06-05,12.1773,9.468,1.0,0.000727,0.000727,0.210184
2018-06-06,13.3221,9.62,1.0,0.00836,0.00836,0.220301
2018-06-07,13.0708,9.7357,1.0,-0.000108,-0.000108,0.22017
2018-06-08,13.2686,10.003,1.0,0.002956,0.002956,0.223776
2018-06-11,15.894,10.3237,1.0,0.00133,0.00133,0.225404
2018-06-12,13.7764,10.6428,1.0,0.001293,0.001293,0.226988
2018-06-13,14.2664,10.8358,1.0,-0.003191,-0.003191,0.223073
2018-06-14,14.1434,11.0051,1.0,0.002518,0.002518,0.226153
2018-06-15,13.4769,11.2565,1.0,-0.001275,-0.001275,0.22459
2018-06-18,11.0466,11.2565,0.0,-0.002057,-0.0,0.22459
2018-06-19,10.5732,11.2565,0.0,-0.003833,-0.0,0.22459
2018-06-20,10.7034,11.2565,0.0,0.001706,0.0,0.22459
2018-06-21,12.0112,11.5478,1.0,-0.006269,-0.006269,0.216913
2018-06-22,10.8435,11.5478,0.0,0.001823,0.0,0.216913
2018-06-25,11.9328,11.7847,1.0,-0.013613,-0.013613,0.200347
2018-06-26,11.5399,11.7847,0.0,0.002214,0.0,0.200347
2018-06-27,9.62,11.7847,0.0,-0.008284,-0.0,0.200347
2018-06-28,8.5266,11.7847,0.0,0.005717,0.0,0.200347
2018-06-29,5.9193,11.7847,0.0,0.00144,0.0,0.200347
2018-07-02,6.0897,11.7847,0.0,0.002138,0.0,0.200347
2018-07-03,6.1569,11.6338,0.0,-0.003531,-0.0,0.200347
2018-07-05,4.1241,11.454,0.0,0.008158,0.0,0.200347
2018-07-06,3.1121,11.3424,0.0,0.008459,0.0,0.200347
2018-07-09,3.8391,11.3424,0.0,0.009004,0.0,0.200347
2018-07-10,4.8871,11.3424,0.0,0.003599,0.0,0.200347
2018-07-11,4.5693,11.3424,0.0,-0.007314,-0.0,0.200347
2018-07-12,5.2908,11.3424,0.0,0.009066,0.0,0.200347
2018-07-13,4.2663,11.3424,0.0,0.000787,0.0,0.200347
2018-07-16,3.8539,11.3424,0.0,-0.000894,-0.0,0.200347
2018-07-17,4.128,11.3424,0.0,0.004046,0.0,0.200347
2018-07-18,2.6334,11.3424,0.0,0.002104,0.0,0.200347
2018-07-19,-1.1011,11.3424,0.0,-0.003771,-0.0,0.200347
2018-07-20,-1.6509,11.3424,0.0,-0.001143,-0.0,0.200347
2018-07-23,-2.6673,11.3424,0.0,0.001859,0.0,0.200347
2018-07-24,-2.1472,11.3424,0.0,0.005032,0.0,0.200347
2018-07-25,-3.3391,11.3424,0.0,0.008522,0.0,0.200347
2018-07-26,-2.7833,11.3424,0.0,-0.002359,-0.0,0.200347
2018-07-27,-2.8685,11.3424,0.0,-0.006777,-0.0,0.200347
2018-07-30,-3.6654,11.3424,0.0,-0.005223,-0.0,0.200347
2018-07-31,-3.4419,11.3424,0.0,0.00493,0.0,0.200347
2018-08-01,-3.8294,11.3424,0.0,-0.001671,-0.0,0.200347
2018-08-02,-3.5909,11.3424,0.0,0.005448,0.0,0.200347
2018-08-03,-2.1804,11.3424,0.0,0.004285,0.0,0.200347
2018-08-06,-2.0379,11.3424,0.0,0.003667,0.0,0.200347
2018-08-07,-2.7177,11.3424,0.0,0.003303,0.0,0.200347
2018-08-08,-3.4241,11.3424,0.0,-0.00042,-0.0,0.200347
2018-08-09,-2.6073,11.3424,0.0,-0.001366,-0.0,0.200347
2018-08-10,-3.8064,11.3424,0.0,-0.0067,-0.0,0.200347
2018-08-13,-1.0088,11.3424,0.0,-0.003743,-0.0,0.200347
2018-08-14,-2.183,11.3424,0.0,0.006381,0.0,0.200347
2018-08-15,-1.3973,11.3424,0.0,-0.007468,-0.0,0.200347
2018-08-16,-1.8002,11.3424,0.0,0.008091,0.0,0.200347
2018-08-17,-2.5776,11.3424,0.0,0.003521,0.0,0.200347
2018-08-20,-2.9517,11.3424,0.0,0.00214,0.0,0.200347
2018-08-21,-1.9611,11.3424,0.0,0.002345,0.0,0.200347
2018-08-22,-2.7448,11.3424,0.0,-0.000594,-0.0,0.200347
2018-08-23,-2.6786,11.3424,0.0,-0.001328,-0.0,0.200347
2018-08-24,-1.0232,11.3424,0.0,0.006019,0.0,0.200347
2018-08-27,-1.2912,11.0957,0.0,0.007895,0.0,0.200347
2018-08-28,-0.7079,10.945,0.0,0.000483,0.0,0.200347
2018-08-29,0.2065,10.7734,0.0,0.005381,0.0,0.200347
2018-08-30,6.1546,10.6383,0.0,-0.004048,-0.0,0.200347
2018-08-31,6.7989,10.0966,0.0,3.4e-05,0.0,0.200347
2018-09-04,8.1179,9.0733,0.0,-0.001722,-0.0,0.200347
2018-09-05,10.5028,9.0733,1.0,-0.002692,-0.002692,0.197115
2018-09-06,9.0171,8.7719,1.0,-0.00301,-0.00301,0.193512
2018-09-07,7.4687,8.3223,0.0,-0.001943,-0.0,0.193512
2018-09-10,6.3546,7.7933,0.0,0.001738,0.0,0.193512
2018-09-11,7.9004,7.6845,1.0,0.003298,0.003298,0.197448
2018-09-12,7.7881,7.6284,1.0,0.000242,0.000242,0.197738
2018-09-13,9.4547,7.6284,1.0,0.005914,0.005914,0.204821
2018-09-14,9.5115,7.6284,1.0,0.000172,0.000172,0.205029
2018-09-17,8.2564,7.6284,1.0,-0.005294,-0.005294,0.198649
2018-09-18,6.7086,7.1338,0.0,0.005426,0.0,0.198649
2018-09-19,5.465,6.7537,0.0,0.001065,0.0,0.198649
2018-09-20,4.5068,6.5316,0.0,0.008104,0.0,0.198649
2018-09-21,2.7879,6.2558,0.0,-0.000914,-0.0,0.198649
2018-09-24,2.2331,6.1558,0.0,-0.003322,-0.0,0.198649
2018-09-25,2.4437,6.1222,0.0,-0.000928,-0.0,0.198649
2018-09-26,1.6134,6.0045,0.0,-0.002992,-0.0,0.198649
2018-09-27,1.5885,5.6921,0.0,0.002794,0.0,0.198649
2018-09-28,1.5744,5.3779,0.0,0.000103,0.0,0.198649
2018-10-01,2.6732,5.089,0.0,0.003474,0.0,0.198649
2018-10-02,-0.859,4.7282,0.0,-0.000583,-0.0,0.198649
2018-10-03,-0.0709,4.7282,0.0,0.000549,0.0,0.198649
2018-10-04,0.1559,4.7282,0.0,-0.007816,-0.0,0.198649
2018-10-05,-0.0642,4.7282,0.0,-0.005597,-0.0,0.198649
2018-10-08,0.0622,4.538,0.0,0.0,0.0,0.198649
2018-10-09,-0.6238,4.3865,0.0,-0.001459,-0.0,0.198649
2018-10-10,0.2704,4.1971,0.0,-0.031663,-0.0,0.198649
2018-10-11,-0.1011,3.9909,0.0,-0.022027,-0.0,0.198649
2018-10-12,-0.0692,3.458,0.0,0.013889,0.0,0.198649
2018-10-15,0.3569,2.7306,0.0,-0.005617,-0.0,0.198649
2018-10-16,-0.9819,2.7306,0.0,0.021866,0.0,0.198649
2018-10-17,-1.4906,2.7306,0.0,0.000179,0.0,0.198649
2018-10-18,-1.5157,2.7306,0.0,-0.014441,-0.0,0.198649
2018-10-19,-1.4848,2.7306,0.0,-0.000543,-0.0,0.198649
2018-10-22,-3.5669,2.7306,0.0,-0.004489,-0.0,0.198649
2018-10-23,-1.6811,2.7306,0.0,-0.005091,-0.0,0.198649
2018-10-24,2.1658,2.7306,0.0,-0.030298,-0.0,0.198649
2018-10-25,0.3138,2.7306,0.0,0.017941,0.0,0.198649
2018-10-26,-0.6216,2.7306,0.0,-0.017587,-0.0,0.198649
2018-10-29,0.5597,2.7306,0.0,-0.00554,-0.0,0.198649
2018-10-30,-0.2131,2.7306,0.0,0.014819,0.0,0.198649
2018-10-31,0.605,2.7306,0.0,0.010681,0.0,0.198649
2018-11-01,0.958,2.7306,0.0,0.010642,0.0,0.198649
2018-11-02,1.7087,2.7306,0.0,-0.005923,-0.0,0.198649
2018-11-05,0.5039,2.7306,0.0,0.005517,0.0,0.198649
2018-11-06,2.5678,2.7306,0.0,0.006328,0.0,0.198649
2018-11-07,2.1414,2.7306,0.0,0.021409,0.0,0.198649
2018-11-08,-1.2108,2.7306,0.0,-0.001815,-0.0,0.198649
2018-11-09,-1.0764,2.7306,0.0,-0.009768,-0.0,0.198649
2018-11-12,-1.5967,2.7306,0.0,-0.018685,-0.0,0.198649
2018-11-13,-3.1153,2.7306,0.0,-0.001871,-0.0,0.198649
2018-11-14,-3.9639,2.7306,0.0,-0.006837,-0.0,0.198649
2018-11-15,-4.6341,2.7306,0.0,0.010437,0.0,0.198649
2018-11-16,-7.1616,2.7306,0.0,0.002601,0.0,0.198649
2018-11-19,-4.8673,2.7306,0.0,-0.016914,-0.0,0.198649
2018-11-20,-4.0094,2.7306,0.0,-0.018506,-0.0,0.198649
2018-11-21,-4.3328,2.7306,0.0,0.003407,0.0,0.198649
2018-11-23,-4.4633,2.7306,0.0,-0.006679,-0.0,0.198649
2018-11-26,-4.5433,2.7306,0.0,0.016144,0.0,0.198649
2018-11-27,-4.3007,2.7306,0.0,0.003364,0.0,0.198649
2018-11-28,-4.4324,2.7306,0.0,0.023025,0.0,0.198649
2018-11-29,-6.1115,2.6205,0.0,-0.002185,-0.0,0.198649
2018-11-30,-5.3209,2.5057,0.0,0.006095,0.0,0.198649
2018-12-03,-5.6699,2.3384,0.0,0.013241,0.0,0.198649
2018-12-04,-6.1951,2.1995,0.0,-0.032403,-0.0,0.198649
2018-12-06,-8.0838,2.1536,0.0,-0.001517,-0.0,0.198649
2018-12-07,-8.5828,1.925,0.0,-0.023236,-0.0,0.198649
2018-12-10,-8.7927,1.661,0.0,0.001897,0.0,0.198649
2018-12-11,-9.1798,1.6009,0.0,0.000227,0.0,0.198649
2018-12-12,-10.7228,1.5814,0.0,0.005035,0.0,0.198649
2018-12-13,-10.1885,1.2662,0.0,-0.000339,-0.0,0.198649
2018-12-14,-9.1395,0.7815,0.0,-0.018465,-0.0,0.198649
2018-12-17,-9.4242,0.5824,0.0,-0.019619,-0.0,0.198649
2018-12-18,-9.6941,0.5318,0.0,-0.001096,-0.0,0.198649
2018-12-19,-9.9374,0.4304,0.0,-0.014976,-0.0,0.198649
2018-12-20,-9.3688,0.3354,0.0,-0.016278,-0.0,0.198649
2018-12-21,-8.5008,0.2921,0.0,-0.020489,-0.0,0.198649
2018-12-24,-9.1722,0.2131,0.0,-0.026423,-0.0,0.198649
2018-12-26,-8.7055,0.109,0.0,0.050525,0.0,0.198649
2018-12-27,-7.6134,-0.001,0.0,0.007678,0.0,0.198649
2018-12-28,-8.329,-0.0667,0.0,-0.00129,-0.0,0.198649
2018-12-31,-6.0631,-0.07,0.0,0.008759,0.0,0.198649
2019-01-02,-6.763,-0.086,0.0,0.00104,0.0,0.198649
2019-01-03,-6.8908,-0.086,0.0,-0.023863,-0.0,0.198649
2019-01-04,-5.1122,-0.1571,0.0,0.033496,0.0,0.198649
2019-01-07,-5.3148,-0.4173,0.0,0.007885,0.0,0.198649
2019-01-08,-7.1645,-0.6227,0.0,0.009395,0.0,0.198649
2019-01-09,-9.6419,-0.8029,0.0,0.004673,0.0,0.198649
2019-01-10,-10.0787,-1.0292,0.0,0.003528,0.0,0.198649
2019-01-11,-12.1972,-1.1436,0.0,0.000386,0.0,0.198649
2019-01-14,-10.7172,-1.3478,0.0,-0.006101,-0.0,0.198649
2019-01-15,-9.6791,-1.4877,0.0,0.011461,0.0,0.198649
2019-01-16,-10.7463,-1.5031,0.0,0.00242,0.0,0.198649
2019-01-17,-8.7597,-1.5562,0.0,0.007587,0.0,0.198649
2019-01-18,-5.614,-1.6389,0.0,0.01331,0.0,0.198649
2019-01-22,-6.3263,-2.3982,0.0,-0.01351,-0.0,0.198649
2019-01-23,-6.5067,-3.3411,0.0,0.002092,0.0,0.198649
2019-01-24,-5.9525,-3.5396,0.0,0.000532,0.0,0.198649
2019-01-25,-5.6313,-3.9866,0.0,0.008461,0.0,0.198649
2019-01-28,-10.0795,-4.1551,0.0,-0.0076,-0.0,0.198649
2019-01-29,-8.7879,-4.3168,0.0,-0.001327,-0.0,0.198649
2019-01-30,-8.4586,-4.3826,0.0,0.015831,0.0,0.198649
2019-01-31,-10.3642,-4.4479,0.0,0.008782,0.0,0.198649
2019-02-01,-8.1445,-4.5033,0.0,0.000482,0.0,0.198649
2019-02-04,-8.7716,-4.5887,0.0,0.007035,0.0,0.198649
2019-02-05,-6.4826,-4.7507,0.0,0.004192,0.0,0.198649
2019-02-06,-7.8616,-4.9897,0.0,-0.001318,-0.0,0.198649
2019-02-07,-9.8056,-5.2135,0.0,-0.009533,-0.0,0.198649
2019-02-08,-9.7507,-5.3178,0.0,0.001221,0.0,0.198649
2019-02-11,-11.3455,-5.4674,0.0,0.000555,0.0,0.198649
2019-02-12,-10.6106,-5.6226,0.0,0.012859,0.0,0.198649
2019-02-13,-12.4621,-5.6506,0.0,0.003247,0.0,0.198649
2019-02-14,-14.3148,-5.8112,0.0,-0.002218,-0.0,0.198649
2019-02-15,-13.8392,-6.0078,0.0,0.010897,0.0,0.198649
2019-02-19,-12.67,-6.0873,0.0,0.00173,0.0,0.198649
2019-02-20,-9.6054,-6.1533,0.0,0.002016,0.0,0.198649
2019-02-21,-11.1612,-6.1533,0.0,-0.003555,-0.0,0.198649
2019-02-22,-13.8483,-6.2607,0.0,0.0062,0.0,0.198649
2019-02-25,-12.2945,-6.4045,0.0,0.001361,0.0,0.198649
2019-02-26,-12.7099,-6.4947,0.0,-0.000716,-0.0,0.198649
2019-02-27,-13.1324,-6.6349,0.0,-0.000429,-0.0,0.198649
2019-02-28,-13.2662,-6.8269,0.0,-0.001862,-0.0,0.198649
2019-03-01,-12.7991,-7.0277,0.0,0.006244,0.0,0.198649
2019-03-04,-12.6728,-7.389,0.0,-0.003637,-0.0,0.198649
2019-03-05,-14.3483,-7.7375,0.0,-0.00136,-0.0,0.198649
2019-03-06,-13.8834,-7.9727,0.0,-0.006057,-0.0,0.198649
2019-03-07,-13.0301,-8.1141,0.0,-0.008366,-0.0,0.198649
2019-03-08,-14.4452,-8.2367,0.0,-0.002,-0.0,0.198649
2019-03-11,-13.9727,-8.3938,0.0,0.014501,0.0,0.198649
2019-03-12,-14.2429,-8.3938,0.0,0.003771,0.0,0.198649
2019-03-13,-12.879,-8.3938,0.0,0.006619,0.0,0.198649
2019-03-14,-12.702,-8.3938,0.0,-0.00064,-0.0,0.198649
2019-03-15,-12.0225,-8.3938,0.0,0.004941,0.0,0.198649
2019-03-18,-12.622,-8.3938,0.0,0.003626,0.0,0.198649
2019-03-19,-12.292,-8.3938,0.0,0.000248,0.0,0.198649
2019-03-20,-10.982,-8.3938,0.0,-0.00301,-0.0,0.198649
2019-03-21,-9.0328,-8.3938,0.0,0.011295,0.0,0.198649
2019-03-22,-11.8592,-8.3938,0.0,-0.019247,-0.0,0.198649
2019-03-25,-10.6041,-8.3938,0.0,-0.000751,-0.0,0.198649
2019-03-26,-9.2556,-8.3938,0.0,0.007453,0.0,0.198649
2019-03-27,-7.8368,-8.2367,1.0,-0.005229,-0.005229,0.192382
2019-03-28,-7.3752,-8.003,1.0,0.00379,0.00379,0.196901
2019-03-29,-5.8437,-8.003,1.0,0.006306,0.006306,0.204448
2019-04-01,-5.3375,-7.8492,1.0,0.011859,0.011859,0.218732
2019-04-02,-5.5338,-7.8492,1.0,0.00049,0.00049,0.219329
2019-04-03,-5.1863,-7.8492,1.0,0.001574,0.001574,0.221248
2019-04-04,-7.2743,-7.8492,1.0,0.002653,0.002653,0.224488
2019-04-05,-8.0887,-7.9751,0.0,0.00484,0.0,0.224488
2019-04-08,-7.3731,-7.9751,1.0,0.000762,0.000762,0.225421
2019-04-09,-8.4605,-8.1166,0.0,-0.005124,-0.0,0.225421
2019-04-10,-7.2221,-7.9751,1.0,0.00341,0.00341,0.2296
2019-04-11,-4.869,-7.8492,1.0,-0.000278,-0.000278,0.229258
2019-04-12,-3.7969,-7.606,1.0,0.006766,0.006766,0.237575
2019-04-15,-4.2464,-7.3741,1.0,-0.000655,-0.000655,0.236765
2019-04-16,-5.0857,-7.3237,1.0,0.000655,0.000655,0.237575
2019-04-17,-7.0835,-7.2482,1.0,-0.002447,-0.002447,0.234546
2019-04-18,-7.2474,-7.2348,0.0,0.001969,0.0,0.234546
2019-04-22,-6.4686,-7.2348,1.0,0.000862,0.000862,0.235611
2019-04-23,-7.5434,-7.2609,0.0,0.008992,0.0,0.235611
2019-04-24,-8.2866,-7.3237,0.0,-0.002219,-0.0,0.235611
2019-04-25,-1.5243,-7.3237,1.0,-0.000616,-0.000616,0.23485
2019-04-26,0.1333,-7.3237,1.0,0.004657,0.004657,0.2406
2019-04-29,-3.2473,-7.2609,1.0,0.001568,0.001568,0.242545
2019-04-30,-4.7404,-7.2348,1.0,0.00051,0.00051,0.243179
2019-05-01,-3.069,-7.1528,1.0,-0.007517,-0.007517,0.233834
2019-05-02,-4.0434,-6.7831,1.0,-0.002159,-0.002159,0.23117
2019-05-03,-2.93,-6.4756,1.0,0.009788,0.009788,0.243221
2019-05-06,-3.5644,-6.1562,1.0,-0.004115,-0.004115,0.238105
2019-05-07,-3.2867,-5.6888,1.0,-0.0167,-0.0167,0.217429
2019-05-08,-0.8338,-5.4357,1.0,-0.001389,-0.001389,0.215738
2019-05-09,-2.5523,-5.2619,1.0,-0.003026,-0.003026,0.212059
2019-05-10,-3.085,-5.136,1.0,0.005023,0.005023,0.218147
2019-05-13,-1.7619,-4.9774,1.0,-0.02513,-0.02513,0.187535
2019-05-14,0.8783,-4.8047,1.0,0.009044,0.009044,0.198275
2019-05-15,0.33,-4.4934,1.0,0.005857,0.005857,0.205294
2019-05-16,1.6431,-4.1449,1.0,0.009261,0.009261,0.216456
2019-05-17,1.7742,-3.9202,1.0,-0.006465,-0.006465,0.208591
2019-05-20,2.3524,-3.6807,1.0,-0.006612,-0.006612,0.2006
2019-05-21,4.1586,-3.4256,1.0,0.009016,0.009016,0.211425
2019-05-22,4.0846,-3.267,1.0,-0.003072,-0.003072,0.207703
2019-05-23,2.7666,-3.1661,1.0,-0.012218,-0.012218,0.192948
2019-05-24,2.9283,-3.077,1.0,0.002268,0.002268,0.195653
2019-05-28,2.0442,-2.9995,1.0,-0.009301,-0.009301,0.184532
2019-05-29,-0.0095,-2.7411,1.0,-0.006711,-0.006711,0.176583
2019-05-30,-0.5669,-2.1571,1.0,0.002731,0.002731,0.179796
2019-05-31,-0.58,-1.6431,1.0,-0.013475,-0.013475,0.163898
2019-06-03,0.084,-1.1791,1.0,-0.002543,-0.002543,0.160939
2019-06-04,0.2917,-0.7069,1.0,0.021707,0.021707,0.186139
2019-06-05,-1.3784,-0.7069,0.0,0.008662,0.0,0.186139
2019-06-06,-2.4912,-0.7069,0.0,0.006503,0.0,0.186139
2019-06-07,-2.1306,-0.7069,0.0,0.010007,0.0,0.186139
2019-06-10,1.1917,-0.5734,1.0,0.004589,0.004589,0.191582
2019-06-11,1.4204,-0.2882,1.0,-0.000242,-0.000242,0.191294
2019-06-12,0.2467,0.0373,1.0,-0.001765,-0.001765,0.189191
2019-06-13,1.0891,0.1087,1.0,0.004126,0.004126,0.194098
2019-06-14,4.7596,0.19,1.0,-0.001105,-0.001105,0.192778
2019-06-17,3.4839,0.2692,1.0,0.00038,0.00038,0.193232
2019-06-18,3.71,0.3109,1.0,0.010471,0.010471,0.205726
2019-06-19,3.9142,0.6042,1.0,0.002257,0.002257,0.208447
2019-06-20,6.0421,0.9837,1.0,0.009554,0.009554,0.219993
2019-06-21,4.9105,1.1404,1.0,-0.001454,-0.001454,0.218219
2019-06-24,3.3043,1.3061,1.0,-0.001224,-0.001224,0.216728
2019-06-25,3.8262,1.5318,1.0,-0.009808,-0.009808,0.204794
2019-06-26,2.1192,1.7087,1.0,-0.000998,-0.000998,0.203592
2019-06-27,3.1983,1.9092,1.0,0.003547,0.003547,0.207861
2019-06-28,4.857,2.0817,1.0,0.005145,0.005145,0.214075
2019-07-01,6.0317,2.2358,1.0,0.009079,0.009079,0.225098
2019-07-02,5.4052,2.5595,1.0,0.002604,0.002604,0.228288
2019-07-03,7.7154,2.8475,1.0,0.007995,0.007995,0.238108
2019-07-05,7.4587,3.0633,1.0,-0.001138,-0.001138,0.236699
2019-07-08,7.7379,3.2513,1.0,-0.005495,-0.005495,0.229904
2019-07-09,9.0903,3.3941,1.0,0.001247,0.001247,0.231437
2019-07-10,10.3633,3.5969,1.0,0.004778,0.004778,0.237321
2019-07-11,12.2029,3.7681,1.0,0.002344,0.002344,0.240222
2019-07-12,12.0608,3.8702,1.0,0.004477,0.004477,0.245774
2019-07-15,14.4296,3.9994,1.0,0.000333,0.000333,0.246189
2019-07-16,12.2889,4.1216,1.0,-0.003225,-0.003225,0.24217
2019-07-17,15.1351,4.4591,1.0,-0.006805,-0.006805,0.233717
2019-07-18,17.6591,4.8083,1.0,0.003661,0.003661,0.238234
2019-07-19,16.2268,4.8838,1.0,-0.005555,-0.005555,0.231355
2019-07-22,16.6723,5.1578,1.0,0.002457,0.002457,0.234381
2019-07-23,18.0743,5.7184,1.0,0.00715,0.00715,0.243206
2019-07-24,21.283,6.0369,1.0,0.0047,0.0047,0.249049
2019-07-25,17.8371,6.7504,1.0,-0.004777,-0.004777,0.243083
2019-07-26,16.3487,7.587,1.0,0.0067,0.0067,0.251411
2019-07-29,20.395,7.7266,1.0,-0.001821,-0.001821,0.249133
2019-07-30,20.6041,8.4141,1.0,-0.002455,-0.002455,0.246066
2019-07-31,20.4815,9.7268,1.0,-0.01094,-0.01094,0.232434
2019-08-01,22.7742,11.2121,1.0,-0.008708,-0.008708,0.221702
2019-08-02,19.2248,12.1319,1.0,-0.00753,-0.00753,0.212503
2019-08-05,17.4617,12.2459,1.0,-0.030073,-0.030073,0.176039
2019-08-06,12.5791,12.434,1.0,0.014023,0.014023,0.192531
2019-08-07,12.8848,12.7319,1.0,0.000591,0.000591,0.193235
2019-08-08,13.4721,13.1785,1.0,0.01962,0.01962,0.216647
2019-08-09,12.4941,13.1785,0.0,-0.006812,-0.0,0.216647
2019-08-12,10.9666,13.1785,0.0,-0.012173,-0.0,0.216647
2019-08-13,12.8825,13.1785,0.0,0.015551,0.0,0.216647
2019-08-14,14.1406,13.8064,1.0,-0.029567,-0.029567,0.180674
2019-08-15,14.1881,14.1643,1.0,0.002641,0.002641,0.183792
2019-08-16,10.9618,14.1643,0.0,0.014755,0.0,0.183792
2019-08-19,6.0848,14.1643,0.0,0.012048,0.0,0.183792
2019-08-20,4.9874,14.1643,0.0,-0.007663,-0.0,0.183792
2019-08-21,4.5699,14.1643,0.0,0.008136,0.0,0.183792
2019-08-22,6.4675,14.1643,0.0,-0.000308,-0.0,0.183792
2019-08-23,3.2447,14.1643,0.0,-0.025687,-0.0,0.183792
2019-08-26,3.2075,14.1643,0.0,0.011058,0.0,0.183792
2019-08-27,3.6722,14.1643,0.0,-0.003923,-0.0,0.183792
2019-08-28,3.8612,14.1643,0.0,0.007041,0.0,0.183792
2019-08-29,3.8953,14.1643,0.0,0.012773,0.0,0.183792
2019-08-30,4.5391,14.1643,0.0,-0.000444,-0.0,0.183792
2019-09-03,7.2645,14.1643,0.0,-0.005847,-0.0,0.183792
2019-09-04,4.6329,14.1643,0.0,0.01135,0.0,0.183792
2019-09-05,3.9659,14.1643,0.0,0.012856,0.0,0.183792
2019-09-06,6.0269,14.1643,0.0,0.000772,0.0,0.183792
2019-09-09,8.6495,14.1643,0.0,0.000503,0.0,0.183792
2019-09-10,10.5955,14.1643,0.0,-0.000235,-0.0,0.183792
2019-09-11,6.9048,14.1643,0.0,0.007111,0.0,0.183792
2019-09-12,6.4432,14.1643,0.0,0.003464,0.0,0.183792
2019-09-13,2.7841,14.1643,0.0,-0.000664,-0.0,0.183792
2019-09-16,2.4205,14.1643,0.0,-0.003089,-0.0,0.183792
2019-09-17,5.2909,14.1643,0.0,0.002532,0.0,0.183792
2019-09-18,4.4161,14.1643,0.0,0.000598,0.0,0.183792
2019-09-19,3.0022,14.1643,0.0,-6.6e-05,-0.0,0.183792
2019-09-20,5.3201,14.1643,0.0,-0.004725,-0.0,0.183792
2019-09-23,4.7501,14.1643,0.0,-0.000235,-0.0,0.183792
2019-09-24,3.6068,14.1643,0.0,-0.007846,-0.0,0.183792
2019-09-25,7.3239,14.1643,0.0,0.005914,0.0,0.183792
2019-09-26,7.7772,14.1643,0.0,-0.002083,-0.0,0.183792
2019-09-27,7.4048,14.1643,0.0,-0.005387,-0.0,0.183792
2019-09-30,8.3635,14.1643,0.0,0.004638,0.0,0.183792
2019-10-01,6.7942,14.1643,0.0,-0.011895,-0.0,0.183792
2019-10-02,4.684,14.1643,0.0,-0.017664,-0.0,0.183792
2019-10-03,8.1178,14.1643,0.0,0.008193,0.0,0.183792
2019-10-04,6.8177,14.1643,0.0,0.013532,0.0,0.183792
2019-10-07,6.257,14.1643,0.0,-0.004315,-0.0,0.183792
2019-10-08,8.0248,14.1643,0.0,-0.015525,-0.0,0.183792
2019-10-09,5.9528,14.1643,0.0,0.009496,0.0,0.183792
2019-10-10,6.8224,14.1643,0.0,0.006763,0.0,0.183792
2019-10-11,6.6218,13.8064,0.0,0.010367,0.0,0.183792
2019-10-14,6.8245,13.8064,0.0,-0.001114,-0.0,0.183792
2019-10-15,8.8453,13.1785,0.0,0.0099,0.0,0.183792
2019-10-16,11.2955,12.8836,0.0,-0.001606,-0.0,0.183792
2019-10-17,11.2684,12.7308,0.0,0.002949,0.0,0.183792
2019-10-18,12.1261,12.5366,0.0,-0.004377,-0.0,0.183792
2019-10-21,14.4394,12.5366,1.0,0.006779,0.006779,0.191817
2019-10-22,18.4146,12.5366,1.0,-0.003267,-0.003267,0.187923
2019-10-23,10.6574,12.3101,0.0,0.00291,0.0,0.187923
2019-10-24,8.4756,11.7108,0.0,0.001634,0.0,0.187923
2019-10-25,10.4357,11.2819,0.0,0.004095,0.0,0.187923
2019-10-28,11.8889,11.2819,1.0,0.005636,0.005636,0.194619
2019-10-29,8.1076,11.1175,0.0,-0.000296,-0.0,0.194619
2019-10-30,7.8144,10.9642,0.0,0.003067,0.0,0.194619
2019-10-31,5.7196,10.8096,0.0,-0.002663,-0.0,0.194619
2019-11-01,4.4518,10.6264,0.0,0.009264,0.0,0.194619
2019-11-04,4.2616,10.5156,0.0,0.004018,0.0,0.194619
2019-11-05,2.167,9.6405,0.0,-0.001106,-0.0,0.194619
2019-11-06,4.2533,8.7474,0.0,0.000228,0.0,0.194619
2019-11-07,3.3182,8.5625,0.0,0.003517,0.0,0.194619
2019-11-08,2.8984,8.4195,0.0,0.002466,0.0,0.194619
2019-11-11,3.4522,8.2406,0.0,-0.00191,-0.0,0.194619
2019-11-12,3.2592,8.1127,0.0,0.002108,0.0,0.194619
2019-11-13,2.2678,8.0662,0.0,0.000323,0.0,0.194619
2019-11-14,4.1597,7.9196,0.0,0.001456,0.0,0.194619
2019-11-15,5.2407,7.9196,0.0,0.007236,0.0,0.194619
2019-11-18,4.7805,7.9196,0.0,0.000738,0.0,0.194619
2019-11-19,5.2967,7.9196,0.0,-0.000288,-0.0,0.194619
2019-11-20,4.8212,7.9196,0.0,-0.003719,-0.0,0.194619
2019-11-21,2.2023,7.9196,0.0,-0.001609,-0.0,0.194619
2019-11-22,2.5836,7.9196,0.0,0.002224,0.0,0.194619
2019-11-25,3.8778,7.9196,0.0,0.00775,0.0,0.194619
2019-11-26,3.5522,7.9196,0.0,0.002266,0.0,0.194619
2019-11-27,4.2055,7.9196,0.0,0.004457,0.0,0.194619
2019-11-29,4.4953,7.9196,0.0,-0.003709,-0.0,0.194619
2019-12-02,3.5942,7.9196,0.0,-0.008494,-0.0,0.194619
2019-12-03,6.4615,7.9196,0.0,-0.006707,-0.0,0.194619
2019-12-04,8.6311,8.0662,1.0,0.00617,0.00617,0.201989
2019-12-05,8.5499,8.1127,1.0,0.001798,0.001798,0.204151
2019-12-06,8.038,8.0728,0.0,0.009134,0.0,0.204151
2019-12-09,8.5148,8.0728,1.0,-0.003144,-0.003144,0.200365
2019-12-10,9.5834,8.1127,1.0,-0.001115,-0.001115,0.199026
2019-12-11,10.0715,8.2406,1.0,0.002839,0.002839,0.20243
2019-12-12,7.2213,8.2406,0.0,0.008619,0.0,0.20243
2019-12-13,7.4703,8.2406,0.0,0.000599,0.0,0.20243
2019-12-16,6.1582,8.2406,0.0,0.00687,0.0,0.20243
2019-12-17,6.9452,8.2406,0.0,0.000219,0.0,0.20243
2019-12-18,3.9184,8.2406,0.0,6.3e-05,0.0,0.20243
2019-12-19,3.5087,8.2406,0.0,0.004099,0.0,0.20243
2019-12-20,5.7851,8.2406,0.0,0.004384,0.0,0.20243
2019-12-23,4.581,8.2406,0.0,0.001528,0.0,0.20243
2019-12-24,6.8097,8.2406,0.0,3.1e-05,0.0,0.20243
2019-12-26,7.6848,8.2406,0.0,0.005323,0.0,0.20243
2019-12-27,4.7287,8.2406,0.0,-0.000248,-0.0,0.20243
2019-12-30,3.9794,8.1127,0.0,-0.005513,-0.0,0.20243
2019-12-31,4.1986,8.1127,0.0,0.002429,0.0,0.20243
2020-01-02,2.2334,8.1127,0.0,0.009352,0.0,0.20243
2020-01-03,3.2904,8.0728,0.0,-0.007572,-0.0,0.20243
2020-01-06,3.4712,8.0728,0.0,0.003815,0.0,0.20243
2020-01-07,2.9977,8.0728,0.0,-0.002811,-0.0,0.20243
2020-01-08,2.0026,8.0728,0.0,0.00533,0.0,0.20243
2020-01-09,2.2724,8.0728,0.0,0.00678,0.0,0.20243
2020-01-10,2.6176,8.0728,0.0,-0.002878,-0.0,0.20243
2020-01-13,3.1041,8.0728,0.0,0.006878,0.0,0.20243
2020-01-14,3.8883,8.0728,0.0,-0.001525,-0.0,0.20243
2020-01-15,1.9685,7.9262,0.0,0.00226,0.0,0.20243
2020-01-16,-1.1535,7.7496,0.0,0.008318,0.0,0.20243
2020-01-17,-0.9858,7.5775,0.0,0.003113,0.0,0.20243
2020-01-21,-1.532,7.3458,0.0,-0.001958,-0.0,0.20243
2020-01-22,-0.4636,7.0832,0.0,0.000121,0.0,0.20243
2020-01-23,-2.0556,6.8774,0.0,0.001147,0.0,0.20243
2020-01-24,-2.5226,6.6356,0.0,-0.008894,-0.0,0.20243
2020-01-27,1.0223,6.3099,0.0,-0.016029,-0.0,0.20243
2020-01-28,3.0335,5.9717,0.0,0.010479,0.0,0.20243
2020-01-29,3.5183,5.7523,0.0,-0.000826,-0.0,0.20243
2020-01-30,2.683,5.5081,0.0,0.003245,0.0,0.20243
2020-01-31,0.966,5.2687,0.0,-0.018158,-0.0,0.20243
2020-02-03,0.9439,5.031,0.0,0.007429,0.0,0.20243
2020-02-04,3.7218,5.031,0.0,0.015241,0.0,0.20243
2020-02-05,6.383,5.2687,1.0,0.011548,0.011548,0.216316
2020-02-06,7.396,5.5409,1.0,0.003365,0.003365,0.220409
2020-02-07,7.4216,5.9717,1.0,-0.005329,-0.005329,0.213905
2020-02-10,8.1842,6.2706,1.0,0.007465,0.007465,0.222967
2020-02-11,11.0087,6.4222,1.0,0.001733,0.001733,0.225087
2020-02-12,9.0118,6.6356,1.0,0.006443,0.006443,0.23298
2020-02-13,8.8452,6.8774,1.0,-0.001067,-0.001067,0.231664
2020-02-14,11.7189,7.0832,1.0,0.001602,0.001602,0.233637
2020-02-18,12.7129,7.3086,1.0,-0.002577,-0.002577,0.230458
2020-02-19,16.8536,7.4088,1.0,0.004781,0.004781,0.236341
2020-02-20,15.0908,7.4459,1.0,-0.004108,-0.004108,0.231262
2020-02-21,16.7011,7.5775,1.0,-0.010298,-0.010298,0.218583
2020-02-24,16.2631,7.8614,1.0,-0.033165,-0.033165,0.178168
2020-02-25,16.3528,8.1111,1.0,-0.030302,-0.030302,0.142468
2020-02-26,16.0444,8.3495,1.0,-0.003678,-0.003678,0.138266
2020-02-27,16.6906,8.5324,1.0,-0.044912,-0.044912,0.087144
2020-02-28,15.3007,8.5905,1.0,-0.004201,-0.004201,0.082577
2020-03-02,15.7553,8.7381,1.0,0.043306,0.043306,0.129459
2020-03-03,14.2351,8.9285,1.0,-0.028633,-0.028633,0.097119
2020-03-04,11.3093,9.2976,1.0,0.042033,0.042033,0.143234
2020-03-05,12.1324,9.8274,1.0,-0.033241,-0.033241,0.105232
2020-03-06,12.3962,10.5401,1.0,-0.016531,-0.016531,0.086961
2020-03-09,12.4398,11.159,1.0,-0.078095,-0.078095,0.002075
2020-03-10,10.8633,11.159,0.0,0.051745,0.0,0.002075
2020-03-11,10.2687,11.159,0.0,-0.048748,-0.0,0.002075
2020-03-12,13.2178,11.5141,1.0,-0.095677,-0.095677,-0.0938
2020-03-13,15.2214,11.9257,1.0,0.085486,0.085486,-0.016333
2020-03-16,20.3466,12.2643,1.0,-0.109424,-0.109424,-0.12397
2020-03-17,20.3702,12.418,1.0,0.053992,0.053992,-0.076671
2020-03-18,16.9057,12.5764,1.0,-0.050633,-0.050633,-0.123422
2020-03-19,17.6048,12.9653,1.0,0.002125,0.002125,-0.121559
2020-03-20,17.4687,13.7264,1.0,-0.043094,-0.043094,-0.159415
2020-03-23,18.6404,14.663,1.0,-0.025568,-0.025568,-0.180907
2020-03-24,19.0597,15.1561,1.0,0.090603,0.090603,-0.106695
2020-03-25,19.6952,15.261,1.0,0.01497,0.01497,-0.093322
2020-03-26,16.1656,15.528,1.0,0.05839,0.05839,-0.040381
2020-03-27,14.4238,15.528,0.0,-0.029786,-0.0,-0.040381
2020-03-30,14.5151,15.528,0.0,0.032476,0.0,-0.040381
2020-03-31,12.3362,15.528,0.0,-0.014905,-0.0,-0.040381
2020-04-01,14.2553,15.528,0.0,-0.045005,-0.0,-0.040381
2020-04-02,16.9659,15.8998,1.0,0.023075,0.023075,-0.018238
2020-04-03,16.3037,16.105,1.0,-0.014454,-0.014454,-0.032428
2020-04-06,14.9131,16.105,0.0,0.067166,0.0,-0.032428
2020-04-07,16.563,16.2143,1.0,0.00102,0.00102,-0.031441
2020-04-08,15.7028,16.2143,0.0,0.033568,0.0,-0.031441
2020-04-09,15.5057,16.2143,0.0,0.015217,0.0,-0.031441
2020-04-13,13.4393,16.2143,0.0,-0.00913,-0.0,-0.031441
2020-04-14,13.3011,16.2143,0.0,0.029493,0.0,-0.031441
2020-04-15,14.5688,16.2143,0.0,-0.021248,-0.0,-0.031441
2020-04-16,11.87,16.2143,0.0,0.004824,0.0,-0.031441
2020-04-17,11.5298,16.2143,0.0,0.027015,0.0,-0.031441
2020-04-20,11.5265,16.2143,0.0,-0.017618,-0.0,-0.031441
2020-04-21,9.7516,16.2143,0.0,-0.030363,-0.0,-0.031441
2020-04-22,10.0438,16.2143,0.0,0.022195,0.0,-0.031441
2020-04-23,7.9554,16.2143,0.0,-7.2e-05,-0.0,-0.031441
2020-04-24,9.0911,16.2143,0.0,0.013939,0.0,-0.031441
2020-04-27,7.268,16.2143,0.0,0.014418,0.0,-0.031441
2020-04-28,8.225,16.2143,0.0,-0.004599,-0.0,-0.031441
2020-04-29,6.3552,16.2143,0.0,0.026179,0.0,-0.031441
2020-04-30,8.175,16.2143,0.0,-0.009311,-0.0,-0.031441
2020-05-01,7.4618,16.2143,0.0,-0.026473,-0.0,-0.031441
2020-05-04,8.878,16.2143,0.0,0.002758,0.0,-0.031441
2020-05-05,12.1505,16.2143,0.0,0.00924,0.0,-0.031441
2020-05-06,13.4296,16.2143,0.0,-0.006779,-0.0,-0.031441
2020-05-07,12.3168,16.2143,0.0,0.012067,0.0,-0.031441
2020-05-08,9.454,16.2143,0.0,0.016546,0.0,-0.031441
2020-05-11,11.5628,16.2143,0.0,0.000205,0.0,-0.031441
2020-05-12,13.5856,16.2143,0.0,-0.019931,-0.0,-0.031441
2020-05-13,12.929,16.2143,0.0,-0.017686,-0.0,-0.031441
2020-05-14,13.3785,16.2143,0.0,0.011967,0.0,-0.031441
2020-05-15,13.5331,16.2143,0.0,0.004597,0.0,-0.031441
2020-05-18,10.8096,16.2143,0.0,0.03046,0.0,-0.031441
2020-05-19,12.4176,16.105,0.0,-0.010271,-0.0,-0.031441
2020-05-20,10.8999,16.105,0.0,0.016988,0.0,-0.031441
2020-05-21,8.5914,15.8998,0.0,-0.006904,-0.0,-0.031441
2020-05-22,6.9819,15.729,0.0,0.001899,0.0,-0.031441
2020-05-26,8.9472,15.6042,0.0,0.012321,0.0,-0.031441
2020-05-27,9.8524,15.4032,0.0,0.014879,0.0,-0.031441
2020-05-28,9.6018,15.261,0.0,-0.001845,-0.0,-0.031441
2020-05-29,12.6135,15.0673,0.0,0.004456,0.0,-0.031441
2020-06-01,10.6592,14.741,0.0,0.004042,0.0,-0.031441
2020-06-02,9.3275,14.741,0.0,0.00828,0.0,-0.031441
2020-06-03,11.4305,14.741,0.0,0.013308,0.0,-0.031441
2020-06-04,9.8877,14.741,0.0,-0.002627,-0.0,-0.031441
2020-06-05,7.6379,14.741,0.0,0.02563,0.0,-0.031441
2020-06-08,6.9584,14.741,0.0,0.012087,0.0,-0.031441
2020-06-09,7.6165,14.741,0.0,-0.007457,-0.0,-0.031441
2020-06-10,6.2339,14.741,0.0,-0.00558,-0.0,-0.031441
2020-06-11,3.8925,14.741,0.0,-0.057649,-0.0,-0.031441
2020-06-12,6.2348,14.542,0.0,0.011976,0.0,-0.031441
2020-06-15,0.5797,14.4694,0.0,0.009336,0.0,-0.031441
2020-06-16,5.2206,14.3395,0.0,0.019247,0.0,-0.031441
2020-06-17,-0.0957,13.9204,0.0,-0.004154,-0.0,-0.031441
2020-06-18,3.8888,13.5594,0.0,0.000385,0.0,-0.031441
2020-06-19,5.6919,13.4862,0.0,-0.005715,-0.0,-0.031441
2020-06-22,13.6509,13.4862,1.0,0.006416,0.006416,-0.025227
2020-06-23,14.6989,13.4862,1.0,0.004604,0.004604,-0.020739
2020-06-24,12.5341,13.4345,0.0,-0.025509,-0.0,-0.020739
2020-06-25,12.2271,13.4041,0.0,0.010721,0.0,-0.020739
2020-06-26,9.2387,13.3398,0.0,-0.023752,-0.0,-0.020739
2020-06-29,11.8664,13.1151,0.0,0.014698,0.0,-0.020739
2020-06-30,10.3863,13.1151,0.0,0.012809,0.0,-0.020739
2020-07-01,8.9656,12.7713,0.0,0.007005,0.0,-0.020739
2020-07-02,9.799,12.5738,0.0,0.005507,0.0,-0.020739
2020-07-06,8.0693,12.4759,0.0,0.015437,0.0,-0.020739
2020-07-07,11.2352,12.3672,0.0,-0.010314,-0.0,-0.020739
2020-07-08,10.9119,12.272,0.0,0.007648,0.0,-0.020739
2020-07-09,12.7915,12.272,1.0,-0.005693,-0.005693,-0.026314
2020-07-10,7.6692,12.1888,0.0,0.010211,0.0,-0.026314
2020-07-13,9.8304,12.0102,0.0,-0.008659,-0.0,-0.026314
2020-07-14,10.0748,11.8682,0.0,0.012959,0.0,-0.026314
2020-07-15,9.2193,11.7146,0.0,0.009187,0.0,-0.026314
2020-07-16,10.1877,11.5463,0.0,-0.003294,-0.0,-0.026314
2020-07-17,9.6649,11.5446,0.0,0.002899,0.0,-0.026314
2020-07-20,9.0961,11.4966,0.0,0.008082,0.0,-0.026314
2020-07-21,7.8674,11.4966,0.0,0.002127,0.0,-0.026314
2020-07-22,10.4083,11.4966,0.0,0.005692,0.0,-0.026314
2020-07-23,9.7567,11.4966,0.0,-0.011932,-0.0,-0.026314
2020-07-24,13.2184,11.7146,1.0,-0.00644,-0.00644,-0.032585
2020-07-27,10.5381,11.7146,0.0,0.007292,0.0,-0.032585
2020-07-28,8.5116,11.7146,0.0,-0.006343,-0.0,-0.032585
2020-07-29,9.6651,11.7146,0.0,0.012299,0.0,-0.032585
2020-07-30,7.5368,11.7146,0.0,-0.003568,-0.0,-0.032585
2020-07-31,5.3054,11.7146,0.0,0.007902,0.0,-0.032585
2020-08-03,6.4687,11.7146,0.0,0.006952,0.0,-0.032585
2020-08-04,5.7983,11.4966,0.0,0.003863,0.0,-0.032585
2020-08-05,5.7881,11.3329,0.0,0.006211,0.0,-0.032585
2020-08-06,5.2646,11.0736,0.0,0.006685,0.0,-0.032585
2020-08-07,7.5178,11.0736,0.0,0.000718,0.0,-0.032585
2020-08-10,7.0455,10.9059,0.0,0.002989,0.0,-0.032585
2020-08-11,5.9059,10.8547,0.0,-0.008255,-0.0,-0.032585
2020-08-12,6.068,10.7344,0.0,0.013943,0.0,-0.032585
2020-08-13,7.6817,10.5987,0.0,-0.001808,-0.0,-0.032585
2020-08-14,4.8442,10.4732,0.0,3e-05,0.0,-0.032585
2020-08-17,7.1103,10.3973,0.0,0.003177,0.0,-0.032585
2020-08-18,7.6255,10.287,0.0,0.00216,0.0,-0.032585
2020-08-19,10.0555,10.1312,0.0,-0.004164,-0.0,-0.032585
2020-08-20,8.3053,10.1312,0.0,0.003114,0.0,-0.032585
2020-08-21,9.6709,10.1312,0.0,0.003547,0.0,-0.032585
2020-08-24,10.5018,10.287,1.0,0.010133,0.010133,-0.022782
2020-08-25,10.7329,10.3973,1.0,0.003499,0.003499,-0.019363
2020-08-26,6.6207,10.3973,0.0,0.010026,0.0,-0.019363
2020-08-27,9.7586,10.287,0.0,0.002186,0.0,-0.019363
2020-08-28,8.4596,10.1312,0.0,0.006459,0.0,-0.019363
2020-08-31,10.7219,10.287,1.0,-0.003622,-0.003622,-0.022914
2020-09-01,13.1021,10.287,1.0,0.009418,0.009418,-0.013712
2020-09-02,15.3451,10.3973,1.0,0.014464,0.014464,0.000553
2020-09-03,14.3034,10.4551,1.0,-0.034414,-0.034414,-0.03388
2020-09-04,12.4383,10.52,1.0,-0.008165,-0.008165,-0.041768
2020-09-08,12.5276,10.63,1.0,-0.027323,-0.027323,-0.06795
2020-09-09,13.7833,10.7274,1.0,0.019748,0.019748,-0.049544
2020-09-10,12.5199,10.8224,1.0,-0.017364,-0.017364,-0.066047
2020-09-11,10.6567,10.8224,0.0,0.000509,0.0,-0.066047
2020-09-14,9.1967,10.8224,0.0,0.013171,0.0,-0.066047
2020-09-15,9.7821,10.8224,0.0,0.005053,0.0,-0.066047
2020-09-16,10.9687,10.9403,1.0,-0.003969,-0.003969,-0.069754
2020-09-17,10.2067,10.9403,0.0,-0.008795,-0.0,-0.069754
2020-09-18,10.1984,10.9403,0.0,-0.011513,-0.0,-0.069754
2020-09-21,9.984,10.8224,0.0,-0.01113,-0.0,-0.069754
2020-09-22,9.0788,10.7274,0.0,0.010184,0.0,-0.069754
2020-09-23,9.4638,10.6893,0.0,-0.023191,-0.0,-0.069754
2020-09-24,8.9411,10.5974,0.0,0.002666,0.0,-0.069754
2020-09-25,9.8121,10.5974,0.0,0.016167,0.0,-0.069754
2020-09-28,9.7794,10.52,0.0,0.01661,0.0,-0.069754
2020-09-29,11.5592,10.5974,1.0,-0.005446,-0.005446,-0.07482
2020-09-30,9.1042,10.5974,0.0,0.007582,0.0,-0.07482
2020-10-01,8.7528,10.5974,0.0,0.00642,0.0,-0.07482
2020-10-02,11.122,10.6893,1.0,-0.009494,-0.009494,-0.083604
2020-10-05,12.3894,10.6893,1.0,0.017733,0.017733,-0.067354
2020-10-06,10.9035,10.6893,1.0,-0.014216,-0.014216,-0.080612
2020-10-07,13.5889,10.6893,1.0,0.017406,0.017406,-0.064609
2020-10-08,12.1565,10.7274,1.0,0.008863,0.008863,-0.056319
2020-10-09,11.6029,10.8182,1.0,0.00893,0.00893,-0.047892
2020-10-12,11.4181,10.9361,1.0,0.016088,0.016088,-0.032574
2020-10-13,9.7127,10.9361,0.0,-0.006526,-0.0,-0.032574
2020-10-14,11.2025,11.0454,1.0,-0.006283,-0.006283,-0.038653
2020-10-15,10.6367,11.0454,0.0,-0.001236,-0.0,-0.038653
2020-10-16,11.555,11.1623,1.0,-0.000604,-0.000604,-0.039233
2020-10-19,10.4629,11.1623,0.0,-0.015204,-0.0,-0.039233
2020-10-20,9.4437,11.1623,0.0,0.004006,0.0,-0.039233
2020-10-21,8.2285,11.1623,0.0,-0.001893,-0.0,-0.039233
2020-10-22,7.4582,11.0454,0.0,0.005485,0.0,-0.039233
2020-10-23,12.7697,11.1623,1.0,0.003395,0.003395,-0.035971
2020-10-26,9.6358,11.1623,0.0,-0.01848,-0.0,-0.035971
2020-10-27,12.6826,11.3103,1.0,-0.003447,-0.003447,-0.039294
2020-10-28,15.8557,11.4865,1.0,-0.034179,-0.034179,-0.07213
2020-10-29,16.4065,11.5571,1.0,0.010164,0.010164,-0.062699
2020-10-30,17.2317,11.5811,1.0,-0.010425,-0.010425,-0.072471
2020-11-02,16.696,11.8797,1.0,0.011208,0.011208,-0.062075
2020-11-03,14.6872,12.2729,1.0,0.017656,0.017656,-0.045515
2020-11-04,14.1661,12.4138,1.0,0.022349,0.022349,-0.024183
2020-11-05,14.8574,12.4791,1.0,0.019503,0.019503,-0.005152
2020-11-06,13.6752,12.5238,1.0,-0.000228,-0.000228,-0.005379
2020-11-09,11.2628,12.5238,0.0,0.012566,0.0,-0.005379
2020-11-10,12.5355,12.5316,1.0,-0.001466,-0.001466,-0.006837
2020-11-11,11.2782,12.5316,0.0,0.007428,0.0,-0.006837
2020-11-12,11.5873,12.5316,0.0,-0.009701,-0.0,-0.006837
2020-11-13,13.8957,12.609,1.0,0.013844,0.013844,0.006912
2020-11-16,10.6403,12.609,0.0,0.012483,0.0,0.006912
2020-11-17,11.6589,12.609,0.0,-0.005378,-0.0,0.006912
2020-11-18,12.5384,12.6105,0.0,-0.012035,-0.0,0.006912
2020-11-19,14.7303,12.7261,1.0,0.00421,0.00421,0.011152
2020-11-20,14.7019,12.9359,1.0,-0.006848,-0.006848,0.004227
2020-11-23,14.8445,13.3455,1.0,0.005995,0.005995,0.010248
2020-11-24,14.253,13.6321,1.0,0.016114,0.016114,0.026527
2020-11-25,9.5846,13.6321,0.0,-0.001542,-0.0,0.026527
2020-11-27,11.9205,13.6321,0.0,0.002785,0.0,0.026527
2020-11-30,12.7729,13.6321,0.0,-0.004427,-0.0,0.026527
2020-12-01,13.1036,13.6321,0.0,0.010937,0.0,0.026527
2020-12-02,14.3985,13.6321,1.0,0.002104,0.002104,0.028686
2020-12-03,12.0399,13.3463,0.0,-0.000273,-0.0,0.028686
2020-12-04,12.5198,13.3463,0.0,0.008618,0.0,0.028686
2020-12-07,9.0584,13.3463,0.0,-0.002055,-0.0,0.028686
2020-12-08,10.9705,12.9382,0.0,0.002926,0.0,0.028686
2020-12-09,12.9477,13.0256,0.0,-0.008969,-0.0,0.028686
2020-12-10,10.3944,13.0256,0.0,-0.000327,-0.0,0.028686
2020-12-11,17.828,13.3463,1.0,-0.001172,-0.001172,0.027481
2020-12-14,14.4312,13.6321,1.0,-0.004477,-0.004477,0.022881
2020-12-15,19.6206,13.7854,1.0,0.013519,0.013519,0.036709
2020-12-16,15.9615,14.0309,1.0,0.00157,0.00157,0.038337
2020-12-17,14.1929,14.1795,1.0,0.005592,0.005592,0.044143
2020-12-18,8.5347,14.1795,0.0,-0.003993,-0.0,0.044143
2020-12-21,6.6873,14.1795,0.0,-0.003576,-0.0,0.044143
2020-12-22,9.5458,14.1795,0.0,-0.001685,-0.0,0.044143
2020-12-23,9.3334,14.1795,0.0,0.000899,0.0,0.044143
2020-12-24,11.8314,14.1795,0.0,0.00389,0.0,0.044143
2020-12-28,12.4242,14.1795,0.0,0.008591,0.0,0.044143
2020-12-29,14.1628,14.1795,0.0,-0.001908,-0.0,0.044143
2020-12-30,14.566,14.2229,1.0,0.001427,0.001427,0.045633
2020-12-31,15.1537,14.3257,1.0,0.005081,0.005081,0.050946
2021-01-04,13.4743,14.3257,0.0,-0.013614,-0.0,0.050946
2021-01-05,11.4057,14.3257,0.0,0.006887,0.0,0.050946
2021-01-06,12.9463,14.3257,0.0,0.005979,0.0,0.050946
2021-01-07,13.2485,14.3257,0.0,0.014858,0.0,0.050946
2021-01-08,18.0457,14.4148,1.0,0.005698,0.005698,0.056934
2021-01-11,16.3982,14.4986,1.0,-0.006741,-0.006741,0.04981
2021-01-12,14.5897,14.5778,1.0,0.000211,0.000211,0.050031
2021-01-13,16.0098,14.6384,1.0,0.002693,0.002693,0.052859
2021-01-14,13.7178,14.6384,0.0,-0.003502,-0.0,0.052859
2021-01-15,15.6307,14.6945,1.0,-0.007293,-0.007293,0.04518
2021-01-19,15.7089,14.7161,1.0,0.007852,0.007852,0.053387
2021-01-20,18.8904,14.7874,1.0,0.013839,0.013839,0.067965
2021-01-21,14.3204,14.7874,0.0,0.000912,0.0,0.067965
2021-01-22,14.8292,14.8369,0.0,-0.003539,-0.0,0.067965
2021-01-25,13.3702,14.8369,0.0,0.003944,0.0,0.067965
2021-01-26,12.6343,14.8369,0.0,-0.001561,-0.0,0.067965
2021-01-27,12.4928,14.8369,0.0,-0.024441,-0.0,0.067965
2021-01-28,10.0286,14.8369,0.0,0.0086,0.0,0.067965
2021-01-29,13.2287,14.7798,0.0,-0.02002,-0.0,0.067965
2021-02-01,18.0202,14.7798,1.0,0.016646,0.016646,0.085742
2021-02-02,16.4321,14.7798,1.0,0.01414,0.01414,0.101095
2021-02-03,14.9739,14.7798,1.0,0.000786,0.000786,0.10196
2021-02-04,13.1095,14.7798,0.0,0.011366,0.0,0.10196
2021-02-05,14.7798,14.8045,0.0,0.003936,0.0,0.10196
2021-02-08,16.0738,14.8045,1.0,0.007222,0.007222,0.109918
2021-02-09,18.0818,14.8369,1.0,-0.000666,-0.000666,0.109179
2021-02-10,16.0706,14.9092,1.0,-0.000436,-0.000436,0.108696
2021-02-11,12.9488,14.9092,0.0,0.001615,0.0,0.108696
2021-02-12,14.4107,14.9092,0.0,0.00494,0.0,0.108696
2021-02-16,17.1161,15.0638,1.0,-0.000866,-0.000866,0.107735
2021-02-17,14.9757,15.0647,0.0,0.000229,0.0,0.107735
2021-02-18,15.626,15.3899,1.0,-0.004256,-0.004256,0.103021
2021-02-19,13.0632,15.3899,0.0,-0.001766,-0.0,0.103021
2021-02-22,15.9706,15.6283,1.0,-0.007692,-0.007692,0.094536
2021-02-23,16.7756,15.6698,1.0,0.001214,0.001214,0.095865
2021-02-24,17.1646,15.8352,1.0,0.011019,0.011019,0.107941
2021-02-25,18.2964,15.966,1.0,-0.024096,-0.024096,0.081244
2021-02-26,19.5827,15.9902,1.0,-0.005152,-0.005152,0.075673
2021-03-01,16.8009,16.0402,1.0,0.02424,0.02424,0.101747
2021-03-02,18.9499,16.0722,1.0,-0.007803,-0.007803,0.09315
2021-03-03,19.3293,16.236,1.0,-0.013246,-0.013246,0.078671
2021-03-04,18.2904,16.4151,1.0,-0.012375,-0.012375,0.065322
2021-03-05,17.0529,16.6038,1.0,0.018396,0.018396,0.08492
2021-03-08,17.0632,16.7883,1.0,-0.004979,-0.004979,0.079518
2021-03-09,21.1014,16.9269,1.0,0.014278,0.014278,0.094931
2021-03-10,21.0636,17.0581,1.0,0.006224,0.006224,0.101746
2021-03-11,20.0552,17.0896,1.0,0.010139,0.010139,0.112917
2021-03-12,18.4154,17.1403,1.0,0.001347,0.001347,0.114416
2021-03-15,18.1132,17.4963,1.0,0.005964,0.005964,0.121062
2021-03-16,16.4033,17.1403,0.0,-0.001262,-0.0,0.121062
2021-03-17,18.4675,17.5924,1.0,0.00341,0.00341,0.124885
2021-03-18,16.9472,17.1403,0.0,-0.01455,-0.0,0.124885
2021-03-19,16.9835,17.1403,0.0,-0.001851,-0.0,0.124885
2021-03-22,16.6515,17.1403,0.0,0.007985,0.0,0.124885
2021-03-23,16.322,17.1403,0.0,-0.007871,-0.0,0.124885
2021-03-24,16.2804,17.1403,0.0,-0.005083,-0.0,0.124885
2021-03-25,15.9006,17.1403,0.0,0.005625,0.0,0.124885
2021-03-26,15.174,17.1403,0.0,0.016115,0.0,0.124885
2021-03-29,15.4038,17.1403,0.0,-0.000505,-0.0,0.124885
2021-03-30,14.5419,17.1403,0.0,-0.002653,-0.0,0.124885
2021-03-31,12.9142,17.1403,0.0,0.004053,0.0,0.124885
2021-04-01,17.1681,17.1664,1.0,0.010799,0.010799,0.137033
2021-04-05,16.1393,17.1664,0.0,0.014353,0.0,0.137033
2021-04-06,15.9404,17.1664,0.0,-0.000591,-0.0,0.137033
2021-04-07,17.7244,17.4463,1.0,0.001157,0.001157,0.138348
2021-04-08,15.8173,17.4463,0.0,0.004747,0.0,0.138348
2021-04-09,16.3174,17.4463,0.0,0.00727,0.0,0.138348
2021-04-12,17.2094,17.1888,1.0,0.000365,0.000365,0.138764
2021-04-13,20.3892,17.4669,1.0,0.002964,0.002964,0.142139
2021-04-14,20.5539,17.8723,1.0,-0.003415,-0.003415,0.138239
2021-04-15,21.8251,18.051,1.0,0.010742,0.010742,0.150466
2021-04-16,24.9437,18.0975,1.0,0.003343,0.003343,0.154312
2021-04-19,22.8484,18.2018,1.0,-0.004913,-0.004913,0.14864
2021-04-20,24.5085,18.2934,1.0,-0.007321,-0.007321,0.140231
2021-04-21,23.5534,18.2934,1.0,0.009462,0.009462,0.15102
2021-04-22,25.5109,18.3559,1.0,-0.009133,-0.009133,0.140508
2021-04-23,24.191,18.4415,1.0,0.010843,0.010843,0.152874
2021-04-26,25.0466,18.7087,1.0,0.002088,0.002088,0.155282
2021-04-27,20.3219,19.1396,1.0,-0.000216,-0.000216,0.155032
2021-04-28,18.7165,19.1396,0.0,-0.000287,-0.0,0.155032
2021-04-29,18.9873,19.1583,0.0,0.006373,0.0,0.155032
2021-04-30,16.7188,19.1583,0.0,-0.006571,-0.0,0.155032
2021-05-03,20.8674,19.456,1.0,0.002157,0.002157,0.157523
2021-05-04,19.6168,19.5997,1.0,-0.006169,-0.006169,0.150383
2021-05-05,15.717,19.5997,0.0,0.000313,0.0,0.150383
2021-05-06,16.2316,19.5997,0.0,0.007986,0.0,0.150383
2021-05-07,15.7804,19.5997,0.0,0.007278,0.0,0.150383
2021-05-10,20.0548,19.8358,1.0,-0.009902,-0.009902,0.138992
2021-05-11,19.9235,19.9892,0.0,-0.008925,-0.0,0.138992
2021-05-12,20.7446,20.055,1.0,-0.021245,-0.021245,0.114794
2021-05-13,22.3316,20.1886,1.0,0.012013,0.012013,0.128186
2021-05-14,24.3868,20.3556,1.0,0.015355,0.015355,0.145509
2021-05-17,25.3258,20.4716,1.0,-0.002545,-0.002545,0.142594
2021-05-18,21.8564,20.6492,1.0,-0.008616,-0.008616,0.132749
2021-05-19,22.1381,20.806,1.0,-0.002622,-0.002622,0.129779
2021-05-20,25.6011,20.9655,1.0,0.010758,0.010758,0.141933
2021-05-21,23.2903,21.0825,1.0,-0.000819,-0.000819,0.140998
2021-05-24,21.8891,21.4632,1.0,0.010194,0.010194,0.152629
2021-05-25,24.5338,21.8407,1.0,-0.002219,-0.002219,0.150072
2021-05-26,19.357,21.8407,0.0,0.001985,0.0,0.150072
2021-05-27,23.5492,21.8727,1.0,0.000525,0.000525,0.150675
2021-05-28,26.5805,22.0136,1.0,0.001789,0.001789,0.152734
2021-06-01,22.0052,22.0717,0.0,-0.000881,-0.0,0.152734
2021-06-02,19.5655,22.0717,0.0,0.001573,0.0,0.152734
2021-06-03,14.0591,22.0717,0.0,-0.003711,-0.0,0.152734
2021-06-04,13.956,22.0717,0.0,0.009146,0.0,0.152734
2021-06-07,10.9676,22.0717,0.0,-0.00097,-0.0,0.152734
2021-06-08,16.2872,22.0717,0.0,0.000213,0.0,0.152734
2021-06-09,15.8331,22.0717,0.0,-0.001492,-0.0,0.152734
2021-06-10,18.2972,22.0717,0.0,0.004648,0.0,0.152734
2021-06-11,16.5557,22.0717,0.0,0.001653,0.0,0.152734
2021-06-14,18.6198,22.0717,0.0,0.002239,0.0,0.152734
2021-06-15,19.3183,22.0717,0.0,-0.001834,-0.0,0.152734
2021-06-16,18.9363,22.0717,0.0,-0.005583,-0.0,0.152734
2021-06-17,16.3592,22.0717,0.0,-0.000331,-0.0,0.152734
2021-06-18,16.9884,22.0717,0.0,-0.013491,-0.0,0.152734
2021-06-21,19.047,22.0717,0.0,0.014316,0.0,0.152734
2021-06-22,15.8012,22.0717,0.0,0.005346,0.0,0.152734
2021-06-23,14.6159,22.0717,0.0,-0.001205,-0.0,0.152734
2021-06-24,14.3642,22.0717,0.0,0.005916,0.0,0.152734
2021-06-25,17.289,22.0717,0.0,0.003552,0.0,0.152734
2021-06-28,15.6247,22.0717,0.0,0.002016,0.0,0.152734
2021-06-29,14.3297,22.0717,0.0,0.000538,0.0,0.152734
2021-06-30,15.9853,22.0717,0.0,0.000842,0.0,0.152734
2021-07-01,19.7939,22.0717,0.0,0.005536,0.0,0.152734
2021-07-02,18.7299,22.0717,0.0,0.007644,0.0,0.152734
2021-07-06,19.9704,22.0717,0.0,-0.001822,-0.0,0.152734
2021-07-07,18.0149,22.0717,0.0,0.003534,0.0,0.152734
2021-07-08,17.7635,22.0717,0.0,-0.008148,-0.0,0.152734
2021-07-09,16.2722,22.0717,0.0,0.010675,0.0,0.152734
2021-07-12,14.6268,22.0717,0.0,0.003582,0.0,0.152734
2021-07-13,13.0991,22.0717,0.0,-0.003409,-0.0,0.152734
2021-07-14,12.2768,22.0717,0.0,0.001492,0.0,0.152734
2021-07-15,12.4862,22.0717,0.0,-0.003415,-0.0,0.152734
2021-07-16,11.3781,21.9471,0.0,-0.007844,-0.0,0.152734
2021-07-19,9.2434,21.8727,0.0,-0.014768,-0.0,0.152734
2021-07-20,8.7763,21.3619,0.0,0.01433,0.0,0.152734
2021-07-21,9.6717,20.806,0.0,0.008096,0.0,0.152734
2021-07-22,8.5606,20.5333,0.0,0.002094,0.0,0.152734
2021-07-23,10.2335,20.1883,0.0,0.010288,0.0,0.152734
2021-07-26,12.2993,20.0126,0.0,0.002455,0.0,0.152734
2021-07-27,12.3344,19.947,0.0,-0.004558,-0.0,0.152734
2021-07-28,11.1168,19.947,0.0,-0.00041,-0.0,0.152734
2021-07-29,11.227,19.947,0.0,0.004148,0.0,0.152734
2021-07-30,8.6586,19.947,0.0,-0.004857,-0.0,0.152734
2021-08-02,5.3957,19.8587,0.0,-0.002098,-0.0,0.152734
2021-08-03,4.9929,19.8587,0.0,0.008135,0.0,0.152734
2021-08-04,6.1305,19.8587,0.0,-0.004919,-0.0,0.152734
2021-08-05,5.9703,19.8587,0.0,0.006333,0.0,0.152734
2021-08-06,5.4317,19.8587,0.0,0.001652,0.0,0.152734
2021-08-09,-0.8563,19.6797,0.0,-0.000813,-0.0,0.152734
2021-08-10,-1.2771,19.4612,0.0,0.001244,0.0,0.152734
2021-08-11,-0.9107,19.3377,0.0,0.002485,0.0,0.152734
2021-08-12,2.3201,19.1826,0.0,0.002997,0.0,0.152734
2021-08-13,0.8871,18.9916,0.0,0.00182,0.0,0.152734
2021-08-16,0.5773,18.8331,0.0,0.002355,0.0,0.152734
2021-08-17,0.7338,18.6748,0.0,-0.006556,-0.0,0.152734
2021-08-18,1.7672,18.4585,0.0,-0.010945,-0.0,0.152734
2021-08-19,3.6731,18.156,0.0,0.001548,0.0,0.152734
2021-08-20,2.7817,17.8892,0.0,0.007957,0.0,0.152734
2021-08-23,2.9336,17.5262,0.0,0.008796,0.0,0.152734
2021-08-24,3.432,17.1387,0.0,0.001587,0.0,0.152734
2021-08-25,2.4612,16.7721,0.0,0.002099,0.0,0.152734
2021-08-26,4.1115,16.4575,0.0,-0.005903,-0.0,0.152734
2021-08-27,5.0147,16.3232,0.0,0.008941,0.0,0.152734
2021-08-30,3.7456,16.2797,0.0,0.004398,0.0,0.152734
2021-08-31,2.6152,16.1287,0.0,-0.001482,-0.0,0.152734
2021-09-01,0.497,16.1287,0.0,0.000532,0.0,0.152734
2021-09-02,1.9294,16.1287,0.0,0.003077,0.0,0.152734
2021-09-03,1.2947,16.1287,0.0,-0.000243,-0.0,0.152734
2021-09-07,-1.302,15.9092,0.0,-0.003575,-0.0,0.152734
2021-09-08,-2.2293,15.8932,0.0,-0.001218,-0.0,0.152734
2021-09-09,-1.5697,15.713,0.0,-0.00428,-0.0,0.152734
2021-09-10,0.7233,15.1257,0.0,-0.007885,-0.0,0.152734
2021-09-13,1.9236,14.6213,0.0,0.002559,0.0,0.152734
2021-09-14,2.1773,14.4901,0.0,-0.005397,-0.0,0.152734
2021-09-15,0.3059,14.347,0.0,0.008353,0.0,0.152734
2021-09-16,1.245,13.7144,0.0,-0.001585,-0.0,0.152734
2021-09-17,0.3306,12.7926,0.0,-0.009741,-0.0,0.152734
2021-09-20,-0.0973,12.4103,0.0,-0.016674,-0.0,0.152734
2021-09-21,-0.1242,12.3168,0.0,-0.000945,-0.0,0.152734
2021-09-22,0.6427,12.288,0.0,0.009755,0.0,0.152734
2021-09-23,1.7728,11.8275,0.0,0.01215,0.0,0.152734
2021-09-24,1.8783,11.3025,0.0,0.001648,0.0,0.152734
2021-09-27,3.624,11.1719,0.0,-0.002861,-0.0,0.152734
2021-09-28,5.4946,10.6751,0.0,-0.020152,-0.0,0.152734
2021-09-29,5.3328,9.9526,0.0,0.001683,0.0,0.152734
2021-09-30,1.6296,9.4576,0.0,-0.012222,-0.0,0.152734
2021-10-01,1.582,9.0099,0.0,0.011884,0.0,0.152734
2021-10-04,0.5847,8.7174,0.0,-0.012896,-0.0,0.152734
2021-10-05,-2.381,8.6096,0.0,0.010405,0.0,0.152734
2021-10-06,-1.8535,7.3456,0.0,0.004156,0.0,0.152734
2021-10-07,-3.4697,6.0504,0.0,0.008646,0.0,0.152734
2021-10-08,-2.0502,5.7325,0.0,-0.001824,-0.0,0.152734
2021-10-11,-4.0062,5.4632,0.0,-0.00724,-0.0,0.152734
2021-10-12,-5.0455,5.4137,0.0,-0.002461,-0.0,0.152734
2021-10-13,-6.6613,5.3643,0.0,0.003598,0.0,0.152734
2021-10-14,-10.269,5.1738,0.0,0.016821,0.0,0.152734
2021-10-15,-7.6285,5.0038,0.0,0.007616,0.0,0.152734
2021-10-18,-9.9763,4.5522,0.0,0.002961,0.0,0.152734
2021-10-19,-6.4382,3.9286,0.0,0.007715,0.0,0.152734
2021-10-20,-8.7757,3.7093,0.0,0.003928,0.0,0.152734
2021-10-21,-7.753,3.6485,0.0,0.002608,0.0,0.152734
2021-10-22,-7.8486,3.528,0.0,-0.001036,-0.0,0.152734
2021-10-25,-7.871,3.1828,0.0,0.005363,0.0,0.152734
2021-10-26,-3.5221,2.8576,0.0,0.0009,0.0,0.152734
2021-10-27,-3.3115,2.6984,0.0,-0.00443,-0.0,0.152734
2021-10-28,-2.5241,2.5382,0.0,0.009649,0.0,0.152734
2021-10-29,-3.8339,2.3906,0.0,0.002029,0.0,0.152734
2021-11-01,-4.2234,2.2487,0.0,0.00172,0.0,0.152734
2021-11-02,-0.4269,2.0534,0.0,0.004043,0.0,0.152734
2021-11-03,-1.1379,1.9265,0.0,0.006105,0.0,0.152734
2021-11-04,-0.4973,1.9009,0.0,0.004712,0.0,0.152734
2021-11-05,-3.0929,1.9009,0.0,0.00347,0.0,0.152734
2021-11-08,-4.0192,1.9009,0.0,0.000854,0.0,0.152734
2021-11-09,-4.8328,1.9009,0.0,-0.003305,-0.0,0.152734
2021-11-10,-9.1713,1.8256,0.0,-0.008045,-0.0,0.152734
2021-11-11,-9.393,1.8256,0.0,0.000323,0.0,0.152734
2021-11-12,-10.5492,1.8256,0.0,0.007547,0.0,0.152734
2021-11-15,-10.0369,1.8256,0.0,0.000342,0.0,0.152734
2021-11-16,-9.8712,1.8256,0.0,0.003958,0.0,0.152734
2021-11-17,-11.5671,1.7012,0.0,-0.002429,-0.0,0.152734
2021-11-18,-8.9547,1.6058,0.0,0.003396,0.0,0.152734
2021-11-19,-6.7211,1.4384,0.0,-0.001788,-0.0,0.152734
2021-11-22,-8.7038,1.2698,0.0,-0.002815,-0.0,0.152734
2021-11-23,-4.8521,0.9842,0.0,0.001326,0.0,0.152734
2021-11-24,-6.9649,0.683,0.0,0.00267,0.0,0.152734
2021-11-26,-6.7869,0.6137,0.0,-0.022303,-0.0,0.152734
2021-11-29,-4.6993,0.5409,0.0,0.012267,0.0,0.152734
2021-11-30,-3.6139,0.4138,0.0,-0.019458,-0.0,0.152734
2021-12-01,-0.5404,0.3182,0.0,-0.011107,-0.0,0.152734
2021-12-02,-1.7751,0.1043,0.0,0.015316,0.0,0.152734
2021-12-03,3.9433,0.1043,1.0,-0.008701,-0.008701,0.142704
2021-12-06,-0.6334,0.1043,0.0,0.011843,0.0,0.142704
2021-12-07,0.6924,0.3182,1.0,0.020685,0.020685,0.166341
2021-12-08,-1.4824,0.3182,0.0,0.002648,0.0,0.166341
2021-12-09,1.2741,0.3182,1.0,-0.006752,-0.006752,0.158466
2021-12-10,0.3343,0.3182,1.0,0.009413,0.009413,0.16937
2021-12-13,-0.5128,0.1043,0.0,-0.008858,-0.0,0.16937
2021-12-14,-1.734,-0.1108,0.0,-0.00688,-0.0,0.16937
2021-12-15,1.511,-0.1108,1.0,0.015625,0.015625,0.187642
2021-12-16,-0.4011,-0.2627,0.0,-0.008819,-0.0,0.187642
2021-12-17,-2.5206,-0.414,0.0,-0.010643,-0.0,0.187642
2021-12-20,-0.2993,-0.414,1.0,-0.010633,-0.010633,0.175014
2021-12-21,1.568,-0.414,1.0,0.017759,0.017759,0.195881
2021-12-22,2.0527,-0.414,1.0,0.009999,0.009999,0.207838
2021-12-23,-1.4533,-0.4621,0.0,0.006222,0.0,0.207838
2021-12-27,0.2032,-0.4621,1.0,0.014152,0.014152,0.224932
2021-12-28,-1.5619,-0.5051,0.0,-0.000817,-0.0,0.224932
2021-12-29,-5.3334,-0.5266,0.0,0.001279,0.0,0.224932
2021-12-30,-6.7368,-0.5869,0.0,-0.002765,-0.0,0.224932
2021-12-31,-8.2681,-0.8856,0.0,-0.00252,-0.0,0.224932
2022-01-03,-8.3442,-1.2956,0.0,0.00579,0.0,0.224932
2022-01-04,-7.8456,-1.2956,0.0,-0.000335,-0.0,0.224932
2022-01-05,-8.4371,-1.2956,0.0,-0.019202,-0.0,0.224932
2022-01-06,-7.3656,-1.2956,0.0,-0.000939,-0.0,0.224932
2022-01-07,-6.9398,-1.2956,0.0,-0.003954,-0.0,0.224932
2022-01-10,-6.547,-1.2956,0.0,-0.001244,-0.0,0.224932
2022-01-11,-6.7723,-1.2956,0.0,0.009108,0.0,0.224932
2022-01-12,-7.3338,-1.2956,0.0,0.002704,0.0,0.224932
2022-01-13,-5.2126,-1.2956,0.0,-0.013779,-0.0,0.224932
2022-01-14,-3.2921,-1.2956,0.0,0.000409,0.0,0.224932
2022-01-18,-2.0485,-1.2956,0.0,-0.01771,-0.0,0.224932
2022-01-19,-3.2838,-1.2956,0.0,-0.010384,-0.0,0.224932
2022-01-20,-2.494,-1.2956,0.0,-0.011068,-0.0,0.224932
2022-01-21,-2.5752,-1.2956,0.0,-0.019631,-0.0,0.224932
2022-01-24,-5.0494,-1.2956,0.0,0.004247,0.0,0.224932
2022-01-25,-4.2304,-1.2956,0.0,-0.012209,-0.0,0.224932
2022-01-26,-2.9097,-1.2956,0.0,-0.002509,-0.0,0.224932
2022-01-27,-3.5299,-1.2956,0.0,-0.004938,-0.0,0.224932
2022-01-28,0.0607,-0.8856,1.0,0.024835,0.024835,0.255353
2022-01-31,1.5991,-0.5869,1.0,0.018011,0.018011,0.277963
2022-02-01,4.0671,-0.5266,1.0,0.006757,0.006757,0.286598
2022-02-02,4.2991,-0.5266,1.0,0.009714,0.009714,0.299096
2022-02-03,4.9058,-0.5051,1.0,-0.023505,-0.023505,0.268561
2022-02-04,7.2504,-0.457,1.0,0.004702,0.004702,0.274526
2022-02-07,12.2082,-0.3502,1.0,-0.003209,-0.003209,0.270436
2022-02-08,12.1591,-0.1193,1.0,0.008228,0.008228,0.280889
2022-02-09,14.8802,0.1319,1.0,0.014636,0.014636,0.299636
2022-02-10,12.2025,0.2687,1.0,-0.017966,-0.017966,0.276287
2022-02-11,12.6863,0.5133,1.0,-0.019719,-0.019719,0.25112
2022-02-14,13.4665,0.9832,1.0,-0.003269,-0.003269,0.24703
2022-02-15,13.4062,1.3926,1.0,0.016127,0.016127,0.26714
2022-02-16,12.3823,1.5395,1.0,0.001121,0.001121,0.268561
2022-02-17,10.1367,1.5835,1.0,-0.021361,-0.021361,0.241463
2022-02-18,12.1478,1.8259,1.0,-0.006475,-0.006475,0.233425
2022-02-22,11.2611,2.998,1.0,-0.010732,-0.010732,0.220188
2022-02-23,9.0725,4.0052,1.0,-0.017739,-0.017739,0.198543
2022-02-24,8.5657,4.1831,1.0,0.015049,0.015049,0.21658
2022-02-25,8.7056,4.6024,1.0,0.022064,0.022064,0.243422
2022-02-28,7.2094,6.0576,1.0,-0.002558,-0.002558,0.240242
2022-03-01,10.5623,7.2299,1.0,-0.01523,-0.01523,0.221353
2022-03-02,9.916,7.908,1.0,0.018396,0.018396,0.243821
2022-03-03,12.1156,8.6356,1.0,-0.004978,-0.004978,0.237629
2022-03-04,8.8377,8.7717,1.0,-0.008125,-0.008125,0.227573
2022-03-07,10.2771,8.9551,1.0,-0.029479,-0.029479,0.191386
2022-03-08,9.5832,9.3279,1.0,-0.007582,-0.007582,0.182352
2022-03-09,12.979,9.7496,1.0,0.026811,0.026811,0.214053
2022-03-10,11.1862,10.0264,1.0,-0.004516,-0.004516,0.20857
2022-03-11,9.2518,10.0264,0.0,-0.012715,-0.0,0.20857
2022-03-14,7.9356,10.0264,0.0,-0.007309,-0.0,0.20857
2022-03-15,6.8811,10.0264,0.0,0.021991,0.0,0.20857
2022-03-16,7.2894,10.0264,0.0,0.022174,0.0,0.20857
2022-03-17,8.4613,10.0264,0.0,0.012511,0.0,0.20857
2022-03-18,5.9228,10.0264,0.0,0.010953,0.0,0.20857
2022-03-21,7.787,10.0264,0.0,-0.000292,-0.0,0.20857
2022-03-22,8.235,10.0264,0.0,0.011701,0.0,0.20857
2022-03-23,9.3682,10.0264,0.0,-0.012878,-0.0,0.20857
2022-03-24,7.9926,10.0264,0.0,0.015074,0.0,0.20857
2022-03-25,9.2396,10.0264,0.0,0.004884,0.0,0.20857
2022-03-28,8.148,10.0264,0.0,0.007113,0.0,0.20857
2022-03-29,6.2038,10.0264,0.0,0.012371,0.0,0.20857
2022-03-30,6.461,10.0264,0.0,-0.006174,-0.0,0.20857
2022-03-31,7.695,10.0264,0.0,-0.015391,-0.0,0.20857
2022-04-01,7.9503,10.0264,0.0,0.002834,0.0,0.20857
2022-04-04,9.5952,10.0264,0.0,0.008567,0.0,0.20857
2022-04-05,11.0726,10.2069,1.0,-0.012631,-0.012631,0.193304
2022-04-06,10.0192,10.2069,0.0,-0.01,-0.0,0.193304
2022-04-07,10.2339,10.2555,0.0,0.005039,0.0,0.193304
2022-04-08,6.5454,10.2555,0.0,-0.002674,-0.0,0.193304
2022-04-11,7.1557,10.2555,0.0,-0.017092,-0.0,0.193304
2022-04-12,8.6876,10.2555,0.0,-0.003705,-0.0,0.193304
2022-04-13,11.1569,10.4197,1.0,0.011454,0.011454,0.206973
2022-04-14,11.7752,10.8174,1.0,-0.012452,-0.012452,0.191943
2022-04-18,12.5693,11.1147,1.0,0.000411,0.000411,0.192433
2022-04-19,9.5624,11.1147,0.0,0.016143,0.0,0.192433
2022-04-20,4.9468,11.1147,0.0,-0.000742,-0.0,0.192433
2022-04-21,3.8119,11.1147,0.0,-0.014953,-0.0,0.192433
2022-04-22,4.483,11.1147,0.0,-0.027439,-0.0,0.192433
2022-04-25,5.7691,11.1147,0.0,0.005798,0.0,0.192433
2022-04-26,4.5792,11.1147,0.0,-0.028961,-0.0,0.192433
2022-04-27,4.7163,11.1147,0.0,0.002812,0.0,0.192433
2022-04-28,-1.2182,11.1147,0.0,0.025259,0.0,0.192433
2022-04-29,-3.0015,11.1147,0.0,-0.036956,-0.0,0.192433
2022-05-02,-0.3643,11.1147,0.0,0.006019,0.0,0.192433
2022-05-03,-0.0034,11.1147,0.0,0.004584,0.0,0.192433
2022-05-04,-0.2121,11.1147,0.0,0.030453,0.0,0.192433
2022-05-05,-1.5127,11.1147,0.0,-0.035543,-0.0,0.192433
2022-05-06,-0.8654,11.1147,0.0,-0.005969,-0.0,0.192433
2022-05-09,-0.2893,10.8174,0.0,-0.032017,-0.0,0.192433
2022-05-10,2.6292,10.4197,0.0,0.00231,0.0,0.192433
2022-05-11,5.0501,10.2555,0.0,-0.015886,-0.0,0.192433
2022-05-12,5.0286,10.1853,0.0,-0.001044,-0.0,0.192433
2022-05-13,1.474,10.078,0.0,0.023908,0.0,0.192433
2022-05-16,2.578,9.9676,0.0,-0.004058,-0.0,0.192433
2022-05-17,7.9086,9.7556,0.0,0.02057,0.0,0.192433
2022-05-18,8.2402,9.5892,0.0,-0.040311,-0.0,0.192433
2022-05-19,5.7368,9.5728,0.0,-0.006125,-0.0,0.192433
2022-05-20,5.4004,9.4653,0.0,0.000437,0.0,0.192433
2022-05-23,3.8573,9.31,0.0,0.01871,0.0,0.192433
2022-05-24,3.3264,9.31,0.0,-0.007634,-0.0,0.192433
2022-05-25,4.9331,9.31,0.0,0.008835,0.0,0.192433
2022-05-26,3.7348,9.31,0.0,0.019981,0.0,0.192433
2022-05-27,2.2239,9.31,0.0,0.024549,0.0,0.192433
2022-05-31,0.1797,9.2457,0.0,-0.005611,-0.0,0.192433
2022-06-01,2.3859,9.0387,0.0,-0.008088,-0.0,0.192433
2022-06-02,1.1764,8.7626,0.0,0.019043,0.0,0.192433
2022-06-03,-0.4905,8.5744,0.0,-0.016412,-0.0,0.192433
2022-06-06,-3.0812,8.3508,0.0,0.003045,0.0,0.192433
2022-06-07,-0.547,8.2376,0.0,0.009592,0.0,0.192433
2022-06-08,1.8302,8.1915,0.0,-0.010872,-0.0,0.192433
2022-06-09,-0.7391,8.0703,0.0,-0.023783,-0.0,0.192433
2022-06-10,-3.0703,7.9714,0.0,-0.028996,-0.0,0.192433
2022-06-13,-6.0242,7.9714,0.0,-0.037968,-0.0,0.192433
2022-06-14,-4.5509,7.9714,0.0,-0.003013,-0.0,0.192433
2022-06-15,-1.5765,7.9714,0.0,0.014257,0.0,0.192433
2022-06-16,-2.4561,7.9295,0.0,-0.033096,-0.0,0.192433
2022-06-17,-1.0348,7.9295,0.0,0.002156,0.0,0.192433
2022-06-21,-0.5015,7.9295,0.0,0.025174,0.0,0.192433
2022-06-22,-1.2973,7.8018,0.0,-0.001813,-0.0,0.192433
2022-06-23,-3.4734,7.4253,0.0,0.009803,0.0,0.192433
2022-06-24,-0.1431,6.8505,0.0,0.031794,0.0,0.192433
2022-06-27,-0.5711,6.5032,0.0,-0.00382,-0.0,0.192433
2022-06-28,-0.7024,6.3324,0.0,-0.020433,-0.0,0.192433
2022-06-29,2.1162,6.115,0.0,-0.000814,-0.0,0.192433
2022-06-30,1.1459,5.7529,0.0,-0.008124,-0.0,0.192433
2022-07-01,-0.6562,5.5686,0.0,0.010577,0.0,0.192433
2022-07-05,-1.6759,5.2252,0.0,0.001889,0.0,0.192433
2022-07-06,0.3957,5.0393,0.0,0.003377,0.0,0.192433
2022-07-07,-3.3496,4.9877,0.0,0.014977,0.0,0.192433
2022-07-08,-4.5832,4.9399,0.0,-0.000823,-0.0,0.192433
2022-07-11,-5.1813,4.8247,0.0,-0.011424,-0.0,0.192433
2022-07-12,-6.5894,4.6478,0.0,-0.008849,-0.0,0.192433
2022-07-13,-6.9025,4.5311,0.0,-0.005251,-0.0,0.192433
2022-07-14,-5.7584,4.1701,0.0,-0.002428,-0.0,0.192433
2022-07-15,-4.7234,3.8346,0.0,0.019105,0.0,0.192433
2022-07-18,-7.6142,3.7734,0.0,-0.008257,-0.0,0.192433
2022-07-19,-5.861,3.5306,0.0,0.02702,0.0,0.192433
2022-07-20,-5.7263,2.9778,0.0,0.006373,0.0,0.192433
2022-07-21,-6.4565,2.6036,0.0,0.010183,0.0,0.192433
2022-07-22,-6.9969,2.4819,0.0,-0.009278,-0.0,0.192433
2022-07-25,-7.3226,2.3049,0.0,0.001215,0.0,0.192433
2022-07-26,-5.1732,2.17,0.0,-0.011831,-0.0,0.192433
2022-07-27,-6.7339,1.9732,0.0,0.025966,0.0,0.192433
2022-07-28,-7.382,1.6521,0.0,0.012542,0.0,0.192433
2022-07-29,-4.1251,1.6521,0.0,0.014579,0.0,0.192433
2022-08-01,-6.1715,1.6521,0.0,-0.002961,-0.0,0.192433
2022-08-02,-3.6115,1.6521,0.0,-0.006597,-0.0,0.192433
2022-08-03,-4.6852,1.6521,0.0,0.01566,0.0,0.192433
2022-08-04,-4.6593,1.6521,0.0,-0.000676,-0.0,0.192433
2022-08-05,-6.6044,1.6521,0.0,-0.00169,-0.0,0.192433
2022-08-08,-9.5037,1.6521,0.0,-0.001161,-0.0,0.192433
2022-08-09,-11.9645,1.6521,0.0,-0.003971,-0.0,0.192433
2022-08-10,-10.9938,1.3252,0.0,0.021004,0.0,0.192433
2022-08-11,-12.5336,1.1612,0.0,0.0,0.0,0.192433
2022-08-12,-10.1319,0.7708,0.0,0.016929,0.0,0.192433
2022-08-15,-9.5073,0.2877,0.0,0.004121,0.0,0.192433
2022-08-16,-10.7152,0.0183,0.0,0.001959,0.0,0.192433
2022-08-17,-8.0779,-0.3168,0.0,-0.007098,-0.0,0.192433
2022-08-18,-10.3605,-0.496,0.0,0.002906,0.0,0.192433
2022-08-19,-9.92,-0.5243,0.0,-0.013438,-0.0,0.192433
2022-08-22,-11.4767,-0.5591,0.0,-0.020822,-0.0,0.192433
2022-08-23,-13.052,-0.6136,0.0,-0.002419,-0.0,0.192433
2022-08-24,-13.3439,-0.6793,0.0,0.003201,0.0,0.192433
2022-08-25,-11.9985,-0.7208,0.0,0.014117,0.0,0.192433
2022-08-26,-10.967,-0.8869,0.0,-0.033849,-0.0,0.192433
2022-08-29,-8.9574,-1.166,0.0,-0.006612,-0.0,0.192433
2022-08-30,-11.4326,-1.4369,0.0,-0.010978,-0.0,0.192433
2022-08-31,-12.1132,-1.6262,0.0,-0.007609,-0.0,0.192433
2022-09-01,-11.1451,-2.066,0.0,0.003138,0.0,0.192433
2022-09-02,-11.051,-2.7632,0.0,-0.010545,-0.0,0.192433
2022-09-06,-11.9433,-2.7632,0.0,-0.003773,-0.0,0.192433
2022-09-07,-10.771,-3.21,0.0,0.017965,0.0,0.192433
2022-09-08,-14.3748,-3.4115,0.0,0.006536,0.0,0.192433
2022-09-09,-13.9002,-3.5424,0.0,0.015535,0.0,0.192433
2022-09-12,-13.2415,-3.8683,0.0,0.010748,0.0,0.192433
2022-09-13,-14.8502,-3.8683,0.0,-0.043482,-0.0,0.192433
2022-09-14,-12.576,-3.8683,0.0,0.003816,0.0,0.192433
2022-09-15,-12.4215,-4.3541,0.0,-0.011353,-0.0,0.192433
2022-09-16,-16.8146,-4.6212,0.0,-0.007629,-0.0,0.192433
2022-09-19,-13.6615,-4.6722,0.0,0.007755,0.0,0.192433
2022-09-20,-14.2689,-4.7043,0.0,-0.011478,-0.0,0.192433
2022-09-21,-15.3328,-4.9483,0.0,-0.017444,-0.0,0.192433
2022-09-22,-17.9639,-5.1773,0.0,-0.0084,-0.0,0.192433
2022-09-23,-16.8723,-5.4538,0.0,-0.016755,-0.0,0.192433
2022-09-26,-17.051,-5.7424,0.0,-0.009893,-0.0,0.192433
2022-09-27,-18.5997,-5.8097,0.0,-0.002553,-0.0,0.192433
2022-09-28,-19.446,-6.0163,0.0,0.019676,0.0,0.192433
2022-09-29,-19.699,-6.314,0.0,-0.020889,-0.0,0.192433
2022-09-30,-22.8782,-6.5229,0.0,-0.015463,-0.0,0.192433
2022-10-03,-22.5034,-6.5969,0.0,0.026401,0.0,0.192433
2022-10-04,-23.3745,-6.6691,0.0,0.030987,0.0,0.192433
2022-10-05,-20.7897,-6.8182,0.0,-0.002328,-0.0,0.192433
2022-10-06,-19.285,-6.9497,0.0,-0.010316,-0.0,0.192433
2022-10-07,-21.0271,-7.1597,0.0,-0.027894,-0.0,0.192433
2022-10-10,-18.1373,-7.3523,0.0,-0.007635,-0.0,0.192433
2022-10-11,-17.3883,-7.4981,0.0,-0.006333,-0.0,0.192433
2022-10-12,-16.3656,-7.846,0.0,-0.003298,-0.0,0.192433
2022-10-13,-16.1749,-8.5176,0.0,0.026391,0.0,0.192433
2022-10-14,-15.1369,-9.2306,0.0,-0.022789,-0.0,0.192433
2022-10-17,-15.4917,-9.5055,0.0,0.025697,0.0,0.192433
2022-10-18,-11.5271,-9.7137,0.0,0.01175,0.0,0.192433
2022-10-19,-9.2028,-9.7137,1.0,-0.007086,-0.007086,0.183984
2022-10-20,-8.7107,-9.7137,1.0,-0.008385,-0.008385,0.174056
2022-10-21,-9.607,-9.7635,1.0,0.024302,0.024302,0.202588
2022-10-24,-10.8071,-10.026,0.0,0.012236,0.0,0.202588
2022-10-25,-6.5799,-10.026,1.0,0.015969,0.015969,0.221792
2022-10-26,-8.4437,-10.026,1.0,-0.007534,-0.007534,0.212587
2022-10-27,-4.9679,-10.026,1.0,-0.00534,-0.00534,0.206112
2022-10-28,-3.7135,-10.026,1.0,0.023791,0.023791,0.234806
2022-10-31,-6.5341,-10.026,1.0,-0.007223,-0.007223,0.225887
2022-11-01,-5.6509,-10.026,1.0,-0.004376,-0.004376,0.220523
2022-11-02,-6.1056,-10.026,1.0,-0.025096,-0.025096,0.189893
2022-11-03,-4.6279,-10.026,1.0,-0.010297,-0.010297,0.17764
2022-11-04,-6.1701,-10.026,1.0,0.014393,0.014393,0.19459
2022-11-07,-10.3749,-10.026,0.0,0.009566,0.0,0.19459
2022-11-08,-9.897,-9.9085,1.0,0.005395,0.005395,0.201035
2022-11-09,-11.8418,-9.9085,0.0,-0.020602,-0.0,0.201035
2022-11-10,-9.4027,-9.752,1.0,0.054954,0.054954,0.267037
2022-11-11,-6.7758,-9.752,1.0,0.009678,0.009678,0.279299
2022-11-14,-8.352,-9.5049,1.0,-0.008507,-0.008507,0.268416
2022-11-15,-13.2752,-9.752,0.0,0.008529,0.0,0.268416
2022-11-16,-11.4867,-9.752,0.0,-0.007629,-0.0,0.268416
2022-11-17,-11.3206,-9.752,0.0,-0.00306,-0.0,0.268416
2022-11-18,-12.3913,-9.752,0.0,0.00454,0.0,0.268416
2022-11-21,-11.7453,-9.752,0.0,-0.003636,-0.0,0.268416
2022-11-22,-11.4662,-9.752,0.0,0.013457,0.0,0.268416
2022-11-23,-11.4216,-9.752,0.0,0.006302,0.0,0.268416
2022-11-25,-13.1078,-9.752,0.0,-0.000224,-0.0,0.268416
2022-11-28,-13.8576,-10.136,0.0,-0.015957,-0.0,0.268416
2022-11-29,-12.1554,-10.136,0.0,-0.001718,-0.0,0.268416
2022-11-30,-13.7966,-10.136,0.0,0.031501,0.0,0.268416
2022-12-01,-14.2184,-10.136,0.0,-0.000736,-0.0,0.268416
2022-12-02,-12.7712,-10.136,0.0,-0.001154,-0.0,0.268416
2022-12-05,-11.5903,-10.136,0.0,-0.017989,-0.0,0.268416
2022-12-06,-14.0738,-10.136,0.0,-0.014415,-0.0,0.268416
2022-12-07,-14.1826,-10.136,0.0,-0.001701,-0.0,0.268416
2022-12-08,-11.9571,-10.136,0.0,0.007834,0.0,0.268416
2022-12-09,-11.8697,-10.136,0.0,-0.00747,-0.0,0.268416
2022-12-12,-11.4691,-10.136,0.0,0.014417,0.0,0.268416
2022-12-13,-12.6426,-10.136,0.0,0.00757,0.0,0.268416
2022-12-14,-15.3949,-10.136,0.0,-0.006393,-0.0,0.268416
2022-12-15,-13.8488,-10.136,0.0,-0.024462,-0.0,0.268416
2022-12-16,-14.7921,-10.136,0.0,-0.011806,-0.0,0.268416
2022-12-19,-14.8882,-10.136,0.0,-0.00848,-0.0,0.268416
2022-12-20,-13.7799,-10.136,0.0,0.001368,0.0,0.268416
2022-12-21,-14.4593,-10.136,0.0,0.014952,0.0,0.268416
2022-12-22,-17.2146,-10.136,0.0,-0.014266,-0.0,0.268416
2022-12-23,-17.0416,-10.136,0.0,0.005752,0.0,0.268416
2022-12-27,-15.8914,-10.136,0.0,-0.003944,-0.0,0.268416
2022-12-28,-17.3045,-10.136,0.0,-0.012428,-0.0,0.268416
2022-12-29,-16.1188,-10.136,0.0,0.018,0.0,0.268416
2022-12-30,-15.6516,-10.136,0.0,-0.002634,-0.0,0.268416
2023-01-03,-12.9098,-10.136,0.0,-0.00421,-0.0,0.268416
2023-01-04,-12.5175,-10.136,0.0,0.00772,0.0,0.268416
2023-01-05,-8.4609,-9.752,1.0,-0.011413,-0.011413,0.253939
2023-01-06,-6.8055,-9.5049,1.0,0.022932,0.022932,0.282695
2023-01-09,-9.5878,-9.4952,0.0,-0.000567,-0.0,0.282695
2023-01-10,-10.1017,-9.4952,0.0,0.007013,0.0,0.282695
2023-01-11,-11.4502,-9.4952,0.0,0.012648,0.0,0.282695
2023-01-12,-12.0606,-9.4952,0.0,0.003641,0.0,0.282695
2023-01-13,-12.8474,-9.4952,0.0,0.00388,0.0,0.282695
2023-01-17,-13.3214,-9.4952,0.0,-0.001832,-0.0,0.282695
2023-01-18,-15.1258,-9.4952,0.0,-0.015788,-0.0,0.282695
2023-01-19,-16.246,-9.4952,0.0,-0.00728,-0.0,0.282695
2023-01-20,-14.7758,-9.5974,0.0,0.018629,0.0,0.282695
2023-01-23,-12.4287,-9.752,0.0,0.011998,0.0,0.282695
2023-01-24,-11.7846,-9.9994,0.0,-0.001073,-0.0,0.282695
2023-01-25,-13.3122,-9.9994,0.0,0.000375,0.0,0.282695
2023-01-26,-11.3921,-10.2383,0.0,0.01099,0.0,0.282695
2023-01-27,-11.09,-10.7325,0.0,0.002298,0.0,0.282695
2023-01-30,-14.5011,-11.2053,0.0,-0.012547,-0.0,0.282695
2023-01-31,-12.4636,-11.3564,0.0,0.014704,0.0,0.282695
2023-02-01,-16.0372,-11.4069,0.0,0.010628,0.0,0.282695
2023-02-02,-15.2664,-11.4359,0.0,0.014557,0.0,0.282695
2023-02-03,-16.4689,-11.4582,0.0,-0.010629,-0.0,0.282695
2023-02-06,-15.6243,-11.4677,0.0,-0.006111,-0.0,0.282695
2023-02-07,-12.8369,-11.4779,0.0,0.013079,0.0,0.282695
2023-02-08,-9.9845,-11.4779,1.0,-0.010935,-0.010935,0.268669
2023-02-09,-10.5735,-11.4779,1.0,-0.008669,-0.008669,0.25767
2023-02-10,-10.2334,-11.4677,1.0,0.002334,0.002334,0.260606
2023-02-13,-6.8219,-11.4677,1.0,0.011739,0.011739,0.275404
2023-02-14,-7.2899,-11.4677,1.0,-0.00046,-0.00046,0.274817
2023-02-15,-6.1927,-11.4677,1.0,0.003247,0.003247,0.278957
2023-02-16,-6.8702,-11.4582,1.0,-0.013769,-0.013769,0.261347
2023-02-17,-9.075,-11.4359,1.0,-0.002498,-0.002498,0.258196
2023-02-21,-7.8432,-11.4359,1.0,-0.020061,-0.020061,0.232955
2023-02-22,-7.8083,-11.4069,1.0,-0.001378,-0.001378,0.231256
2023-02-23,-7.9126,-11.2411,1.0,0.005319,0.005319,0.237805
2023-02-24,-4.7541,-10.8318,1.0,-0.010682,-0.010682,0.224583
2023-02-27,-5.3598,-10.4035,1.0,0.003406,0.003406,0.228754
2023-02-28,-8.2205,-10.1675,1.0,-0.003696,-0.003696,0.224213
2023-03-01,-10.5662,-10.1675,0.0,-0.003836,-0.0,0.224213
2023-03-02,-10.7079,-10.1675,0.0,0.007777,0.0,0.224213
2023-03-03,-7.6326,-10.0431,1.0,0.016038,0.016038,0.243846
2023-03-06,-9.7666,-9.8756,1.0,0.000693,0.000693,0.244708
2023-03-07,-9.4705,-9.6772,1.0,-0.015329,-0.015329,0.225628
2023-03-08,-8.6434,-9.5291,1.0,0.001632,0.001632,0.227629
2023-03-09,-9.5164,-9.4934,0.0,-0.01845,-0.0,0.227629
2023-03-10,-8.1636,-9.2728,1.0,-0.014429,-0.014429,0.209915
2023-03-13,-6.1382,-8.8592,1.0,-0.001425,-0.001425,0.208191
2023-03-14,-5.5658,-8.5521,1.0,0.01653,0.01653,0.228162
2023-03-15,-3.0868,-8.3407,1.0,-0.006254,-0.006254,0.220481
2023-03-16,-3.2558,-8.1921,1.0,0.017545,0.017545,0.241895
2023-03-17,-4.4867,-8.0381,1.0,-0.011693,-0.011693,0.227373
2023-03-20,-3.2488,-7.8779,1.0,0.009616,0.009616,0.239176
2023-03-21,-3.2551,-7.8257,1.0,0.013131,0.013131,0.255447
2023-03-22,-3.9841,-7.7204,1.0,-0.017047,-0.017047,0.234046
2023-03-23,-3.8094,-7.4612,1.0,0.002703,0.002703,0.237381
2023-03-24,-1.4044,-7.0801,1.0,0.006562,0.006562,0.245501
2023-03-27,-5.3446,-6.8461,1.0,0.00187,0.00187,0.24783
2023-03-28,-5.993,-6.8137,1.0,-0.002245,-0.002245,0.245029
2023-03-29,-6.7477,-6.7766,1.0,0.014535,0.014535,0.263125
2023-03-30,-4.951,-6.4702,1.0,0.005855,0.005855,0.270521
2023-03-31,-3.2774,-6.1654,1.0,0.014095,0.014095,0.288429
2023-04-03,1.7878,-6.0656,1.0,0.003811,0.003811,0.293339
2023-04-04,0.3695,-5.7794,1.0,-0.005548,-0.005548,0.286164
2023-04-05,1.9949,-5.4628,1.0,-0.002618,-0.002618,0.282796
2023-04-06,-1.7612,-5.3522,1.0,0.003901,0.003901,0.287801
2023-04-10,-0.0279,-5.1478,1.0,0.001026,0.001026,0.289122
2023-04-11,3.325,-4.8526,1.0,0.000269,0.000269,0.289469
2023-04-12,2.8245,-4.6204,1.0,-0.004076,-0.004076,0.284213
2023-04-13,1.5101,-4.2354,1.0,0.013283,0.013283,0.301271
2023-04-14,0.2246,-3.8968,1.0,-0.002443,-0.002443,0.298092
2023-04-17,-0.3887,-3.5434,1.0,0.003588,0.003588,0.30275
2023-04-18,-0.2631,-3.2666,1.0,0.000652,0.000652,0.303599
2023-04-19,-1.1512,-3.2555,1.0,-0.000169,-0.000169,0.303379
2023-04-20,-4.9971,-3.2555,0.0,-0.005457,-0.0,0.303379
2023-04-21,-4.3167,-3.2555,0.0,0.000777,0.0,0.303379
2023-04-24,0.9436,-3.2519,1.0,0.001043,0.001043,0.304738
2023-04-25,1.0657,-3.1678,1.0,-0.015874,-0.015874,0.284027
2023-04-26,1.6705,-2.424,1.0,-0.004235,-0.004235,0.278589
2023-04-27,0.1031,-1.5828,1.0,0.019908,0.019908,0.304043
2023-04-28,-0.7431,-1.2778,1.0,0.008535,0.008535,0.315173
2023-05-01,-1.4948,-1.2778,0.0,-0.00101,-0.0,0.315173
2023-05-02,-1.7152,-1.2778,0.0,-0.011239,-0.0,0.315173
2023-05-03,1.7424,-0.9471,1.0,-0.006864,-0.006864,0.306146
2023-05-04,1.4348,-0.5659,1.0,-0.007083,-0.007083,0.296894
2023-05-05,-0.4041,-0.3964,0.0,0.018512,0.0,0.296894
2023-05-08,-0.7585,-0.3964,0.0,0.000267,0.0,0.296894
2023-05-09,2.5428,-0.3259,1.0,-0.004386,-0.004386,0.291206
2023-05-10,5.842,-0.1455,1.0,0.004672,0.004672,0.297239
2023-05-11,4.7037,0.0376,1.0,-0.001744,-0.001744,0.294976
2023-05-12,3.1506,0.1639,1.0,-0.00131,-0.00131,0.29328
2023-05-15,2.2107,0.2971,1.0,0.00345,0.00345,0.297742
2023-05-16,4.5157,0.6565,1.0,-0.006683,-0.006683,0.289069
2023-05-17,5.8541,1.0047,1.0,0.012139,0.012139,0.304717
2023-05-18,6.5651,1.2503,1.0,0.009633,0.009633,0.317285
2023-05-19,3.0613,1.4725,1.0,-0.001455,-0.001455,0.315368
2023-05-22,3.1897,1.5903,1.0,0.000406,0.000406,0.315902
2023-05-23,4.5922,1.7065,1.0,-0.011223,-0.011223,0.301134
2023-05-24,6.4629,1.7651,1.0,-0.007245,-0.007245,0.291707
2023-05-25,5.9481,1.8914,1.0,0.00866,0.00866,0.302894
2023-05-26,3.8655,2.1028,1.0,0.012951,0.012951,0.319767
2023-05-30,7.1955,2.3768,1.0,0.000381,0.000381,0.32027
2023-05-31,8.9033,2.6837,1.0,-0.005545,-0.005545,0.312949
2023-06-01,9.3281,2.9429,1.0,0.009501,0.009501,0.325424
2023-06-02,9.6307,3.1059,1.0,0.014461,0.014461,0.344591
2023-06-05,10.8026,3.1702,1.0,-0.001916,-0.001916,0.342014
2023-06-06,11.2759,3.2573,1.0,0.002177,0.002177,0.344936
2023-06-07,14.8537,3.5952,1.0,-0.003458,-0.003458,0.340285
2023-06-08,14.9295,4.1906,1.0,0.006049,0.006049,0.348392
2023-06-09,13.1355,4.554,1.0,0.001794,0.001794,0.350811
2023-06-12,12.2836,4.648,1.0,0.009072,0.009072,0.363066
2023-06-13,14.6319,5.2728,1.0,0.006593,0.006593,0.372053
2023-06-14,16.3273,5.848,1.0,0.001191,0.001191,0.373687
2023-06-15,18.0619,5.9011,1.0,0.012398,0.012398,0.390718
2023-06-16,19.4828,6.2055,1.0,-0.003406,-0.003406,0.385981
2023-06-20,18.0005,6.514,1.0,-0.005188,-0.005188,0.378791
2023-06-21,16.7822,6.8803,1.0,-0.005124,-0.005124,0.371726
2023-06-22,18.2583,8.0494,1.0,0.00361,0.00361,0.376678
2023-06-23,20.141,9.1157,1.0,-0.00756,-0.00756,0.36627
2023-06-26,19.7419,9.4794,1.0,-0.004086,-0.004086,0.360687
2023-06-27,17.801,10.2167,1.0,0.010963,0.010963,0.375605
2023-06-28,17.6307,11.0393,1.0,0.000504,0.000504,0.376298
2023-06-29,18.2026,11.7798,1.0,0.003941,0.003941,0.381722
2023-06-30,20.3023,12.7096,1.0,0.011801,0.011801,0.398028
2023-07-03,20.9518,13.8837,1.0,0.00115,0.00115,0.399635
2023-07-05,19.5835,14.7428,1.0,-0.001487,-0.001487,0.397554
2023-07-06,16.8051,14.8916,1.0,-0.007831,-0.007831,0.38661
2023-07-07,13.5045,14.8916,0.0,-0.002525,-0.0,0.38661
2023-07-10,11.2352,14.8916,0.0,0.002531,0.0,0.38661
2023-07-11,12.6102,14.8916,0.0,0.006368,0.0,0.38661
2023-07-12,15.8484,15.3889,1.0,0.008046,0.008046,0.397766
2023-07-13,17.3766,16.0878,1.0,0.007937,0.007937,0.40886
2023-07-14,18.921,16.5547,1.0,-0.000623,-0.000623,0.407983
2023-07-17,19.7188,16.7936,1.0,0.003472,0.003472,0.412871
2023-07-18,18.796,17.0908,1.0,0.00743,0.00743,0.423369
2023-07-19,21.8649,17.5036,1.0,0.002224,0.002224,0.426534
2023-07-20,20.9839,17.7159,1.0,-0.006635,-0.006635,0.417069
2023-07-21,22.5577,17.9007,1.0,0.0,0.0,0.417069
2023-07-24,19.6988,18.0312,1.0,0.004467,0.004467,0.423399
2023-07-25,17.2139,18.0312,0.0,0.00273,0.0,0.423399
2023-07-26,13.6817,18.0312,0.0,0.000154,0.0,0.423399
2023-07-27,15.4918,18.0312,0.0,-0.00663,-0.0,0.423399
2023-07-28,13.2193,18.0312,0.0,0.00979,0.0,0.423399
2023-07-31,14.7909,18.0312,0.0,0.001904,0.0,0.423399
2023-08-01,16.9726,18.0312,0.0,-0.002862,-0.0,0.423399
2023-08-02,15.6277,18.0312,0.0,-0.013911,-0.0,0.423399
2023-08-03,16.4168,18.0312,0.0,-0.002866,-0.0,0.423399
2023-08-04,15.2285,18.0312,0.0,-0.004523,-0.0,0.423399
2023-08-07,16.3693,18.0312,0.0,0.008729,0.0,0.423399
2023-08-08,17.579,18.0312,0.0,-0.004349,-0.0,0.423399
2023-08-09,12.3901,18.0312,0.0,-0.006685,-0.0,0.423399
2023-08-10,11.6284,18.0312,0.0,0.000359,0.0,0.423399
2023-08-11,9.367,18.0312,0.0,-0.000583,-0.0,0.423399
2023-08-14,10.5114,18.0312,0.0,0.00552,0.0,0.423399
2023-08-15,8.2454,18.0312,0.0,-0.011649,-0.0,0.423399
2023-08-16,6.5999,18.0312,0.0,-0.007338,-0.0,0.423399
2023-08-17,8.081,18.0312,0.0,-0.00762,-0.0,0.423399
2023-08-18,8.1052,18.0312,0.0,0.000481,0.0,0.423399
2023-08-21,11.5235,18.0312,0.0,0.006506,0.0,0.423399
2023-08-22,10.3777,18.0312,0.0,-0.002709,-0.0,0.423399
2023-08-23,10.6254,18.0312,0.0,0.011138,0.0,0.423399
2023-08-24,11.1297,18.0312,0.0,-0.013859,-0.0,0.423399
2023-08-25,15.7543,18.0312,0.0,0.00705,0.0,0.423399
2023-08-28,20.8975,18.1322,1.0,0.006341,0.006341,0.432425
2023-08-29,22.4965,18.2304,1.0,0.014455,0.014455,0.453131
2023-08-30,21.1195,18.5271,1.0,0.004119,0.004119,0.459116
2023-08-31,22.0015,18.8585,1.0,-0.001464,-0.001464,0.45698
2023-09-01,17.0177,18.8585,0.0,0.001865,0.0,0.45698
2023-09-05,16.1496,18.8585,0.0,-0.004322,-0.0,0.45698
2023-09-06,18.6656,18.8585,0.0,-0.006722,-0.0,0.45698
2023-09-07,17.974,18.8585,0.0,-0.00307,-0.0,0.45698
2023-09-08,19.6278,19.2019,1.0,0.001506,0.001506,0.459174
2023-09-11,19.5842,19.5331,1.0,0.006577,0.006577,0.468771
2023-09-12,20.1778,19.5838,1.0,-0.005486,-0.005486,0.460714
2023-09-13,20.91,19.606,1.0,0.001166,0.001166,0.462417
2023-09-14,21.7686,19.6633,1.0,0.008622,0.008622,0.475026
2023-09-15,18.3587,19.6633,0.0,-0.012048,-0.0,0.475026
2023-09-18,18.7555,19.6633,0.0,0.000587,0.0,0.475026
2023-09-19,20.6781,19.7088,1.0,-0.002074,-0.002074,0.471967
2023-09-20,17.7726,19.7088,0.0,-0.009193,-0.0,0.471967
2023-09-21,18.6452,19.7088,0.0,-0.016529,-0.0,0.471967
2023-09-22,18.3328,19.6633,0.0,-0.002249,-0.0,0.471967
2023-09-25,18.1239,19.606,0.0,0.004205,0.0,0.471967
2023-09-26,24.5611,19.6633,1.0,-0.014691,-0.014691,0.450342
2023-09-27,23.9767,19.7088,1.0,0.000399,0.000399,0.450921
2023-09-28,25.4047,19.9483,1.0,0.005797,0.005797,0.459332
2023-09-29,26.2556,19.9483,1.0,-0.002427,-0.002427,0.45579
2023-10-02,25.2888,19.9483,1.0,-0.000398,-0.000398,0.455211
2023-10-03,22.5351,20.428,1.0,-0.013386,-0.013386,0.435731
2023-10-04,22.9716,20.7878,1.0,0.007282,0.007282,0.446186
2023-10-05,20.9321,20.9037,1.0,-0.000377,-0.000377,0.445641
2023-10-06,24.174,20.9211,1.0,0.011873,0.011873,0.462805
2023-10-09,20.6517,20.9211,0.0,0.006402,0.0,0.462805
2023-10-10,19.5483,20.9211,0.0,0.005205,0.0,0.462805
2023-10-11,20.3201,20.9211,0.0,0.004096,0.0,0.462805
2023-10-12,18.9288,20.9211,0.0,-0.006097,-0.0,0.462805
2023-10-13,20.209,20.9211,0.0,-0.004981,-0.0,0.462805
2023-10-16,19.4714,20.9211,0.0,0.010521,0.0,0.462805
2023-10-17,17.4415,20.9037,0.0,-4.6e-05,-0.0,0.462805
2023-10-18,12.8654,20.7878,0.0,-0.013325,-0.0,0.462805
2023-10-19,16.4122,20.6649,0.0,-0.008786,-0.0,0.462805
2023-10-20,14.2925,20.6649,0.0,-0.012288,-0.0,0.462805
2023-10-23,11.7136,20.6649,0.0,-0.001734,-0.0,0.462805
2023-10-24,10.7112,20.6649,0.0,0.00754,0.0,0.462805
2023-10-25,13.3641,20.6649,0.0,-0.014352,-0.0,0.462805
2023-10-26,14.1517,20.6649,0.0,-0.011975,-0.0,0.462805
2023-10-27,15.3183,20.6649,0.0,-0.004533,-0.0,0.462805
2023-10-30,17.2246,20.6649,0.0,0.011956,0.0,0.462805
2023-10-31,13.8491,20.6649,0.0,0.00628,0.0,0.462805
2023-11-01,9.596,20.6649,0.0,0.010665,0.0,0.462805
2023-11-02,9.0042,20.6649,0.0,0.019164,0.0,0.462805
2023-11-03,10.1689,20.6649,0.0,0.009123,0.0,0.462805
2023-11-06,10.0801,20.6649,0.0,0.002301,0.0,0.462805
2023-11-07,6.8376,20.6649,0.0,0.002846,0.0,0.462805
2023-11-08,7.5975,20.6649,0.0,0.000732,0.0,0.462805
2023-11-09,4.144,20.6649,0.0,-0.007799,-0.0,0.462805
2023-11-10,8.5134,20.6649,0.0,0.015605,0.0,0.462805
2023-11-13,7.5431,20.6649,0.0,-0.000953,-0.0,0.462805
2023-11-14,3.8526,20.6649,0.0,0.019401,0.0,0.462805
2023-11-15,3.5926,20.6649,0.0,0.002117,0.0,0.462805
2023-11-16,5.2165,20.6649,0.0,0.001223,0.0,0.462805
2023-11-17,8.9875,20.6649,0.0,0.001244,0.0,0.462805
2023-11-20,9.7336,20.6649,0.0,0.007698,0.0,0.462805
2023-11-21,11.1891,20.6649,0.0,-0.002179,-0.0,0.462805
2023-11-22,6.0187,20.6649,0.0,0.003861,0.0,0.462805
2023-11-24,6.4946,20.6649,0.0,0.000615,0.0,0.462805
2023-11-27,6.8802,20.4859,0.0,-0.001801,-0.0,0.462805
2023-11-28,7.4272,20.2646,0.0,0.00099,0.0,0.462805
2023-11-29,7.0902,20.1934,0.0,-0.000703,-0.0,0.462805
2023-11-30,7.8505,19.9028,0.0,0.003937,0.0,0.462805
2023-12-01,8.1284,19.9028,0.0,0.005916,0.0,0.462805
2023-12-04,9.9261,19.9028,0.0,-0.005249,-0.0,0.462805
2023-12-05,9.28,19.9028,0.0,-0.000197,-0.0,0.462805
2023-12-06,4.8273,19.9028,0.0,-0.00403,-0.0,0.462805
2023-12-07,4.3758,19.881,0.0,0.00763,0.0,0.462805
2023-12-08,4.2593,19.8631,0.0,0.004299,0.0,0.462805
2023-12-11,3.9386,19.5098,0.0,0.00389,0.0,0.462805
2023-12-12,2.9933,19.2001,0.0,0.004567,0.0,0.462805
2023-12-13,3.2756,18.8422,0.0,0.01379,0.0,0.462805
2023-12-14,-0.85,18.8422,0.0,0.003209,0.0,0.462805
2023-12-15,-1.1495,18.787,0.0,-0.001646,-0.0,0.462805
2023-12-18,-1.9413,18.489,0.0,0.005625,0.0,0.462805
2023-12-19,-1.5462,18.489,0.0,0.006081,0.0,0.462805
2023-12-20,-2.5467,18.2284,0.0,-0.013857,-0.0,0.462805
2023-12-21,-3.8577,17.7827,0.0,0.009482,0.0,0.462805
2023-12-22,-1.2886,17.3331,0.0,0.00201,0.0,0.462805
2023-12-26,-0.1967,16.8184,0.0,0.004222,0.0,0.462805
2023-12-27,1.3547,15.8652,0.0,0.001808,0.0,0.462805
2023-12-28,0.7569,14.8054,0.0,0.000378,0.0,0.462805
2023-12-29,0.3624,14.2221,0.0,-0.002895,-0.0,0.462805
2024-01-02,1.5339,14.0004,0.0,-0.005596,-0.0,0.462805
2024-01-03,2.1005,13.6066,0.0,-0.008167,-0.0,0.462805
2024-01-04,4.1279,13.1148,0.0,-0.003221,-0.0,0.462805
2024-01-05,5.2431,12.2895,0.0,0.00137,0.0,0.462805
2024-01-08,6.9977,11.4514,0.0,0.014276,0.0,0.462805
2024-01-09,4.3109,10.9502,0.0,-0.001517,-0.0,0.462805
2024-01-10,5.7309,10.4401,0.0,0.005655,0.0,0.462805
2024-01-11,7.6087,10.1245,0.0,-0.000441,-0.0,0.462805
2024-01-12,9.2391,10.0031,0.0,0.000693,0.0,0.462805
2024-01-16,6.7216,9.8298,0.0,-0.003671,-0.0,0.462805
2024-01-17,7.6422,9.6648,0.0,-0.005559,-0.0,0.462805
2024-01-18,6.4775,9.438,0.0,0.008893,0.0,0.462805
2024-01-19,7.087,9.2595,0.0,0.012466,0.0,0.462805
2024-01-22,6.0123,9.1216,0.0,0.002114,0.0,0.462805
2024-01-23,6.6373,8.9958,0.0,0.002916,0.0,0.462805
2024-01-24,6.8591,8.7505,0.0,0.001093,0.0,0.462805
2024-01-25,9.4977,8.7505,1.0,0.005439,0.005439,0.470761
2024-01-26,5.4471,8.3209,0.0,-0.001271,-0.0,0.470761
2024-01-29,7.5738,7.9894,0.0,0.007919,0.0,0.470761
2024-01-30,8.3418,7.9894,1.0,-0.000773,-0.000773,0.469624
2024-01-31,4.7213,7.7463,0.0,-0.016317,-0.0,0.469624
2024-02-01,4.6608,7.6254,0.0,0.013088,0.0,0.469624
2024-02-02,6.6514,7.6031,0.0,0.010527,0.0,0.469624
2024-02-05,6.9235,7.5856,0.0,-0.003641,-0.0,0.469624
2024-02-06,8.2437,7.5856,1.0,0.002903,0.002903,0.473891
2024-02-07,7.1258,7.5584,0.0,0.00834,0.0,0.473891
2024-02-08,9.2165,7.5856,1.0,0.000442,0.000442,0.474542
2024-02-09,8.599,7.5912,1.0,0.005779,0.005779,0.483063
2024-02-12,9.3073,7.6254,1.0,-0.000439,-0.000439,0.482412
2024-02-13,12.0477,7.6254,1.0,-0.013773,-0.013773,0.461995
2024-02-14,8.5322,7.7463,1.0,0.009088,0.009088,0.475282
2024-02-15,9.7267,7.9894,1.0,0.0069,0.0069,0.485461
2024-02-16,8.9077,8.186,1.0,-0.00498,-0.00498,0.478064
2024-02-20,6.8006,8.186,0.0,-0.005506,-0.0,0.478064
2024-02-21,7.8842,8.0063,0.0,0.000906,0.0,0.478064
2024-02-22,8.3461,8.0063,1.0,0.020695,0.020695,0.508652
2024-02-23,6.5503,7.8673,0.0,0.00069,0.0,0.508652
2024-02-26,7.5203,7.8673,0.0,-0.003662,-0.0,0.508652
2024-02-27,1.5585,7.8673,0.0,0.001858,0.0,0.508652
2024-02-28,-3.2371,7.8673,0.0,-0.001322,-0.0,0.508652
2024-02-29,-3.9388,7.8673,0.0,0.003595,0.0,0.508652
2024-03-01,-0.8157,7.8673,0.0,0.009388,0.0,0.508652
2024-03-04,-2.5424,7.7632,0.0,-0.001072,-0.0,0.508652
2024-03-05,-1.2028,7.6254,0.0,-0.009994,-0.0,0.508652
2024-03-06,-0.4316,7.5912,0.0,0.005067,0.0,0.508652
2024-03-07,-2.0217,7.5471,0.0,0.009926,0.0,0.508652
2024-03-08,-2.3626,7.5471,0.0,-0.006002,-0.0,0.508652
2024-03-11,-0.855,7.5471,0.0,-0.00086,-0.0,0.508652
2024-03-12,-0.7004,7.5471,0.0,0.010757,0.0,0.508652
2024-03-13,-0.1038,7.5471,0.0,-0.001568,-0.0,0.508652
2024-03-14,-0.339,7.5471,0.0,-0.001977,-0.0,0.508652
2024-03-15,-1.5547,7.5471,0.0,-0.006867,-0.0,0.508652
2024-03-18,2.8703,7.5471,0.0,0.005943,0.0,0.508652
2024-03-19,4.1593,7.5471,0.0,0.005557,0.0,0.508652
2024-03-20,3.429,7.5471,0.0,0.009249,0.0,0.508652
2024-03-21,5.6533,7.5471,0.0,0.003305,0.0,0.508652
2024-03-22,3.8626,7.5471,0.0,-0.001896,-0.0,0.508652
2024-03-25,6.8255,7.5471,0.0,-0.002763,-0.0,0.508652
2024-03-26,6.2688,7.5471,0.0,-0.001847,-0.0,0.508652
2024-03-27,5.1265,7.5471,0.0,0.008404,0.0,0.508652
2024-03-28,6.1273,7.5471,0.0,-0.000191,-0.0,0.508652
2024-04-01,6.2177,7.5471,0.0,-0.00174,-0.0,0.508652
2024-04-02,5.2185,7.5471,0.0,-0.006358,-0.0,0.508652
2024-04-03,1.223,7.5471,0.0,0.001098,0.0,0.508652
2024-04-04,2.0726,7.5471,0.0,-0.012206,-0.0,0.508652
2024-04-05,2.0291,7.5471,0.0,0.010447,0.0,0.508652
2024-04-08,2.266,7.5471,0.0,0.000559,0.0,0.508652
2024-04-09,2.2847,7.5471,0.0,0.001157,0.0,0.508652
2024-04-10,3.0931,7.5471,0.0,-0.010013,-0.0,0.508652
2024-04-11,1.057,7.5471,0.0,0.007547,0.0,0.508652
2024-04-12,0.3436,7.3231,0.0,-0.013803,-0.0,0.508652
2024-04-15,1.0742,7.1064,0.0,-0.012528,-0.0,0.508652
2024-04-16,0.8073,7.1064,0.0,-0.001824,-0.0,0.508652
2024-04-17,1.0958,7.0053,0.0,-0.005918,-0.0,0.508652
2024-04-18,4.9088,7.0053,0.0,-0.002058,-0.0,0.508652
2024-04-19,11.0952,7.0247,1.0,-0.008728,-0.008728,0.495485
2024-04-22,10.0866,7.3231,1.0,0.009209,0.009209,0.509256
2024-04-23,11.1735,7.5471,1.0,0.011867,0.011867,0.527167
2024-04-24,11.1766,7.729,1.0,-0.000475,-0.000475,0.526441
2024-04-25,11.9861,7.729,1.0,-0.003799,-0.003799,0.520642
2024-04-26,6.1661,7.729,0.0,0.009474,0.0,0.520642
2024-04-29,5.1641,7.7023,0.0,0.003541,0.0,0.520642
2024-04-30,3.5399,7.3231,0.0,-0.015841,-0.0,0.520642
2024-05-01,3.6128,7.3231,0.0,-0.003247,-0.0,0.520642
2024-05-02,5.3165,7.3231,0.0,0.009353,0.0,0.520642
2024-05-03,5.3862,7.3231,0.0,0.012395,0.0,0.520642
2024-05-06,6.796,7.3231,0.0,0.010327,0.0,0.520642
2024-05-07,5.0546,6.9757,0.0,0.001104,0.0,0.520642
2024-05-08,7.1361,6.9808,1.0,9.7e-05,9.7e-05,0.52079
2024-05-09,10.1074,6.9808,1.0,0.005762,0.005762,0.529553
2024-05-10,12.1157,6.9808,1.0,0.001288,0.001288,0.531523
2024-05-13,14.5476,6.9808,1.0,0.000134,0.000134,0.531728
2024-05-14,11.2421,6.9808,1.0,0.004588,0.004588,0.538756
2024-05-15,13.2532,6.9808,1.0,0.012383,0.012383,0.55781
2024-05-16,13.8395,6.9808,1.0,-0.002057,-0.002057,0.554606
2024-05-17,13.8835,6.9808,1.0,0.001438,0.001438,0.556841
2024-05-20,12.2435,7.3282,1.0,0.001152,0.001152,0.558635
2024-05-21,9.5062,7.3282,1.0,0.002453,0.002453,0.562458
2024-05-22,13.3658,7.3282,1.0,-0.00288,-0.00288,0.557958
2024-05-23,10.9279,8.5133,1.0,-0.007304,-0.007304,0.546579
2024-05-24,14.792,9.7964,1.0,0.006617,0.006617,0.556812
2024-05-28,14.7018,10.097,1.0,0.000699,0.000699,0.557901
2024-05-29,12.9197,10.5177,1.0,-0.007003,-0.007003,0.546991
2024-05-30,14.263,11.0116,1.0,-0.006634,-0.006634,0.536728
2024-05-31,18.073,11.1344,1.0,0.009108,0.009108,0.550724
2024-06-03,18.4034,11.175,1.0,0.000815,0.000815,0.551988
2024-06-04,16.9857,11.2094,1.0,0.001118,0.001118,0.553723
2024-06-05,18.667,11.6141,1.0,0.011885,0.011885,0.572189
2024-06-06,21.5997,12.0509,1.0,-1.9e-05,-1.9e-05,0.57216
2024-06-07,19.4106,12.1796,1.0,-0.001216,-0.001216,0.570248
2024-06-10,18.5956,12.5816,1.0,0.00309,0.00309,0.5751
2024-06-11,20.4665,13.0865,1.0,0.002408,0.002408,0.578893
2024-06-12,17.954,13.3095,1.0,0.008213,0.008213,0.59186
2024-06-13,15.62,13.6027,1.0,0.002014,0.002014,0.595066
2024-06-14,16.012,13.8615,1.0,0.000609,0.000609,0.596038
2024-06-17,17.4688,14.0733,1.0,0.007959,0.007959,0.60874
2024-06-18,15.2546,14.4053,1.0,0.002541,0.002541,0.612828
2024-06-20,16.9037,14.6247,1.0,-0.002717,-0.002717,0.608446
2024-06-21,20.1844,14.7469,1.0,-0.001341,-0.001341,0.606289
2024-06-24,20.8046,15.0233,1.0,-0.003251,-0.003251,0.601067
2024-06-25,19.5076,15.4373,1.0,0.003851,0.003851,0.607233
2024-06-26,18.4081,15.816,1.0,0.001248,0.001248,0.609239
2024-06-27,18.9425,16.4578,1.0,0.001576,0.001576,0.611775
2024-06-28,18.0137,16.9447,1.0,-0.003935,-0.003935,0.605433
2024-07-01,18.1889,17.2272,1.0,0.002058,0.002058,0.608737
2024-07-02,16.4067,17.2272,0.0,0.00673,0.0,0.608737
2024-07-03,16.1342,17.2272,0.0,0.004463,0.0,0.608737
2024-07-05,14.9159,17.2272,0.0,0.005767,0.0,0.608737
2024-07-08,14.4366,17.2272,0.0,0.001154,0.0,0.608737
2024-07-09,15.0808,17.2272,0.0,0.000973,0.0,0.608737
2024-07-10,15.1023,17.2272,0.0,0.009895,0.0,0.608737
2024-07-11,15.3389,17.2272,0.0,-0.008623,-0.0,0.608737
2024-07-12,16.357,17.2272,0.0,0.006308,0.0,0.608737
2024-07-15,13.7394,17.2272,0.0,0.00275,0.0,0.608737
2024-07-16,12.5459,17.2272,0.0,0.00593,0.0,0.608737
2024-07-17,16.3185,17.2272,0.0,-0.014021,-0.0,0.608737
2024-07-18,12.7861,17.2272,0.0,-0.007685,-0.0,0.608737
2024-07-19,12.0336,17.2272,0.0,-0.00664,-0.0,0.608737
2024-07-22,8.8425,17.2272,0.0,0.01031,0.0,0.608737
2024-07-23,10.2398,17.2272,0.0,-0.001568,-0.0,0.608737
2024-07-24,11.6998,17.2272,0.0,-0.022663,-0.0,0.608737
2024-07-25,13.3413,17.2272,0.0,-0.00521,-0.0,0.608737
2024-07-26,15.2944,17.2272,0.0,0.0112,0.0,0.608737
2024-07-29,20.4822,17.7114,1.0,0.000588,0.000588,0.609682
2024-07-30,20.0356,17.9838,1.0,-0.005066,-0.005066,0.601528
2024-07-31,17.6319,17.9838,0.0,0.016254,0.0,0.601528
2024-08-01,16.7094,17.9838,0.0,-0.014161,-0.0,0.601528
2024-08-02,17.7399,17.9838,0.0,-0.018618,-0.0,0.601528
2024-08-05,17.6222,17.9838,0.0,-0.029123,-0.0,0.601528
2024-08-06,18.4807,18.0433,1.0,0.009219,0.009219,0.616292
2024-08-07,15.5963,18.0433,0.0,-0.006684,-0.0,0.616292
2024-08-08,16.3101,18.0433,0.0,0.023117,0.0,0.616292
2024-08-09,14.3499,18.0433,0.0,0.00441,0.0,0.616292
2024-08-12,15.405,18.0433,0.0,0.000525,0.0,0.616292
2024-08-13,15.5245,18.0433,0.0,0.016446,0.0,0.616292
2024-08-14,14.1402,18.0433,0.0,0.003155,0.0,0.616292
2024-08-15,17.0186,18.0433,0.0,0.01714,0.0,0.616292
2024-08-16,14.727,18.0433,0.0,0.002242,0.0,0.616292
2024-08-19,13.2005,18.0433,0.0,0.009562,0.0,0.616292
2024-08-20,15.2739,18.0433,0.0,-0.001626,-0.0,0.616292
2024-08-21,14.0225,18.0433,0.0,0.003437,0.0,0.616292
2024-08-22,14.6736,18.0433,0.0,-0.007848,-0.0,0.616292
2024-08-23,17.5014,18.0433,0.0,0.010625,0.0,0.616292
2024-08-26,18.9622,18.1309,1.0,-0.002384,-0.002384,0.612439
2024-08-27,21.0652,18.2962,1.0,0.001373,0.001373,0.614653
2024-08-28,19.7194,18.4058,1.0,-0.005805,-0.005805,0.60528
2024-08-29,20.2476,18.4444,1.0,8.9e-05,8.9e-05,0.605423
2024-08-30,16.8298,18.4444,0.0,0.009546,0.0,0.605423
2024-09-03,18.7718,18.5381,1.0,-0.020579,-0.020579,0.572385
2024-09-04,18.0677,18.5381,0.0,-0.002047,-0.0,0.572385
2024-09-05,22.7852,18.5381,1.0,-0.002432,-0.002432,0.568561
2024-09-06,22.4101,18.5381,1.0,-0.01683,-0.01683,0.542162
2024-09-09,22.6202,18.5381,1.0,0.011196,0.011196,0.559428
2024-09-10,21.5354,18.6262,1.0,0.004356,0.004356,0.566221
2024-09-11,20.9727,18.6262,1.0,0.010259,0.010259,0.582289
2024-09-12,19.8723,18.8571,1.0,0.008423,0.008423,0.595616
2024-09-13,21.0907,18.9523,1.0,0.005223,0.005223,0.60395
2024-09-16,20.7291,19.2349,1.0,0.001477,0.001477,0.606319
2024-09-17,18.9136,19.2349,0.0,0.000408,0.0,0.606319
2024-09-18,19.451,19.4793,0.0,-0.002966,-0.0,0.606319
2024-09-19,17.5867,19.4793,0.0,0.017064,0.0,0.606319
2024-09-20,16.3343,19.2066,0.0,-0.001728,-0.0,0.606319
2024-09-23,14.9094,18.9523,0.0,0.002499,0.0,0.606319
2024-09-24,14.4541,18.928,0.0,0.002861,0.0,0.606319
2024-09-25,13.8257,18.928,0.0,-0.002206,-0.0,0.606319
2024-09-26,11.4608,18.8427,0.0,0.003965,0.0,0.606319
2024-09-27,12.9699,18.8427,0.0,-0.00145,-0.0,0.606319
2024-09-30,13.0398,18.8427,0.0,0.004007,0.0,0.606319
2024-10-01,14.2473,18.8427,0.0,-0.008958,-0.0,0.606319
2024-10-02,19.6481,18.9379,1.0,0.000422,0.000422,0.606997
2024-10-03,20.5382,19.2066,1.0,-0.001828,-0.001828,0.604059
2024-10-04,23.3347,19.5496,1.0,0.009087,0.009087,0.618636
2024-10-07,22.6105,19.6837,1.0,-0.00904,-0.00904,0.604003
2024-10-08,22.1141,19.7958,1.0,0.009457,0.009457,0.619172
2024-10-09,18.6584,19.7958,0.0,0.006926,0.0,0.619172
2024-10-10,20.6221,19.954,1.0,-0.00175,-0.00175,0.616339
2024-10-11,19.7271,19.954,0.0,0.005988,0.0,0.616339
2024-10-14,20.1031,20.0693,1.0,0.008178,0.008178,0.629557
2024-10-15,11.6236,20.0693,0.0,-0.00777,-0.0,0.629557
2024-10-16,13.4302,20.0693,0.0,0.004347,0.0,0.629557
2024-10-17,7.9933,20.0693,0.0,8.6e-05,0.0,0.629557
2024-10-18,8.202,20.0693,0.0,0.003847,0.0,0.629557
2024-10-21,6.7493,20.0693,0.0,-0.001642,-0.0,0.629557
2024-10-22,2.9398,20.0693,0.0,-0.000531,-0.0,0.629557
2024-10-23,0.0152,20.0693,0.0,-0.009137,-0.0,0.629557
2024-10-24,1.6389,20.0693,0.0,0.002163,0.0,0.629557
2024-10-25,4.1737,19.954,0.0,-0.000345,-0.0,0.629557
2024-10-28,0.3699,19.7997,0.0,0.003091,0.0,0.629557
2024-10-29,7.2801,19.7997,0.0,0.001618,0.0,0.629557
2024-10-30,0.7817,19.7997,0.0,-0.003025,-0.0,0.629557
2024-10-31,-1.8044,19.7997,0.0,-0.019603,-0.0,0.629557
2024-11-01,-1.0532,19.7997,0.0,0.00422,0.0,0.629557
2024-11-04,-2.4297,19.7997,0.0,-0.002154,-0.0,0.629557
2024-11-05,-3.439,19.7997,0.0,0.012092,0.0,0.629557
2024-11-06,0.0716,19.7997,0.0,0.024865,0.0,0.629557
2024-11-07,-2.2924,19.7997,0.0,0.007732,0.0,0.629557
2024-11-08,-2.9967,19.7997,0.0,0.004332,0.0,0.629557
2024-11-11,-0.4585,19.7997,0.0,0.000953,0.0,0.629557
2024-11-12,-0.3074,19.7997,0.0,-0.003106,-0.0,0.629557
2024-11-13,1.5067,19.7997,0.0,0.000486,0.0,0.629557
2024-11-14,2.0801,19.7997,0.0,-0.00643,-0.0,0.629557
2024-11-15,3.1727,19.7997,0.0,-0.012809,-0.0,0.629557
2024-11-18,3.0116,19.7997,0.0,0.004098,0.0,0.629557
2024-11-19,4.4144,19.7997,0.0,0.003655,0.0,0.629557
2024-11-20,-1.1847,19.7997,0.0,0.000339,0.0,0.629557
2024-11-21,1.7109,19.7997,0.0,0.005368,0.0,0.629557
2024-11-22,-1.9989,19.7997,0.0,0.003099,0.0,0.629557
2024-11-25,-0.6862,19.7232,0.0,0.003392,0.0,0.629557
2024-11-26,-0.9466,19.6876,0.0,0.005221,0.0,0.629557
2024-11-27,-3.7935,19.5496,0.0,-0.00303,-0.0,0.629557
2024-11-29,-5.3867,19.5496,0.0,0.006212,0.0,0.629557
2024-12-02,-11.9173,19.5496,0.0,0.001792,0.0,0.629557
2024-12-03,-10.5676,19.5496,0.0,0.000464,0.0,0.629557
2024-12-04,-12.5487,19.1823,0.0,0.006209,0.0,0.629557
2024-12-05,-17.0139,18.786,0.0,-0.001646,-0.0,0.629557
2024-12-06,-13.1709,18.1226,0.0,0.001896,0.0,0.629557
2024-12-09,-11.3889,16.9605,0.0,-0.00515,-0.0,0.629557
2024-12-10,-8.9042,15.6218,0.0,-0.003109,-0.0,0.629557
2024-12-11,-7.7388,14.6818,0.0,0.007731,0.0,0.629557
2024-12-12,-5.2045,14.3507,0.0,-0.005153,-0.0,0.629557
2024-12-13,-6.8111,14.0365,0.0,-0.000199,-0.0,0.629557
2024-12-16,-6.2617,13.6279,0.0,0.00427,0.0,0.629557
2024-12-17,-5.588,13.235,0.0,-0.00412,-0.0,0.629557
2024-12-18,-3.8532,13.0049,0.0,-0.029803,-0.0,0.629557
2024-12-19,-6.7743,12.2968,0.0,-0.000307,-0.0,0.629557
2024-12-20,-6.9023,11.5422,0.0,0.012011,0.0,0.629557
2024-12-23,-5.8877,9.8314,0.0,0.005988,0.0,0.629557
2024-12-24,-4.3258,8.0976,0.0,0.011115,0.0,0.629557
2024-12-26,-1.5459,7.6367,0.0,6.7e-05,0.0,0.629557
2024-12-27,-3.2569,7.0147,0.0,-0.010526,-0.0,0.629557
2024-12-30,-5.7185,5.5819,0.0,-0.011412,-0.0,0.629557
2024-12-31,-6.7656,4.294,0.0,-0.003638,-0.0,0.629557
2025-01-02,-5.6435,3.6732,0.0,-0.002457,-0.0,0.629557
2025-01-03,-3.239,3.0921,0.0,0.012503,0.0,0.629557
2025-01-06,-2.8535,2.9757,0.0,0.005761,0.0,0.629557
2025-01-07,-2.2285,2.51,0.0,-0.011304,-0.0,0.629557
2025-01-08,-2.6557,1.8955,0.0,0.001461,0.0,0.629557
2025-01-10,-1.6546,1.6749,0.0,-0.015267,-0.0,0.629557
2025-01-13,-3.5951,1.5728,0.0,0.00155,0.0,0.629557
2025-01-14,-1.5034,1.1442,0.0,0.001376,0.0,0.629557
2025-01-15,-0.4015,0.5758,0.0,0.01819,0.0,0.629557
2025-01-16,-5.9312,0.2207,0.0,-0.001923,-0.0,0.629557
2025-01-17,-3.57,0.0434,0.0,0.01004,0.0,0.629557
2025-01-21,-1.2282,-0.1461,0.0,0.009154,0.0,0.629557
2025-01-22,1.7949,-0.1461,1.0,0.005622,0.005622,0.638718
2025-01-23,1.2669,-0.1461,1.0,0.005458,0.005458,0.647663
2025-01-24,-0.1658,-0.2366,1.0,-0.002919,-0.002919,0.642853
2025-01-27,-1.4868,-0.3544,0.0,-0.014146,-0.0,0.642853
2025-01-28,-3.4669,-0.43,0.0,0.008592,0.0,0.642853
2025-01-29,-3.977,-0.5723,0.0,-0.004483,-0.0,0.642853
2025-01-30,-4.5699,-0.8164,0.0,0.005367,0.0,0.642853
2025-01-31,-2.1667,-0.9999,0.0,-0.005322,-0.0,0.642853
2025-02-03,-1.9928,-1.1189,0.0,-0.006729,-0.0,0.642853
2025-02-04,-5.2,-1.1189,0.0,0.006708,0.0,0.642853
2025-02-05,-5.6428,-1.2064,0.0,0.004055,0.0,0.642853
2025-02-06,-7.0417,-1.2064,0.0,0.003476,0.0,0.642853
2025-02-07,-5.8062,-1.2064,0.0,-0.009154,-0.0,0.642853
2025-02-10,-5.3248,-1.3575,0.0,0.006791,0.0,0.642853
2025-02-11,-2.743,-1.3575,0.0,0.000761,0.0,0.642853
2025-02-12,-4.7933,-1.3575,0.0,-0.003221,-0.0,0.642853
2025-02-13,-7.5725,-1.4951,0.0,0.010558,0.0,0.642853
2025-02-14,-9.2428,-1.5246,0.0,-4.9e-05,-0.0,0.642853
2025-02-18,-12.5213,-1.6003,0.0,0.002936,0.0,0.642853
2025-02-19,-11.6841,-1.8237,0.0,0.002355,0.0,0.642853
2025-02-20,-12.8713,-1.9959,0.0,-0.00416,-0.0,0.642853
2025-02-21,-13.9878,-2.0828,0.0,-0.017104,-0.0,0.642853
2025-02-24,-13.2851,-2.1976,0.0,-0.00455,-0.0,0.642853
2025-02-25,-15.0549,-2.4421,0.0,-0.004973,-0.0,0.642853
2025-02-26,-14.7586,-2.6993,0.0,0.000505,0.0,0.642853
2025-02-27,-16.1379,-2.7983,0.0,-0.015962,-0.0,0.642853
2025-02-28,-17.3556,-3.0462,0.0,0.015605,0.0,0.642853
2025-03-03,-17.8257,-3.248,0.0,-0.01752,-0.0,0.642853
2025-03-04,-18.6435,-3.248,0.0,-0.011837,-0.0,0.642853
2025-03-05,-16.3661,-3.248,0.0,0.010748,0.0,0.642853
2025-03-06,-14.749,-3.248,0.0,-0.017751,-0.0,0.642853
2025-03-07,-14.4197,-3.248,0.0,0.005605,0.0,0.642853
2025-03-10,-16.2526,-3.248,0.0,-0.026636,-0.0,0.642853
2025-03-11,-16.9682,-3.248,0.0,-0.008313,-0.0,0.642853
2025-03-12,-16.4232,-3.248,0.0,0.005306,0.0,0.642853
2025-03-13,-17.6092,-3.248,0.0,-0.01333,-0.0,0.642853
2025-03-14,-19.2473,-3.248,0.0,0.020656,0.0,0.642853
2025-03-17,-19.349,-3.248,0.0,0.007711,0.0,0.642853
2025-03-18,-20.6766,-3.248,0.0,-0.010808,-0.0,0.642853
2025-03-19,-17.8819,-3.248,0.0,0.010891,0.0,0.642853
2025-03-20,-17.2072,-3.248,0.0,-0.002892,-0.0,0.642853
2025-03-21,-19.1167,-3.248,0.0,0.00033,0.0,0.642853
2025-03-24,-17.8454,-3.248,0.0,0.017909,0.0,0.642853
2025-03-25,-18.1675,-3.248,0.0,0.002404,0.0,0.642853
2025-03-26,-15.6822,-3.248,0.0,-0.011938,-0.0,0.642853
2025-03-27,-14.7796,-3.248,0.0,-0.002656,-0.0,0.642853
2025-03-28,-14.4676,-3.248,0.0,-0.020138,-0.0,0.642853
2025-03-31,-13.8159,-3.3619,0.0,0.006713,0.0,0.642853
2025-04-01,-14.9222,-3.5184,0.0,0.002824,0.0,0.642853
2025-04-02,-15.4623,-3.5184,0.0,0.006329,0.0,0.642853
2025-04-03,-16.4096,-3.5184,0.0,-0.049281,-0.0,0.642853
2025-04-04,-16.7299,-3.5184,0.0,-0.058543,-0.0,0.642853
2025-04-07,-15.0114,-3.5825,0.0,-0.001781,-0.0,0.642853
2025-04-08,-14.644,-3.786,0.0,-0.015663,-0.0,0.642853
2025-04-09,-15.177,-4.2734,0.0,0.105019,0.0,0.642853
2025-04-10,-17.2808,-4.6816,0.0,-0.043819,-0.0,0.642853
2025-04-11,-15.8161,-4.9967,0.0,0.017843,0.0,0.642853
2025-04-14,-16.8113,-5.2624,0.0,0.009702,0.0,0.642853
2025-04-15,-16.3037,-5.4838,0.0,-0.002801,-0.0,0.642853
2025-04-16,-15.9293,-5.7245,0.0,-0.022228,-0.0,0.642853
2025-04-17,-10.7174,-5.7245,0.0,0.001427,0.0,0.642853
2025-04-21,-10.2503,-6.4239,0.0,-0.023803,-0.0,0.642853
2025-04-22,-7.6352,-7.3071,0.0,0.026018,0.0,0.642853
2025-04-23,-9.2672,-7.6038,0.0,0.015496,0.0,0.642853
2025-04-24,-8.9784,-8.3068,0.0,0.021049,0.0,0.642853
2025-04-25,-7.4539,-8.3068,1.0,0.007225,0.007225,0.654723
2025-04-28,-13.4583,-9.1106,0.0,0.000381,0.0,0.654723
2025-04-29,-13.9537,-9.255,0.0,0.006299,0.0,0.654723
2025-04-30,-13.0561,-9.7588,0.0,0.000397,0.0,0.654723
2025-05-01,-8.4375,-9.7588,1.0,0.007087,0.007087,0.66645
2025-05-02,-12.8385,-10.4839,0.0,0.014844,0.0,0.66645
2025-05-05,-8.5309,-10.4839,1.0,-0.005734,-0.005734,0.656894
2025-05-06,-4.97,-10.4839,1.0,-0.008358,-0.008358,0.643046
2025-05-07,-4.1515,-10.4839,1.0,0.004205,0.004205,0.649955
2025-05-08,-4.598,-10.4839,1.0,0.006968,0.006968,0.661452
2025-05-09,-2.9204,-10.4839,1.0,-0.001274,-0.001274,0.659335
2025-05-12,-6.3299,-10.4839,1.0,0.033047,0.033047,0.714171
2025-05-13,-5.6281,-10.4839,1.0,0.006604,0.006604,0.725492
2025-05-14,-5.7593,-10.4839,1.0,0.001278,0.001278,0.727697
2025-05-15,-7.8447,-10.4839,1.0,0.004884,0.004884,0.736135
2025-05-16,-7.2998,-10.4839,1.0,0.006334,0.006334,0.747131
2025-05-19,-8.839,-9.7588,1.0,0.001094,0.001094,0.749043
2025-05-20,-7.7195,-9.1228,1.0,-0.003362,-0.003362,0.743163
2025-05-21,-8.1426,-8.9087,1.0,-0.016851,-0.016851,0.713788
2025-05-22,-8.5335,-8.6862,1.0,0.000395,0.000395,0.714465
2025-05-23,-11.409,-8.6862,0.0,-0.006826,-0.0,0.714465
2025-05-27,-10.6177,-8.6862,0.0,0.020791,0.0,0.714465
2025-05-28,-10.3297,-8.6862,0.0,-0.005785,-0.0,0.714465
2025-05-29,-12.432,-8.6862,0.0,0.003947,0.0,0.714465
2025-05-30,-13.1444,-8.6862,0.0,-0.001119,-0.0,0.714465
2025-06-02,-14.069,-8.6862,0.0,0.005633,0.0,0.714465
2025-06-03,-11.9505,-8.6862,0.0,0.005703,0.0,0.714465
2025-06-04,-12.4713,-8.6862,0.0,-0.000269,-0.0,0.714465
2025-06-05,-9.6765,-8.6862,0.0,-0.004833,-0.0,0.714465
2025-06-06,-7.7625,-8.5322,1.0,0.010269,0.010269,0.732071
2025-06-09,-9.5138,-8.5322,0.0,0.000901,0.0,0.732071
2025-06-10,-6.709,-8.4842,1.0,0.00567,0.00567,0.741892
2025-06-11,-5.8955,-8.2901,1.0,-0.002852,-0.002852,0.736924
2025-06-12,-5.9189,-7.9937,1.0,0.003974,0.003974,0.743827
2025-06-13,-8.3284,-7.9937,0.0,-0.01118,-0.0,0.743827
2025-06-16,-6.7406,-7.8036,1.0,0.009514,0.009514,0.760418
2025-06-17,-8.2882,-7.8036,0.0,-0.008545,-0.0,0.760418
2025-06-18,-6.9324,-7.741,1.0,-0.000151,-0.000151,0.760152
2025-06-20,-7.3238,-7.6773,1.0,-0.002348,-0.002348,0.756019
2025-06-23,-7.5064,-7.5708,1.0,0.009877,0.009877,0.773363
2025-06-24,-8.7155,-7.5708,0.0,0.011047,0.0,0.773363
2025-06-25,-8.5263,-7.5708,0.0,0.00056,0.0,0.773363
2025-06-26,-10.6881,-7.5708,0.0,0.007824,0.0,0.773363
2025-06-27,-13.1956,-7.5708,0.0,0.004969,0.0,0.773363
2025-06-30,-14.8973,-7.5708,0.0,0.004781,0.0,0.773363
2025-07-01,-18.2512,-7.5708,0.0,-0.000324,-0.0,0.773363
2025-07-02,-16.911,-7.5708,0.0,0.004533,0.0,0.773363
2025-07-03,-15.6473,-7.5708,0.0,0.007881,0.0,0.773363
2025-07-07,-18.4249,-7.5708,0.0,-0.007452,-0.0,0.773363
2025-07-08,-21.0726,-7.5708,0.0,-0.000548,-0.0,0.773363
2025-07-09,-19.3534,-7.5708,0.0,0.005997,0.0,0.773363
2025-07-10,-21.5292,-7.5708,0.0,0.00282,0.0,0.773363
2025-07-11,-16.2836,-7.5708,0.0,-0.003516,-0.0,0.773363
2025-07-14,-19.7331,-7.5708,0.0,0.001908,0.0,0.773363
2025-07-15,-19.4568,-7.5708,0.0,-0.004273,-0.0,0.773363
2025-07-16,-19.7026,-7.5708,0.0,0.003343,0.0,0.773363
2025-07-17,-19.2576,-7.5708,0.0,0.00612,0.0,0.773363
2025-07-18,-21.5714,-7.5708,0.0,-0.000733,-0.0,0.773363
2025-07-21,-18.4825,-7.5708,0.0,0.001896,0.0,0.773363
2025-07-22,-18.0644,-7.5708,0.0,0.000143,0.0,0.773363
2025-07-23,-19.1965,-7.6129,0.0,0.008507,0.0,0.773363
2025-07-24,-17.0185,-7.6129,0.0,0.000331,0.0,0.773363
2025-07-25,-14.4034,-7.6129,0.0,0.004224,0.0,0.773363
2025-07-28,-13.7812,-7.741,0.0,-0.000251,-0.0,0.773363
2025-07-29,-13.9389,-7.741,0.0,-0.002638,-0.0,0.773363
2025-07-30,-15.5113,-7.741,0.0,-0.001259,-0.0,0.773363
2025-07-31,-15.8047,-7.741,0.0,-0.003751,-0.0,0.773363
2025-08-01,-15.7716,-7.741,0.0,-0.01639,-0.0,0.773363
2025-08-04,-15.8903,-7.741,0.0,0.0152,0.0,0.773363
2025-08-05,-13.5481,-7.741,0.0,-0.00507,-0.0,0.773363
2025-08-06,-11.8757,-7.8036,0.0,0.00766,0.0,0.773363
2025-08-07,-11.3183,-7.9937,0.0,-0.000838,-0.0,0.773363
2025-08-08,-10.7491,-8.2154,0.0,0.007798,0.0,0.773363
2025-08-11,-10.3297,-8.3083,0.0,-0.001977,-0.0,0.773363
2025-08-12,-7.6573,-8.3083,1.0,0.010646,0.010646,0.792242
2025-08-13,-6.7622,-8.3083,1.0,0.003423,0.003423,0.798377
2025-08-14,-5.1476,-8.3083,1.0,9.3e-05,9.3e-05,0.798544
2025-08-15,-3.6137,-8.3083,1.0,-0.002341,-0.002341,0.794334
2025-08-18,-3.8259,-8.3083,1.0,-0.000218,-0.000218,0.793943
2025-08-19,-2.4071,-8.2154,1.0,-0.005425,-0.005425,0.784211
2025-08-20,-2.8121,-8.2154,1.0,-0.002657,-0.002657,0.77947
2025-08-21,-0.7796,-8.0254,1.0,-0.004012,-0.004012,0.772331
2025-08-22,-2.0949,-7.7099,1.0,0.015357,0.015357,0.799549
2025-08-25,-3.1779,-7.5818,1.0,-0.004401,-0.004401,0.791629
2025-08-26,-1.2143,-7.4151,1.0,0.004187,0.004187,0.79913
2025-08-27,-2.2314,-7.1281,1.0,0.002279,0.002279,0.80323
2025-08-28,-1.6438,-6.8473,1.0,0.003541,0.003541,0.809616
2025-08-29,-3.9044,-6.7514,1.0,-0.005964,-0.005964,0.798823
2025-09-02,-1.2399,-6.7248,1.0,-0.00741,-0.00741,0.785494
2025-09-03,2.1138,-6.314,1.0,0.00542,0.00542,0.795171
2025-09-04,2.6473,-5.9072,1.0,0.008357,0.008357,0.810173
2025-09-05,0.2501,-5.5216,1.0,-0.002896,-0.002896,0.804931
2025-09-08,0.2005,-4.526,1.0,0.002457,0.002457,0.809366
2025-09-09,0.9805,-3.8651,1.0,0.002312,0.002312,0.813549
2025-09-10,4.2535,-3.7198,1.0,0.002891,0.002891,0.818792
2025-09-11,3.8291,-3.3958,1.0,0.00831,0.00831,0.833906
2025-09-12,4.0855,-2.995,1.0,-0.000335,-0.000335,0.833292
2025-09-15,4.7901,-2.6096,1.0,0.005324,0.005324,0.843052
2025-09-16,4.9246,-2.3193,1.0,-0.001377,-0.001377,0.840515
2025-09-17,5.367,-2.1632,1.0,-0.001242,-0.001242,0.838229
2025-09-18,2.4672,-1.8693,1.0,0.004672,0.004672,0.846817
2025-09-19,0.3003,-1.4418,1.0,0.004953,0.004953,0.855964
2025-09-22,1.1939,-1.2271,1.0,0.004731,0.004731,0.864745
2025-09-23,4.7935,-0.997,1.0,-0.005443,-0.005443,0.854595
2025-09-24,7.3663,-0.2896,1.0,-0.003182,-0.003182,0.848694
2025-09-25,7.1926,0.2253,1.0,-0.004613,-0.004613,0.840166
2025-09-26,4.1429,0.2752,1.0,0.005729,0.005729,0.850708
2025-09-29,3.718,0.6404,1.0,0.00281,0.00281,0.855908
2025-09-30,2.9934,1.0872,1.0,0.003767,0.003767,0.8629
2025-10-01,4.4127,1.6539,1.0,0.003408,0.003408,0.869248
2025-10-02,5.0504,2.2905,1.0,0.001152,0.001152,0.871402
2025-10-03,4.444,2.5573,1.0,-1.5e-05,-1.5e-05,0.871374
2025-10-06,5.2475,2.8203,1.0,0.003586,0.003586,0.878084
2025-10-07,3.4645,3.2289,1.0,-0.003708,-0.003708,0.87112
2025-10-08,1.6583,3.2289,0.0,0.005963,0.0,0.87112
2025-10-09,2.5422,3.2289,0.0,-0.002897,-0.0,0.87112
2025-10-10,2.5866,3.2289,0.0,-0.027028,-0.0,0.87112
2025-10-13,5.2927,3.5912,1.0,0.015344,0.015344,0.899831
2025-10-14,5.0563,3.7736,1.0,-0.001222,-0.001222,0.897509
2025-10-15,4.7807,3.9573,1.0,0.00444,0.00444,0.905934
2025-10-16,4.4419,4.1142,1.0,-0.00681,-0.00681,0.892955
2025-10-17,3.9797,4.1142,0.0,0.005676,0.0,0.892955
2025-10-20,0.3141,4.1142,0.0,0.010401,0.0,0.892955
2025-10-21,-0.921,4.1142,0.0,-1.5e-05,-0.0,0.892955
2025-10-22,-1.9361,4.1142,0.0,-0.005199,-0.0,0.892955
2025-10-23,-1.346,4.1142,0.0,0.00593,0.0,0.892955
2025-10-24,1.9038,4.1142,0.0,0.008173,0.0,0.892955
2025-10-27,10.9229,4.1982,1.0,0.011798,0.011798,0.915288
2025-10-28,11.7066,4.3331,1.0,0.002656,0.002656,0.920375
2025-10-29,7.9208,4.4273,1.0,0.00048,0.00048,0.921297
2025-10-30,6.2983,4.4429,1.0,-0.010998,-0.010998,0.900166
2025-10-31,6.2836,4.6123,1.0,0.00328,0.00328,0.906399
2025-11-03,6.8627,4.7854,1.0,0.001877,0.001877,0.909977
2025-11-04,5.4346,4.7918,1.0,-0.011854,-0.011854,0.887336
2025-11-05,5.1157,4.859,1.0,0.003465,0.003465,0.893876
2025-11-06,5.4658,4.9875,1.0,-0.010729,-0.010729,0.873556
2025-11-07,6.3041,5.0533,1.0,0.000985,0.000985,0.875402
2025-11-10,7.4947,5.086,1.0,0.015604,0.015604,0.904666
2025-11-11,8.2311,5.1816,1.0,0.002289,0.002289,0.909025
2025-11-12,7.5131,5.2701,1.0,0.000556,0.000556,0.910087
2025-11-13,5.0926,5.2701,0.0,-0.016594,-0.0,0.910087
2025-11-14,5.4479,5.3298,1.0,-0.000164,-0.000164,0.909774
2025-11-17,2.6758,5.3298,0.0,-0.009316,-0.0,0.909774
2025-11-18,1.2585,5.3298,0.0,-0.008398,-0.0,0.909774
2025-11-19,0.73,5.3298,0.0,0.003863,0.0,0.909774
2025-11-20,3.5339,5.3298,0.0,-0.015242,-0.0,0.909774
2025-11-21,6.305,5.4008,1.0,0.009961,0.009961,0.928797
2025-11-24,8.7725,5.4412,1.0,0.014719,0.014719,0.957187
2025-11-25,6.6679,5.4568,1.0,0.009406,0.009406,0.975596
2025-11-26,11.9247,5.8747,1.0,0.006903,0.006903,0.989234
2025-11-28,8.8974,6.291,1.0,0.005458,0.005458,1.000091
2025-12-01,11.0394,6.3012,1.0,-0.004565,-0.004565,0.990961
2025-12-02,8.1984,6.3046,1.0,0.001852,0.001852,0.994648
2025-12-03,7.6589,6.4865,1.0,0.003463,0.003463,1.001555
2025-12-04,12.9205,6.7653,1.0,0.000731,0.000731,1.003018
2025-12-05,10.7259,7.0277,1.0,0.001899,0.001899,1.006822
2025-12-08,13.2069,7.2794,1.0,-0.003004,-0.003004,1.000794
2025-12-09,15.4143,7.4305,1.0,-0.000863,-0.000863,0.999067
2025-12-10,13.0273,7.5039,1.0,0.006632,0.006632,1.012325
2025-12-11,12.3727,7.586,1.0,0.002327,0.002327,1.017007
2025-12-12,11.5449,7.7899,1.0,-0.010752,-0.010752,0.995321
2025-12-15,11.3422,8.0596,1.0,-0.001511,-0.001511,0.992306
2025-12-16,11.7263,8.2148,1.0,-0.002732,-0.002732,0.986863
2025-12-17,15.3173,8.5018,1.0,-0.011004,-0.011004,0.964999
2025-12-18,14.3989,8.835,1.0,0.007551,0.007551,0.979837
2025-12-19,16.7885,9.8117,1.0,0.009063,0.009063,0.99778
2025-12-22,15.659,10.8244,1.0,0.00623,0.00623,1.010226
2025-12-23,16.9194,10.9812,1.0,0.00457,0.00457,1.019413
2025-12-24,19.7521,11.1908,1.0,0.003518,0.003518,1.026517
2025-12-26,21.6615,11.4436,1.0,-0.000101,-0.000101,1.026313
2025-12-29,22.6889,11.6258,1.0,-0.003564,-0.003564,1.019091
2025-12-30,24.5358,11.7164,1.0,-0.001221,-0.001221,1.016626
2025-12-31,26.6558,11.8255,1.0,-0.007409,-0.007409,1.001684
2026-01-02,28.6303,12.1487,1.0,0.001833,0.001833,1.005354
2026-01-05,34.8329,12.6466,1.0,0.00666,0.00666,1.018709
2026-01-06,40.8509,12.9739,1.0,0.005947,0.005947,1.030714
2026-01-07,34.5817,13.1171,1.0,-0.003223,-0.003223,1.024169
2026-01-08,41.2081,13.8029,1.0,-0.000102,-0.000102,1.023963
2026-01-09,31.4145,14.8581,1.0,0.006613,0.006613,1.037347
2026-01-12,31.4554,15.3658,1.0,0.00157,0.00157,1.040546
2026-01-13,34.8935,15.5367,1.0,-0.002,-0.002,1.036465
2026-01-14,32.8526,16.2238,1.0,-0.004915,-0.004915,1.026456
2026-01-15,35.2135,16.8539,1.0,0.002723,0.002723,1.031974
2026-01-16,39.4752,18.3358,1.0,-0.000838,-0.000838,1.030271
2026-01-20,39.3279,20.7068,1.0,-0.020357,-0.020357,0.988941
2026-01-21,39.6735,22.1752,1.0,0.011541,0.011541,1.011895
2026-01-22,39.38,23.6123,1.0,0.005223,0.005223,1.022403
2026-01-23,33.6201,25.5958,1.0,0.000363,0.000363,1.023137
2026-01-26,31.6656,27.643,1.0,0.005078,0.005078,1.033411
2026-01-27,32.6618,30.0224,1.0,0.003984,0.003984,1.041512
2026-01-28,35.2652,31.435,1.0,-0.000101,-0.000101,1.041306
2026-01-29,37.525,31.5605,1.0,-0.001984,-0.001984,1.037256
2026-01-30,38.9559,32.1637,1.0,-0.002983,-0.002983,1.031179
2026-02-02,38.7592,32.7572,1.0,0.004971,0.004971,1.041276
2026-02-03,35.8278,33.2363,1.0,-0.008455,-0.008455,1.024017
2026-02-04,36.857,34.1009,1.0,-0.004844,-0.004844,1.014212
2026-02-05,33.2123,34.1009,0.0,-0.012489,-0.0,1.014212
2026-02-06,34.9817,34.7073,1.0,0.019185,0.019185,1.052855
2026-02-09,32.7777,34.7073,0.0,0.004822,0.0,1.052855
2026-02-10,30.0786,34.7073,0.0,-0.002637,-0.0,1.052855
2026-02-11,27.34,34.7073,0.0,-0.000231,-0.0,1.052855
2026-02-12,20.9165,34.7073,0.0,-0.015449,-0.0,1.052855
2026-02-13,22.0523,34.7073,0.0,0.000704,0.0,1.052855
2026-02-17,20.7682,34.7073,0.0,0.001613,0.0,1.052855
2026-02-18,21.6717,34.7073,0.0,0.005038,0.0,1.052855
2026-02-19,21.6516,34.7073,0.0,-0.002637,-0.0,1.052855
2026-02-20,19.6176,34.7073,0.0,0.007232,0.0,1.052855
2026-02-23,21.4647,34.7073,0.0,-0.010211,-0.0,1.052855
2026-02-24,18.1816,34.7073,0.0,0.007268,0.0,1.052855
2026-02-25,19.0337,34.7073,0.0,0.008438,0.0,1.052855
2026-02-26,21.2024,34.7073,0.0,-0.005554,-0.0,1.052855
2026-02-27,20.2335,34.7073,0.0,-0.004802,-0.0,1.052855
2026-03-02,22.5281,34.7073,0.0,0.000569,0.0,1.052855
2026-03-03,26.6122,34.7073,0.0,-0.008814,-0.0,1.052855
2026-03-04,25.8486,34.7073,0.0,0.007055,0.0,1.052855
2026-03-05,25.2416,34.7073,0.0,-0.005575,-0.0,1.052855
2026-03-06,25.3226,34.7073,0.0,-0.013107,-0.0,1.052855
2026-03-09,24.0739,34.7073,0.0,0.00876,0.0,1.052855
2026-03-10,25.7965,34.7073,0.0,-0.001607,-0.0,1.052855
2026-03-11,25.2299,34.7073,0.0,-0.001255,-0.0,1.052855
2026-03-12,23.4586,34.7073,0.0,-0.015185,-0.0,1.052855
2026-03-13,24.107,34.7073,0.0,-0.00566,-0.0,1.052855
2026-03-16,22.9879,34.7073,0.0,0.010177,0.0,1.052855
2026-03-17,19.7907,34.7073,0.0,0.002631,0.0,1.052855
2026-03-18,16.8267,34.7073,0.0,-0.013954,-0.0,1.052855
2026-03-19,16.5807,34.7073,0.0,-0.002464,-0.0,1.052855
2026-03-20,12.8121,34.7073,0.0,-0.014336,-0.0,1.052855
2026-03-23,15.3807,34.7073,0.0,0.0105,0.0,1.052855
2026-03-24,18.1657,34.7073,0.0,-0.003357,-0.0,1.052855
2026-03-25,15.6787,34.7073,0.0,0.005573,0.0,1.052855
2026-03-26,14.7607,34.7073,0.0,-0.017859,-0.0,1.052855
2026-03-27,14.5668,34.7073,0.0,-0.017052,-0.0,1.052855
2026-03-30,15.1267,34.7073,0.0,-0.003343,-0.0,1.052855
2026-03-31,15.5855,34.7073,0.0,0.029068,0.0,1.052855
2026-04-01,16.3605,34.7073,0.0,0.007534,0.0,1.052855
2026-04-02,14.2012,34.7073,0.0,0.0009,0.0,1.052855
2026-04-06,18.7394,34.7073,0.0,0.004727,0.0,1.052855
2026-04-07,20.5918,34.1009,0.0,0.00044,0.0,1.052855
2026-04-08,20.9206,33.4162,0.0,0.02547,0.0,1.052855
2026-04-09,20.2977,33.0324,0.0,0.005769,0.0,1.052855
2026-04-10,17.5615,32.8151,0.0,-0.000662,-0.0,1.052855
2026-04-13,19.8022,32.8151,0.0,0.009772,0.0,1.052855
2026-04-14,21.4654,32.8151,0.0,0.012185,0.0,1.052855
2026-04-15,20.8057,32.7198,0.0,0.007891,0.0,1.052855
2026-04-16,21.5531,32.1637,0.0,0.002457,0.0,1.052855
2026-04-17,23.2197,30.8721,0.0,0.012086,0.0,1.052855
2026-04-20,24.7587,28.7093,0.0,-0.002,-0.0,1.052855
2026-04-21,25.2998,26.9761,0.0,-0.006547,-0.0,1.052855
2026-04-22,30.111,26.9761,1.0,0.010127,0.010127,1.073644
2026-04-23,30.7701,26.9761,1.0,-0.003881,-0.003881,1.065597
2026-04-24,29.0368,26.9761,1.0,0.007749,0.007749,1.081603
2026-04-27,28.3928,26.9761,1.0,0.001723,0.001723,1.085189
2026-04-28,28.8358,26.9761,1.0,-0.004866,-0.004866,1.075043
2026-04-29,31.4484,26.9761,1.0,-0.000155,-0.000155,1.074721
2026-04-30,30.6779,26.9761,1.0,0.00995,0.00995,1.095365
2026-05-01,29.5407,26.9761,1.0,0.002769,0.002769,1.101167
2026-05-04,30.8167,26.9761,1.0,-0.003663,-0.003663,1.09347
2026-05-05,28.9112,26.9761,1.0,0.008022,0.008022,1.110264
2026-05-06,24.6554,26.2304,0.0,0.013899,0.0,1.110264
2026-05-07,27.3842,26.2304,1.0,-0.003066,-0.003066,1.103794
2026-05-08,30.045,26.2304,1.0,0.008256,0.008256,1.121163
2026-05-11,31.2444,26.2304,1.0,0.002278,0.002278,1.125995
2026-05-12,30.615,26.2304,1.0,-0.001515,-0.001515,1.122774
2026-05-13,31.1201,26.2304,1.0,0.005595,0.005595,1.134651
2026-05-14,29.1335,26.9982,1.0,0.007894,0.007894,1.151502
2026-05-15,30.0603,27.8885,1.0,-0.012029,-0.012029,1.125621
2026-05-18,32.5067,28.6143,1.0,-0.000704,-0.000704,1.124125
2026-05-19,32.5393,28.8735,1.0,-0.006661,-0.006661,1.109976
2026-05-20,33.9384,28.974,1.0,0.010249,0.010249,1.131601
2026-05-21,35.0057,29.0851,1.0,0.001983,0.001983,1.135828
2026-05-22,35.7434,29.3371,1.0,0.003932,0.003932,1.144226
2026-05-26,35.1665,29.7928,1.0,0.006639,0.006639,1.158462
2026-05-27,35.5658,30.0526,1.0,-0.000173,-0.000173,1.158089
2026-05-28,31.348,30.0857,1.0,0.005517,0.005517,1.169995
2026-05-29,30.3122,30.2116,1.0,0.002491,0.002491,1.1754
2026-06-01,30.6905,30.4636,1.0,0.002723,0.002723,1.181324
2026-06-02,29.1287,30.4636,0.0,0.001358,0.0,1.181324
2026-06-03,31.1951,30.6464,1.0,-0.007017,-0.007017,1.166017
2026-06-04,31.388,30.6842,1.0,0.003779,0.003779,1.174203
2026-06-05,27.2686,30.6842,0.0,-0.025809,-0.0,1.174203
2026-06-08,28.6246,30.6842,0.0,0.002264,0.0,1.174203
2026-06-09,28.9738,30.6842,0.0,-0.002935,-0.0,1.174203
2026-06-10,30.0195,30.6842,0.0,-0.015766,-0.0,1.174203
2026-06-11,24.8984,30.6842,0.0,0.016997,0.0,1.174203
2026-06-12,25.9224,30.6842,0.0,0.005408,0.0,1.174203
2026-06-15,26.9156,30.6842,0.0,0.017634,0.0,1.174203
2026-06-16,26.6928,30.6842,0.0,-0.005962,-0.0,1.174203
2026-06-17,27.2189,30.6842,0.0,-0.012488,-0.0,1.174203
