signal,threshold,strategy,lead_months,is_sharpe,oos_sharpe,oos_sortino,oos_calmar,oos_ann_return,oos_ann_vol,max_drawdown,win_rate,annual_turnover,is_n,oos_n,valid
S1_level,T1_fixed_p25,P1_long_cash,0,0.5408,0.8998,1.3886,0.6186,14.8,16.45,-23.93,0.6771,0.03,299,96,True
S1_level,T1_fixed_p25,P2_signal_strength,0,0.7839,0.7982,1.1755,0.4881,10.01,12.54,-20.51,0.6562,0.36,299,96,True
S1_level,T1_fixed_p25,P3_long_short,0,0.3193,0.8998,1.3886,0.6186,14.8,16.45,-23.93,0.6771,0.06,299,96,True
S1_level,T1_fixed_p50,P1_long_cash,0,0.3975,0.8522,1.312,0.5845,13.99,16.41,-23.93,0.6562,0.19,299,96,True
S1_level,T1_fixed_p50,P2_signal_strength,0,0.7839,0.7982,1.1755,0.4881,10.01,12.54,-20.51,0.6562,0.36,299,96,True
S1_level,T1_fixed_p50,P3_long_short,0,-0.1724,0.7948,1.2614,0.5503,13.17,16.57,-23.93,0.6562,0.39,299,96,True
S1_level,T1_fixed_p75,P1_long_cash,0,0.516,0.5788,0.7915,0.3132,8.64,14.94,-27.6,0.5833,0.42,299,96,True
S1_level,T1_fixed_p75,P2_signal_strength,0,0.7839,0.7982,1.1755,0.4881,10.01,12.54,-20.51,0.6562,0.36,299,96,True
S1_level,T1_fixed_p75,P3_long_short,0,-0.3107,0.1464,0.2193,0.0437,2.49,16.99,-56.86,0.6146,0.83,299,96,True
S1_level,T2_roll_p25,P1_long_cash,0,0.7589,0.5788,0.7915,0.3132,8.64,14.94,-27.6,0.5833,0.25,299,96,True
S1_level,T2_roll_p25,P2_signal_strength,0,0.7839,0.7982,1.1755,0.4881,10.01,12.54,-20.51,0.6562,0.36,299,96,True
S1_level,T2_roll_p25,P3_long_short,0,0.6559,0.1464,0.2193,0.0437,2.49,16.99,-56.86,0.6146,0.5,299,96,True
S1_level,T2_roll_p50,P1_long_cash,0,0.7122,0.3413,0.2903,0.1621,3.76,11.03,-23.22,0.3438,0.81,299,96,True
S1_level,T2_roll_p50,P2_signal_strength,0,0.7839,0.7982,1.1755,0.4881,10.01,12.54,-20.51,0.6562,0.36,299,96,True
S1_level,T2_roll_p50,P3_long_short,0,0.4856,-0.4313,-0.6849,-0.1031,-7.28,16.87,-70.57,0.5312,1.61,299,96,False
S1_level,T2_roll_p75,P1_long_cash,0,0.876,0.4179,0.2979,0.2214,3.0,7.17,-13.53,0.1875,0.42,299,96,True
S1_level,T2_roll_p75,P2_signal_strength,0,0.7839,0.7982,1.1755,0.4881,10.01,12.54,-20.51,0.6562,0.36,299,96,True
S1_level,T2_roll_p75,P3_long_short,0,0.471,-0.5242,-0.9316,-0.1294,-8.81,16.81,-68.09,0.4479,0.83,299,96,False
S1_level,T3_zscore_1.0,P1_long_cash,0,0.8679,0.362,0.4418,0.1515,2.05,5.66,-13.53,0.125,0.31,299,96,True
S1_level,T3_zscore_1.0,P2_signal_strength,0,0.7839,0.7982,1.1755,0.4881,10.01,12.54,-20.51,0.6562,0.36,299,96,True
S1_level,T3_zscore_1.0,P3_long_short,0,0.427,-0.6403,-1.1203,-0.1563,-10.7,16.72,-68.47,0.4271,0.61,299,96,False
S1_level,T3_zscore_neg_1.0,P1_long_cash,0,0.1204,0.6157,1.2404,0.6186,3.8,6.17,-6.14,0.0625,0.22,299,96,True
S1_level,T3_zscore_neg_1.0,P2_signal_strength,0,0.7839,0.7982,1.1755,0.4881,10.01,12.54,-20.51,0.6562,0.36,299,96,True
S1_level,T3_zscore_neg_1.0,P3_long_short,0,-0.616,-0.4268,-0.8602,-0.1194,-7.2,16.87,-60.33,0.3646,0.44,299,96,False
S1_level,T3_zscore_1.5,P1_long_cash,0,0.868,0.0959,0.1096,0.0376,0.51,5.31,-13.53,0.0625,0.44,299,96,True
S1_level,T3_zscore_1.5,P2_signal_strength,0,0.7839,0.7982,1.1755,0.4881,10.01,12.54,-20.51,0.6562,0.36,299,96,True
S1_level,T3_zscore_1.5,P3_long_short,0,0.2952,-0.8342,-1.4597,-0.1888,-13.79,16.52,-73.03,0.3646,0.89,299,96,False
S1_level,T3_zscore_neg_1.5,P1_long_cash,0,0.2297,0.6024,0.0,0.0,3.14,5.21,0.0,0.0417,0.11,299,96,True
S1_level,T3_zscore_neg_1.5,P2_signal_strength,0,0.7839,0.7982,1.1755,0.4881,10.01,12.54,-20.51,0.6562,0.36,299,96,True
S1_level,T3_zscore_neg_1.5,P3_long_short,0,-0.5672,-0.5066,-1.0034,-0.1378,-8.52,16.82,-61.83,0.3646,0.22,299,96,False
S1_level,T3_zscore_2.0,P1_long_cash,0,0.5263,0.0,0.0,0.0,0.0,99900.0,0.0,0.0,0.28,299,96,False
S1_level,T3_zscore_2.0,P2_signal_strength,0,0.7839,0.7982,1.1755,0.4881,10.01,12.54,-20.51,0.6562,0.36,299,96,True
S1_level,T3_zscore_2.0,P3_long_short,0,-0.4442,-0.8998,-1.613,-0.2016,-14.8,16.45,-73.44,0.3229,0.56,299,96,False
S1_level,T3_zscore_neg_2.0,P1_long_cash,0,0.1834,0.5694,0.0,0.0,1.55,2.73,0.0,0.0312,0.11,299,96,True
S1_level,T3_zscore_neg_2.0,P2_signal_strength,0,0.7839,0.7982,1.1755,0.4881,10.01,12.54,-20.51,0.6562,0.36,299,96,True
S1_level,T3_zscore_neg_2.0,P3_long_short,0,-0.6028,-0.702,-1.2573,-0.1774,-11.7,16.66,-65.93,0.3542,0.22,299,96,False
S1_level,T1_fixed_p25,P1_long_cash,1,0.538,0.8998,1.3886,0.6186,14.8,16.45,-23.93,0.6771,0.03,299,96,True
S1_level,T1_fixed_p25,P2_signal_strength,1,0.7233,0.8209,1.2331,0.5093,10.41,12.68,-20.44,0.6562,0.36,299,96,True
S1_level,T1_fixed_p25,P3_long_short,1,0.3139,0.8998,1.3886,0.6186,14.8,16.45,-23.93,0.6771,0.06,299,96,True
S1_level,T1_fixed_p50,P1_long_cash,1,0.3738,0.8455,1.2988,0.5786,13.84,16.38,-23.93,0.6562,0.19,299,96,True
S1_level,T1_fixed_p50,P2_signal_strength,1,0.7233,0.8209,1.2331,0.5093,10.41,12.68,-20.44,0.6562,0.36,299,96,True
S1_level,T1_fixed_p50,P3_long_short,1,-0.199,0.777,1.2294,0.5386,12.89,16.59,-23.93,0.6562,0.39,299,96,True
S1_level,T1_fixed_p75,P1_long_cash,1,0.3804,0.6662,0.9494,0.4334,10.37,15.57,-23.93,0.5833,0.36,299,96,True
S1_level,T1_fixed_p75,P2_signal_strength,1,0.7233,0.8209,1.2331,0.5093,10.41,12.68,-20.44,0.6562,0.36,299,96,True
S1_level,T1_fixed_p75,P3_long_short,1,-0.4014,0.351,0.5549,0.1379,5.94,16.91,-43.06,0.6146,0.72,299,96,True
S1_level,T2_roll_p25,P1_long_cash,1,0.7102,0.6662,0.9494,0.4334,10.37,15.57,-23.93,0.5833,0.25,299,96,True
S1_level,T2_roll_p25,P2_signal_strength,1,0.7233,0.8209,1.2331,0.5093,10.41,12.68,-20.44,0.6562,0.36,299,96,True
S1_level,T2_roll_p25,P3_long_short,1,0.6009,0.351,0.5549,0.1379,5.94,16.91,-43.06,0.6146,0.5,299,96,True
S1_level,T2_roll_p50,P1_long_cash,1,0.6778,0.7691,0.8079,0.6525,8.83,11.48,-13.53,0.3542,0.81,299,96,True
S1_level,T2_roll_p50,P2_signal_strength,1,0.7233,0.8209,1.2331,0.5093,10.41,12.68,-20.44,0.6562,0.36,299,96,True
S1_level,T2_roll_p50,P3_long_short,1,0.4513,0.1683,0.3278,0.0616,2.86,16.98,-46.44,0.5521,1.61,299,96,True
S1_level,T2_roll_p75,P1_long_cash,1,0.8646,0.5694,0.3519,0.2896,3.92,6.88,-13.53,0.1979,0.42,299,96,True
S1_level,T2_roll_p75,P2_signal_strength,1,0.7233,0.8209,1.2331,0.5093,10.41,12.68,-20.44,0.6562,0.36,299,96,True
S1_level,T2_roll_p75,P3_long_short,1,0.4948,-0.4126,-0.7296,-0.106,-6.97,16.88,-65.68,0.4688,0.83,299,96,False
S1_level,T3_zscore_1.0,P1_long_cash,1,0.7692,0.3502,0.4266,0.1463,1.98,5.65,-13.53,0.125,0.28,299,96,True
S1_level,T3_zscore_1.0,P2_signal_strength,1,0.7233,0.8209,1.2331,0.5093,10.41,12.68,-20.44,0.6562,0.36,299,96,True
S1_level,T3_zscore_1.0,P3_long_short,1,0.3197,-0.649,-1.1402,-0.1583,-10.84,16.71,-68.51,0.4271,0.56,299,96,False
S1_level,T3_zscore_neg_1.0,P1_long_cash,1,0.1387,0.6317,1.1968,0.5968,3.67,5.81,-6.14,0.0625,0.22,299,96,True
S1_level,T3_zscore_neg_1.0,P2_signal_strength,1,0.7233,0.8209,1.2331,0.5093,10.41,12.68,-20.44,0.6562,0.36,299,96,True
S1_level,T3_zscore_neg_1.0,P3_long_short,1,-0.6123,-0.4429,-0.8587,-0.1397,-7.47,16.86,-53.45,0.3646,0.44,299,96,False
S1_level,T3_zscore_1.5,P1_long_cash,1,0.8306,0.042,0.0471,0.0162,0.22,5.2,-13.53,0.0625,0.44,299,96,True
S1_level,T3_zscore_1.5,P2_signal_strength,1,0.7233,0.8209,1.2331,0.5093,10.41,12.68,-20.44,0.6562,0.36,299,96,True
S1_level,T3_zscore_1.5,P3_long_short,1,0.2741,-0.8715,-1.5387,-0.1997,-14.37,16.48,-71.92,0.3646,0.89,299,96,False
S1_level,T3_zscore_neg_1.5,P1_long_cash,1,0.2861,0.6651,0.0,0.0,2.43,3.65,0.0,0.0417,0.11,299,96,True
S1_level,T3_zscore_neg_1.5,P2_signal_strength,1,0.7233,0.8209,1.2331,0.5093,10.41,12.68,-20.44,0.6562,0.36,299,96,True
S1_level,T3_zscore_neg_1.5,P3_long_short,1,-0.5408,-0.5939,-1.073,-0.162,-9.95,16.75,-61.41,0.3646,0.22,299,96,False
S1_level,T3_zscore_2.0,P1_long_cash,1,0.491,0.0,0.0,0.0,0.0,99900.0,0.0,0.0,0.28,299,96,False
S1_level,T3_zscore_2.0,P2_signal_strength,1,0.7233,0.8209,1.2331,0.5093,10.41,12.68,-20.44,0.6562,0.36,299,96,True
S1_level,T3_zscore_2.0,P3_long_short,1,-0.4581,-0.8998,-1.613,-0.2016,-14.8,16.45,-73.44,0.3229,0.56,299,96,False
S1_level,T3_zscore_neg_2.0,P1_long_cash,1,0.2604,0.5609,0.0,0.0,1.83,3.26,0.0,0.0312,0.11,299,96,True
S1_level,T3_zscore_neg_2.0,P2_signal_strength,1,0.7233,0.8209,1.2331,0.5093,10.41,12.68,-20.44,0.6562,0.36,299,96,True
S1_level,T3_zscore_neg_2.0,P3_long_short,1,-0.5664,-0.6675,-1.2101,-0.173,-11.14,16.69,-64.39,0.3542,0.22,299,96,False
S1_level,T1_fixed_p25,P1_long_cash,2,0.5525,0.8998,1.3886,0.6186,14.8,16.45,-23.93,0.6771,0.03,299,96,True
S1_level,T1_fixed_p25,P2_signal_strength,2,0.6705,0.8298,1.2224,0.5296,10.56,12.73,-19.94,0.6562,0.36,298,96,True
S1_level,T1_fixed_p25,P3_long_short,2,0.3387,0.8998,1.3886,0.6186,14.8,16.45,-23.93,0.6771,0.06,299,96,True
S1_level,T1_fixed_p50,P1_long_cash,2,0.333,0.8122,1.2377,0.5514,13.19,16.24,-23.93,0.6562,0.19,299,96,True
S1_level,T1_fixed_p50,P2_signal_strength,2,0.6705,0.8298,1.2224,0.5296,10.56,12.73,-19.94,0.6562,0.36,298,96,True
S1_level,T1_fixed_p50,P3_long_short,2,-0.2409,0.6951,1.105,0.4842,11.59,16.67,-23.93,0.6562,0.39,299,96,True
S1_level,T1_fixed_p75,P1_long_cash,2,0.2405,0.7408,1.0645,0.4859,11.63,15.7,-23.93,0.6042,0.31,299,96,True
S1_level,T1_fixed_p75,P2_signal_strength,2,0.6705,0.8298,1.2224,0.5296,10.56,12.73,-19.94,0.6562,0.36,298,96,True
S1_level,T1_fixed_p75,P3_long_short,2,-0.488,0.5023,0.7682,0.2783,8.45,16.82,-30.37,0.6354,0.61,299,96,True
S1_level,T2_roll_p25,P1_long_cash,2,0.6983,0.689,0.9869,0.4505,10.78,15.64,-23.93,0.5833,0.25,299,96,True
S1_level,T2_roll_p25,P2_signal_strength,2,0.6705,0.8298,1.2224,0.5296,10.56,12.73,-19.94,0.6562,0.36,298,96,True
S1_level,T2_roll_p25,P3_long_short,2,0.5819,0.4,0.6272,0.1723,6.76,16.89,-39.21,0.6146,0.5,299,96,True
S1_level,T2_roll_p50,P1_long_cash,2,0.5745,0.2896,0.2924,0.1288,3.32,11.48,-25.82,0.3333,0.81,299,96,True
S1_level,T2_roll_p50,P2_signal_strength,2,0.6705,0.8298,1.2224,0.5296,10.56,12.73,-19.94,0.6562,0.36,298,96,True
S1_level,T2_roll_p50,P3_long_short,2,0.3054,-0.4843,-0.7738,-0.1154,-8.15,16.84,-70.65,0.5104,1.61,299,96,False
S1_level,T2_roll_p75,P1_long_cash,2,0.8667,0.5688,0.3913,0.2833,3.83,6.74,-13.53,0.1979,0.42,299,96,True
S1_level,T2_roll_p75,P2_signal_strength,2,0.6705,0.8298,1.2224,0.5296,10.56,12.73,-19.94,0.6562,0.36,298,96,True
S1_level,T2_roll_p75,P3_long_short,2,0.5034,-0.4229,-0.7508,-0.1087,-7.14,16.88,-65.68,0.4792,0.83,299,96,False
S1_level,T3_zscore_1.0,P1_long_cash,2,0.7543,0.3269,0.3975,0.1363,1.84,5.64,-13.53,0.125,0.28,299,96,True
S1_level,T3_zscore_1.0,P2_signal_strength,2,0.6705,0.8298,1.2224,0.5296,10.56,12.73,-19.94,0.6562,0.36,298,96,True
S1_level,T3_zscore_1.0,P3_long_short,2,0.3128,-0.6658,-1.1804,-0.1596,-11.11,16.69,-69.63,0.4271,0.56,299,96,False
S1_level,T3_zscore_neg_1.0,P1_long_cash,2,0.2388,0.5443,0.9645,0.481,2.96,5.43,-6.14,0.0625,0.22,299,96,True
S1_level,T3_zscore_neg_1.0,P2_signal_strength,2,0.6705,0.8298,1.2224,0.5296,10.56,12.73,-19.94,0.6562,0.36,298,96,True
S1_level,T3_zscore_neg_1.0,P3_long_short,2,-0.5488,-0.5291,-1.0301,-0.1551,-8.89,16.8,-57.32,0.3646,0.44,299,96,False
S1_level,T3_zscore_1.5,P1_long_cash,2,0.8194,0.0828,0.0942,0.0323,0.44,5.28,-13.53,0.0625,0.44,299,96,True
S1_level,T3_zscore_1.5,P2_signal_strength,2,0.6705,0.8298,1.2224,0.5296,10.56,12.73,-19.94,0.6562,0.36,298,96,True
S1_level,T3_zscore_1.5,P3_long_short,2,0.2702,-0.8434,-1.4787,-0.1963,-13.93,16.51,-70.95,0.3646,0.89,299,96,False
S1_level,T3_zscore_neg_1.5,P1_long_cash,2,0.4773,0.3846,0.0,0.3638,1.36,3.54,-3.74,0.0312,0.11,299,96,True
S1_level,T3_zscore_neg_1.5,P2_signal_strength,2,0.6705,0.8298,1.2224,0.5296,10.56,12.73,-19.94,0.6562,0.36,298,96,True
S1_level,T3_zscore_neg_1.5,P3_long_short,2,-0.4613,-0.726,-1.3225,-0.1804,-12.08,16.64,-66.96,0.3438,0.22,299,96,False
S1_level,T3_zscore_2.0,P1_long_cash,2,0.5541,0.0,0.0,0.0,0.0,99900.0,0.0,0.0,0.28,299,96,False
S1_level,T3_zscore_2.0,P2_signal_strength,2,0.6705,0.8298,1.2224,0.5296,10.56,12.73,-19.94,0.6562,0.36,298,96,True
S1_level,T3_zscore_2.0,P3_long_short,2,-0.4217,-0.8998,-1.613,-0.2016,-14.8,16.45,-73.44,0.3229,0.56,299,96,False
S1_level,T3_zscore_neg_2.0,P1_long_cash,2,0.4809,0.3266,0.0,0.3046,1.14,3.49,-3.74,0.0208,0.11,299,96,True
S1_level,T3_zscore_neg_2.0,P2_signal_strength,2,0.6705,0.8298,1.2224,0.5296,10.56,12.73,-19.94,0.6562,0.36,298,96,True
S1_level,T3_zscore_neg_2.0,P3_long_short,2,-0.4693,-0.7539,-1.3754,-0.1838,-12.52,16.61,-68.11,0.3333,0.22,299,96,False
S1_level,T1_fixed_p25,P1_long_cash,3,0.5359,0.8998,1.3886,0.6186,14.8,16.45,-23.93,0.6771,0.03,299,96,True
S1_level,T1_fixed_p25,P2_signal_strength,3,0.6531,0.8342,1.1901,0.5389,10.58,12.68,-19.62,0.6562,0.36,297,96,True
S1_level,T1_fixed_p25,P3_long_short,3,0.3035,0.8998,1.3886,0.6186,14.8,16.45,-23.93,0.6771,0.06,299,96,True
S1_level,T1_fixed_p50,P1_long_cash,3,0.3277,0.8867,1.3288,0.6017,14.4,16.24,-23.93,0.6667,0.19,299,96,True
S1_level,T1_fixed_p50,P2_signal_strength,3,0.6531,0.8342,1.1901,0.5389,10.58,12.68,-19.62,0.6562,0.36,297,96,True
S1_level,T1_fixed_p50,P3_long_short,3,-0.2546,0.8476,1.2981,0.5848,13.99,16.51,-23.93,0.6771,0.39,299,96,True
S1_level,T1_fixed_p75,P1_long_cash,3,0.1816,0.7086,1.0147,0.4632,11.08,15.64,-23.93,0.6042,0.31,299,96,True
S1_level,T1_fixed_p75,P2_signal_strength,3,0.6531,0.8342,1.1901,0.5389,10.58,12.68,-19.62,0.6562,0.36,297,96,True
S1_level,T1_fixed_p75,P3_long_short,3,-0.5401,0.4365,0.6876,0.2035,7.36,16.87,-36.18,0.6354,0.61,299,96,True
S1_level,T2_roll_p25,P1_long_cash,3,0.6791,0.6502,0.9262,0.4228,10.12,15.56,-23.93,0.5833,0.25,299,96,True
S1_level,T2_roll_p25,P2_signal_strength,3,0.6531,0.8342,1.1901,0.5389,10.58,12.68,-19.62,0.6562,0.36,297,96,True
S1_level,T2_roll_p25,P3_long_short,3,0.5397,0.3207,0.5176,0.1198,5.43,16.93,-45.33,0.6146,0.5,299,96,True
S1_level,T2_roll_p50,P1_long_cash,3,0.6023,0.3834,0.3366,0.2298,4.47,11.66,-19.45,0.3229,0.81,299,96,True
S1_level,T2_roll_p50,P2_signal_strength,3,0.6531,0.8342,1.1901,0.5389,10.58,12.68,-19.62,0.6562,0.36,297,96,True
S1_level,T2_roll_p50,P3_long_short,3,0.3581,-0.3467,-0.5866,-0.1017,-5.86,16.92,-57.65,0.5,1.61,299,96,False
S1_level,T2_roll_p75,P1_long_cash,3,0.7422,0.4054,0.308,0.1999,2.71,6.67,-13.53,0.1875,0.42,299,96,True
S1_level,T2_roll_p75,P2_signal_strength,3,0.6531,0.8342,1.1901,0.5389,10.58,12.68,-19.62,0.6562,0.36,297,96,True
S1_level,T2_roll_p75,P3_long_short,3,0.3114,-0.5597,-0.9899,-0.1394,-9.39,16.78,-67.38,0.4688,0.83,299,96,False
S1_level,T3_zscore_1.0,P1_long_cash,3,0.7449,0.1122,0.1533,0.0501,0.68,6.04,-13.53,0.1042,0.25,299,96,True
S1_level,T3_zscore_1.0,P2_signal_strength,3,0.6531,0.8342,1.1901,0.5389,10.58,12.68,-19.62,0.6562,0.36,297,96,True
S1_level,T3_zscore_1.0,P3_long_short,3,0.3,-0.8127,-1.429,-0.1872,-13.45,16.55,-71.82,0.3958,0.5,299,96,False
S1_level,T3_zscore_neg_1.0,P1_long_cash,3,0.3086,0.5131,0.5935,0.4565,2.8,5.47,-6.14,0.0521,0.22,299,96,True
S1_level,T3_zscore_neg_1.0,P2_signal_strength,3,0.6531,0.8342,1.1901,0.5389,10.58,12.68,-19.62,0.6562,0.36,297,96,True
S1_level,T3_zscore_neg_1.0,P3_long_short,3,-0.5006,-0.5475,-1.0574,-0.1576,-9.19,16.79,-58.34,0.3438,0.44,299,96,False
S1_level,T3_zscore_1.5,P1_long_cash,3,0.8076,0.1492,0.1744,0.0598,0.81,5.43,-13.53,0.0625,0.44,299,96,True
S1_level,T3_zscore_1.5,P2_signal_strength,3,0.6531,0.8342,1.1901,0.5389,10.58,12.68,-19.62,0.6562,0.36,297,96,True
S1_level,T3_zscore_1.5,P3_long_short,3,0.259,-0.7958,-1.3821,-0.1866,-13.18,16.57,-70.66,0.3646,0.89,299,96,False
S1_level,T3_zscore_neg_1.5,P1_long_cash,3,0.4755,0.2296,0.2705,0.1349,0.83,3.61,-6.14,0.0208,0.11,299,96,True
S1_level,T3_zscore_neg_1.5,P2_signal_strength,3,0.6531,0.8342,1.1901,0.5389,10.58,12.68,-19.62,0.6562,0.36,297,96,True
S1_level,T3_zscore_neg_1.5,P3_long_short,3,-0.4741,-0.7934,-1.4525,-0.1887,-13.14,16.57,-69.66,0.3229,0.22,299,96,False
S1_level,T3_zscore_2.0,P1_long_cash,3,0.4573,0.0,0.0,0.0,0.0,99900.0,0.0,0.0,0.28,299,96,False
S1_level,T3_zscore_2.0,P2_signal_strength,3,0.6531,0.8342,1.1901,0.5389,10.58,12.68,-19.62,0.6562,0.36,297,96,True
S1_level,T3_zscore_2.0,P3_long_short,3,-0.4765,-0.8998,-1.613,-0.2016,-14.8,16.45,-73.44,0.3229,0.56,299,96,False
S1_level,T3_zscore_neg_2.0,P1_long_cash,3,0.4574,0.0314,0.0303,0.0151,0.09,2.95,-6.14,0.0104,0.11,299,96,True
S1_level,T3_zscore_neg_2.0,P2_signal_strength,3,0.6531,0.8342,1.1901,0.5389,10.58,12.68,-19.62,0.6562,0.36,297,96,True
S1_level,T3_zscore_neg_2.0,P3_long_short,3,-0.506,-0.8878,-1.6196,-0.2001,-14.62,16.46,-73.03,0.3125,0.22,299,96,False
S1_level,T1_fixed_p25,P1_long_cash,4,0.5359,0.8998,1.3886,0.6186,14.8,16.45,-23.93,0.6771,0.03,299,96,True
S1_level,T1_fixed_p25,P2_signal_strength,4,0.6457,0.8753,1.2583,0.549,10.95,12.51,-19.95,0.6667,0.36,296,96,True
S1_level,T1_fixed_p25,P3_long_short,4,0.3035,0.8998,1.3886,0.6186,14.8,16.45,-23.93,0.6771,0.06,299,96,True
S1_level,T1_fixed_p50,P1_long_cash,4,0.3348,0.9553,1.4218,0.6512,15.58,16.31,-23.93,0.6771,0.25,299,96,True
S1_level,T1_fixed_p50,P2_signal_strength,4,0.6457,0.8753,1.2583,0.549,10.95,12.51,-19.95,0.6667,0.36,296,96,True
S1_level,T1_fixed_p50,P3_long_short,4,-0.2438,1.0022,1.493,0.6838,16.36,16.33,-23.93,0.6979,0.5,299,96,True
S1_level,T1_fixed_p75,P1_long_cash,4,0.2133,0.7109,1.0192,0.4653,11.13,15.66,-23.93,0.6042,0.25,299,96,True
S1_level,T1_fixed_p75,P2_signal_strength,4,0.6457,0.8753,1.2583,0.549,10.95,12.51,-19.95,0.6667,0.36,296,96,True
S1_level,T1_fixed_p75,P3_long_short,4,-0.5084,0.4425,0.6992,0.2005,7.46,16.86,-37.23,0.6354,0.5,299,96,True
S1_level,T2_roll_p25,P1_long_cash,4,0.6681,0.6824,0.9777,0.4463,10.68,15.65,-23.93,0.5833,0.25,299,96,True
S1_level,T2_roll_p25,P2_signal_strength,4,0.6457,0.8753,1.2583,0.549,10.95,12.51,-19.95,0.6667,0.36,296,96,True
S1_level,T2_roll_p25,P3_long_short,4,0.5249,0.388,0.615,0.1575,6.55,16.9,-41.63,0.6146,0.5,299,96,True
S1_level,T2_roll_p50,P1_long_cash,4,0.6528,0.3248,0.3144,0.1957,4.03,12.4,-20.59,0.3125,0.81,299,96,True
S1_level,T2_roll_p50,P2_signal_strength,4,0.6457,0.8753,1.2583,0.549,10.95,12.51,-19.95,0.6667,0.36,296,96,True
S1_level,T2_roll_p50,P3_long_short,4,0.4395,-0.3994,-0.6593,-0.1016,-6.74,16.89,-66.41,0.4896,1.61,299,96,False
S1_level,T2_roll_p75,P1_long_cash,4,0.678,0.4826,0.741,0.242,3.28,6.79,-13.53,0.1875,0.42,299,96,True
S1_level,T2_roll_p75,P2_signal_strength,4,0.6457,0.8753,1.2583,0.549,10.95,12.51,-19.95,0.6667,0.36,296,96,True
S1_level,T2_roll_p75,P3_long_short,4,0.2422,-0.4903,-0.8712,-0.123,-8.25,16.83,-67.09,0.4792,0.83,299,96,False
S1_level,T3_zscore_1.0,P1_long_cash,4,0.6585,0.1659,0.2398,0.0783,1.06,6.39,-13.53,0.0938,0.25,299,96,True
S1_level,T3_zscore_1.0,P2_signal_strength,4,0.6457,0.8753,1.2583,0.549,10.95,12.51,-19.95,0.6667,0.36,296,96,True
S1_level,T3_zscore_1.0,P3_long_short,4,0.2083,-0.7641,-1.3459,-0.1801,-12.68,16.6,-70.42,0.3854,0.5,299,96,False
S1_level,T3_zscore_neg_1.0,P1_long_cash,4,0.1819,0.472,0.5165,0.3973,2.44,5.17,-6.14,0.0521,0.22,299,96,True
S1_level,T3_zscore_neg_1.0,P2_signal_strength,4,0.6457,0.8753,1.2583,0.549,10.95,12.51,-19.95,0.6667,0.36,296,96,True
S1_level,T3_zscore_neg_1.0,P3_long_short,4,-0.5891,-0.5921,-1.1343,-0.1634,-9.92,16.76,-60.7,0.3438,0.44,299,96,False
S1_level,T3_zscore_1.5,P1_long_cash,4,0.7585,0.1055,0.0927,0.0626,0.55,5.23,-8.8,0.0625,0.44,299,96,True
S1_level,T3_zscore_1.5,P2_signal_strength,4,0.6457,0.8753,1.2583,0.549,10.95,12.51,-19.95,0.6667,0.36,296,96,True
S1_level,T3_zscore_1.5,P3_long_short,4,0.2133,-0.8288,-1.4588,-0.19,-13.7,16.53,-72.11,0.3646,0.89,299,96,False
S1_level,T3_zscore_neg_1.5,P1_long_cash,4,0.4551,0.2998,0.474,0.2364,1.45,4.85,-6.14,0.0208,0.11,299,96,True
S1_level,T3_zscore_neg_1.5,P2_signal_strength,4,0.6457,0.8753,1.2583,0.549,10.95,12.51,-19.95,0.6667,0.36,296,96,True
S1_level,T3_zscore_neg_1.5,P3_long_short,4,-0.5222,-0.7147,-1.3905,-0.179,-11.9,16.65,-66.45,0.3229,0.22,299,96,False
S1_level,T3_zscore_2.0,P1_long_cash,4,0.5335,0.0,0.0,0.0,0.0,99900.0,0.0,0.0,0.28,299,96,False
S1_level,T3_zscore_2.0,P2_signal_strength,4,0.6457,0.8753,1.2583,0.549,10.95,12.51,-19.95,0.6667,0.36,296,96,True
S1_level,T3_zscore_2.0,P3_long_short,4,-0.4383,-0.8998,-1.613,-0.2016,-14.8,16.45,-73.44,0.3229,0.56,299,96,False
S1_level,T3_zscore_neg_2.0,P1_long_cash,4,0.3499,0.1387,0.1893,0.0944,0.58,4.18,-6.14,0.0104,0.11,299,96,True
S1_level,T3_zscore_neg_2.0,P2_signal_strength,4,0.6457,0.8753,1.2583,0.549,10.95,12.51,-19.95,0.6667,0.36,296,96,True
S1_level,T3_zscore_neg_2.0,P3_long_short,4,-0.5842,-0.8251,-1.5855,-0.1926,-13.64,16.53,-70.83,0.3125,0.22,299,96,False
S1_level,T1_fixed_p25,P1_long_cash,5,0.519,0.8998,1.3886,0.6186,14.8,16.45,-23.93,0.6771,0.03,299,96,True
S1_level,T1_fixed_p25,P2_signal_strength,5,0.6092,0.8183,1.1309,0.5076,10.31,12.6,-20.32,0.6771,0.36,295,96,True
S1_level,T1_fixed_p25,P3_long_short,5,0.268,0.8998,1.3886,0.6186,14.8,16.45,-23.93,0.6771,0.06,299,96,True
S1_level,T1_fixed_p50,P1_long_cash,5,0.3396,0.8573,1.2763,0.5748,13.75,16.04,-23.93,0.6667,0.25,299,96,True
S1_level,T1_fixed_p50,P2_signal_strength,5,0.6092,0.8183,1.1309,0.5076,10.31,12.6,-20.32,0.6771,0.36,295,96,True
S1_level,T1_fixed_p50,P3_long_short,5,-0.2355,0.7656,1.1203,0.531,12.71,16.6,-23.93,0.6771,0.5,299,96,True
S1_level,T1_fixed_p75,P1_long_cash,5,0.1485,0.7505,1.0855,0.4955,11.86,15.8,-23.93,0.6042,0.25,299,96,True
S1_level,T1_fixed_p75,P2_signal_strength,5,0.6092,0.8183,1.1309,0.5076,10.31,12.6,-20.32,0.6771,0.36,295,96,True
S1_level,T1_fixed_p75,P3_long_short,5,-0.5676,0.5302,0.8251,0.2343,8.91,16.8,-38.03,0.6354,0.5,299,96,True
S1_level,T2_roll_p25,P1_long_cash,5,0.6012,0.7759,1.0924,0.5081,12.16,15.67,-23.93,0.5938,0.25,299,96,True
S1_level,T2_roll_p25,P2_signal_strength,5,0.6092,0.8183,1.1309,0.5076,10.31,12.6,-20.32,0.6771,0.36,295,96,True
S1_level,T2_roll_p25,P3_long_short,5,0.4071,0.5671,0.8746,0.2722,9.51,16.78,-34.96,0.6354,0.5,299,96,True
S1_level,T2_roll_p50,P1_long_cash,5,0.6013,0.6712,0.5723,0.4113,8.0,11.92,-19.45,0.3542,0.81,299,96,True
S1_level,T2_roll_p50,P2_signal_strength,5,0.6092,0.8183,1.1309,0.5076,10.31,12.6,-20.32,0.6771,0.36,295,96,True
S1_level,T2_roll_p50,P3_long_short,5,0.3417,0.0704,0.1146,0.0283,1.2,17.0,-42.28,0.5729,1.61,299,96,True
S1_level,T2_roll_p75,P1_long_cash,5,0.5524,0.4601,0.704,0.2299,3.11,6.76,-13.53,0.1771,0.42,299,96,True
S1_level,T2_roll_p75,P2_signal_strength,5,0.6092,0.8183,1.1309,0.5076,10.31,12.6,-20.32,0.6771,0.36,295,96,True
S1_level,T2_roll_p75,P3_long_short,5,0.1293,-0.5101,-0.9007,-0.1264,-8.58,16.82,-67.85,0.4688,0.83,299,96,False
S1_level,T3_zscore_1.0,P1_long_cash,5,0.5491,0.1184,0.1689,0.0552,0.75,6.3,-13.53,0.0833,0.25,299,96,True
S1_level,T3_zscore_1.0,P2_signal_strength,5,0.6092,0.8183,1.1309,0.5076,10.31,12.6,-20.32,0.6771,0.36,295,96,True
S1_level,T3_zscore_1.0,P3_long_short,5,0.0993,-0.8039,-1.4165,-0.1884,-13.31,16.56,-70.66,0.375,0.5,299,96,False
S1_level,T3_zscore_neg_1.0,P1_long_cash,5,0.3514,0.4529,0.4661,0.3585,2.2,4.86,-6.14,0.0521,0.22,299,96,True
S1_level,T3_zscore_neg_1.0,P2_signal_strength,5,0.6092,0.8183,1.1309,0.5076,10.31,12.6,-20.32,0.6771,0.36,295,96,True
S1_level,T3_zscore_neg_1.0,P3_long_short,5,-0.4849,-0.6214,-1.1725,-0.1672,-10.4,16.73,-62.18,0.3438,0.44,299,96,False
S1_level,T3_zscore_1.5,P1_long_cash,5,0.6782,0.0402,0.0568,0.0166,0.25,6.25,-15.11,0.0521,0.44,299,96,True
S1_level,T3_zscore_1.5,P2_signal_strength,5,0.6092,0.8183,1.1309,0.5076,10.31,12.6,-20.32,0.6771,0.36,295,96,True
S1_level,T3_zscore_1.5,P3_long_short,5,0.1296,-0.8673,-1.5204,-0.1992,-14.3,16.49,-71.77,0.3438,0.89,299,96,False
S1_level,T3_zscore_neg_1.5,P1_long_cash,5,0.2518,0.2384,0.3404,0.1698,1.04,4.38,-6.14,0.0208,0.11,299,96,True
S1_level,T3_zscore_neg_1.5,P2_signal_strength,5,0.6092,0.8183,1.1309,0.5076,10.31,12.6,-20.32,0.6771,0.36,295,96,True
S1_level,T3_zscore_neg_1.5,P3_long_short,5,-0.6018,-0.7662,-1.4665,-0.1854,-12.72,16.6,-68.59,0.3229,0.22,299,96,False
S1_level,T3_zscore_2.0,P1_long_cash,5,0.6268,0.0,0.0,0.0,0.0,99900.0,0.0,0.0,0.28,299,96,False
S1_level,T3_zscore_2.0,P2_signal_strength,5,0.6092,0.8183,1.1309,0.5076,10.31,12.6,-20.32,0.6771,0.36,295,96,True
S1_level,T3_zscore_2.0,P3_long_short,5,-0.39,-0.8998,-1.613,-0.2016,-14.8,16.45,-73.44,0.3229,0.56,299,96,False
S1_level,T3_zscore_neg_2.0,P1_long_cash,5,0.3324,0.3636,0.0,0.6061,1.51,4.16,-2.49,0.0208,0.11,299,96,True
S1_level,T3_zscore_neg_2.0,P2_signal_strength,5,0.6092,0.8183,1.1309,0.5076,10.31,12.6,-20.32,0.6771,0.36,295,96,True
S1_level,T3_zscore_neg_2.0,P3_long_short,5,-0.6,-0.7073,-1.3479,-0.1781,-11.78,16.65,-66.14,0.3333,0.22,299,96,False
S1_level,T1_fixed_p25,P1_long_cash,6,0.5075,0.8998,1.3886,0.6186,14.8,16.45,-23.93,0.6771,0.03,299,96,True
S1_level,T1_fixed_p25,P2_signal_strength,6,0.6064,0.8464,1.231,0.5513,10.57,12.49,-19.18,0.6667,0.36,294,96,True
S1_level,T1_fixed_p25,P3_long_short,6,0.245,0.8998,1.3886,0.6186,14.8,16.45,-23.93,0.6771,0.06,299,96,True
S1_level,T1_fixed_p50,P1_long_cash,6,0.262,0.8078,1.2176,0.5425,12.98,16.07,-23.93,0.6562,0.25,299,96,True
S1_level,T1_fixed_p50,P2_signal_strength,6,0.6064,0.8464,1.231,0.5513,10.57,12.49,-19.18,0.6667,0.36,294,96,True
S1_level,T1_fixed_p50,P3_long_short,6,-0.3363,0.6684,1.0083,0.4663,11.16,16.69,-23.93,0.6562,0.5,299,96,True
S1_level,T1_fixed_p75,P1_long_cash,6,0.078,0.7649,1.1032,0.5041,12.06,15.77,-23.93,0.6042,0.25,299,96,True
S1_level,T1_fixed_p75,P2_signal_strength,6,0.6064,0.8464,1.231,0.5513,10.57,12.49,-19.18,0.6667,0.36,294,96,True
S1_level,T1_fixed_p75,P3_long_short,6,-0.6356,0.5554,0.8591,0.2923,9.32,16.79,-31.9,0.6354,0.5,299,96,True
S1_level,T2_roll_p25,P1_long_cash,6,0.6053,0.6966,0.9951,0.4547,10.88,15.62,-23.93,0.5833,0.25,299,96,True
S1_level,T2_roll_p25,P2_signal_strength,6,0.6064,0.8464,1.231,0.5513,10.57,12.49,-19.18,0.6667,0.36,294,96,True
S1_level,T2_roll_p25,P3_long_short,6,0.4209,0.4122,0.6495,0.1594,6.96,16.88,-43.65,0.6146,0.5,299,96,True
S1_level,T2_roll_p50,P1_long_cash,6,0.5694,0.445,0.4644,0.2812,5.47,12.29,-19.45,0.3229,0.81,299,96,True
S1_level,T2_roll_p50,P2_signal_strength,6,0.6064,0.8464,1.231,0.5513,10.57,12.49,-19.18,0.6667,0.36,294,96,True
S1_level,T2_roll_p50,P3_long_short,6,0.2914,-0.2279,-0.397,-0.0708,-3.87,16.96,-54.6,0.5104,1.61,299,96,False
S1_level,T2_roll_p75,P1_long_cash,6,0.4944,0.3485,0.2232,0.1731,2.34,6.72,-13.53,0.1562,0.42,299,96,True
S1_level,T2_roll_p75,P2_signal_strength,6,0.6064,0.8464,1.231,0.5513,10.57,12.49,-19.18,0.6667,0.36,294,96,True
S1_level,T2_roll_p75,P3_long_short,6,0.0538,-0.6042,-1.0703,-0.1477,-10.12,16.75,-68.51,0.4375,0.83,299,96,False
S1_level,T3_zscore_1.0,P1_long_cash,6,0.4929,0.0731,0.0441,0.0342,0.46,6.33,-13.53,0.0729,0.22,299,96,True
S1_level,T3_zscore_1.0,P2_signal_strength,6,0.6064,0.8464,1.231,0.5513,10.57,12.49,-19.18,0.6667,0.36,294,96,True
S1_level,T3_zscore_1.0,P3_long_short,6,0.0347,-0.8401,-1.472,-0.196,-13.88,16.52,-70.8,0.3542,0.44,299,96,False
S1_level,T3_zscore_neg_1.0,P1_long_cash,6,0.3445,0.4577,0.3747,0.5102,2.38,5.19,-4.66,0.0521,0.22,299,96,True
S1_level,T3_zscore_neg_1.0,P2_signal_strength,6,0.6064,0.8464,1.231,0.5513,10.57,12.49,-19.18,0.6667,0.36,294,96,True
S1_level,T3_zscore_neg_1.0,P3_long_short,6,-0.4873,-0.5998,-1.1345,-0.1644,-10.05,16.75,-61.1,0.3438,0.44,299,96,False
S1_level,T3_zscore_1.5,P1_long_cash,6,0.7177,0.5457,0.0,0.4134,2.64,4.83,-6.38,0.0729,0.44,299,96,True
S1_level,T3_zscore_1.5,P2_signal_strength,6,0.6064,0.8464,1.231,0.5513,10.57,12.49,-19.18,0.6667,0.36,294,96,True
S1_level,T3_zscore_1.5,P3_long_short,6,0.1784,-0.5681,-1.0292,-0.1349,-9.53,16.78,-70.66,0.3854,0.89,299,96,False
S1_level,T3_zscore_neg_1.5,P1_long_cash,6,0.1779,0.3314,0.3832,0.555,1.38,4.18,-2.49,0.0208,0.11,299,96,True
S1_level,T3_zscore_neg_1.5,P2_signal_strength,6,0.6064,0.8464,1.231,0.5513,10.57,12.49,-19.18,0.6667,0.36,294,96,True
S1_level,T3_zscore_neg_1.5,P3_long_short,6,-0.6316,-0.7233,-1.3753,-0.1801,-12.03,16.64,-66.82,0.3229,0.22,299,96,False
S1_level,T3_zscore_2.0,P1_long_cash,6,0.3842,0.0,0.0,0.0,0.0,99900.0,0.0,0.0,0.28,299,96,False
S1_level,T3_zscore_2.0,P2_signal_strength,6,0.6064,0.8464,1.231,0.5513,10.57,12.49,-19.18,0.6667,0.36,294,96,True
S1_level,T3_zscore_2.0,P3_long_short,6,-0.4743,-0.8998,-1.613,-0.2016,-14.8,16.45,-73.44,0.3229,0.56,299,96,False
S1_level,T3_zscore_neg_2.0,P1_long_cash,6,0.3887,0.4165,0.0,1.6637,1.7,4.07,-1.02,0.0208,0.11,299,96,True
S1_level,T3_zscore_neg_2.0,P2_signal_strength,6,0.6064,0.8464,1.231,0.5513,10.57,12.49,-19.18,0.6667,0.36,294,96,True
S1_level,T3_zscore_neg_2.0,P3_long_short,6,-0.5644,-0.6843,-1.2963,-0.1752,-11.41,16.68,-65.13,0.3333,0.22,299,96,False
S1_level,T1_fixed_p25,P1_long_cash,7,0.4868,0.8998,1.3886,0.6186,14.8,16.45,-23.93,0.6771,0.03,299,96,True
S1_level,T1_fixed_p25,P2_signal_strength,7,0.6019,0.8065,1.1894,0.5322,10.08,12.5,-18.94,0.6562,0.36,293,96,True
S1_level,T1_fixed_p25,P3_long_short,7,0.2007,0.8998,1.3886,0.6186,14.8,16.45,-23.93,0.6771,0.06,299,96,True
S1_level,T1_fixed_p50,P1_long_cash,7,0.3076,0.8811,1.3615,0.6046,14.47,16.42,-23.93,0.6667,0.25,299,96,True
S1_level,T1_fixed_p50,P2_signal_strength,7,0.6019,0.8065,1.1894,0.5322,10.08,12.5,-18.94,0.6562,0.36,293,96,True
S1_level,T1_fixed_p50,P3_long_short,7,-0.269,0.8564,1.3514,0.5906,14.13,16.5,-23.93,0.6771,0.5,299,96,True
S1_level,T1_fixed_p75,P1_long_cash,7,0.0478,0.6327,0.9398,0.3664,9.99,15.78,-27.25,0.5833,0.25,299,96,True
S1_level,T1_fixed_p75,P2_signal_strength,7,0.6019,0.8065,1.1894,0.5322,10.08,12.5,-18.94,0.6562,0.36,293,96,True
S1_level,T1_fixed_p75,P3_long_short,7,-0.6672,0.3052,0.4931,0.101,5.17,16.94,-51.16,0.5938,0.5,299,96,True
S1_level,T2_roll_p25,P1_long_cash,7,0.6297,0.6165,0.9215,0.3375,9.71,15.76,-28.78,0.5729,0.25,299,96,True
S1_level,T2_roll_p25,P2_signal_strength,7,0.6019,0.8065,1.1894,0.5322,10.08,12.5,-18.94,0.6562,0.36,293,96,True
S1_level,T2_roll_p25,P3_long_short,7,0.4783,0.273,0.4485,0.0869,4.63,16.95,-53.24,0.5938,0.5,299,96,True
S1_level,T2_roll_p50,P1_long_cash,7,0.5611,0.6596,0.6211,0.4058,7.89,11.96,-19.45,0.3333,0.81,299,96,True
S1_level,T2_roll_p50,P2_signal_strength,7,0.6019,0.8065,1.1894,0.5322,10.08,12.5,-18.94,0.6562,0.36,293,96,True
S1_level,T2_roll_p50,P3_long_short,7,0.2924,0.0576,0.0993,0.0271,0.98,17.0,-36.1,0.5312,1.61,299,96,True
S1_level,T2_roll_p75,P1_long_cash,7,0.5358,0.3114,0.1971,0.1528,2.07,6.64,-13.53,0.1458,0.42,299,96,True
S1_level,T2_roll_p75,P2_signal_strength,7,0.6019,0.8065,1.1894,0.5322,10.08,12.5,-18.94,0.6562,0.36,293,96,True
S1_level,T2_roll_p75,P3_long_short,7,0.1233,-0.638,-1.1263,-0.1532,-10.67,16.72,-69.63,0.4271,0.83,299,96,False
S1_level,T3_zscore_1.0,P1_long_cash,7,0.4689,0.2679,0.125,0.1783,1.57,5.86,-8.8,0.0833,0.22,299,96,True
S1_level,T3_zscore_1.0,P2_signal_strength,7,0.6019,0.8065,1.1894,0.5322,10.08,12.5,-18.94,0.6562,0.36,293,96,True
S1_level,T3_zscore_1.0,P3_long_short,7,0.0059,-0.7,-1.2342,-0.1651,-11.66,16.66,-70.66,0.375,0.44,299,96,False
S1_level,T3_zscore_neg_1.0,P1_long_cash,7,0.3299,0.7899,0.0,4.1519,4.23,5.36,-1.02,0.0729,0.22,299,96,True
S1_level,T3_zscore_neg_1.0,P2_signal_strength,7,0.6019,0.8065,1.1894,0.5322,10.08,12.5,-18.94,0.6562,0.36,293,96,True
S1_level,T3_zscore_neg_1.0,P3_long_short,7,-0.5104,-0.3751,-0.7127,-0.1186,-6.34,16.9,-53.45,0.3854,0.44,299,96,False
S1_level,T3_zscore_1.5,P1_long_cash,7,0.6132,0.0186,0.0075,0.0107,0.09,5.05,-8.8,0.0521,0.44,299,96,True
S1_level,T3_zscore_1.5,P2_signal_strength,7,0.6019,0.8065,1.1894,0.5322,10.08,12.5,-18.94,0.6562,0.36,293,96,True
S1_level,T3_zscore_1.5,P3_long_short,7,0.0741,-0.8877,-1.5423,-0.2016,-14.61,16.46,-72.48,0.3438,0.89,299,96,False
S1_level,T3_zscore_neg_1.5,P1_long_cash,7,0.1731,0.4893,0.0,2.0048,2.04,4.18,-1.02,0.0312,0.11,299,96,True
S1_level,T3_zscore_neg_1.5,P2_signal_strength,7,0.6019,0.8065,1.1894,0.5322,10.08,12.5,-18.94,0.6562,0.36,293,96,True
S1_level,T3_zscore_neg_1.5,P3_long_short,7,-0.6353,-0.6411,-1.209,-0.1697,-10.72,16.71,-63.13,0.3438,0.22,299,96,False
S1_level,T3_zscore_2.0,P1_long_cash,7,0.4355,0.0,0.0,0.0,0.0,99900.0,0.0,0.0,0.28,299,96,False
S1_level,T3_zscore_2.0,P2_signal_strength,7,0.6019,0.8065,1.1894,0.5322,10.08,12.5,-18.94,0.6562,0.36,293,96,True
S1_level,T3_zscore_2.0,P3_long_short,7,-0.4329,-0.8998,-1.613,-0.2016,-14.8,16.45,-73.44,0.3229,0.56,299,96,False
S1_level,T3_zscore_neg_2.0,P1_long_cash,7,0.3563,0.4082,0.0,0.6705,0.68,1.67,-1.02,0.0208,0.11,299,96,True
S1_level,T3_zscore_neg_2.0,P2_signal_strength,7,0.6019,0.8065,1.1894,0.5322,10.08,12.5,-18.94,0.6562,0.36,293,96,True
S1_level,T3_zscore_neg_2.0,P3_long_short,7,-0.5987,-0.8119,-1.4415,-0.1909,-13.44,16.55,-70.37,0.3333,0.22,299,96,False
S1_level,T1_fixed_p25,P1_long_cash,8,0.4868,0.8998,1.3886,0.6186,14.8,16.45,-23.93,0.6771,0.03,299,96,True
S1_level,T1_fixed_p25,P2_signal_strength,8,0.5932,0.8581,1.2985,0.5688,10.69,12.46,-18.8,0.6667,0.36,292,96,True
S1_level,T1_fixed_p25,P3_long_short,8,0.2007,0.8998,1.3886,0.6186,14.8,16.45,-23.93,0.6771,0.06,299,96,True
S1_level,T1_fixed_p50,P1_long_cash,8,0.314,0.8874,1.3723,0.6094,14.58,16.43,-23.93,0.6667,0.25,299,96,True
S1_level,T1_fixed_p50,P2_signal_strength,8,0.5932,0.8581,1.2985,0.5688,10.69,12.46,-18.8,0.6667,0.36,292,96,True
S1_level,T1_fixed_p50,P3_long_short,8,-0.2577,0.8713,1.3682,0.6002,14.36,16.48,-23.93,0.6771,0.5,299,96,True
S1_level,T1_fixed_p75,P1_long_cash,8,0.1232,0.7336,1.1337,0.4995,11.95,16.29,-23.93,0.5938,0.19,299,96,True
S1_level,T1_fixed_p75,P2_signal_strength,8,0.5932,0.8581,1.2985,0.5688,10.69,12.46,-18.8,0.6667,0.36,292,96,True
S1_level,T1_fixed_p75,P3_long_short,8,-0.582,0.5418,0.9298,0.2552,9.1,16.8,-35.66,0.6146,0.39,299,96,True
S1_level,T2_roll_p25,P1_long_cash,8,0.6152,0.7415,1.1137,0.4997,11.96,16.12,-23.93,0.5833,0.25,299,96,True
S1_level,T2_roll_p25,P2_signal_strength,8,0.5932,0.8581,1.2985,0.5688,10.69,12.46,-18.8,0.6667,0.36,292,96,True
S1_level,T2_roll_p25,P3_long_short,8,0.4476,0.5423,0.9308,0.2558,9.11,16.8,-35.62,0.6146,0.5,299,96,True
S1_level,T2_roll_p50,P1_long_cash,8,0.564,0.4393,0.4812,0.281,5.46,12.44,-19.45,0.3021,0.81,299,96,True
S1_level,T2_roll_p50,P2_signal_strength,8,0.5932,0.8581,1.2985,0.5688,10.69,12.46,-18.8,0.6667,0.36,292,96,True
S1_level,T2_roll_p50,P3_long_short,8,0.2994,-0.2283,-0.4211,-0.0708,-3.87,16.96,-54.72,0.4688,1.61,299,96,False
S1_level,T2_roll_p75,P1_long_cash,8,0.4594,0.2431,0.1509,0.117,1.58,6.51,-13.53,0.1354,0.42,299,96,True
S1_level,T2_roll_p75,P2_signal_strength,8,0.5932,0.8581,1.2985,0.5688,10.69,12.46,-18.8,0.6667,0.36,292,96,True
S1_level,T2_roll_p75,P3_long_short,8,0.0146,-0.6983,-1.2405,-0.1654,-11.64,16.66,-70.36,0.4167,0.83,299,96,False
S1_level,T3_zscore_1.0,P1_long_cash,8,0.42,0.2748,0.1285,0.1833,1.61,5.87,-8.8,0.0833,0.22,299,96,True
S1_level,T3_zscore_1.0,P2_signal_strength,8,0.5932,0.8581,1.2985,0.5688,10.69,12.46,-18.8,0.6667,0.36,292,96,True
S1_level,T3_zscore_1.0,P3_long_short,8,-0.0631,-0.6944,-1.2228,-0.1638,-11.57,16.67,-70.66,0.375,0.44,299,96,False
S1_level,T3_zscore_neg_1.0,P1_long_cash,8,0.2817,0.7108,4.1173,2.1335,2.17,3.06,-1.02,0.0625,0.22,299,96,True
S1_level,T3_zscore_neg_1.0,P2_signal_strength,8,0.5932,0.8581,1.2985,0.5688,10.69,12.46,-18.8,0.6667,0.36,292,96,True
S1_level,T3_zscore_neg_1.0,P3_long_short,8,-0.5489,-0.6249,-1.1019,-0.1676,-10.45,16.73,-62.38,0.3646,0.44,299,96,False
S1_level,T3_zscore_1.5,P1_long_cash,8,0.5165,0.4273,0.1765,0.3189,2.03,4.76,-6.38,0.0625,0.44,299,96,True
S1_level,T3_zscore_1.5,P2_signal_strength,8,0.5932,0.8581,1.2985,0.5688,10.69,12.46,-18.8,0.6667,0.36,292,96,True
S1_level,T3_zscore_1.5,P3_long_short,8,-0.0264,-0.6423,-1.1713,-0.1519,-10.74,16.71,-70.66,0.3646,0.89,299,96,False
S1_level,T3_zscore_neg_1.5,P1_long_cash,8,0.0724,0.5426,0.0,1.2274,1.25,2.31,-1.02,0.0312,0.11,299,96,True
S1_level,T3_zscore_neg_1.5,P2_signal_strength,8,0.5932,0.8581,1.2985,0.5688,10.69,12.46,-18.8,0.6667,0.36,292,96,True
S1_level,T3_zscore_neg_1.5,P3_long_short,8,-0.6833,-0.74,-1.3099,-0.1821,-12.3,16.62,-67.55,0.3438,0.22,299,96,False
S1_level,T3_zscore_2.0,P1_long_cash,8,0.4548,0.0,0.0,0.0,0.0,99900.0,0.0,0.0,0.28,299,96,False
S1_level,T3_zscore_2.0,P2_signal_strength,8,0.5932,0.8581,1.2985,0.5688,10.69,12.46,-18.8,0.6667,0.36,292,96,True
S1_level,T3_zscore_2.0,P3_long_short,8,-0.4026,-0.8998,-1.613,-0.2016,-14.8,16.45,-73.44,0.3229,0.56,299,96,False
S1_level,T3_zscore_neg_2.0,P1_long_cash,8,0.1311,0.4118,0.0,0.7729,0.79,1.91,-1.02,0.0208,0.11,299,96,True
S1_level,T3_zscore_neg_2.0,P2_signal_strength,8,0.5932,0.8581,1.2985,0.5688,10.69,12.46,-18.8,0.6667,0.36,292,96,True
S1_level,T3_zscore_neg_2.0,P3_long_short,8,-0.6666,-0.7986,-1.4199,-0.1893,-13.23,16.56,-69.87,0.3333,0.22,299,96,False
S1_level,T1_fixed_p25,P1_long_cash,9,0.5042,0.8998,1.3886,0.6186,14.8,16.45,-23.93,0.6771,0.03,299,96,True
S1_level,T1_fixed_p25,P2_signal_strength,9,0.5973,0.8376,1.2699,0.5261,10.22,12.21,-19.43,0.6667,0.36,291,96,True
S1_level,T1_fixed_p25,P3_long_short,9,0.2297,0.8998,1.3886,0.6186,14.8,16.45,-23.93,0.6771,0.06,299,96,True
S1_level,T1_fixed_p50,P1_long_cash,9,0.3319,0.8463,1.3028,0.5804,13.89,16.41,-23.93,0.6562,0.25,299,96,True
S1_level,T1_fixed_p50,P2_signal_strength,9,0.5973,0.8376,1.2699,0.5261,10.22,12.21,-19.43,0.6667,0.36,291,96,True
S1_level,T1_fixed_p50,P3_long_short,9,-0.2356,0.7824,1.2517,0.5422,12.97,16.58,-23.93,0.6562,0.5,299,96,True
S1_level,T1_fixed_p75,P1_long_cash,9,0.1362,0.7624,1.1392,0.502,12.32,16.16,-24.54,0.5938,0.19,299,96,True
S1_level,T1_fixed_p75,P2_signal_strength,9,0.5973,0.8376,1.2699,0.5261,10.22,12.21,-19.43,0.6667,0.36,291,96,True
S1_level,T1_fixed_p75,P3_long_short,9,-0.5665,0.5867,0.9858,0.282,9.83,16.76,-34.87,0.6146,0.39,299,96,True
S1_level,T2_roll_p25,P1_long_cash,9,0.6156,0.7626,1.1005,0.595,12.1,15.87,-20.34,0.5833,0.25,299,96,True
S1_level,T2_roll_p25,P2_signal_strength,9,0.5973,0.8376,1.2699,0.5261,10.22,12.21,-19.43,0.6667,0.36,291,96,True
S1_level,T2_roll_p25,P3_long_short,9,0.4486,0.56,0.9315,0.2533,9.4,16.78,-37.11,0.6146,0.5,299,96,True
S1_level,T2_roll_p50,P1_long_cash,9,0.5672,0.3001,0.2903,0.1837,3.57,11.91,-19.45,0.2917,0.81,299,96,True
S1_level,T2_roll_p50,P2_signal_strength,9,0.5973,0.8376,1.2699,0.5261,10.22,12.21,-19.43,0.6667,0.36,291,96,True
S1_level,T2_roll_p50,P3_long_short,9,0.3,-0.4543,-0.7534,-0.1311,-7.66,16.86,-58.41,0.4583,1.61,299,96,False
S1_level,T2_roll_p75,P1_long_cash,9,0.4069,0.2466,0.1536,0.1192,1.61,6.54,-13.53,0.125,0.42,299,96,True
S1_level,T2_roll_p75,P2_signal_strength,9,0.5973,0.8376,1.2699,0.5261,10.22,12.21,-19.43,0.6667,0.36,291,96,True
S1_level,T2_roll_p75,P3_long_short,9,-0.0562,-0.6947,-1.22,-0.1644,-11.58,16.67,-70.42,0.4062,0.83,299,96,False
S1_level,T3_zscore_1.0,P1_long_cash,9,0.3649,0.6242,0.275,0.4967,3.17,5.07,-6.38,0.0938,0.22,299,96,True
S1_level,T3_zscore_1.0,P2_signal_strength,9,0.5973,0.8376,1.2699,0.5261,10.22,12.21,-19.43,0.6667,0.36,291,96,True
S1_level,T3_zscore_1.0,P3_long_short,9,-0.1302,-0.5033,-0.904,-0.1198,-8.47,16.82,-70.66,0.3958,0.44,299,96,False
S1_level,T3_zscore_neg_1.0,P1_long_cash,9,0.3243,0.8207,0.0,2.6443,2.69,3.28,-1.02,0.0729,0.22,299,96,True
S1_level,T3_zscore_neg_1.0,P2_signal_strength,9,0.5973,0.8376,1.2699,0.5261,10.22,12.21,-19.43,0.6667,0.36,291,96,True
S1_level,T3_zscore_neg_1.0,P3_long_short,9,-0.5134,-0.5609,-0.9888,-0.1593,-9.41,16.78,-59.11,0.3854,0.44,299,96,False
S1_level,T3_zscore_1.5,P1_long_cash,9,0.4668,0.3692,0.1292,0.2333,1.49,4.03,-6.38,0.0625,0.44,299,96,True
S1_level,T3_zscore_1.5,P2_signal_strength,9,0.5973,0.8376,1.2699,0.5261,10.22,12.21,-19.43,0.6667,0.36,291,96,True
S1_level,T3_zscore_1.5,P3_long_short,9,-0.0384,-0.7102,-1.2636,-0.1674,-11.83,16.65,-70.66,0.3646,0.89,299,96,False
S1_level,T3_zscore_neg_1.5,P1_long_cash,9,0.1233,0.5449,0.0,1.422,1.45,2.66,-1.02,0.0312,0.11,299,96,True
S1_level,T3_zscore_neg_1.5,P2_signal_strength,9,0.5973,0.8376,1.2699,0.5261,10.22,12.21,-19.43,0.6667,0.36,291,96,True
S1_level,T3_zscore_neg_1.5,P3_long_short,9,-0.6515,-0.7151,-1.2707,-0.179,-11.9,16.65,-66.5,0.3438,0.22,299,96,False
S1_level,T3_zscore_2.0,P1_long_cash,9,0.5008,0.0,0.0,0.0,0.0,99900.0,0.0,0.0,0.28,299,96,False
S1_level,T3_zscore_2.0,P2_signal_strength,9,0.5973,0.8376,1.2699,0.5261,10.22,12.21,-19.43,0.6667,0.36,291,96,True
S1_level,T3_zscore_2.0,P3_long_short,9,-0.3677,-0.8998,-1.613,-0.2016,-14.8,16.45,-73.44,0.3229,0.56,299,96,False
S1_level,T3_zscore_neg_2.0,P1_long_cash,9,0.0021,0.5998,0.0,0.0,1.58,2.63,0.0,0.0312,0.11,299,96,True
S1_level,T3_zscore_neg_2.0,P2_signal_strength,9,0.5973,0.8376,1.2699,0.5261,10.22,12.21,-19.43,0.6667,0.36,291,96,True
S1_level,T3_zscore_neg_2.0,P3_long_short,9,-0.718,-0.6992,-1.2444,-0.177,-11.65,16.66,-65.81,0.3542,0.22,299,96,False
S1_level,T1_fixed_p25,P1_long_cash,10,0.4907,0.8998,1.3886,0.6186,14.8,16.45,-23.93,0.6771,0.03,299,96,True
S1_level,T1_fixed_p25,P2_signal_strength,10,0.5891,0.853,1.2917,0.5776,10.35,12.13,-17.91,0.6562,0.36,290,96,True
S1_level,T1_fixed_p25,P3_long_short,10,0.2028,0.8998,1.3886,0.6186,14.8,16.45,-23.93,0.6771,0.06,299,96,True
S1_level,T1_fixed_p50,P1_long_cash,10,0.3458,0.8301,1.2733,0.5673,13.57,16.35,-23.93,0.6562,0.31,299,96,True
S1_level,T1_fixed_p50,P2_signal_strength,10,0.5891,0.853,1.2917,0.5776,10.35,12.13,-17.91,0.6562,0.36,290,96,True
S1_level,T1_fixed_p50,P3_long_short,10,-0.216,0.7428,1.194,0.5159,12.34,16.62,-23.93,0.6562,0.61,299,96,True
S1_level,T1_fixed_p75,P1_long_cash,10,0.1125,0.7881,1.1397,0.6199,12.55,15.93,-20.25,0.5938,0.19,299,96,True
S1_level,T1_fixed_p75,P2_signal_strength,10,0.5891,0.853,1.2917,0.5776,10.35,12.13,-17.91,0.6562,0.36,290,96,True
S1_level,T1_fixed_p75,P3_long_short,10,-0.5937,0.6154,1.0052,0.3248,10.3,16.74,-31.71,0.6146,0.39,299,96,True
S1_level,T2_roll_p25,P1_long_cash,10,0.6226,0.7806,1.1066,0.6083,12.32,15.78,-20.25,0.5833,0.25,299,96,True
S1_level,T2_roll_p25,P2_signal_strength,10,0.5891,0.853,1.2917,0.5776,10.35,12.13,-17.91,0.6562,0.36,290,96,True
S1_level,T2_roll_p25,P3_long_short,10,0.467,0.5865,0.9626,0.3726,9.83,16.76,-26.38,0.625,0.5,299,96,True
S1_level,T2_roll_p50,P1_long_cash,10,0.483,0.544,0.5065,0.3314,6.44,11.85,-19.45,0.2917,0.81,299,96,True
S1_level,T2_roll_p50,P2_signal_strength,10,0.5891,0.853,1.2917,0.5776,10.35,12.13,-17.91,0.6562,0.36,290,96,True
S1_level,T2_roll_p50,P3_long_short,10,0.1585,-0.1126,-0.2084,-0.0531,-1.91,16.99,-36.01,0.4688,1.61,299,96,False
S1_level,T2_roll_p75,P1_long_cash,10,0.4403,0.2721,0.1713,0.1329,1.8,6.61,-13.53,0.1146,0.42,299,96,True
S1_level,T2_roll_p75,P2_signal_strength,10,0.5891,0.853,1.2917,0.5776,10.35,12.13,-17.91,0.6562,0.36,290,96,True
S1_level,T2_roll_p75,P3_long_short,10,0.003,-0.6715,-1.1612,-0.1586,-11.21,16.69,-70.66,0.3958,0.83,299,96,False
S1_level,T3_zscore_1.0,P1_long_cash,10,0.3719,0.58,0.2196,0.3967,2.53,4.36,-6.38,0.0938,0.22,299,96,True
S1_level,T3_zscore_1.0,P2_signal_strength,10,0.5891,0.853,1.2917,0.5776,10.35,12.13,-17.91,0.6562,0.36,290,96,True
S1_level,T3_zscore_1.0,P3_long_short,10,-0.1142,-0.5811,-1.0215,-0.1379,-9.74,16.77,-70.66,0.3958,0.44,299,96,False
S1_level,T3_zscore_neg_1.0,P1_long_cash,10,0.3026,0.5455,0.0,0.371,1.96,3.59,-5.27,0.0729,0.22,299,96,True
S1_level,T3_zscore_neg_1.0,P2_signal_strength,10,0.5891,0.853,1.2917,0.5776,10.35,12.13,-17.91,0.6562,0.36,290,96,True
S1_level,T3_zscore_neg_1.0,P3_long_short,10,-0.5355,-0.6518,-1.1537,-0.171,-10.89,16.71,-63.67,0.3854,0.44,299,96,False
S1_level,T3_zscore_1.5,P1_long_cash,10,0.4006,0.3237,0.1086,0.1961,1.25,3.86,-6.38,0.0625,0.44,299,96,True
S1_level,T3_zscore_1.5,P2_signal_strength,10,0.5891,0.853,1.2917,0.5776,10.35,12.13,-17.91,0.6562,0.36,290,96,True
S1_level,T3_zscore_1.5,P3_long_short,10,-0.1297,-0.74,-1.3206,-0.1741,-12.3,16.62,-70.66,0.3646,0.89,299,96,False
S1_level,T3_zscore_neg_1.5,P1_long_cash,10,0.1825,0.6296,0.0,0.0,1.66,2.63,0.0,0.0417,0.11,299,96,True
S1_level,T3_zscore_neg_1.5,P2_signal_strength,10,0.5891,0.853,1.2917,0.5776,10.35,12.13,-17.91,0.6562,0.36,290,96,True
S1_level,T3_zscore_neg_1.5,P3_long_short,10,-0.618,-0.6889,-1.2313,-0.1757,-11.49,16.67,-65.36,0.3646,0.22,299,96,False
S1_level,T3_zscore_2.0,P1_long_cash,10,0.4984,0.0,0.0,0.0,0.0,99900.0,0.0,0.0,0.28,299,96,False
S1_level,T3_zscore_2.0,P2_signal_strength,10,0.5891,0.853,1.2917,0.5776,10.35,12.13,-17.91,0.6562,0.36,290,96,True
S1_level,T3_zscore_2.0,P3_long_short,10,-0.3658,-0.8998,-1.613,-0.2016,-14.8,16.45,-73.44,0.3229,0.56,299,96,False
S1_level,T3_zscore_neg_2.0,P1_long_cash,10,0.1148,0.533,0.0,0.0,1.31,2.46,0.0,0.0312,0.11,299,96,True
S1_level,T3_zscore_neg_2.0,P2_signal_strength,10,0.5891,0.853,1.2917,0.5776,10.35,12.13,-17.91,0.6562,0.36,290,96,True
S1_level,T3_zscore_neg_2.0,P3_long_short,10,-0.6664,-0.7324,-1.3147,-0.1812,-12.18,16.63,-67.23,0.3542,0.22,299,96,False
S1_level,T1_fixed_p25,P1_long_cash,11,0.4986,0.8998,1.3886,0.6186,14.8,16.45,-23.93,0.6771,0.03,299,96,True
S1_level,T1_fixed_p25,P2_signal_strength,11,0.6005,0.8638,1.2813,0.6031,10.5,12.15,-17.41,0.6562,0.36,289,96,True
S1_level,T1_fixed_p25,P3_long_short,11,0.2165,0.8998,1.3886,0.6186,14.8,16.45,-23.93,0.6771,0.06,299,96,True
S1_level,T1_fixed_p50,P1_long_cash,11,0.3483,0.8575,1.3189,0.5876,14.06,16.4,-23.93,0.6562,0.31,299,96,True
S1_level,T1_fixed_p50,P2_signal_strength,11,0.6005,0.8638,1.2813,0.6031,10.5,12.15,-17.41,0.6562,0.36,289,96,True
S1_level,T1_fixed_p50,P3_long_short,11,-0.2163,0.8042,1.2592,0.5565,13.32,16.56,-23.93,0.6562,0.61,299,96,True
S1_level,T1_fixed_p75,P1_long_cash,11,0.1272,0.7934,1.1622,0.588,12.71,16.02,-21.61,0.6042,0.19,299,96,True
S1_level,T1_fixed_p75,P2_signal_strength,11,0.6005,0.8638,1.2813,0.6031,10.5,12.15,-17.41,0.6562,0.36,289,96,True
S1_level,T1_fixed_p75,P3_long_short,11,-0.5753,0.6349,1.0298,0.3406,10.62,16.72,-31.16,0.6354,0.39,299,96,True
S1_level,T2_roll_p25,P1_long_cash,11,0.6363,0.7637,1.0887,0.4955,12.12,15.87,-24.45,0.5833,0.25,299,96,True
S1_level,T2_roll_p25,P2_signal_strength,11,0.6005,0.8638,1.2813,0.6031,10.5,12.15,-17.41,0.6562,0.36,289,96,True
S1_level,T2_roll_p25,P3_long_short,11,0.4942,0.5619,0.9281,0.2256,9.43,16.78,-41.8,0.625,0.5,299,96,True
S1_level,T2_roll_p50,P1_long_cash,11,0.5606,0.6399,0.6195,0.394,7.66,11.97,-19.45,0.3229,0.78,299,96,True
S1_level,T2_roll_p50,P2_signal_strength,11,0.6005,0.8638,1.2813,0.6031,10.5,12.15,-17.41,0.6562,0.36,289,96,True
S1_level,T2_roll_p50,P3_long_short,11,0.3069,0.0307,0.0545,0.0122,0.52,17.0,-42.69,0.5312,1.56,299,96,True
S1_level,T2_roll_p75,P1_long_cash,11,0.4728,0.435,0.1886,0.3017,2.66,6.11,-8.8,0.1146,0.39,299,96,True
S1_level,T2_roll_p75,P2_signal_strength,11,0.6005,0.8638,1.2813,0.6031,10.5,12.15,-17.41,0.6562,0.36,289,96,True
S1_level,T2_roll_p75,P3_long_short,11,0.0679,-0.5656,-0.9747,-0.1343,-9.49,16.78,-70.66,0.3958,0.78,299,96,False
S1_level,T3_zscore_1.0,P1_long_cash,11,0.4091,0.5016,0.186,0.3324,2.12,4.23,-6.38,0.0833,0.22,299,96,True
S1_level,T3_zscore_1.0,P2_signal_strength,11,0.6005,0.8638,1.2813,0.6031,10.5,12.15,-17.41,0.6562,0.36,289,96,True
S1_level,T3_zscore_1.0,P3_long_short,11,-0.0427,-0.6317,-1.1067,-0.1495,-10.56,16.72,-70.66,0.375,0.44,299,96,False
S1_level,T3_zscore_neg_1.0,P1_long_cash,11,0.3217,0.374,0.3146,0.1762,1.32,3.52,-7.47,0.0625,0.22,299,96,True
S1_level,T3_zscore_neg_1.0,P2_signal_strength,11,0.6005,0.8638,1.2813,0.6031,10.5,12.15,-17.41,0.6562,0.36,289,96,True
S1_level,T3_zscore_neg_1.0,P3_long_short,11,-0.5252,-0.7317,-1.3094,-0.1811,-12.17,16.63,-67.2,0.3646,0.44,299,96,False
S1_level,T3_zscore_1.5,P1_long_cash,11,0.4063,0.7757,0.0,1.6098,2.7,3.47,-1.67,0.0729,0.44,299,96,True
S1_level,T3_zscore_1.5,P2_signal_strength,11,0.6005,0.8638,1.2813,0.6031,10.5,12.15,-17.41,0.6562,0.36,289,96,True
S1_level,T3_zscore_1.5,P3_long_short,11,-0.1238,-0.5609,-0.9963,-0.1332,-9.41,16.78,-70.66,0.3854,0.89,299,96,False
S1_level,T3_zscore_neg_1.5,P1_long_cash,11,0.1237,0.6186,0.0,0.0,1.59,2.57,0.0,0.0417,0.11,299,96,True
S1_level,T3_zscore_neg_1.5,P2_signal_strength,11,0.6005,0.8638,1.2813,0.6031,10.5,12.15,-17.41,0.6562,0.36,289,96,True
S1_level,T3_zscore_neg_1.5,P3_long_short,11,-0.654,-0.6973,-1.2479,-0.1768,-11.62,16.66,-65.73,0.3646,0.22,299,96,False
S1_level,T3_zscore_2.0,P1_long_cash,11,0.5518,0.0,0.0,0.0,0.0,99900.0,0.0,0.0,0.28,299,96,False
S1_level,T3_zscore_2.0,P2_signal_strength,11,0.6005,0.8638,1.2813,0.6031,10.5,12.15,-17.41,0.6562,0.36,289,96,True
S1_level,T3_zscore_2.0,P3_long_short,11,-0.3263,-0.8998,-1.613,-0.2016,-14.8,16.45,-73.44,0.3229,0.56,299,96,False
S1_level,T3_zscore_neg_2.0,P1_long_cash,11,-0.0235,0.5033,0.0,0.0,1.02,2.03,0.0,0.0312,0.11,299,96,True
S1_level,T3_zscore_neg_2.0,P2_signal_strength,11,0.6005,0.8638,1.2813,0.6031,10.5,12.15,-17.41,0.6562,0.36,289,96,True
S1_level,T3_zscore_neg_2.0,P3_long_short,11,-0.7292,-0.7686,-1.3805,-0.1856,-12.75,16.59,-68.71,0.3542,0.22,299,96,False
S1_level,T1_fixed_p25,P1_long_cash,12,0.4986,0.8998,1.3886,0.6186,14.8,16.45,-23.93,0.6771,0.03,299,96,True
S1_level,T1_fixed_p25,P2_signal_strength,12,0.596,0.8218,1.1933,0.5369,10.0,12.17,-18.63,0.6562,0.36,288,96,True
S1_level,T1_fixed_p25,P3_long_short,12,0.2165,0.8998,1.3886,0.6186,14.8,16.45,-23.93,0.6771,0.06,299,96,True
S1_level,T1_fixed_p50,P1_long_cash,12,0.3469,0.8775,1.3546,0.6035,14.44,16.46,-23.93,0.6562,0.31,299,96,True
S1_level,T1_fixed_p50,P2_signal_strength,12,0.596,0.8218,1.1933,0.5369,10.0,12.17,-18.63,0.6562,0.36,288,96,True
S1_level,T1_fixed_p50,P3_long_short,12,-0.2151,0.853,1.3256,0.5883,14.08,16.5,-23.93,0.6562,0.61,299,96,True
S1_level,T1_fixed_p75,P1_long_cash,12,0.1427,0.7389,1.0999,0.4445,11.86,16.05,-26.68,0.5938,0.19,299,96,True
S1_level,T1_fixed_p75,P2_signal_strength,12,0.596,0.8218,1.1933,0.5369,10.0,12.17,-18.63,0.6562,0.36,288,96,True
S1_level,T1_fixed_p75,P3_long_short,12,-0.5572,0.5306,0.8871,0.2097,8.92,16.8,-42.52,0.6146,0.39,299,96,True
S1_level,T2_roll_p25,P1_long_cash,12,0.6344,0.9032,1.2786,0.7177,13.96,15.45,-19.45,0.5938,0.25,299,96,True
S1_level,T2_roll_p25,P2_signal_strength,12,0.596,0.8218,1.1933,0.5369,10.0,12.17,-18.63,0.6562,0.36,288,96,True
S1_level,T2_roll_p25,P3_long_short,12,0.4909,0.7914,1.3024,0.5503,13.11,16.57,-23.83,0.6458,0.5,299,96,True
S1_level,T2_roll_p50,P1_long_cash,12,0.6265,0.714,0.6292,0.4302,8.37,11.72,-19.45,0.3021,0.75,299,96,True
S1_level,T2_roll_p50,P2_signal_strength,12,0.596,0.8218,1.1933,0.5369,10.0,12.17,-18.63,0.6562,0.36,288,96,True
S1_level,T2_roll_p50,P3_long_short,12,0.427,0.1137,0.1967,0.0476,1.93,16.99,-40.55,0.5,1.5,299,96,True
S1_level,T2_roll_p75,P1_long_cash,12,0.4582,0.2135,0.1065,0.163,1.44,6.72,-8.8,0.1042,0.39,299,96,True
S1_level,T2_roll_p75,P2_signal_strength,12,0.596,0.8218,1.1933,0.5369,10.0,12.17,-18.63,0.6562,0.36,288,96,True
S1_level,T2_roll_p75,P3_long_short,12,0.0465,-0.7168,-1.2202,-0.1689,-11.93,16.65,-70.66,0.375,0.78,299,96,False
S1_level,T3_zscore_1.0,P1_long_cash,12,0.4169,0.1784,0.0697,0.1136,0.9,5.07,-7.95,0.0729,0.22,299,96,True
S1_level,T3_zscore_1.0,P2_signal_strength,12,0.596,0.8218,1.1933,0.5369,10.0,12.17,-18.63,0.6562,0.36,288,96,True
S1_level,T3_zscore_1.0,P3_long_short,12,-0.03,-0.7839,-1.3539,-0.1839,-13.0,16.58,-70.66,0.3542,0.44,299,96,False
S1_level,T3_zscore_neg_1.0,P1_long_cash,12,0.2481,0.61,0.0,0.529,2.47,4.04,-4.66,0.0729,0.22,299,96,True
S1_level,T3_zscore_neg_1.0,P2_signal_strength,12,0.596,0.8218,1.1933,0.5369,10.0,12.17,-18.63,0.6562,0.36,288,96,True
S1_level,T3_zscore_neg_1.0,P3_long_short,12,-0.5756,-0.5891,-1.0568,-0.163,-9.87,16.76,-60.58,0.3854,0.44,299,96,False
S1_level,T3_zscore_1.5,P1_long_cash,12,0.3042,0.1657,0.045,0.0782,0.51,3.09,-6.55,0.0521,0.44,299,96,True
S1_level,T3_zscore_1.5,P2_signal_strength,12,0.596,0.8218,1.1933,0.5369,10.0,12.17,-18.63,0.6562,0.36,288,96,True
S1_level,T3_zscore_1.5,P3_long_short,12,-0.2641,-0.8337,-1.4575,-0.1936,-13.78,16.53,-71.17,0.3438,0.89,299,96,False
S1_level,T3_zscore_neg_1.5,P1_long_cash,12,0.167,0.6047,0.0,0.0,1.33,2.2,0.0,0.0417,0.11,299,96,True
S1_level,T3_zscore_neg_1.5,P2_signal_strength,12,0.596,0.8218,1.1933,0.5369,10.0,12.17,-18.63,0.6562,0.36,288,96,True
S1_level,T3_zscore_neg_1.5,P3_long_short,12,-0.6261,-0.7302,-1.3071,-0.1809,-12.14,16.63,-67.14,0.3646,0.22,299,96,False
S1_level,T3_zscore_2.0,P1_long_cash,12,0.7042,0.0,0.0,0.0,0.0,99900.0,0.0,0.0,0.28,299,96,False
S1_level,T3_zscore_2.0,P2_signal_strength,12,0.596,0.8218,1.1933,0.5369,10.0,12.17,-18.63,0.6562,0.36,288,96,True
S1_level,T3_zscore_2.0,P3_long_short,12,-0.2991,-0.8998,-1.613,-0.2016,-14.8,16.45,-73.44,0.3229,0.56,299,96,False
S1_level,T3_zscore_neg_2.0,P1_long_cash,12,0.0611,0.5632,0.0,0.0,0.67,1.19,0.0,0.0312,0.11,299,96,True
S1_level,T3_zscore_neg_2.0,P2_signal_strength,12,0.596,0.8218,1.1933,0.5369,10.0,12.17,-18.63,0.6562,0.36,288,96,True
S1_level,T3_zscore_neg_2.0,P3_long_short,12,-0.6876,-0.8139,-1.4585,-0.1912,-13.47,16.55,-70.44,0.3542,0.22,299,96,False
S2_yoy,T1_fixed_p25,P1_long_cash,0,0.9561,0.3204,0.3671,0.1506,3.6,11.25,-23.93,0.3229,0.58,299,96,True
S2_yoy,T1_fixed_p25,P2_signal_strength,0,1.0758,0.765,1.0794,0.5099,7.0,9.15,-13.74,0.6562,0.63,288,96,True
S2_yoy,T1_fixed_p25,P3_long_short,0,0.8128,-0.4505,-0.8064,-0.1256,-7.6,16.86,-60.47,0.5,1.17,299,96,False
S2_yoy,T1_fixed_p50,P1_long_cash,0,0.8009,-0.0017,-0.0011,-0.0009,-0.01,6.97,-13.53,0.1458,1.33,299,96,False
S2_yoy,T1_fixed_p50,P2_signal_strength,0,1.0758,0.765,1.0794,0.5099,7.0,9.15,-13.74,0.6562,0.63,288,96,True
S2_yoy,T1_fixed_p50,P3_long_short,0,0.3365,-0.9014,-1.5463,-0.2056,-14.83,16.45,-72.12,0.3958,2.67,299,96,False
S2_yoy,T1_fixed_p75,P1_long_cash,0,0.7033,0.0379,0.0249,0.0199,0.14,3.63,-6.91,0.0625,0.83,299,96,True
S2_yoy,T1_fixed_p75,P2_signal_strength,0,1.0758,0.765,1.0794,0.5099,7.0,9.15,-13.74,0.6562,0.63,288,96,True
S2_yoy,T1_fixed_p75,P3_long_short,0,0.0711,-0.882,-1.5687,-0.201,-14.53,16.47,-72.28,0.3646,1.67,299,96,False
S2_yoy,T2_roll_p25,P1_long_cash,0,0.9107,0.6511,0.883,0.3974,9.51,14.61,-23.93,0.5625,0.58,299,96,True
S2_yoy,T2_roll_p25,P2_signal_strength,0,1.0758,0.765,1.0794,0.5099,7.0,9.15,-13.74,0.6562,0.63,288,96,True
S2_yoy,T2_roll_p25,P3_long_short,0,0.6821,0.2486,0.3797,0.0869,4.22,16.96,-48.52,0.625,1.17,299,96,True
S2_yoy,T2_roll_p50,P1_long_cash,0,0.8407,0.4889,0.4989,0.2518,5.03,10.29,-19.98,0.3333,1.31,299,96,True
S2_yoy,T2_roll_p50,P2_signal_strength,0,1.0758,0.765,1.0794,0.5099,7.0,9.15,-13.74,0.6562,0.63,288,96,True
S2_yoy,T2_roll_p50,P3_long_short,0,0.2537,-0.2798,-0.482,-0.0849,-4.74,16.95,-55.82,0.5208,2.61,299,96,False
S2_yoy,T2_roll_p75,P1_long_cash,0,0.7162,0.324,0.2127,0.2421,2.12,6.56,-8.78,0.1667,1.06,299,96,True
S2_yoy,T2_roll_p75,P2_signal_strength,0,1.0758,0.765,1.0794,0.5099,7.0,9.15,-13.74,0.6562,0.63,288,96,True
S2_yoy,T2_roll_p75,P3_long_short,0,-0.0512,-0.631,-1.0999,-0.1592,-10.55,16.72,-66.28,0.4271,2.11,299,96,False
S2_yoy,T3_zscore_1.0,P1_long_cash,0,0.5079,0.198,0.0661,0.0977,0.67,3.41,-6.91,0.0833,0.83,299,96,True
S2_yoy,T3_zscore_1.0,P2_signal_strength,0,1.0758,0.765,1.0794,0.5099,7.0,9.15,-13.74,0.6562,0.63,288,96,True
S2_yoy,T3_zscore_1.0,P3_long_short,0,-0.3235,-0.813,-1.4542,-0.1949,-13.45,16.55,-69.01,0.3854,1.67,299,96,False
S2_yoy,T3_zscore_neg_1.0,P1_long_cash,0,-0.0722,0.6771,1.3881,0.6922,4.25,6.28,-6.14,0.0729,0.56,299,96,True
S2_yoy,T3_zscore_neg_1.0,P2_signal_strength,0,1.0758,0.765,1.0794,0.5099,7.0,9.15,-13.74,0.6562,0.63,288,96,True
S2_yoy,T3_zscore_neg_1.0,P3_long_short,0,-0.8122,-0.3724,-0.7458,-0.1044,-6.3,16.9,-60.33,0.375,1.11,299,96,False
S2_yoy,T3_zscore_1.5,P1_long_cash,0,0.3885,0.5632,0.0,0.0,0.67,1.19,0.0,0.0312,0.39,299,96,True
S2_yoy,T3_zscore_1.5,P2_signal_strength,0,1.0758,0.765,1.0794,0.5099,7.0,9.15,-13.74,0.6562,0.63,288,96,True
S2_yoy,T3_zscore_1.5,P3_long_short,0,-0.5292,-0.8139,-1.4585,-0.1912,-13.47,16.55,-70.44,0.3542,0.78,299,96,False
S2_yoy,T3_zscore_neg_1.5,P1_long_cash,0,-0.1307,0.6024,0.0,0.0,3.14,5.21,0.0,0.0417,0.22,299,96,True
S2_yoy,T3_zscore_neg_1.5,P2_signal_strength,0,1.0758,0.765,1.0794,0.5099,7.0,9.15,-13.74,0.6562,0.63,288,96,True
S2_yoy,T3_zscore_neg_1.5,P3_long_short,0,-0.8776,-0.5066,-1.0034,-0.1378,-8.52,16.82,-61.83,0.3646,0.44,299,96,False
S2_yoy,T3_zscore_2.0,P1_long_cash,0,0.318,0.4399,0.0,0.0,0.36,0.82,0.0,0.0208,0.17,299,96,True
S2_yoy,T3_zscore_2.0,P2_signal_strength,0,1.0758,0.765,1.0794,0.5099,7.0,9.15,-13.74,0.6562,0.63,288,96,True
S2_yoy,T3_zscore_2.0,P3_long_short,0,-0.648,-0.853,-1.5329,-0.1959,-14.08,16.5,-71.85,0.3438,0.33,299,96,False
S2_yoy,T3_zscore_neg_2.0,P1_long_cash,0,-0.1631,0.6024,0.0,0.0,3.14,5.21,0.0,0.0417,0.22,299,96,True
S2_yoy,T3_zscore_neg_2.0,P2_signal_strength,0,1.0758,0.765,1.0794,0.5099,7.0,9.15,-13.74,0.6562,0.63,288,96,True
S2_yoy,T3_zscore_neg_2.0,P3_long_short,0,-0.9108,-0.5066,-1.0034,-0.1378,-8.52,16.82,-61.83,0.3646,0.44,299,96,False
S2_yoy,T4_zero,P1_long_cash,0,0.9318,0.3327,0.3976,0.1612,3.9,11.73,-24.2,0.3542,0.53,299,96,True
S2_yoy,T4_zero,P2_signal_strength,0,1.0758,0.765,1.0794,0.5099,7.0,9.15,-13.74,0.6562,0.63,288,96,True
S2_yoy,T4_zero,P3_long_short,0,0.8023,-0.4147,-0.7286,-0.1051,-7.0,16.88,-66.58,0.5,1.06,299,96,False
S2_yoy,T1_fixed_p25,P1_long_cash,1,0.9361,0.2601,0.3094,0.1244,2.98,11.44,-23.93,0.3125,0.58,299,96,True
S2_yoy,T1_fixed_p25,P2_signal_strength,1,1.0377,0.7695,1.0686,0.4737,7.13,9.26,-15.05,0.6562,0.63,287,96,True
S2_yoy,T1_fixed_p25,P3_long_short,1,0.7845,-0.5265,-0.922,-0.1329,-8.85,16.81,-66.58,0.4792,1.17,299,96,False
S2_yoy,T1_fixed_p50,P1_long_cash,1,0.7755,-0.0591,-0.0475,-0.0236,-0.49,8.22,-20.53,0.1458,1.33,299,96,False
S2_yoy,T1_fixed_p50,P2_signal_strength,1,1.0377,0.7695,1.0686,0.4737,7.13,9.26,-15.05,0.6562,0.63,287,96,True
S2_yoy,T1_fixed_p50,P3_long_short,1,0.3536,-0.9633,-1.6582,-0.2044,-15.77,16.37,-77.15,0.3854,2.67,299,96,False
S2_yoy,T1_fixed_p75,P1_long_cash,1,0.6327,-0.0907,-0.0668,-0.0544,-0.48,5.26,-8.78,0.0521,0.83,299,96,False
S2_yoy,T1_fixed_p75,P2_signal_strength,1,1.0377,0.7695,1.0686,0.4737,7.13,9.26,-15.05,0.6562,0.63,287,96,True
S2_yoy,T1_fixed_p75,P3_long_short,1,0.004,-0.9622,-1.6675,-0.2104,-15.76,16.38,-74.88,0.3438,1.67,299,96,False
S2_yoy,T2_roll_p25,P1_long_cash,1,0.9504,0.8215,1.2807,0.4955,11.86,14.43,-23.93,0.5625,0.58,299,96,True
S2_yoy,T2_roll_p25,P2_signal_strength,1,1.0377,0.7695,1.0686,0.4737,7.13,9.26,-15.05,0.6562,0.63,287,96,True
S2_yoy,T2_roll_p25,P3_long_short,1,0.7306,0.5302,0.9831,0.2444,8.91,16.8,-36.45,0.625,1.17,299,96,True
S2_yoy,T2_roll_p50,P1_long_cash,1,0.7199,0.5301,0.5591,0.2761,5.52,10.41,-19.98,0.3438,1.31,299,96,True
S2_yoy,T2_roll_p50,P2_signal_strength,1,1.0377,0.7695,1.0686,0.4737,7.13,9.26,-15.05,0.6562,0.63,287,96,True
S2_yoy,T2_roll_p50,P3_long_short,1,0.1836,-0.2221,-0.3929,-0.0711,-3.77,16.97,-53.02,0.5417,2.61,299,96,False
S2_yoy,T2_roll_p75,P1_long_cash,1,0.6486,-0.0632,-0.0471,-0.0317,-0.46,7.36,-14.67,0.1458,1.03,299,96,False
S2_yoy,T2_roll_p75,P2_signal_strength,1,1.0377,0.7695,1.0686,0.4737,7.13,9.26,-15.05,0.6562,0.63,287,96,True
S2_yoy,T2_roll_p75,P3_long_short,1,-0.1212,-0.9606,-1.6575,-0.2068,-15.73,16.38,-76.09,0.3854,2.06,299,96,False
S2_yoy,T3_zscore_1.0,P1_long_cash,1,0.6971,0.2367,0.1746,0.1392,0.96,4.06,-6.91,0.0938,0.83,299,96,True
S2_yoy,T3_zscore_1.0,P2_signal_strength,1,1.0377,0.7695,1.0686,0.4737,7.13,9.26,-15.05,0.6562,0.63,287,96,True
S2_yoy,T3_zscore_1.0,P3_long_short,1,-0.1721,-0.7764,-1.3954,-0.1771,-12.88,16.59,-72.71,0.3958,1.67,299,96,False
S2_yoy,T3_zscore_neg_1.0,P1_long_cash,1,-0.0925,0.6858,1.3153,0.656,4.03,5.88,-6.14,0.0729,0.56,299,96,True
S2_yoy,T3_zscore_neg_1.0,P2_signal_strength,1,1.0377,0.7695,1.0686,0.4737,7.13,9.26,-15.05,0.6562,0.63,287,96,True
S2_yoy,T3_zscore_neg_1.0,P3_long_short,1,-0.8347,-0.3992,-0.7693,-0.1261,-6.74,16.89,-53.45,0.375,1.11,299,96,False
S2_yoy,T3_zscore_1.5,P1_long_cash,1,0.4298,0.6143,0.0,0.0,0.96,1.56,0.0,0.0312,0.39,299,96,True
S2_yoy,T3_zscore_1.5,P2_signal_strength,1,1.0377,0.7695,1.0686,0.4737,7.13,9.26,-15.05,0.6562,0.63,287,96,True
S2_yoy,T3_zscore_1.5,P3_long_short,1,-0.4989,-0.777,-1.38,-0.1867,-12.89,16.59,-69.04,0.3542,0.78,299,96,False
S2_yoy,T3_zscore_neg_1.5,P1_long_cash,1,-0.1438,0.6651,0.0,0.0,2.43,3.65,0.0,0.0417,0.22,299,96,True
S2_yoy,T3_zscore_neg_1.5,P2_signal_strength,1,1.0377,0.7695,1.0686,0.4737,7.13,9.26,-15.05,0.6562,0.63,287,96,True
S2_yoy,T3_zscore_neg_1.5,P3_long_short,1,-0.8921,-0.5939,-1.073,-0.162,-9.95,16.75,-61.41,0.3646,0.44,299,96,False
S2_yoy,T3_zscore_2.0,P1_long_cash,1,0.2839,0.5022,0.0,0.0,0.59,1.17,0.0,0.0208,0.17,299,96,True
S2_yoy,T3_zscore_2.0,P2_signal_strength,1,1.0377,0.7695,1.0686,0.4737,7.13,9.26,-15.05,0.6562,0.63,287,96,True
S2_yoy,T3_zscore_2.0,P3_long_short,1,-0.6628,-0.8244,-1.47,-0.1925,-13.63,16.54,-70.83,0.3438,0.33,299,96,False
S2_yoy,T3_zscore_neg_2.0,P1_long_cash,1,-0.1563,0.6651,0.0,0.0,2.43,3.65,0.0,0.0417,0.22,299,96,True
S2_yoy,T3_zscore_neg_2.0,P2_signal_strength,1,1.0377,0.7695,1.0686,0.4737,7.13,9.26,-15.05,0.6562,0.63,287,96,True
S2_yoy,T3_zscore_neg_2.0,P3_long_short,1,-0.9035,-0.5939,-1.073,-0.162,-9.95,16.75,-61.41,0.3646,0.44,299,96,False
S2_yoy,T4_zero,P1_long_cash,1,0.9389,0.3914,0.5091,0.1989,4.76,12.16,-23.93,0.3646,0.53,299,96,True
S2_yoy,T4_zero,P2_signal_strength,1,1.0377,0.7695,1.0686,0.4737,7.13,9.26,-15.05,0.6562,0.63,287,96,True
S2_yoy,T4_zero,P3_long_short,1,0.8048,-0.312,-0.5386,-0.0902,-5.28,16.93,-58.6,0.5208,1.06,299,96,False
S2_yoy,T1_fixed_p25,P1_long_cash,2,0.9002,0.283,0.3404,0.1376,3.29,11.64,-23.93,0.3125,0.58,299,96,True
S2_yoy,T1_fixed_p25,P2_signal_strength,2,1.0577,0.7758,1.0552,0.5203,7.29,9.39,-14.01,0.6562,0.63,286,96,True
S2_yoy,T1_fixed_p25,P3_long_short,2,0.7278,-0.4881,-0.8501,-0.1332,-8.22,16.83,-61.69,0.4792,1.17,299,96,False
S2_yoy,T1_fixed_p50,P1_long_cash,2,0.8628,0.0933,0.0809,0.0496,0.77,8.21,-15.46,0.1458,1.33,299,96,True
S2_yoy,T1_fixed_p50,P2_signal_strength,2,1.0577,0.7758,1.0552,0.5203,7.29,9.39,-14.01,0.6562,0.63,286,96,True
S2_yoy,T1_fixed_p50,P3_long_short,2,0.4218,-0.8013,-1.4625,-0.1915,-13.27,16.56,-69.3,0.3854,2.67,299,96,False
S2_yoy,T1_fixed_p75,P1_long_cash,2,0.6582,0.0067,0.0022,0.0035,0.03,4.6,-8.8,0.0521,0.83,299,96,True
S2_yoy,T1_fixed_p75,P2_signal_strength,2,1.0577,0.7758,1.0552,0.5203,7.29,9.39,-14.01,0.6562,0.63,286,96,True
S2_yoy,T1_fixed_p75,P3_long_short,2,0.0366,-0.8958,-1.5753,-0.2026,-14.74,16.45,-72.75,0.3438,1.67,299,96,False
S2_yoy,T2_roll_p25,P1_long_cash,2,1.0393,0.8486,1.2852,0.4941,11.82,13.93,-23.93,0.5729,0.58,299,96,True
S2_yoy,T2_roll_p25,P2_signal_strength,2,1.0577,0.7758,1.0552,0.5203,7.29,9.39,-14.01,0.6562,0.63,286,96,True
S2_yoy,T2_roll_p25,P3_long_short,2,0.8625,0.5262,0.8379,0.2276,8.84,16.81,-38.85,0.6458,1.17,299,96,True
S2_yoy,T2_roll_p50,P1_long_cash,2,0.8049,0.4789,0.5303,0.2398,5.04,10.52,-21.01,0.3333,1.31,299,96,True
S2_yoy,T2_roll_p50,P2_signal_strength,2,1.0577,0.7758,1.0552,0.5203,7.29,9.39,-14.01,0.6562,0.63,286,96,True
S2_yoy,T2_roll_p50,P3_long_short,2,0.2863,-0.279,-0.4826,-0.0756,-4.73,16.95,-62.57,0.5208,2.61,299,96,False
S2_yoy,T2_roll_p75,P1_long_cash,2,0.4938,-0.1105,-0.0899,-0.054,-0.83,7.55,-15.46,0.1354,1.0,299,96,False
S2_yoy,T2_roll_p75,P2_signal_strength,2,1.0577,0.7758,1.0552,0.5203,7.29,9.39,-14.01,0.6562,0.63,286,96,True
S2_yoy,T2_roll_p75,P3_long_short,2,-0.2337,-1.0095,-1.7915,-0.2189,-16.47,16.32,-75.24,0.3646,2.0,299,96,False
S2_yoy,T3_zscore_1.0,P1_long_cash,2,0.5293,-0.0673,-0.047,-0.0278,-0.38,5.59,-13.53,0.0729,0.83,299,96,False
S2_yoy,T3_zscore_1.0,P2_signal_strength,2,1.0577,0.7758,1.0552,0.5203,7.29,9.39,-14.01,0.6562,0.63,286,96,True
S2_yoy,T3_zscore_1.0,P3_long_short,2,-0.2677,-0.949,-1.6534,-0.2097,-15.56,16.39,-74.17,0.3542,1.67,299,96,False
S2_yoy,T3_zscore_neg_1.0,P1_long_cash,2,-0.1492,0.5433,0.452,0.4802,2.95,5.43,-6.14,0.0625,0.56,299,96,True
S2_yoy,T3_zscore_neg_1.0,P2_signal_strength,2,1.0577,0.7758,1.0552,0.5203,7.29,9.39,-14.01,0.6562,0.63,286,96,True
S2_yoy,T3_zscore_neg_1.0,P3_long_short,2,-0.9162,-0.5297,-1.0215,-0.1552,-8.9,16.8,-57.36,0.3542,1.11,299,96,False
S2_yoy,T3_zscore_1.5,P1_long_cash,2,0.5263,0.044,0.0,0.0203,0.09,2.15,-4.66,0.0208,0.39,299,96,True
S2_yoy,T3_zscore_1.5,P2_signal_strength,2,1.0577,0.7758,1.0552,0.5203,7.29,9.39,-14.01,0.6562,0.63,286,96,True
S2_yoy,T3_zscore_1.5,P3_long_short,2,-0.4441,-0.8876,-1.5842,-0.2001,-14.61,16.46,-73.03,0.3333,0.78,299,96,False
S2_yoy,T3_zscore_neg_1.5,P1_long_cash,2,-0.1254,0.3846,0.0,0.3638,1.36,3.54,-3.74,0.0312,0.22,299,96,True
S2_yoy,T3_zscore_neg_1.5,P2_signal_strength,2,1.0577,0.7758,1.0552,0.5203,7.29,9.39,-14.01,0.6562,0.63,286,96,True
S2_yoy,T3_zscore_neg_1.5,P3_long_short,2,-0.8713,-0.726,-1.3225,-0.1804,-12.08,16.64,-66.96,0.3438,0.44,299,96,False
S2_yoy,T3_zscore_2.0,P1_long_cash,2,0.3033,0.5002,0.0,0.0,0.68,1.35,0.0,0.0208,0.17,299,96,True
S2_yoy,T3_zscore_2.0,P2_signal_strength,2,1.0577,0.7758,1.0552,0.5203,7.29,9.39,-14.01,0.6562,0.63,286,96,True
S2_yoy,T3_zscore_2.0,P3_long_short,2,-0.6463,-0.8127,-1.4471,-0.191,-13.45,16.55,-70.4,0.3438,0.33,299,96,False
S2_yoy,T3_zscore_neg_2.0,P1_long_cash,2,-0.1202,0.3846,0.0,0.3638,1.36,3.54,-3.74,0.0312,0.22,299,96,True
S2_yoy,T3_zscore_neg_2.0,P2_signal_strength,2,1.0577,0.7758,1.0552,0.5203,7.29,9.39,-14.01,0.6562,0.63,286,96,True
S2_yoy,T3_zscore_neg_2.0,P3_long_short,2,-0.8566,-0.726,-1.3225,-0.1804,-12.08,16.64,-66.96,0.3438,0.44,299,96,False
S2_yoy,T4_zero,P1_long_cash,2,0.9105,0.4453,0.559,0.2254,5.39,12.11,-23.93,0.3646,0.53,299,96,True
S2_yoy,T4_zero,P2_signal_strength,2,1.0577,0.7758,1.0552,0.5203,7.29,9.39,-14.01,0.6562,0.63,286,96,True
S2_yoy,T4_zero,P3_long_short,2,0.7834,-0.2369,-0.408,-0.0665,-4.02,16.96,-60.43,0.5208,1.06,299,96,False
S2_yoy,T1_fixed_p25,P1_long_cash,3,0.9067,0.2247,0.2883,0.113,2.7,12.03,-23.93,0.2917,0.58,299,96,True
S2_yoy,T1_fixed_p25,P2_signal_strength,3,1.0978,0.7693,1.0168,0.5015,7.4,9.62,-14.76,0.6562,0.63,285,96,True
S2_yoy,T1_fixed_p25,P3_long_short,3,0.7401,-0.5599,-0.9978,-0.1339,-9.4,16.78,-70.18,0.4375,1.17,299,96,False
S2_yoy,T1_fixed_p50,P1_long_cash,3,0.8337,0.1173,0.1076,0.0732,0.99,8.45,-13.53,0.1354,1.33,299,96,True
S2_yoy,T1_fixed_p50,P2_signal_strength,3,1.0978,0.7693,1.0168,0.5015,7.4,9.62,-14.76,0.6562,0.63,285,96,True
S2_yoy,T1_fixed_p50,P3_long_short,3,0.3966,-0.7728,-1.3729,-0.1839,-12.82,16.59,-69.72,0.3646,2.67,299,96,False
S2_yoy,T1_fixed_p75,P1_long_cash,3,0.78,0.0022,0.0011,0.0015,0.01,6.27,-8.8,0.0417,0.78,299,96,True
S2_yoy,T1_fixed_p75,P2_signal_strength,3,1.0978,0.7693,1.0168,0.5015,7.4,9.62,-14.76,0.6562,0.63,285,96,True
S2_yoy,T1_fixed_p75,P3_long_short,3,0.1417,-0.8981,-1.5667,-0.2029,-14.78,16.45,-72.83,0.3229,1.56,299,96,False
S2_yoy,T2_roll_p25,P1_long_cash,3,1.0449,0.8436,1.2216,0.4802,11.49,13.62,-23.93,0.5729,0.58,299,96,True
S2_yoy,T2_roll_p25,P2_signal_strength,3,1.0978,0.7693,1.0168,0.5015,7.4,9.62,-14.76,0.6562,0.63,285,96,True
S2_yoy,T2_roll_p25,P3_long_short,3,0.8564,0.4858,0.7886,0.1642,8.18,16.84,-49.81,0.6458,1.17,299,96,True
S2_yoy,T2_roll_p50,P1_long_cash,3,0.82,0.1948,0.2218,0.0901,2.15,11.06,-23.93,0.3021,1.31,299,96,True
S2_yoy,T2_roll_p50,P2_signal_strength,3,1.0978,0.7693,1.0168,0.5015,7.4,9.62,-14.76,0.6562,0.63,285,96,True
S2_yoy,T2_roll_p50,P3_long_short,3,0.2926,-0.6273,-1.0809,-0.1464,-10.49,16.73,-71.68,0.4688,2.61,299,96,False
S2_yoy,T2_roll_p75,P1_long_cash,3,0.6909,0.1643,0.1395,0.1008,1.36,8.3,-13.53,0.1458,1.0,299,96,True
S2_yoy,T2_roll_p75,P2_signal_strength,3,1.0978,0.7693,1.0168,0.5015,7.4,9.62,-14.76,0.6562,0.63,285,96,True
S2_yoy,T2_roll_p75,P3_long_short,3,-0.0334,-0.7258,-1.3052,-0.178,-12.07,16.64,-67.84,0.3854,2.0,299,96,False
S2_yoy,T3_zscore_1.0,P1_long_cash,3,0.6098,0.2267,0.1089,0.1464,1.29,5.69,-8.8,0.0729,0.83,299,96,True
S2_yoy,T3_zscore_1.0,P2_signal_strength,3,1.0978,0.7693,1.0168,0.5015,7.4,9.62,-14.76,0.6562,0.63,285,96,True
S2_yoy,T3_zscore_1.0,P3_long_short,3,-0.1827,-0.7351,-1.3115,-0.1775,-12.22,16.63,-68.86,0.3542,1.67,299,96,False
S2_yoy,T3_zscore_neg_1.0,P1_long_cash,3,-0.1373,0.2938,0.1767,0.2293,1.82,6.18,-7.92,0.0521,0.56,299,96,True
S2_yoy,T3_zscore_neg_1.0,P2_signal_strength,3,1.0978,0.7693,1.0168,0.5015,7.4,9.62,-14.76,0.6562,0.63,285,96,True
S2_yoy,T3_zscore_neg_1.0,P3_long_short,3,-0.8966,-0.6694,-1.2666,-0.1733,-11.17,16.69,-64.45,0.3333,1.11,299,96,False
S2_yoy,T3_zscore_1.5,P1_long_cash,3,0.6879,0.2103,0.0,0.143,0.67,3.17,-4.66,0.0208,0.39,299,96,True
S2_yoy,T3_zscore_1.5,P2_signal_strength,3,1.0978,0.7693,1.0168,0.5015,7.4,9.62,-14.76,0.6562,0.63,285,96,True
S2_yoy,T3_zscore_1.5,P3_long_short,3,-0.3902,-0.814,-1.4728,-0.1912,-13.47,16.55,-70.44,0.3333,0.78,299,96,False
S2_yoy,T3_zscore_neg_1.5,P1_long_cash,3,-0.1244,0.2296,0.2705,0.1349,0.83,3.61,-6.14,0.0208,0.22,299,96,True
S2_yoy,T3_zscore_neg_1.5,P2_signal_strength,3,1.0978,0.7693,1.0168,0.5015,7.4,9.62,-14.76,0.6562,0.63,285,96,True
S2_yoy,T3_zscore_neg_1.5,P3_long_short,3,-0.8684,-0.7934,-1.4525,-0.1887,-13.14,16.57,-69.66,0.3229,0.44,299,96,False
S2_yoy,T3_zscore_2.0,P1_long_cash,3,0.3418,-0.1072,-0.0,-0.0452,-0.21,1.96,-4.66,0.0104,0.17,299,96,False
S2_yoy,T3_zscore_2.0,P2_signal_strength,3,1.0978,0.7693,1.0168,0.5015,7.4,9.62,-14.76,0.6562,0.63,285,96,True
S2_yoy,T3_zscore_2.0,P3_long_short,3,-0.6031,-0.9273,-1.6593,-0.2048,-15.22,16.42,-74.32,0.3229,0.33,299,96,False
S2_yoy,T3_zscore_neg_2.0,P1_long_cash,3,-0.0567,0.2296,0.2705,0.1349,0.83,3.61,-6.14,0.0208,0.22,299,96,True
S2_yoy,T3_zscore_neg_2.0,P2_signal_strength,3,1.0978,0.7693,1.0168,0.5015,7.4,9.62,-14.76,0.6562,0.63,285,96,True
S2_yoy,T3_zscore_neg_2.0,P3_long_short,3,-0.7832,-0.7934,-1.4525,-0.1887,-13.14,16.57,-69.66,0.3229,0.44,299,96,False
S2_yoy,T4_zero,P1_long_cash,3,0.9232,0.3645,0.474,0.1857,4.44,12.19,-23.93,0.3542,0.53,299,96,True
S2_yoy,T4_zero,P2_signal_strength,3,1.0978,0.7693,1.0168,0.5015,7.4,9.62,-14.76,0.6562,0.63,285,96,True
S2_yoy,T4_zero,P3_long_short,3,0.7737,-0.3496,-0.6181,-0.0875,-5.91,16.91,-67.58,0.5,1.06,299,96,False
S2_yoy,T1_fixed_p25,P1_long_cash,4,0.9142,0.3885,0.5161,0.1968,4.71,12.12,-23.93,0.3125,0.64,299,96,True
S2_yoy,T1_fixed_p25,P2_signal_strength,4,1.0816,0.8398,1.1543,0.5704,8.07,9.61,-14.14,0.6667,0.64,284,96,True
S2_yoy,T1_fixed_p25,P3_long_short,4,0.7233,-0.3179,-0.5483,-0.089,-5.38,16.93,-60.49,0.4792,1.28,299,96,False
S2_yoy,T1_fixed_p50,P1_long_cash,4,0.7345,0.1084,0.0886,0.0549,0.95,8.76,-17.28,0.1458,1.33,299,96,True
S2_yoy,T1_fixed_p50,P2_signal_strength,4,1.0816,0.8398,1.1543,0.5704,8.07,9.61,-14.14,0.6667,0.64,284,96,True
S2_yoy,T1_fixed_p50,P3_long_short,4,0.2855,-0.7781,-1.3575,-0.1686,-12.9,16.58,-76.55,0.3854,2.67,299,96,False
S2_yoy,T1_fixed_p75,P1_long_cash,4,0.6687,0.4526,0.318,0.5062,2.67,5.9,-5.27,0.0521,0.78,299,96,True
S2_yoy,T1_fixed_p75,P2_signal_strength,4,1.0816,0.8398,1.1543,0.5704,8.07,9.61,-14.14,0.6667,0.64,284,96,True
S2_yoy,T1_fixed_p75,P3_long_short,4,0.0364,-0.564,-1.0727,-0.1477,-9.46,16.78,-64.06,0.3438,1.56,299,96,False
S2_yoy,T2_roll_p25,P1_long_cash,4,0.9819,0.8127,1.1995,0.4725,11.3,13.91,-23.93,0.5625,0.58,299,96,True
S2_yoy,T2_roll_p25,P2_signal_strength,4,1.0816,0.8398,1.1543,0.5704,8.07,9.61,-14.14,0.6667,0.64,284,96,True
S2_yoy,T2_roll_p25,P3_long_short,4,0.7434,0.4633,0.7401,0.1682,7.81,16.85,-46.43,0.625,1.17,299,96,True
S2_yoy,T2_roll_p50,P1_long_cash,4,0.8734,0.2633,0.3036,0.1258,3.01,11.43,-23.93,0.2917,1.31,299,96,True
S2_yoy,T2_roll_p50,P2_signal_strength,4,1.0816,0.8398,1.1543,0.5704,8.07,9.61,-14.14,0.6667,0.64,284,96,True
S2_yoy,T2_roll_p50,P3_long_short,4,0.3388,-0.5224,-0.9144,-0.1249,-8.78,16.81,-70.31,0.4583,2.61,299,96,False
S2_yoy,T2_roll_p75,P1_long_cash,4,0.5807,0.2494,0.1971,0.1541,2.0,8.02,-12.99,0.1562,1.0,299,96,True
S2_yoy,T2_roll_p75,P2_signal_strength,4,1.0816,0.8398,1.1543,0.5704,8.07,9.61,-14.14,0.6667,0.64,284,96,True
S2_yoy,T2_roll_p75,P3_long_short,4,-0.1403,-0.6463,-1.1712,-0.151,-10.8,16.71,-71.54,0.4062,2.0,299,96,False
S2_yoy,T3_zscore_1.0,P1_long_cash,4,0.7826,0.3581,0.1499,0.2361,2.08,5.8,-8.8,0.0833,0.83,299,96,True
S2_yoy,T3_zscore_1.0,P2_signal_strength,4,1.0816,0.8398,1.1543,0.5704,8.07,9.61,-14.14,0.6667,0.64,284,96,True
S2_yoy,T3_zscore_1.0,P3_long_short,4,-0.1277,-0.6367,-1.1344,-0.1594,-10.65,16.72,-66.79,0.375,1.67,299,96,False
S2_yoy,T3_zscore_neg_1.0,P1_long_cash,4,-0.0503,0.1285,0.0493,0.0705,0.88,6.85,-12.49,0.0521,0.56,299,96,True
S2_yoy,T3_zscore_neg_1.0,P2_signal_strength,4,1.0816,0.8398,1.1543,0.5704,8.07,9.61,-14.14,0.6667,0.64,284,96,True
S2_yoy,T3_zscore_neg_1.0,P3_long_short,4,-0.7833,-0.7869,-1.3765,-0.1879,-13.04,16.58,-69.43,0.3333,1.11,299,96,False
S2_yoy,T3_zscore_1.5,P1_long_cash,4,0.4547,0.0645,0.0205,0.0416,0.19,3.01,-4.66,0.0104,0.39,299,96,True
S2_yoy,T3_zscore_1.5,P2_signal_strength,4,1.0816,0.8398,1.1543,0.5704,8.07,9.61,-14.14,0.6667,0.64,284,96,True
S2_yoy,T3_zscore_1.5,P3_long_short,4,-0.4993,-0.8747,-1.5833,-0.1986,-14.41,16.48,-72.59,0.3125,0.78,299,96,False
S2_yoy,T3_zscore_neg_1.5,P1_long_cash,4,-0.1506,0.2998,0.474,0.2364,1.45,4.85,-6.14,0.0208,0.22,299,96,True
S2_yoy,T3_zscore_neg_1.5,P2_signal_strength,4,1.0816,0.8398,1.1543,0.5704,8.07,9.61,-14.14,0.6667,0.64,284,96,True
S2_yoy,T3_zscore_neg_1.5,P3_long_short,4,-0.8994,-0.7147,-1.3905,-0.179,-11.9,16.65,-66.45,0.3229,0.44,299,96,False
S2_yoy,T3_zscore_2.0,P1_long_cash,4,0.027,0.0984,0.0,0.0632,0.29,2.99,-4.66,0.0104,0.17,299,96,True
S2_yoy,T3_zscore_2.0,P2_signal_strength,4,1.0816,0.8398,1.1543,0.5704,8.07,9.61,-14.14,0.6667,0.64,284,96,True
S2_yoy,T3_zscore_2.0,P3_long_short,4,-0.7131,-0.8617,-1.5651,-0.197,-14.21,16.49,-72.15,0.3229,0.33,299,96,False
S2_yoy,T3_zscore_neg_2.0,P1_long_cash,4,0.0042,0.2998,0.474,0.2364,1.45,4.85,-6.14,0.0208,0.22,299,96,True
S2_yoy,T3_zscore_neg_2.0,P2_signal_strength,4,1.0816,0.8398,1.1543,0.5704,8.07,9.61,-14.14,0.6667,0.64,284,96,True
S2_yoy,T3_zscore_neg_2.0,P3_long_short,4,-0.7142,-0.7147,-1.3905,-0.179,-11.9,16.65,-66.45,0.3229,0.44,299,96,False
S2_yoy,T4_zero,P1_long_cash,4,0.9498,0.4923,0.6489,0.2545,6.09,12.37,-23.93,0.3646,0.53,299,96,True
S2_yoy,T4_zero,P2_signal_strength,4,1.0816,0.8398,1.1543,0.5704,8.07,9.61,-14.14,0.6667,0.64,284,96,True
S2_yoy,T4_zero,P3_long_short,4,0.7937,-0.1545,-0.2671,-0.0482,-2.62,16.98,-54.47,0.5208,1.06,299,96,False
S2_yoy,T1_fixed_p25,P1_long_cash,5,0.891,0.2084,0.2618,0.1026,2.45,11.78,-23.93,0.2917,0.64,299,96,True
S2_yoy,T1_fixed_p25,P2_signal_strength,5,1.0807,0.7949,1.0869,0.4817,7.59,9.55,-15.75,0.6771,0.64,283,96,True
S2_yoy,T1_fixed_p25,P3_long_short,5,0.6882,-0.5904,-1.0323,-0.1459,-9.89,16.76,-67.8,0.4375,1.28,299,96,False
S2_yoy,T1_fixed_p50,P1_long_cash,5,0.7743,-0.033,-0.0299,-0.0125,-0.3,9.12,-24.08,0.1354,1.33,299,96,False
S2_yoy,T1_fixed_p50,P2_signal_strength,5,1.0807,0.7949,1.0869,0.4817,7.59,9.55,-15.75,0.6771,0.64,283,96,True
S2_yoy,T1_fixed_p50,P3_long_short,5,0.3394,-0.939,-1.5859,-0.2018,-15.4,16.4,-76.32,0.3646,2.67,299,96,False
S2_yoy,T1_fixed_p75,P1_long_cash,5,0.654,0.1072,0.068,0.0379,0.45,4.18,-11.82,0.0417,0.78,299,96,True
S2_yoy,T1_fixed_p75,P2_signal_strength,5,1.0807,0.7949,1.0869,0.4817,7.59,9.55,-15.75,0.6771,0.64,283,96,True
S2_yoy,T1_fixed_p75,P3_long_short,5,-0.0038,-0.842,-1.5204,-0.1945,-13.91,16.52,-71.51,0.3229,1.56,299,96,False
S2_yoy,T2_roll_p25,P1_long_cash,5,1.0252,0.6498,0.9526,0.3849,9.21,14.17,-23.93,0.5417,0.58,299,96,True
S2_yoy,T2_roll_p25,P2_signal_strength,5,1.0807,0.7949,1.0869,0.4817,7.59,9.55,-15.75,0.6771,0.64,283,96,True
S2_yoy,T2_roll_p25,P3_long_short,5,0.7724,0.2132,0.3479,0.0751,3.62,16.97,-48.2,0.5833,1.17,299,96,True
S2_yoy,T2_roll_p50,P1_long_cash,5,0.914,0.418,0.4901,0.1988,4.76,11.38,-23.93,0.3125,1.31,299,96,True
S2_yoy,T2_roll_p50,P2_signal_strength,5,1.0807,0.7949,1.0869,0.4817,7.59,9.55,-15.75,0.6771,0.64,283,96,True
S2_yoy,T2_roll_p50,P3_long_short,5,0.3838,-0.3124,-0.5401,-0.0866,-5.29,16.93,-61.11,0.5104,2.61,299,96,False
S2_yoy,T2_roll_p75,P1_long_cash,5,0.5799,-0.0536,-0.0417,-0.0186,-0.45,8.35,-24.08,0.1354,0.97,299,96,False
S2_yoy,T2_roll_p75,P2_signal_strength,5,1.0807,0.7949,1.0869,0.4817,7.59,9.55,-15.75,0.6771,0.64,283,96,True
S2_yoy,T2_roll_p75,P3_long_short,5,-0.1252,-0.9583,-1.6071,-0.2,-15.7,16.38,-78.5,0.375,1.94,299,96,False
S2_yoy,T3_zscore_1.0,P1_long_cash,5,0.6078,0.4089,0.2047,0.3243,2.24,5.48,-6.91,0.0833,0.83,299,96,True
S2_yoy,T3_zscore_1.0,P2_signal_strength,5,1.0807,0.7949,1.0869,0.4817,7.59,9.55,-15.75,0.6771,0.64,283,96,True
S2_yoy,T3_zscore_1.0,P3_long_short,5,-0.2187,-0.6166,-1.111,-0.1536,-10.32,16.74,-67.2,0.375,1.67,299,96,False
S2_yoy,T3_zscore_neg_1.0,P1_long_cash,5,-0.0377,0.5765,0.802,0.6168,3.79,6.57,-6.14,0.0625,0.56,299,96,True
S2_yoy,T3_zscore_neg_1.0,P2_signal_strength,5,1.0807,0.7949,1.0869,0.4817,7.59,9.55,-15.75,0.6771,0.64,283,96,True
S2_yoy,T3_zscore_neg_1.0,P3_long_short,5,-0.7691,-0.4281,-0.9041,-0.1351,-7.22,16.87,-53.45,0.3542,1.11,299,96,False
S2_yoy,T3_zscore_1.5,P1_long_cash,5,0.5297,0.4555,0.0,1.686,1.35,2.97,-0.8,0.0208,0.39,299,96,True
S2_yoy,T3_zscore_1.5,P2_signal_strength,5,1.0807,0.7949,1.0869,0.4817,7.59,9.55,-15.75,0.6771,0.64,283,96,True
S2_yoy,T3_zscore_1.5,P3_long_short,5,-0.4507,-0.7269,-1.3099,-0.1805,-12.09,16.64,-67.0,0.3333,0.78,299,96,False
S2_yoy,T3_zscore_neg_1.5,P1_long_cash,5,-0.063,0.2384,0.3404,0.1698,1.04,4.38,-6.14,0.0208,0.22,299,96,True
S2_yoy,T3_zscore_neg_1.5,P2_signal_strength,5,1.0807,0.7949,1.0869,0.4817,7.59,9.55,-15.75,0.6771,0.64,283,96,True
S2_yoy,T3_zscore_neg_1.5,P3_long_short,5,-0.7925,-0.7662,-1.4665,-0.1854,-12.72,16.6,-68.59,0.3229,0.44,299,96,False
S2_yoy,T3_zscore_2.0,P1_long_cash,5,0.1489,0.3107,0.0,0.9665,0.78,2.5,-0.8,0.0104,0.17,299,96,True
S2_yoy,T3_zscore_2.0,P2_signal_strength,5,1.0807,0.7949,1.0869,0.4817,7.59,9.55,-15.75,0.6771,0.64,283,96,True
S2_yoy,T3_zscore_2.0,P3_long_short,5,-0.6951,-0.8,-1.4453,-0.1895,-13.25,16.56,-69.92,0.3229,0.33,299,96,False
S2_yoy,T3_zscore_neg_2.0,P1_long_cash,5,-0.038,0.2384,0.3404,0.1698,1.04,4.38,-6.14,0.0208,0.22,299,96,True
S2_yoy,T3_zscore_neg_2.0,P2_signal_strength,5,1.0807,0.7949,1.0869,0.4817,7.59,9.55,-15.75,0.6771,0.64,283,96,True
S2_yoy,T3_zscore_neg_2.0,P3_long_short,5,-0.7592,-0.7662,-1.4665,-0.1854,-12.72,16.6,-68.59,0.3229,0.44,299,96,False
S2_yoy,T4_zero,P1_long_cash,5,0.8618,0.3141,0.3987,0.1562,3.74,11.9,-23.93,0.3542,0.53,299,96,True
S2_yoy,T4_zero,P2_signal_strength,5,1.0807,0.7949,1.0869,0.4817,7.59,9.55,-15.75,0.6771,0.64,283,96,True
S2_yoy,T4_zero,P3_long_short,5,0.6647,-0.4344,-0.7755,-0.1122,-7.33,16.87,-65.3,0.5,1.06,299,96,False
S2_yoy,T1_fixed_p25,P1_long_cash,6,0.8358,0.3072,0.3678,0.1491,3.57,11.62,-23.93,0.3229,0.61,299,96,True
S2_yoy,T1_fixed_p25,P2_signal_strength,6,1.0532,0.7661,1.0532,0.4473,7.33,9.57,-16.38,0.6667,0.64,282,96,True
S2_yoy,T1_fixed_p25,P3_long_short,6,0.6057,-0.4547,-0.8114,-0.1214,-7.67,16.86,-63.16,0.4896,1.22,299,96,False
S2_yoy,T1_fixed_p50,P1_long_cash,6,0.7396,0.0558,0.0493,0.0184,0.5,9.03,-27.38,0.1458,1.33,299,96,True
S2_yoy,T1_fixed_p50,P2_signal_strength,6,1.0532,0.7661,1.0532,0.4473,7.33,9.57,-16.38,0.6667,0.64,282,96,True
S2_yoy,T1_fixed_p50,P3_long_short,6,0.3126,-0.8348,-1.4295,-0.1782,-13.79,16.52,-77.4,0.3854,2.67,299,96,False
S2_yoy,T1_fixed_p75,P1_long_cash,6,0.7056,-0.1053,-0.0399,-0.0372,-0.5,4.74,-13.43,0.0417,0.78,299,96,False
S2_yoy,T1_fixed_p75,P2_signal_strength,6,1.0532,0.7661,1.0532,0.4473,7.33,9.57,-16.38,0.6667,0.64,282,96,True
S2_yoy,T1_fixed_p75,P3_long_short,6,0.0627,-0.9651,-1.6568,-0.2081,-15.8,16.37,-75.94,0.3229,1.56,299,96,False
S2_yoy,T2_roll_p25,P1_long_cash,6,0.9696,0.4805,0.6495,0.2182,7.1,14.78,-32.54,0.5312,0.58,299,96,True
S2_yoy,T2_roll_p25,P2_signal_strength,6,1.0532,0.7661,1.0532,0.4473,7.33,9.57,-16.38,0.6667,0.64,282,96,True
S2_yoy,T2_roll_p25,P3_long_short,6,0.6884,-0.0352,-0.054,-0.0096,-0.6,17.0,-62.65,0.5625,1.17,299,96,False
S2_yoy,T2_roll_p50,P1_long_cash,6,0.8827,0.2609,0.2889,0.1213,2.9,11.12,-23.93,0.2917,1.31,299,96,True
S2_yoy,T2_roll_p50,P2_signal_strength,6,1.0532,0.7661,1.0532,0.4473,7.33,9.57,-16.38,0.6667,0.64,282,96,True
S2_yoy,T2_roll_p50,P3_long_short,6,0.3568,-0.5356,-0.9348,-0.1326,-9.0,16.8,-67.86,0.4792,2.61,299,96,False
S2_yoy,T2_roll_p75,P1_long_cash,6,0.681,-0.0698,-0.0584,-0.0203,-0.6,8.56,-29.44,0.1354,0.94,299,96,False
S2_yoy,T2_roll_p75,P2_signal_strength,6,1.0532,0.7661,1.0532,0.4473,7.33,9.57,-16.38,0.6667,0.64,282,96,True
S2_yoy,T2_roll_p75,P3_long_short,6,-0.0037,-0.9781,-1.6559,-0.198,-16.0,16.36,-80.78,0.375,1.89,299,96,False
S2_yoy,T3_zscore_1.0,P1_long_cash,6,0.5741,0.0251,0.0114,0.0131,0.11,4.22,-8.07,0.0729,0.83,299,96,True
S2_yoy,T3_zscore_1.0,P2_signal_strength,6,1.0532,0.7661,1.0532,0.4473,7.33,9.57,-16.38,0.6667,0.64,282,96,True
S2_yoy,T3_zscore_1.0,P3_long_short,6,-0.2579,-0.8861,-1.5725,-0.1995,-14.59,16.47,-73.14,0.3542,1.67,299,96,False
S2_yoy,T3_zscore_neg_1.0,P1_long_cash,6,-0.0725,0.5467,0.4686,0.638,2.97,5.44,-4.66,0.0625,0.56,299,96,True
S2_yoy,T3_zscore_neg_1.0,P2_signal_strength,6,1.0532,0.7661,1.0532,0.4473,7.33,9.57,-16.38,0.6667,0.64,282,96,True
S2_yoy,T3_zscore_neg_1.0,P3_long_short,6,-0.813,-0.5269,-0.9933,-0.1548,-8.86,16.81,-57.21,0.3542,1.11,299,96,False
S2_yoy,T3_zscore_1.5,P1_long_cash,6,0.1409,-0.0724,-0.0166,-0.0344,-0.18,2.51,-5.27,0.0104,0.39,299,96,False
S2_yoy,T3_zscore_1.5,P2_signal_strength,6,1.0532,0.7661,1.0532,0.4473,7.33,9.57,-16.38,0.6667,0.64,282,96,True
S2_yoy,T3_zscore_1.5,P3_long_short,6,-0.636,-0.9235,-1.6458,-0.2044,-15.17,16.42,-74.2,0.3125,0.78,299,96,False
S2_yoy,T3_zscore_neg_1.5,P1_long_cash,6,-0.0579,0.3314,0.3832,0.555,1.38,4.18,-2.49,0.0208,0.22,299,96,True
S2_yoy,T3_zscore_neg_1.5,P2_signal_strength,6,1.0532,0.7661,1.0532,0.4473,7.33,9.57,-16.38,0.6667,0.64,282,96,True
S2_yoy,T3_zscore_neg_1.5,P3_long_short,6,-0.7861,-0.7233,-1.3753,-0.1801,-12.03,16.64,-66.82,0.3229,0.44,299,96,False
S2_yoy,T3_zscore_2.0,P1_long_cash,6,-0.0101,0.2873,0.0,0.5945,0.48,1.66,-0.8,0.0104,0.17,299,96,True
S2_yoy,T3_zscore_2.0,P2_signal_strength,6,1.0532,0.7661,1.0532,0.4473,7.33,9.57,-16.38,0.6667,0.64,282,96,True
S2_yoy,T3_zscore_2.0,P3_long_short,6,-0.7204,-0.8382,-1.4945,-0.1941,-13.85,16.52,-71.33,0.3229,0.33,299,96,False
S2_yoy,T3_zscore_neg_2.0,P1_long_cash,6,-0.0297,0.3314,0.3832,0.555,1.38,4.18,-2.49,0.0208,0.22,299,96,True
S2_yoy,T3_zscore_neg_2.0,P2_signal_strength,6,1.0532,0.7661,1.0532,0.4473,7.33,9.57,-16.38,0.6667,0.64,282,96,True
S2_yoy,T3_zscore_neg_2.0,P3_long_short,6,-0.7469,-0.7233,-1.3753,-0.1801,-12.03,16.64,-66.82,0.3229,0.44,299,96,False
S2_yoy,T4_zero,P1_long_cash,6,0.7402,0.4086,0.4918,0.2028,4.85,11.88,-23.93,0.3646,0.53,299,96,True
S2_yoy,T4_zero,P2_signal_strength,6,1.0532,0.7661,1.0532,0.4473,7.33,9.57,-16.38,0.6667,0.64,282,96,True
S2_yoy,T4_zero,P3_long_short,6,0.5188,-0.3009,-0.5372,-0.0858,-5.1,16.94,-59.4,0.5208,1.06,299,96,False
S2_yoy,T1_fixed_p25,P1_long_cash,7,0.7798,0.3054,0.3556,0.1481,3.54,11.61,-23.93,0.3229,0.61,299,96,True
S2_yoy,T1_fixed_p25,P2_signal_strength,7,0.9821,0.6733,0.8843,0.4035,6.62,9.83,-16.41,0.6562,0.64,281,96,True
S2_yoy,T1_fixed_p25,P3_long_short,7,0.5876,-0.4576,-0.7988,-0.1164,-7.71,16.85,-66.27,0.4792,1.22,299,96,False
S2_yoy,T1_fixed_p50,P1_long_cash,7,0.648,0.0288,0.0389,0.0135,0.27,9.38,-19.98,0.1458,1.39,299,96,True
S2_yoy,T1_fixed_p50,P2_signal_strength,7,0.9821,0.6733,0.8843,0.4035,6.62,9.83,-16.41,0.6562,0.64,281,96,True
S2_yoy,T1_fixed_p50,P3_long_short,7,0.1619,-0.8649,-1.5072,-0.1989,-14.26,16.49,-71.72,0.3854,2.78,299,96,False
S2_yoy,T1_fixed_p75,P1_long_cash,7,0.5753,-0.0593,-0.0415,-0.0236,-0.35,5.87,-14.77,0.0417,0.72,299,96,False
S2_yoy,T1_fixed_p75,P2_signal_strength,7,0.9821,0.6733,0.8843,0.4035,6.62,9.83,-16.41,0.6562,0.64,281,96,True
S2_yoy,T1_fixed_p75,P3_long_short,7,-0.0691,-0.9452,-1.6626,-0.207,-15.5,16.4,-74.88,0.3229,1.44,299,96,False
S2_yoy,T2_roll_p25,P1_long_cash,7,0.8891,0.4801,0.682,0.2208,7.37,15.35,-33.37,0.5208,0.58,299,96,True
S2_yoy,T2_roll_p25,P2_signal_strength,7,0.9821,0.6733,0.8843,0.4035,6.62,9.83,-16.41,0.6562,0.64,281,96,True
S2_yoy,T2_roll_p25,P3_long_short,7,0.6138,-0.0039,-0.0065,-0.001,-0.07,17.0,-63.13,0.5417,1.17,299,96,False
S2_yoy,T2_roll_p50,P1_long_cash,7,0.8409,0.274,0.292,0.1275,3.05,11.13,-23.93,0.2917,1.31,299,96,True
S2_yoy,T2_roll_p50,P2_signal_strength,7,0.9821,0.6733,0.8843,0.4035,6.62,9.83,-16.41,0.6562,0.64,281,96,True
S2_yoy,T2_roll_p50,P3_long_short,7,0.3222,-0.5176,-0.9039,-0.1248,-8.7,16.81,-69.71,0.4792,2.61,299,96,False
S2_yoy,T2_roll_p75,P1_long_cash,7,0.664,0.1305,0.1624,0.058,1.2,9.2,-20.69,0.1458,0.94,299,96,True
S2_yoy,T2_roll_p75,P2_signal_strength,7,0.9821,0.6733,0.8843,0.4035,6.62,9.83,-16.41,0.6562,0.64,281,96,True
S2_yoy,T2_roll_p75,P3_long_short,7,-0.0644,-0.7463,-1.2935,-0.1814,-12.4,16.62,-68.38,0.3958,1.89,299,96,False
S2_yoy,T3_zscore_1.0,P1_long_cash,7,0.5069,-0.2227,-0.1752,-0.0749,-1.31,5.88,-17.49,0.0625,0.83,299,96,False
S2_yoy,T3_zscore_1.0,P2_signal_strength,7,0.9821,0.6733,0.8843,0.4035,6.62,9.83,-16.41,0.6562,0.64,281,96,True
S2_yoy,T3_zscore_1.0,P3_long_short,7,-0.3046,-1.0733,-1.8232,-0.2232,-17.42,16.23,-78.04,0.3333,1.67,299,96,False
S2_yoy,T3_zscore_neg_1.0,P1_long_cash,7,0.0206,0.8279,0.0,4.3694,4.45,5.38,-1.02,0.0833,0.56,299,96,True
S2_yoy,T3_zscore_neg_1.0,P2_signal_strength,7,0.9821,0.6733,0.8843,0.4035,6.62,9.83,-16.41,0.6562,0.64,281,96,True
S2_yoy,T3_zscore_neg_1.0,P3_long_short,7,-0.693,-0.3486,-0.6603,-0.1103,-5.9,16.92,-53.45,0.3958,1.11,299,96,False
S2_yoy,T3_zscore_1.5,P1_long_cash,7,0.2741,-0.1666,-0.0791,-0.0558,-0.45,2.7,-8.07,0.0104,0.39,299,96,False
S2_yoy,T3_zscore_1.5,P2_signal_strength,7,0.9821,0.6733,0.8843,0.4035,6.62,9.83,-16.41,0.6562,0.64,281,96,True
S2_yoy,T3_zscore_1.5,P3_long_short,7,-0.5562,-0.9587,-1.7201,-0.2086,-15.7,16.38,-75.28,0.3125,0.78,299,96,False
S2_yoy,T3_zscore_neg_1.5,P1_long_cash,7,0.0499,0.4893,0.0,2.0048,2.04,4.18,-1.02,0.0312,0.22,299,96,True
S2_yoy,T3_zscore_neg_1.5,P2_signal_strength,7,0.9821,0.6733,0.8843,0.4035,6.62,9.83,-16.41,0.6562,0.64,281,96,True
S2_yoy,T3_zscore_neg_1.5,P3_long_short,7,-0.6668,-0.6411,-1.209,-0.1697,-10.72,16.71,-63.13,0.3438,0.44,299,96,False
S2_yoy,T3_zscore_2.0,P1_long_cash,7,0.2298,-0.0326,-0.0,-0.0154,-0.08,2.49,-5.27,0.0104,0.17,299,96,False
S2_yoy,T3_zscore_2.0,P2_signal_strength,7,0.9821,0.6733,0.8843,0.4035,6.62,9.83,-16.41,0.6562,0.64,281,96,True
S2_yoy,T3_zscore_2.0,P3_long_short,7,-0.6789,-0.9104,-1.6282,-0.2028,-14.96,16.44,-73.78,0.3229,0.33,299,96,False
S2_yoy,T3_zscore_neg_2.0,P1_long_cash,7,0.0925,0.4893,0.0,2.0048,2.04,4.18,-1.02,0.0312,0.22,299,96,True
S2_yoy,T3_zscore_neg_2.0,P2_signal_strength,7,0.9821,0.6733,0.8843,0.4035,6.62,9.83,-16.41,0.6562,0.64,281,96,True
S2_yoy,T3_zscore_neg_2.0,P3_long_short,7,-0.6324,-0.6411,-1.209,-0.1697,-10.72,16.71,-63.13,0.3438,0.44,299,96,False
S2_yoy,T4_zero,P1_long_cash,7,0.7193,0.3239,0.3976,0.1604,3.84,11.85,-23.93,0.3542,0.53,299,96,True
S2_yoy,T4_zero,P2_signal_strength,7,0.9821,0.6733,0.8843,0.4035,6.62,9.83,-16.41,0.6562,0.64,281,96,True
S2_yoy,T4_zero,P3_long_short,7,0.5108,-0.4223,-0.744,-0.106,-7.13,16.88,-67.25,0.5,1.06,299,96,False
S2_yoy,T1_fixed_p25,P1_long_cash,8,0.6986,0.289,0.3905,0.1427,3.42,11.82,-23.93,0.3333,0.58,299,96,True
S2_yoy,T1_fixed_p25,P2_signal_strength,8,0.9017,0.6889,0.9247,0.403,6.99,10.14,-17.34,0.6667,0.63,280,96,True
S2_yoy,T1_fixed_p25,P3_long_short,8,0.4605,-0.4733,-0.8449,-0.1176,-7.97,16.84,-67.77,0.5,1.17,299,96,False
S2_yoy,T1_fixed_p50,P1_long_cash,8,0.5751,-0.084,-0.0945,-0.0375,-0.8,9.52,-21.32,0.125,1.39,299,96,False
S2_yoy,T1_fixed_p50,P2_signal_strength,8,0.9017,0.6889,0.9247,0.403,6.99,10.14,-17.34,0.6667,0.63,280,96,True
S2_yoy,T1_fixed_p50,P3_long_short,8,0.1008,-1.0049,-1.7603,-0.2154,-16.4,16.32,-76.15,0.3438,2.78,299,96,False
S2_yoy,T1_fixed_p75,P1_long_cash,8,0.5145,-0.1538,-0.1025,-0.0662,-0.86,5.59,-12.99,0.0417,0.72,299,96,False
S2_yoy,T1_fixed_p75,P2_signal_strength,8,0.9017,0.6889,0.9247,0.403,6.99,10.14,-17.34,0.6667,0.63,280,96,True
S2_yoy,T1_fixed_p75,P3_long_short,8,-0.1149,-1.0129,-1.7872,-0.215,-16.52,16.31,-76.86,0.3229,1.44,299,96,False
S2_yoy,T2_roll_p25,P1_long_cash,8,0.7894,0.7099,1.0165,0.4692,11.23,15.81,-23.93,0.5521,0.58,299,96,True
S2_yoy,T2_roll_p25,P2_signal_strength,8,0.9017,0.6889,0.9247,0.403,6.99,10.14,-17.34,0.6667,0.63,280,96,True
S2_yoy,T2_roll_p25,P3_long_short,8,0.5428,0.4539,0.7693,0.2398,7.65,16.86,-31.9,0.6042,1.17,299,96,True
S2_yoy,T2_roll_p50,P1_long_cash,8,0.6237,0.1109,0.1373,0.053,1.27,11.43,-23.93,0.2604,1.31,299,96,True
S2_yoy,T2_roll_p50,P2_signal_strength,8,0.9017,0.6889,0.9247,0.403,6.99,10.14,-17.34,0.6667,0.63,280,96,True
S2_yoy,T2_roll_p50,P3_long_short,8,0.061,-0.7379,-1.2957,-0.1692,-12.27,16.62,-72.52,0.4271,2.61,299,96,False
S2_yoy,T2_roll_p75,P1_long_cash,8,0.6382,-0.141,-0.1823,-0.0652,-1.3,9.23,-19.98,0.125,0.94,299,96,False
S2_yoy,T2_roll_p75,P2_signal_strength,8,0.9017,0.6889,0.9247,0.403,6.99,10.14,-17.34,0.6667,0.63,280,96,True
S2_yoy,T2_roll_p75,P3_long_short,8,-0.0885,-1.0722,-1.8837,-0.2208,-17.41,16.23,-78.85,0.3542,1.89,299,96,False
S2_yoy,T3_zscore_1.0,P1_long_cash,8,0.408,-0.0772,-0.063,-0.0417,-0.54,7.01,-12.99,0.0625,0.83,299,96,False
S2_yoy,T3_zscore_1.0,P2_signal_strength,8,0.9017,0.6889,0.9247,0.403,6.99,10.14,-17.34,0.6667,0.63,280,96,True
S2_yoy,T3_zscore_1.0,P3_long_short,8,-0.3898,-0.9706,-1.6713,-0.205,-15.88,16.36,-77.5,0.3333,1.67,299,96,False
S2_yoy,T3_zscore_neg_1.0,P1_long_cash,8,0.1153,0.7944,5.5115,2.8559,2.91,3.66,-1.02,0.0729,0.56,299,96,True
S2_yoy,T3_zscore_neg_1.0,P2_signal_strength,8,0.9017,0.6889,0.9247,0.403,6.99,10.14,-17.34,0.6667,0.63,280,96,True
S2_yoy,T3_zscore_neg_1.0,P3_long_short,8,-0.5879,-0.5346,-0.9433,-0.1557,-8.98,16.8,-57.67,0.375,1.11,299,96,False
S2_yoy,T3_zscore_1.5,P1_long_cash,8,0.1895,-0.2212,-0.0981,-0.0692,-0.56,2.52,-8.07,0.0104,0.39,299,96,False
S2_yoy,T3_zscore_1.5,P2_signal_strength,8,0.9017,0.6889,0.9247,0.403,6.99,10.14,-17.34,0.6667,0.63,280,96,True
S2_yoy,T3_zscore_1.5,P3_long_short,8,-0.6076,-0.9729,-1.7428,-0.2103,-15.92,16.36,-75.71,0.3125,0.78,299,96,False
S2_yoy,T3_zscore_neg_1.5,P1_long_cash,8,0.1101,0.5426,0.0,1.2274,1.25,2.31,-1.02,0.0312,0.22,299,96,True
S2_yoy,T3_zscore_neg_1.5,P2_signal_strength,8,0.9017,0.6889,0.9247,0.403,6.99,10.14,-17.34,0.6667,0.63,280,96,True
S2_yoy,T3_zscore_neg_1.5,P3_long_short,8,-0.6018,-0.74,-1.3099,-0.1821,-12.3,16.62,-67.55,0.3438,0.44,299,96,False
S2_yoy,T3_zscore_2.0,P1_long_cash,8,-0.1898,-0.4834,-0.1807,-0.1274,-1.03,2.13,-8.07,0.0,0.17,299,96,False
S2_yoy,T3_zscore_2.0,P2_signal_strength,8,0.9017,0.6889,0.9247,0.403,6.99,10.14,-17.34,0.6667,0.63,280,96,True
S2_yoy,T3_zscore_2.0,P3_long_short,8,-0.7997,-1.0354,-1.8598,-0.2176,-16.86,16.28,-77.47,0.3021,0.33,299,96,False
S2_yoy,T3_zscore_neg_2.0,P1_long_cash,8,0.0571,0.5426,0.0,1.2274,1.25,2.31,-1.02,0.0312,0.22,299,96,True
S2_yoy,T3_zscore_neg_2.0,P2_signal_strength,8,0.9017,0.6889,0.9247,0.403,6.99,10.14,-17.34,0.6667,0.63,280,96,True
S2_yoy,T3_zscore_neg_2.0,P3_long_short,8,-0.6625,-0.74,-1.3099,-0.1821,-12.3,16.62,-67.55,0.3438,0.44,299,96,False
S2_yoy,T4_zero,P1_long_cash,8,0.7095,0.2862,0.3712,0.1424,3.41,11.9,-23.93,0.3542,0.53,299,96,True
S2_yoy,T4_zero,P2_signal_strength,8,0.9017,0.6889,0.9247,0.403,6.99,10.14,-17.34,0.6667,0.63,280,96,True
S2_yoy,T4_zero,P3_long_short,8,0.4803,-0.4743,-0.8495,-0.1139,-7.99,16.84,-70.13,0.5,1.06,299,96,False
S2_yoy,T1_fixed_p25,P1_long_cash,9,0.6817,0.261,0.2978,0.1261,3.02,11.56,-23.93,0.3229,0.56,299,96,True
S2_yoy,T1_fixed_p25,P2_signal_strength,9,0.8994,0.6409,0.835,0.3682,6.49,10.13,-17.63,0.6667,0.63,279,96,True
S2_yoy,T1_fixed_p25,P3_long_short,9,0.431,-0.5217,-0.9209,-0.123,-8.77,16.81,-71.27,0.4688,1.11,299,96,False
S2_yoy,T1_fixed_p50,P1_long_cash,9,0.671,-0.1426,-0.1344,-0.0541,-1.34,9.43,-24.84,0.125,1.39,299,96,False
S2_yoy,T1_fixed_p50,P2_signal_strength,9,0.8994,0.6409,0.835,0.3682,6.49,10.13,-17.63,0.6667,0.63,279,96,True
S2_yoy,T1_fixed_p50,P3_long_short,9,0.2173,-1.0779,-1.8567,-0.2155,-17.49,16.23,-81.16,0.3438,2.78,299,96,False
S2_yoy,T1_fixed_p75,P1_long_cash,9,0.424,-0.2954,-0.1797,-0.0793,-1.66,5.62,-20.94,0.0417,0.72,299,96,False
S2_yoy,T1_fixed_p75,P2_signal_strength,9,0.8994,0.6409,0.835,0.3682,6.49,10.13,-17.63,0.6667,0.63,279,96,True
S2_yoy,T1_fixed_p75,P3_long_short,9,-0.2176,-1.1209,-1.9399,-0.2237,-18.12,16.17,-81.03,0.3229,1.44,299,96,False
S2_yoy,T2_roll_p25,P1_long_cash,9,0.7041,0.579,0.7913,0.3589,8.81,15.21,-24.54,0.5417,0.58,299,96,True
S2_yoy,T2_roll_p25,P2_signal_strength,9,0.8994,0.6409,0.835,0.3682,6.49,10.13,-17.63,0.6667,0.63,279,96,True
S2_yoy,T2_roll_p25,P3_long_short,9,0.3854,0.1656,0.2693,0.0537,2.81,16.98,-52.39,0.5833,1.17,299,96,True
S2_yoy,T2_roll_p50,P1_long_cash,9,0.6934,0.0182,0.0202,0.0084,0.2,11.12,-23.93,0.2396,1.31,299,96,True
S2_yoy,T2_roll_p50,P2_signal_strength,9,0.8994,0.6409,0.835,0.3682,6.49,10.13,-17.63,0.6667,0.63,279,96,True
S2_yoy,T2_roll_p50,P3_long_short,9,0.1297,-0.8737,-1.5116,-0.1878,-14.4,16.48,-76.66,0.3958,2.61,299,96,False
S2_yoy,T2_roll_p75,P1_long_cash,9,0.6197,-0.2211,-0.233,-0.0835,-2.14,9.66,-25.59,0.1146,0.94,299,96,False
S2_yoy,T2_roll_p75,P2_signal_strength,9,0.8994,0.6409,0.835,0.3682,6.49,10.13,-17.63,0.6667,0.63,279,96,True
S2_yoy,T2_roll_p75,P3_long_short,9,-0.0892,-1.1866,-2.0202,-0.2362,-19.08,16.08,-80.75,0.3333,1.89,299,96,False
S2_yoy,T3_zscore_1.0,P1_long_cash,9,0.5829,-0.0496,-0.0341,-0.0371,-0.33,6.59,-8.8,0.0729,0.83,299,96,False
S2_yoy,T3_zscore_1.0,P2_signal_strength,9,0.8994,0.6409,0.835,0.3682,6.49,10.13,-17.63,0.6667,0.63,279,96,True
S2_yoy,T3_zscore_1.0,P3_long_short,9,-0.219,-0.9424,-1.6527,-0.2064,-15.46,16.4,-74.88,0.3542,1.67,299,96,False
S2_yoy,T3_zscore_neg_1.0,P1_long_cash,9,0.0483,0.8789,0.0,3.5005,3.57,4.06,-1.02,0.0833,0.56,299,96,True
S2_yoy,T3_zscore_neg_1.0,P2_signal_strength,9,0.8994,0.6409,0.835,0.3682,6.49,10.13,-17.63,0.6667,0.63,279,96,True
S2_yoy,T3_zscore_neg_1.0,P3_long_short,9,-0.6644,-0.4549,-0.8075,-0.1435,-7.67,16.86,-53.45,0.3958,1.11,299,96,False
S2_yoy,T3_zscore_1.5,P1_long_cash,9,0.3151,-0.2814,-0.0698,-0.1135,-1.0,3.54,-8.78,0.0104,0.39,299,96,False
S2_yoy,T3_zscore_1.5,P2_signal_strength,9,0.8994,0.6409,0.835,0.3682,6.49,10.13,-17.63,0.6667,0.63,279,96,True
S2_yoy,T3_zscore_1.5,P3_long_short,9,-0.5247,-1.0311,-1.7958,-0.2171,-16.79,16.29,-77.36,0.3125,0.78,299,96,False
S2_yoy,T3_zscore_neg_1.5,P1_long_cash,9,0.0596,0.5449,0.0,1.422,1.45,2.66,-1.02,0.0312,0.22,299,96,True
S2_yoy,T3_zscore_neg_1.5,P2_signal_strength,9,0.8994,0.6409,0.835,0.3682,6.49,10.13,-17.63,0.6667,0.63,279,96,True
S2_yoy,T3_zscore_neg_1.5,P3_long_short,9,-0.6539,-0.7151,-1.2707,-0.179,-11.9,16.65,-66.5,0.3438,0.44,299,96,False
S2_yoy,T3_zscore_2.0,P1_long_cash,9,-0.0832,0.0594,0.0,0.0342,0.1,1.7,-2.95,0.0104,0.17,299,96,True
S2_yoy,T3_zscore_2.0,P2_signal_strength,9,0.8994,0.6409,0.835,0.3682,6.49,10.13,-17.63,0.6667,0.63,279,96,True
S2_yoy,T3_zscore_2.0,P3_long_short,9,-0.7572,-0.8867,-1.5895,-0.2,-14.6,16.47,-73.0,0.3229,0.33,299,96,False
S2_yoy,T3_zscore_neg_2.0,P1_long_cash,9,0.1833,0.5449,0.0,1.422,1.45,2.66,-1.02,0.0312,0.22,299,96,True
S2_yoy,T3_zscore_neg_2.0,P2_signal_strength,9,0.8994,0.6409,0.835,0.3682,6.49,10.13,-17.63,0.6667,0.63,279,96,True
S2_yoy,T3_zscore_neg_2.0,P3_long_short,9,-0.5394,-0.7151,-1.2707,-0.179,-11.9,16.65,-66.5,0.3438,0.44,299,96,False
S2_yoy,T4_zero,P1_long_cash,9,0.6752,0.294,0.3473,0.1486,3.56,12.11,-23.96,0.3333,0.53,299,96,True
S2_yoy,T4_zero,P2_signal_strength,9,0.8994,0.6409,0.835,0.3682,6.49,10.13,-17.63,0.6667,0.63,279,96,True
S2_yoy,T4_zero,P3_long_short,9,0.4414,-0.4557,-0.8186,-0.112,-7.68,16.86,-68.62,0.4583,1.06,299,96,False
S2_yoy,T1_fixed_p25,P1_long_cash,10,0.6339,0.3496,0.4044,0.2025,4.1,11.73,-20.25,0.3229,0.53,299,96,True
S2_yoy,T1_fixed_p25,P2_signal_strength,10,0.8293,0.6607,0.8536,0.3914,6.72,10.17,-17.17,0.6562,0.64,278,96,True
S2_yoy,T1_fixed_p25,P3_long_short,10,0.3633,-0.3908,-0.6801,-0.1045,-6.6,16.89,-63.16,0.4792,1.06,299,96,False
S2_yoy,T1_fixed_p50,P1_long_cash,10,0.6399,0.0047,0.0047,0.0023,0.05,9.91,-20.25,0.1354,1.39,299,96,True
S2_yoy,T1_fixed_p50,P2_signal_strength,10,0.8293,0.6607,0.8536,0.3914,6.72,10.17,-17.17,0.6562,0.64,278,96,True
S2_yoy,T1_fixed_p50,P3_long_short,10,0.2155,-0.8938,-1.5424,-0.2024,-14.71,16.46,-72.69,0.3646,2.78,299,96,False
S2_yoy,T1_fixed_p75,P1_long_cash,10,0.394,0.0476,0.0209,0.0178,0.29,6.04,-16.11,0.0521,0.72,299,96,True
S2_yoy,T1_fixed_p75,P2_signal_strength,10,0.8293,0.6607,0.8536,0.3914,6.72,10.17,-17.17,0.6562,0.64,278,96,True
S2_yoy,T1_fixed_p75,P3_long_short,10,-0.2576,-0.8627,-1.5358,-0.1971,-14.23,16.49,-72.19,0.3438,1.44,299,96,False
S2_yoy,T2_roll_p25,P1_long_cash,10,0.7419,0.686,0.9233,0.5155,10.44,15.22,-20.25,0.5521,0.58,299,96,True
S2_yoy,T2_roll_p25,P2_signal_strength,10,0.8293,0.6607,0.8536,0.3914,6.72,10.17,-17.17,0.6562,0.64,278,96,True
S2_yoy,T2_roll_p25,P3_long_short,10,0.4418,0.3592,0.5665,0.1478,6.07,16.91,-41.09,0.6042,1.17,299,96,True
S2_yoy,T2_roll_p50,P1_long_cash,10,0.5648,0.2493,0.2511,0.1363,2.76,11.07,-20.25,0.25,1.31,299,96,True
S2_yoy,T2_roll_p50,P2_signal_strength,10,0.8293,0.6607,0.8536,0.3914,6.72,10.17,-17.17,0.6562,0.64,278,96,True
S2_yoy,T2_roll_p50,P3_long_short,10,0.0584,-0.5529,-0.9538,-0.138,-9.28,16.79,-67.28,0.4271,2.61,299,96,False
S2_yoy,T2_roll_p75,P1_long_cash,10,0.5312,-0.047,-0.0464,-0.0228,-0.46,9.81,-20.25,0.125,0.94,299,96,False
S2_yoy,T2_roll_p75,P2_signal_strength,10,0.8293,0.6607,0.8536,0.3914,6.72,10.17,-17.17,0.6562,0.64,278,96,True
S2_yoy,T2_roll_p75,P3_long_short,10,-0.1488,-0.9601,-1.665,-0.2102,-15.72,16.38,-74.82,0.3542,1.89,299,96,False
S2_yoy,T3_zscore_1.0,P1_long_cash,10,0.4809,-0.0018,-0.001,-0.0007,-0.01,6.54,-16.11,0.0729,0.83,299,96,False
S2_yoy,T3_zscore_1.0,P2_signal_strength,10,0.8293,0.6607,0.8536,0.3914,6.72,10.17,-17.17,0.6562,0.64,278,96,True
S2_yoy,T3_zscore_1.0,P3_long_short,10,-0.3371,-0.9014,-1.569,-0.1915,-14.83,16.45,-77.41,0.3542,1.67,299,96,False
S2_yoy,T3_zscore_neg_1.0,P1_long_cash,10,0.2801,0.3873,0.3973,0.2823,1.49,3.84,-5.27,0.0729,0.56,299,96,True
S2_yoy,T3_zscore_neg_1.0,P2_signal_strength,10,0.8293,0.6607,0.8536,0.3914,6.72,10.17,-17.17,0.6562,0.64,278,96,True
S2_yoy,T3_zscore_neg_1.0,P3_long_short,10,-0.3961,-0.7101,-1.2636,-0.1784,-11.82,16.65,-66.29,0.375,1.11,299,96,False
S2_yoy,T3_zscore_1.5,P1_long_cash,10,0.3382,-0.1767,-0.0,-0.0682,-0.6,3.39,-8.78,0.0208,0.39,299,96,False
S2_yoy,T3_zscore_1.5,P2_signal_strength,10,0.8293,0.6607,0.8536,0.3914,6.72,10.17,-17.17,0.6562,0.64,278,96,True
S2_yoy,T3_zscore_1.5,P3_long_short,10,-0.4993,-0.9783,-1.7119,-0.2109,-16.0,16.36,-75.87,0.3333,0.78,299,96,False
S2_yoy,T3_zscore_neg_1.5,P1_long_cash,10,0.1976,0.6296,0.0,0.0,1.66,2.63,0.0,0.0417,0.22,299,96,True
S2_yoy,T3_zscore_neg_1.5,P2_signal_strength,10,0.8293,0.6607,0.8536,0.3914,6.72,10.17,-17.17,0.6562,0.64,278,96,True
S2_yoy,T3_zscore_neg_1.5,P3_long_short,10,-0.5121,-0.6889,-1.2313,-0.1757,-11.49,16.67,-65.36,0.3646,0.44,299,96,False
S2_yoy,T3_zscore_2.0,P1_long_cash,10,0.3463,-0.1851,-0.0,-0.0715,-0.63,3.39,-8.78,0.0104,0.17,299,96,False
S2_yoy,T3_zscore_2.0,P2_signal_strength,10,0.8293,0.6607,0.8536,0.3914,6.72,10.17,-17.17,0.6562,0.64,278,96,True
S2_yoy,T3_zscore_2.0,P3_long_short,10,-0.5935,-0.982,-1.7055,-0.2113,-16.06,16.35,-75.98,0.3229,0.33,299,96,False
S2_yoy,T3_zscore_neg_2.0,P1_long_cash,10,0.3427,0.6296,0.0,0.0,1.66,2.63,0.0,0.0417,0.22,299,96,True
S2_yoy,T3_zscore_neg_2.0,P2_signal_strength,10,0.8293,0.6607,0.8536,0.3914,6.72,10.17,-17.17,0.6562,0.64,278,96,True
S2_yoy,T3_zscore_neg_2.0,P3_long_short,10,-0.4028,-0.6889,-1.2313,-0.1757,-11.49,16.67,-65.36,0.3646,0.44,299,96,False
S2_yoy,T4_zero,P1_long_cash,10,0.5777,0.2792,0.337,0.1307,3.41,12.21,-26.08,0.3333,0.53,299,96,True
S2_yoy,T4_zero,P2_signal_strength,10,0.8293,0.6607,0.8536,0.3914,6.72,10.17,-17.17,0.6562,0.64,278,96,True
S2_yoy,T4_zero,P3_long_short,10,0.2876,-0.474,-0.8126,-0.1301,-7.98,16.84,-61.35,0.4688,1.06,299,96,False
S2_yoy,T1_fixed_p25,P1_long_cash,11,0.5471,0.2312,0.2557,0.1138,2.71,11.73,-23.83,0.3021,0.47,299,96,True
S2_yoy,T1_fixed_p25,P2_signal_strength,11,0.8465,0.6164,0.7555,0.3461,6.31,10.24,-18.24,0.6562,0.64,277,96,True
S2_yoy,T1_fixed_p25,P3_long_short,11,0.2253,-0.5588,-0.9446,-0.1378,-9.38,16.78,-68.06,0.4583,0.94,299,96,False
S2_yoy,T1_fixed_p50,P1_long_cash,11,0.5228,0.4129,0.3101,0.1799,3.64,8.82,-20.25,0.1667,1.39,299,96,True
S2_yoy,T1_fixed_p50,P2_signal_strength,11,0.8465,0.6164,0.7555,0.3461,6.31,10.24,-18.24,0.6562,0.64,277,96,True
S2_yoy,T1_fixed_p50,P3_long_short,11,0.0368,-0.4459,-0.787,-0.1028,-7.52,16.86,-73.16,0.4271,2.78,299,96,False
S2_yoy,T1_fixed_p75,P1_long_cash,11,0.5205,-0.305,-0.1533,-0.1079,-1.74,5.7,-16.11,0.0312,0.72,299,96,False
S2_yoy,T1_fixed_p75,P2_signal_strength,11,0.8465,0.6164,0.7555,0.3461,6.31,10.24,-18.24,0.6562,0.64,277,96,True
S2_yoy,T1_fixed_p75,P3_long_short,11,-0.1207,-1.1317,-2.0144,-0.2288,-18.28,16.15,-79.9,0.3021,1.44,299,96,False
S2_yoy,T2_roll_p25,P1_long_cash,11,0.6514,0.726,0.9987,0.5178,11.19,15.41,-21.61,0.5625,0.58,299,96,True
S2_yoy,T2_roll_p25,P2_signal_strength,11,0.8465,0.6164,0.7555,0.3461,6.31,10.24,-18.24,0.6562,0.64,277,96,True
S2_yoy,T2_roll_p25,P3_long_short,11,0.3075,0.4496,0.6963,0.1719,7.58,16.86,-44.09,0.625,1.17,299,96,True
S2_yoy,T2_roll_p50,P1_long_cash,11,0.6382,0.3017,0.3237,0.1687,3.42,11.32,-20.25,0.25,1.31,299,96,True
S2_yoy,T2_roll_p50,P2_signal_strength,11,0.8465,0.6164,0.7555,0.3461,6.31,10.24,-18.24,0.6562,0.64,277,96,True
S2_yoy,T2_roll_p50,P3_long_short,11,0.1274,-0.4733,-0.8018,-0.1194,-7.97,16.84,-66.79,0.4375,2.61,299,96,False
S2_yoy,T2_roll_p75,P1_long_cash,11,0.6443,0.2032,0.1651,0.0933,1.89,9.3,-20.25,0.1458,0.94,299,96,True
S2_yoy,T2_roll_p75,P2_signal_strength,11,0.8465,0.6164,0.7555,0.3461,6.31,10.24,-18.24,0.6562,0.64,277,96,True
S2_yoy,T2_roll_p75,P3_long_short,11,-0.0993,-0.6602,-1.1462,-0.149,-11.02,16.7,-74.01,0.3958,1.89,299,96,False
S2_yoy,T3_zscore_1.0,P1_long_cash,11,0.5114,0.1105,0.0473,0.0402,0.65,5.87,-16.11,0.0833,0.83,299,96,True
S2_yoy,T3_zscore_1.0,P2_signal_strength,11,0.8465,0.6164,0.7555,0.3461,6.31,10.24,-18.24,0.6562,0.64,277,96,True
S2_yoy,T3_zscore_1.0,P3_long_short,11,-0.2774,-0.8164,-1.4379,-0.1806,-13.51,16.54,-74.8,0.375,1.67,299,96,False
S2_yoy,T3_zscore_neg_1.0,P1_long_cash,11,0.2611,0.2762,0.2541,0.1345,1.01,3.64,-7.47,0.0625,0.56,299,96,True
S2_yoy,T3_zscore_neg_1.0,P2_signal_strength,11,0.8465,0.6164,0.7555,0.3461,6.31,10.24,-18.24,0.6562,0.64,277,96,True
S2_yoy,T3_zscore_neg_1.0,P3_long_short,11,-0.4289,-0.771,-1.3845,-0.1859,-12.79,16.59,-68.8,0.3542,1.11,299,96,False
S2_yoy,T3_zscore_1.5,P1_long_cash,11,0.3709,-0.4955,-1.6147,-0.1303,-2.1,4.24,-16.11,0.0104,0.39,299,96,False
S2_yoy,T3_zscore_1.5,P2_signal_strength,11,0.8465,0.6164,0.7555,0.3461,6.31,10.24,-18.24,0.6562,0.64,277,96,True
S2_yoy,T3_zscore_1.5,P3_long_short,11,-0.473,-1.1815,-2.0263,-0.2345,-19.0,16.08,-81.03,0.3125,0.78,299,96,False
S2_yoy,T3_zscore_neg_1.5,P1_long_cash,11,0.298,0.6186,0.0,0.0,1.59,2.57,0.0,0.0417,0.22,299,96,True
S2_yoy,T3_zscore_neg_1.5,P2_signal_strength,11,0.8465,0.6164,0.7555,0.3461,6.31,10.24,-18.24,0.6562,0.64,277,96,True
S2_yoy,T3_zscore_neg_1.5,P3_long_short,11,-0.429,-0.6973,-1.2479,-0.1768,-11.62,16.66,-65.73,0.3646,0.44,299,96,False
S2_yoy,T3_zscore_2.0,P1_long_cash,11,0.3396,-0.3443,-0.0,-0.1218,-1.07,3.1,-8.78,0.0104,0.17,299,96,False
S2_yoy,T3_zscore_2.0,P2_signal_strength,11,0.8465,0.6164,0.7555,0.3461,6.31,10.24,-18.24,0.6562,0.64,277,96,True
S2_yoy,T3_zscore_2.0,P3_long_short,11,-0.61,-1.0408,-1.8267,-0.2182,-16.94,16.28,-77.62,0.3229,0.33,299,96,False
S2_yoy,T3_zscore_neg_2.0,P1_long_cash,11,0.2524,0.6186,0.0,0.0,1.59,2.57,0.0,0.0417,0.22,299,96,True
S2_yoy,T3_zscore_neg_2.0,P2_signal_strength,11,0.8465,0.6164,0.7555,0.3461,6.31,10.24,-18.24,0.6562,0.64,277,96,True
S2_yoy,T3_zscore_neg_2.0,P3_long_short,11,-0.4886,-0.6973,-1.2479,-0.1768,-11.62,16.66,-65.73,0.3646,0.44,299,96,False
S2_yoy,T4_zero,P1_long_cash,11,0.5613,0.1652,0.1811,0.0645,2.15,13.01,-33.34,0.3229,0.53,299,96,True
S2_yoy,T4_zero,P2_signal_strength,11,0.8465,0.6164,0.7555,0.3461,6.31,10.24,-18.24,0.6562,0.64,277,96,True
S2_yoy,T4_zero,P3_long_short,11,0.2593,-0.6279,-1.0139,-0.1542,-10.5,16.73,-68.09,0.4583,1.06,299,96,False
S2_yoy,T1_fixed_p25,P1_long_cash,12,0.5735,0.1594,0.1691,0.0571,2.04,12.8,-35.76,0.3021,0.44,299,96,True
S2_yoy,T1_fixed_p25,P2_signal_strength,12,0.8096,0.5945,0.7185,0.3266,6.29,10.57,-19.25,0.6562,0.64,276,96,True
S2_yoy,T1_fixed_p25,P3_long_short,12,0.2831,-0.6414,-1.0242,-0.1531,-10.72,16.71,-70.01,0.4583,0.89,299,96,False
S2_yoy,T1_fixed_p50,P1_long_cash,12,0.4505,0.0876,0.0791,0.0582,0.75,8.6,-12.95,0.1562,1.39,299,96,True
S2_yoy,T1_fixed_p50,P2_signal_strength,12,0.8096,0.5945,0.7185,0.3266,6.29,10.57,-19.25,0.6562,0.64,276,96,True
S2_yoy,T1_fixed_p50,P3_long_short,12,-0.0367,-0.8029,-1.389,-0.1907,-13.3,16.56,-69.74,0.4062,2.78,299,96,False
S2_yoy,T1_fixed_p75,P1_long_cash,12,0.4681,-0.0903,-0.0563,-0.0412,-0.53,5.92,-12.95,0.0521,0.72,299,96,False
S2_yoy,T1_fixed_p75,P2_signal_strength,12,0.8096,0.5945,0.7185,0.3266,6.29,10.57,-19.25,0.6562,0.64,276,96,True
S2_yoy,T1_fixed_p75,P3_long_short,12,-0.1724,-0.9697,-1.7073,-0.2099,-15.87,16.37,-75.62,0.3438,1.44,299,96,False
S2_yoy,T2_roll_p25,P1_long_cash,12,0.6154,0.6931,0.9667,0.4727,10.68,15.42,-22.6,0.5521,0.58,299,96,True
S2_yoy,T2_roll_p25,P2_signal_strength,12,0.8096,0.5945,0.7185,0.3266,6.29,10.57,-19.25,0.6562,0.64,276,96,True
S2_yoy,T2_roll_p25,P3_long_short,12,0.2616,0.3886,0.6199,0.1476,6.57,16.89,-44.47,0.6042,1.17,299,96,True
S2_yoy,T2_roll_p50,P1_long_cash,12,0.6409,0.2536,0.2515,0.1057,2.81,11.09,-26.59,0.25,1.28,299,96,True
S2_yoy,T2_roll_p50,P2_signal_strength,12,0.8096,0.5945,0.7185,0.3266,6.29,10.57,-19.25,0.6562,0.64,276,96,True
S2_yoy,T2_roll_p50,P3_long_short,12,0.14,-0.5466,-0.9266,-0.1395,-9.18,16.79,-65.81,0.4375,2.56,299,96,False
S2_yoy,T2_roll_p75,P1_long_cash,12,0.5792,0.1483,0.14,0.103,1.33,8.99,-12.95,0.1458,0.94,299,96,True
S2_yoy,T2_roll_p75,P2_signal_strength,12,0.8096,0.5945,0.7185,0.3266,6.29,10.57,-19.25,0.6562,0.64,276,96,True
S2_yoy,T2_roll_p75,P3_long_short,12,-0.1511,-0.7296,-1.2763,-0.1733,-12.14,16.63,-70.01,0.3958,1.89,299,96,False
S2_yoy,T3_zscore_1.0,P1_long_cash,12,0.4157,-0.1912,-0.1178,-0.0821,-1.21,6.34,-14.75,0.0625,0.83,299,96,False
S2_yoy,T3_zscore_1.0,P2_signal_strength,12,0.8096,0.5945,0.7185,0.3266,6.29,10.57,-19.25,0.6562,0.64,276,96,True
S2_yoy,T3_zscore_1.0,P3_long_short,12,-0.3578,-1.0601,-1.8645,-0.2218,-17.23,16.25,-77.67,0.3333,1.67,299,96,False
S2_yoy,T3_zscore_neg_1.0,P1_long_cash,12,0.3827,0.6919,0.0,0.8207,3.83,5.53,-4.66,0.0833,0.56,299,96,True
S2_yoy,T3_zscore_neg_1.0,P2_signal_strength,12,0.8096,0.5945,0.7185,0.3266,6.29,10.57,-19.25,0.6562,0.64,276,96,True
S2_yoy,T3_zscore_neg_1.0,P3_long_short,12,-0.3002,-0.4239,-0.8073,-0.1338,-7.15,16.87,-53.45,0.3958,1.11,299,96,False
S2_yoy,T3_zscore_1.5,P1_long_cash,12,0.3203,0.0338,0.0,0.018,0.15,4.39,-8.25,0.0208,0.39,299,96,True
S2_yoy,T3_zscore_1.5,P2_signal_strength,12,0.8096,0.5945,0.7185,0.3266,6.29,10.57,-19.25,0.6562,0.64,276,96,True
S2_yoy,T3_zscore_1.5,P3_long_short,12,-0.5065,-0.8806,-1.6096,-0.1993,-14.51,16.47,-72.79,0.3333,0.78,299,96,False
S2_yoy,T3_zscore_neg_1.5,P1_long_cash,12,0.2629,0.6047,0.0,0.0,1.33,2.2,0.0,0.0417,0.22,299,96,True
S2_yoy,T3_zscore_neg_1.5,P2_signal_strength,12,0.8096,0.5945,0.7185,0.3266,6.29,10.57,-19.25,0.6562,0.64,276,96,True
S2_yoy,T3_zscore_neg_1.5,P3_long_short,12,-0.4663,-0.7302,-1.3071,-0.1809,-12.14,16.63,-67.14,0.3646,0.44,299,96,False
S2_yoy,T3_zscore_2.0,P1_long_cash,12,0.3095,-0.3436,-0.0,-0.1216,-1.0,2.92,-8.25,0.0104,0.17,299,96,False
S2_yoy,T3_zscore_2.0,P2_signal_strength,12,0.8096,0.5945,0.7185,0.3266,6.29,10.57,-19.25,0.6562,0.64,276,96,True
S2_yoy,T3_zscore_2.0,P3_long_short,12,-0.6401,-1.0319,-1.8219,-0.2172,-16.81,16.29,-77.38,0.3229,0.33,299,96,False
S2_yoy,T3_zscore_neg_2.0,P1_long_cash,12,0.106,0.6047,0.0,0.0,1.33,2.2,0.0,0.0417,0.22,299,96,True
S2_yoy,T3_zscore_neg_2.0,P2_signal_strength,12,0.8096,0.5945,0.7185,0.3266,6.29,10.57,-19.25,0.6562,0.64,276,96,True
S2_yoy,T3_zscore_neg_2.0,P3_long_short,12,-0.6277,-0.7302,-1.3071,-0.1809,-12.14,16.63,-67.14,0.3646,0.44,299,96,False
S2_yoy,T4_zero,P1_long_cash,12,0.6059,0.3579,0.4073,0.1781,4.92,13.73,-27.6,0.3438,0.5,299,96,True
S2_yoy,T4_zero,P2_signal_strength,12,0.8096,0.5945,0.7185,0.3266,6.29,10.57,-19.25,0.6562,0.64,276,96,True
S2_yoy,T4_zero,P3_long_short,12,0.3523,-0.2934,-0.5034,-0.0874,-4.97,16.94,-56.9,0.5,1.0,299,96,False
S3_mom,T1_fixed_p25,P1_long_cash,0,0.938,0.5307,0.6231,0.2616,7.06,13.3,-26.97,0.4583,3.42,299,96,True
S3_mom,T1_fixed_p25,P2_signal_strength,0,0.993,0.8674,1.2983,0.5161,8.47,9.76,-16.4,0.6458,2.21,299,96,True
S3_mom,T1_fixed_p25,P3_long_short,0,0.72,-0.0406,-0.0634,-0.0139,-0.69,17.0,-49.6,0.5625,6.83,299,96,False
S3_mom,T1_fixed_p50,P1_long_cash,0,0.731,0.6564,0.4452,0.4877,6.09,9.28,-12.49,0.2812,5.64,299,96,True
S3_mom,T1_fixed_p50,P2_signal_strength,0,0.993,0.8674,1.2983,0.5161,8.47,9.76,-16.4,0.6458,2.21,299,96,True
S3_mom,T1_fixed_p50,P3_long_short,0,0.1987,-0.1544,-0.2468,-0.0659,-2.62,16.98,-39.8,0.5104,11.28,299,96,False
S3_mom,T1_fixed_p75,P1_long_cash,0,0.2794,0.5912,0.4439,0.355,4.44,7.52,-12.52,0.1562,4.56,299,96,True
S3_mom,T1_fixed_p75,P2_signal_strength,0,0.993,0.8674,1.2983,0.5161,8.47,9.76,-16.4,0.6458,2.21,299,96,True
S3_mom,T1_fixed_p75,P3_long_short,0,-0.4589,-0.3498,-0.6317,-0.1103,-5.92,16.91,-53.66,0.4062,9.11,299,96,False
S3_mom,T2_roll_p25,P1_long_cash,0,0.9005,0.5476,0.6584,0.275,7.42,13.55,-26.97,0.4896,3.47,299,96,True
S3_mom,T2_roll_p25,P2_signal_strength,0,0.993,0.8674,1.2983,0.5161,8.47,9.76,-16.4,0.6458,2.21,299,96,True
S3_mom,T2_roll_p25,P3_long_short,0,0.6287,0.0019,0.003,0.0008,0.03,17.0,-43.87,0.5625,6.94,299,96,True
S3_mom,T2_roll_p50,P1_long_cash,0,0.7572,0.727,0.6583,0.6434,8.04,11.06,-12.5,0.375,4.97,299,96,True
S3_mom,T2_roll_p50,P2_signal_strength,0,0.993,0.8674,1.2983,0.5161,8.47,9.76,-16.4,0.6458,2.21,299,96,True
S3_mom,T2_roll_p50,P3_long_short,0,0.1961,0.0754,0.1186,0.0345,1.28,17.0,-37.15,0.5625,9.94,299,96,True
S3_mom,T2_roll_p75,P1_long_cash,0,0.0954,0.4107,0.2292,0.2615,3.27,7.95,-12.49,0.1562,3.94,299,96,True
S3_mom,T2_roll_p75,P2_signal_strength,0,0.993,0.8674,1.2983,0.5161,8.47,9.76,-16.4,0.6458,2.21,299,96,True
S3_mom,T2_roll_p75,P3_long_short,0,-0.6345,-0.4914,-0.8455,-0.135,-8.27,16.83,-61.26,0.4062,7.89,299,96,False
S3_mom,T3_zscore_1.0,P1_long_cash,0,0.2091,0.949,0.0,0.0,3.94,4.15,0.0,0.0938,2.39,299,96,True
S3_mom,T3_zscore_1.0,P2_signal_strength,0,0.993,0.8674,1.2983,0.5161,8.47,9.76,-16.4,0.6458,2.21,299,96,True
S3_mom,T3_zscore_1.0,P3_long_short,0,-0.576,-0.4101,-0.7309,-0.1213,-6.92,16.88,-57.09,0.4167,4.78,299,96,False
S3_mom,T3_zscore_neg_1.0,P1_long_cash,0,-0.2372,0.3272,0.5621,0.1987,2.12,6.48,-10.67,0.0729,2.11,299,96,True
S3_mom,T3_zscore_neg_1.0,P2_signal_strength,0,0.993,0.8674,1.2983,0.5161,8.47,9.76,-16.4,0.6458,2.21,299,96,True
S3_mom,T3_zscore_neg_1.0,P3_long_short,0,-1.014,-0.6317,-1.2065,-0.1674,-10.56,16.72,-63.1,0.375,4.22,299,96,False
S3_mom,T3_zscore_1.5,P1_long_cash,0,0.4294,0.5773,0.0,0.0,1.91,3.31,0.0,0.0312,0.83,299,96,True
S3_mom,T3_zscore_1.5,P2_signal_strength,0,0.993,0.8674,1.2983,0.5161,8.47,9.76,-16.4,0.6458,2.21,299,96,True
S3_mom,T3_zscore_1.5,P3_long_short,0,-0.5643,-0.6573,-1.1891,-0.1673,-10.98,16.7,-65.63,0.3542,1.67,299,96,False
S3_mom,T3_zscore_neg_1.5,P1_long_cash,0,-0.5595,0.6345,0.0,0.0,3.27,5.16,0.0,0.0521,1.06,299,96,True
S3_mom,T3_zscore_neg_1.5,P2_signal_strength,0,0.993,0.8674,1.2983,0.5161,8.47,9.76,-16.4,0.6458,2.21,299,96,True
S3_mom,T3_zscore_neg_1.5,P3_long_short,0,-1.3045,-0.4903,-0.9666,-0.1345,-8.25,16.83,-61.35,0.375,2.11,299,96,False
S3_mom,T3_zscore_2.0,P1_long_cash,0,0.4452,0.4634,0.0,0.0,1.04,2.24,0.0,0.0208,0.44,299,96,True
S3_mom,T3_zscore_2.0,P2_signal_strength,0,0.993,0.8674,1.2983,0.5161,8.47,9.76,-16.4,0.6458,2.21,299,96,True
S3_mom,T3_zscore_2.0,P3_long_short,0,-0.5947,-0.7666,-1.3739,-0.1815,-12.72,16.6,-70.11,0.3438,0.89,299,96,False
S3_mom,T3_zscore_neg_2.0,P1_long_cash,0,-0.4066,0.4568,0.0,0.0,2.18,4.78,0.0,0.0208,0.39,299,96,True
S3_mom,T3_zscore_neg_2.0,P2_signal_strength,0,0.993,0.8674,1.2983,0.5161,8.47,9.76,-16.4,0.6458,2.21,299,96,True
S3_mom,T3_zscore_neg_2.0,P3_long_short,0,-1.0246,-0.6238,-1.2348,-0.1613,-10.44,16.73,-64.71,0.3438,0.78,299,96,False
S3_mom,T4_zero,P1_long_cash,0,0.9729,0.7673,0.7819,0.6044,9.13,11.9,-15.11,0.4271,4.92,299,96,True
S3_mom,T4_zero,P2_signal_strength,0,0.993,0.8674,1.2983,0.5161,8.47,9.76,-16.4,0.6458,2.21,299,96,True
S3_mom,T4_zero,P3_long_short,0,0.6327,0.2037,0.3248,0.1269,3.46,16.97,-27.24,0.5938,9.83,299,96,True
S3_mom,T1_fixed_p25,P1_long_cash,1,1.013,0.6588,0.9235,0.4299,9.22,13.99,-21.44,0.4479,3.42,299,96,True
S3_mom,T1_fixed_p25,P2_signal_strength,1,0.9894,0.8833,1.5027,0.5231,8.8,9.97,-16.83,0.6458,2.22,298,96,True
S3_mom,T1_fixed_p25,P3_long_short,1,0.8537,0.2138,0.4438,0.1287,3.63,16.97,-28.2,0.5417,6.83,299,96,True
S3_mom,T1_fixed_p50,P1_long_cash,1,0.6284,0.4922,0.4978,0.3298,4.55,9.25,-13.81,0.25,5.61,299,96,True
S3_mom,T1_fixed_p50,P2_signal_strength,1,0.9894,0.8833,1.5027,0.5231,8.8,9.97,-16.83,0.6458,2.22,298,96,True
S3_mom,T1_fixed_p50,P3_long_short,1,0.0875,-0.3367,-0.6405,-0.0997,-5.7,16.92,-57.13,0.4375,11.22,299,96,False
S3_mom,T1_fixed_p75,P1_long_cash,1,0.7321,0.0016,0.0012,0.0006,0.01,6.9,-18.66,0.1354,4.56,299,96,True
S3_mom,T1_fixed_p75,P2_signal_strength,1,0.9894,0.8833,1.5027,0.5231,8.8,9.97,-16.83,0.6458,2.22,298,96,True
S3_mom,T1_fixed_p75,P3_long_short,1,-0.0428,-0.8984,-1.5821,-0.2029,-14.78,16.45,-72.84,0.3646,9.11,299,96,False
S3_mom,T2_roll_p25,P1_long_cash,1,0.8986,0.6722,1.0036,0.4686,9.95,14.8,-21.24,0.4896,3.47,299,96,True
S3_mom,T2_roll_p25,P2_signal_strength,1,0.9894,0.8833,1.5027,0.5231,8.8,9.97,-16.83,0.6458,2.22,298,96,True
S3_mom,T2_roll_p25,P3_long_short,1,0.6469,0.3012,0.6013,0.1765,5.1,16.94,-28.91,0.5625,6.94,299,96,True
S3_mom,T2_roll_p50,P1_long_cash,1,0.6554,0.5411,0.6323,0.2847,6.15,11.36,-21.6,0.3333,4.97,299,96,True
S3_mom,T2_roll_p50,P2_signal_strength,1,0.9894,0.8833,1.5027,0.5231,8.8,9.97,-16.83,0.6458,2.22,298,96,True
S3_mom,T2_roll_p50,P3_long_short,1,0.107,-0.1474,-0.2849,-0.0584,-2.5,16.99,-42.87,0.4792,9.94,299,96,False
S3_mom,T2_roll_p75,P1_long_cash,1,0.6016,0.5374,0.5108,0.3839,4.04,7.52,-10.53,0.1458,3.94,299,96,True
S3_mom,T2_roll_p75,P2_signal_strength,1,0.9894,0.8833,1.5027,0.5231,8.8,9.97,-16.83,0.6458,2.22,298,96,True
S3_mom,T2_roll_p75,P3_long_short,1,-0.1877,-0.3979,-0.7702,-0.1126,-6.72,16.89,-59.7,0.3854,7.89,299,96,False
S3_mom,T3_zscore_1.0,P1_long_cash,1,0.7278,0.2447,0.0924,0.1593,1.1,4.5,-6.91,0.0625,2.39,299,96,True
S3_mom,T3_zscore_1.0,P2_signal_strength,1,0.9894,0.8833,1.5027,0.5231,8.8,9.97,-16.83,0.6458,2.22,298,96,True
S3_mom,T3_zscore_1.0,P3_long_short,1,-0.2809,-0.7589,-1.3625,-0.1863,-12.6,16.6,-67.65,0.3542,4.78,299,96,False
S3_mom,T3_zscore_neg_1.0,P1_long_cash,1,-0.1702,0.384,0.0,0.1883,2.35,6.12,-12.49,0.0833,2.11,299,96,True
S3_mom,T3_zscore_neg_1.0,P2_signal_strength,1,0.9894,0.8833,1.5027,0.5231,8.8,9.97,-16.83,0.6458,2.22,298,96,True
S3_mom,T3_zscore_neg_1.0,P3_long_short,1,-0.9254,-0.6031,-0.9845,-0.1497,-10.1,16.75,-67.47,0.3958,4.22,299,96,False
S3_mom,T3_zscore_1.5,P1_long_cash,1,0.5042,0.169,0.0,0.1272,0.48,2.82,-3.74,0.0208,0.83,299,96,True
S3_mom,T3_zscore_1.5,P2_signal_strength,1,0.9894,0.8833,1.5027,0.5231,8.8,9.97,-16.83,0.6458,2.22,298,96,True
S3_mom,T3_zscore_1.5,P3_long_short,1,-0.5222,-0.8384,-1.5327,-0.1933,-13.85,16.52,-71.66,0.3333,1.67,299,96,False
S3_mom,T3_zscore_neg_1.5,P1_long_cash,1,-0.3655,0.7618,0.0,0.0,2.3,3.03,0.0,0.0521,1.06,299,96,True
S3_mom,T3_zscore_neg_1.5,P2_signal_strength,1,0.9894,0.8833,1.5027,0.5231,8.8,9.97,-16.83,0.6458,2.22,298,96,True
S3_mom,T3_zscore_neg_1.5,P3_long_short,1,-1.0979,-0.6088,-1.0763,-0.1585,-10.19,16.74,-64.33,0.375,2.11,299,96,False
S3_mom,T3_zscore_2.0,P1_long_cash,1,0.2551,0.3817,0.0,0.0,0.94,2.47,0.0,0.0208,0.44,299,96,True
S3_mom,T3_zscore_2.0,P2_signal_strength,1,0.9894,0.8833,1.5027,0.5231,8.8,9.97,-16.83,0.6458,2.22,298,96,True
S3_mom,T3_zscore_2.0,P3_long_short,1,-0.6567,-0.7787,-1.4178,-0.1859,-12.91,16.58,-69.45,0.3438,0.89,299,96,False
S3_mom,T3_zscore_neg_2.0,P1_long_cash,1,-0.1957,0.4562,0.0,0.0,0.82,1.79,0.0,0.0208,0.39,299,96,True
S3_mom,T3_zscore_neg_2.0,P2_signal_strength,1,0.9894,0.8833,1.5027,0.5231,8.8,9.97,-16.83,0.6458,2.22,298,96,True
S3_mom,T3_zscore_neg_2.0,P3_long_short,1,-0.8851,-0.7948,-1.4206,-0.1889,-13.17,16.57,-69.72,0.3438,0.78,299,96,False
S3_mom,T4_zero,P1_long_cash,1,0.8323,0.6461,0.8001,0.2877,8.07,12.5,-28.06,0.3958,4.92,299,96,True
S3_mom,T4_zero,P2_signal_strength,1,0.9894,0.8833,1.5027,0.5231,8.8,9.97,-16.83,0.6458,2.22,298,96,True
S3_mom,T4_zero,P3_long_short,1,0.4626,0.0792,0.1594,0.0318,1.35,17.0,-42.28,0.5312,9.83,299,96,True
S3_mom,T1_fixed_p25,P1_long_cash,2,0.8124,1.0955,1.7433,0.9481,14.66,13.38,-15.46,0.5,3.39,299,96,True
S3_mom,T1_fixed_p25,P2_signal_strength,2,0.7397,0.8557,1.4392,0.5166,8.61,10.06,-16.66,0.6458,2.22,297,96,True
S3_mom,T1_fixed_p25,P3_long_short,2,0.6128,0.8811,1.5784,0.9188,14.51,16.47,-15.79,0.6354,6.78,299,96,True
S3_mom,T1_fixed_p50,P1_long_cash,2,0.5688,0.7506,0.9544,0.4898,7.57,10.09,-15.46,0.2812,5.61,299,96,True
S3_mom,T1_fixed_p50,P2_signal_strength,2,0.7397,0.8557,1.4392,0.5166,8.61,10.06,-16.66,0.6458,2.22,297,96,True
S3_mom,T1_fixed_p50,P3_long_short,2,0.0719,0.0202,0.0366,0.0097,0.34,17.0,-35.33,0.4896,11.22,299,96,True
S3_mom,T1_fixed_p75,P1_long_cash,2,0.2117,0.4295,0.4204,0.2117,3.38,7.88,-15.97,0.1562,4.5,299,96,True
S3_mom,T1_fixed_p75,P2_signal_strength,2,0.7397,0.8557,1.4392,0.5166,8.61,10.06,-16.66,0.6458,2.22,297,96,True
S3_mom,T1_fixed_p75,P3_long_short,2,-0.4854,-0.4773,-0.9008,-0.1258,-8.04,16.84,-63.92,0.3958,9.0,299,96,False
S3_mom,T2_roll_p25,P1_long_cash,2,0.7941,0.9681,1.2903,0.7114,13.81,14.27,-19.42,0.5312,3.44,299,96,True
S3_mom,T2_roll_p25,P2_signal_strength,2,0.7397,0.8557,1.4392,0.5166,8.61,10.06,-16.66,0.6458,2.22,297,96,True
S3_mom,T2_roll_p25,P3_long_short,2,0.5154,0.7728,1.2011,0.4023,12.82,16.59,-31.87,0.6354,6.89,299,96,True
S3_mom,T2_roll_p50,P1_long_cash,2,0.4894,0.8133,1.2001,0.6045,9.35,11.49,-15.46,0.3646,4.94,299,96,True
S3_mom,T2_roll_p50,P2_signal_strength,2,0.7397,0.8557,1.4392,0.5166,8.61,10.06,-16.66,0.6458,2.22,297,96,True
S3_mom,T2_roll_p50,P3_long_short,2,-0.0304,0.2292,0.4128,0.1664,3.89,16.96,-23.36,0.5312,9.89,299,96,True
S3_mom,T2_roll_p75,P1_long_cash,2,0.4228,0.5954,0.5822,0.6064,4.8,8.06,-7.92,0.1667,3.94,299,96,True
S3_mom,T2_roll_p75,P2_signal_strength,2,0.7397,0.8557,1.4392,0.5166,8.61,10.06,-16.66,0.6458,2.22,297,96,True
S3_mom,T2_roll_p75,P3_long_short,2,-0.2876,-0.3071,-0.5739,-0.0942,-5.2,16.93,-55.24,0.4167,7.89,299,96,False
S3_mom,T3_zscore_1.0,P1_long_cash,2,0.3187,0.262,0.1331,0.1654,1.31,5.0,-7.92,0.0729,2.39,299,96,True
S3_mom,T3_zscore_1.0,P2_signal_strength,2,0.7397,0.8557,1.4392,0.5166,8.61,10.06,-16.66,0.6458,2.22,297,96,True
S3_mom,T3_zscore_1.0,P3_long_short,2,-0.4799,-0.7326,-1.3037,-0.1644,-12.18,16.63,-74.13,0.3646,4.78,299,96,False
S3_mom,T3_zscore_neg_1.0,P1_long_cash,2,0.1294,0.5066,0.1884,0.4585,2.92,5.77,-6.38,0.0729,2.11,299,96,True
S3_mom,T3_zscore_neg_1.0,P2_signal_strength,2,0.7397,0.8557,1.4392,0.5166,8.61,10.06,-16.66,0.6458,2.22,297,96,True
S3_mom,T3_zscore_neg_1.0,P3_long_short,2,-0.5972,-0.533,-1.0363,-0.146,-8.96,16.8,-61.32,0.375,4.22,299,96,False
S3_mom,T3_zscore_1.5,P1_long_cash,2,0.2627,0.1347,0.1266,0.0631,0.39,2.88,-6.14,0.0208,0.83,299,96,True
S3_mom,T3_zscore_1.5,P2_signal_strength,2,0.7397,0.8557,1.4392,0.5166,8.61,10.06,-16.66,0.6458,2.22,297,96,True
S3_mom,T3_zscore_1.5,P3_long_short,2,-0.6235,-0.8497,-1.5307,-0.1832,-14.03,16.51,-76.55,0.3229,1.67,299,96,False
S3_mom,T3_zscore_neg_1.5,P1_long_cash,2,0.2203,0.588,0.0,35.5146,1.43,2.44,-0.04,0.0417,1.06,299,96,True
S3_mom,T3_zscore_neg_1.5,P2_signal_strength,2,0.7397,0.8557,1.4392,0.5166,8.61,10.06,-16.66,0.6458,2.22,297,96,True
S3_mom,T3_zscore_neg_1.5,P3_long_short,2,-0.5513,-0.717,-1.2762,-0.1739,-11.93,16.65,-68.65,0.3542,2.11,299,96,False
S3_mom,T3_zscore_2.0,P1_long_cash,2,0.4154,0.2558,0.0,0.1868,0.7,2.73,-3.74,0.0208,0.44,299,96,True
S3_mom,T3_zscore_2.0,P2_signal_strength,2,0.7397,0.8557,1.4392,0.5166,8.61,10.06,-16.66,0.6458,2.22,297,96,True
S3_mom,T3_zscore_2.0,P3_long_short,2,-0.6205,-0.8098,-1.4542,-0.1779,-13.4,16.55,-75.35,0.3333,0.89,299,96,False
S3_mom,T3_zscore_neg_2.0,P1_long_cash,2,0.2503,0.4418,0.0,0.0,0.96,2.17,0.0,0.0208,0.39,299,96,True
S3_mom,T3_zscore_neg_2.0,P2_signal_strength,2,0.7397,0.8557,1.4392,0.5166,8.61,10.06,-16.66,0.6458,2.22,297,96,True
S3_mom,T3_zscore_neg_2.0,P3_long_short,2,-0.6006,-0.777,-1.3953,-0.1867,-12.89,16.59,-69.03,0.3438,0.78,299,96,False
S3_mom,T4_zero,P1_long_cash,2,0.6422,0.8664,1.2683,0.6946,10.74,12.4,-15.46,0.4271,4.89,299,96,True
S3_mom,T4_zero,P2_signal_strength,2,0.7397,0.8557,1.4392,0.5166,8.61,10.06,-16.66,0.6458,2.22,297,96,True
S3_mom,T4_zero,P3_long_short,2,0.2775,0.3952,0.6958,0.2705,6.68,16.89,-24.68,0.5833,9.78,299,96,True
S3_mom,T1_fixed_p25,P1_long_cash,3,0.8137,0.6603,0.7891,0.5355,8.79,13.31,-16.41,0.4688,3.31,299,96,True
S3_mom,T1_fixed_p25,P2_signal_strength,3,0.8255,0.695,0.9622,0.4497,7.19,10.35,-15.99,0.6458,2.22,296,96,True
S3_mom,T1_fixed_p25,P3_long_short,3,0.5763,0.1631,0.2603,0.0707,2.77,16.98,-39.16,0.5729,6.61,299,96,True
S3_mom,T1_fixed_p50,P1_long_cash,3,0.7023,0.3363,0.3112,0.1369,3.69,10.98,-26.97,0.25,5.67,299,96,True
S3_mom,T1_fixed_p50,P2_signal_strength,3,0.8255,0.695,0.9622,0.4497,7.19,10.35,-15.99,0.6458,2.22,296,96,True
S3_mom,T1_fixed_p50,P3_long_short,3,0.2377,-0.4399,-0.7644,-0.1281,-7.42,16.86,-57.91,0.4271,11.33,299,96,False
S3_mom,T1_fixed_p75,P1_long_cash,3,0.693,0.3016,0.2952,0.1503,2.78,9.21,-18.47,0.1458,4.56,299,96,True
S3_mom,T1_fixed_p75,P2_signal_strength,3,0.8255,0.695,0.9622,0.4497,7.19,10.35,-15.99,0.6458,2.22,296,96,True
S3_mom,T1_fixed_p75,P3_long_short,3,-0.0264,-0.551,-1.0442,-0.1684,-9.25,16.79,-54.93,0.375,9.11,299,96,False
S3_mom,T2_roll_p25,P1_long_cash,3,0.8628,0.8082,1.0413,0.8513,11.52,14.25,-13.53,0.5104,3.42,299,96,True
S3_mom,T2_roll_p25,P2_signal_strength,3,0.8255,0.695,0.9622,0.4497,7.19,10.35,-15.99,0.6458,2.22,296,96,True
S3_mom,T2_roll_p25,P3_long_short,3,0.6286,0.4894,0.824,0.376,8.24,16.83,-21.91,0.5938,6.83,299,96,True
S3_mom,T2_roll_p50,P1_long_cash,3,0.7784,0.7369,0.7283,0.4342,8.64,11.73,-19.9,0.3854,4.94,299,96,True
S3_mom,T2_roll_p50,P2_signal_strength,3,0.8255,0.695,0.9622,0.4497,7.19,10.35,-15.99,0.6458,2.22,296,96,True
S3_mom,T2_roll_p50,P3_long_short,3,0.2884,0.146,0.2442,0.0509,2.48,16.99,-48.75,0.5625,9.89,299,96,True
S3_mom,T2_roll_p75,P1_long_cash,3,0.5378,0.1221,0.09,0.0419,1.13,9.25,-26.97,0.1458,3.94,299,96,True
S3_mom,T2_roll_p75,P2_signal_strength,3,0.8255,0.695,0.9622,0.4497,7.19,10.35,-15.99,0.6458,2.22,296,96,True
S3_mom,T2_roll_p75,P3_long_short,3,-0.2349,-0.7553,-1.3026,-0.1895,-12.54,16.61,-66.18,0.375,7.89,299,96,False
S3_mom,T3_zscore_1.0,P1_long_cash,3,0.4581,-0.308,-0.1762,-0.0814,-2.33,7.57,-28.65,0.0417,2.39,299,96,False
S3_mom,T3_zscore_1.0,P2_signal_strength,3,0.8255,0.695,0.9622,0.4497,7.19,10.35,-15.99,0.6458,2.22,296,96,True
S3_mom,T3_zscore_1.0,P3_long_short,3,-0.3768,-1.214,-2.0327,-0.2429,-19.47,16.04,-80.14,0.3021,4.78,299,96,False
S3_mom,T3_zscore_neg_1.0,P1_long_cash,3,0.2707,0.2478,0.1272,0.1515,1.43,5.78,-9.46,0.0625,2.11,299,96,True
S3_mom,T3_zscore_neg_1.0,P2_signal_strength,3,0.8255,0.695,0.9622,0.4497,7.19,10.35,-15.99,0.6458,2.22,296,96,True
S3_mom,T3_zscore_neg_1.0,P3_long_short,3,-0.4258,-0.7171,-1.2843,-0.1782,-11.94,16.65,-66.98,0.3542,4.22,299,96,False
S3_mom,T3_zscore_1.5,P1_long_cash,3,0.4692,0.2301,0.3546,0.273,0.99,4.31,-3.64,0.0208,0.83,299,96,True
S3_mom,T3_zscore_1.5,P2_signal_strength,3,0.8255,0.695,0.9622,0.4497,7.19,10.35,-15.99,0.6458,2.22,296,96,True
S3_mom,T3_zscore_1.5,P3_long_short,3,-0.573,-0.7726,-1.4787,-0.1869,-12.82,16.59,-68.56,0.3229,1.67,299,96,False
S3_mom,T3_zscore_neg_1.5,P1_long_cash,3,0.1091,0.2231,0.0,0.123,0.97,4.36,-7.92,0.0417,1.06,299,96,True
S3_mom,T3_zscore_neg_1.5,P2_signal_strength,3,0.8255,0.695,0.9622,0.4497,7.19,10.35,-15.99,0.6458,2.22,296,96,True
S3_mom,T3_zscore_neg_1.5,P3_long_short,3,-0.6269,-0.775,-1.3847,-0.1854,-12.85,16.59,-69.32,0.3542,2.11,299,96,False
S3_mom,T3_zscore_2.0,P1_long_cash,3,0.2904,-0.1901,-0.1312,-0.101,-0.37,1.93,-3.64,0.0104,0.44,299,96,False
S3_mom,T3_zscore_2.0,P2_signal_strength,3,0.8255,0.695,0.9622,0.4497,7.19,10.35,-15.99,0.6458,2.22,296,96,True
S3_mom,T3_zscore_2.0,P3_long_short,3,-0.6608,-0.9478,-1.7033,-0.2079,-15.54,16.39,-74.73,0.3125,0.89,299,96,False
S3_mom,T3_zscore_neg_2.0,P1_long_cash,3,0.1893,0.5008,0.0,0.0,1.61,3.21,0.0,0.0208,0.39,299,96,True
S3_mom,T3_zscore_neg_2.0,P2_signal_strength,3,0.8255,0.695,0.9622,0.4497,7.19,10.35,-15.99,0.6458,2.22,296,96,True
S3_mom,T3_zscore_neg_2.0,P3_long_short,3,-0.6253,-0.6951,-1.2625,-0.1765,-11.59,16.67,-65.63,0.3438,0.78,299,96,False
S3_mom,T4_zero,P1_long_cash,3,0.7546,0.7914,0.8457,0.5888,9.66,12.21,-16.41,0.4167,4.86,299,96,True
S3_mom,T4_zero,P2_signal_strength,3,0.8255,0.695,0.9622,0.4497,7.19,10.35,-15.99,0.6458,2.22,296,96,True
S3_mom,T4_zero,P3_long_short,3,0.4204,0.2665,0.443,0.1154,4.52,16.95,-39.16,0.5625,9.72,299,96,True
S3_mom,T1_fixed_p25,P1_long_cash,4,0.817,1.0106,1.3513,1.0017,13.3,13.16,-13.28,0.4792,3.28,299,96,True
S3_mom,T1_fixed_p25,P2_signal_strength,4,0.9423,1.0169,1.7372,0.6406,10.21,10.04,-15.94,0.6667,2.22,295,96,True
S3_mom,T1_fixed_p25,P3_long_short,4,0.6352,0.7081,1.3014,0.5945,11.79,16.65,-19.83,0.5938,6.56,299,96,True
S3_mom,T1_fixed_p50,P1_long_cash,4,0.8311,1.0236,1.2217,1.2057,10.58,10.34,-8.78,0.2812,5.61,299,96,True
S3_mom,T1_fixed_p50,P2_signal_strength,4,0.9423,1.0169,1.7372,0.6406,10.21,10.04,-15.94,0.6667,2.22,295,96,True
S3_mom,T1_fixed_p50,P3_long_short,4,0.4236,0.3764,0.8274,0.1437,6.36,16.9,-44.28,0.4896,11.22,299,96,True
S3_mom,T1_fixed_p75,P1_long_cash,4,0.6801,0.7983,0.6627,0.769,6.75,8.46,-8.78,0.1667,4.56,299,96,True
S3_mom,T1_fixed_p75,P2_signal_strength,4,0.9423,1.0169,1.7372,0.6406,10.21,10.04,-15.94,0.6667,2.22,295,96,True
S3_mom,T1_fixed_p75,P3_long_short,4,-0.0202,-0.0767,-0.1495,-0.0412,-1.3,17.0,-31.63,0.4167,9.11,299,96,False
S3_mom,T2_roll_p25,P1_long_cash,4,0.8871,0.9909,1.3916,0.9336,13.78,13.91,-14.76,0.5208,3.39,299,96,True
S3_mom,T2_roll_p25,P2_signal_strength,4,0.9423,1.0169,1.7372,0.6406,10.21,10.04,-15.94,0.6667,2.22,295,96,True
S3_mom,T2_roll_p25,P3_long_short,4,0.6444,0.7689,1.34,0.5878,12.76,16.59,-21.71,0.6146,6.78,299,96,True
S3_mom,T2_roll_p50,P1_long_cash,4,0.8352,0.8599,1.1317,0.8268,10.1,11.74,-12.21,0.3542,4.94,299,96,True
S3_mom,T2_roll_p50,P2_signal_strength,4,0.9423,1.0169,1.7372,0.6406,10.21,10.04,-15.94,0.6667,2.22,295,96,True
S3_mom,T2_roll_p50,P3_long_short,4,0.4241,0.3185,0.6519,0.1304,5.39,16.93,-41.37,0.5,9.89,299,96,True
S3_mom,T2_roll_p75,P1_long_cash,4,0.6336,1.2301,2.3389,3.7649,10.32,8.39,-2.74,0.1979,3.94,299,96,True
S3_mom,T2_roll_p75,P2_signal_strength,4,0.9423,1.0169,1.7372,0.6406,10.21,10.04,-15.94,0.6667,2.22,295,96,True
S3_mom,T2_roll_p75,P3_long_short,4,-0.1118,0.3451,0.741,0.192,5.84,16.92,-30.4,0.4792,7.89,299,96,True
S3_mom,T3_zscore_1.0,P1_long_cash,4,0.5646,0.6473,0.8566,1.6161,4.43,6.84,-2.74,0.0729,2.39,299,96,True
S3_mom,T3_zscore_1.0,P2_signal_strength,4,0.9423,1.0169,1.7372,0.6406,10.21,10.04,-15.94,0.6667,2.22,295,96,True
S3_mom,T3_zscore_1.0,P3_long_short,4,-0.2929,-0.3514,-0.7658,-0.109,-5.94,16.91,-54.53,0.3646,4.78,299,96,False
S3_mom,T3_zscore_neg_1.0,P1_long_cash,4,-0.0301,0.0759,0.0335,0.0411,0.51,6.76,-12.49,0.0729,2.11,299,96,True
S3_mom,T3_zscore_neg_1.0,P2_signal_strength,4,0.9423,1.0169,1.7372,0.6406,10.21,10.04,-15.94,0.6667,2.22,295,96,True
S3_mom,T3_zscore_neg_1.0,P3_long_short,4,-0.7513,-0.8337,-1.3884,-0.1869,-13.78,16.53,-73.73,0.3646,4.22,299,96,False
S3_mom,T3_zscore_1.5,P1_long_cash,4,0.4666,0.3719,0.0,0.5671,1.55,4.18,-2.74,0.0312,0.83,299,96,True
S3_mom,T3_zscore_1.5,P2_signal_strength,4,0.9423,1.0169,1.7372,0.6406,10.21,10.04,-15.94,0.6667,2.22,295,96,True
S3_mom,T3_zscore_1.5,P3_long_short,4,-0.4995,-0.7019,-1.3454,-0.1815,-11.69,16.66,-64.41,0.3438,1.67,299,96,False
S3_mom,T3_zscore_neg_1.5,P1_long_cash,4,-0.0927,-0.2935,-0.1119,-0.0925,-1.72,5.84,-18.53,0.0208,1.06,299,96,False
S3_mom,T3_zscore_neg_1.5,P2_signal_strength,4,0.9423,1.0169,1.7372,0.6406,10.21,10.04,-15.94,0.6667,2.22,295,96,True
S3_mom,T3_zscore_neg_1.5,P3_long_short,4,-0.8013,-1.1284,-1.8621,-0.2296,-18.23,16.16,-79.42,0.3125,2.11,299,96,False
S3_mom,T3_zscore_2.0,P1_long_cash,4,0.1735,0.2742,0.0,0.3982,1.09,3.98,-2.74,0.0208,0.44,299,96,True
S3_mom,T3_zscore_2.0,P2_signal_strength,4,0.9423,1.0169,1.7372,0.6406,10.21,10.04,-15.94,0.6667,2.22,295,96,True
S3_mom,T3_zscore_2.0,P3_long_short,4,-0.6819,-0.7601,-1.4636,-0.1885,-12.62,16.6,-66.95,0.3333,0.89,299,96,False
S3_mom,T3_zscore_neg_2.0,P1_long_cash,4,-0.0974,0.1438,0.0,0.108,0.4,2.81,-3.74,0.0104,0.39,299,96,True
S3_mom,T3_zscore_neg_2.0,P2_signal_strength,4,0.9423,1.0169,1.7372,0.6406,10.21,10.04,-15.94,0.6667,2.22,295,96,True
S3_mom,T3_zscore_neg_2.0,P3_long_short,4,-0.7654,-0.8476,-1.5417,-0.1953,-13.99,16.51,-71.66,0.3229,0.78,299,96,False
S3_mom,T4_zero,P1_long_cash,4,0.7823,0.792,1.0274,0.4963,10.09,12.74,-20.33,0.3958,4.83,299,96,True
S3_mom,T4_zero,P2_signal_strength,4,0.9423,1.0169,1.7372,0.6406,10.21,10.04,-15.94,0.6667,2.22,295,96,True
S3_mom,T4_zero,P3_long_short,4,0.5145,0.3174,0.6004,0.1169,5.37,16.93,-45.99,0.5208,9.67,299,96,True
S3_mom,T1_fixed_p25,P1_long_cash,5,0.737,0.8978,1.1581,0.4721,11.62,12.94,-24.61,0.4896,3.31,299,96,True
S3_mom,T1_fixed_p25,P2_signal_strength,5,0.7522,0.7813,1.1014,0.4661,8.15,10.44,-17.49,0.6667,2.23,294,96,True
S3_mom,T1_fixed_p25,P3_long_short,5,0.4338,0.5011,0.795,0.3171,8.43,16.82,-26.59,0.625,6.61,299,96,True
S3_mom,T1_fixed_p50,P1_long_cash,5,0.6132,0.182,0.1761,0.0671,1.89,10.39,-28.21,0.25,5.58,299,96,True
S3_mom,T1_fixed_p50,P2_signal_strength,5,0.7522,0.7813,1.1014,0.4661,8.15,10.44,-17.49,0.6667,2.23,294,96,True
S3_mom,T1_fixed_p50,P3_long_short,5,0.0686,-0.6599,-1.1251,-0.1639,-11.02,16.7,-67.24,0.4375,11.17,299,96,False
S3_mom,T1_fixed_p75,P1_long_cash,5,0.3575,-0.0408,-0.0325,-0.0151,-0.37,9.12,-24.73,0.1458,4.56,299,96,False
S3_mom,T1_fixed_p75,P2_signal_strength,5,0.7522,0.7813,1.1014,0.4661,8.15,10.44,-17.49,0.6667,2.23,294,96,True
S3_mom,T1_fixed_p75,P3_long_short,5,-0.3648,-0.9484,-1.5996,-0.2049,-15.55,16.39,-75.89,0.375,9.11,299,96,False
S3_mom,T2_roll_p25,P1_long_cash,5,0.7602,0.8028,0.9747,0.4185,11.23,13.99,-26.83,0.5312,3.36,299,96,True
S3_mom,T2_roll_p25,P2_signal_strength,5,0.7522,0.7813,1.1014,0.4661,8.15,10.44,-17.49,0.6667,2.23,294,96,True
S3_mom,T2_roll_p25,P3_long_short,5,0.4623,0.4543,0.6508,0.2487,7.66,16.86,-30.8,0.6354,6.72,299,96,True
S3_mom,T2_roll_p50,P1_long_cash,5,0.6709,0.4656,0.5311,0.2226,5.48,11.77,-24.61,0.3542,4.92,299,96,True
S3_mom,T2_roll_p50,P2_signal_strength,5,0.7522,0.7813,1.1014,0.4661,8.15,10.44,-17.49,0.6667,2.23,294,96,True
S3_mom,T2_roll_p50,P3_long_short,5,0.0986,-0.2267,-0.3843,-0.0857,-3.85,16.97,-44.87,0.5104,9.83,299,96,False
S3_mom,T2_roll_p75,P1_long_cash,5,0.3776,0.273,0.1968,0.1227,2.37,8.67,-19.29,0.1667,3.94,299,96,True
S3_mom,T2_roll_p75,P2_signal_strength,5,0.7522,0.7813,1.1014,0.4661,8.15,10.44,-17.49,0.6667,2.23,294,96,True
S3_mom,T2_roll_p75,P3_long_short,5,-0.3576,-0.6011,-1.0349,-0.1661,-10.07,16.75,-60.6,0.4167,7.89,299,96,False
S3_mom,T3_zscore_1.0,P1_long_cash,5,0.1598,-0.1126,-0.0718,-0.0402,-0.78,6.89,-19.29,0.0521,2.39,299,96,False
S3_mom,T3_zscore_1.0,P2_signal_strength,5,0.7522,0.7813,1.1014,0.4661,8.15,10.44,-17.49,0.6667,2.23,294,96,True
S3_mom,T3_zscore_1.0,P3_long_short,5,-0.6102,-1.0017,-1.7891,-0.2147,-16.35,16.33,-76.17,0.3229,4.78,299,96,False
S3_mom,T3_zscore_neg_1.0,P1_long_cash,5,0.1724,0.3475,0.5702,0.3172,1.95,5.61,-6.14,0.0625,2.11,299,96,True
S3_mom,T3_zscore_neg_1.0,P2_signal_strength,5,0.7522,0.7813,1.1014,0.4661,8.15,10.44,-17.49,0.6667,2.23,294,96,True
S3_mom,T3_zscore_neg_1.0,P3_long_short,5,-0.5288,-0.6528,-1.3064,-0.1689,-10.9,16.7,-64.58,0.3438,4.22,299,96,False
S3_mom,T3_zscore_1.5,P1_long_cash,5,-0.2761,-0.1648,-0.0321,-0.0671,-0.46,2.81,-6.91,0.0208,0.83,299,96,False
S3_mom,T3_zscore_1.5,P2_signal_strength,5,0.7522,0.7813,1.1014,0.4661,8.15,10.44,-17.49,0.6667,2.23,294,96,True
S3_mom,T3_zscore_1.5,P3_long_short,5,-0.7947,-0.9604,-1.703,-0.2099,-15.73,16.38,-74.95,0.3229,1.67,299,96,False
S3_mom,T3_zscore_neg_1.5,P1_long_cash,5,0.1387,0.2863,0.4606,0.2297,1.41,4.93,-6.14,0.0312,1.06,299,96,True
S3_mom,T3_zscore_neg_1.5,P2_signal_strength,5,0.7522,0.7813,1.1014,0.4661,8.15,10.44,-17.49,0.6667,2.23,294,96,True
S3_mom,T3_zscore_neg_1.5,P3_long_short,5,-0.5864,-0.7198,-1.4317,-0.1748,-11.98,16.64,-68.52,0.3333,2.11,299,96,False
S3_mom,T3_zscore_2.0,P1_long_cash,5,0.1154,-0.1204,-0.0,-0.0486,-0.34,2.79,-6.91,0.0208,0.44,299,96,False
S3_mom,T3_zscore_2.0,P2_signal_strength,5,0.7522,0.7813,1.1014,0.4661,8.15,10.44,-17.49,0.6667,2.23,294,96,True
S3_mom,T3_zscore_2.0,P3_long_short,5,-0.7031,-0.9437,-1.6783,-0.2079,-15.47,16.4,-74.44,0.3333,0.89,299,96,False
S3_mom,T3_zscore_neg_2.0,P1_long_cash,5,0.0357,-0.4926,-0.2545,-0.1269,-0.78,1.58,-6.14,0.0,0.39,299,96,False
S3_mom,T3_zscore_neg_2.0,P2_signal_strength,5,0.7522,0.7813,1.1014,0.4661,8.15,10.44,-17.49,0.6667,2.23,294,96,True
S3_mom,T3_zscore_neg_2.0,P3_long_short,5,-0.6987,-1.0022,-1.8067,-0.2137,-16.36,16.33,-76.55,0.3021,0.78,299,96,False
S3_mom,T4_zero,P1_long_cash,5,0.742,0.6566,0.8008,0.3314,8.15,12.42,-24.61,0.4062,4.81,299,96,True
S3_mom,T4_zero,P2_signal_strength,5,0.7522,0.7813,1.1014,0.4661,8.15,10.44,-17.49,0.6667,2.23,294,96,True
S3_mom,T4_zero,P3_long_short,5,0.3776,0.0887,0.1493,0.0429,1.51,17.0,-35.12,0.5521,9.61,299,96,True
S3_mom,T1_fixed_p25,P1_long_cash,6,1.009,0.6057,0.6788,0.3249,7.56,12.48,-23.28,0.4688,3.31,299,96,True
S3_mom,T1_fixed_p25,P2_signal_strength,6,0.9195,0.9,1.1742,0.5259,8.71,9.68,-16.57,0.6667,2.23,293,96,True
S3_mom,T1_fixed_p25,P3_long_short,6,0.8998,0.0188,0.0295,0.0061,0.32,17.0,-52.22,0.5833,6.61,299,96,True
S3_mom,T1_fixed_p50,P1_long_cash,6,0.9058,0.2448,0.211,0.1105,2.57,10.51,-23.28,0.25,5.53,299,96,True
S3_mom,T1_fixed_p50,P2_signal_strength,6,0.9195,0.9,1.1742,0.5259,8.71,9.68,-16.57,0.6667,2.23,293,96,True
S3_mom,T1_fixed_p50,P3_long_short,6,0.5062,-0.5759,-0.9549,-0.1555,-9.66,16.77,-62.11,0.4479,11.06,299,96,False
S3_mom,T1_fixed_p75,P1_long_cash,6,0.8075,0.3716,0.199,0.1971,3.3,8.87,-16.73,0.1771,4.5,299,96,True
S3_mom,T1_fixed_p75,P2_signal_strength,6,0.9195,0.9,1.1742,0.5259,8.71,9.68,-16.57,0.6667,2.23,293,96,True
S3_mom,T1_fixed_p75,P3_long_short,6,0.0481,-0.4876,-0.7788,-0.1322,-8.21,16.83,-62.08,0.4375,9.0,299,96,False
S3_mom,T2_roll_p25,P1_long_cash,6,0.8739,0.8154,1.0169,0.5421,11.05,13.56,-20.39,0.5312,3.36,299,96,True
S3_mom,T2_roll_p25,P2_signal_strength,6,0.9195,0.9,1.1742,0.5259,8.71,9.68,-16.57,0.6667,2.23,293,96,True
S3_mom,T2_roll_p25,P3_long_short,6,0.6367,0.433,0.712,0.2274,7.3,16.87,-32.13,0.6354,6.72,299,96,True
S3_mom,T2_roll_p50,P1_long_cash,6,1.005,0.3756,0.3708,0.1739,4.29,11.42,-24.67,0.3333,4.92,299,96,True
S3_mom,T2_roll_p50,P2_signal_strength,6,0.9195,0.9,1.1742,0.5259,8.71,9.68,-16.57,0.6667,2.23,293,96,True
S3_mom,T2_roll_p50,P3_long_short,6,0.5066,-0.368,-0.5983,-0.0935,-6.22,16.91,-66.57,0.4688,9.83,299,96,False
S3_mom,T2_roll_p75,P1_long_cash,6,0.7758,0.5241,0.2475,0.2824,4.03,7.69,-14.27,0.1875,3.94,299,96,True
S3_mom,T2_roll_p75,P2_signal_strength,6,0.9195,0.9,1.1742,0.5259,8.71,9.68,-16.57,0.6667,2.23,293,96,True
S3_mom,T2_roll_p75,P3_long_short,6,-0.033,-0.3992,-0.6472,-0.1322,-6.74,16.89,-51.01,0.4583,7.89,299,96,False
S3_mom,T3_zscore_1.0,P1_long_cash,6,0.7748,0.3197,0.0706,0.1589,1.98,6.21,-12.49,0.0833,2.39,299,96,True
S3_mom,T3_zscore_1.0,P2_signal_strength,6,0.9195,0.9,1.1742,0.5259,8.71,9.68,-16.57,0.6667,2.23,293,96,True
S3_mom,T3_zscore_1.0,P3_long_short,6,-0.17,-0.6484,-1.0788,-0.1566,-10.83,16.71,-69.17,0.3854,4.78,299,96,False
S3_mom,T3_zscore_neg_1.0,P1_long_cash,6,-0.0611,0.1532,0.0985,0.0764,0.98,6.38,-12.79,0.0521,2.11,299,96,True
S3_mom,T3_zscore_neg_1.0,P2_signal_strength,6,0.9195,0.9,1.1742,0.5259,8.71,9.68,-16.57,0.6667,2.23,293,96,True
S3_mom,T3_zscore_neg_1.0,P3_long_short,6,-0.7793,-0.7746,-1.4514,-0.1906,-12.85,16.59,-67.4,0.3229,4.22,299,96,False
S3_mom,T3_zscore_1.5,P1_long_cash,6,0.4125,0.505,0.0,0.7418,0.76,1.5,-1.02,0.0312,0.83,299,96,True
S3_mom,T3_zscore_1.5,P2_signal_strength,6,0.9195,0.9,1.1742,0.5259,8.71,9.68,-16.57,0.6667,2.23,293,96,True
S3_mom,T3_zscore_1.5,P3_long_short,6,-0.5728,-0.8026,-1.4243,-0.1834,-13.29,16.56,-72.48,0.3438,1.67,299,96,False
S3_mom,T3_zscore_neg_1.5,P1_long_cash,6,-0.0491,-0.0071,-0.0036,-0.0045,-0.04,5.58,-8.8,0.0208,1.06,299,96,False
S3_mom,T3_zscore_neg_1.5,P2_signal_strength,6,0.9195,0.9,1.1742,0.5259,8.71,9.68,-16.57,0.6667,2.23,293,96,True
S3_mom,T3_zscore_neg_1.5,P3_long_short,6,-0.7509,-0.905,-1.6781,-0.2037,-14.88,16.44,-73.04,0.3125,2.11,299,96,False
S3_mom,T3_zscore_2.0,P1_long_cash,6,0.2762,0.3584,0.0,0.4007,0.41,1.14,-1.02,0.0208,0.44,299,96,True
S3_mom,T3_zscore_2.0,P2_signal_strength,6,0.9195,0.9,1.1742,0.5259,8.71,9.68,-16.57,0.6667,2.23,293,96,True
S3_mom,T3_zscore_2.0,P3_long_short,6,-0.6512,-0.8471,-1.5087,-0.1891,-13.99,16.51,-73.97,0.3333,0.89,299,96,False
S3_mom,T3_zscore_neg_2.0,P1_long_cash,6,0.1832,0.265,0.0,0.4203,1.05,3.95,-2.49,0.0104,0.39,299,96,True
S3_mom,T3_zscore_neg_2.0,P2_signal_strength,6,0.9195,0.9,1.1742,0.5259,8.71,9.68,-16.57,0.6667,2.23,293,96,True
S3_mom,T3_zscore_neg_2.0,P3_long_short,6,-0.6167,-0.7656,-1.4653,-0.1853,-12.71,16.6,-68.56,0.3229,0.78,299,96,False
S3_mom,T4_zero,P1_long_cash,6,0.9239,0.5688,0.5797,0.2881,6.71,11.79,-23.28,0.3958,4.81,299,96,True
S3_mom,T4_zero,P2_signal_strength,6,0.9195,0.9,1.1742,0.5259,8.71,9.68,-16.57,0.6667,2.23,293,96,True
S3_mom,T4_zero,P3_long_short,6,0.6769,-0.0818,-0.1298,-0.0247,-1.39,17.0,-56.17,0.5312,9.61,299,96,False
S3_mom,T1_fixed_p25,P1_long_cash,7,0.8252,0.8462,1.156,0.8096,10.96,12.95,-13.53,0.4583,3.31,299,96,True
S3_mom,T1_fixed_p25,P2_signal_strength,7,0.8096,0.7845,1.1547,0.4748,7.82,9.97,-16.48,0.6458,2.23,292,96,True
S3_mom,T1_fixed_p25,P3_long_short,7,0.5944,0.4213,0.7677,0.3123,7.11,16.88,-22.76,0.5625,6.61,299,96,True
S3_mom,T1_fixed_p50,P1_long_cash,7,0.7018,0.665,0.6983,0.4107,7.08,10.64,-17.23,0.25,5.5,299,96,True
S3_mom,T1_fixed_p50,P2_signal_strength,7,0.8096,0.7845,1.1547,0.4748,7.82,9.97,-16.48,0.6458,2.23,292,96,True
S3_mom,T1_fixed_p50,P3_long_short,7,0.1943,-0.0382,-0.073,-0.0231,-0.65,17.0,-28.17,0.4479,11.0,299,96,False
S3_mom,T1_fixed_p75,P1_long_cash,7,0.5742,0.5791,0.438,0.3803,5.24,9.05,-13.78,0.1667,4.5,299,96,True
S3_mom,T1_fixed_p75,P2_signal_strength,7,0.8096,0.7845,1.1547,0.4748,7.82,9.97,-16.48,0.6458,2.23,292,96,True
S3_mom,T1_fixed_p75,P3_long_short,7,-0.1798,-0.2547,-0.482,-0.0961,-4.32,16.96,-44.95,0.4167,9.0,299,96,False
S3_mom,T2_roll_p25,P1_long_cash,7,0.8878,0.8297,1.1881,0.5438,11.42,13.77,-21.0,0.5,3.36,299,96,True
S3_mom,T2_roll_p25,P2_signal_strength,7,0.8096,0.7845,1.1547,0.4748,7.82,9.97,-16.48,0.6458,2.23,292,96,True
S3_mom,T2_roll_p25,P3_long_short,7,0.6128,0.4774,0.8369,0.301,8.04,16.84,-26.71,0.5729,6.72,299,96,True
S3_mom,T2_roll_p50,P1_long_cash,7,0.9381,0.8555,0.998,0.747,10.11,11.82,-13.53,0.3646,4.89,299,96,True
S3_mom,T2_roll_p50,P2_signal_strength,7,0.8096,0.7845,1.1547,0.4748,7.82,9.97,-16.48,0.6458,2.23,292,96,True
S3_mom,T2_roll_p50,P3_long_short,7,0.3938,0.3198,0.5649,0.2515,5.41,16.93,-21.53,0.5208,9.78,299,96,True
S3_mom,T2_roll_p75,P1_long_cash,7,0.5174,0.2562,0.2001,0.0976,2.12,8.27,-21.7,0.1458,3.94,299,96,True
S3_mom,T2_roll_p75,P2_signal_strength,7,0.8096,0.7845,1.1547,0.4748,7.82,9.97,-16.48,0.6458,2.23,292,96,True
S3_mom,T2_roll_p75,P3_long_short,7,-0.289,-0.6319,-1.1518,-0.1636,-10.57,16.72,-64.59,0.375,7.89,299,96,False
S3_mom,T3_zscore_1.0,P1_long_cash,7,0.3687,0.452,0.1835,0.3291,2.9,6.41,-8.8,0.0729,2.39,299,96,True
S3_mom,T3_zscore_1.0,P2_signal_strength,7,0.8096,0.7845,1.1547,0.4748,7.82,9.97,-16.48,0.6458,2.23,292,96,True
S3_mom,T3_zscore_1.0,P3_long_short,7,-0.4968,-0.5361,-1.013,-0.1559,-9.01,16.8,-57.79,0.3646,4.78,299,96,False
S3_mom,T3_zscore_neg_1.0,P1_long_cash,7,0.0958,0.7579,0.0,1.1755,4.4,5.81,-3.74,0.0938,2.11,299,96,True
S3_mom,T3_zscore_neg_1.0,P2_signal_strength,7,0.8096,0.7845,1.1547,0.4748,7.82,9.97,-16.48,0.6458,2.23,292,96,True
S3_mom,T3_zscore_neg_1.0,P3_long_short,7,-0.6183,-0.3547,-0.6929,-0.1062,-6.0,16.91,-56.51,0.4062,4.22,299,96,False
S3_mom,T3_zscore_1.5,P1_long_cash,7,0.174,-0.031,-0.0,-0.0129,-0.11,3.66,-8.8,0.0312,0.83,299,96,False
S3_mom,T3_zscore_1.5,P2_signal_strength,7,0.8096,0.7845,1.1547,0.4748,7.82,9.97,-16.48,0.6458,2.23,292,96,True
S3_mom,T3_zscore_1.5,P3_long_short,7,-0.6804,-0.9146,-1.5934,-0.2048,-15.03,16.43,-73.38,0.3438,1.67,299,96,False
S3_mom,T3_zscore_neg_1.5,P1_long_cash,7,0.2565,0.715,0.0,0.0,3.92,5.49,0.0,0.0521,1.06,299,96,True
S3_mom,T3_zscore_neg_1.5,P2_signal_strength,7,0.8096,0.7845,1.1547,0.4748,7.82,9.97,-16.48,0.6458,2.23,292,96,True
S3_mom,T3_zscore_neg_1.5,P3_long_short,7,-0.5429,-0.4121,-0.8059,-0.1292,-6.96,16.88,-53.87,0.375,2.11,299,96,False
S3_mom,T3_zscore_2.0,P1_long_cash,7,0.3672,-0.2075,-0.0,-0.0774,-0.68,3.28,-8.8,0.0208,0.44,299,96,False
S3_mom,T3_zscore_2.0,P2_signal_strength,7,0.8096,0.7845,1.1547,0.4748,7.82,9.97,-16.48,0.6458,2.23,292,96,True
S3_mom,T3_zscore_2.0,P3_long_short,7,-0.6623,-0.9892,-1.727,-0.2136,-16.16,16.34,-75.69,0.3333,0.89,299,96,False
S3_mom,T3_zscore_neg_2.0,P1_long_cash,7,0.3001,0.4501,0.0,0.0,1.82,4.05,0.0,0.0208,0.39,299,96,True
S3_mom,T3_zscore_neg_2.0,P2_signal_strength,7,0.8096,0.7845,1.1547,0.4748,7.82,9.97,-16.48,0.6458,2.23,292,96,True
S3_mom,T3_zscore_neg_2.0,P3_long_short,7,-0.5781,-0.6684,-1.2689,-0.1732,-11.16,16.69,-64.41,0.3438,0.78,299,96,False
S3_mom,T4_zero,P1_long_cash,7,0.9081,0.6813,0.8648,0.536,8.41,12.34,-15.69,0.3854,4.78,299,96,True
S3_mom,T4_zero,P2_signal_strength,7,0.8096,0.7845,1.1547,0.4748,7.82,9.97,-16.48,0.6458,2.23,292,96,True
S3_mom,T4_zero,P3_long_short,7,0.6202,0.1185,0.2139,0.0606,2.01,16.99,-33.21,0.5,9.56,299,96,True
S3_mom,T1_fixed_p25,P1_long_cash,8,0.5649,0.6996,0.9946,0.513,9.96,14.24,-19.42,0.4688,3.31,299,96,True
S3_mom,T1_fixed_p25,P2_signal_strength,8,0.723,0.9208,1.4849,0.6058,9.49,10.31,-15.67,0.6562,2.24,291,96,True
S3_mom,T1_fixed_p25,P3_long_short,8,0.2472,0.3022,0.5071,0.1403,5.12,16.94,-36.47,0.5833,6.61,299,96,True
S3_mom,T1_fixed_p50,P1_long_cash,8,0.5132,0.8135,1.0038,1.0121,8.91,10.95,-8.8,0.2812,5.44,299,96,True
S3_mom,T1_fixed_p50,P2_signal_strength,8,0.723,0.9208,1.4849,0.6058,9.49,10.31,-15.67,0.6562,2.24,291,96,True
S3_mom,T1_fixed_p50,P3_long_short,8,-0.0154,0.1779,0.3247,0.0754,3.02,16.98,-40.06,0.5,10.89,299,96,True
S3_mom,T1_fixed_p75,P1_long_cash,8,0.2535,0.5816,0.7792,0.406,4.68,8.05,-11.53,0.1667,4.5,299,96,True
S3_mom,T1_fixed_p75,P2_signal_strength,8,0.723,0.9208,1.4849,0.6058,9.49,10.31,-15.67,0.6562,2.24,291,96,True
S3_mom,T1_fixed_p75,P3_long_short,8,-0.4526,-0.3215,-0.6044,-0.0955,-5.44,16.93,-57.01,0.4062,9.0,299,96,False
S3_mom,T2_roll_p25,P1_long_cash,8,0.6964,0.7461,1.0914,0.5513,10.7,14.34,-19.42,0.5312,3.36,299,96,True
S3_mom,T2_roll_p25,P2_signal_strength,8,0.723,0.9208,1.4849,0.6058,9.49,10.31,-15.67,0.6562,2.24,291,96,True
S3_mom,T2_roll_p25,P3_long_short,8,0.382,0.3909,0.6696,0.1958,6.6,16.89,-33.72,0.6354,6.72,299,96,True
S3_mom,T2_roll_p50,P1_long_cash,8,0.5835,0.6016,0.7584,0.3384,8.01,13.31,-23.66,0.3646,4.89,299,96,True
S3_mom,T2_roll_p50,P2_signal_strength,8,0.723,0.9208,1.4849,0.6058,9.49,10.31,-15.67,0.6562,2.24,291,96,True
S3_mom,T2_roll_p50,P3_long_short,8,0.0116,0.0713,0.1222,0.0267,1.21,17.0,-45.32,0.5104,9.78,299,96,True
S3_mom,T2_roll_p75,P1_long_cash,8,0.1982,0.7838,0.878,0.8385,7.38,9.42,-8.8,0.1875,3.94,299,96,True
S3_mom,T2_roll_p75,P2_signal_strength,8,0.723,0.9208,1.4849,0.6058,9.49,10.31,-15.67,0.6562,2.24,291,96,True
S3_mom,T2_roll_p75,P3_long_short,8,-0.5204,-0.0022,-0.0043,-0.0007,-0.04,17.0,-50.27,0.4479,7.89,299,96,False
S3_mom,T3_zscore_1.0,P1_long_cash,8,0.4667,0.8708,0.0001,0.8186,5.22,5.99,-6.38,0.1042,2.39,299,96,True
S3_mom,T3_zscore_1.0,P2_signal_strength,8,0.723,0.9208,1.4849,0.6058,9.49,10.31,-15.67,0.6562,2.24,291,96,True
S3_mom,T3_zscore_1.0,P3_long_short,8,-0.4071,-0.2573,-0.4581,-0.0816,-4.36,16.95,-53.45,0.4167,4.78,299,96,False
S3_mom,T3_zscore_neg_1.0,P1_long_cash,8,0.243,0.6284,0.5887,0.8393,2.09,3.33,-2.49,0.0625,2.11,299,96,True
S3_mom,T3_zscore_neg_1.0,P2_signal_strength,8,0.723,0.9208,1.4849,0.6058,9.49,10.31,-15.67,0.6562,2.24,291,96,True
S3_mom,T3_zscore_neg_1.0,P3_long_short,8,-0.4979,-0.635,-1.1099,-0.1576,-10.62,16.72,-67.39,0.3438,4.22,299,96,False
S3_mom,T3_zscore_1.5,P1_long_cash,8,0.4459,0.7792,0.0,0.0,3.4,4.36,0.0,0.0521,0.83,299,96,True
S3_mom,T3_zscore_1.5,P2_signal_strength,8,0.723,0.9208,1.4849,0.6058,9.49,10.31,-15.67,0.6562,2.24,291,96,True
S3_mom,T3_zscore_1.5,P3_long_short,8,-0.5687,-0.4755,-0.8607,-0.1235,-8.01,16.84,-64.85,0.375,1.67,299,96,False
S3_mom,T3_zscore_neg_1.5,P1_long_cash,8,0.1202,0.5028,2.607,0.7587,1.38,2.74,-1.81,0.0312,1.06,299,96,True
S3_mom,T3_zscore_neg_1.5,P2_signal_strength,8,0.723,0.9208,1.4849,0.6058,9.49,10.31,-15.67,0.6562,2.24,291,96,True
S3_mom,T3_zscore_neg_1.5,P3_long_short,8,-0.6391,-0.7242,-1.2851,-0.1801,-12.05,16.64,-66.89,0.3333,2.11,299,96,False
S3_mom,T3_zscore_2.0,P1_long_cash,8,0.1938,0.6879,0.0,0.0,2.74,3.98,0.0,0.0417,0.44,299,96,True
S3_mom,T3_zscore_2.0,P2_signal_strength,8,0.723,0.9208,1.4849,0.6058,9.49,10.31,-15.67,0.6562,2.24,291,96,True
S3_mom,T3_zscore_2.0,P3_long_short,8,-0.6733,-0.5559,-1.0086,-0.1365,-9.33,16.78,-68.38,0.3646,0.89,299,96,False
S3_mom,T3_zscore_neg_2.0,P1_long_cash,8,0.4045,0.2465,0.0,0.3294,0.34,1.36,-1.02,0.0104,0.39,299,96,True
S3_mom,T3_zscore_neg_2.0,P2_signal_strength,8,0.723,0.9208,1.4849,0.6058,9.49,10.31,-15.67,0.6562,2.24,291,96,True
S3_mom,T3_zscore_neg_2.0,P3_long_short,8,-0.5525,-0.8564,-1.5262,-0.1963,-14.13,16.5,-71.97,0.3229,0.78,299,96,False
S3_mom,T4_zero,P1_long_cash,8,0.5862,0.6865,0.9256,0.4888,9.49,13.82,-19.42,0.4062,4.75,299,96,True
S3_mom,T4_zero,P2_signal_strength,8,0.723,0.9208,1.4849,0.6058,9.49,10.31,-15.67,0.6562,2.24,291,96,True
S3_mom,T4_zero,P3_long_short,8,0.1737,0.2464,0.4177,0.1203,4.18,16.96,-34.74,0.5417,9.5,299,96,True
S3_mom,T1_fixed_p25,P1_long_cash,9,0.709,0.5179,0.6449,0.2456,7.13,13.77,-29.03,0.4479,3.31,299,96,True
S3_mom,T1_fixed_p25,P2_signal_strength,9,0.7804,0.8407,1.3151,0.4673,8.36,9.95,-17.89,0.6562,2.23,290,96,True
S3_mom,T1_fixed_p25,P3_long_short,9,0.5085,-0.0318,-0.0524,-0.0114,-0.54,17.0,-47.27,0.5417,6.61,299,96,False
S3_mom,T1_fixed_p50,P1_long_cash,9,0.637,0.4486,0.5342,0.1808,4.86,10.83,-26.87,0.2708,5.5,299,96,True
S3_mom,T1_fixed_p50,P2_signal_strength,9,0.7804,0.8407,1.3151,0.4673,8.36,9.95,-17.89,0.6562,2.23,290,96,True
S3_mom,T1_fixed_p50,P3_long_short,9,0.1333,-0.3001,-0.5196,-0.0879,-5.08,16.94,-57.85,0.4688,11.0,299,96,False
S3_mom,T1_fixed_p75,P1_long_cash,9,0.4787,0.5616,0.6494,0.2522,4.89,8.7,-19.37,0.1875,4.56,299,96,True
S3_mom,T1_fixed_p75,P2_signal_strength,9,0.7804,0.8407,1.3151,0.4673,8.36,9.95,-17.89,0.6562,2.23,290,96,True
S3_mom,T1_fixed_p75,P3_long_short,9,-0.1966,-0.297,-0.5301,-0.087,-5.03,16.94,-57.84,0.4375,9.11,299,96,False
S3_mom,T2_roll_p25,P1_long_cash,9,0.7526,0.4597,0.5947,0.1887,6.58,14.32,-34.88,0.4792,3.36,299,96,True
S3_mom,T2_roll_p25,P2_signal_strength,9,0.7804,0.8407,1.3151,0.4673,8.36,9.95,-17.89,0.6562,2.23,290,96,True
S3_mom,T2_roll_p25,P3_long_short,9,0.5024,-0.0963,-0.157,-0.031,-1.64,17.0,-52.73,0.5312,6.72,299,96,False
S3_mom,T2_roll_p50,P1_long_cash,9,0.5818,0.36,0.4373,0.1655,4.8,13.34,-29.03,0.3646,4.89,299,96,True
S3_mom,T2_roll_p50,P2_signal_strength,9,0.7804,0.8407,1.3151,0.4673,8.36,9.95,-17.89,0.6562,2.23,290,96,True
S3_mom,T2_roll_p50,P3_long_short,9,0.0444,-0.3067,-0.5272,-0.0961,-5.19,16.93,-54.08,0.5,9.78,299,96,False
S3_mom,T2_roll_p75,P1_long_cash,9,0.3838,0.9717,1.4193,1.1676,7.57,7.79,-6.48,0.1979,3.94,299,96,True
S3_mom,T2_roll_p75,P2_signal_strength,9,0.7804,0.8407,1.3151,0.4673,8.36,9.95,-17.89,0.6562,2.23,290,96,True
S3_mom,T2_roll_p75,P3_long_short,9,-0.3388,0.0195,0.0361,0.0074,0.33,17.0,-44.79,0.4583,7.89,299,96,True
S3_mom,T3_zscore_1.0,P1_long_cash,9,0.2411,0.5394,0.8949,0.5385,2.84,5.26,-5.27,0.0938,2.39,299,96,True
S3_mom,T3_zscore_1.0,P2_signal_strength,9,0.7804,0.8407,1.3151,0.4673,8.36,9.95,-17.89,0.6562,2.23,290,96,True
S3_mom,T3_zscore_1.0,P3_long_short,9,-0.5272,-0.5432,-0.9781,-0.1328,-9.12,16.79,-68.69,0.3854,4.78,299,96,False
S3_mom,T3_zscore_neg_1.0,P1_long_cash,9,-0.0994,0.532,0.1867,0.3985,3.15,5.93,-7.92,0.0833,2.11,299,96,True
S3_mom,T3_zscore_neg_1.0,P2_signal_strength,9,0.7804,0.8407,1.3151,0.4673,8.36,9.95,-17.89,0.6562,2.23,290,96,True
S3_mom,T3_zscore_neg_1.0,P3_long_short,9,-0.8103,-0.5049,-0.9371,-0.1504,-8.49,16.82,-56.46,0.3854,4.22,299,96,False
S3_mom,T3_zscore_1.5,P1_long_cash,9,0.3462,0.3921,0.0,0.3006,1.09,2.79,-3.64,0.0417,0.83,299,96,True
S3_mom,T3_zscore_1.5,P2_signal_strength,9,0.7804,0.8407,1.3151,0.4673,8.36,9.95,-17.89,0.6562,2.23,290,96,True
S3_mom,T3_zscore_1.5,P3_long_short,9,-0.6104,-0.7599,-1.3625,-0.1853,-12.62,16.6,-68.07,0.3542,1.67,299,96,False
S3_mom,T3_zscore_neg_1.5,P1_long_cash,9,0.1602,0.5977,0.0,1.8615,1.9,3.17,-1.02,0.0417,1.06,299,96,True
S3_mom,T3_zscore_neg_1.5,P2_signal_strength,9,0.7804,0.8407,1.3151,0.4673,8.36,9.95,-17.89,0.6562,2.23,290,96,True
S3_mom,T3_zscore_neg_1.5,P3_long_short,9,-0.6116,-0.6592,-1.1812,-0.172,-11.01,16.7,-64.01,0.3542,2.11,299,96,False
S3_mom,T3_zscore_2.0,P1_long_cash,9,0.1926,0.3636,0.0,0.2781,1.01,2.78,-3.64,0.0312,0.44,299,96,True
S3_mom,T3_zscore_2.0,P2_signal_strength,9,0.7804,0.8407,1.3151,0.4673,8.36,9.95,-17.89,0.6562,2.23,290,96,True
S3_mom,T3_zscore_2.0,P3_long_short,9,-0.6821,-0.7702,-1.375,-0.1866,-12.78,16.59,-68.49,0.3438,0.89,299,96,False
S3_mom,T3_zscore_neg_2.0,P1_long_cash,9,0.2817,0.2096,0.0,0.2161,0.22,1.05,-1.02,0.0104,0.39,299,96,True
S3_mom,T3_zscore_neg_2.0,P2_signal_strength,9,0.7804,0.8407,1.3151,0.4673,8.36,9.95,-17.89,0.6562,2.23,290,96,True
S3_mom,T3_zscore_neg_2.0,P3_long_short,9,-0.6302,-0.8713,-1.5531,-0.1981,-14.36,16.48,-72.48,0.3229,0.78,299,96,False
S3_mom,T4_zero,P1_long_cash,9,0.6483,0.3837,0.4643,0.1775,5.15,13.43,-29.03,0.3958,4.72,299,96,True
S3_mom,T4_zero,P2_signal_strength,9,0.7804,0.8407,1.3151,0.4673,8.36,9.95,-17.89,0.6562,2.23,290,96,True
S3_mom,T4_zero,P3_long_short,9,0.3254,-0.2654,-0.4524,-0.0876,-4.5,16.95,-51.36,0.5104,9.44,299,96,False
S3_mom,T1_fixed_p25,P1_long_cash,10,0.7406,0.6463,0.7983,0.3528,8.42,13.03,-23.87,0.4479,3.31,299,96,True
S3_mom,T1_fixed_p25,P2_signal_strength,10,0.672,0.8165,1.2701,0.4633,7.81,9.56,-16.85,0.6458,2.24,289,96,True
S3_mom,T1_fixed_p25,P3_long_short,10,0.5244,0.1199,0.2028,0.0647,2.04,16.99,-31.52,0.5521,6.61,299,96,True
S3_mom,T1_fixed_p50,P1_long_cash,10,0.5318,0.2192,0.2097,0.0843,2.2,10.04,-26.11,0.2292,5.47,299,96,True
S3_mom,T1_fixed_p50,P2_signal_strength,10,0.672,0.8165,1.2701,0.4633,7.81,9.56,-16.85,0.6458,2.24,289,96,True
S3_mom,T1_fixed_p50,P3_long_short,10,0.0816,-0.6217,-1.0687,-0.1765,-10.4,16.73,-58.95,0.3958,10.94,299,96,False
S3_mom,T1_fixed_p75,P1_long_cash,10,0.2077,0.0518,0.0392,0.0169,0.41,7.85,-24.01,0.1458,4.53,299,96,True
S3_mom,T1_fixed_p75,P2_signal_strength,10,0.672,0.8165,1.2701,0.4633,7.81,9.56,-16.85,0.6458,2.24,289,96,True
S3_mom,T1_fixed_p75,P3_long_short,10,-0.4693,-0.8473,-1.4784,-0.2022,-13.99,16.51,-69.19,0.3646,9.06,299,96,False
S3_mom,T2_roll_p25,P1_long_cash,10,0.6469,0.8424,1.1628,0.7136,12.03,14.28,-16.85,0.5104,3.36,299,96,True
S3_mom,T2_roll_p25,P2_signal_strength,10,0.672,0.8165,1.2701,0.4633,7.81,9.56,-16.85,0.6458,2.24,289,96,True
S3_mom,T2_roll_p25,P3_long_short,10,0.3411,0.5511,1.0267,0.5742,9.25,16.79,-16.11,0.6042,6.72,299,96,True
S3_mom,T2_roll_p50,P1_long_cash,10,0.4668,0.5749,0.6597,0.2911,6.95,12.09,-23.87,0.3542,4.86,299,96,True
S3_mom,T2_roll_p50,P2_signal_strength,10,0.672,0.8165,1.2701,0.4633,7.81,9.56,-16.85,0.6458,2.24,289,96,True
S3_mom,T2_roll_p50,P3_long_short,10,-0.0712,-0.0533,-0.0961,-0.0255,-0.91,17.0,-35.48,0.4896,9.72,299,96,False
S3_mom,T2_roll_p75,P1_long_cash,10,0.2908,-0.0592,-0.0415,-0.0209,-0.43,7.24,-20.5,0.1458,3.92,299,96,False
S3_mom,T2_roll_p75,P2_signal_strength,10,0.672,0.8165,1.2701,0.4633,7.81,9.56,-16.85,0.6458,2.24,289,96,True
S3_mom,T2_roll_p75,P3_long_short,10,-0.3872,-0.9558,-1.6215,-0.2143,-15.66,16.38,-73.06,0.3646,7.83,299,96,False
S3_mom,T3_zscore_1.0,P1_long_cash,10,0.228,-0.0058,-0.0046,-0.0025,-0.03,4.36,-10.13,0.0729,2.39,299,96,False
S3_mom,T3_zscore_1.0,P2_signal_strength,10,0.672,0.8165,1.2701,0.4633,7.81,9.56,-16.85,0.6458,2.24,289,96,True
S3_mom,T3_zscore_1.0,P3_long_short,10,-0.5307,-0.9031,-1.6498,-0.2085,-14.85,16.45,-71.24,0.3438,4.78,299,96,False
S3_mom,T3_zscore_neg_1.0,P1_long_cash,10,0.362,0.0037,0.0012,0.0014,0.02,5.93,-15.8,0.0625,2.11,299,96,True
S3_mom,T3_zscore_neg_1.0,P2_signal_strength,10,0.672,0.8165,1.2701,0.4633,7.81,9.56,-16.85,0.6458,2.24,289,96,True
S3_mom,T3_zscore_neg_1.0,P3_long_short,10,-0.3996,-0.897,-1.4485,-0.1961,-14.76,16.45,-75.28,0.3438,4.22,299,96,False
S3_mom,T3_zscore_1.5,P1_long_cash,10,0.1472,0.2217,0.0,0.1169,0.32,1.45,-2.74,0.0417,0.83,299,96,True
S3_mom,T3_zscore_1.5,P2_signal_strength,10,0.672,0.8165,1.2701,0.4633,7.81,9.56,-16.85,0.6458,2.24,289,96,True
S3_mom,T3_zscore_1.5,P3_long_short,10,-0.6594,-0.8584,-1.5561,-0.2,-14.16,16.5,-70.81,0.3542,1.67,299,96,False
S3_mom,T3_zscore_neg_1.5,P1_long_cash,10,0.2254,0.0901,0.0796,0.0566,0.3,3.31,-5.27,0.0312,1.06,299,96,True
S3_mom,T3_zscore_neg_1.5,P2_signal_strength,10,0.672,0.8165,1.2701,0.4633,7.81,9.56,-16.85,0.6458,2.24,289,96,True
S3_mom,T3_zscore_neg_1.5,P3_long_short,10,-0.554,-0.8612,-1.5354,-0.1969,-14.21,16.49,-72.14,0.3333,2.11,299,96,False
S3_mom,T3_zscore_2.0,P1_long_cash,10,0.0296,0.0331,0.0,0.0146,0.04,1.21,-2.74,0.0312,0.44,299,96,True
S3_mom,T3_zscore_2.0,P2_signal_strength,10,0.672,0.8165,1.2701,0.4633,7.81,9.56,-16.85,0.6458,2.24,289,96,True
S3_mom,T3_zscore_2.0,P3_long_short,10,-0.7112,-0.8946,-1.6249,-0.2042,-14.72,16.46,-72.09,0.3438,0.89,299,96,False
S3_mom,T3_zscore_neg_2.0,P1_long_cash,10,0.1872,0.4885,0.0,0.0,0.92,1.87,0.0,0.0208,0.39,299,96,True
S3_mom,T3_zscore_neg_2.0,P2_signal_strength,10,0.672,0.8165,1.2701,0.4633,7.81,9.56,-16.85,0.6458,2.24,289,96,True
S3_mom,T3_zscore_neg_2.0,P3_long_short,10,-0.6515,-0.7824,-1.3939,-0.1873,-12.97,16.58,-69.25,0.3438,0.78,299,96,False
S3_mom,T4_zero,P1_long_cash,10,0.7175,0.7114,0.8466,0.3692,8.81,12.39,-23.87,0.3958,4.69,299,96,True
S3_mom,T4_zero,P2_signal_strength,10,0.672,0.8165,1.2701,0.4633,7.81,9.56,-16.85,0.6458,2.24,289,96,True
S3_mom,T4_zero,P3_long_short,10,0.4277,0.1662,0.2903,0.0895,2.82,16.98,-31.52,0.5208,9.39,299,96,True
S3_mom,T1_fixed_p25,P1_long_cash,11,0.8201,0.754,0.8683,0.5642,9.9,13.13,-17.55,0.4896,3.28,299,96,True
S3_mom,T1_fixed_p25,P2_signal_strength,11,0.8389,0.902,1.2794,0.5834,8.79,9.75,-15.07,0.6562,2.24,288,96,True
S3_mom,T1_fixed_p25,P3_long_short,11,0.5761,0.2951,0.4977,0.1788,5.0,16.94,-27.96,0.6354,6.56,299,96,True
S3_mom,T1_fixed_p50,P1_long_cash,11,0.7602,0.9815,1.072,1.0061,9.67,9.86,-9.61,0.2917,5.44,299,96,True
S3_mom,T1_fixed_p50,P2_signal_strength,11,0.8389,0.902,1.2794,0.5834,8.79,9.75,-15.07,0.6562,2.24,288,96,True
S3_mom,T1_fixed_p50,P3_long_short,11,0.3294,0.2681,0.5172,0.1375,4.54,16.95,-33.04,0.5208,10.89,299,96,True
S3_mom,T1_fixed_p75,P1_long_cash,11,0.7125,0.9511,0.8749,0.76,6.84,7.19,-8.99,0.1979,4.5,299,96,True
S3_mom,T1_fixed_p75,P2_signal_strength,11,0.8389,0.902,1.2794,0.5834,8.79,9.75,-15.07,0.6562,2.24,288,96,True
S3_mom,T1_fixed_p75,P3_long_short,11,-0.036,-0.0666,-0.1227,-0.0292,-1.13,17.0,-38.73,0.4688,9.0,299,96,False
S3_mom,T2_roll_p25,P1_long_cash,11,0.8599,0.7474,0.9412,0.5781,10.14,13.57,-17.55,0.5208,3.36,299,96,True
S3_mom,T2_roll_p25,P2_signal_strength,11,0.8389,0.902,1.2794,0.5834,8.79,9.75,-15.07,0.6562,2.24,288,96,True
S3_mom,T2_roll_p25,P3_long_short,11,0.6167,0.3241,0.5354,0.1924,5.49,16.93,-28.51,0.625,6.72,299,96,True
S3_mom,T2_roll_p50,P1_long_cash,11,0.7283,0.6268,0.6608,0.4478,7.86,12.54,-17.55,0.3958,4.83,299,96,True
S3_mom,T2_roll_p50,P2_signal_strength,11,0.8389,0.902,1.2794,0.5834,8.79,9.75,-15.07,0.6562,2.24,288,96,True
S3_mom,T2_roll_p50,P3_long_short,11,0.2031,0.0538,0.0887,0.0318,0.91,17.0,-28.77,0.5729,9.67,299,96,True
S3_mom,T2_roll_p75,P1_long_cash,11,0.6344,0.8333,0.7695,0.7205,6.48,7.78,-8.99,0.1979,3.89,299,96,True
S3_mom,T2_roll_p75,P2_signal_strength,11,0.8389,0.902,1.2794,0.5834,8.79,9.75,-15.07,0.6562,2.24,288,96,True
S3_mom,T2_roll_p75,P3_long_short,11,-0.1527,-0.1084,-0.214,-0.0389,-1.84,16.99,-47.32,0.4688,7.78,299,96,False
S3_mom,T3_zscore_1.0,P1_long_cash,11,0.4128,0.5446,0.3546,0.3779,3.4,6.24,-8.99,0.0938,2.39,299,96,True
S3_mom,T3_zscore_1.0,P2_signal_strength,11,0.8389,0.902,1.2794,0.5834,8.79,9.75,-15.07,0.6562,2.24,288,96,True
S3_mom,T3_zscore_1.0,P3_long_short,11,-0.423,-0.4753,-0.9152,-0.1498,-8.0,16.84,-53.45,0.3854,4.78,299,96,False
S3_mom,T3_zscore_neg_1.0,P1_long_cash,11,0.006,0.094,0.0578,0.0445,0.62,6.54,-13.82,0.0417,2.11,299,96,True
S3_mom,T3_zscore_neg_1.0,P2_signal_strength,11,0.8389,0.902,1.2794,0.5834,8.79,9.75,-15.07,0.6562,2.24,288,96,True
S3_mom,T3_zscore_neg_1.0,P3_long_short,11,-0.7129,-0.8206,-1.5637,-0.1873,-13.57,16.54,-72.47,0.3021,4.22,299,96,False
S3_mom,T3_zscore_1.5,P1_long_cash,11,0.3206,0.0961,0.0,0.043,0.3,3.09,-6.91,0.0417,0.83,299,96,True
S3_mom,T3_zscore_1.5,P2_signal_strength,11,0.8389,0.902,1.2794,0.5834,8.79,9.75,-15.07,0.6562,2.24,288,96,True
S3_mom,T3_zscore_1.5,P3_long_short,11,-0.6328,-0.8614,-1.5257,-0.1981,-14.21,16.49,-71.71,0.3542,1.67,299,96,False
S3_mom,T3_zscore_neg_1.5,P1_long_cash,11,0.1377,-0.0686,-0.0339,-0.0286,-0.25,3.63,-8.71,0.0208,1.06,299,96,False
S3_mom,T3_zscore_neg_1.5,P2_signal_strength,11,0.8389,0.902,1.2794,0.5834,8.79,9.75,-15.07,0.6562,2.24,288,96,True
S3_mom,T3_zscore_neg_1.5,P3_long_short,11,-0.6292,-0.9323,-1.6681,-0.2054,-15.3,16.41,-74.47,0.3125,2.11,299,96,False
S3_mom,T3_zscore_2.0,P1_long_cash,11,0.2875,-0.0028,-0.0,-0.0012,-0.01,2.97,-6.91,0.0312,0.44,299,96,False
S3_mom,T3_zscore_2.0,P2_signal_strength,11,0.8389,0.902,1.2794,0.5834,8.79,9.75,-15.07,0.6562,2.24,288,96,True
S3_mom,T3_zscore_2.0,P3_long_short,11,-0.6863,-0.9009,-1.5997,-0.2028,-14.82,16.45,-73.06,0.3438,0.89,299,96,False
S3_mom,T3_zscore_neg_2.0,P1_long_cash,11,0.1322,0.5012,0.0,0.0,1.23,2.45,0.0,0.0208,0.39,299,96,True
S3_mom,T3_zscore_neg_2.0,P2_signal_strength,11,0.8389,0.902,1.2794,0.5834,8.79,9.75,-15.07,0.6562,2.24,288,96,True
S3_mom,T3_zscore_neg_2.0,P3_long_short,11,-0.6781,-0.7428,-1.3277,-0.1825,-12.34,16.62,-67.66,0.3438,0.78,299,96,False
S3_mom,T4_zero,P1_long_cash,11,0.8315,0.6814,0.7604,0.4972,8.72,12.8,-17.55,0.4375,4.67,299,96,True
S3_mom,T4_zero,P2_signal_strength,11,0.8389,0.902,1.2794,0.5834,8.79,9.75,-15.07,0.6562,2.24,288,96,True
S3_mom,T4_zero,P3_long_short,11,0.5353,0.1558,0.2547,0.1041,2.65,16.98,-25.41,0.6042,9.33,299,96,True
S3_mom,T1_fixed_p25,P1_long_cash,12,0.6485,0.647,0.9162,0.3701,8.47,13.09,-22.88,0.4375,3.25,299,96,True
S3_mom,T1_fixed_p25,P2_signal_strength,12,0.793,0.8029,1.1291,0.413,7.65,9.53,-18.53,0.6458,2.24,287,96,True
S3_mom,T1_fixed_p25,P3_long_short,12,0.4023,0.1255,0.2318,0.0551,2.13,16.99,-38.68,0.5312,6.5,299,96,True
S3_mom,T1_fixed_p50,P1_long_cash,12,0.7344,0.1262,0.1545,0.0535,1.28,10.12,-23.86,0.2396,5.36,299,96,True
S3_mom,T1_fixed_p50,P2_signal_strength,12,0.793,0.8029,1.1291,0.413,7.65,9.53,-18.53,0.6458,2.24,287,96,True
S3_mom,T1_fixed_p50,P3_long_short,12,0.3301,-0.7367,-1.2378,-0.1714,-12.25,16.63,-71.44,0.4167,10.72,299,96,False
S3_mom,T1_fixed_p75,P1_long_cash,12,0.7704,-0.0653,-0.0624,-0.0202,-0.51,7.85,-25.41,0.1562,4.47,299,96,False
S3_mom,T1_fixed_p75,P2_signal_strength,12,0.793,0.8029,1.1291,0.413,7.65,9.53,-18.53,0.6458,2.24,287,96,True
S3_mom,T1_fixed_p75,P3_long_short,12,0.0838,-0.9669,-1.6315,-0.1975,-15.83,16.37,-80.16,0.3854,8.94,299,96,False
S3_mom,T2_roll_p25,P1_long_cash,12,0.6199,0.572,0.8352,0.2933,7.94,13.88,-27.07,0.4688,3.36,299,96,True
S3_mom,T2_roll_p25,P2_signal_strength,12,0.793,0.8029,1.1291,0.413,7.65,9.53,-18.53,0.6458,2.24,287,96,True
S3_mom,T2_roll_p25,P3_long_short,12,0.2899,0.0632,0.1126,0.0227,1.07,17.0,-47.29,0.5208,6.72,299,96,True
S3_mom,T2_roll_p50,P1_long_cash,12,0.7431,0.3636,0.481,0.1853,4.39,12.08,-23.69,0.3333,4.81,299,96,True
S3_mom,T2_roll_p50,P2_signal_strength,12,0.793,0.8029,1.1291,0.413,7.65,9.53,-18.53,0.6458,2.24,287,96,True
S3_mom,T2_roll_p50,P3_long_short,12,0.3054,-0.356,-0.653,-0.1015,-6.02,16.91,-59.3,0.4479,9.61,299,96,False
S3_mom,T2_roll_p75,P1_long_cash,12,0.7183,0.0096,0.0085,0.0027,0.07,7.72,-27.23,0.1562,3.86,299,96,True
S3_mom,T2_roll_p75,P2_signal_strength,12,0.793,0.8029,1.1291,0.413,7.65,9.53,-18.53,0.6458,2.24,287,96,True
S3_mom,T2_roll_p75,P3_long_short,12,-0.0143,-0.8902,-1.498,-0.1874,-14.65,16.46,-78.2,0.3854,7.72,299,96,False
S3_mom,T3_zscore_1.0,P1_long_cash,12,0.3094,0.1536,0.0912,0.0906,0.8,5.18,-8.78,0.1042,2.39,299,96,True
S3_mom,T3_zscore_1.0,P2_signal_strength,12,0.793,0.8029,1.1291,0.413,7.65,9.53,-18.53,0.6458,2.24,287,96,True
S3_mom,T3_zscore_1.0,P3_long_short,12,-0.4598,-0.7976,-1.3783,-0.1749,-13.21,16.56,-75.53,0.3958,4.78,299,96,False
S3_mom,T3_zscore_neg_1.0,P1_long_cash,12,0.1723,0.2516,0.1706,0.0984,1.91,7.59,-19.42,0.0833,2.11,299,96,True
S3_mom,T3_zscore_neg_1.0,P2_signal_strength,12,0.793,0.8029,1.1291,0.413,7.65,9.53,-18.53,0.6458,2.24,287,96,True
S3_mom,T3_zscore_neg_1.0,P3_long_short,12,-0.5659,-0.6576,-1.1321,-0.1706,-10.98,16.7,-64.38,0.3854,4.22,299,96,False
S3_mom,T3_zscore_1.5,P1_long_cash,12,0.0929,0.1454,0.0,0.0652,0.42,2.86,-6.38,0.0417,0.83,299,96,True
S3_mom,T3_zscore_1.5,P2_signal_strength,12,0.793,0.8029,1.1291,0.413,7.65,9.53,-18.53,0.6458,2.24,287,96,True
S3_mom,T3_zscore_1.5,P3_long_short,12,-0.6778,-0.8461,-1.4929,-0.1889,-13.97,16.51,-73.95,0.3542,1.67,299,96,False
S3_mom,T3_zscore_neg_1.5,P1_long_cash,12,0.1986,0.6826,0.0,0.0,3.44,5.04,0.0,0.0521,1.06,299,96,True
S3_mom,T3_zscore_neg_1.5,P2_signal_strength,12,0.793,0.8029,1.1291,0.413,7.65,9.53,-18.53,0.6458,2.24,287,96,True
S3_mom,T3_zscore_neg_1.5,P3_long_short,12,-0.6088,-0.4699,-0.9038,-0.1422,-7.92,16.85,-55.67,0.375,2.11,299,96,False
S3_mom,T3_zscore_2.0,P1_long_cash,12,0.0241,0.0165,0.0,0.0069,0.04,2.66,-6.38,0.0312,0.44,299,96,True
S3_mom,T3_zscore_2.0,P2_signal_strength,12,0.793,0.8029,1.1291,0.413,7.65,9.53,-18.53,0.6458,2.24,287,96,True
S3_mom,T3_zscore_2.0,P3_long_short,12,-0.7133,-0.8942,-1.5833,-0.195,-14.71,16.46,-75.45,0.3438,0.89,299,96,False
S3_mom,T3_zscore_neg_2.0,P1_long_cash,12,0.2079,0.3949,0.0,0.0,0.74,1.88,0.0,0.0208,0.39,299,96,True
S3_mom,T3_zscore_neg_2.0,P2_signal_strength,12,0.793,0.8029,1.1291,0.413,7.65,9.53,-18.53,0.6458,2.24,287,96,True
S3_mom,T3_zscore_neg_2.0,P3_long_short,12,-0.6533,-0.8042,-1.4483,-0.19,-13.32,16.56,-70.08,0.3438,0.78,299,96,False
S3_mom,T4_zero,P1_long_cash,12,0.6907,0.4772,0.6223,0.2572,5.88,12.33,-22.88,0.375,4.64,299,96,True
S3_mom,T4_zero,P2_signal_strength,12,0.793,0.8029,1.1291,0.413,7.65,9.53,-18.53,0.6458,2.24,287,96,True
S3_mom,T4_zero,P3_long_short,12,0.3745,-0.1787,-0.3247,-0.0575,-3.03,16.98,-52.72,0.4792,9.28,299,96,False
S4_dev_trend,T1_fixed_p25,P1_long_cash,0,0.8765,0.5027,0.5862,0.2524,6.04,12.02,-23.93,0.3438,0.69,299,96,True
S4_dev_trend,T1_fixed_p25,P2_signal_strength,0,1.0753,0.8167,1.2826,0.4707,9.62,11.78,-20.45,0.6562,0.77,291,96,True
S4_dev_trend,T1_fixed_p25,P3_long_short,0,0.6806,-0.1603,-0.2866,-0.0559,-2.72,16.98,-48.71,0.5104,1.39,299,96,False
S4_dev_trend,T1_fixed_p50,P1_long_cash,0,0.9307,0.1222,0.0889,0.0639,0.93,7.59,-14.5,0.1979,1.5,299,96,True
S4_dev_trend,T1_fixed_p50,P2_signal_strength,0,1.0753,0.8167,1.2826,0.4707,9.62,11.78,-20.45,0.6562,0.77,291,96,True
S4_dev_trend,T1_fixed_p50,P3_long_short,0,0.56,-0.7809,-1.3238,-0.1814,-12.95,16.58,-71.39,0.4271,3.0,299,96,False
S4_dev_trend,T1_fixed_p75,P1_long_cash,0,0.6918,0.8044,0.3611,0.6911,3.22,4.0,-4.66,0.1146,1.22,299,96,True
S4_dev_trend,T1_fixed_p75,P2_signal_strength,0,1.0753,0.8167,1.2826,0.4707,9.62,11.78,-20.45,0.6562,0.77,291,96,True
S4_dev_trend,T1_fixed_p75,P3_long_short,0,0.0125,-0.4968,-0.8694,-0.1368,-8.36,16.83,-61.12,0.4167,2.44,299,96,False
S4_dev_trend,T2_roll_p25,P1_long_cash,0,1.0372,0.6907,0.9375,0.4243,10.15,14.7,-23.93,0.5729,1.14,299,96,True
S4_dev_trend,T2_roll_p25,P2_signal_strength,0,1.0753,0.8167,1.2826,0.4707,9.62,11.78,-20.45,0.6562,0.77,291,96,True
S4_dev_trend,T2_roll_p25,P3_long_short,0,0.86,0.325,0.5147,0.1333,5.5,16.93,-41.28,0.625,2.28,299,96,True
S4_dev_trend,T2_roll_p50,P1_long_cash,0,1.0089,0.5834,0.5983,0.3564,5.83,9.99,-16.35,0.3021,1.81,299,96,True
S4_dev_trend,T2_roll_p50,P2_signal_strength,0,1.0753,0.8167,1.2826,0.4707,9.62,11.78,-20.45,0.6562,0.77,291,96,True
S4_dev_trend,T2_roll_p50,P3_long_short,0,0.4991,-0.1852,-0.3199,-0.0645,-3.14,16.98,-48.72,0.4896,3.61,299,96,False
S4_dev_trend,T2_roll_p75,P1_long_cash,0,0.7046,0.6122,0.3931,0.4815,3.33,5.44,-6.91,0.1562,1.44,299,96,True
S4_dev_trend,T2_roll_p75,P2_signal_strength,0,1.0753,0.8167,1.2826,0.4707,9.62,11.78,-20.45,0.6562,0.77,291,96,True
S4_dev_trend,T2_roll_p75,P3_long_short,0,-0.0078,-0.4839,-0.844,-0.1364,-8.15,16.84,-59.73,0.4375,2.89,299,96,False
S4_dev_trend,T3_zscore_1.0,P1_long_cash,0,0.5109,0.4603,0.136,0.2497,1.96,4.26,-7.86,0.0729,0.61,299,96,True
S4_dev_trend,T3_zscore_1.0,P2_signal_strength,0,1.0753,0.8167,1.2826,0.4707,9.62,11.78,-20.45,0.6562,0.77,291,96,True
S4_dev_trend,T3_zscore_1.0,P3_long_short,0,-0.2917,-0.6511,-1.1413,-0.1563,-10.88,16.71,-69.59,0.375,1.22,299,96,False
S4_dev_trend,T3_zscore_neg_1.0,P1_long_cash,0,-0.153,0.4398,0.2246,0.3256,2.59,5.88,-7.94,0.0521,0.5,299,96,True
S4_dev_trend,T3_zscore_neg_1.0,P2_signal_strength,0,1.0753,0.8167,1.2826,0.4707,9.62,11.78,-20.45,0.6562,0.77,291,96,True
S4_dev_trend,T3_zscore_neg_1.0,P3_long_short,0,-0.9237,-0.5742,-1.1258,-0.1557,-9.63,16.77,-61.83,0.3542,1.0,299,96,False
S4_dev_trend,T3_zscore_1.5,P1_long_cash,0,0.2424,0.3536,0.0,0.0,0.3,0.86,0.0,0.0104,0.5,299,96,True
S4_dev_trend,T3_zscore_1.5,P2_signal_strength,0,1.0753,0.8167,1.2826,0.4707,9.62,11.78,-20.45,0.6562,0.77,291,96,True
S4_dev_trend,T3_zscore_1.5,P3_long_short,0,-0.5997,-0.8605,-1.5383,-0.1933,-14.19,16.5,-73.44,0.3333,1.0,299,96,False
S4_dev_trend,T3_zscore_neg_1.5,P1_long_cash,0,-0.2438,0.6024,0.0,0.0,3.14,5.21,0.0,0.0417,0.28,299,96,True
S4_dev_trend,T3_zscore_neg_1.5,P2_signal_strength,0,1.0753,0.8167,1.2826,0.4707,9.62,11.78,-20.45,0.6562,0.77,291,96,True
S4_dev_trend,T3_zscore_neg_1.5,P3_long_short,0,-1.0393,-0.5066,-1.0034,-0.1378,-8.52,16.82,-61.83,0.3646,0.56,299,96,False
S4_dev_trend,T3_zscore_2.0,P1_long_cash,0,0.2173,0.0,0.0,0.0,0.0,99900.0,0.0,0.0,0.11,299,96,False
S4_dev_trend,T3_zscore_2.0,P2_signal_strength,0,1.0753,0.8167,1.2826,0.4707,9.62,11.78,-20.45,0.6562,0.77,291,96,True
S4_dev_trend,T3_zscore_2.0,P3_long_short,0,-0.6525,-0.8998,-1.613,-0.2016,-14.8,16.45,-73.44,0.3229,0.22,299,96,False
S4_dev_trend,T3_zscore_neg_2.0,P1_long_cash,0,-0.2695,0.4998,0.0,0.0,2.4,4.81,0.0,0.0312,0.28,299,96,True
S4_dev_trend,T3_zscore_neg_2.0,P2_signal_strength,0,1.0753,0.8167,1.2826,0.4707,9.62,11.78,-20.45,0.6562,0.77,291,96,True
S4_dev_trend,T3_zscore_neg_2.0,P3_long_short,0,-1.036,-0.5965,-1.1789,-0.156,-9.99,16.75,-64.07,0.3542,0.56,299,96,False
S4_dev_trend,T1_fixed_p25,P1_long_cash,1,0.8583,0.6139,0.6657,0.2969,7.1,11.57,-23.93,0.3646,0.67,299,96,True
S4_dev_trend,T1_fixed_p25,P2_signal_strength,1,1.052,0.8262,1.2979,0.4768,9.79,11.85,-20.53,0.6562,0.78,290,96,True
S4_dev_trend,T1_fixed_p25,P3_long_short,1,0.6588,-0.0349,-0.058,-0.0145,-0.59,17.0,-40.91,0.5417,1.33,299,96,False
S4_dev_trend,T1_fixed_p50,P1_long_cash,1,0.7848,0.2769,0.2545,0.1506,2.33,8.41,-15.46,0.2083,1.5,299,96,True
S4_dev_trend,T1_fixed_p50,P2_signal_strength,1,1.052,0.8262,1.2979,0.4768,9.79,11.85,-20.53,0.6562,0.78,290,96,True
S4_dev_trend,T1_fixed_p50,P3_long_short,1,0.3883,-0.6059,-1.0653,-0.1581,-10.15,16.74,-64.2,0.4375,3.0,299,96,False
S4_dev_trend,T1_fixed_p75,P1_long_cash,1,0.7083,0.2097,0.1242,0.1361,1.07,5.1,-7.86,0.0938,1.22,299,96,True
S4_dev_trend,T1_fixed_p75,P2_signal_strength,1,1.052,0.8262,1.2979,0.4768,9.79,11.85,-20.53,0.6562,0.78,290,96,True
S4_dev_trend,T1_fixed_p75,P3_long_short,1,0.0352,-0.7629,-1.3568,-0.1867,-12.66,16.6,-67.82,0.375,2.44,299,96,False
S4_dev_trend,T2_roll_p25,P1_long_cash,1,0.9516,0.8174,1.2424,0.5123,12.26,15.0,-23.93,0.5729,1.14,299,96,True
S4_dev_trend,T2_roll_p25,P2_signal_strength,1,1.052,0.8262,1.2979,0.4768,9.79,11.85,-20.53,0.6562,0.78,290,96,True
S4_dev_trend,T2_roll_p25,P3_long_short,1,0.7907,0.5793,1.0705,0.4059,9.71,16.77,-23.93,0.625,2.28,299,96,True
S4_dev_trend,T2_roll_p50,P1_long_cash,1,0.9011,0.9622,1.0317,0.6945,9.4,9.77,-13.53,0.3438,1.78,299,96,True
S4_dev_trend,T2_roll_p50,P2_signal_strength,1,1.052,0.8262,1.2979,0.4768,9.79,11.85,-20.53,0.6562,0.78,290,96,True
S4_dev_trend,T2_roll_p50,P3_long_short,1,0.3755,0.2355,0.4392,0.1337,4.0,16.96,-29.89,0.5625,3.56,299,96,True
S4_dev_trend,T2_roll_p75,P1_long_cash,1,0.7827,0.3424,0.2854,0.2941,2.03,5.93,-6.91,0.1458,1.44,299,96,True
S4_dev_trend,T2_roll_p75,P2_signal_strength,1,1.052,0.8262,1.2979,0.4768,9.79,11.85,-20.53,0.6562,0.78,290,96,True
S4_dev_trend,T2_roll_p75,P3_long_short,1,0.0729,-0.6425,-1.149,-0.167,-10.74,16.71,-64.31,0.4062,2.89,299,96,False
S4_dev_trend,T3_zscore_1.0,P1_long_cash,1,0.4239,0.2811,0.1447,0.1679,1.16,4.13,-6.91,0.0833,0.61,299,96,True
S4_dev_trend,T3_zscore_1.0,P2_signal_strength,1,1.052,0.8262,1.2979,0.4768,9.79,11.85,-20.53,0.6562,0.78,290,96,True
S4_dev_trend,T3_zscore_1.0,P3_long_short,1,-0.3537,-0.7514,-1.3491,-0.181,-12.48,16.61,-68.94,0.3854,1.22,299,96,False
S4_dev_trend,T3_zscore_neg_1.0,P1_long_cash,1,-0.134,0.8687,0.0,0.0,3.9,4.49,0.0,0.0729,0.5,299,96,True
S4_dev_trend,T3_zscore_neg_1.0,P2_signal_strength,1,1.052,0.8262,1.2979,0.4768,9.79,11.85,-20.53,0.6562,0.78,290,96,True
S4_dev_trend,T3_zscore_neg_1.0,P3_long_short,1,-0.8878,-0.4146,-0.7479,-0.114,-7.0,16.88,-61.41,0.3958,1.0,299,96,False
S4_dev_trend,T3_zscore_1.5,P1_long_cash,1,0.6277,0.3536,0.0,0.0,0.07,0.2,0.0,0.0104,0.5,299,96,True
S4_dev_trend,T3_zscore_1.5,P2_signal_strength,1,1.052,0.8262,1.2979,0.4768,9.79,11.85,-20.53,0.6562,0.78,290,96,True
S4_dev_trend,T3_zscore_1.5,P3_long_short,1,-0.3942,-0.8905,-1.6047,-0.1996,-14.66,16.46,-73.44,0.3333,1.0,299,96,False
S4_dev_trend,T3_zscore_neg_1.5,P1_long_cash,1,-0.1425,0.6651,0.0,0.0,2.43,3.65,0.0,0.0417,0.28,299,96,True
S4_dev_trend,T3_zscore_neg_1.5,P2_signal_strength,1,1.052,0.8262,1.2979,0.4768,9.79,11.85,-20.53,0.6562,0.78,290,96,True
S4_dev_trend,T3_zscore_neg_1.5,P3_long_short,1,-0.8932,-0.5939,-1.073,-0.162,-9.95,16.75,-61.41,0.3646,0.56,299,96,False
S4_dev_trend,T3_zscore_2.0,P1_long_cash,1,0.392,0.0,0.0,0.0,0.0,99900.0,0.0,0.0,0.11,299,96,False
S4_dev_trend,T3_zscore_2.0,P2_signal_strength,1,1.052,0.8262,1.2979,0.4768,9.79,11.85,-20.53,0.6562,0.78,290,96,True
S4_dev_trend,T3_zscore_2.0,P3_long_short,1,-0.5777,-0.8998,-1.613,-0.2016,-14.8,16.45,-73.44,0.3229,0.22,299,96,False
S4_dev_trend,T3_zscore_neg_2.0,P1_long_cash,1,-0.2087,0.5694,0.0,0.0,1.55,2.73,0.0,0.0312,0.28,299,96,True
S4_dev_trend,T3_zscore_neg_2.0,P2_signal_strength,1,1.052,0.8262,1.2979,0.4768,9.79,11.85,-20.53,0.6562,0.78,290,96,True
S4_dev_trend,T3_zscore_neg_2.0,P3_long_short,1,-0.961,-0.702,-1.2573,-0.1774,-11.7,16.66,-65.93,0.3542,0.56,299,96,False
S4_dev_trend,T1_fixed_p25,P1_long_cash,2,0.9557,0.5236,0.6119,0.2537,6.07,11.59,-23.93,0.375,0.67,299,96,True
S4_dev_trend,T1_fixed_p25,P2_signal_strength,2,0.9956,0.8325,1.2976,0.4869,9.91,11.91,-20.36,0.6562,0.78,289,96,True
S4_dev_trend,T1_fixed_p25,P3_long_short,2,0.8157,-0.1568,-0.2673,-0.0508,-2.66,16.98,-52.42,0.5521,1.33,299,96,False
S4_dev_trend,T1_fixed_p50,P1_long_cash,2,0.7981,0.405,0.3905,0.2681,3.63,8.96,-13.53,0.2188,1.5,299,96,True
S4_dev_trend,T1_fixed_p50,P2_signal_strength,2,0.9956,0.8325,1.2976,0.4869,9.91,11.91,-20.36,0.6562,0.78,289,96,True
S4_dev_trend,T1_fixed_p50,P3_long_short,2,0.3966,-0.4476,-0.7958,-0.1337,-7.55,16.86,-56.45,0.4479,3.0,299,96,False
S4_dev_trend,T1_fixed_p75,P1_long_cash,2,0.5893,0.6801,0.4673,0.6712,3.13,4.6,-4.66,0.1042,1.17,299,96,True
S4_dev_trend,T1_fixed_p75,P2_signal_strength,2,0.9956,0.8325,1.2976,0.4869,9.91,11.91,-20.36,0.6562,0.78,289,96,True
S4_dev_trend,T1_fixed_p75,P3_long_short,2,-0.0607,-0.5081,-0.9023,-0.1395,-8.55,16.82,-61.24,0.3958,2.33,299,96,False
S4_dev_trend,T2_roll_p25,P1_long_cash,2,0.9441,0.8168,1.1055,0.5208,12.46,15.26,-23.93,0.5938,1.14,299,96,True
S4_dev_trend,T2_roll_p25,P2_signal_strength,2,0.9956,0.8325,1.2976,0.4869,9.91,11.91,-20.36,0.6562,0.78,289,96,True
S4_dev_trend,T2_roll_p25,P3_long_short,2,0.7605,0.6043,0.8769,0.2763,10.12,16.75,-36.62,0.6667,2.28,299,96,True
S4_dev_trend,T2_roll_p50,P1_long_cash,2,0.7597,0.6963,0.7168,0.4925,6.66,9.57,-13.53,0.3438,1.78,299,96,True
S4_dev_trend,T2_roll_p50,P2_signal_strength,2,0.9956,0.8325,1.2976,0.4869,9.91,11.91,-20.36,0.6562,0.78,289,96,True
S4_dev_trend,T2_roll_p50,P3_long_short,2,0.2772,-0.0866,-0.1446,-0.0334,-1.47,17.0,-44.04,0.5521,3.56,299,96,False
S4_dev_trend,T2_roll_p75,P1_long_cash,2,0.7643,0.2244,0.1603,0.1036,1.51,6.71,-14.53,0.1458,1.44,299,96,True
S4_dev_trend,T2_roll_p75,P2_signal_strength,2,0.9956,0.8325,1.2976,0.4869,9.91,11.91,-20.36,0.6562,0.78,289,96,True
S4_dev_trend,T2_roll_p75,P3_long_short,2,0.0536,-0.708,-1.2401,-0.1744,-11.79,16.65,-67.62,0.3958,2.89,299,96,False
S4_dev_trend,T3_zscore_1.0,P1_long_cash,2,0.4973,0.0395,0.0226,0.0143,0.22,5.61,-15.46,0.0729,0.61,299,96,True
S4_dev_trend,T3_zscore_1.0,P2_signal_strength,2,0.9956,0.8325,1.2976,0.4869,9.91,11.91,-20.36,0.6562,0.78,289,96,True
S4_dev_trend,T3_zscore_1.0,P3_long_short,2,-0.2955,-0.8712,-1.5107,-0.1959,-14.36,16.48,-73.28,0.3542,1.22,299,96,False
S4_dev_trend,T3_zscore_neg_1.0,P1_long_cash,2,-0.1068,0.4992,0.2009,0.4867,1.82,3.65,-3.74,0.0521,0.5,299,96,True
S4_dev_trend,T3_zscore_neg_1.0,P2_signal_strength,2,0.9956,0.8325,1.2976,0.4869,9.91,11.91,-20.36,0.6562,0.78,289,96,True
S4_dev_trend,T3_zscore_neg_1.0,P3_long_short,2,-0.8532,-0.6685,-1.2029,-0.1732,-11.16,16.69,-64.43,0.3542,1.0,299,96,False
S4_dev_trend,T3_zscore_1.5,P1_long_cash,2,0.4092,0.3536,0.0,0.0,0.46,1.31,0.0,0.0104,0.5,299,96,True
S4_dev_trend,T3_zscore_1.5,P2_signal_strength,2,0.9956,0.8325,1.2976,0.4869,9.91,11.91,-20.36,0.6562,0.78,289,96,True
S4_dev_trend,T3_zscore_1.5,P3_long_short,2,-0.5359,-0.8401,-1.5003,-0.189,-13.88,16.52,-73.44,0.3333,1.0,299,96,False
S4_dev_trend,T3_zscore_neg_1.5,P1_long_cash,2,-0.0945,0.3846,0.0,0.3638,1.36,3.54,-3.74,0.0312,0.28,299,96,True
S4_dev_trend,T3_zscore_neg_1.5,P2_signal_strength,2,0.9956,0.8325,1.2976,0.4869,9.91,11.91,-20.36,0.6562,0.78,289,96,True
S4_dev_trend,T3_zscore_neg_1.5,P3_long_short,2,-0.8352,-0.726,-1.3225,-0.1804,-12.08,16.64,-66.96,0.3438,0.56,299,96,False
S4_dev_trend,T3_zscore_2.0,P1_long_cash,2,0.4849,0.0,0.0,0.0,0.0,99900.0,0.0,0.0,0.11,299,96,False
S4_dev_trend,T3_zscore_2.0,P2_signal_strength,2,0.9956,0.8325,1.2976,0.4869,9.91,11.91,-20.36,0.6562,0.78,289,96,True
S4_dev_trend,T3_zscore_2.0,P3_long_short,2,-0.5478,-0.8998,-1.613,-0.2016,-14.8,16.45,-73.44,0.3229,0.22,299,96,False
S4_dev_trend,T3_zscore_neg_2.0,P1_long_cash,2,-0.1776,0.5609,0.0,0.0,1.83,3.26,0.0,0.0312,0.28,299,96,True
S4_dev_trend,T3_zscore_neg_2.0,P2_signal_strength,2,0.9956,0.8325,1.2976,0.4869,9.91,11.91,-20.36,0.6562,0.78,289,96,True
S4_dev_trend,T3_zscore_neg_2.0,P3_long_short,2,-0.9282,-0.6675,-1.2101,-0.173,-11.14,16.69,-64.39,0.3542,0.56,299,96,False
S4_dev_trend,T1_fixed_p25,P1_long_cash,3,0.9196,0.4897,0.5623,0.2379,5.69,11.62,-23.93,0.3646,0.64,299,96,True
S4_dev_trend,T1_fixed_p25,P2_signal_strength,3,1.0178,0.8427,1.2416,0.4957,10.03,11.9,-20.23,0.6562,0.78,288,96,True
S4_dev_trend,T1_fixed_p25,P3_long_short,3,0.7526,-0.2014,-0.3427,-0.0643,-3.42,16.97,-53.18,0.5312,1.28,299,96,False
S4_dev_trend,T1_fixed_p50,P1_long_cash,3,0.7716,0.362,0.3312,0.2357,3.19,8.81,-13.53,0.2188,1.56,299,96,True
S4_dev_trend,T1_fixed_p50,P2_signal_strength,3,1.0178,0.8427,1.2416,0.4957,10.03,11.9,-20.23,0.6562,0.78,288,96,True
S4_dev_trend,T1_fixed_p50,P3_long_short,3,0.3356,-0.5007,-0.9015,-0.154,-8.42,16.83,-54.71,0.4479,3.11,299,96,False
S4_dev_trend,T1_fixed_p75,P1_long_cash,3,0.5833,0.2684,0.1397,0.1102,1.66,6.2,-15.11,0.0938,1.17,299,96,True
S4_dev_trend,T1_fixed_p75,P2_signal_strength,3,1.0178,0.8427,1.2416,0.4957,10.03,11.9,-20.23,0.6562,0.78,288,96,True
S4_dev_trend,T1_fixed_p75,P3_long_short,3,-0.0551,-0.6881,-1.1791,-0.1776,-11.47,16.67,-64.61,0.375,2.33,299,96,False
S4_dev_trend,T2_roll_p25,P1_long_cash,3,1.0079,0.8475,1.128,0.5318,12.72,15.01,-23.93,0.5938,1.14,299,96,True
S4_dev_trend,T2_roll_p25,P2_signal_strength,3,1.0178,0.8427,1.2416,0.4957,10.03,11.9,-20.23,0.6562,0.78,288,96,True
S4_dev_trend,T2_roll_p25,P3_long_short,3,0.8652,0.6367,0.9809,0.4449,10.64,16.72,-23.93,0.6667,2.28,299,96,True
S4_dev_trend,T2_roll_p50,P1_long_cash,3,0.7687,0.7729,0.6633,0.5257,7.11,9.2,-13.53,0.3333,1.75,299,96,True
S4_dev_trend,T2_roll_p50,P2_signal_strength,3,1.0178,0.8427,1.2416,0.4957,10.03,11.9,-20.23,0.6562,0.78,288,96,True
S4_dev_trend,T2_roll_p50,P3_long_short,3,0.2886,-0.0338,-0.0566,-0.0148,-0.57,17.0,-38.92,0.5417,3.5,299,96,False
S4_dev_trend,T2_roll_p75,P1_long_cash,3,0.7364,0.4114,0.2951,0.2185,2.96,7.19,-13.53,0.1562,1.44,299,96,True
S4_dev_trend,T2_roll_p75,P2_signal_strength,3,1.0178,0.8427,1.2416,0.4957,10.03,11.9,-20.23,0.6562,0.78,288,96,True
S4_dev_trend,T2_roll_p75,P3_long_short,3,-0.0148,-0.529,-0.932,-0.1621,-8.89,16.8,-54.86,0.4167,2.89,299,96,False
S4_dev_trend,T3_zscore_1.0,P1_long_cash,3,0.7177,-0.0029,-0.0017,-0.001,-0.02,5.71,-15.94,0.0729,0.61,299,96,False
S4_dev_trend,T3_zscore_1.0,P2_signal_strength,3,1.0178,0.8427,1.2416,0.4957,10.03,11.9,-20.23,0.6562,0.78,288,96,True
S4_dev_trend,T3_zscore_1.0,P3_long_short,3,-0.1346,-0.902,-1.6049,-0.2083,-14.84,16.45,-71.21,0.3542,1.22,299,96,False
S4_dev_trend,T3_zscore_neg_1.0,P1_long_cash,3,-0.183,0.0172,0.0086,0.0104,0.08,4.8,-7.92,0.0312,0.5,299,96,True
S4_dev_trend,T3_zscore_neg_1.0,P2_signal_strength,3,1.0178,0.8427,1.2416,0.4957,10.03,11.9,-20.23,0.6562,0.78,288,96,True
S4_dev_trend,T3_zscore_neg_1.0,P3_long_short,3,-0.9542,-0.8891,-1.5914,-0.2003,-14.64,16.46,-73.08,0.3125,1.0,299,96,False
S4_dev_trend,T3_zscore_1.5,P1_long_cash,3,0.5516,0.3536,0.0,0.0,0.4,1.13,0.0,0.0104,0.5,299,96,True
S4_dev_trend,T3_zscore_1.5,P2_signal_strength,3,1.0178,0.8427,1.2416,0.4957,10.03,11.9,-20.23,0.6562,0.78,288,96,True
S4_dev_trend,T3_zscore_1.5,P3_long_short,3,-0.4445,-0.8483,-1.5149,-0.1907,-14.0,16.51,-73.44,0.3333,1.0,299,96,False
S4_dev_trend,T3_zscore_neg_1.5,P1_long_cash,3,-0.1218,0.2296,0.2705,0.1349,0.83,3.61,-6.14,0.0208,0.28,299,96,True
S4_dev_trend,T3_zscore_neg_1.5,P2_signal_strength,3,1.0178,0.8427,1.2416,0.4957,10.03,11.9,-20.23,0.6562,0.78,288,96,True
S4_dev_trend,T3_zscore_neg_1.5,P3_long_short,3,-0.8667,-0.7934,-1.4525,-0.1887,-13.14,16.57,-69.66,0.3229,0.56,299,96,False
S4_dev_trend,T3_zscore_2.0,P1_long_cash,3,0.4538,0.0,0.0,0.0,0.0,99900.0,0.0,0.0,0.11,299,96,False
S4_dev_trend,T3_zscore_2.0,P2_signal_strength,3,1.0178,0.8427,1.2416,0.4957,10.03,11.9,-20.23,0.6562,0.78,288,96,True
S4_dev_trend,T3_zscore_2.0,P3_long_short,3,-0.5535,-0.8998,-1.613,-0.2016,-14.8,16.45,-73.44,0.3229,0.22,299,96,False
S4_dev_trend,T3_zscore_neg_2.0,P1_long_cash,3,-0.112,0.3266,0.0,0.3046,1.14,3.49,-3.74,0.0208,0.28,299,96,True
S4_dev_trend,T3_zscore_neg_2.0,P2_signal_strength,3,1.0178,0.8427,1.2416,0.4957,10.03,11.9,-20.23,0.6562,0.78,288,96,True
S4_dev_trend,T3_zscore_neg_2.0,P3_long_short,3,-0.8475,-0.7539,-1.3754,-0.1838,-12.52,16.61,-68.11,0.3333,0.56,299,96,False
S4_dev_trend,T1_fixed_p25,P1_long_cash,4,0.8449,0.3567,0.4644,0.1812,4.34,12.16,-23.93,0.3542,0.69,299,96,True
S4_dev_trend,T1_fixed_p25,P2_signal_strength,4,1.0159,0.904,1.3233,0.5066,10.56,11.68,-20.85,0.6667,0.78,287,96,True
S4_dev_trend,T1_fixed_p25,P3_long_short,4,0.6539,-0.3625,-0.6301,-0.107,-6.13,16.91,-57.29,0.5,1.39,299,96,False
S4_dev_trend,T1_fixed_p50,P1_long_cash,4,0.7077,0.1236,0.1073,0.0504,1.1,8.88,-21.77,0.2188,1.5,299,96,True
S4_dev_trend,T1_fixed_p50,P2_signal_strength,4,1.0159,0.904,1.3233,0.5066,10.56,11.68,-20.85,0.6667,0.78,287,96,True
S4_dev_trend,T1_fixed_p50,P3_long_short,4,0.2571,-0.7594,-1.2973,-0.1739,-12.61,16.6,-72.49,0.4479,3.0,299,96,False
S4_dev_trend,T1_fixed_p75,P1_long_cash,4,0.7124,0.2764,0.1519,0.1265,1.72,6.22,-13.59,0.0938,1.17,299,96,True
S4_dev_trend,T1_fixed_p75,P2_signal_strength,4,1.0159,0.904,1.3233,0.5066,10.56,11.68,-20.85,0.6667,0.78,287,96,True
S4_dev_trend,T1_fixed_p75,P3_long_short,4,0.0817,-0.6814,-1.2204,-0.1643,-11.37,16.68,-69.17,0.375,2.33,299,96,False
S4_dev_trend,T2_roll_p25,P1_long_cash,4,0.9747,0.8898,1.3248,0.5409,12.94,14.55,-23.93,0.5833,1.14,299,96,True
S4_dev_trend,T2_roll_p25,P2_signal_strength,4,1.0159,0.904,1.3233,0.5066,10.56,11.68,-20.85,0.6667,0.78,287,96,True
S4_dev_trend,T2_roll_p25,P3_long_short,4,0.8024,0.6639,1.0717,0.4632,11.08,16.69,-23.93,0.6458,2.28,299,96,True
S4_dev_trend,T2_roll_p50,P1_long_cash,4,0.7933,0.5441,0.5512,0.3803,5.25,9.65,-13.8,0.3229,1.75,299,96,True
S4_dev_trend,T2_roll_p50,P2_signal_strength,4,1.0159,0.904,1.3233,0.5066,10.56,11.68,-20.85,0.6667,0.78,287,96,True
S4_dev_trend,T2_roll_p50,P3_long_short,4,0.295,-0.2537,-0.4346,-0.0788,-4.3,16.96,-54.62,0.5312,3.5,299,96,False
S4_dev_trend,T2_roll_p75,P1_long_cash,4,0.6165,0.2231,0.1461,0.1195,1.62,7.28,-13.59,0.1562,1.44,299,96,True
S4_dev_trend,T2_roll_p75,P2_signal_strength,4,1.0159,0.904,1.3233,0.5066,10.56,11.68,-20.85,0.6667,0.78,287,96,True
S4_dev_trend,T2_roll_p75,P3_long_short,4,-0.0643,-0.6933,-1.2227,-0.1689,-11.56,16.67,-68.41,0.4167,2.89,299,96,False
S4_dev_trend,T3_zscore_1.0,P1_long_cash,4,0.7654,0.2856,0.0924,0.1558,1.37,4.8,-8.8,0.0938,0.61,299,96,True
S4_dev_trend,T3_zscore_1.0,P2_signal_strength,4,1.0159,0.904,1.3233,0.5066,10.56,11.68,-20.85,0.6667,0.78,287,96,True
S4_dev_trend,T3_zscore_1.0,P3_long_short,4,-0.0977,-0.7248,-1.297,-0.18,-12.06,16.64,-67.0,0.3958,1.22,299,96,False
S4_dev_trend,T3_zscore_neg_1.0,P1_long_cash,4,-0.1325,0.0743,0.0264,0.0399,0.5,6.7,-12.49,0.0417,0.5,299,96,True
S4_dev_trend,T3_zscore_neg_1.0,P2_signal_strength,4,1.0159,0.904,1.3233,0.5066,10.56,11.68,-20.85,0.6667,0.78,287,96,True
S4_dev_trend,T3_zscore_neg_1.0,P3_long_short,4,-0.8849,-0.8356,-1.4719,-0.1938,-13.81,16.52,-71.24,0.3333,1.0,299,96,False
S4_dev_trend,T3_zscore_1.5,P1_long_cash,4,0.4811,0.3536,0.0,0.0,0.07,0.21,0.0,0.0104,0.5,299,96,True
S4_dev_trend,T3_zscore_1.5,P2_signal_strength,4,1.0159,0.904,1.3233,0.5066,10.56,11.68,-20.85,0.6667,0.78,287,96,True
S4_dev_trend,T3_zscore_1.5,P3_long_short,4,-0.4529,-0.8902,-1.6039,-0.1995,-14.65,16.46,-73.44,0.3333,1.0,299,96,False
S4_dev_trend,T3_zscore_neg_1.5,P1_long_cash,4,-0.0522,0.2998,0.474,0.2364,1.45,4.85,-6.14,0.0208,0.28,299,96,True
S4_dev_trend,T3_zscore_neg_1.5,P2_signal_strength,4,1.0159,0.904,1.3233,0.5066,10.56,11.68,-20.85,0.6667,0.78,287,96,True
S4_dev_trend,T3_zscore_neg_1.5,P3_long_short,4,-0.7813,-0.7147,-1.3905,-0.179,-11.9,16.65,-66.45,0.3229,0.56,299,96,False
S4_dev_trend,T3_zscore_2.0,P1_long_cash,4,0.2319,0.0,0.0,0.0,0.0,99900.0,0.0,0.0,0.11,299,96,False
S4_dev_trend,T3_zscore_2.0,P2_signal_strength,4,1.0159,0.904,1.3233,0.5066,10.56,11.68,-20.85,0.6667,0.78,287,96,True
S4_dev_trend,T3_zscore_2.0,P3_long_short,4,-0.6305,-0.8998,-1.613,-0.2016,-14.8,16.45,-73.44,0.3229,0.22,299,96,False
S4_dev_trend,T3_zscore_neg_2.0,P1_long_cash,4,-0.0992,0.0314,0.0303,0.0151,0.09,2.95,-6.14,0.0104,0.28,299,96,True
S4_dev_trend,T3_zscore_neg_2.0,P2_signal_strength,4,1.0159,0.904,1.3233,0.5066,10.56,11.68,-20.85,0.6667,0.78,287,96,True
S4_dev_trend,T3_zscore_neg_2.0,P3_long_short,4,-0.8299,-0.8878,-1.6196,-0.2001,-14.62,16.46,-73.03,0.3125,0.56,299,96,False
S4_dev_trend,T1_fixed_p25,P1_long_cash,5,0.8826,0.3861,0.5083,0.1966,4.7,12.18,-23.93,0.3542,0.69,299,96,True
S4_dev_trend,T1_fixed_p25,P2_signal_strength,5,0.9912,0.8173,1.1599,0.4501,9.64,11.79,-21.42,0.6771,0.78,286,96,True
S4_dev_trend,T1_fixed_p25,P3_long_short,5,0.7013,-0.3187,-0.5593,-0.0946,-5.4,16.93,-57.06,0.5,1.39,299,96,False
S4_dev_trend,T1_fixed_p50,P1_long_cash,5,0.8068,-0.0481,-0.0481,-0.0155,-0.47,9.67,-30.01,0.1979,1.47,299,96,False
S4_dev_trend,T1_fixed_p50,P2_signal_strength,5,0.9912,0.8173,1.1599,0.4501,9.64,11.79,-21.42,0.6771,0.78,286,96,True
S4_dev_trend,T1_fixed_p50,P3_long_short,5,0.3603,-0.9607,-1.6288,-0.2019,-15.73,16.38,-77.93,0.4167,2.94,299,96,False
S4_dev_trend,T1_fixed_p75,P1_long_cash,5,0.5208,-0.1896,-0.1142,-0.0741,-1.12,5.9,-15.11,0.0729,1.17,299,96,False
S4_dev_trend,T1_fixed_p75,P2_signal_strength,5,0.9912,0.8173,1.1599,0.4501,9.64,11.79,-21.42,0.6771,0.78,286,96,True
S4_dev_trend,T1_fixed_p75,P3_long_short,5,-0.1558,-1.0476,-1.8333,-0.2203,-17.04,16.27,-77.34,0.3333,2.33,299,96,False
S4_dev_trend,T2_roll_p25,P1_long_cash,5,0.9047,0.6606,0.9081,0.4087,9.78,14.8,-23.93,0.5833,1.14,299,96,True
S4_dev_trend,T2_roll_p25,P2_signal_strength,5,0.9912,0.8173,1.1599,0.4501,9.64,11.79,-21.42,0.6771,0.78,286,96,True
S4_dev_trend,T2_roll_p25,P3_long_short,5,0.6858,0.2807,0.4186,0.1528,4.76,16.95,-31.12,0.6458,2.28,299,96,True
S4_dev_trend,T2_roll_p50,P1_long_cash,5,0.652,0.4252,0.4574,0.1525,4.58,10.76,-30.01,0.3229,1.75,299,96,True
S4_dev_trend,T2_roll_p50,P2_signal_strength,5,0.9912,0.8173,1.1599,0.4501,9.64,11.79,-21.42,0.6771,0.78,286,96,True
S4_dev_trend,T2_roll_p50,P3_long_short,5,0.0921,-0.3338,-0.5505,-0.0858,-5.65,16.92,-65.86,0.5312,3.5,299,96,False
S4_dev_trend,T2_roll_p75,P1_long_cash,5,0.7601,0.1601,0.1107,0.0718,1.09,6.78,-15.11,0.1458,1.42,299,96,True
S4_dev_trend,T2_roll_p75,P2_signal_strength,5,0.9912,0.8173,1.1599,0.4501,9.64,11.79,-21.42,0.6771,0.78,286,96,True
S4_dev_trend,T2_roll_p75,P3_long_short,5,0.0426,-0.7609,-1.38,-0.1806,-12.63,16.6,-69.96,0.4062,2.83,299,96,False
S4_dev_trend,T3_zscore_1.0,P1_long_cash,5,0.4945,0.0201,0.0155,0.0074,0.11,5.53,-15.11,0.0833,0.61,299,96,True
S4_dev_trend,T3_zscore_1.0,P2_signal_strength,5,0.9912,0.8173,1.1599,0.4501,9.64,11.79,-21.42,0.6771,0.78,286,96,True
S4_dev_trend,T3_zscore_1.0,P3_long_short,5,-0.2761,-0.8854,-1.565,-0.1988,-14.58,16.47,-73.35,0.375,1.22,299,96,False
S4_dev_trend,T3_zscore_neg_1.0,P1_long_cash,5,-0.0714,0.4616,0.4446,0.4722,2.9,6.29,-6.14,0.0417,0.5,299,96,True
S4_dev_trend,T3_zscore_neg_1.0,P2_signal_strength,5,0.9912,0.8173,1.1599,0.4501,9.64,11.79,-21.42,0.6771,0.78,286,96,True
S4_dev_trend,T3_zscore_neg_1.0,P3_long_short,5,-0.8098,-0.5357,-1.1343,-0.1494,-9.0,16.8,-60.25,0.3333,1.0,299,96,False
S4_dev_trend,T3_zscore_1.5,P1_long_cash,5,0.2644,-0.3536,-0.0,-0.125,-0.86,2.44,-6.91,0.0,0.5,299,96,False
S4_dev_trend,T3_zscore_1.5,P2_signal_strength,5,0.9912,0.8173,1.1599,0.4501,9.64,11.79,-21.42,0.6771,0.78,286,96,True
S4_dev_trend,T3_zscore_1.5,P3_long_short,5,-0.5999,-1.0134,-1.7972,-0.2164,-16.53,16.31,-76.39,0.3125,1.0,299,96,False
S4_dev_trend,T3_zscore_neg_1.5,P1_long_cash,5,-0.1105,0.2384,0.3404,0.1698,1.04,4.38,-6.14,0.0208,0.28,299,96,True
S4_dev_trend,T3_zscore_neg_1.5,P2_signal_strength,5,0.9912,0.8173,1.1599,0.4501,9.64,11.79,-21.42,0.6771,0.78,286,96,True
S4_dev_trend,T3_zscore_neg_1.5,P3_long_short,5,-0.8521,-0.7662,-1.4665,-0.1854,-12.72,16.6,-68.59,0.3229,0.56,299,96,False
S4_dev_trend,T3_zscore_2.0,P1_long_cash,5,0.2473,0.0,0.0,0.0,0.0,99900.0,0.0,0.0,0.11,299,96,False
S4_dev_trend,T3_zscore_2.0,P2_signal_strength,5,0.9912,0.8173,1.1599,0.4501,9.64,11.79,-21.42,0.6771,0.78,286,96,True
S4_dev_trend,T3_zscore_2.0,P3_long_short,5,-0.6313,-0.8998,-1.613,-0.2016,-14.8,16.45,-73.44,0.3229,0.22,299,96,False
S4_dev_trend,T3_zscore_neg_2.0,P1_long_cash,5,-0.0586,0.1387,0.1893,0.0944,0.58,4.18,-6.14,0.0104,0.28,299,96,True
S4_dev_trend,T3_zscore_neg_2.0,P2_signal_strength,5,0.9912,0.8173,1.1599,0.4501,9.64,11.79,-21.42,0.6771,0.78,286,96,True
S4_dev_trend,T3_zscore_neg_2.0,P3_long_short,5,-0.7842,-0.8251,-1.5855,-0.1926,-13.64,16.53,-70.83,0.3125,0.56,299,96,False
S4_dev_trend,T1_fixed_p25,P1_long_cash,6,0.9427,0.3455,0.4765,0.1782,4.26,12.34,-23.93,0.3542,0.69,299,96,True
S4_dev_trend,T1_fixed_p25,P2_signal_strength,6,1.0443,0.8526,1.2682,0.4836,10.01,11.75,-20.71,0.6667,0.78,285,96,True
S4_dev_trend,T1_fixed_p25,P3_long_short,6,0.7706,-0.3711,-0.686,-0.1039,-6.27,16.9,-60.36,0.5,1.39,299,96,False
S4_dev_trend,T1_fixed_p50,P1_long_cash,6,0.9297,0.5617,0.5942,0.4087,5.53,9.85,-13.53,0.2292,1.44,299,96,True
S4_dev_trend,T1_fixed_p50,P2_signal_strength,6,1.0443,0.8526,1.2682,0.4836,10.01,11.75,-20.71,0.6667,0.78,285,96,True
S4_dev_trend,T1_fixed_p50,P3_long_short,6,0.5639,-0.2205,-0.3931,-0.0715,-3.74,16.97,-52.31,0.4688,2.89,299,96,False
S4_dev_trend,T1_fixed_p75,P1_long_cash,6,0.6365,0.3686,0.1974,0.1748,2.18,5.92,-12.48,0.0938,1.17,299,96,True
S4_dev_trend,T1_fixed_p75,P2_signal_strength,6,1.0443,0.8526,1.2682,0.4836,10.01,11.75,-20.71,0.6667,0.78,285,96,True
S4_dev_trend,T1_fixed_p75,P3_long_short,6,-0.0127,-0.6239,-1.1046,-0.1556,-10.44,16.73,-67.07,0.375,2.33,299,96,False
S4_dev_trend,T2_roll_p25,P1_long_cash,6,1.0151,0.6501,0.9346,0.4146,9.92,15.26,-23.93,0.5625,1.14,299,96,True
S4_dev_trend,T2_roll_p25,P2_signal_strength,6,1.0443,0.8526,1.2682,0.4836,10.01,11.75,-20.71,0.6667,0.78,285,96,True
S4_dev_trend,T2_roll_p25,P3_long_short,6,0.8421,0.2974,0.4996,0.1972,5.04,16.94,-25.55,0.6042,2.28,299,96,True
S4_dev_trend,T2_roll_p50,P1_long_cash,6,0.9082,0.6258,0.7471,0.4762,6.44,10.3,-13.53,0.3229,1.75,299,96,True
S4_dev_trend,T2_roll_p50,P2_signal_strength,6,1.0443,0.8526,1.2682,0.4836,10.01,11.75,-20.71,0.6667,0.78,285,96,True
S4_dev_trend,T2_roll_p50,P3_long_short,6,0.4422,-0.1126,-0.2042,-0.0413,-1.91,16.99,-46.34,0.5312,3.5,299,96,False
S4_dev_trend,T2_roll_p75,P1_long_cash,6,0.6966,0.5833,0.4022,0.3346,4.18,7.16,-12.48,0.1667,1.39,299,96,True
S4_dev_trend,T2_roll_p75,P2_signal_strength,6,1.0443,0.8526,1.2682,0.4836,10.01,11.75,-20.71,0.6667,0.78,285,96,True
S4_dev_trend,T2_roll_p75,P3_long_short,6,0.0076,-0.3817,-0.6539,-0.0962,-6.45,16.9,-67.07,0.4375,2.78,299,96,False
S4_dev_trend,T3_zscore_1.0,P1_long_cash,6,0.603,1.0385,0.0,0.0,4.77,4.59,0.0,0.1146,0.61,299,96,True
S4_dev_trend,T3_zscore_1.0,P2_signal_strength,6,1.0443,0.8526,1.2682,0.4836,10.01,11.75,-20.71,0.6667,0.78,285,96,True
S4_dev_trend,T3_zscore_1.0,P3_long_short,6,-0.1873,-0.311,-0.5554,-0.0844,-5.27,16.93,-62.37,0.4375,1.22,299,96,False
S4_dev_trend,T3_zscore_neg_1.0,P1_long_cash,6,-0.228,0.2639,0.1146,0.1822,1.44,5.46,-7.92,0.0417,0.5,299,96,True
S4_dev_trend,T3_zscore_neg_1.0,P2_signal_strength,6,1.0443,0.8526,1.2682,0.4836,10.01,11.75,-20.71,0.6667,0.78,285,96,True
S4_dev_trend,T3_zscore_neg_1.0,P3_long_short,6,-1.0159,-0.7159,-1.3249,-0.1792,-11.92,16.65,-66.52,0.3333,1.0,299,96,False
S4_dev_trend,T3_zscore_1.5,P1_long_cash,6,0.3037,0.3536,0.0,0.0,0.23,0.66,0.0,0.0104,0.5,299,96,True
S4_dev_trend,T3_zscore_1.5,P2_signal_strength,6,1.0443,0.8526,1.2682,0.4836,10.01,11.75,-20.71,0.6667,0.78,285,96,True
S4_dev_trend,T3_zscore_1.5,P3_long_short,6,-0.5207,-0.8698,-1.5574,-0.1953,-14.34,16.48,-73.44,0.3333,1.0,299,96,False
S4_dev_trend,T3_zscore_neg_1.5,P1_long_cash,6,-0.1549,0.3314,0.3832,0.555,1.38,4.18,-2.49,0.0208,0.28,299,96,True
S4_dev_trend,T3_zscore_neg_1.5,P2_signal_strength,6,1.0443,0.8526,1.2682,0.4836,10.01,11.75,-20.71,0.6667,0.78,285,96,True
S4_dev_trend,T3_zscore_neg_1.5,P3_long_short,6,-0.9059,-0.7233,-1.3753,-0.1801,-12.03,16.64,-66.82,0.3229,0.56,299,96,False
S4_dev_trend,T3_zscore_2.0,P1_long_cash,6,0.2109,0.0,0.0,0.0,0.0,99900.0,0.0,0.0,0.11,299,96,False
S4_dev_trend,T3_zscore_2.0,P2_signal_strength,6,1.0443,0.8526,1.2682,0.4836,10.01,11.75,-20.71,0.6667,0.78,285,96,True
S4_dev_trend,T3_zscore_2.0,P3_long_short,6,-0.6638,-0.8998,-1.613,-0.2016,-14.8,16.45,-73.44,0.3229,0.22,299,96,False
S4_dev_trend,T3_zscore_neg_2.0,P1_long_cash,6,-0.0424,0.3636,0.0,0.6061,1.51,4.16,-2.49,0.0208,0.28,299,96,True
S4_dev_trend,T3_zscore_neg_2.0,P2_signal_strength,6,1.0443,0.8526,1.2682,0.4836,10.01,11.75,-20.71,0.6667,0.78,285,96,True
S4_dev_trend,T3_zscore_neg_2.0,P3_long_short,6,-0.7639,-0.7073,-1.3479,-0.1781,-11.78,16.65,-66.14,0.3333,0.56,299,96,False
S4_dev_trend,T1_fixed_p25,P1_long_cash,7,0.8592,0.379,0.4712,0.1901,4.55,12.0,-23.93,0.3646,0.81,299,96,True
S4_dev_trend,T1_fixed_p25,P2_signal_strength,7,0.9631,0.8021,1.1194,0.4551,9.54,11.9,-20.97,0.6562,0.78,284,96,True
S4_dev_trend,T1_fixed_p25,P3_long_short,7,0.6544,-0.3371,-0.5922,-0.1026,-5.7,16.92,-55.58,0.5104,1.61,299,96,False
S4_dev_trend,T1_fixed_p50,P1_long_cash,7,0.7205,0.1262,0.1533,0.0649,1.31,10.38,-20.16,0.1979,1.44,299,96,True
S4_dev_trend,T1_fixed_p50,P2_signal_strength,7,0.9631,0.8021,1.1194,0.4551,9.54,11.9,-20.97,0.6562,0.78,284,96,True
S4_dev_trend,T1_fixed_p50,P3_long_short,7,0.2689,-0.7327,-1.2764,-0.1659,-12.18,16.63,-73.44,0.3958,2.89,299,96,False
S4_dev_trend,T1_fixed_p75,P1_long_cash,7,0.7169,-0.017,-0.0106,-0.0084,-0.12,6.89,-13.9,0.0729,1.17,299,96,False
S4_dev_trend,T1_fixed_p75,P2_signal_strength,7,0.9631,0.8021,1.1194,0.4551,9.54,11.9,-20.97,0.6562,0.78,284,96,True
S4_dev_trend,T1_fixed_p75,P3_long_short,7,0.0761,-0.915,-1.5764,-0.2049,-15.04,16.43,-73.39,0.3333,2.33,299,96,False
S4_dev_trend,T2_roll_p25,P1_long_cash,7,0.9735,0.7525,1.1702,0.4684,11.21,14.89,-23.93,0.5625,1.14,299,96,True
S4_dev_trend,T2_roll_p25,P2_signal_strength,7,0.9631,0.8021,1.1194,0.4551,9.54,11.9,-20.97,0.6562,0.78,284,96,True
S4_dev_trend,T2_roll_p25,P3_long_short,7,0.7778,0.4517,0.8176,0.2743,7.61,16.86,-27.76,0.6042,2.28,299,96,True
S4_dev_trend,T2_roll_p50,P1_long_cash,7,0.9313,0.3314,0.3651,0.1727,3.48,10.51,-20.16,0.2917,1.75,299,96,True
S4_dev_trend,T2_roll_p50,P2_signal_strength,7,0.9631,0.8021,1.1194,0.4551,9.54,11.9,-20.97,0.6562,0.78,284,96,True
S4_dev_trend,T2_roll_p50,P3_long_short,7,0.4304,-0.4651,-0.8186,-0.13,-7.84,16.85,-60.28,0.4688,3.5,299,96,False
S4_dev_trend,T2_roll_p75,P1_long_cash,7,0.6673,0.0128,0.0101,0.0065,0.1,7.63,-15.16,0.1354,1.39,299,96,True
S4_dev_trend,T2_roll_p75,P2_signal_strength,7,0.9631,0.8021,1.1194,0.4551,9.54,11.9,-20.97,0.6562,0.78,284,96,True
S4_dev_trend,T2_roll_p75,P3_long_short,7,-0.0205,-0.8871,-1.5303,-0.1971,-14.61,16.46,-74.12,0.375,2.78,299,96,False
S4_dev_trend,T3_zscore_1.0,P1_long_cash,7,0.5502,-0.0261,-0.0114,-0.0147,-0.13,5.08,-9.03,0.0729,0.61,299,96,False
S4_dev_trend,T3_zscore_1.0,P2_signal_strength,7,0.9631,0.8021,1.1194,0.4551,9.54,11.9,-20.97,0.6562,0.78,284,96,True
S4_dev_trend,T3_zscore_1.0,P3_long_short,7,-0.2333,-0.9171,-1.5667,-0.198,-15.07,16.43,-76.1,0.3542,1.22,299,96,False
S4_dev_trend,T3_zscore_neg_1.0,P1_long_cash,7,0.0081,0.1712,0.038,0.0854,1.07,6.23,-12.49,0.0521,0.5,299,96,True
S4_dev_trend,T3_zscore_neg_1.0,P2_signal_strength,7,0.9631,0.8021,1.1194,0.4551,9.54,11.9,-20.97,0.6562,0.78,284,96,True
S4_dev_trend,T3_zscore_neg_1.0,P3_long_short,7,-0.7089,-0.7632,-1.3096,-0.1849,-12.67,16.6,-68.5,0.3542,1.0,299,96,False
S4_dev_trend,T3_zscore_1.5,P1_long_cash,7,0.1193,-0.3536,-0.0,-0.125,-1.1,3.11,-8.8,0.0,0.5,299,96,False
S4_dev_trend,T3_zscore_1.5,P2_signal_strength,7,0.9631,0.8021,1.1194,0.4551,9.54,11.9,-20.97,0.6562,0.78,284,96,True
S4_dev_trend,T3_zscore_1.5,P3_long_short,7,-0.6433,-1.0451,-1.8195,-0.2201,-17.0,16.27,-77.27,0.3125,1.0,299,96,False
S4_dev_trend,T3_zscore_neg_1.5,P1_long_cash,7,0.0168,0.4893,0.0,2.0048,2.04,4.18,-1.02,0.0312,0.28,299,96,True
S4_dev_trend,T3_zscore_neg_1.5,P2_signal_strength,7,0.9631,0.8021,1.1194,0.4551,9.54,11.9,-20.97,0.6562,0.78,284,96,True
S4_dev_trend,T3_zscore_neg_1.5,P3_long_short,7,-0.6997,-0.6411,-1.209,-0.1697,-10.72,16.71,-63.13,0.3438,0.56,299,96,False
S4_dev_trend,T3_zscore_2.0,P1_long_cash,7,-0.1351,0.0,0.0,0.0,0.0,99900.0,0.0,0.0,0.11,299,96,False
S4_dev_trend,T3_zscore_2.0,P2_signal_strength,7,0.9631,0.8021,1.1194,0.4551,9.54,11.9,-20.97,0.6562,0.78,284,96,True
S4_dev_trend,T3_zscore_2.0,P3_long_short,7,-0.7819,-0.8998,-1.613,-0.2016,-14.8,16.45,-73.44,0.3229,0.22,299,96,False
S4_dev_trend,T3_zscore_neg_2.0,P1_long_cash,7,0.0368,0.4165,0.0,1.6637,1.7,4.07,-1.02,0.0208,0.28,299,96,True
S4_dev_trend,T3_zscore_neg_2.0,P2_signal_strength,7,0.9631,0.8021,1.1194,0.4551,9.54,11.9,-20.97,0.6562,0.78,284,96,True
S4_dev_trend,T3_zscore_neg_2.0,P3_long_short,7,-0.683,-0.6843,-1.2963,-0.1752,-11.41,16.68,-65.13,0.3333,0.56,299,96,False
S4_dev_trend,T1_fixed_p25,P1_long_cash,8,0.7461,0.2961,0.3856,0.1512,3.62,12.22,-23.93,0.3542,0.81,299,96,True
S4_dev_trend,T1_fixed_p25,P2_signal_strength,8,0.8867,0.8024,1.1688,0.4527,9.64,12.02,-21.3,0.6667,0.77,283,96,True
S4_dev_trend,T1_fixed_p25,P3_long_short,8,0.5193,-0.4488,-0.8028,-0.1206,-7.57,16.86,-62.73,0.4896,1.61,299,96,False
S4_dev_trend,T1_fixed_p50,P1_long_cash,8,0.7058,0.0355,0.0403,0.0171,0.37,10.56,-21.87,0.1875,1.44,299,96,True
S4_dev_trend,T1_fixed_p50,P2_signal_strength,8,0.8867,0.8024,1.1688,0.4527,9.64,12.02,-21.3,0.6667,0.77,283,96,True
S4_dev_trend,T1_fixed_p50,P3_long_short,8,0.2963,-0.8514,-1.4853,-0.188,-14.05,16.51,-74.73,0.3646,2.89,299,96,False
S4_dev_trend,T1_fixed_p75,P1_long_cash,8,0.4065,-0.0693,-0.0657,-0.0283,-0.46,6.68,-16.35,0.0729,1.17,299,96,False
S4_dev_trend,T1_fixed_p75,P2_signal_strength,8,0.8867,0.8024,1.1688,0.4527,9.64,12.02,-21.3,0.6667,0.77,283,96,True
S4_dev_trend,T1_fixed_p75,P3_long_short,8,-0.2688,-0.9603,-1.7258,-0.2038,-15.73,16.38,-77.16,0.3333,2.33,299,96,False
S4_dev_trend,T2_roll_p25,P1_long_cash,8,0.8072,0.6487,0.9432,0.4176,9.99,15.4,-23.93,0.5729,1.14,299,96,True
S4_dev_trend,T2_roll_p25,P2_signal_strength,8,0.8867,0.8024,1.1688,0.4527,9.64,12.02,-21.3,0.6667,0.77,283,96,True
S4_dev_trend,T2_roll_p25,P3_long_short,8,0.5505,0.306,0.4954,0.1356,5.18,16.94,-38.23,0.625,2.28,299,96,True
S4_dev_trend,T2_roll_p50,P1_long_cash,8,0.7219,0.0864,0.1004,0.0409,0.93,10.79,-22.83,0.2708,1.75,299,96,True
S4_dev_trend,T2_roll_p50,P2_signal_strength,8,0.8867,0.8024,1.1688,0.4527,9.64,12.02,-21.3,0.6667,0.77,283,96,True
S4_dev_trend,T2_roll_p50,P3_long_short,8,0.2322,-0.7802,-1.3678,-0.1742,-12.94,16.58,-74.25,0.4271,3.5,299,96,False
S4_dev_trend,T2_roll_p75,P1_long_cash,8,0.6007,-0.0531,-0.0576,-0.0277,-0.45,8.53,-16.35,0.125,1.39,299,96,False
S4_dev_trend,T2_roll_p75,P2_signal_strength,8,0.8867,0.8024,1.1688,0.4527,9.64,12.02,-21.3,0.6667,0.77,283,96,True
S4_dev_trend,T2_roll_p75,P3_long_short,8,-0.0691,-0.959,-1.6749,-0.2106,-15.71,16.38,-74.57,0.3542,2.78,299,96,False
S4_dev_trend,T3_zscore_1.0,P1_long_cash,8,0.5742,0.6075,0.8608,0.5676,3.62,5.96,-6.38,0.0938,0.61,299,96,True
S4_dev_trend,T3_zscore_1.0,P2_signal_strength,8,0.8867,0.8024,1.1688,0.4527,9.64,12.02,-21.3,0.6667,0.77,283,96,True
S4_dev_trend,T3_zscore_1.0,P3_long_short,8,-0.2204,-0.4486,-0.8207,-0.1142,-7.56,16.86,-66.26,0.3958,1.22,299,96,False
S4_dev_trend,T3_zscore_neg_1.0,P1_long_cash,8,0.2152,0.6614,1.4888,3.5024,3.57,5.4,-1.02,0.0521,0.5,299,96,True
S4_dev_trend,T3_zscore_neg_1.0,P2_signal_strength,8,0.8867,0.8024,1.1688,0.4527,9.64,12.02,-21.3,0.6667,0.77,283,96,True
S4_dev_trend,T3_zscore_neg_1.0,P3_long_short,8,-0.4796,-0.4547,-0.8818,-0.1424,-7.66,16.86,-53.8,0.3542,1.0,299,96,False
S4_dev_trend,T3_zscore_1.5,P1_long_cash,8,0.1733,0.3536,0.0,0.0,1.0,2.83,0.0,0.0104,0.5,299,96,True
S4_dev_trend,T3_zscore_1.5,P2_signal_strength,8,0.8867,0.8024,1.1688,0.4527,9.64,12.02,-21.3,0.6667,0.77,283,96,True
S4_dev_trend,T3_zscore_1.5,P3_long_short,8,-0.6075,-0.7715,-1.4114,-0.18,-12.8,16.59,-71.12,0.3333,1.0,299,96,False
S4_dev_trend,T3_zscore_neg_1.5,P1_long_cash,8,0.0606,0.5426,0.0,1.2274,1.25,2.31,-1.02,0.0312,0.28,299,96,True
S4_dev_trend,T3_zscore_neg_1.5,P2_signal_strength,8,0.8867,0.8024,1.1688,0.4527,9.64,12.02,-21.3,0.6667,0.77,283,96,True
S4_dev_trend,T3_zscore_neg_1.5,P3_long_short,8,-0.6553,-0.74,-1.3099,-0.1821,-12.3,16.62,-67.55,0.3438,0.56,299,96,False
S4_dev_trend,T3_zscore_2.0,P1_long_cash,8,-0.0137,0.0,0.0,0.0,0.0,99900.0,0.0,0.0,0.11,299,96,False
S4_dev_trend,T3_zscore_2.0,P2_signal_strength,8,0.8867,0.8024,1.1688,0.4527,9.64,12.02,-21.3,0.6667,0.77,283,96,True
S4_dev_trend,T3_zscore_2.0,P3_long_short,8,-0.7256,-0.8998,-1.613,-0.2016,-14.8,16.45,-73.44,0.3229,0.22,299,96,False
S4_dev_trend,T3_zscore_neg_2.0,P1_long_cash,8,0.0584,0.4082,0.0,0.6705,0.68,1.67,-1.02,0.0208,0.28,299,96,True
S4_dev_trend,T3_zscore_neg_2.0,P2_signal_strength,8,0.8867,0.8024,1.1688,0.4527,9.64,12.02,-21.3,0.6667,0.77,283,96,True
S4_dev_trend,T3_zscore_neg_2.0,P3_long_short,8,-0.6655,-0.8119,-1.4415,-0.1909,-13.44,16.55,-70.37,0.3333,0.56,299,96,False
S4_dev_trend,T1_fixed_p25,P1_long_cash,9,0.7453,0.3288,0.4254,0.1689,4.04,12.29,-23.93,0.3542,0.81,299,96,True
S4_dev_trend,T1_fixed_p25,P2_signal_strength,9,0.9313,0.7557,1.0801,0.3975,8.94,11.83,-22.48,0.6667,0.78,282,96,True
S4_dev_trend,T1_fixed_p25,P3_long_short,9,0.5395,-0.398,-0.7,-0.1081,-6.72,16.89,-62.17,0.4896,1.61,299,96,False
S4_dev_trend,T1_fixed_p50,P1_long_cash,9,0.6836,-0.1557,-0.1668,-0.0533,-1.62,10.39,-30.34,0.1771,1.5,299,96,False
S4_dev_trend,T1_fixed_p50,P2_signal_strength,9,0.9313,0.7557,1.0801,0.3975,8.94,11.83,-22.48,0.6667,0.78,282,96,True
S4_dev_trend,T1_fixed_p50,P3_long_short,9,0.2551,-1.115,-1.9114,-0.2285,-18.04,16.18,-78.93,0.3438,3.0,299,96,False
S4_dev_trend,T1_fixed_p75,P1_long_cash,9,0.5339,-0.2499,-0.1656,-0.0656,-1.83,7.34,-27.96,0.0625,1.17,299,96,False
S4_dev_trend,T1_fixed_p75,P2_signal_strength,9,0.9313,0.7557,1.0801,0.3975,8.94,11.83,-22.48,0.6667,0.78,282,96,True
S4_dev_trend,T1_fixed_p75,P3_long_short,9,-0.1061,-1.1447,-1.9244,-0.221,-18.47,16.13,-83.58,0.3125,2.33,299,96,False
S4_dev_trend,T2_roll_p25,P1_long_cash,9,0.8116,0.6896,0.9647,0.4377,10.47,15.19,-23.93,0.5625,1.14,299,96,True
S4_dev_trend,T2_roll_p25,P2_signal_strength,9,0.9313,0.7557,1.0801,0.3975,8.94,11.83,-22.48,0.6667,0.78,282,96,True
S4_dev_trend,T2_roll_p25,P3_long_short,9,0.6185,0.3634,0.5898,0.161,6.14,16.91,-38.16,0.6042,2.28,299,96,True
S4_dev_trend,T2_roll_p50,P1_long_cash,9,0.7286,-0.0032,-0.0035,-0.0012,-0.03,10.77,-30.34,0.2604,1.75,299,96,False
S4_dev_trend,T2_roll_p50,P2_signal_strength,9,0.9313,0.7557,1.0801,0.3975,8.94,11.83,-22.48,0.6667,0.78,282,96,True
S4_dev_trend,T2_roll_p50,P3_long_short,9,0.2728,-0.9044,-1.5441,-0.1957,-14.87,16.44,-75.99,0.4167,3.5,299,96,False
S4_dev_trend,T2_roll_p75,P1_long_cash,9,0.5504,-0.1769,-0.1582,-0.0549,-1.54,8.68,-27.96,0.125,1.39,299,96,False
S4_dev_trend,T2_roll_p75,P2_signal_strength,9,0.9313,0.7557,1.0801,0.3975,8.94,11.83,-22.48,0.6667,0.78,282,96,True
S4_dev_trend,T2_roll_p75,P3_long_short,9,-0.1382,-1.1038,-1.8837,-0.2138,-17.87,16.19,-83.58,0.3542,2.78,299,96,False
S4_dev_trend,T3_zscore_1.0,P1_long_cash,9,0.6453,0.1597,0.094,0.1309,0.9,5.66,-6.91,0.0729,0.61,299,96,True
S4_dev_trend,T3_zscore_1.0,P2_signal_strength,9,0.9313,0.7557,1.0801,0.3975,8.94,11.83,-22.48,0.6667,0.78,282,96,True
S4_dev_trend,T3_zscore_1.0,P3_long_short,9,-0.1516,-0.7838,-1.3981,-0.1854,-12.99,16.58,-70.1,0.3542,1.22,299,96,False
S4_dev_trend,T3_zscore_neg_1.0,P1_long_cash,9,0.0433,0.3945,0.1141,0.2435,1.93,4.89,-7.92,0.0521,0.5,299,96,True
S4_dev_trend,T3_zscore_neg_1.0,P2_signal_strength,9,0.9313,0.7557,1.0801,0.3975,8.94,11.83,-22.48,0.6667,0.78,282,96,True
S4_dev_trend,T3_zscore_neg_1.0,P3_long_short,9,-0.6717,-0.6554,-1.1516,-0.1715,-10.95,16.7,-63.84,0.3542,1.0,299,96,False
S4_dev_trend,T3_zscore_1.5,P1_long_cash,9,0.2582,0.3536,0.0,0.0,0.41,1.15,0.0,0.0104,0.5,299,96,True
S4_dev_trend,T3_zscore_1.5,P2_signal_strength,9,0.9313,0.7557,1.0801,0.3975,8.94,11.83,-22.48,0.6667,0.78,282,96,True
S4_dev_trend,T3_zscore_1.5,P3_long_short,9,-0.5497,-0.8475,-1.5134,-0.1953,-13.99,16.51,-71.66,0.3333,1.0,299,96,False
S4_dev_trend,T3_zscore_neg_1.5,P1_long_cash,9,0.0997,0.5449,0.0,1.422,1.45,2.66,-1.02,0.0312,0.28,299,96,True
S4_dev_trend,T3_zscore_neg_1.5,P2_signal_strength,9,0.9313,0.7557,1.0801,0.3975,8.94,11.83,-22.48,0.6667,0.78,282,96,True
S4_dev_trend,T3_zscore_neg_1.5,P3_long_short,9,-0.6165,-0.7151,-1.2707,-0.179,-11.9,16.65,-66.5,0.3438,0.56,299,96,False
S4_dev_trend,T3_zscore_2.0,P1_long_cash,9,0.071,0.0,0.0,0.0,0.0,99900.0,0.0,0.0,0.11,299,96,False
S4_dev_trend,T3_zscore_2.0,P2_signal_strength,9,0.9313,0.7557,1.0801,0.3975,8.94,11.83,-22.48,0.6667,0.78,282,96,True
S4_dev_trend,T3_zscore_2.0,P3_long_short,9,-0.6808,-0.8998,-1.613,-0.2016,-14.8,16.45,-73.44,0.3229,0.22,299,96,False
S4_dev_trend,T3_zscore_neg_2.0,P1_long_cash,9,0.0142,0.4118,0.0,0.7729,0.79,1.91,-1.02,0.0208,0.28,299,96,True
S4_dev_trend,T3_zscore_neg_2.0,P2_signal_strength,9,0.9313,0.7557,1.0801,0.3975,8.94,11.83,-22.48,0.6667,0.78,282,96,True
S4_dev_trend,T3_zscore_neg_2.0,P3_long_short,9,-0.7049,-0.7986,-1.4199,-0.1893,-13.23,16.56,-69.87,0.3333,0.56,299,96,False
S4_dev_trend,T1_fixed_p25,P1_long_cash,10,0.7085,0.3484,0.4279,0.1762,4.22,12.1,-23.93,0.3438,0.81,299,96,True
S4_dev_trend,T1_fixed_p25,P2_signal_strength,10,0.8705,0.7544,1.0633,0.4133,8.88,11.77,-21.48,0.6562,0.78,281,96,True
S4_dev_trend,T1_fixed_p25,P3_long_short,10,0.4749,-0.377,-0.6611,-0.1093,-6.37,16.9,-58.26,0.4792,1.61,299,96,False
S4_dev_trend,T1_fixed_p50,P1_long_cash,10,0.6518,0.1539,0.1524,0.079,1.63,10.62,-20.69,0.2083,1.44,299,96,True
S4_dev_trend,T1_fixed_p50,P2_signal_strength,10,0.8705,0.7544,1.0633,0.4133,8.88,11.77,-21.48,0.6562,0.78,281,96,True
S4_dev_trend,T1_fixed_p50,P3_long_short,10,0.1919,-0.6919,-1.2006,-0.1697,-11.53,16.67,-67.95,0.4062,2.89,299,96,False
S4_dev_trend,T1_fixed_p75,P1_long_cash,10,0.4528,0.1539,0.0955,0.0708,1.14,7.42,-16.11,0.0833,1.11,299,96,True
S4_dev_trend,T1_fixed_p75,P2_signal_strength,10,0.8705,0.7544,1.0633,0.4133,8.88,11.77,-21.48,0.6562,0.78,281,96,True
S4_dev_trend,T1_fixed_p75,P3_long_short,10,-0.2025,-0.7538,-1.3635,-0.1838,-12.52,16.61,-68.11,0.3542,2.22,299,96,False
S4_dev_trend,T2_roll_p25,P1_long_cash,10,0.792,0.7759,1.2085,0.4904,11.73,15.12,-23.93,0.5521,1.14,299,96,True
S4_dev_trend,T2_roll_p25,P2_signal_strength,10,0.8705,0.7544,1.0633,0.4133,8.88,11.77,-21.48,0.6562,0.78,281,96,True
S4_dev_trend,T2_roll_p25,P3_long_short,10,0.5647,0.5154,0.9522,0.2808,8.67,16.81,-30.86,0.5833,2.28,299,96,True
S4_dev_trend,T2_roll_p50,P1_long_cash,10,0.6603,0.2141,0.2161,0.1144,2.37,11.06,-20.69,0.2604,1.75,299,96,True
S4_dev_trend,T2_roll_p50,P2_signal_strength,10,0.8705,0.7544,1.0633,0.4133,8.88,11.77,-21.48,0.6562,0.78,281,96,True
S4_dev_trend,T2_roll_p50,P3_long_short,10,0.1676,-0.6011,-1.0495,-0.1506,-10.07,16.75,-66.87,0.4271,3.5,299,96,False
S4_dev_trend,T2_roll_p75,P1_long_cash,10,0.5956,0.0954,0.0751,0.0529,0.85,8.94,-16.11,0.1354,1.39,299,96,True
S4_dev_trend,T2_roll_p75,P2_signal_strength,10,0.8705,0.7544,1.0633,0.4133,8.88,11.77,-21.48,0.6562,0.78,281,96,True
S4_dev_trend,T2_roll_p75,P3_long_short,10,-0.0694,-0.7904,-1.3885,-0.1884,-13.1,16.57,-69.5,0.375,2.78,299,96,False
S4_dev_trend,T3_zscore_1.0,P1_long_cash,10,0.6778,-0.0357,-0.0178,-0.0177,-0.17,4.76,-9.62,0.0625,0.61,299,96,False
S4_dev_trend,T3_zscore_1.0,P2_signal_strength,10,0.8705,0.7544,1.0633,0.4133,8.88,11.77,-21.48,0.6562,0.78,281,96,True
S4_dev_trend,T3_zscore_1.0,P3_long_short,10,-0.1384,-0.922,-1.6457,-0.2057,-15.14,16.42,-73.61,0.3333,1.22,299,96,False
S4_dev_trend,T3_zscore_neg_1.0,P1_long_cash,10,0.0864,-0.0276,-0.0069,-0.0104,-0.15,5.39,-14.27,0.0521,0.5,299,96,False
S4_dev_trend,T3_zscore_neg_1.0,P2_signal_strength,10,0.8705,0.7544,1.0633,0.4133,8.88,11.77,-21.48,0.6562,0.78,281,96,True
S4_dev_trend,T3_zscore_neg_1.0,P3_long_short,10,-0.622,-0.9192,-1.5192,-0.2038,-15.1,16.43,-74.09,0.3542,1.0,299,96,False
S4_dev_trend,T3_zscore_1.5,P1_long_cash,10,0.3087,0.3536,0.0,0.0,0.23,0.64,0.0,0.0104,0.5,299,96,True
S4_dev_trend,T3_zscore_1.5,P2_signal_strength,10,0.8705,0.7544,1.0633,0.4133,8.88,11.77,-21.48,0.6562,0.78,281,96,True
S4_dev_trend,T3_zscore_1.5,P3_long_short,10,-0.5037,-0.8705,-1.559,-0.198,-14.35,16.48,-72.46,0.3333,1.0,299,96,False
S4_dev_trend,T3_zscore_neg_1.5,P1_long_cash,10,0.1345,0.6296,0.0,0.0,1.66,2.63,0.0,0.0417,0.28,299,96,True
S4_dev_trend,T3_zscore_neg_1.5,P2_signal_strength,10,0.8705,0.7544,1.0633,0.4133,8.88,11.77,-21.48,0.6562,0.78,281,96,True
S4_dev_trend,T3_zscore_neg_1.5,P3_long_short,10,-0.5747,-0.6889,-1.2313,-0.1757,-11.49,16.67,-65.36,0.3646,0.56,299,96,False
S4_dev_trend,T3_zscore_2.0,P1_long_cash,10,0.1299,0.0,0.0,0.0,0.0,99900.0,0.0,0.0,0.11,299,96,False
S4_dev_trend,T3_zscore_2.0,P2_signal_strength,10,0.8705,0.7544,1.0633,0.4133,8.88,11.77,-21.48,0.6562,0.78,281,96,True
S4_dev_trend,T3_zscore_2.0,P3_long_short,10,-0.6436,-0.8998,-1.613,-0.2016,-14.8,16.45,-73.44,0.3229,0.22,299,96,False
S4_dev_trend,T3_zscore_neg_2.0,P1_long_cash,10,0.2044,0.5998,0.0,0.0,1.58,2.63,0.0,0.0312,0.28,299,96,True
S4_dev_trend,T3_zscore_neg_2.0,P2_signal_strength,10,0.8705,0.7544,1.0633,0.4133,8.88,11.77,-21.48,0.6562,0.78,281,96,True
S4_dev_trend,T3_zscore_neg_2.0,P3_long_short,10,-0.5217,-0.6992,-1.2444,-0.177,-11.65,16.66,-65.81,0.3542,0.56,299,96,False
S4_dev_trend,T1_fixed_p25,P1_long_cash,11,0.6271,0.4019,0.5157,0.2052,4.91,12.22,-23.93,0.3542,0.78,299,96,True
S4_dev_trend,T1_fixed_p25,P2_signal_strength,11,0.8947,0.7569,1.0674,0.422,9.01,11.9,-21.35,0.6562,0.78,280,96,True
S4_dev_trend,T1_fixed_p25,P3_long_short,11,0.3494,-0.2941,-0.5134,-0.0797,-4.98,16.94,-62.54,0.5,1.56,299,96,False
S4_dev_trend,T1_fixed_p50,P1_long_cash,11,0.6717,0.1968,0.2067,0.0996,1.99,10.11,-19.98,0.2188,1.44,299,96,True
S4_dev_trend,T1_fixed_p50,P2_signal_strength,11,0.8947,0.7569,1.0674,0.422,9.01,11.9,-21.35,0.6562,0.78,280,96,True
S4_dev_trend,T1_fixed_p50,P3_long_short,11,0.2105,-0.6478,-1.144,-0.1544,-10.82,16.71,-70.12,0.4271,2.89,299,96,False
S4_dev_trend,T1_fixed_p75,P1_long_cash,11,0.5089,0.0968,0.061,0.0397,0.7,7.19,-17.55,0.0729,1.11,299,96,True
S4_dev_trend,T1_fixed_p75,P2_signal_strength,11,0.8947,0.7569,1.0674,0.422,9.01,11.9,-21.35,0.6562,0.78,280,96,True
S4_dev_trend,T1_fixed_p75,P3_long_short,11,-0.1398,-0.8103,-1.4424,-0.1842,-13.41,16.55,-72.82,0.3333,2.22,299,96,False
S4_dev_trend,T2_roll_p25,P1_long_cash,11,0.9089,0.5729,0.8295,0.3722,8.91,15.55,-23.93,0.5417,1.14,299,96,True
S4_dev_trend,T2_roll_p25,P2_signal_strength,11,0.8947,0.7569,1.0674,0.422,9.01,11.9,-21.35,0.6562,0.78,280,96,True
S4_dev_trend,T2_roll_p25,P3_long_short,11,0.6991,0.1773,0.282,0.0818,3.01,16.98,-36.82,0.5625,2.28,299,96,True
S4_dev_trend,T2_roll_p50,P1_long_cash,11,0.7398,0.4876,0.5917,0.2727,5.45,11.18,-19.98,0.2917,1.72,299,96,True
S4_dev_trend,T2_roll_p50,P2_signal_strength,11,0.8947,0.7569,1.0674,0.422,9.01,11.9,-21.35,0.6562,0.78,280,96,True
S4_dev_trend,T2_roll_p50,P3_long_short,11,0.2043,-0.2301,-0.4025,-0.0633,-3.9,16.96,-61.65,0.4896,3.44,299,96,False
S4_dev_trend,T2_roll_p75,P1_long_cash,11,0.6784,0.079,0.0634,0.0396,0.69,8.79,-17.55,0.1354,1.39,299,96,True
S4_dev_trend,T2_roll_p75,P2_signal_strength,11,0.8947,0.7569,1.0674,0.422,9.01,11.9,-21.35,0.6562,0.78,280,96,True
S4_dev_trend,T2_roll_p75,P3_long_short,11,-0.0018,-0.8105,-1.4205,-0.1842,-13.41,16.55,-72.82,0.375,2.78,299,96,False
S4_dev_trend,T3_zscore_1.0,P1_long_cash,11,0.6381,0.0448,0.0248,0.0192,0.26,5.8,-13.53,0.0729,0.61,299,96,True
S4_dev_trend,T3_zscore_1.0,P2_signal_strength,11,0.8947,0.7569,1.0674,0.422,9.01,11.9,-21.35,0.6562,0.78,280,96,True
S4_dev_trend,T3_zscore_1.0,P3_long_short,11,-0.1869,-0.8662,-1.4943,-0.1991,-14.28,16.49,-71.74,0.3542,1.22,299,96,False
S4_dev_trend,T3_zscore_neg_1.0,P1_long_cash,11,0.0805,0.6443,0.0,1.4451,3.6,5.59,-2.49,0.0625,0.5,299,96,True
S4_dev_trend,T3_zscore_neg_1.0,P2_signal_strength,11,0.8947,0.7569,1.0674,0.422,9.01,11.9,-21.35,0.6562,0.78,280,96,True
S4_dev_trend,T3_zscore_neg_1.0,P3_long_short,11,-0.6304,-0.4506,-0.8974,-0.1418,-7.6,16.86,-53.59,0.375,1.0,299,96,False
S4_dev_trend,T3_zscore_1.5,P1_long_cash,11,0.3958,0.3536,0.0,0.0,0.51,1.44,0.0,0.0104,0.5,299,96,True
S4_dev_trend,T3_zscore_1.5,P2_signal_strength,11,0.8947,0.7569,1.0674,0.422,9.01,11.9,-21.35,0.6562,0.78,280,96,True
S4_dev_trend,T3_zscore_1.5,P3_long_short,11,-0.456,-0.834,-1.49,-0.1936,-13.78,16.52,-71.17,0.3333,1.0,299,96,False
S4_dev_trend,T3_zscore_neg_1.5,P1_long_cash,11,0.0946,0.6186,0.0,0.0,1.59,2.57,0.0,0.0417,0.28,299,96,True
S4_dev_trend,T3_zscore_neg_1.5,P2_signal_strength,11,0.8947,0.7569,1.0674,0.422,9.01,11.9,-21.35,0.6562,0.78,280,96,True
S4_dev_trend,T3_zscore_neg_1.5,P3_long_short,11,-0.6183,-0.6973,-1.2479,-0.1768,-11.62,16.66,-65.73,0.3646,0.56,299,96,False
S4_dev_trend,T3_zscore_2.0,P1_long_cash,11,0.229,0.0,0.0,0.0,0.0,99900.0,0.0,0.0,0.11,299,96,False
S4_dev_trend,T3_zscore_2.0,P2_signal_strength,11,0.8947,0.7569,1.0674,0.422,9.01,11.9,-21.35,0.6562,0.78,280,96,True
S4_dev_trend,T3_zscore_2.0,P3_long_short,11,-0.5768,-0.8998,-1.613,-0.2016,-14.8,16.45,-73.44,0.3229,0.22,299,96,False
S4_dev_trend,T3_zscore_neg_2.0,P1_long_cash,11,0.3474,0.533,0.0,0.0,1.31,2.46,0.0,0.0312,0.28,299,96,True
S4_dev_trend,T3_zscore_neg_2.0,P2_signal_strength,11,0.8947,0.7569,1.0674,0.422,9.01,11.9,-21.35,0.6562,0.78,280,96,True
S4_dev_trend,T3_zscore_neg_2.0,P3_long_short,11,-0.4057,-0.7324,-1.3147,-0.1812,-12.18,16.63,-67.23,0.3542,0.56,299,96,False
S4_dev_trend,T1_fixed_p25,P1_long_cash,12,0.5586,0.3608,0.4013,0.1781,4.26,11.81,-23.93,0.3333,0.67,299,96,True
S4_dev_trend,T1_fixed_p25,P2_signal_strength,12,0.8371,0.691,0.9555,0.3573,8.3,12.01,-23.23,0.6562,0.78,279,96,True
S4_dev_trend,T1_fixed_p25,P3_long_short,12,0.2517,-0.3716,-0.6219,-0.0965,-6.28,16.9,-65.07,0.4688,1.33,299,96,False
S4_dev_trend,T1_fixed_p50,P1_long_cash,12,0.4832,0.1882,0.2092,0.0791,1.92,10.23,-24.33,0.2292,1.44,299,96,True
S4_dev_trend,T1_fixed_p50,P2_signal_strength,12,0.8371,0.691,0.9555,0.3573,8.3,12.01,-23.23,0.6562,0.78,279,96,True
S4_dev_trend,T1_fixed_p50,P3_long_short,12,0.0155,-0.6558,-1.1192,-0.1419,-10.95,16.7,-77.22,0.4479,2.89,299,96,False
S4_dev_trend,T1_fixed_p75,P1_long_cash,12,0.4353,-0.5453,-0.5277,-0.1343,-4.15,7.61,-30.91,0.0521,1.11,299,96,False
S4_dev_trend,T1_fixed_p75,P2_signal_strength,12,0.8371,0.691,0.9555,0.3573,8.3,12.01,-23.23,0.6562,0.78,279,96,True
S4_dev_trend,T1_fixed_p75,P3_long_short,12,-0.218,-1.4786,-2.5042,-0.2676,-23.1,15.62,-86.34,0.2917,2.22,299,96,False
S4_dev_trend,T2_roll_p25,P1_long_cash,12,0.7232,0.5897,0.8734,0.389,9.31,15.79,-23.93,0.5312,1.14,299,96,True
S4_dev_trend,T2_roll_p25,P2_signal_strength,12,0.8371,0.691,0.9555,0.3573,8.3,12.01,-23.23,0.6562,0.78,279,96,True
S4_dev_trend,T2_roll_p25,P3_long_short,12,0.4666,0.2249,0.362,0.0812,3.81,16.97,-46.96,0.5417,2.28,299,96,True
S4_dev_trend,T2_roll_p50,P1_long_cash,12,0.5821,0.3298,0.3125,0.1461,3.56,10.78,-24.33,0.2604,1.69,299,96,True
S4_dev_trend,T2_roll_p50,P2_signal_strength,12,0.8371,0.691,0.9555,0.3573,8.3,12.01,-23.23,0.6562,0.78,279,96,True
S4_dev_trend,T2_roll_p50,P3_long_short,12,0.1141,-0.4564,-0.7519,-0.1065,-7.69,16.85,-72.22,0.4375,3.39,299,96,False
S4_dev_trend,T2_roll_p75,P1_long_cash,12,0.7481,-0.2818,-0.2796,-0.0832,-2.57,9.12,-30.91,0.1146,1.39,299,96,False
S4_dev_trend,T2_roll_p75,P2_signal_strength,12,0.8371,0.691,0.9555,0.3573,8.3,12.01,-23.23,0.6562,0.78,279,96,True
S4_dev_trend,T2_roll_p75,P3_long_short,12,0.0637,-1.2477,-2.0917,-0.2374,-19.95,15.99,-84.0,0.3333,2.78,299,96,False
S4_dev_trend,T3_zscore_1.0,P1_long_cash,12,0.4652,-0.3664,-0.2243,-0.1171,-2.29,6.25,-19.57,0.0521,0.61,299,96,False
S4_dev_trend,T3_zscore_1.0,P2_signal_strength,12,0.8371,0.691,0.9555,0.3573,8.3,12.01,-23.23,0.6562,0.78,279,96,True
S4_dev_trend,T3_zscore_1.0,P3_long_short,12,-0.3143,-1.2082,-2.0703,-0.2387,-19.38,16.04,-81.22,0.3125,1.22,299,96,False
S4_dev_trend,T3_zscore_neg_1.0,P1_long_cash,12,0.2034,0.7928,0.0,0.0,4.16,5.24,0.0,0.0729,0.5,299,96,True
S4_dev_trend,T3_zscore_neg_1.0,P2_signal_strength,12,0.8371,0.691,0.9555,0.3573,8.3,12.01,-23.23,0.6562,0.78,279,96,True
S4_dev_trend,T3_zscore_neg_1.0,P3_long_short,12,-0.5107,-0.384,-0.7332,-0.1214,-6.49,16.9,-53.45,0.3958,1.0,299,96,False
S4_dev_trend,T3_zscore_1.5,P1_long_cash,12,0.3151,-0.3536,-0.0,-0.125,-0.8,2.25,-6.38,0.0,0.5,299,96,False
S4_dev_trend,T3_zscore_1.5,P2_signal_strength,12,0.8371,0.691,0.9555,0.3573,8.3,12.01,-23.23,0.6562,0.78,279,96,True
S4_dev_trend,T3_zscore_1.5,P3_long_short,12,-0.5091,-1.0045,-1.7884,-0.214,-16.4,16.32,-76.62,0.3125,1.0,299,96,False
S4_dev_trend,T3_zscore_neg_1.5,P1_long_cash,12,0.2751,0.6047,0.0,0.0,1.33,2.2,0.0,0.0417,0.28,299,96,True
S4_dev_trend,T3_zscore_neg_1.5,P2_signal_strength,12,0.8371,0.691,0.9555,0.3573,8.3,12.01,-23.23,0.6562,0.78,279,96,True
S4_dev_trend,T3_zscore_neg_1.5,P3_long_short,12,-0.4456,-0.7302,-1.3071,-0.1809,-12.14,16.63,-67.14,0.3646,0.56,299,96,False
S4_dev_trend,T3_zscore_2.0,P1_long_cash,12,0.4964,0.0,0.0,0.0,0.0,99900.0,0.0,0.0,0.11,299,96,False
S4_dev_trend,T3_zscore_2.0,P2_signal_strength,12,0.8371,0.691,0.9555,0.3573,8.3,12.01,-23.23,0.6562,0.78,279,96,True
S4_dev_trend,T3_zscore_2.0,P3_long_short,12,-0.5078,-0.8998,-1.613,-0.2016,-14.8,16.45,-73.44,0.3229,0.22,299,96,False
S4_dev_trend,T3_zscore_neg_2.0,P1_long_cash,12,0.234,0.5033,0.0,0.0,1.02,2.03,0.0,0.0312,0.28,299,96,True
S4_dev_trend,T3_zscore_neg_2.0,P2_signal_strength,12,0.8371,0.691,0.9555,0.3573,8.3,12.01,-23.23,0.6562,0.78,279,96,True
S4_dev_trend,T3_zscore_neg_2.0,P3_long_short,12,-0.5067,-0.7686,-1.3805,-0.1856,-12.75,16.59,-68.71,0.3542,0.56,299,96,False
S5_zscore,T1_fixed_p25,P1_long_cash,0,0.6729,0.5074,0.4078,0.3342,4.52,8.91,-13.53,0.3021,0.53,299,96,True
S5_zscore,T1_fixed_p25,P2_signal_strength,0,0.9847,0.8693,1.3331,0.54,10.29,11.83,-19.05,0.6562,0.56,253,96,True
S5_zscore,T1_fixed_p25,P3_long_short,0,0.3545,-0.3403,-0.5816,-0.0844,-5.76,16.92,-68.2,0.5208,1.06,299,96,False
S5_zscore,T1_fixed_p50,P1_long_cash,0,0.8731,0.0959,0.1096,0.0376,0.51,5.31,-13.53,0.0625,0.5,299,96,True
S5_zscore,T1_fixed_p50,P2_signal_strength,0,0.9847,0.8693,1.3331,0.54,10.29,11.83,-19.05,0.6562,0.56,253,96,True
S5_zscore,T1_fixed_p50,P3_long_short,0,0.337,-0.8342,-1.4597,-0.1888,-13.79,16.52,-73.03,0.3646,1.0,299,96,False
S5_zscore,T1_fixed_p75,P1_long_cash,0,0.8163,-0.3217,-0.0,-0.1142,-0.79,2.45,-6.91,0.0104,0.56,299,96,False
S5_zscore,T1_fixed_p75,P2_signal_strength,0,0.9847,0.8693,1.3331,0.54,10.29,11.83,-19.05,0.6562,0.56,253,96,True
S5_zscore,T1_fixed_p75,P3_long_short,0,-0.047,-1.0035,-1.7895,-0.2153,-16.38,16.32,-76.1,0.3229,1.11,299,96,False
S5_zscore,T2_roll_p25,P1_long_cash,0,0.8272,0.6106,0.8375,0.374,9.18,15.03,-24.54,0.5938,0.58,299,96,True
S5_zscore,T2_roll_p25,P2_signal_strength,0,0.9847,0.8693,1.3331,0.54,10.29,11.83,-19.05,0.6562,0.56,253,96,True
S5_zscore,T2_roll_p25,P3_long_short,0,0.2838,0.2095,0.3076,0.0671,3.55,16.97,-53.01,0.6146,1.17,299,96,True
S5_zscore,T2_roll_p50,P1_long_cash,0,0.7005,0.5794,0.5934,0.3016,5.89,10.17,-19.53,0.375,0.92,299,96,True
S5_zscore,T2_roll_p50,P2_signal_strength,0,0.9847,0.8693,1.3331,0.54,10.29,11.83,-19.05,0.6562,0.56,253,96,True
S5_zscore,T2_roll_p50,P3_long_short,0,-0.0923,-0.1779,-0.306,-0.0554,-3.02,16.98,-54.55,0.5625,1.83,299,96,False
S5_zscore,T2_roll_p75,P1_long_cash,0,0.8088,0.55,0.3187,0.2762,3.74,6.8,-13.53,0.1875,0.53,299,96,True
S5_zscore,T2_roll_p75,P2_signal_strength,0,0.9847,0.8693,1.3331,0.54,10.29,11.83,-19.05,0.6562,0.56,253,96,True
S5_zscore,T2_roll_p75,P3_long_short,0,-0.2706,-0.4344,-0.7496,-0.1148,-7.33,16.87,-63.82,0.4688,1.06,299,96,False
S5_zscore,T3_zscore_1.0,P1_long_cash,0,0.6679,0.4365,0.553,0.1896,2.57,5.88,-13.53,0.1354,0.42,299,96,True
S5_zscore,T3_zscore_1.0,P2_signal_strength,0,0.9847,0.8693,1.3331,0.54,10.29,11.83,-19.05,0.6562,0.56,253,96,True
S5_zscore,T3_zscore_1.0,P3_long_short,0,-0.3853,-0.5767,-1.0081,-0.1413,-9.67,16.77,-68.45,0.4375,0.83,299,96,False
S5_zscore,T3_zscore_neg_1.0,P1_long_cash,0,0.0041,0.7006,0.0,0.0,4.01,5.73,0.0,0.0521,0.61,299,96,True
S5_zscore,T3_zscore_neg_1.0,P2_signal_strength,0,0.9847,0.8693,1.3331,0.54,10.29,11.83,-19.05,0.6562,0.56,253,96,True
S5_zscore,T3_zscore_neg_1.0,P3_long_short,0,-0.7125,-0.4012,-0.8033,-0.1104,-6.78,16.89,-61.41,0.375,1.22,299,96,False
S5_zscore,T3_zscore_1.5,P1_long_cash,0,0.2962,0.7863,0.0,0.0,1.47,1.86,0.0,0.0625,0.25,299,96,True
S5_zscore,T3_zscore_1.5,P2_signal_strength,0,0.9847,0.8693,1.3331,0.54,10.29,11.83,-19.05,0.6562,0.56,253,96,True
S5_zscore,T3_zscore_1.5,P3_long_short,0,-0.6444,-0.7131,-1.2756,-0.1691,-11.87,16.65,-70.21,0.3854,0.5,299,96,False
S5_zscore,T3_zscore_neg_1.5,P1_long_cash,0,-0.1436,0.6024,0.0,0.0,3.14,5.21,0.0,0.0417,0.39,299,96,True
S5_zscore,T3_zscore_neg_1.5,P2_signal_strength,0,0.9847,0.8693,1.3331,0.54,10.29,11.83,-19.05,0.6562,0.56,253,96,True
S5_zscore,T3_zscore_neg_1.5,P3_long_short,0,-0.9135,-0.5066,-1.0034,-0.1378,-8.52,16.82,-61.83,0.3646,0.78,299,96,False
S5_zscore,T3_zscore_2.0,P1_long_cash,0,0.1075,0.7001,0.0,0.0,1.29,1.84,0.0,0.0417,0.14,299,96,True
S5_zscore,T3_zscore_2.0,P2_signal_strength,0,0.9847,0.8693,1.3331,0.54,10.29,11.83,-19.05,0.6562,0.56,253,96,True
S5_zscore,T3_zscore_2.0,P3_long_short,0,-0.6975,-0.7354,-1.3026,-0.1742,-12.23,16.63,-70.21,0.3646,0.28,299,96,False
S5_zscore,T3_zscore_neg_2.0,P1_long_cash,0,-0.1418,0.4998,0.0,0.0,2.4,4.81,0.0,0.0312,0.39,299,96,True
S5_zscore,T3_zscore_neg_2.0,P2_signal_strength,0,0.9847,0.8693,1.3331,0.54,10.29,11.83,-19.05,0.6562,0.56,253,96,True
S5_zscore,T3_zscore_neg_2.0,P3_long_short,0,-0.8791,-0.5965,-1.1789,-0.156,-9.99,16.75,-64.07,0.3542,0.78,299,96,False
S5_zscore,T1_fixed_p25,P1_long_cash,1,0.626,0.4136,0.3274,0.2437,3.74,9.05,-15.35,0.2917,0.53,299,96,True
S5_zscore,T1_fixed_p25,P2_signal_strength,1,0.9348,0.874,1.349,0.5468,10.4,11.9,-19.02,0.6562,0.56,252,96,True
S5_zscore,T1_fixed_p25,P3_long_short,1,0.303,-0.4339,-0.7368,-0.106,-7.32,16.87,-69.02,0.5,1.06,299,96,False
S5_zscore,T1_fixed_p50,P1_long_cash,1,0.7384,0.042,0.0471,0.0162,0.22,5.2,-13.53,0.0625,0.5,299,96,True
S5_zscore,T1_fixed_p50,P2_signal_strength,1,0.9348,0.874,1.349,0.5468,10.4,11.9,-19.02,0.6562,0.56,252,96,True
S5_zscore,T1_fixed_p50,P3_long_short,1,0.1948,-0.8715,-1.5387,-0.1997,-14.37,16.48,-71.92,0.3646,1.0,299,96,False
S5_zscore,T1_fixed_p75,P1_long_cash,1,0.6667,-0.2492,-0.0,-0.0914,-0.63,2.54,-6.91,0.0104,0.56,299,96,False
S5_zscore,T1_fixed_p75,P2_signal_strength,1,0.9348,0.874,1.349,0.5468,10.4,11.9,-19.02,0.6562,0.56,252,96,True
S5_zscore,T1_fixed_p75,P3_long_short,1,-0.1602,-0.9826,-1.7416,-0.2128,-16.07,16.35,-75.49,0.3229,1.11,299,96,False
S5_zscore,T2_roll_p25,P1_long_cash,1,0.7648,0.6934,0.9887,0.4513,10.8,15.57,-23.93,0.6042,0.58,299,96,True
S5_zscore,T2_roll_p25,P2_signal_strength,1,0.9348,0.874,1.349,0.5468,10.4,11.9,-19.02,0.6562,0.56,252,96,True
S5_zscore,T2_roll_p25,P3_long_short,1,0.1906,0.4025,0.6356,0.1742,6.8,16.89,-39.01,0.6354,1.17,299,96,True
S5_zscore,T2_roll_p50,P1_long_cash,1,0.7855,0.3272,0.3753,0.1351,3.8,11.62,-28.14,0.3438,0.92,299,96,True
S5_zscore,T2_roll_p50,P2_signal_strength,1,0.9348,0.874,1.349,0.5468,10.4,11.9,-19.02,0.6562,0.56,252,96,True
S5_zscore,T2_roll_p50,P3_long_short,1,-0.0249,-0.4266,-0.7536,-0.1085,-7.2,16.87,-66.35,0.5104,1.83,299,96,False
S5_zscore,T2_roll_p75,P1_long_cash,1,0.6487,0.4978,0.2367,0.2311,3.13,6.28,-13.53,0.1667,0.53,299,96,True
S5_zscore,T2_roll_p75,P2_signal_strength,1,0.9348,0.874,1.349,0.5468,10.4,11.9,-19.02,0.6562,0.56,252,96,True
S5_zscore,T2_roll_p75,P3_long_short,1,-0.3631,-0.5083,-0.8873,-0.1299,-8.55,16.82,-65.8,0.4375,1.06,299,96,False
S5_zscore,T3_zscore_1.0,P1_long_cash,1,0.5983,0.2961,0.3521,0.1208,1.63,5.52,-13.53,0.125,0.42,299,96,True
S5_zscore,T3_zscore_1.0,P2_signal_strength,1,0.9348,0.874,1.349,0.5468,10.4,11.9,-19.02,0.6562,0.56,252,96,True
S5_zscore,T3_zscore_1.0,P3_long_short,1,-0.397,-0.692,-1.2299,-0.1684,-11.53,16.67,-68.51,0.4271,0.83,299,96,False
S5_zscore,T3_zscore_neg_1.0,P1_long_cash,1,0.0132,0.5014,0.0,0.5229,1.96,3.9,-3.74,0.0417,0.61,299,96,True
S5_zscore,T3_zscore_neg_1.0,P2_signal_strength,1,0.9348,0.874,1.349,0.5468,10.4,11.9,-19.02,0.6562,0.56,252,96,True
S5_zscore,T3_zscore_neg_1.0,P3_long_short,1,-0.6983,-0.6517,-1.1836,-0.171,-10.89,16.71,-63.65,0.3542,1.22,299,96,False
S5_zscore,T3_zscore_1.5,P1_long_cash,1,0.056,0.0538,0.0,0.0232,0.16,2.98,-6.91,0.0417,0.25,299,96,True
S5_zscore,T3_zscore_1.5,P2_signal_strength,1,0.9348,0.874,1.349,0.5468,10.4,11.9,-19.02,0.6562,0.56,252,96,True
S5_zscore,T3_zscore_1.5,P3_long_short,1,-0.7058,-0.8791,-1.5613,-0.1954,-14.48,16.47,-74.13,0.3542,0.5,299,96,False
S5_zscore,T3_zscore_neg_1.5,P1_long_cash,1,-0.1202,0.6651,0.0,0.0,2.43,3.65,0.0,0.0417,0.39,299,96,True
S5_zscore,T3_zscore_neg_1.5,P2_signal_strength,1,0.9348,0.874,1.349,0.5468,10.4,11.9,-19.02,0.6562,0.56,252,96,True
S5_zscore,T3_zscore_neg_1.5,P3_long_short,1,-0.8684,-0.5939,-1.073,-0.162,-9.95,16.75,-61.41,0.3646,0.78,299,96,False
S5_zscore,T3_zscore_2.0,P1_long_cash,1,0.0797,0.6154,0.0,0.0,1.02,1.66,0.0,0.0417,0.11,299,96,True
S5_zscore,T3_zscore_2.0,P2_signal_strength,1,0.9348,0.874,1.349,0.5468,10.4,11.9,-19.02,0.6562,0.56,252,96,True
S5_zscore,T3_zscore_2.0,P3_long_short,1,-0.7048,-0.7686,-1.3769,-0.1799,-12.75,16.59,-70.89,0.3646,0.22,299,96,False
S5_zscore,T3_zscore_neg_2.0,P1_long_cash,1,-0.148,0.5694,0.0,0.0,1.55,2.73,0.0,0.0312,0.39,299,96,True
S5_zscore,T3_zscore_neg_2.0,P2_signal_strength,1,0.9348,0.874,1.349,0.5468,10.4,11.9,-19.02,0.6562,0.56,252,96,True
S5_zscore,T3_zscore_neg_2.0,P3_long_short,1,-0.8874,-0.702,-1.2573,-0.1774,-11.7,16.66,-65.93,0.3542,0.78,299,96,False
S5_zscore,T1_fixed_p25,P1_long_cash,2,0.5641,0.3093,0.3014,0.1287,3.35,10.84,-26.06,0.3021,0.53,299,96,True
S5_zscore,T1_fixed_p25,P2_signal_strength,2,0.8568,0.8613,1.3062,0.5504,10.3,11.96,-18.71,0.6562,0.56,251,96,True
S5_zscore,T1_fixed_p25,P3_long_short,2,0.2348,-0.4808,-0.7838,-0.1148,-8.1,16.84,-70.53,0.5208,1.06,299,96,False
S5_zscore,T1_fixed_p50,P1_long_cash,2,0.829,0.0828,0.0942,0.0323,0.44,5.28,-13.53,0.0625,0.56,299,96,True
S5_zscore,T1_fixed_p50,P2_signal_strength,2,0.8568,0.8613,1.3062,0.5504,10.3,11.96,-18.71,0.6562,0.56,251,96,True
S5_zscore,T1_fixed_p50,P3_long_short,2,0.2882,-0.8434,-1.4787,-0.1963,-13.93,16.51,-70.95,0.3646,1.11,299,96,False
S5_zscore,T1_fixed_p75,P1_long_cash,2,0.6088,-0.2725,-0.0,-0.0987,-0.87,3.19,-8.8,0.0104,0.56,299,96,False
S5_zscore,T1_fixed_p75,P2_signal_strength,2,0.8568,0.8613,1.3062,0.5504,10.3,11.96,-18.71,0.6562,0.56,251,96,True
S5_zscore,T1_fixed_p75,P3_long_short,2,-0.1584,-1.0141,-1.7646,-0.2165,-16.54,16.31,-76.41,0.3229,1.11,299,96,False
S5_zscore,T2_roll_p25,P1_long_cash,2,0.6748,0.7408,1.0645,0.4859,11.63,15.7,-23.93,0.6042,0.58,299,96,True
S5_zscore,T2_roll_p25,P2_signal_strength,2,0.8568,0.8613,1.3062,0.5504,10.3,11.96,-18.71,0.6562,0.56,251,96,True
S5_zscore,T2_roll_p25,P3_long_short,2,0.1406,0.5023,0.7682,0.2783,8.45,16.82,-30.37,0.6354,1.17,299,96,True
S5_zscore,T2_roll_p50,P1_long_cash,2,0.7947,0.9495,1.1529,0.796,10.77,11.34,-13.53,0.375,0.92,299,96,True
S5_zscore,T2_roll_p50,P2_signal_strength,2,0.8568,0.8613,1.3062,0.5504,10.3,11.96,-18.71,0.6562,0.56,251,96,True
S5_zscore,T2_roll_p50,P3_long_short,2,-0.0272,0.3991,0.695,0.1442,6.74,16.89,-46.75,0.5833,1.83,299,96,True
S5_zscore,T2_roll_p75,P1_long_cash,2,0.6752,0.5594,0.6902,0.287,3.88,6.94,-13.53,0.1771,0.53,299,96,True
S5_zscore,T2_roll_p75,P2_signal_strength,2,0.8568,0.8613,1.3062,0.5504,10.3,11.96,-18.71,0.6562,0.56,251,96,True
S5_zscore,T2_roll_p75,P3_long_short,2,-0.3415,-0.4168,-0.7272,-0.1127,-7.03,16.88,-62.4,0.4688,1.06,299,96,False
S5_zscore,T3_zscore_1.0,P1_long_cash,2,0.5914,0.2828,0.3372,0.1156,1.56,5.53,-13.53,0.1146,0.42,299,96,True
S5_zscore,T3_zscore_1.0,P2_signal_strength,2,0.8568,0.8613,1.3062,0.5504,10.3,11.96,-18.71,0.6562,0.56,251,96,True
S5_zscore,T3_zscore_1.0,P3_long_short,2,-0.4063,-0.7006,-1.2366,-0.1712,-11.67,16.66,-68.17,0.4167,0.83,299,96,False
S5_zscore,T3_zscore_neg_1.0,P1_long_cash,2,0.0773,0.287,0.3428,0.171,1.05,3.66,-6.14,0.0312,0.61,299,96,True
S5_zscore,T3_zscore_neg_1.0,P2_signal_strength,2,0.8568,0.8613,1.3062,0.5504,10.3,11.96,-18.71,0.6562,0.56,251,96,True
S5_zscore,T3_zscore_neg_1.0,P3_long_short,2,-0.6074,-0.7653,-1.3991,-0.1852,-12.7,16.6,-68.56,0.3333,1.22,299,96,False
S5_zscore,T3_zscore_1.5,P1_long_cash,2,0.1056,0.6658,0.0,0.0,1.1,1.66,0.0,0.0521,0.22,299,96,True
S5_zscore,T3_zscore_1.5,P2_signal_strength,2,0.8568,0.8613,1.3062,0.5504,10.3,11.96,-18.71,0.6562,0.56,251,96,True
S5_zscore,T3_zscore_1.5,P3_long_short,2,-0.6984,-0.7587,-1.3662,-0.1762,-12.6,16.6,-71.49,0.375,0.44,299,96,False
S5_zscore,T3_zscore_neg_1.5,P1_long_cash,2,-0.0792,0.3846,0.0,0.3638,1.36,3.54,-3.74,0.0312,0.39,299,96,True
S5_zscore,T3_zscore_neg_1.5,P2_signal_strength,2,0.8568,0.8613,1.3062,0.5504,10.3,11.96,-18.71,0.6562,0.56,251,96,True
S5_zscore,T3_zscore_neg_1.5,P3_long_short,2,-0.8171,-0.726,-1.3225,-0.1804,-12.08,16.64,-66.96,0.3438,0.78,299,96,False
S5_zscore,T3_zscore_2.0,P1_long_cash,2,-0.0186,0.5684,0.0,0.0,0.87,1.53,0.0,0.0417,0.11,299,96,True
S5_zscore,T3_zscore_2.0,P2_signal_strength,2,0.8568,0.8613,1.3062,0.5504,10.3,11.96,-18.71,0.6562,0.56,251,96,True
S5_zscore,T3_zscore_2.0,P3_long_short,2,-0.7217,-0.788,-1.4204,-0.1827,-13.06,16.57,-71.49,0.3646,0.22,299,96,False
S5_zscore,T3_zscore_neg_2.0,P1_long_cash,2,-0.1098,0.5609,0.0,0.0,1.83,3.26,0.0,0.0312,0.39,299,96,True
S5_zscore,T3_zscore_neg_2.0,P2_signal_strength,2,0.8568,0.8613,1.3062,0.5504,10.3,11.96,-18.71,0.6562,0.56,251,96,True
S5_zscore,T3_zscore_neg_2.0,P3_long_short,2,-0.8377,-0.6675,-1.2101,-0.173,-11.14,16.69,-64.39,0.3542,0.78,299,96,False
S5_zscore,T1_fixed_p25,P1_long_cash,3,0.5734,0.4928,0.3836,0.3799,5.14,10.43,-13.53,0.2812,0.53,299,96,True
S5_zscore,T1_fixed_p25,P2_signal_strength,3,0.8316,0.852,1.2501,0.5494,10.17,11.94,-18.51,0.6562,0.56,250,96,True
S5_zscore,T1_fixed_p25,P3_long_short,3,0.2428,-0.2668,-0.4721,-0.0804,-4.52,16.95,-56.26,0.4896,1.06,299,96,False
S5_zscore,T1_fixed_p50,P1_long_cash,3,0.8239,0.1492,0.1744,0.0598,0.81,5.43,-13.53,0.0625,0.56,299,96,True
S5_zscore,T1_fixed_p50,P2_signal_strength,3,0.8316,0.852,1.2501,0.5494,10.17,11.94,-18.51,0.6562,0.56,250,96,True
S5_zscore,T1_fixed_p50,P3_long_short,3,0.2904,-0.7958,-1.3821,-0.1866,-13.18,16.57,-70.66,0.3646,1.11,299,96,False
S5_zscore,T1_fixed_p75,P1_long_cash,3,0.7337,-0.0236,-0.0,-0.0113,-0.1,4.23,-8.8,0.0104,0.56,299,96,False
S5_zscore,T1_fixed_p75,P2_signal_strength,3,0.8316,0.852,1.2501,0.5494,10.17,11.94,-18.51,0.6562,0.56,250,96,True
S5_zscore,T1_fixed_p75,P3_long_short,3,-0.052,-0.9128,-1.6218,-0.2046,-15.0,16.43,-73.31,0.3229,1.11,299,96,False
S5_zscore,T2_roll_p25,P1_long_cash,3,0.8086,0.6673,0.9502,0.4337,10.38,15.55,-23.93,0.5938,0.58,299,96,True
S5_zscore,T2_roll_p25,P2_signal_strength,3,0.8316,0.852,1.2501,0.5494,10.17,11.94,-18.51,0.6562,0.56,250,96,True
S5_zscore,T2_roll_p25,P3_long_short,3,0.2157,0.352,0.5634,0.1646,5.95,16.91,-36.18,0.625,1.17,299,96,True
S5_zscore,T2_roll_p50,P1_long_cash,3,0.7561,0.6623,0.669,0.5356,7.25,10.94,-13.53,0.3438,0.92,299,96,True
S5_zscore,T2_roll_p50,P2_signal_strength,3,0.8316,0.852,1.2501,0.5494,10.17,11.94,-18.51,0.6562,0.56,250,96,True
S5_zscore,T2_roll_p50,P3_long_short,3,-0.0407,-0.0181,-0.0303,-0.0059,-0.31,17.0,-52.05,0.5312,1.83,299,96,False
S5_zscore,T2_roll_p75,P1_long_cash,3,0.6411,0.4269,0.2058,0.1928,2.61,6.11,-13.53,0.1458,0.53,299,96,True
S5_zscore,T2_roll_p75,P2_signal_strength,3,0.8316,0.852,1.2501,0.5494,10.17,11.94,-18.51,0.6562,0.56,250,96,True
S5_zscore,T2_roll_p75,P3_long_short,3,-0.3645,-0.5714,-0.9814,-0.1437,-9.58,16.77,-66.72,0.4167,1.06,299,96,False
S5_zscore,T3_zscore_1.0,P1_long_cash,3,0.579,0.2986,0.3621,0.1242,1.68,5.63,-13.53,0.1042,0.42,299,96,True
S5_zscore,T3_zscore_1.0,P2_signal_strength,3,0.8316,0.852,1.2501,0.5494,10.17,11.94,-18.51,0.6562,0.56,250,96,True
S5_zscore,T3_zscore_1.0,P3_long_short,3,-0.413,-0.6862,-1.1981,-0.167,-11.44,16.67,-68.51,0.4062,0.83,299,96,False
S5_zscore,T3_zscore_neg_1.0,P1_long_cash,3,0.1485,0.5168,0.9441,0.4709,2.89,5.6,-6.14,0.0417,0.61,299,96,True
S5_zscore,T3_zscore_neg_1.0,P2_signal_strength,3,0.8316,0.852,1.2501,0.5494,10.17,11.94,-18.51,0.6562,0.56,250,96,True
S5_zscore,T3_zscore_neg_1.0,P3_long_short,3,-0.4977,-0.5367,-1.0491,-0.1448,-9.02,16.8,-62.25,0.3438,1.22,299,96,False
S5_zscore,T3_zscore_1.5,P1_long_cash,3,0.1229,-0.2077,-0.0,-0.0767,-0.67,3.25,-8.8,0.0312,0.19,299,96,False
S5_zscore,T3_zscore_1.5,P2_signal_strength,3,0.8316,0.852,1.2501,0.5494,10.17,11.94,-18.51,0.6562,0.56,250,96,True
S5_zscore,T3_zscore_1.5,P3_long_short,3,-0.6947,-0.9883,-1.7394,-0.2112,-16.15,16.34,-76.47,0.3438,0.39,299,96,False
S5_zscore,T3_zscore_neg_1.5,P1_long_cash,3,-0.1877,0.2296,0.2705,0.1349,0.83,3.61,-6.14,0.0208,0.39,299,96,True
S5_zscore,T3_zscore_neg_1.5,P2_signal_strength,3,0.8316,0.852,1.2501,0.5494,10.17,11.94,-18.51,0.6562,0.56,250,96,True
S5_zscore,T3_zscore_neg_1.5,P3_long_short,3,-0.9581,-0.7934,-1.4525,-0.1887,-13.14,16.57,-69.66,0.3229,0.78,299,96,False
S5_zscore,T3_zscore_2.0,P1_long_cash,3,0.1858,0.4778,0.0,0.0,0.43,0.89,0.0,0.0312,0.08,299,96,True
S5_zscore,T3_zscore_2.0,P2_signal_strength,3,0.8316,0.852,1.2501,0.5494,10.17,11.94,-18.51,0.6562,0.56,250,96,True
S5_zscore,T3_zscore_2.0,P3_long_short,3,-0.6859,-0.8449,-1.5295,-0.1924,-13.95,16.51,-72.51,0.3542,0.17,299,96,False
S5_zscore,T3_zscore_neg_2.0,P1_long_cash,3,-0.0213,0.3266,0.0,0.3046,1.14,3.49,-3.74,0.0208,0.39,299,96,True
S5_zscore,T3_zscore_neg_2.0,P2_signal_strength,3,0.8316,0.852,1.2501,0.5494,10.17,11.94,-18.51,0.6562,0.56,250,96,True
S5_zscore,T3_zscore_neg_2.0,P3_long_short,3,-0.7401,-0.7539,-1.3754,-0.1838,-12.52,16.61,-68.11,0.3333,0.78,299,96,False
S5_zscore,T1_fixed_p25,P1_long_cash,4,0.6038,0.5095,0.4389,0.3781,5.19,10.18,-13.72,0.2812,0.53,299,96,True
S5_zscore,T1_fixed_p25,P2_signal_strength,4,0.7971,0.9097,1.3383,0.5697,10.68,11.74,-18.75,0.6667,0.56,249,96,True
S5_zscore,T1_fixed_p25,P3_long_short,4,0.2933,-0.2609,-0.4696,-0.0661,-4.42,16.95,-66.87,0.5,1.06,299,96,False
S5_zscore,T1_fixed_p50,P1_long_cash,4,0.6409,0.1055,0.0927,0.0626,0.55,5.23,-8.8,0.0625,0.56,299,96,True
S5_zscore,T1_fixed_p50,P2_signal_strength,4,0.7971,0.9097,1.3383,0.5697,10.68,11.74,-18.75,0.6667,0.56,249,96,True
S5_zscore,T1_fixed_p50,P3_long_short,4,0.1025,-0.8288,-1.4588,-0.19,-13.7,16.53,-72.11,0.3646,1.11,299,96,False
S5_zscore,T1_fixed_p75,P1_long_cash,4,0.7857,0.4621,0.0,0.0,1.41,3.04,0.0,0.0208,0.61,299,96,True
S5_zscore,T1_fixed_p75,P2_signal_strength,4,0.7971,0.9097,1.3383,0.5697,10.68,11.74,-18.75,0.6667,0.56,249,96,True
S5_zscore,T1_fixed_p75,P3_long_short,4,0.0058,-0.7205,-1.312,-0.1697,-11.99,16.64,-70.66,0.3438,1.22,299,96,False
S5_zscore,T2_roll_p25,P1_long_cash,4,0.7559,0.7024,0.9792,0.4548,10.88,15.49,-23.93,0.5938,0.58,299,96,True
S5_zscore,T2_roll_p25,P2_signal_strength,4,0.7971,0.9097,1.3383,0.5697,10.68,11.74,-18.75,0.6667,0.56,249,96,True
S5_zscore,T2_roll_p25,P3_long_short,4,0.2444,0.4125,0.6525,0.187,6.96,16.88,-37.23,0.6354,1.17,299,96,True
S5_zscore,T2_roll_p50,P1_long_cash,4,0.6675,0.479,0.5077,0.2542,5.34,11.16,-21.02,0.3125,0.92,299,96,True
S5_zscore,T2_roll_p50,P2_signal_strength,4,0.7971,0.9097,1.3383,0.5697,10.68,11.74,-18.75,0.6667,0.56,249,96,True
S5_zscore,T2_roll_p50,P3_long_short,4,-0.1074,-0.2426,-0.4084,-0.0618,-4.12,16.96,-66.64,0.4792,1.83,299,96,False
S5_zscore,T2_roll_p75,P1_long_cash,4,0.5844,0.5863,0.2651,0.4227,3.72,6.35,-8.8,0.1562,0.53,299,96,True
S5_zscore,T2_roll_p75,P2_signal_strength,4,0.7971,0.9097,1.3383,0.5697,10.68,11.74,-18.75,0.6667,0.56,249,96,True
S5_zscore,T2_roll_p75,P3_long_short,4,-0.401,-0.4363,-0.7621,-0.1118,-7.36,16.87,-65.8,0.4479,1.06,299,96,False
S5_zscore,T3_zscore_1.0,P1_long_cash,4,0.4768,0.1844,0.1643,0.111,0.98,5.3,-8.8,0.0938,0.42,299,96,True
S5_zscore,T3_zscore_1.0,P2_signal_strength,4,0.7971,0.9097,1.3383,0.5697,10.68,11.74,-18.75,0.6667,0.56,249,96,True
S5_zscore,T3_zscore_1.0,P3_long_short,4,-0.4731,-0.7746,-1.3805,-0.1806,-12.85,16.59,-71.14,0.3958,0.83,299,96,False
S5_zscore,T3_zscore_neg_1.0,P1_long_cash,4,0.0099,0.391,0.9019,0.3524,2.17,5.54,-6.14,0.0417,0.61,299,96,True
S5_zscore,T3_zscore_neg_1.0,P2_signal_strength,4,0.7971,0.9097,1.3383,0.5697,10.68,11.74,-18.75,0.6667,0.56,249,96,True
S5_zscore,T3_zscore_neg_1.0,P3_long_short,4,-0.7041,-0.626,-1.2202,-0.1639,-10.47,16.73,-63.87,0.3333,1.22,299,96,False
S5_zscore,T3_zscore_1.5,P1_long_cash,4,0.1727,0.397,0.0,0.0,1.13,2.84,0.0,0.0312,0.19,299,96,True
S5_zscore,T3_zscore_1.5,P2_signal_strength,4,0.7971,0.9097,1.3383,0.5697,10.68,11.74,-18.75,0.6667,0.56,249,96,True
S5_zscore,T3_zscore_1.5,P3_long_short,4,-0.6794,-0.7554,-1.3984,-0.1771,-12.55,16.61,-70.83,0.3542,0.39,299,96,False
S5_zscore,T3_zscore_neg_1.5,P1_long_cash,4,-0.0441,0.2998,0.474,0.2364,1.45,4.85,-6.14,0.0208,0.39,299,96,True
S5_zscore,T3_zscore_neg_1.5,P2_signal_strength,4,0.7971,0.9097,1.3383,0.5697,10.68,11.74,-18.75,0.6667,0.56,249,96,True
S5_zscore,T3_zscore_neg_1.5,P3_long_short,4,-0.7744,-0.7147,-1.3905,-0.179,-11.9,16.65,-66.45,0.3229,0.78,299,96,False
S5_zscore,T3_zscore_2.0,P1_long_cash,4,0.0894,0.4263,0.0,0.0,0.13,0.3,0.0,0.0208,0.08,299,96,True
S5_zscore,T3_zscore_2.0,P2_signal_strength,4,0.7971,0.9097,1.3383,0.5697,10.68,11.74,-18.75,0.6667,0.56,249,96,True
S5_zscore,T3_zscore_2.0,P3_long_short,4,-0.7037,-0.8833,-1.6029,-0.1988,-14.55,16.47,-73.16,0.3438,0.17,299,96,False
S5_zscore,T3_zscore_neg_2.0,P1_long_cash,4,0.0013,0.0314,0.0303,0.0151,0.09,2.95,-6.14,0.0104,0.39,299,96,True
S5_zscore,T3_zscore_neg_2.0,P2_signal_strength,4,0.7971,0.9097,1.3383,0.5697,10.68,11.74,-18.75,0.6667,0.56,249,96,True
S5_zscore,T3_zscore_neg_2.0,P3_long_short,4,-0.7176,-0.8878,-1.6196,-0.2001,-14.62,16.46,-73.03,0.3125,0.78,299,96,False
S5_zscore,T1_fixed_p25,P1_long_cash,5,0.59,0.4155,0.2789,0.2069,4.02,9.69,-19.45,0.2708,0.47,299,96,True
S5_zscore,T1_fixed_p25,P2_signal_strength,5,0.7098,0.8448,1.1724,0.5257,10.0,11.84,-19.02,0.6771,0.56,248,96,True
S5_zscore,T1_fixed_p25,P3_long_short,5,0.2609,-0.3999,-0.6372,-0.1077,-6.75,16.89,-62.7,0.5104,0.94,299,96,False
S5_zscore,T1_fixed_p50,P1_long_cash,5,0.7099,0.0402,0.0568,0.0166,0.25,6.25,-15.11,0.0521,0.56,299,96,True
S5_zscore,T1_fixed_p50,P2_signal_strength,5,0.7098,0.8448,1.1724,0.5257,10.0,11.84,-19.02,0.6771,0.56,248,96,True
S5_zscore,T1_fixed_p50,P3_long_short,5,0.1727,-0.8673,-1.5204,-0.1992,-14.3,16.49,-71.77,0.3438,1.11,299,96,False
S5_zscore,T1_fixed_p75,P1_long_cash,5,0.6815,0.4832,0.0,0.0,0.63,1.31,0.0,0.0208,0.61,299,96,True
S5_zscore,T1_fixed_p75,P2_signal_strength,5,0.7098,0.8448,1.1724,0.5257,10.0,11.84,-19.02,0.6771,0.56,248,96,True
S5_zscore,T1_fixed_p75,P3_long_short,5,-0.0921,-0.8185,-1.46,-0.1916,-13.54,16.54,-70.66,0.3438,1.22,299,96,False
S5_zscore,T2_roll_p25,P1_long_cash,5,0.6881,0.7669,1.061,0.4994,11.95,15.58,-23.93,0.5938,0.58,299,96,True
S5_zscore,T2_roll_p25,P2_signal_strength,5,0.7098,0.8448,1.1724,0.5257,10.0,11.84,-19.02,0.6771,0.56,248,96,True
S5_zscore,T2_roll_p25,P3_long_short,5,0.1321,0.5415,0.8334,0.2391,9.1,16.8,-38.03,0.6458,1.17,299,96,True
S5_zscore,T2_roll_p50,P1_long_cash,5,0.7224,0.5717,0.615,0.2616,6.25,10.93,-23.9,0.3229,0.92,299,96,True
S5_zscore,T2_roll_p50,P2_signal_strength,5,0.7098,0.8448,1.1724,0.5257,10.0,11.84,-19.02,0.6771,0.56,248,96,True
S5_zscore,T2_roll_p50,P3_long_short,5,-0.0607,-0.1354,-0.2313,-0.0392,-2.3,16.99,-58.64,0.5104,1.83,299,96,False
S5_zscore,T2_roll_p75,P1_long_cash,5,0.6312,0.3253,0.2092,0.1527,2.31,7.09,-15.11,0.125,0.53,299,96,True
S5_zscore,T2_roll_p75,P2_signal_strength,5,0.7098,0.8448,1.1724,0.5257,10.0,11.84,-19.02,0.6771,0.56,248,96,True
S5_zscore,T2_roll_p75,P3_long_short,5,-0.3708,-0.6085,-1.0699,-0.1566,-10.19,16.74,-65.07,0.3958,1.06,299,96,False
S5_zscore,T3_zscore_1.0,P1_long_cash,5,0.488,0.0606,0.0857,0.0251,0.38,6.25,-15.11,0.0729,0.42,299,96,True
S5_zscore,T3_zscore_1.0,P2_signal_strength,5,0.7098,0.8448,1.1724,0.5257,10.0,11.84,-19.02,0.6771,0.56,248,96,True
S5_zscore,T3_zscore_1.0,P3_long_short,5,-0.4665,-0.8509,-1.5107,-0.1965,-14.04,16.51,-71.48,0.3646,0.83,299,96,False
S5_zscore,T3_zscore_neg_1.0,P1_long_cash,5,0.1114,0.0253,0.0311,0.0099,0.12,4.69,-12.04,0.0208,0.61,299,96,True
S5_zscore,T3_zscore_neg_1.0,P2_signal_strength,5,0.7098,0.8448,1.1724,0.5257,10.0,11.84,-19.02,0.6771,0.56,248,96,True
S5_zscore,T3_zscore_neg_1.0,P3_long_short,5,-0.556,-0.8845,-1.7012,-0.2065,-14.57,16.47,-70.55,0.2917,1.22,299,96,False
S5_zscore,T3_zscore_1.5,P1_long_cash,5,0.2662,0.4311,0.0,0.0,0.51,1.18,0.0,0.0208,0.19,299,96,True
S5_zscore,T3_zscore_1.5,P2_signal_strength,5,0.7098,0.8448,1.1724,0.5257,10.0,11.84,-19.02,0.6771,0.56,248,96,True
S5_zscore,T3_zscore_1.5,P3_long_short,5,-0.6513,-0.8342,-1.4951,-0.193,-13.79,16.52,-71.42,0.3438,0.39,299,96,False
S5_zscore,T3_zscore_neg_1.5,P1_long_cash,5,0.1469,0.2384,0.3404,0.1698,1.04,4.38,-6.14,0.0208,0.39,299,96,True
S5_zscore,T3_zscore_neg_1.5,P2_signal_strength,5,0.7098,0.8448,1.1724,0.5257,10.0,11.84,-19.02,0.6771,0.56,248,96,True
S5_zscore,T3_zscore_neg_1.5,P3_long_short,5,-0.5464,-0.7662,-1.4665,-0.1854,-12.72,16.6,-68.59,0.3229,0.78,299,96,False
S5_zscore,T3_zscore_2.0,P1_long_cash,5,0.1896,0.3536,0.0,0.0,0.1,0.29,0.0,0.0104,0.08,299,96,True
S5_zscore,T3_zscore_2.0,P2_signal_strength,5,0.7098,0.8448,1.1724,0.5257,10.0,11.84,-19.02,0.6771,0.56,248,96,True
S5_zscore,T3_zscore_2.0,P3_long_short,5,-0.6882,-0.8864,-1.5949,-0.1994,-14.6,16.47,-73.22,0.3333,0.17,299,96,False
S5_zscore,T3_zscore_neg_2.0,P1_long_cash,5,-0.0131,0.1387,0.1893,0.0944,0.58,4.18,-6.14,0.0104,0.39,299,96,True
S5_zscore,T3_zscore_neg_2.0,P2_signal_strength,5,0.7098,0.8448,1.1724,0.5257,10.0,11.84,-19.02,0.6771,0.56,248,96,True
S5_zscore,T3_zscore_neg_2.0,P3_long_short,5,-0.7317,-0.8251,-1.5855,-0.1926,-13.64,16.53,-70.83,0.3125,0.78,299,96,False
S5_zscore,T1_fixed_p25,P1_long_cash,6,0.5401,0.3281,0.2265,0.1681,3.27,9.97,-19.45,0.2396,0.42,299,96,True
S5_zscore,T1_fixed_p25,P2_signal_strength,6,0.6948,0.8748,1.2917,0.5587,10.21,11.67,-18.27,0.6667,0.56,247,96,True
S5_zscore,T1_fixed_p25,P3_long_short,6,0.1894,-0.4909,-0.8361,-0.1254,-8.26,16.83,-65.88,0.4792,0.83,299,96,False
S5_zscore,T1_fixed_p50,P1_long_cash,6,0.704,0.5457,0.0,0.4134,2.64,4.83,-6.38,0.0729,0.56,299,96,True
S5_zscore,T1_fixed_p50,P2_signal_strength,6,0.6948,0.8748,1.2917,0.5587,10.21,11.67,-18.27,0.6667,0.56,247,96,True
S5_zscore,T1_fixed_p50,P3_long_short,6,0.1966,-0.5681,-1.0292,-0.1349,-9.53,16.78,-70.66,0.3854,1.11,299,96,False
S5_zscore,T1_fixed_p75,P1_long_cash,6,0.8271,0.4683,0.0,0.0,0.74,1.57,0.0,0.0208,0.61,299,96,True
S5_zscore,T1_fixed_p75,P2_signal_strength,6,0.6948,0.8748,1.2917,0.5587,10.21,11.67,-18.27,0.6667,0.56,247,96,True
S5_zscore,T1_fixed_p75,P3_long_short,6,0.0474,-0.8051,-1.4365,-0.1886,-13.33,16.56,-70.66,0.3438,1.22,299,96,False
S5_zscore,T2_roll_p25,P1_long_cash,6,0.7244,0.8183,1.1346,0.5347,12.79,15.64,-23.93,0.5938,0.58,299,96,True
S5_zscore,T2_roll_p25,P2_signal_strength,6,0.6948,0.8748,1.2917,0.5587,10.21,11.67,-18.27,0.6667,0.56,247,96,True
S5_zscore,T2_roll_p25,P3_long_short,6,0.1766,0.6455,0.9625,0.3382,10.79,16.71,-31.9,0.6458,1.17,299,96,True
S5_zscore,T2_roll_p50,P1_long_cash,6,0.5928,0.1768,0.1769,0.0703,2.06,11.63,-29.28,0.2917,0.92,299,96,True
S5_zscore,T2_roll_p50,P2_signal_strength,6,0.6948,0.8748,1.2917,0.5587,10.21,11.67,-18.27,0.6667,0.56,247,96,True
S5_zscore,T2_roll_p50,P3_long_short,6,-0.1337,-0.6394,-1.0332,-0.1545,-10.69,16.72,-69.17,0.4583,1.83,299,96,False
S5_zscore,T2_roll_p75,P1_long_cash,6,0.5785,0.5562,0.4309,0.4914,3.13,5.63,-6.38,0.1354,0.53,299,96,True
S5_zscore,T2_roll_p75,P2_signal_strength,6,0.6948,0.8748,1.2917,0.5587,10.21,11.67,-18.27,0.6667,0.56,247,96,True
S5_zscore,T2_roll_p75,P3_long_short,6,-0.3865,-0.5074,-0.9204,-0.1212,-8.53,16.82,-70.4,0.4271,1.06,299,96,False
S5_zscore,T3_zscore_1.0,P1_long_cash,6,0.6036,0.5667,0.0,0.4296,2.74,4.84,-6.38,0.0833,0.42,299,96,True
S5_zscore,T3_zscore_1.0,P2_signal_strength,6,0.6948,0.8748,1.2917,0.5587,10.21,11.67,-18.27,0.6667,0.56,247,96,True
S5_zscore,T3_zscore_1.0,P3_long_short,6,-0.4163,-0.5554,-1.0101,-0.1324,-9.32,16.79,-70.42,0.3958,0.83,299,96,False
S5_zscore,T3_zscore_neg_1.0,P1_long_cash,6,0.1546,0.3301,0.4506,0.3108,1.45,4.4,-4.68,0.0417,0.61,299,96,True
S5_zscore,T3_zscore_neg_1.0,P2_signal_strength,6,0.6948,0.8748,1.2917,0.5587,10.21,11.67,-18.27,0.6667,0.56,247,96,True
S5_zscore,T3_zscore_neg_1.0,P3_long_short,6,-0.5068,-0.7146,-1.3661,-0.1832,-11.9,16.65,-64.93,0.3333,1.22,299,96,False
S5_zscore,T3_zscore_1.5,P1_long_cash,6,0.3534,0.3536,0.0,0.0,0.23,0.64,0.0,0.0104,0.19,299,96,True
S5_zscore,T3_zscore_1.5,P2_signal_strength,6,0.6948,0.8748,1.2917,0.5587,10.21,11.67,-18.27,0.6667,0.56,247,96,True
S5_zscore,T3_zscore_1.5,P3_long_short,6,-0.6347,-0.8705,-1.559,-0.198,-14.35,16.48,-72.46,0.3333,0.39,299,96,False
S5_zscore,T3_zscore_neg_1.5,P1_long_cash,6,0.0426,0.3314,0.3832,0.555,1.38,4.18,-2.49,0.0208,0.39,299,96,True
S5_zscore,T3_zscore_neg_1.5,P2_signal_strength,6,0.6948,0.8748,1.2917,0.5587,10.21,11.67,-18.27,0.6667,0.56,247,96,True
S5_zscore,T3_zscore_neg_1.5,P3_long_short,6,-0.6704,-0.7233,-1.3753,-0.1801,-12.03,16.64,-66.82,0.3229,0.78,299,96,False
S5_zscore,T3_zscore_2.0,P1_long_cash,6,0.1659,0.0,0.0,0.0,0.0,99900.0,0.0,0.0,0.08,299,96,False
S5_zscore,T3_zscore_2.0,P2_signal_strength,6,0.6948,0.8748,1.2917,0.5587,10.21,11.67,-18.27,0.6667,0.56,247,96,True
S5_zscore,T3_zscore_2.0,P3_long_short,6,-0.6911,-0.8998,-1.613,-0.2016,-14.8,16.45,-73.44,0.3229,0.17,299,96,False
S5_zscore,T3_zscore_neg_2.0,P1_long_cash,6,-0.0413,0.3636,0.0,0.6061,1.51,4.16,-2.49,0.0208,0.39,299,96,True
S5_zscore,T3_zscore_neg_2.0,P2_signal_strength,6,0.6948,0.8748,1.2917,0.5587,10.21,11.67,-18.27,0.6667,0.56,247,96,True
S5_zscore,T3_zscore_neg_2.0,P3_long_short,6,-0.76,-0.7073,-1.3479,-0.1781,-11.78,16.65,-66.14,0.3333,0.78,299,96,False
S5_zscore,T1_fixed_p25,P1_long_cash,7,0.5264,0.3717,0.2523,0.194,3.77,10.15,-19.45,0.2292,0.42,299,96,True
S5_zscore,T1_fixed_p25,P2_signal_strength,7,0.6176,0.8272,1.2035,0.5352,9.7,11.73,-18.13,0.6562,0.56,246,96,True
S5_zscore,T1_fixed_p25,P3_long_short,7,0.1691,-0.4302,-0.7277,-0.1214,-7.26,16.87,-59.79,0.4688,0.83,299,96,False
S5_zscore,T1_fixed_p50,P1_long_cash,7,0.5298,0.0186,0.0075,0.0107,0.09,5.05,-8.8,0.0521,0.56,299,96,True
S5_zscore,T1_fixed_p50,P2_signal_strength,7,0.6176,0.8272,1.2035,0.5352,9.7,11.73,-18.13,0.6562,0.56,246,96,True
S5_zscore,T1_fixed_p50,P3_long_short,7,-0.0184,-0.8877,-1.5423,-0.2016,-14.61,16.46,-72.48,0.3438,1.11,299,96,False
S5_zscore,T1_fixed_p75,P1_long_cash,7,0.7118,-0.1065,-0.0,-0.0449,-0.29,2.69,-6.38,0.0104,0.61,299,96,False
S5_zscore,T1_fixed_p75,P2_signal_strength,7,0.6176,0.8272,1.2035,0.5352,9.7,11.73,-18.13,0.6562,0.56,246,96,True
S5_zscore,T1_fixed_p75,P3_long_short,7,-0.0625,-0.9372,-1.6641,-0.206,-15.38,16.41,-74.63,0.3229,1.22,299,96,False
S5_zscore,T2_roll_p25,P1_long_cash,7,0.6159,0.6332,0.926,0.3655,9.96,15.73,-27.25,0.5625,0.58,299,96,True
S5_zscore,T2_roll_p25,P2_signal_strength,7,0.6176,0.8272,1.2035,0.5352,9.7,11.73,-18.13,0.6562,0.56,246,96,True
S5_zscore,T2_roll_p25,P3_long_short,7,0.0449,0.3022,0.4836,0.1,5.12,16.94,-51.16,0.5833,1.17,299,96,True
S5_zscore,T2_roll_p50,P1_long_cash,7,0.5111,1.0436,1.1355,0.8396,11.36,10.89,-13.53,0.3333,0.92,299,96,True
S5_zscore,T2_roll_p50,P2_signal_strength,7,0.6176,0.8272,1.2035,0.5352,9.7,11.73,-18.13,0.6562,0.56,246,96,True
S5_zscore,T2_roll_p50,P3_long_short,7,-0.2374,0.4703,0.9326,0.1845,7.92,16.85,-42.93,0.5521,1.83,299,96,True
S5_zscore,T2_roll_p75,P1_long_cash,7,0.544,0.1596,0.0681,0.0959,0.84,5.29,-8.8,0.1042,0.53,299,96,True
S5_zscore,T2_roll_p75,P2_signal_strength,7,0.6176,0.8272,1.2035,0.5352,9.7,11.73,-18.13,0.6562,0.56,246,96,True
S5_zscore,T2_roll_p75,P3_long_short,7,-0.4055,-0.7913,-1.3737,-0.1873,-13.11,16.57,-69.99,0.375,1.06,299,96,False
S5_zscore,T3_zscore_1.0,P1_long_cash,7,0.4828,0.0186,0.0075,0.0107,0.09,5.05,-8.8,0.0521,0.42,299,96,True
S5_zscore,T3_zscore_1.0,P2_signal_strength,7,0.6176,0.8272,1.2035,0.5352,9.7,11.73,-18.13,0.6562,0.56,246,96,True
S5_zscore,T3_zscore_1.0,P3_long_short,7,-0.4599,-0.8877,-1.5423,-0.2016,-14.61,16.46,-72.48,0.3438,0.83,299,96,False
S5_zscore,T3_zscore_neg_1.0,P1_long_cash,7,0.158,0.6592,0.0,2.9232,2.98,4.52,-1.02,0.0625,0.61,299,96,True
S5_zscore,T3_zscore_neg_1.0,P2_signal_strength,7,0.6176,0.8272,1.2035,0.5352,9.7,11.73,-18.13,0.6562,0.56,246,96,True
S5_zscore,T3_zscore_neg_1.0,P3_long_short,7,-0.5036,-0.5262,-0.9893,-0.1483,-8.84,16.81,-59.63,0.375,1.22,299,96,False
S5_zscore,T3_zscore_1.5,P1_long_cash,7,0.1777,0.3536,0.0,0.0,0.51,1.44,0.0,0.0104,0.17,299,96,True
S5_zscore,T3_zscore_1.5,P2_signal_strength,7,0.6176,0.8272,1.2035,0.5352,9.7,11.73,-18.13,0.6562,0.56,246,96,True
S5_zscore,T3_zscore_1.5,P3_long_short,7,-0.681,-0.834,-1.49,-0.1936,-13.78,16.52,-71.17,0.3333,0.33,299,96,False
S5_zscore,T3_zscore_neg_1.5,P1_long_cash,7,0.0139,0.4893,0.0,2.0048,2.04,4.18,-1.02,0.0312,0.39,299,96,True
S5_zscore,T3_zscore_neg_1.5,P2_signal_strength,7,0.6176,0.8272,1.2035,0.5352,9.7,11.73,-18.13,0.6562,0.56,246,96,True
S5_zscore,T3_zscore_neg_1.5,P3_long_short,7,-0.7026,-0.6411,-1.209,-0.1697,-10.72,16.71,-63.13,0.3438,0.78,299,96,False
S5_zscore,T3_zscore_2.0,P1_long_cash,7,0.1835,0.0,0.0,0.0,0.0,99900.0,0.0,0.0,0.06,299,96,False
S5_zscore,T3_zscore_2.0,P2_signal_strength,7,0.6176,0.8272,1.2035,0.5352,9.7,11.73,-18.13,0.6562,0.56,246,96,True
S5_zscore,T3_zscore_2.0,P3_long_short,7,-0.6842,-0.8998,-1.613,-0.2016,-14.8,16.45,-73.44,0.3229,0.11,299,96,False
S5_zscore,T3_zscore_neg_2.0,P1_long_cash,7,0.213,0.4165,0.0,1.6637,1.7,4.07,-1.02,0.0208,0.39,299,96,True
S5_zscore,T3_zscore_neg_2.0,P2_signal_strength,7,0.6176,0.8272,1.2035,0.5352,9.7,11.73,-18.13,0.6562,0.56,246,96,True
S5_zscore,T3_zscore_neg_2.0,P3_long_short,7,-0.5193,-0.6843,-1.2963,-0.1752,-11.41,16.68,-65.13,0.3333,0.78,299,96,False
S5_zscore,T1_fixed_p25,P1_long_cash,8,0.5652,0.2626,0.1951,0.1403,2.73,10.39,-19.45,0.2083,0.47,299,96,True
S5_zscore,T1_fixed_p25,P2_signal_strength,8,0.5611,0.8722,1.3313,0.5634,10.17,11.66,-18.05,0.6667,0.56,245,96,True
S5_zscore,T1_fixed_p25,P3_long_short,8,0.2458,-0.5568,-0.9525,-0.1416,-9.35,16.78,-66.0,0.4375,0.94,299,96,False
S5_zscore,T1_fixed_p50,P1_long_cash,8,0.4595,0.4273,0.1765,0.3189,2.03,4.76,-6.38,0.0625,0.56,299,96,True
S5_zscore,T1_fixed_p50,P2_signal_strength,8,0.5611,0.8722,1.3313,0.5634,10.17,11.66,-18.05,0.6667,0.56,245,96,True
S5_zscore,T1_fixed_p50,P3_long_short,8,-0.0525,-0.6423,-1.1713,-0.1519,-10.74,16.71,-70.66,0.3646,1.11,299,96,False
S5_zscore,T1_fixed_p75,P1_long_cash,8,0.6027,0.0217,0.0,0.0114,0.07,3.35,-6.38,0.0104,0.61,299,96,True
S5_zscore,T1_fixed_p75,P2_signal_strength,8,0.5611,0.8722,1.3313,0.5634,10.17,11.66,-18.05,0.6667,0.56,245,96,True
S5_zscore,T1_fixed_p75,P3_long_short,8,-0.1666,-0.8904,-1.6029,-0.2004,-14.66,16.46,-73.12,0.3229,1.22,299,96,False
S5_zscore,T2_roll_p25,P1_long_cash,8,0.4807,0.7065,1.0919,0.4811,11.51,16.29,-23.93,0.5625,0.58,299,96,True
S5_zscore,T2_roll_p25,P2_signal_strength,8,0.5611,0.8722,1.3313,0.5634,10.17,11.66,-18.05,0.6667,0.56,245,96,True
S5_zscore,T2_roll_p25,P3_long_short,8,-0.0768,0.4883,0.834,0.2305,8.22,16.83,-35.66,0.5833,1.17,299,96,True
S5_zscore,T2_roll_p50,P1_long_cash,8,0.531,0.7239,0.7896,0.5583,7.23,9.99,-12.96,0.3125,0.92,299,96,True
S5_zscore,T2_roll_p50,P2_signal_strength,8,0.5611,0.8722,1.3313,0.5634,10.17,11.66,-18.05,0.6667,0.56,245,96,True
S5_zscore,T2_roll_p50,P3_long_short,8,-0.2076,-0.0197,-0.0324,-0.0065,-0.33,17.0,-51.14,0.5208,1.83,299,96,False
S5_zscore,T2_roll_p75,P1_long_cash,8,0.5896,0.4399,0.2789,0.3747,2.54,5.77,-6.77,0.1042,0.53,299,96,True
S5_zscore,T2_roll_p75,P2_signal_strength,8,0.5611,0.8722,1.3313,0.5634,10.17,11.66,-18.05,0.6667,0.56,245,96,True
S5_zscore,T2_roll_p75,P3_long_short,8,-0.3588,-0.5803,-1.0683,-0.1413,-9.73,16.77,-68.86,0.3854,1.06,299,96,False
S5_zscore,T3_zscore_1.0,P1_long_cash,8,0.4795,0.4273,0.1765,0.3189,2.03,4.76,-6.38,0.0625,0.39,299,96,True
S5_zscore,T3_zscore_1.0,P2_signal_strength,8,0.5611,0.8722,1.3313,0.5634,10.17,11.66,-18.05,0.6667,0.56,245,96,True
S5_zscore,T3_zscore_1.0,P3_long_short,8,-0.4591,-0.6423,-1.1713,-0.1519,-10.74,16.71,-70.66,0.3646,0.78,299,96,False
S5_zscore,T3_zscore_neg_1.0,P1_long_cash,8,0.2701,0.7491,0.0,2.2451,2.29,3.05,-1.02,0.0625,0.61,299,96,True
S5_zscore,T3_zscore_neg_1.0,P2_signal_strength,8,0.5611,0.8722,1.3313,0.5634,10.17,11.66,-18.05,0.6667,0.56,245,96,True
S5_zscore,T3_zscore_neg_1.0,P3_long_short,8,-0.3544,-0.6109,-1.0802,-0.16,-10.23,16.74,-63.92,0.375,1.22,299,96,False
S5_zscore,T3_zscore_1.5,P1_long_cash,8,0.3339,-0.3536,-0.0,-0.125,-0.8,2.25,-6.38,0.0,0.17,299,96,False
S5_zscore,T3_zscore_1.5,P2_signal_strength,8,0.5611,0.8722,1.3313,0.5634,10.17,11.66,-18.05,0.6667,0.56,245,96,True
S5_zscore,T3_zscore_1.5,P3_long_short,8,-0.6468,-1.0045,-1.7884,-0.214,-16.4,16.32,-76.62,0.3125,0.33,299,96,False
S5_zscore,T3_zscore_neg_1.5,P1_long_cash,8,0.106,0.5426,0.0,1.2274,1.25,2.31,-1.02,0.0312,0.39,299,96,True
S5_zscore,T3_zscore_neg_1.5,P2_signal_strength,8,0.5611,0.8722,1.3313,0.5634,10.17,11.66,-18.05,0.6667,0.56,245,96,True
S5_zscore,T3_zscore_neg_1.5,P3_long_short,8,-0.6012,-0.74,-1.3099,-0.1821,-12.3,16.62,-67.55,0.3438,0.78,299,96,False
S5_zscore,T3_zscore_2.0,P1_long_cash,8,0.1727,0.0,0.0,0.0,0.0,99900.0,0.0,0.0,0.06,299,96,False
S5_zscore,T3_zscore_2.0,P2_signal_strength,8,0.5611,0.8722,1.3313,0.5634,10.17,11.66,-18.05,0.6667,0.56,245,96,True
S5_zscore,T3_zscore_2.0,P3_long_short,8,-0.6862,-0.8998,-1.613,-0.2016,-14.8,16.45,-73.44,0.3229,0.11,299,96,False
S5_zscore,T3_zscore_neg_2.0,P1_long_cash,8,0.2514,0.4082,0.0,0.6705,0.68,1.67,-1.02,0.0208,0.39,299,96,True
S5_zscore,T3_zscore_neg_2.0,P2_signal_strength,8,0.5611,0.8722,1.3313,0.5634,10.17,11.66,-18.05,0.6667,0.56,245,96,True
S5_zscore,T3_zscore_neg_2.0,P3_long_short,8,-0.4903,-0.8119,-1.4415,-0.1909,-13.44,16.55,-70.37,0.3333,0.78,299,96,False
S5_zscore,T1_fixed_p25,P1_long_cash,9,0.5863,0.2356,0.1661,0.1226,2.38,10.12,-19.45,0.1875,0.47,299,96,True
S5_zscore,T1_fixed_p25,P2_signal_strength,9,0.5885,0.8484,1.3081,0.5215,9.65,11.37,-18.49,0.6667,0.57,244,96,True
S5_zscore,T1_fixed_p25,P3_long_short,9,0.2907,-0.5991,-1.0158,-0.1546,-10.04,16.75,-64.9,0.4167,0.94,299,96,False
S5_zscore,T1_fixed_p50,P1_long_cash,9,0.4348,0.3692,0.1292,0.2333,1.49,4.03,-6.38,0.0625,0.56,299,96,True
S5_zscore,T1_fixed_p50,P2_signal_strength,9,0.5885,0.8484,1.3081,0.5215,9.65,11.37,-18.49,0.6667,0.57,244,96,True
S5_zscore,T1_fixed_p50,P3_long_short,9,-0.0847,-0.7102,-1.2636,-0.1674,-11.83,16.65,-70.66,0.3646,1.11,299,96,False
S5_zscore,T1_fixed_p75,P1_long_cash,9,0.7219,0.4215,0.0,0.0,1.06,2.51,0.0,0.0208,0.61,299,96,True
S5_zscore,T1_fixed_p75,P2_signal_strength,9,0.5885,0.8484,1.3081,0.5215,9.65,11.37,-18.49,0.6667,0.57,244,96,True
S5_zscore,T1_fixed_p75,P3_long_short,9,-0.0642,-0.7642,-1.3839,-0.1795,-12.68,16.6,-70.66,0.3438,1.22,299,96,False
S5_zscore,T2_roll_p25,P1_long_cash,9,0.4989,0.6715,0.9965,0.4391,10.77,16.05,-24.54,0.5521,0.58,299,96,True
S5_zscore,T2_roll_p25,P2_signal_strength,9,0.5885,0.8484,1.3081,0.5215,9.65,11.37,-18.49,0.6667,0.57,244,96,True
S5_zscore,T2_roll_p25,P3_long_short,9,-0.0521,0.3995,0.6927,0.1935,6.75,16.89,-34.87,0.5729,1.17,299,96,True
S5_zscore,T2_roll_p50,P1_long_cash,9,0.553,0.5548,0.4462,0.3438,4.98,8.97,-14.47,0.2917,0.92,299,96,True
S5_zscore,T2_roll_p50,P2_signal_strength,9,0.5885,0.8484,1.3081,0.5215,9.65,11.37,-18.49,0.6667,0.57,244,96,True
S5_zscore,T2_roll_p50,P3_long_short,9,-0.1791,-0.2862,-0.4701,-0.0846,-4.85,16.94,-57.34,0.4896,1.83,299,96,False
S5_zscore,T2_roll_p75,P1_long_cash,9,0.5749,0.35,0.1809,0.2702,1.73,4.93,-6.39,0.0938,0.53,299,96,True
S5_zscore,T2_roll_p75,P2_signal_strength,9,0.5885,0.8484,1.3081,0.5215,9.65,11.37,-18.49,0.6667,0.57,244,96,True
S5_zscore,T2_roll_p75,P3_long_short,9,-0.369,-0.6804,-1.2045,-0.1612,-11.35,16.68,-70.41,0.375,1.06,299,96,False
S5_zscore,T3_zscore_1.0,P1_long_cash,9,0.5277,0.3692,0.1292,0.2333,1.49,4.03,-6.38,0.0625,0.39,299,96,True
S5_zscore,T3_zscore_1.0,P2_signal_strength,9,0.5885,0.8484,1.3081,0.5215,9.65,11.37,-18.49,0.6667,0.57,244,96,True
S5_zscore,T3_zscore_1.0,P3_long_short,9,-0.4168,-0.7102,-1.2636,-0.1674,-11.83,16.65,-70.66,0.3646,0.78,299,96,False
S5_zscore,T3_zscore_neg_1.0,P1_long_cash,9,0.2435,0.7854,0.0,2.7188,2.77,3.53,-1.02,0.0729,0.61,299,96,True
S5_zscore,T3_zscore_neg_1.0,P2_signal_strength,9,0.5885,0.8484,1.3081,0.5215,9.65,11.37,-18.49,0.6667,0.57,244,96,True
S5_zscore,T3_zscore_neg_1.0,P3_long_short,9,-0.3923,-0.5517,-0.9827,-0.1402,-9.26,16.79,-66.06,0.3854,1.22,299,96,False
S5_zscore,T3_zscore_1.5,P1_long_cash,9,0.1819,0.3536,0.0,0.0,0.87,2.46,0.0,0.0104,0.17,299,96,True
S5_zscore,T3_zscore_1.5,P2_signal_strength,9,0.5885,0.8484,1.3081,0.5215,9.65,11.37,-18.49,0.6667,0.57,244,96,True
S5_zscore,T3_zscore_1.5,P3_long_short,9,-0.6848,-0.7882,-1.4276,-0.1849,-13.06,16.57,-70.66,0.3333,0.33,299,96,False
S5_zscore,T3_zscore_neg_1.5,P1_long_cash,9,0.2363,0.6532,0.0,2.1133,2.15,3.3,-1.02,0.0417,0.39,299,96,True
S5_zscore,T3_zscore_neg_1.5,P2_signal_strength,9,0.5885,0.8484,1.3081,0.5215,9.65,11.37,-18.49,0.6667,0.57,244,96,True
S5_zscore,T3_zscore_neg_1.5,P3_long_short,9,-0.4746,-0.6275,-1.1153,-0.1578,-10.5,16.73,-66.5,0.3542,0.78,299,96,False
S5_zscore,T3_zscore_2.0,P1_long_cash,9,0.1447,0.0,0.0,0.0,0.0,99900.0,0.0,0.0,0.06,299,96,False
S5_zscore,T3_zscore_2.0,P2_signal_strength,9,0.5885,0.8484,1.3081,0.5215,9.65,11.37,-18.49,0.6667,0.57,244,96,True
S5_zscore,T3_zscore_2.0,P3_long_short,9,-0.6946,-0.8998,-1.613,-0.2016,-14.8,16.45,-73.44,0.3229,0.11,299,96,False
S5_zscore,T3_zscore_neg_2.0,P1_long_cash,9,0.0182,0.4118,0.0,0.7729,0.79,1.91,-1.02,0.0208,0.39,299,96,True
S5_zscore,T3_zscore_neg_2.0,P2_signal_strength,9,0.5885,0.8484,1.3081,0.5215,9.65,11.37,-18.49,0.6667,0.57,244,96,True
S5_zscore,T3_zscore_neg_2.0,P3_long_short,9,-0.7028,-0.7986,-1.4199,-0.1893,-13.23,16.56,-69.87,0.3333,0.78,299,96,False
S5_zscore,T1_fixed_p25,P1_long_cash,10,0.5563,0.3415,0.2488,0.1842,3.58,10.49,-19.45,0.1771,0.58,299,96,True
S5_zscore,T1_fixed_p25,P2_signal_strength,10,0.5466,0.8511,1.2967,0.5477,9.58,11.25,-17.49,0.6458,0.57,243,96,True
S5_zscore,T1_fixed_p25,P3_long_short,10,0.2462,-0.4531,-0.7771,-0.1333,-7.64,16.86,-57.32,0.4167,1.17,299,96,False
S5_zscore,T1_fixed_p50,P1_long_cash,10,0.367,0.3237,0.1086,0.1961,1.25,3.86,-6.38,0.0625,0.61,299,96,True
S5_zscore,T1_fixed_p50,P2_signal_strength,10,0.5466,0.8511,1.2967,0.5477,9.58,11.25,-17.49,0.6458,0.57,243,96,True
S5_zscore,T1_fixed_p50,P3_long_short,10,-0.1794,-0.74,-1.3206,-0.1741,-12.3,16.62,-70.66,0.3646,1.22,299,96,False
S5_zscore,T1_fixed_p75,P1_long_cash,10,0.6357,-0.0253,-0.0,-0.0121,-0.02,0.8,-1.67,0.0104,0.61,299,96,False
S5_zscore,T1_fixed_p75,P2_signal_strength,10,0.5466,0.8511,1.2967,0.5477,9.58,11.25,-17.49,0.6458,0.57,243,96,True
S5_zscore,T1_fixed_p75,P3_long_short,10,-0.1246,-0.9025,-1.6187,-0.2019,-14.84,16.45,-73.52,0.3229,1.22,299,96,False
S5_zscore,T2_roll_p25,P1_long_cash,10,0.4861,0.7229,1.0144,0.5614,11.37,15.73,-20.25,0.5521,0.58,299,96,True
S5_zscore,T2_roll_p25,P2_signal_strength,10,0.5466,0.8511,1.2967,0.5477,9.58,11.25,-17.49,0.6458,0.57,243,96,True
S5_zscore,T2_roll_p25,P3_long_short,10,-0.0743,0.4709,0.7868,0.2501,7.93,16.85,-31.71,0.5833,1.17,299,96,True
S5_zscore,T2_roll_p50,P1_long_cash,10,0.6228,0.8052,0.7581,0.7235,7.65,9.5,-10.57,0.2812,0.92,299,96,True
S5_zscore,T2_roll_p50,P2_signal_strength,10,0.5466,0.8511,1.2967,0.5477,9.58,11.25,-17.49,0.6458,0.57,243,96,True
S5_zscore,T2_roll_p50,P3_long_short,10,-0.0887,0.029,0.0491,0.0105,0.49,17.0,-47.13,0.4792,1.83,299,96,True
S5_zscore,T2_roll_p75,P1_long_cash,10,0.5011,0.496,0.2173,0.3513,2.24,4.52,-6.38,0.0938,0.53,299,96,True
S5_zscore,T2_roll_p75,P2_signal_strength,10,0.5466,0.8511,1.2967,0.5477,9.58,11.25,-17.49,0.6458,0.57,243,96,True
S5_zscore,T2_roll_p75,P3_long_short,10,-0.4201,-0.6168,-1.1059,-0.1572,-10.32,16.74,-65.68,0.3854,1.06,299,96,False
S5_zscore,T3_zscore_1.0,P1_long_cash,10,0.4195,0.3237,0.1086,0.1961,1.25,3.86,-6.38,0.0625,0.39,299,96,True
S5_zscore,T3_zscore_1.0,P2_signal_strength,10,0.5466,0.8511,1.2967,0.5477,9.58,11.25,-17.49,0.6458,0.57,243,96,True
S5_zscore,T3_zscore_1.0,P3_long_short,10,-0.4856,-0.74,-1.3206,-0.1741,-12.3,16.62,-70.66,0.3646,0.78,299,96,False
S5_zscore,T3_zscore_neg_1.0,P1_long_cash,10,0.346,0.7694,0.0,0.8391,3.05,3.97,-3.64,0.0833,0.61,299,96,True
S5_zscore,T3_zscore_neg_1.0,P2_signal_strength,10,0.5466,0.8511,1.2967,0.5477,9.58,11.25,-17.49,0.6458,0.57,243,96,True
S5_zscore,T3_zscore_neg_1.0,P3_long_short,10,-0.2745,-0.5175,-0.9157,-0.1364,-8.7,16.81,-63.77,0.3958,1.22,299,96,False
S5_zscore,T3_zscore_1.5,P1_long_cash,10,0.1046,0.3536,0.0,0.0,0.19,0.53,0.0,0.0104,0.17,299,96,True
S5_zscore,T3_zscore_1.5,P2_signal_strength,10,0.5466,0.8511,1.2967,0.5477,9.58,11.25,-17.49,0.6458,0.57,243,96,True
S5_zscore,T3_zscore_1.5,P3_long_short,10,-0.6973,-0.8753,-1.5694,-0.1986,-14.42,16.48,-72.62,0.3333,0.33,299,96,False
S5_zscore,T3_zscore_neg_1.5,P1_long_cash,10,0.1838,0.5388,0.0,0.5249,1.91,3.54,-3.64,0.0521,0.39,299,96,True
S5_zscore,T3_zscore_neg_1.5,P2_signal_strength,10,0.5466,0.8511,1.2967,0.5477,9.58,11.25,-17.49,0.6458,0.57,243,96,True
S5_zscore,T3_zscore_neg_1.5,P3_long_short,10,-0.5205,-0.6578,-1.1817,-0.1681,-10.99,16.7,-65.36,0.3646,0.78,299,96,False
S5_zscore,T3_zscore_2.0,P1_long_cash,10,0.1998,0.0,0.0,0.0,0.0,99900.0,0.0,0.0,0.06,299,96,False
S5_zscore,T3_zscore_2.0,P2_signal_strength,10,0.5466,0.8511,1.2967,0.5477,9.58,11.25,-17.49,0.6458,0.57,243,96,True
S5_zscore,T3_zscore_2.0,P3_long_short,10,-0.6857,-0.8998,-1.613,-0.2016,-14.8,16.45,-73.44,0.3229,0.11,299,96,False
S5_zscore,T3_zscore_neg_2.0,P1_long_cash,10,-0.0542,0.6976,0.0,0.0,2.28,3.27,0.0,0.0417,0.39,299,96,True
S5_zscore,T3_zscore_neg_2.0,P2_signal_strength,10,0.5466,0.8511,1.2967,0.5477,9.58,11.25,-17.49,0.6458,0.57,243,96,True
S5_zscore,T3_zscore_neg_2.0,P3_long_short,10,-0.767,-0.6117,-1.0888,-0.1556,-10.24,16.74,-65.81,0.3646,0.78,299,96,False
S5_zscore,T1_fixed_p25,P1_long_cash,11,0.5159,0.3153,0.2441,0.1754,3.41,10.82,-19.45,0.1667,0.56,299,96,True
S5_zscore,T1_fixed_p25,P2_signal_strength,11,0.5919,0.8621,1.2943,0.5657,9.7,11.25,-17.15,0.6562,0.57,242,96,True
S5_zscore,T1_fixed_p25,P3_long_short,11,0.1717,-0.4738,-0.8529,-0.1408,-7.98,16.84,-56.69,0.4062,1.11,299,96,False
S5_zscore,T1_fixed_p50,P1_long_cash,11,0.307,0.7757,0.0,1.6098,2.7,3.47,-1.67,0.0729,0.61,299,96,True
S5_zscore,T1_fixed_p50,P2_signal_strength,11,0.5919,0.8621,1.2943,0.5657,9.7,11.25,-17.15,0.6562,0.57,242,96,True
S5_zscore,T1_fixed_p50,P3_long_short,11,-0.2593,-0.5609,-0.9963,-0.1332,-9.41,16.78,-70.66,0.3854,1.22,299,96,False
S5_zscore,T1_fixed_p75,P1_long_cash,11,0.8731,0.0372,0.0,0.0203,0.03,0.91,-1.67,0.0104,0.61,299,96,True
S5_zscore,T1_fixed_p75,P2_signal_strength,11,0.5919,0.8621,1.2943,0.5657,9.7,11.25,-17.15,0.6562,0.57,242,96,True
S5_zscore,T1_fixed_p75,P3_long_short,11,0.068,-0.8954,-1.6036,-0.201,-14.73,16.46,-73.29,0.3229,1.22,299,96,False
S5_zscore,T2_roll_p25,P1_long_cash,11,0.3639,0.7524,1.0519,0.549,11.87,15.77,-21.61,0.5625,0.58,299,96,True
S5_zscore,T2_roll_p25,P2_signal_strength,11,0.5919,0.8621,1.2943,0.5657,9.7,11.25,-17.15,0.6562,0.57,242,96,True
S5_zscore,T2_roll_p25,P3_long_short,11,-0.2287,0.5313,0.871,0.2865,8.93,16.8,-31.16,0.6146,1.17,299,96,True
S5_zscore,T2_roll_p50,P1_long_cash,11,0.5467,0.5455,0.441,0.2791,5.43,9.95,-19.45,0.2708,0.92,299,96,True
S5_zscore,T2_roll_p50,P2_signal_strength,11,0.5919,0.8621,1.2943,0.5657,9.7,11.25,-17.15,0.6562,0.57,242,96,True
S5_zscore,T2_roll_p50,P3_long_short,11,-0.1484,-0.2327,-0.3748,-0.0733,-3.95,16.96,-53.84,0.4688,1.83,299,96,False
S5_zscore,T2_roll_p75,P1_long_cash,11,0.4423,1.0041,0.0,2.6775,4.48,4.46,-1.67,0.1146,0.5,299,96,True
S5_zscore,T2_roll_p75,P2_signal_strength,11,0.5919,0.8621,1.2943,0.5657,9.7,11.25,-17.15,0.6562,0.57,242,96,True
S5_zscore,T2_roll_p75,P3_long_short,11,-0.4453,-0.345,-0.6106,-0.0889,-5.84,16.92,-65.68,0.4271,1.0,299,96,False
S5_zscore,T3_zscore_1.0,P1_long_cash,11,0.4274,0.7757,0.0,1.6098,2.7,3.47,-1.67,0.0729,0.39,299,96,True
S5_zscore,T3_zscore_1.0,P2_signal_strength,11,0.5919,0.8621,1.2943,0.5657,9.7,11.25,-17.15,0.6562,0.57,242,96,True
S5_zscore,T3_zscore_1.0,P3_long_short,11,-0.4857,-0.5609,-0.9963,-0.1332,-9.41,16.78,-70.66,0.3854,0.78,299,96,False
S5_zscore,T3_zscore_neg_1.0,P1_long_cash,11,0.3269,0.5858,1.0387,0.3627,2.28,3.89,-6.28,0.0833,0.61,299,96,True
S5_zscore,T3_zscore_neg_1.0,P2_signal_strength,11,0.5919,0.8621,1.2943,0.5657,9.7,11.25,-17.15,0.6562,0.57,242,96,True
S5_zscore,T3_zscore_neg_1.0,P3_long_short,11,-0.2982,-0.6122,-1.1018,-0.1601,-10.25,16.74,-64.01,0.3854,1.22,299,96,False
S5_zscore,T3_zscore_1.5,P1_long_cash,11,0.2218,-0.3536,-0.0,-0.125,-0.21,0.59,-1.67,0.0,0.17,299,96,False
S5_zscore,T3_zscore_1.5,P2_signal_strength,11,0.5919,0.8621,1.2943,0.5657,9.7,11.25,-17.15,0.6562,0.57,242,96,True
S5_zscore,T3_zscore_1.5,P3_long_short,11,-0.6705,-0.9271,-1.6627,-0.2048,-15.22,16.42,-74.31,0.3125,0.33,299,96,False
S5_zscore,T3_zscore_neg_1.5,P1_long_cash,11,0.0358,0.4114,0.6836,0.2387,1.5,3.64,-6.28,0.0521,0.39,299,96,True
S5_zscore,T3_zscore_neg_1.5,P2_signal_strength,11,0.5919,0.8621,1.2943,0.5657,9.7,11.25,-17.15,0.6562,0.57,242,96,True
S5_zscore,T3_zscore_neg_1.5,P3_long_short,11,-0.6799,-0.7089,-1.2807,-0.1757,-11.81,16.65,-67.21,0.3542,0.78,299,96,False
S5_zscore,T3_zscore_2.0,P1_long_cash,11,0.2229,0.0,0.0,0.0,0.0,99900.0,0.0,0.0,0.06,299,96,False
S5_zscore,T3_zscore_2.0,P2_signal_strength,11,0.5919,0.8621,1.2943,0.5657,9.7,11.25,-17.15,0.6562,0.57,242,96,True
S5_zscore,T3_zscore_2.0,P3_long_short,11,-0.6807,-0.8998,-1.613,-0.2016,-14.8,16.45,-73.44,0.3229,0.11,299,96,False
S5_zscore,T3_zscore_neg_2.0,P1_long_cash,11,-0.0052,0.3066,0.0,0.2355,0.86,2.79,-3.64,0.0312,0.39,299,96,True
S5_zscore,T3_zscore_neg_2.0,P2_signal_strength,11,0.5919,0.8621,1.2943,0.5657,9.7,11.25,-17.15,0.6562,0.57,242,96,True
S5_zscore,T3_zscore_neg_2.0,P3_long_short,11,-0.7236,-0.7899,-1.4243,-0.1947,-13.09,16.57,-67.23,0.3438,0.78,299,96,False
S5_zscore,T1_fixed_p25,P1_long_cash,12,0.4753,0.2974,0.2019,0.1507,2.93,9.85,-19.45,0.1667,0.56,299,96,True
S5_zscore,T1_fixed_p25,P2_signal_strength,12,0.5662,0.8249,1.1876,0.5165,9.28,11.25,-17.96,0.6562,0.57,241,96,True
S5_zscore,T1_fixed_p25,P3_long_short,12,0.1148,-0.5322,-0.9055,-0.1403,-8.94,16.8,-63.71,0.4062,1.11,299,96,False
S5_zscore,T1_fixed_p50,P1_long_cash,12,0.2594,0.1657,0.045,0.0782,0.51,3.09,-6.55,0.0521,0.56,299,96,True
S5_zscore,T1_fixed_p50,P2_signal_strength,12,0.5662,0.8249,1.1876,0.5165,9.28,11.25,-17.96,0.6562,0.57,241,96,True
S5_zscore,T1_fixed_p50,P3_long_short,12,-0.3247,-0.8337,-1.4575,-0.1936,-13.78,16.53,-71.17,0.3438,1.11,299,96,False
S5_zscore,T1_fixed_p75,P1_long_cash,12,0.6833,0.5016,0.0,0.0,0.52,1.04,0.0,0.0208,0.56,299,96,True
S5_zscore,T1_fixed_p75,P2_signal_strength,12,0.5662,0.8249,1.1876,0.5165,9.28,11.25,-17.96,0.6562,0.57,241,96,True
S5_zscore,T1_fixed_p75,P3_long_short,12,-0.0784,-0.8328,-1.4873,-0.1935,-13.76,16.53,-71.13,0.3438,1.11,299,96,False
S5_zscore,T2_roll_p25,P1_long_cash,12,0.3508,0.7881,1.0956,0.4601,12.28,15.58,-26.68,0.5521,0.58,299,96,True
S5_zscore,T2_roll_p25,P2_signal_strength,12,0.5662,0.8249,1.1876,0.5165,9.28,11.25,-17.96,0.6562,0.57,241,96,True
S5_zscore,T2_roll_p25,P3_long_short,12,-0.2301,0.5818,0.9541,0.2294,9.75,16.76,-42.52,0.6042,1.17,299,96,True
S5_zscore,T2_roll_p50,P1_long_cash,12,0.4782,0.2829,0.2567,0.1388,2.92,10.31,-21.01,0.2292,0.92,299,96,True
S5_zscore,T2_roll_p50,P2_signal_strength,12,0.5662,0.8249,1.1876,0.5165,9.28,11.25,-17.96,0.6562,0.57,241,96,True
S5_zscore,T2_roll_p50,P3_long_short,12,-0.2286,-0.5337,-0.9183,-0.1403,-8.97,16.8,-63.9,0.3958,1.83,299,96,False
S5_zscore,T2_roll_p75,P1_long_cash,12,0.3737,0.4891,0.1657,0.2881,1.89,3.86,-6.55,0.0833,0.47,299,96,True
S5_zscore,T2_roll_p75,P2_signal_strength,12,0.5662,0.8249,1.1876,0.5165,9.28,11.25,-17.96,0.6562,0.57,241,96,True
S5_zscore,T2_roll_p75,P3_long_short,12,-0.4946,-0.6603,-1.1432,-0.1664,-11.03,16.7,-66.27,0.375,0.94,299,96,False
S5_zscore,T3_zscore_1.0,P1_long_cash,12,0.2481,0.1657,0.045,0.0782,0.51,3.09,-6.55,0.0521,0.39,299,96,True
S5_zscore,T3_zscore_1.0,P2_signal_strength,12,0.5662,0.8249,1.1876,0.5165,9.28,11.25,-17.96,0.6562,0.57,241,96,True
S5_zscore,T3_zscore_1.0,P3_long_short,12,-0.5828,-0.8337,-1.4575,-0.1936,-13.78,16.53,-71.17,0.3438,0.78,299,96,False
S5_zscore,T3_zscore_neg_1.0,P1_long_cash,12,0.2603,0.2039,0.1162,0.075,0.88,4.33,-11.78,0.0833,0.61,299,96,True
S5_zscore,T3_zscore_neg_1.0,P2_signal_strength,12,0.5662,0.8249,1.1876,0.5165,9.28,11.25,-17.96,0.6562,0.57,241,96,True
S5_zscore,T3_zscore_neg_1.0,P3_long_short,12,-0.3925,-0.7864,-1.4205,-0.1855,-13.04,16.58,-70.29,0.375,1.22,299,96,False
S5_zscore,T3_zscore_1.5,P1_long_cash,12,0.2545,0.3536,0.0,0.0,0.24,0.69,0.0,0.0104,0.17,299,96,True
S5_zscore,T3_zscore_1.5,P2_signal_strength,12,0.5662,0.8249,1.1876,0.5165,9.28,11.25,-17.96,0.6562,0.57,241,96,True
S5_zscore,T3_zscore_1.5,P3_long_short,12,-0.672,-0.8683,-1.5543,-0.1978,-14.32,16.49,-72.38,0.3333,0.33,299,96,False
S5_zscore,T3_zscore_neg_1.5,P1_long_cash,12,0.1677,0.3836,0.5934,0.2072,1.3,3.39,-6.28,0.0625,0.39,299,96,True
S5_zscore,T3_zscore_neg_1.5,P2_signal_strength,12,0.5662,0.8249,1.1876,0.5165,9.28,11.25,-17.96,0.6562,0.57,241,96,True
S5_zscore,T3_zscore_neg_1.5,P3_long_short,12,-0.545,-0.7337,-1.3335,-0.1788,-12.2,16.63,-68.23,0.3646,0.78,299,96,False
S5_zscore,T3_zscore_2.0,P1_long_cash,12,0.372,0.0,0.0,0.0,0.0,99900.0,0.0,0.0,0.06,299,96,False
S5_zscore,T3_zscore_2.0,P2_signal_strength,12,0.5662,0.8249,1.1876,0.5165,9.28,11.25,-17.96,0.6562,0.57,241,96,True
S5_zscore,T3_zscore_2.0,P3_long_short,12,-0.6594,-0.8998,-1.613,-0.2016,-14.8,16.45,-73.44,0.3229,0.11,299,96,False
S5_zscore,T3_zscore_neg_2.0,P1_long_cash,12,-0.0818,0.3006,0.0,0.2485,0.68,2.27,-2.74,0.0312,0.39,299,96,True
S5_zscore,T3_zscore_neg_2.0,P2_signal_strength,12,0.5662,0.8249,1.1876,0.5165,9.28,11.25,-17.96,0.6562,0.57,241,96,True
S5_zscore,T3_zscore_neg_2.0,P3_long_short,12,-0.7917,-0.8122,-1.4642,-0.195,-13.44,16.55,-68.92,0.3438,0.78,299,96,False
S6_mom3m,T1_fixed_p25,P1_long_cash,0,1.0026,0.5885,0.6792,0.3151,6.53,11.1,-20.73,0.3542,1.89,299,96,True
S6_mom3m,T1_fixed_p25,P2_signal_strength,0,1.0274,0.7822,1.2862,0.4708,7.38,9.43,-15.67,0.6562,1.26,297,96,True
S6_mom3m,T1_fixed_p25,P3_long_short,0,0.8143,-0.1021,-0.1785,-0.0368,-1.74,16.99,-47.11,0.5208,3.78,299,96,False
S6_mom3m,T1_fixed_p50,P1_long_cash,0,0.8775,0.4566,0.4437,0.2893,3.99,8.75,-13.81,0.2396,2.78,299,96,True
S6_mom3m,T1_fixed_p50,P2_signal_strength,0,1.0274,0.7822,1.2862,0.4708,7.38,9.43,-15.67,0.6562,1.26,297,96,True
S6_mom3m,T1_fixed_p50,P3_long_short,0,0.4716,-0.4035,-0.7441,-0.1169,-6.81,16.89,-58.31,0.4479,5.56,299,96,False
S6_mom3m,T1_fixed_p75,P1_long_cash,0,0.515,0.6438,0.6749,0.7268,4.47,6.94,-6.14,0.1458,2.11,299,96,True
S6_mom3m,T1_fixed_p75,P2_signal_strength,0,1.0274,0.7822,1.2862,0.4708,7.38,9.43,-15.67,0.6562,1.26,297,96,True
S6_mom3m,T1_fixed_p75,P3_long_short,0,-0.1878,-0.347,-0.6652,-0.1081,-5.87,16.92,-54.3,0.4167,4.22,299,96,False
S6_mom3m,T2_roll_p25,P1_long_cash,0,0.9861,0.5314,0.7258,0.3217,7.95,14.97,-24.73,0.5208,1.81,299,96,True
S6_mom3m,T2_roll_p25,P2_signal_strength,0,1.0274,0.7822,1.2862,0.4708,7.38,9.43,-15.67,0.6562,1.26,297,96,True
S6_mom3m,T2_roll_p25,P3_long_short,0,0.7763,0.0651,0.105,0.024,1.11,17.0,-46.08,0.5625,3.61,299,96,True
S6_mom3m,T2_roll_p50,P1_long_cash,0,0.92,0.5726,0.655,0.2835,5.88,10.27,-20.73,0.3229,2.89,299,96,True
S6_mom3m,T2_roll_p50,P2_signal_strength,0,1.0274,0.7822,1.2862,0.4708,7.38,9.43,-15.67,0.6562,1.26,297,96,True
S6_mom3m,T2_roll_p50,P3_long_short,0,0.4494,-0.1793,-0.3277,-0.0677,-3.04,16.98,-44.98,0.5,5.78,299,96,False
S6_mom3m,T2_roll_p75,P1_long_cash,0,0.3868,0.6527,0.7391,0.7015,4.63,7.09,-6.6,0.1458,1.83,299,96,True
S6_mom3m,T2_roll_p75,P2_signal_strength,0,1.0274,0.7822,1.2862,0.4708,7.38,9.43,-15.67,0.6562,1.26,297,96,True
S6_mom3m,T2_roll_p75,P3_long_short,0,-0.3243,-0.3275,-0.6204,-0.0982,-5.54,16.93,-56.44,0.4062,3.67,299,96,False
S6_mom3m,T3_zscore_1.0,P1_long_cash,0,0.4201,0.3895,0.4751,0.2369,1.46,3.74,-6.14,0.0521,1.28,299,96,True
S6_mom3m,T3_zscore_1.0,P2_signal_strength,0,1.0274,0.7822,1.2862,0.4708,7.38,9.43,-15.67,0.6562,1.26,297,96,True
S6_mom3m,T3_zscore_1.0,P3_long_short,0,-0.4527,-0.7143,-1.3038,-0.1656,-11.89,16.65,-71.8,0.3542,2.56,299,96,False
S6_mom3m,T3_zscore_neg_1.0,P1_long_cash,0,-0.2555,0.5216,0.0,0.4831,3.08,5.91,-6.38,0.0625,0.67,299,96,True
S6_mom3m,T3_zscore_neg_1.0,P2_signal_strength,0,1.0274,0.7822,1.2862,0.4708,7.38,9.43,-15.67,0.6562,1.26,297,96,True
S6_mom3m,T3_zscore_neg_1.0,P3_long_short,0,-1.043,-0.5139,-1.0049,-0.1398,-8.64,16.82,-61.83,0.375,1.33,299,96,False
S6_mom3m,T3_zscore_1.5,P1_long_cash,0,0.211,0.3993,0.0,0.3773,1.41,3.54,-3.74,0.0312,0.83,299,96,True
S6_mom3m,T3_zscore_1.5,P2_signal_strength,0,1.0274,0.7822,1.2862,0.4708,7.38,9.43,-15.67,0.6562,1.26,297,96,True
S6_mom3m,T3_zscore_1.5,P3_long_short,0,-0.6257,-0.7196,-1.3065,-0.1671,-11.98,16.64,-71.66,0.3438,1.67,299,96,False
S6_mom3m,T3_zscore_neg_1.5,P1_long_cash,0,-0.3808,0.6024,0.0,0.0,3.14,5.21,0.0,0.0417,0.5,299,96,True
S6_mom3m,T3_zscore_neg_1.5,P2_signal_strength,0,1.0274,0.7822,1.2862,0.4708,7.38,9.43,-15.67,0.6562,1.26,297,96,True
S6_mom3m,T3_zscore_neg_1.5,P3_long_short,0,-1.1879,-0.5066,-1.0034,-0.1378,-8.52,16.82,-61.83,0.3646,1.0,299,96,False
S6_mom3m,T3_zscore_2.0,P1_long_cash,0,0.1536,0.1438,0.0,0.108,0.4,2.81,-3.74,0.0104,0.39,299,96,True
S6_mom3m,T3_zscore_2.0,P2_signal_strength,0,1.0274,0.7822,1.2862,0.4708,7.38,9.43,-15.67,0.6562,1.26,297,96,True
S6_mom3m,T3_zscore_2.0,P3_long_short,0,-0.6664,-0.8476,-1.5417,-0.1953,-13.99,16.51,-71.66,0.3229,0.78,299,96,False
S6_mom3m,T3_zscore_neg_2.0,P1_long_cash,0,-0.4765,0.4998,0.0,0.0,2.4,4.81,0.0,0.0312,0.56,299,96,True
S6_mom3m,T3_zscore_neg_2.0,P2_signal_strength,0,1.0274,0.7822,1.2862,0.4708,7.38,9.43,-15.67,0.6562,1.26,297,96,True
S6_mom3m,T3_zscore_neg_2.0,P3_long_short,0,-1.2296,-0.5965,-1.1789,-0.156,-9.99,16.75,-64.07,0.3542,1.11,299,96,False
S6_mom3m,T1_fixed_p25,P1_long_cash,1,0.9066,0.6798,0.9006,0.5044,7.8,11.47,-15.46,0.3646,1.94,299,96,True
S6_mom3m,T1_fixed_p25,P2_signal_strength,1,1.0093,0.7225,1.1112,0.4593,7.05,9.76,-15.36,0.6562,1.27,296,96,True
S6_mom3m,T1_fixed_p25,P3_long_short,1,0.7378,0.0468,0.0935,0.0224,0.79,17.0,-35.54,0.5312,3.89,299,96,True
S6_mom3m,T1_fixed_p50,P1_long_cash,1,0.7614,0.4422,0.503,0.2385,4.5,10.17,-18.85,0.2396,2.78,299,96,True
S6_mom3m,T1_fixed_p50,P2_signal_strength,1,1.0093,0.7225,1.1112,0.4593,7.05,9.76,-15.36,0.6562,1.27,296,96,True
S6_mom3m,T1_fixed_p50,P3_long_short,1,0.3166,-0.3436,-0.6385,-0.1029,-5.81,16.92,-56.5,0.4375,5.56,299,96,False
S6_mom3m,T1_fixed_p75,P1_long_cash,1,0.5533,0.1906,0.1652,0.0937,1.42,7.43,-15.1,0.125,2.22,299,96,True
S6_mom3m,T1_fixed_p75,P2_signal_strength,1,1.0093,0.7225,1.1112,0.4593,7.05,9.76,-15.36,0.6562,1.27,296,96,True
S6_mom3m,T1_fixed_p75,P3_long_short,1,-0.1102,-0.7193,-1.3222,-0.177,-11.97,16.64,-67.63,0.3542,4.44,299,96,False
S6_mom3m,T2_roll_p25,P1_long_cash,1,0.9708,0.647,0.9217,0.4169,9.98,15.42,-23.93,0.5417,1.81,299,96,True
S6_mom3m,T2_roll_p25,P2_signal_strength,1,1.0093,0.7225,1.1112,0.4593,7.05,9.76,-15.36,0.6562,1.27,296,96,True
S6_mom3m,T2_roll_p25,P3_long_short,1,0.7841,0.304,0.5343,0.1694,5.15,16.94,-30.4,0.6042,3.61,299,96,True
S6_mom3m,T2_roll_p50,P1_long_cash,1,0.7452,0.6726,0.8307,0.4317,7.36,10.94,-17.05,0.3333,2.89,299,96,True
S6_mom3m,T2_roll_p50,P2_signal_strength,1,1.0093,0.7225,1.1112,0.4593,7.05,9.76,-15.36,0.6562,1.27,296,96,True
S6_mom3m,T2_roll_p50,P3_long_short,1,0.2272,-0.0046,-0.0089,-0.0017,-0.08,17.0,-45.42,0.5104,5.78,299,96,False
S6_mom3m,T2_roll_p75,P1_long_cash,1,0.6419,0.4786,0.5265,0.2841,3.59,7.5,-12.63,0.1354,1.83,299,96,True
S6_mom3m,T2_roll_p75,P2_signal_strength,1,1.0093,0.7225,1.1112,0.4593,7.05,9.76,-15.36,0.6562,1.27,296,96,True
S6_mom3m,T2_roll_p75,P3_long_short,1,-0.0983,-0.4524,-0.8808,-0.1409,-7.63,16.86,-54.14,0.375,3.67,299,96,False
S6_mom3m,T3_zscore_1.0,P1_long_cash,1,0.5364,0.0627,0.0523,0.0224,0.34,5.48,-15.32,0.0417,1.28,299,96,True
S6_mom3m,T3_zscore_1.0,P2_signal_strength,1,1.0093,0.7225,1.1112,0.4593,7.05,9.76,-15.36,0.6562,1.27,296,96,True
S6_mom3m,T3_zscore_1.0,P3_long_short,1,-0.3526,-0.8555,-1.6399,-0.1941,-14.12,16.5,-72.73,0.3229,2.56,299,96,False
S6_mom3m,T3_zscore_neg_1.0,P1_long_cash,1,-0.2372,0.5857,0.0,0.4719,3.01,5.14,-6.38,0.0625,0.67,299,96,True
S6_mom3m,T3_zscore_neg_1.0,P2_signal_strength,1,1.0093,0.7225,1.1112,0.4593,7.05,9.76,-15.36,0.6562,1.27,296,96,True
S6_mom3m,T3_zscore_neg_1.0,P3_long_short,1,-1.0267,-0.5226,-0.943,-0.143,-8.78,16.81,-61.41,0.375,1.33,299,96,False
S6_mom3m,T3_zscore_1.5,P1_long_cash,1,0.4719,-0.1593,-0.1907,-0.0507,-0.46,2.87,-9.04,0.0208,0.83,299,96,False
S6_mom3m,T3_zscore_1.5,P2_signal_strength,1,1.0093,0.7225,1.1112,0.4593,7.05,9.76,-15.36,0.6562,1.27,296,96,True
S6_mom3m,T3_zscore_1.5,P3_long_short,1,-0.5315,-0.9597,-1.7496,-0.2053,-15.72,16.38,-76.55,0.3125,1.67,299,96,False
S6_mom3m,T3_zscore_neg_1.5,P1_long_cash,1,-0.3394,0.6651,0.0,0.0,2.43,3.65,0.0,0.0417,0.5,299,96,True
S6_mom3m,T3_zscore_neg_1.5,P2_signal_strength,1,1.0093,0.7225,1.1112,0.4593,7.05,9.76,-15.36,0.6562,1.27,296,96,True
S6_mom3m,T3_zscore_neg_1.5,P3_long_short,1,-1.1169,-0.5939,-1.073,-0.162,-9.95,16.75,-61.41,0.3646,1.0,299,96,False
S6_mom3m,T3_zscore_2.0,P1_long_cash,1,0.2993,-0.4926,-0.2545,-0.1269,-0.78,1.58,-6.14,0.0,0.39,299,96,False
S6_mom3m,T3_zscore_2.0,P2_signal_strength,1,1.0093,0.7225,1.1112,0.4593,7.05,9.76,-15.36,0.6562,1.27,296,96,True
S6_mom3m,T3_zscore_2.0,P3_long_short,1,-0.6423,-1.0022,-1.8067,-0.2137,-16.36,16.33,-76.55,0.3021,0.78,299,96,False
S6_mom3m,T3_zscore_neg_2.0,P1_long_cash,1,-0.2649,0.5694,0.0,0.0,1.55,2.73,0.0,0.0312,0.56,299,96,True
S6_mom3m,T3_zscore_neg_2.0,P2_signal_strength,1,1.0093,0.7225,1.1112,0.4593,7.05,9.76,-15.36,0.6562,1.27,296,96,True
S6_mom3m,T3_zscore_neg_2.0,P3_long_short,1,-0.9809,-0.702,-1.2573,-0.1774,-11.7,16.66,-65.93,0.3542,1.11,299,96,False
S6_mom3m,T1_fixed_p25,P1_long_cash,2,0.8595,0.8565,1.0758,0.7183,9.72,11.35,-13.53,0.375,1.94,299,96,True
S6_mom3m,T1_fixed_p25,P2_signal_strength,2,0.9684,0.8382,1.414,0.5608,8.24,9.83,-14.7,0.6562,1.27,295,96,True
S6_mom3m,T1_fixed_p25,P3_long_short,2,0.6549,0.2737,0.4858,0.1627,4.64,16.95,-28.51,0.5417,3.89,299,96,True
S6_mom3m,T1_fixed_p50,P1_long_cash,2,0.7833,0.9033,0.9011,1.0174,8.96,9.92,-8.8,0.2708,2.78,299,96,True
S6_mom3m,T1_fixed_p50,P2_signal_strength,2,0.9684,0.8382,1.414,0.5608,8.24,9.83,-14.7,0.6562,1.27,295,96,True
S6_mom3m,T1_fixed_p50,P3_long_short,2,0.4107,0.1834,0.3372,0.1014,3.11,16.98,-30.7,0.4896,5.56,299,96,True
S6_mom3m,T1_fixed_p75,P1_long_cash,2,0.4035,0.9458,1.5429,1.1557,7.25,7.67,-6.28,0.1667,2.22,299,96,True
S6_mom3m,T1_fixed_p75,P2_signal_strength,2,0.9684,0.8382,1.414,0.5608,8.24,9.83,-14.7,0.6562,1.27,295,96,True
S6_mom3m,T1_fixed_p75,P3_long_short,2,-0.2604,-0.0172,-0.034,-0.008,-0.29,17.0,-36.47,0.4375,4.44,299,96,False
S6_mom3m,T2_roll_p25,P1_long_cash,2,0.8926,0.8817,1.1532,0.5403,13.26,15.04,-24.54,0.5625,1.78,299,96,True
S6_mom3m,T2_roll_p25,P2_signal_strength,2,0.9684,0.8382,1.414,0.5608,8.24,9.83,-14.7,0.6562,1.27,295,96,True
S6_mom3m,T2_roll_p25,P3_long_short,2,0.6734,0.7032,1.1283,0.4179,11.71,16.66,-28.03,0.6354,3.56,299,96,True
S6_mom3m,T2_roll_p50,P1_long_cash,2,0.8927,0.8432,1.0213,0.9485,9.11,10.81,-9.61,0.3438,2.89,299,96,True
S6_mom3m,T2_roll_p50,P2_signal_strength,2,0.9684,0.8382,1.414,0.5608,8.24,9.83,-14.7,0.6562,1.27,295,96,True
S6_mom3m,T2_roll_p50,P3_long_short,2,0.4852,0.2017,0.3667,0.1201,3.42,16.97,-28.51,0.5208,5.78,299,96,True
S6_mom3m,T2_roll_p75,P1_long_cash,2,0.547,0.9984,1.5693,1.1754,7.38,7.39,-6.28,0.1771,1.83,299,96,True
S6_mom3m,T2_roll_p75,P2_signal_strength,2,0.9684,0.8382,1.414,0.5608,8.24,9.83,-14.7,0.6562,1.27,295,96,True
S6_mom3m,T2_roll_p75,P3_long_short,2,-0.1573,-0.0026,-0.005,-0.0013,-0.05,17.0,-35.27,0.4479,3.67,299,96,False
S6_mom3m,T3_zscore_1.0,P1_long_cash,2,0.5234,0.3705,0.8553,0.2837,1.78,4.81,-6.28,0.0521,1.28,299,96,True
S6_mom3m,T3_zscore_1.0,P2_signal_strength,2,0.9684,0.8382,1.414,0.5608,8.24,9.83,-14.7,0.6562,1.27,295,96,True
S6_mom3m,T3_zscore_1.0,P3_long_short,2,-0.3408,-0.6736,-1.281,-0.1755,-11.24,16.69,-64.06,0.3438,2.56,299,96,False
S6_mom3m,T3_zscore_neg_1.0,P1_long_cash,2,-0.1334,0.3313,0.2518,0.2547,1.62,4.9,-6.38,0.0521,0.67,299,96,True
S6_mom3m,T3_zscore_neg_1.0,P2_signal_strength,2,0.9684,0.8382,1.414,0.5608,8.24,9.83,-14.7,0.6562,1.27,295,96,True
S6_mom3m,T3_zscore_neg_1.0,P3_long_short,2,-0.8822,-0.6932,-1.2678,-0.1763,-11.55,16.67,-65.54,0.3542,1.33,299,96,False
S6_mom3m,T3_zscore_1.5,P1_long_cash,2,0.4864,0.1595,0.3429,0.1137,0.71,4.48,-6.28,0.0208,0.83,299,96,True
S6_mom3m,T3_zscore_1.5,P2_signal_strength,2,0.9684,0.8382,1.414,0.5608,8.24,9.83,-14.7,0.6562,1.27,295,96,True
S6_mom3m,T3_zscore_1.5,P3_long_short,2,-0.4693,-0.808,-1.5524,-0.1951,-13.37,16.55,-68.56,0.3125,1.67,299,96,False
S6_mom3m,T3_zscore_neg_1.5,P1_long_cash,2,-0.2257,0.3846,0.0,0.3638,1.36,3.54,-3.74,0.0312,0.5,299,96,True
S6_mom3m,T3_zscore_neg_1.5,P2_signal_strength,2,0.9684,0.8382,1.414,0.5608,8.24,9.83,-14.7,0.6562,1.27,295,96,True
S6_mom3m,T3_zscore_neg_1.5,P3_long_short,2,-0.9758,-0.726,-1.3225,-0.1804,-12.08,16.64,-66.96,0.3438,1.0,299,96,False
S6_mom3m,T3_zscore_2.0,P1_long_cash,2,0.3987,0.265,0.0,0.4203,1.05,3.95,-2.49,0.0104,0.39,299,96,True
S6_mom3m,T3_zscore_2.0,P2_signal_strength,2,0.9684,0.8382,1.414,0.5608,8.24,9.83,-14.7,0.6562,1.27,295,96,True
S6_mom3m,T3_zscore_2.0,P3_long_short,2,-0.544,-0.7656,-1.4653,-0.1853,-12.71,16.6,-68.56,0.3229,0.78,299,96,False
S6_mom3m,T3_zscore_neg_2.0,P1_long_cash,2,-0.2131,0.5609,0.0,0.0,1.83,3.26,0.0,0.0312,0.56,299,96,True
S6_mom3m,T3_zscore_neg_2.0,P2_signal_strength,2,0.9684,0.8382,1.414,0.5608,8.24,9.83,-14.7,0.6562,1.27,295,96,True
S6_mom3m,T3_zscore_neg_2.0,P3_long_short,2,-0.9103,-0.6675,-1.2101,-0.173,-11.14,16.69,-64.39,0.3542,1.11,299,96,False
S6_mom3m,T1_fixed_p25,P1_long_cash,3,0.7922,0.678,0.7135,0.5585,7.56,11.15,-13.53,0.3646,1.92,299,96,True
S6_mom3m,T1_fixed_p25,P2_signal_strength,3,0.9483,0.7877,1.1625,0.5155,7.9,10.03,-15.32,0.6562,1.27,294,96,True
S6_mom3m,T1_fixed_p25,P3_long_short,3,0.5504,0.0184,0.0319,0.0072,0.31,17.0,-43.14,0.5312,3.83,299,96,True
S6_mom3m,T1_fixed_p50,P1_long_cash,3,0.7634,0.6847,0.6614,0.4531,6.85,10.0,-15.11,0.2708,2.83,299,96,True
S6_mom3m,T1_fixed_p50,P2_signal_strength,3,0.9483,0.7877,1.1625,0.5155,7.9,10.03,-15.32,0.6562,1.27,294,96,True
S6_mom3m,T1_fixed_p50,P3_long_short,3,0.306,-0.0654,-0.1204,-0.0305,-1.11,17.0,-36.5,0.4896,5.67,299,96,False
S6_mom3m,T1_fixed_p75,P1_long_cash,3,0.5295,0.2049,0.1535,0.1124,1.7,8.28,-15.11,0.1354,2.22,299,96,True
S6_mom3m,T1_fixed_p75,P2_signal_strength,3,0.9483,0.7877,1.1625,0.5155,7.9,10.03,-15.32,0.6562,1.27,294,96,True
S6_mom3m,T1_fixed_p75,P3_long_short,3,-0.1321,-0.684,-1.2151,-0.1798,-11.41,16.68,-63.43,0.375,4.44,299,96,False
S6_mom3m,T2_roll_p25,P1_long_cash,3,1.0127,1.0024,1.4051,0.7141,14.46,14.42,-20.25,0.5625,1.75,299,96,True
S6_mom3m,T2_roll_p25,P2_signal_strength,3,0.9483,0.7877,1.1625,0.5155,7.9,10.03,-15.32,0.6562,1.27,294,96,True
S6_mom3m,T2_roll_p25,P3_long_short,3,0.8025,0.8553,1.4839,0.6971,14.11,16.5,-20.25,0.6458,3.5,299,96,True
S6_mom3m,T2_roll_p50,P1_long_cash,3,0.769,0.6425,0.6533,0.4705,7.11,11.06,-15.11,0.3333,2.86,299,96,True
S6_mom3m,T2_roll_p50,P2_signal_strength,3,0.9483,0.7877,1.1625,0.5155,7.9,10.03,-15.32,0.6562,1.27,294,96,True
S6_mom3m,T2_roll_p50,P3_long_short,3,0.2542,-0.0344,-0.0601,-0.0146,-0.59,17.0,-40.2,0.5104,5.72,299,96,False
S6_mom3m,T2_roll_p75,P1_long_cash,3,0.5052,0.236,0.1756,0.1117,1.95,8.27,-17.47,0.1458,1.83,299,96,True
S6_mom3m,T2_roll_p75,P2_signal_strength,3,0.9483,0.7877,1.1625,0.5155,7.9,10.03,-15.32,0.6562,1.27,294,96,True
S6_mom3m,T2_roll_p75,P3_long_short,3,-0.2034,-0.6524,-1.1586,-0.1801,-10.9,16.71,-60.53,0.3854,3.67,299,96,False
S6_mom3m,T3_zscore_1.0,P1_long_cash,3,0.5941,0.0237,0.0115,0.0151,0.13,5.62,-8.8,0.0417,1.28,299,96,True
S6_mom3m,T3_zscore_1.0,P2_signal_strength,3,0.9483,0.7877,1.1625,0.5155,7.9,10.03,-15.32,0.6562,1.27,294,96,True
S6_mom3m,T3_zscore_1.0,P3_long_short,3,-0.3022,-0.8826,-1.6328,-0.2031,-14.54,16.47,-71.57,0.3229,2.56,299,96,False
S6_mom3m,T3_zscore_neg_1.0,P1_long_cash,3,-0.0282,0.379,0.4648,0.2732,1.68,4.43,-6.14,0.0417,0.67,299,96,True
S6_mom3m,T3_zscore_neg_1.0,P2_signal_strength,3,0.9483,0.7877,1.1625,0.5155,7.9,10.03,-15.32,0.6562,1.27,294,96,True
S6_mom3m,T3_zscore_neg_1.0,P3_long_short,3,-0.754,-0.6864,-1.2709,-0.1721,-11.45,16.67,-66.49,0.3333,1.33,299,96,False
S6_mom3m,T3_zscore_1.5,P1_long_cash,3,0.3815,0.4503,0.0,0.7091,1.94,4.32,-2.74,0.0417,0.83,299,96,True
S6_mom3m,T3_zscore_1.5,P2_signal_strength,3,0.9483,0.7877,1.1625,0.5155,7.9,10.03,-15.32,0.6562,1.27,294,96,True
S6_mom3m,T3_zscore_1.5,P3_long_short,3,-0.5537,-0.6534,-1.247,-0.1695,-10.91,16.7,-64.41,0.3542,1.67,299,96,False
S6_mom3m,T3_zscore_neg_1.5,P1_long_cash,3,-0.067,0.2296,0.2705,0.1349,0.83,3.61,-6.14,0.0208,0.5,299,96,True
S6_mom3m,T3_zscore_neg_1.5,P2_signal_strength,3,0.9483,0.7877,1.1625,0.5155,7.9,10.03,-15.32,0.6562,1.27,294,96,True
S6_mom3m,T3_zscore_neg_1.5,P3_long_short,3,-0.7959,-0.7934,-1.4525,-0.1887,-13.14,16.57,-69.66,0.3229,1.0,299,96,False
S6_mom3m,T3_zscore_2.0,P1_long_cash,3,0.2745,0.4501,0.0,0.0,1.82,4.05,0.0,0.0208,0.39,299,96,True
S6_mom3m,T3_zscore_2.0,P2_signal_strength,3,0.9483,0.7877,1.1625,0.5155,7.9,10.03,-15.32,0.6562,1.27,294,96,True
S6_mom3m,T3_zscore_2.0,P3_long_short,3,-0.6324,-0.6684,-1.2689,-0.1732,-11.16,16.69,-64.41,0.3438,0.78,299,96,False
S6_mom3m,T3_zscore_neg_2.0,P1_long_cash,3,-0.0844,0.3266,0.0,0.3046,1.14,3.49,-3.74,0.0208,0.56,299,96,True
S6_mom3m,T3_zscore_neg_2.0,P2_signal_strength,3,0.9483,0.7877,1.1625,0.5155,7.9,10.03,-15.32,0.6562,1.27,294,96,True
S6_mom3m,T3_zscore_neg_2.0,P3_long_short,3,-0.8024,-0.7539,-1.3754,-0.1838,-12.52,16.61,-68.11,0.3333,1.11,299,96,False
S6_mom3m,T1_fixed_p25,P1_long_cash,4,0.8112,0.5401,0.5394,0.2331,5.73,10.62,-24.61,0.3438,1.86,299,96,True
S6_mom3m,T1_fixed_p25,P2_signal_strength,4,1.0086,0.9428,1.4692,0.5585,8.8,9.34,-15.76,0.6667,1.27,293,96,True
S6_mom3m,T1_fixed_p25,P3_long_short,4,0.5889,-0.1964,-0.3235,-0.058,-3.33,16.97,-57.5,0.5,3.72,299,96,False
S6_mom3m,T1_fixed_p50,P1_long_cash,4,0.7533,0.3972,0.3231,0.1185,3.48,8.76,-29.35,0.25,2.75,299,96,True
S6_mom3m,T1_fixed_p50,P2_signal_strength,4,1.0086,0.9428,1.4692,0.5585,8.8,9.34,-15.76,0.6667,1.27,293,96,True
S6_mom3m,T1_fixed_p50,P3_long_short,4,0.299,-0.4657,-0.7854,-0.122,-7.85,16.85,-64.34,0.4583,5.5,299,96,False
S6_mom3m,T1_fixed_p75,P1_long_cash,4,0.6484,0.7867,0.3531,0.4636,4.97,6.32,-10.72,0.1771,2.22,299,96,True
S6_mom3m,T1_fixed_p75,P2_signal_strength,4,1.0086,0.9428,1.4692,0.5585,8.8,9.34,-15.76,0.6667,1.27,293,96,True
S6_mom3m,T1_fixed_p75,P3_long_short,4,-0.0249,-0.287,-0.4969,-0.0887,-4.86,16.94,-54.8,0.4583,4.44,299,96,False
S6_mom3m,T2_roll_p25,P1_long_cash,4,0.8825,0.5667,0.7247,0.377,8.15,14.38,-21.61,0.5417,1.75,299,96,True
S6_mom3m,T2_roll_p25,P2_signal_strength,4,1.0086,0.9428,1.4692,0.5585,8.8,9.34,-15.76,0.6667,1.27,293,96,True
S6_mom3m,T2_roll_p25,P3_long_short,4,0.6243,0.088,0.1251,0.0404,1.5,17.0,-37.05,0.6146,3.5,299,96,True
S6_mom3m,T2_roll_p50,P1_long_cash,4,0.839,0.5539,0.5495,0.2022,5.49,9.91,-27.15,0.3125,2.86,299,96,True
S6_mom3m,T2_roll_p50,P2_signal_strength,4,1.0086,0.9428,1.4692,0.5585,8.8,9.34,-15.76,0.6667,1.27,293,96,True
S6_mom3m,T2_roll_p50,P3_long_short,4,0.3527,-0.2254,-0.3879,-0.0609,-3.82,16.97,-62.82,0.4792,5.72,299,96,False
S6_mom3m,T2_roll_p75,P1_long_cash,4,0.7616,1.1358,2.1387,2.3477,6.44,5.67,-2.74,0.1875,1.83,299,96,True
S6_mom3m,T2_roll_p75,P2_signal_strength,4,1.0086,0.9428,1.4692,0.5585,8.8,9.34,-15.76,0.6667,1.27,293,96,True
S6_mom3m,T2_roll_p75,P3_long_short,4,0.0114,-0.1137,-0.2024,-0.0466,-1.93,16.99,-41.49,0.4688,3.67,299,96,False
S6_mom3m,T3_zscore_1.0,P1_long_cash,4,0.6089,0.7238,0.0,2.9478,3.0,4.15,-1.02,0.0729,1.28,299,96,True
S6_mom3m,T3_zscore_1.0,P2_signal_strength,4,1.0086,0.9428,1.4692,0.5585,8.8,9.34,-15.76,0.6667,1.27,293,96,True
S6_mom3m,T3_zscore_1.0,P3_long_short,4,-0.3087,-0.5232,-0.9607,-0.1398,-8.79,16.81,-62.93,0.3854,2.56,299,96,False
S6_mom3m,T3_zscore_neg_1.0,P1_long_cash,4,-0.0039,0.3382,0.4639,0.2727,1.68,4.95,-6.14,0.0417,0.67,299,96,True
S6_mom3m,T3_zscore_neg_1.0,P2_signal_strength,4,1.0086,0.9428,1.4692,0.5585,8.8,9.34,-15.76,0.6667,1.27,293,96,True
S6_mom3m,T3_zscore_neg_1.0,P3_long_short,4,-0.7234,-0.6868,-1.3345,-0.1755,-11.45,16.67,-65.23,0.3333,1.33,299,96,False
S6_mom3m,T3_zscore_1.5,P1_long_cash,4,0.5167,0.4793,0.0,0.7639,0.78,1.62,-1.02,0.0417,0.83,299,96,True
S6_mom3m,T3_zscore_1.5,P2_signal_strength,4,1.0086,0.9428,1.4692,0.5585,8.8,9.34,-15.76,0.6667,1.27,293,96,True
S6_mom3m,T3_zscore_1.5,P3_long_short,4,-0.446,-0.7998,-1.4357,-0.184,-13.25,16.56,-71.97,0.3542,1.67,299,96,False
S6_mom3m,T3_zscore_neg_1.5,P1_long_cash,4,-0.137,0.2998,0.474,0.2364,1.45,4.85,-6.14,0.0208,0.5,299,96,True
S6_mom3m,T3_zscore_neg_1.5,P2_signal_strength,4,1.0086,0.9428,1.4692,0.5585,8.8,9.34,-15.76,0.6667,1.27,293,96,True
S6_mom3m,T3_zscore_neg_1.5,P3_long_short,4,-0.8746,-0.7147,-1.3905,-0.179,-11.9,16.65,-66.45,0.3229,1.0,299,96,False
S6_mom3m,T3_zscore_2.0,P1_long_cash,4,0.3934,0.2465,0.0,0.3294,0.34,1.36,-1.02,0.0104,0.39,299,96,True
S6_mom3m,T3_zscore_2.0,P2_signal_strength,4,1.0086,0.9428,1.4692,0.5585,8.8,9.34,-15.76,0.6667,1.27,293,96,True
S6_mom3m,T3_zscore_2.0,P3_long_short,4,-0.5621,-0.8564,-1.5262,-0.1963,-14.13,16.5,-71.97,0.3229,0.78,299,96,False
S6_mom3m,T3_zscore_neg_2.0,P1_long_cash,4,-0.1077,0.0314,0.0303,0.0151,0.09,2.95,-6.14,0.0104,0.56,299,96,True
S6_mom3m,T3_zscore_neg_2.0,P2_signal_strength,4,1.0086,0.9428,1.4692,0.5585,8.8,9.34,-15.76,0.6667,1.27,293,96,True
S6_mom3m,T3_zscore_neg_2.0,P3_long_short,4,-0.8291,-0.8878,-1.6196,-0.2001,-14.62,16.46,-73.03,0.3125,1.11,299,96,False
S6_mom3m,T1_fixed_p25,P1_long_cash,5,0.9065,0.5486,0.572,0.2652,6.17,11.25,-23.28,0.3542,1.81,299,96,True
S6_mom3m,T1_fixed_p25,P2_signal_strength,5,0.9564,0.7945,1.052,0.4669,7.54,9.48,-16.14,0.6771,1.27,292,96,True
S6_mom3m,T1_fixed_p25,P3_long_short,5,0.7167,-0.1447,-0.2371,-0.0459,-2.46,16.99,-53.54,0.5312,3.61,299,96,False
S6_mom3m,T1_fixed_p50,P1_long_cash,5,0.658,0.2062,0.1594,0.0779,1.81,8.8,-23.28,0.2396,2.75,299,96,True
S6_mom3m,T1_fixed_p50,P2_signal_strength,5,0.9564,0.7945,1.052,0.4669,7.54,9.48,-16.14,0.6771,1.27,292,96,True
S6_mom3m,T1_fixed_p50,P3_long_short,5,0.1405,-0.6695,-1.1132,-0.1632,-11.17,16.69,-68.46,0.4479,5.5,299,96,False
S6_mom3m,T1_fixed_p75,P1_long_cash,5,0.6291,0.0798,0.0508,0.0388,0.59,7.35,-15.11,0.1354,2.22,299,96,True
S6_mom3m,T1_fixed_p75,P2_signal_strength,5,0.9564,0.7945,1.052,0.4669,7.54,9.48,-16.14,0.6771,1.27,292,96,True
S6_mom3m,T1_fixed_p75,P3_long_short,5,-0.079,-0.8242,-1.3925,-0.1911,-13.63,16.54,-71.33,0.375,4.44,299,96,False
S6_mom3m,T2_roll_p25,P1_long_cash,5,0.8259,0.6765,0.8904,0.3859,10.3,15.22,-26.68,0.5312,1.75,299,96,True
S6_mom3m,T2_roll_p25,P2_signal_strength,5,0.9564,0.7945,1.052,0.4669,7.54,9.48,-16.14,0.6771,1.27,292,96,True
S6_mom3m,T2_roll_p25,P3_long_short,5,0.5286,0.3424,0.5465,0.187,5.79,16.92,-30.97,0.5938,3.5,299,96,True
S6_mom3m,T2_roll_p50,P1_long_cash,5,0.6223,0.4827,0.4555,0.2176,5.06,10.49,-23.28,0.3229,2.86,299,96,True
S6_mom3m,T2_roll_p50,P2_signal_strength,5,0.9564,0.7945,1.052,0.4669,7.54,9.48,-16.14,0.6771,1.27,292,96,True
S6_mom3m,T2_roll_p50,P3_long_short,5,0.0345,-0.2758,-0.4504,-0.0851,-4.67,16.95,-54.96,0.5104,5.72,299,96,False
S6_mom3m,T2_roll_p75,P1_long_cash,5,0.6738,0.0064,0.0038,0.0026,0.04,6.86,-17.21,0.1458,1.83,299,96,True
S6_mom3m,T2_roll_p75,P2_signal_strength,5,0.9564,0.7945,1.052,0.4669,7.54,9.48,-16.14,0.6771,1.27,292,96,True
S6_mom3m,T2_roll_p75,P3_long_short,5,-0.0695,-0.8941,-1.4889,-0.1988,-14.71,16.46,-74.0,0.3854,3.67,299,96,False
S6_mom3m,T3_zscore_1.0,P1_long_cash,5,0.7284,0.1751,0.0503,0.0875,0.6,3.45,-6.91,0.0521,1.28,299,96,True
S6_mom3m,T3_zscore_1.0,P2_signal_strength,5,0.9564,0.7945,1.052,0.4669,7.54,9.48,-16.14,0.6771,1.27,292,96,True
S6_mom3m,T3_zscore_1.0,P3_long_short,5,-0.2404,-0.822,-1.4394,-0.1919,-13.59,16.54,-70.85,0.3438,2.56,299,96,False
S6_mom3m,T3_zscore_neg_1.0,P1_long_cash,5,-0.0122,0.2987,0.3748,0.2203,1.35,4.53,-6.14,0.0417,0.67,299,96,True
S6_mom3m,T3_zscore_neg_1.0,P2_signal_strength,5,0.9564,0.7945,1.052,0.4669,7.54,9.48,-16.14,0.6771,1.27,292,96,True
S6_mom3m,T3_zscore_neg_1.0,P3_long_short,5,-0.7335,-0.7271,-1.3863,-0.1806,-12.1,16.64,-66.99,0.3333,1.33,299,96,False
S6_mom3m,T3_zscore_1.5,P1_long_cash,5,0.3553,-0.0952,-0.0186,-0.0341,-0.27,2.81,-7.86,0.0312,0.83,299,96,False
S6_mom3m,T3_zscore_1.5,P2_signal_strength,5,0.9564,0.7945,1.052,0.4669,7.54,9.48,-16.14,0.6771,1.27,292,96,True
S6_mom3m,T3_zscore_1.5,P3_long_short,5,-0.5806,-0.9347,-1.6535,-0.2055,-15.34,16.41,-74.65,0.3333,1.67,299,96,False
S6_mom3m,T3_zscore_neg_1.5,P1_long_cash,5,-0.0731,0.2384,0.3404,0.1698,1.04,4.38,-6.14,0.0208,0.5,299,96,True
S6_mom3m,T3_zscore_neg_1.5,P2_signal_strength,5,0.9564,0.7945,1.052,0.4669,7.54,9.48,-16.14,0.6771,1.27,292,96,True
S6_mom3m,T3_zscore_neg_1.5,P3_long_short,5,-0.801,-0.7662,-1.4665,-0.1854,-12.72,16.6,-68.59,0.3229,1.0,299,96,False
S6_mom3m,T3_zscore_2.0,P1_long_cash,5,0.3393,0.2096,0.0,0.2161,0.22,1.05,-1.02,0.0104,0.39,299,96,True
S6_mom3m,T3_zscore_2.0,P2_signal_strength,5,0.9564,0.7945,1.052,0.4669,7.54,9.48,-16.14,0.6771,1.27,292,96,True
S6_mom3m,T3_zscore_2.0,P3_long_short,5,-0.6139,-0.8713,-1.5531,-0.1981,-14.36,16.48,-72.48,0.3229,0.78,299,96,False
S6_mom3m,T3_zscore_neg_2.0,P1_long_cash,5,-0.0637,0.1387,0.1893,0.0944,0.58,4.18,-6.14,0.0104,0.56,299,96,True
S6_mom3m,T3_zscore_neg_2.0,P2_signal_strength,5,0.9564,0.7945,1.052,0.4669,7.54,9.48,-16.14,0.6771,1.27,292,96,True
S6_mom3m,T3_zscore_neg_2.0,P3_long_short,5,-0.782,-0.8251,-1.5855,-0.1926,-13.64,16.53,-70.83,0.3125,1.11,299,96,False
S6_mom3m,T1_fixed_p25,P1_long_cash,6,0.8374,0.7208,0.837,0.653,8.84,12.26,-13.53,0.3854,1.86,299,96,True
S6_mom3m,T1_fixed_p25,P2_signal_strength,6,0.9614,0.8672,1.2737,0.5719,8.46,9.76,-14.79,0.6667,1.27,291,96,True
S6_mom3m,T1_fixed_p25,P3_long_short,6,0.621,0.169,0.272,0.0642,2.87,16.98,-44.69,0.5833,3.72,299,96,True
S6_mom3m,T1_fixed_p50,P1_long_cash,6,0.8339,0.6852,0.8147,0.5212,7.05,10.29,-13.53,0.2708,2.72,299,96,True
S6_mom3m,T1_fixed_p50,P2_signal_strength,6,0.9614,0.8672,1.2737,0.5719,8.46,9.76,-14.79,0.6667,1.27,291,96,True
S6_mom3m,T1_fixed_p50,P3_long_short,6,0.4045,-0.0409,-0.0734,-0.0162,-0.7,17.0,-42.86,0.5,5.44,299,96,False
S6_mom3m,T1_fixed_p75,P1_long_cash,6,0.4671,1.1036,1.3688,0.9484,7.65,6.94,-8.07,0.1979,2.22,299,96,True
S6_mom3m,T1_fixed_p75,P2_signal_strength,6,0.9614,0.8672,1.2737,0.5719,8.46,9.76,-14.79,0.6667,1.27,291,96,True
S6_mom3m,T1_fixed_p75,P3_long_short,6,-0.2217,0.0297,0.0544,0.0123,0.51,17.0,-41.26,0.4896,4.44,299,96,True
S6_mom3m,T2_roll_p25,P1_long_cash,6,0.9465,0.8435,1.1873,0.6632,12.9,15.29,-19.45,0.5521,1.75,299,96,True
S6_mom3m,T2_roll_p25,P2_signal_strength,6,0.9614,0.8672,1.2737,0.5719,8.46,9.76,-14.79,0.6667,1.27,291,96,True
S6_mom3m,T2_roll_p25,P3_long_short,6,0.7507,0.6583,1.0443,0.47,10.99,16.7,-23.39,0.6354,3.5,299,96,True
S6_mom3m,T2_roll_p50,P1_long_cash,6,0.8393,0.6044,0.6554,0.3743,7.08,11.72,-18.92,0.3438,2.86,299,96,True
S6_mom3m,T2_roll_p50,P2_signal_strength,6,0.9614,0.8672,1.2737,0.5719,8.46,9.76,-14.79,0.6667,1.27,291,96,True
S6_mom3m,T2_roll_p50,P3_long_short,6,0.3666,-0.0377,-0.0607,-0.0119,-0.64,17.0,-53.8,0.5521,5.72,299,96,False
S6_mom3m,T2_roll_p75,P1_long_cash,6,0.5064,0.9747,1.4474,0.8375,6.76,6.93,-8.07,0.1979,1.83,299,96,True
S6_mom3m,T2_roll_p75,P2_signal_strength,6,0.9614,0.8672,1.2737,0.5719,8.46,9.76,-14.79,0.6667,1.27,291,96,True
S6_mom3m,T2_roll_p75,P3_long_short,6,-0.2006,-0.0756,-0.1395,-0.0256,-1.28,17.0,-50.27,0.4792,3.67,299,96,False
S6_mom3m,T3_zscore_1.0,P1_long_cash,6,0.4523,0.9879,0.0,0.0,3.85,3.9,0.0,0.0938,1.28,299,96,True
S6_mom3m,T3_zscore_1.0,P2_signal_strength,6,0.9614,0.8672,1.2737,0.5719,8.46,9.76,-14.79,0.6667,1.27,291,96,True
S6_mom3m,T3_zscore_1.0,P3_long_short,6,-0.416,-0.4206,-0.7395,-0.1162,-7.1,16.88,-61.11,0.4167,2.56,299,96,False
S6_mom3m,T3_zscore_neg_1.0,P1_long_cash,6,-0.1622,0.5284,0.6523,0.9448,2.36,4.46,-2.49,0.0521,0.67,299,96,True
S6_mom3m,T3_zscore_neg_1.0,P2_signal_strength,6,0.9614,0.8672,1.2737,0.5719,8.46,9.76,-14.79,0.6667,1.27,291,96,True
S6_mom3m,T3_zscore_neg_1.0,P3_long_short,6,-0.9195,-0.6025,-1.1336,-0.1593,-10.09,16.75,-63.36,0.3542,1.33,299,96,False
S6_mom3m,T3_zscore_1.5,P1_long_cash,6,0.3789,0.7138,0.0,0.0,1.68,2.36,0.0,0.0521,0.83,299,96,True
S6_mom3m,T3_zscore_1.5,P2_signal_strength,6,0.9614,0.8672,1.2737,0.5719,8.46,9.76,-14.79,0.6667,1.27,291,96,True
S6_mom3m,T3_zscore_1.5,P3_long_short,6,-0.5545,-0.686,-1.2205,-0.1652,-11.44,16.67,-69.25,0.375,1.67,299,96,False
S6_mom3m,T3_zscore_neg_1.5,P1_long_cash,6,-0.1727,0.3314,0.3832,0.555,1.38,4.18,-2.49,0.0208,0.5,299,96,True
S6_mom3m,T3_zscore_neg_1.5,P2_signal_strength,6,0.9614,0.8672,1.2737,0.5719,8.46,9.76,-14.79,0.6667,1.27,291,96,True
S6_mom3m,T3_zscore_neg_1.5,P3_long_short,6,-0.9154,-0.7233,-1.3753,-0.1801,-12.03,16.64,-66.82,0.3229,1.0,299,96,False
S6_mom3m,T3_zscore_2.0,P1_long_cash,6,0.3046,0.4885,0.0,0.0,0.92,1.87,0.0,0.0208,0.39,299,96,True
S6_mom3m,T3_zscore_2.0,P2_signal_strength,6,0.9614,0.8672,1.2737,0.5719,8.46,9.76,-14.79,0.6667,1.27,291,96,True
S6_mom3m,T3_zscore_2.0,P3_long_short,6,-0.6109,-0.7824,-1.3939,-0.1873,-12.97,16.58,-69.25,0.3438,0.78,299,96,False
S6_mom3m,T3_zscore_neg_2.0,P1_long_cash,6,0.0378,0.3636,0.0,0.6061,1.51,4.16,-2.49,0.0208,0.56,299,96,True
S6_mom3m,T3_zscore_neg_2.0,P2_signal_strength,6,0.9614,0.8672,1.2737,0.5719,8.46,9.76,-14.79,0.6667,1.27,291,96,True
S6_mom3m,T3_zscore_neg_2.0,P3_long_short,6,-0.6897,-0.7073,-1.3479,-0.1781,-11.78,16.65,-66.14,0.3333,1.11,299,96,False
S6_mom3m,T1_fixed_p25,P1_long_cash,7,0.7788,0.7574,1.0358,0.5124,9.07,11.98,-17.71,0.375,1.83,299,96,True
S6_mom3m,T1_fixed_p25,P2_signal_strength,7,0.8743,0.7929,1.1369,0.5121,8.07,10.18,-15.76,0.6562,1.27,290,96,True
S6_mom3m,T1_fixed_p25,P3_long_short,7,0.5379,0.197,0.3988,0.0925,3.34,16.97,-36.14,0.5521,3.67,299,96,True
S6_mom3m,T1_fixed_p50,P1_long_cash,7,0.6966,0.5982,0.8069,0.3639,6.2,10.37,-17.04,0.2708,2.72,299,96,True
S6_mom3m,T1_fixed_p50,P2_signal_strength,7,0.8743,0.7929,1.1369,0.5121,8.07,10.18,-15.76,0.6562,1.27,290,96,True
S6_mom3m,T1_fixed_p50,P3_long_short,7,0.2463,-0.1413,-0.2535,-0.0491,-2.4,16.99,-48.87,0.4896,5.44,299,96,False
S6_mom3m,T1_fixed_p75,P1_long_cash,7,0.498,0.2719,0.2975,0.1161,2.07,7.6,-17.8,0.1562,2.22,299,96,True
S6_mom3m,T1_fixed_p75,P2_signal_strength,7,0.8743,0.7929,1.1369,0.5121,8.07,10.18,-15.76,0.6562,1.27,290,96,True
S6_mom3m,T1_fixed_p75,P3_long_short,7,-0.1967,-0.6382,-1.1358,-0.1571,-10.67,16.72,-67.92,0.3958,4.44,299,96,False
S6_mom3m,T2_roll_p25,P1_long_cash,7,0.8813,0.541,0.7741,0.3347,8.33,15.4,-24.9,0.5104,1.75,299,96,True
S6_mom3m,T2_roll_p25,P2_signal_strength,7,0.8743,0.7929,1.1369,0.5121,8.07,10.18,-15.76,0.6562,1.27,290,96,True
S6_mom3m,T2_roll_p25,P3_long_short,7,0.6656,0.1097,0.1812,0.043,1.86,16.99,-43.37,0.5521,3.5,299,96,True
S6_mom3m,T2_roll_p50,P1_long_cash,7,0.7598,0.7067,1.0038,0.4865,8.29,11.73,-17.04,0.3438,2.83,299,96,True
S6_mom3m,T2_roll_p50,P2_signal_strength,7,0.8743,0.7929,1.1369,0.5121,8.07,10.18,-15.76,0.6562,1.27,290,96,True
S6_mom3m,T2_roll_p50,P3_long_short,7,0.2412,0.1047,0.2128,0.0507,1.78,16.99,-35.11,0.5417,5.67,299,96,True
S6_mom3m,T2_roll_p75,P1_long_cash,7,0.3697,0.4657,0.4765,0.2734,3.49,7.5,-12.77,0.1771,1.83,299,96,True
S6_mom3m,T2_roll_p75,P2_signal_strength,7,0.8743,0.7929,1.1369,0.5121,8.07,10.18,-15.76,0.6562,1.27,290,96,True
S6_mom3m,T2_roll_p75,P3_long_short,7,-0.3437,-0.4641,-0.8263,-0.13,-7.82,16.85,-60.17,0.4271,3.67,299,96,False
S6_mom3m,T3_zscore_1.0,P1_long_cash,7,0.2873,0.2136,0.1283,0.1333,1.17,5.5,-8.8,0.0729,1.28,299,96,True
S6_mom3m,T3_zscore_1.0,P2_signal_strength,7,0.8743,0.7929,1.1369,0.5121,8.07,10.18,-15.76,0.6562,1.27,290,96,True
S6_mom3m,T3_zscore_1.0,P3_long_short,7,-0.5072,-0.7497,-1.3008,-0.1745,-12.45,16.61,-71.36,0.3646,2.56,299,96,False
S6_mom3m,T3_zscore_neg_1.0,P1_long_cash,7,-0.0873,0.6958,0.0,3.0763,3.13,4.51,-1.02,0.0625,0.67,299,96,True
S6_mom3m,T3_zscore_neg_1.0,P2_signal_strength,7,0.8743,0.7929,1.1369,0.5121,8.07,10.18,-15.76,0.6562,1.27,290,96,True
S6_mom3m,T3_zscore_neg_1.0,P3_long_short,7,-0.8201,-0.5073,-0.9427,-0.1439,-8.53,16.82,-59.28,0.375,1.33,299,96,False
S6_mom3m,T3_zscore_1.5,P1_long_cash,7,0.2495,0.3555,0.0,0.1925,1.69,4.77,-8.8,0.0521,0.83,299,96,True
S6_mom3m,T3_zscore_1.5,P2_signal_strength,7,0.8743,0.7929,1.1369,0.5121,8.07,10.18,-15.76,0.6562,1.27,290,96,True
S6_mom3m,T3_zscore_1.5,P3_long_short,7,-0.6303,-0.6844,-1.1805,-0.1606,-11.41,16.68,-71.05,0.3646,1.67,299,96,False
S6_mom3m,T3_zscore_neg_1.5,P1_long_cash,7,0.0282,0.4893,0.0,2.0048,2.04,4.18,-1.02,0.0312,0.5,299,96,True
S6_mom3m,T3_zscore_neg_1.5,P2_signal_strength,7,0.8743,0.7929,1.1369,0.5121,8.07,10.18,-15.76,0.6562,1.27,290,96,True
S6_mom3m,T3_zscore_neg_1.5,P3_long_short,7,-0.6914,-0.6411,-1.209,-0.1697,-10.72,16.71,-63.13,0.3438,1.0,299,96,False
S6_mom3m,T3_zscore_2.0,P1_long_cash,7,0.2851,0.5012,0.0,0.0,1.23,2.45,0.0,0.0208,0.39,299,96,True
S6_mom3m,T3_zscore_2.0,P2_signal_strength,7,0.8743,0.7929,1.1369,0.5121,8.07,10.18,-15.76,0.6562,1.27,290,96,True
S6_mom3m,T3_zscore_2.0,P3_long_short,7,-0.6311,-0.7428,-1.3277,-0.1825,-12.34,16.62,-67.66,0.3438,0.78,299,96,False
S6_mom3m,T3_zscore_neg_2.0,P1_long_cash,7,0.1322,0.4165,0.0,1.6637,1.7,4.07,-1.02,0.0208,0.56,299,96,True
S6_mom3m,T3_zscore_neg_2.0,P2_signal_strength,7,0.8743,0.7929,1.1369,0.5121,8.07,10.18,-15.76,0.6562,1.27,290,96,True
S6_mom3m,T3_zscore_neg_2.0,P3_long_short,7,-0.6105,-0.6843,-1.2963,-0.1752,-11.41,16.68,-65.13,0.3333,1.11,299,96,False
S6_mom3m,T1_fixed_p25,P1_long_cash,8,0.67,0.4791,0.592,0.2154,5.38,11.24,-25.0,0.3646,1.81,299,96,True
S6_mom3m,T1_fixed_p25,P2_signal_strength,8,0.7423,0.8219,1.2696,0.5131,8.22,10.01,-16.03,0.6667,1.26,289,96,True
S6_mom3m,T1_fixed_p25,P3_long_short,8,0.4219,-0.2379,-0.3967,-0.0841,-4.03,16.96,-47.96,0.5312,3.61,299,96,False
S6_mom3m,T1_fixed_p50,P1_long_cash,8,0.6423,0.2932,0.3049,0.1151,2.88,9.82,-25.0,0.2604,2.69,299,96,True
S6_mom3m,T1_fixed_p50,P2_signal_strength,8,0.7423,0.8219,1.2696,0.5131,8.22,10.01,-16.03,0.6667,1.26,289,96,True
S6_mom3m,T1_fixed_p50,P3_long_short,8,0.2195,-0.5385,-0.928,-0.1383,-9.05,16.8,-65.42,0.4688,5.39,299,96,False
S6_mom3m,T1_fixed_p75,P1_long_cash,8,0.2759,0.2872,0.2533,0.1378,2.37,8.26,-17.21,0.1667,2.19,299,96,True
S6_mom3m,T1_fixed_p75,P2_signal_strength,8,0.7423,0.8219,1.2696,0.5131,8.22,10.01,-16.03,0.6667,1.26,289,96,True
S6_mom3m,T1_fixed_p75,P3_long_short,8,-0.4088,-0.6006,-1.0488,-0.152,-10.06,16.75,-66.19,0.4167,4.39,299,96,False
S6_mom3m,T2_roll_p25,P1_long_cash,8,0.6096,0.7264,1.0914,0.5805,11.27,15.52,-19.42,0.5417,1.75,299,96,True
S6_mom3m,T2_roll_p25,P2_signal_strength,8,0.7423,0.8219,1.2696,0.5131,8.22,10.01,-16.03,0.6667,1.26,289,96,True
S6_mom3m,T2_roll_p25,P3_long_short,8,0.2877,0.4592,0.8403,0.2951,7.74,16.85,-26.23,0.6146,3.5,299,96,True
S6_mom3m,T2_roll_p50,P1_long_cash,8,0.6441,0.3667,0.456,0.1613,4.03,10.99,-25.0,0.3229,2.81,299,96,True
S6_mom3m,T2_roll_p50,P2_signal_strength,8,0.7423,0.8219,1.2696,0.5131,8.22,10.01,-16.03,0.6667,1.26,289,96,True
S6_mom3m,T2_roll_p50,P3_long_short,8,0.1608,-0.3991,-0.676,-0.1213,-6.74,16.89,-55.57,0.5,5.61,299,96,False
S6_mom3m,T2_roll_p75,P1_long_cash,8,0.3012,0.3054,0.2659,0.1446,2.49,8.15,-17.21,0.1771,1.81,299,96,True
S6_mom3m,T2_roll_p75,P2_signal_strength,8,0.7423,0.8219,1.2696,0.5131,8.22,10.01,-16.03,0.6667,1.26,289,96,True
S6_mom3m,T2_roll_p75,P3_long_short,8,-0.4069,-0.5861,-1.0104,-0.1444,-9.82,16.76,-68.01,0.4271,3.61,299,96,False
S6_mom3m,T3_zscore_1.0,P1_long_cash,8,0.1439,0.2412,0.2132,0.1943,1.24,5.14,-6.38,0.0729,1.28,299,96,True
S6_mom3m,T3_zscore_1.0,P2_signal_strength,8,0.7423,0.8219,1.2696,0.5131,8.22,10.01,-16.03,0.6667,1.26,289,96,True
S6_mom3m,T3_zscore_1.0,P3_long_short,8,-0.6066,-0.7415,-1.3704,-0.1717,-12.32,16.62,-71.78,0.3542,2.56,299,96,False
S6_mom3m,T3_zscore_neg_1.0,P1_long_cash,8,0.1014,0.7377,0.8599,2.0228,2.06,2.79,-1.02,0.0521,0.67,299,96,True
S6_mom3m,T3_zscore_neg_1.0,P2_signal_strength,8,0.7423,0.8219,1.2696,0.5131,8.22,10.01,-16.03,0.6667,1.26,289,96,True
S6_mom3m,T3_zscore_neg_1.0,P3_long_short,8,-0.6108,-0.6388,-1.1118,-0.1665,-10.68,16.72,-64.16,0.3542,1.33,299,96,False
S6_mom3m,T3_zscore_1.5,P1_long_cash,8,-0.0491,0.4642,0.0,0.4849,1.76,3.8,-3.64,0.0521,0.83,299,96,True
S6_mom3m,T3_zscore_1.5,P2_signal_strength,8,0.7423,0.8219,1.2696,0.5131,8.22,10.01,-16.03,0.6667,1.26,289,96,True
S6_mom3m,T3_zscore_1.5,P3_long_short,8,-0.7491,-0.6759,-1.2475,-0.1671,-11.28,16.68,-67.47,0.3646,1.67,299,96,False
S6_mom3m,T3_zscore_neg_1.5,P1_long_cash,8,0.235,0.5426,0.0,1.2274,1.25,2.31,-1.02,0.0312,0.5,299,96,True
S6_mom3m,T3_zscore_neg_1.5,P2_signal_strength,8,0.7423,0.8219,1.2696,0.5131,8.22,10.01,-16.03,0.6667,1.26,289,96,True
S6_mom3m,T3_zscore_neg_1.5,P3_long_short,8,-0.5031,-0.74,-1.3099,-0.1821,-12.3,16.62,-67.55,0.3438,1.0,299,96,False
S6_mom3m,T3_zscore_2.0,P1_long_cash,8,-0.1925,0.3949,0.0,0.0,0.74,1.88,0.0,0.0208,0.39,299,96,True
S6_mom3m,T3_zscore_2.0,P2_signal_strength,8,0.7423,0.8219,1.2696,0.5131,8.22,10.01,-16.03,0.6667,1.26,289,96,True
S6_mom3m,T3_zscore_2.0,P3_long_short,8,-0.8228,-0.8042,-1.4483,-0.19,-13.32,16.56,-70.08,0.3438,0.78,299,96,False
S6_mom3m,T3_zscore_neg_2.0,P1_long_cash,8,0.0832,0.4082,0.0,0.6705,0.68,1.67,-1.02,0.0208,0.56,299,96,True
S6_mom3m,T3_zscore_neg_2.0,P2_signal_strength,8,0.7423,0.8219,1.2696,0.5131,8.22,10.01,-16.03,0.6667,1.26,289,96,True
S6_mom3m,T3_zscore_neg_2.0,P3_long_short,8,-0.6558,-0.8119,-1.4415,-0.1909,-13.44,16.55,-70.37,0.3333,1.11,299,96,False
S6_mom3m,T1_fixed_p25,P1_long_cash,9,0.7051,0.1877,0.1967,0.0797,2.05,10.95,-25.77,0.3333,1.86,299,96,True
S6_mom3m,T1_fixed_p25,P2_signal_strength,9,0.8295,0.8515,1.2759,0.5224,8.15,9.57,-15.6,0.6667,1.26,288,96,True
S6_mom3m,T1_fixed_p25,P3_long_short,9,0.4834,-0.6397,-1.0945,-0.1643,-10.69,16.72,-65.07,0.4792,3.72,299,96,False
S6_mom3m,T1_fixed_p50,P1_long_cash,9,0.7391,0.2156,0.1979,0.0872,2.08,9.65,-23.87,0.2396,2.75,299,96,True
S6_mom3m,T1_fixed_p50,P2_signal_strength,9,0.8295,0.8515,1.2759,0.5224,8.15,9.57,-15.6,0.6667,1.26,288,96,True
S6_mom3m,T1_fixed_p50,P3_long_short,9,0.3265,-0.6364,-1.1382,-0.1521,-10.64,16.72,-69.98,0.4375,5.5,299,96,False
S6_mom3m,T1_fixed_p75,P1_long_cash,9,0.457,0.2444,0.1825,0.148,1.74,7.13,-11.78,0.1562,2.11,299,96,True
S6_mom3m,T1_fixed_p75,P2_signal_strength,9,0.8295,0.8515,1.2759,0.5224,8.15,9.57,-15.6,0.6667,1.26,288,96,True
S6_mom3m,T1_fixed_p75,P3_long_short,9,-0.2156,-0.6783,-1.2398,-0.1793,-11.32,16.68,-63.12,0.3958,4.22,299,96,False
S6_mom3m,T2_roll_p25,P1_long_cash,9,0.7462,0.6798,0.9303,0.3298,10.19,14.99,-30.9,0.5417,1.75,299,96,True
S6_mom3m,T2_roll_p25,P2_signal_strength,9,0.8295,0.8515,1.2759,0.5224,8.15,9.57,-15.6,0.6667,1.26,288,96,True
S6_mom3m,T2_roll_p25,P3_long_short,9,0.5236,0.3298,0.5537,0.1337,5.58,16.92,-41.75,0.6146,3.5,299,96,True
S6_mom3m,T2_roll_p50,P1_long_cash,9,0.6799,0.3032,0.286,0.1327,3.17,10.45,-23.87,0.3125,2.81,299,96,True
S6_mom3m,T2_roll_p50,P2_signal_strength,9,0.8295,0.8515,1.2759,0.5224,8.15,9.57,-15.6,0.6667,1.26,288,96,True
S6_mom3m,T2_roll_p50,P3_long_short,9,0.1754,-0.5033,-0.8579,-0.1414,-8.47,16.82,-59.9,0.4896,5.61,299,96,False
S6_mom3m,T2_roll_p75,P1_long_cash,9,0.6019,0.3643,0.2582,0.2909,2.61,7.16,-8.97,0.1771,1.78,299,96,True
S6_mom3m,T2_roll_p75,P2_signal_strength,9,0.8295,0.8515,1.2759,0.5224,8.15,9.57,-15.6,0.6667,1.26,288,96,True
S6_mom3m,T2_roll_p75,P3_long_short,9,-0.1298,-0.5715,-1.0386,-0.1591,-9.59,16.77,-60.27,0.4271,3.56,299,96,False
S6_mom3m,T3_zscore_1.0,P1_long_cash,9,0.3917,0.2025,0.1171,0.0756,0.89,4.4,-11.78,0.0833,1.28,299,96,True
S6_mom3m,T3_zscore_1.0,P2_signal_strength,9,0.8295,0.8515,1.2759,0.5224,8.15,9.57,-15.6,0.6667,1.26,288,96,True
S6_mom3m,T3_zscore_1.0,P3_long_short,9,-0.4217,-0.7855,-1.4258,-0.1952,-13.02,16.58,-66.7,0.375,2.56,299,96,False
S6_mom3m,T3_zscore_neg_1.0,P1_long_cash,9,0.0541,0.2033,0.055,0.092,0.82,4.02,-8.89,0.0417,0.67,299,96,True
S6_mom3m,T3_zscore_neg_1.0,P2_signal_strength,9,0.8295,0.8515,1.2759,0.5224,8.15,9.57,-15.6,0.6667,1.26,288,96,True
S6_mom3m,T3_zscore_neg_1.0,P3_long_short,9,-0.6619,-0.7948,-1.3718,-0.1888,-13.17,16.57,-69.73,0.3333,1.33,299,96,False
S6_mom3m,T3_zscore_1.5,P1_long_cash,9,0.047,-0.1213,-0.0357,-0.0408,-0.36,3.01,-8.92,0.0417,0.83,299,96,False
S6_mom3m,T3_zscore_1.5,P2_signal_strength,9,0.8295,0.8515,1.2759,0.5224,8.15,9.57,-15.6,0.6667,1.26,288,96,True
S6_mom3m,T3_zscore_1.5,P3_long_short,9,-0.6935,-0.9474,-1.6954,-0.2107,-15.53,16.39,-73.72,0.3438,1.67,299,96,False
S6_mom3m,T3_zscore_neg_1.5,P1_long_cash,9,-0.0782,0.5449,0.0,1.422,1.45,2.66,-1.02,0.0312,0.5,299,96,True
S6_mom3m,T3_zscore_neg_1.5,P2_signal_strength,9,0.8295,0.8515,1.2759,0.5224,8.15,9.57,-15.6,0.6667,1.26,288,96,True
S6_mom3m,T3_zscore_neg_1.5,P3_long_short,9,-0.792,-0.7151,-1.2707,-0.179,-11.9,16.65,-66.5,0.3438,1.0,299,96,False
S6_mom3m,T3_zscore_2.0,P1_long_cash,9,0.0515,0.4399,0.0,0.0,0.36,0.82,0.0,0.0208,0.39,299,96,True
S6_mom3m,T3_zscore_2.0,P2_signal_strength,9,0.8295,0.8515,1.2759,0.5224,8.15,9.57,-15.6,0.6667,1.26,288,96,True
S6_mom3m,T3_zscore_2.0,P3_long_short,9,-0.6921,-0.853,-1.5329,-0.1959,-14.08,16.5,-71.85,0.3438,0.78,299,96,False
S6_mom3m,T3_zscore_neg_2.0,P1_long_cash,9,0.2313,0.4118,0.0,0.7729,0.79,1.91,-1.02,0.0208,0.56,299,96,True
S6_mom3m,T3_zscore_neg_2.0,P2_signal_strength,9,0.8295,0.8515,1.2759,0.5224,8.15,9.57,-15.6,0.6667,1.26,288,96,True
S6_mom3m,T3_zscore_neg_2.0,P3_long_short,9,-0.5529,-0.7986,-1.4199,-0.1893,-13.23,16.56,-69.87,0.3333,1.11,299,96,False
S6_mom3m,T1_fixed_p25,P1_long_cash,10,0.7422,0.3944,0.4537,0.2374,4.41,11.19,-18.59,0.3229,1.81,299,96,True
S6_mom3m,T1_fixed_p25,P2_signal_strength,10,0.807,0.8358,1.1823,0.4847,7.78,9.3,-16.05,0.6562,1.27,287,96,True
S6_mom3m,T1_fixed_p25,P3_long_short,10,0.5285,-0.3534,-0.6371,-0.1171,-5.98,16.91,-51.06,0.4688,3.61,299,96,False
S6_mom3m,T1_fixed_p50,P1_long_cash,10,0.8282,0.3609,0.3302,0.2066,3.33,9.22,-16.11,0.2396,2.69,299,96,True
S6_mom3m,T1_fixed_p50,P2_signal_strength,10,0.807,0.8358,1.1823,0.4847,7.78,9.3,-16.05,0.6562,1.27,287,96,True
S6_mom3m,T1_fixed_p50,P3_long_short,10,0.3828,-0.4837,-0.8527,-0.1537,-8.14,16.84,-52.98,0.4479,5.39,299,96,False
S6_mom3m,T1_fixed_p75,P1_long_cash,10,0.6047,-0.0316,-0.026,-0.0151,-0.24,7.72,-16.11,0.1458,2.08,299,96,False
S6_mom3m,T1_fixed_p75,P2_signal_strength,10,0.807,0.8358,1.1823,0.4847,7.78,9.3,-16.05,0.6562,1.27,287,96,True
S6_mom3m,T1_fixed_p75,P3_long_short,10,-0.066,-0.9316,-1.5851,-0.2087,-15.29,16.41,-73.26,0.3854,4.17,299,96,False
S6_mom3m,T2_roll_p25,P1_long_cash,10,0.8513,0.8981,1.354,0.7725,13.02,14.5,-16.85,0.5417,1.75,299,96,True
S6_mom3m,T2_roll_p25,P2_signal_strength,10,0.807,0.8358,1.1823,0.4847,7.78,9.3,-16.05,0.6562,1.27,287,96,True
S6_mom3m,T2_roll_p25,P3_long_short,10,0.6311,0.6736,1.2832,0.5276,11.24,16.69,-21.3,0.6146,3.5,299,96,True
S6_mom3m,T2_roll_p50,P1_long_cash,10,0.7784,0.3882,0.4029,0.258,4.16,10.71,-16.11,0.2917,2.81,299,96,True
S6_mom3m,T2_roll_p50,P2_signal_strength,10,0.807,0.8358,1.1823,0.4847,7.78,9.3,-16.05,0.6562,1.27,287,96,True
S6_mom3m,T2_roll_p50,P3_long_short,10,0.281,-0.3841,-0.6777,-0.1398,-6.49,16.9,-46.43,0.4583,5.61,299,96,False
S6_mom3m,T2_roll_p75,P1_long_cash,10,0.7276,-0.0445,-0.0363,-0.0212,-0.34,7.66,-16.11,0.1562,1.75,299,96,False
S6_mom3m,T2_roll_p75,P2_signal_strength,10,0.807,0.8358,1.1823,0.4847,7.78,9.3,-16.05,0.6562,1.27,287,96,True
S6_mom3m,T2_roll_p75,P3_long_short,10,0.0251,-0.9443,-1.6237,-0.2102,-15.48,16.4,-73.67,0.3958,3.5,299,96,False
S6_mom3m,T3_zscore_1.0,P1_long_cash,10,0.3508,-0.0719,-0.0309,-0.0377,-0.33,4.6,-8.78,0.0833,1.28,299,96,False
S6_mom3m,T3_zscore_1.0,P2_signal_strength,10,0.807,0.8358,1.1823,0.4847,7.78,9.3,-16.05,0.6562,1.27,287,96,True
S6_mom3m,T3_zscore_1.0,P3_long_short,10,-0.4179,-0.9429,-1.6298,-0.21,-15.46,16.4,-73.62,0.375,2.56,299,96,False
S6_mom3m,T3_zscore_neg_1.0,P1_long_cash,10,0.11,-0.1522,-0.0411,-0.0461,-0.9,5.89,-19.45,0.0417,0.67,299,96,False
S6_mom3m,T3_zscore_neg_1.0,P2_signal_strength,10,0.807,0.8358,1.1823,0.4847,7.78,9.3,-16.05,0.6562,1.27,287,96,True
S6_mom3m,T3_zscore_neg_1.0,P3_long_short,10,-0.6028,-1.0178,-1.6389,-0.2155,-16.6,16.31,-77.02,0.3333,1.33,299,96,False
S6_mom3m,T3_zscore_1.5,P1_long_cash,10,0.1141,0.0849,0.0,0.0354,0.24,2.88,-6.91,0.0521,0.83,299,96,True
S6_mom3m,T3_zscore_1.5,P2_signal_strength,10,0.807,0.8358,1.1823,0.4847,7.78,9.3,-16.05,0.6562,1.27,287,96,True
S6_mom3m,T3_zscore_1.5,P3_long_short,10,-0.6418,-0.8682,-1.5419,-0.1989,-14.31,16.49,-71.95,0.3646,1.67,299,96,False
S6_mom3m,T3_zscore_neg_1.5,P1_long_cash,10,0.1519,0.6296,0.0,0.0,1.66,2.63,0.0,0.0417,0.5,299,96,True
S6_mom3m,T3_zscore_neg_1.5,P2_signal_strength,10,0.807,0.8358,1.1823,0.4847,7.78,9.3,-16.05,0.6562,1.27,287,96,True
S6_mom3m,T3_zscore_neg_1.5,P3_long_short,10,-0.5784,-0.6889,-1.2313,-0.1757,-11.49,16.67,-65.36,0.3646,1.0,299,96,False
S6_mom3m,T3_zscore_2.0,P1_long_cash,10,-0.0655,0.5022,0.0,0.0,0.59,1.17,0.0,0.0208,0.39,299,96,True
S6_mom3m,T3_zscore_2.0,P2_signal_strength,10,0.807,0.8358,1.1823,0.4847,7.78,9.3,-16.05,0.6562,1.27,287,96,True
S6_mom3m,T3_zscore_2.0,P3_long_short,10,-0.7592,-0.8244,-1.47,-0.1925,-13.63,16.54,-70.83,0.3438,0.78,299,96,False
S6_mom3m,T3_zscore_neg_2.0,P1_long_cash,10,0.3517,0.5998,0.0,0.0,1.58,2.63,0.0,0.0312,0.56,299,96,True
S6_mom3m,T3_zscore_neg_2.0,P2_signal_strength,10,0.807,0.8358,1.1823,0.4847,7.78,9.3,-16.05,0.6562,1.27,287,96,True
S6_mom3m,T3_zscore_neg_2.0,P3_long_short,10,-0.4709,-0.6992,-1.2444,-0.177,-11.65,16.66,-65.81,0.3542,1.11,299,96,False
S6_mom3m,T1_fixed_p25,P1_long_cash,11,0.6882,0.527,0.6438,0.4207,5.69,10.8,-13.53,0.3229,1.75,299,96,True
S6_mom3m,T1_fixed_p25,P2_signal_strength,11,0.9104,0.8274,1.1549,0.5282,7.83,9.46,-14.82,0.6562,1.27,286,96,True
S6_mom3m,T1_fixed_p25,P3_long_short,11,0.4365,-0.2013,-0.3591,-0.0642,-3.42,16.97,-53.22,0.5,3.5,299,96,False
S6_mom3m,T1_fixed_p50,P1_long_cash,11,0.7577,0.1835,0.188,0.1223,1.74,9.48,-14.21,0.2188,2.69,299,96,True
S6_mom3m,T1_fixed_p50,P2_signal_strength,11,0.9104,0.8274,1.1549,0.5282,7.83,9.46,-14.82,0.6562,1.27,286,96,True
S6_mom3m,T1_fixed_p50,P3_long_short,11,0.2989,-0.6789,-1.1997,-0.1731,-11.33,16.68,-65.41,0.4167,5.39,299,96,False
S6_mom3m,T1_fixed_p75,P1_long_cash,11,0.824,0.1858,0.1337,0.1134,1.46,7.86,-12.89,0.1458,2.06,299,96,True
S6_mom3m,T1_fixed_p75,P2_signal_strength,11,0.9104,0.8274,1.1549,0.5282,7.83,9.46,-14.82,0.6562,1.27,286,96,True
S6_mom3m,T1_fixed_p75,P3_long_short,11,0.1552,-0.7136,-1.2727,-0.1768,-11.88,16.65,-67.21,0.3854,4.11,299,96,False
S6_mom3m,T2_roll_p25,P1_long_cash,11,0.8206,0.8793,1.3964,0.6846,12.01,13.66,-17.55,0.5312,1.75,299,96,True
S6_mom3m,T2_roll_p25,P2_signal_strength,11,0.9104,0.8274,1.1549,0.5282,7.83,9.46,-14.82,0.6562,1.27,286,96,True
S6_mom3m,T2_roll_p25,P3_long_short,11,0.5554,0.5494,0.9145,0.3477,9.22,16.79,-26.53,0.5938,3.5,299,96,True
S6_mom3m,T2_roll_p50,P1_long_cash,11,0.8424,0.5182,0.6332,0.4142,5.61,10.82,-13.53,0.3021,2.81,299,96,True
S6_mom3m,T2_roll_p50,P2_signal_strength,11,0.9104,0.8274,1.1549,0.5282,7.83,9.46,-14.82,0.6562,1.27,286,96,True
S6_mom3m,T2_roll_p50,P3_long_short,11,0.3505,-0.2117,-0.381,-0.0727,-3.59,16.97,-49.39,0.4896,5.61,299,96,False
S6_mom3m,T2_roll_p75,P1_long_cash,11,0.8897,0.0799,0.0623,0.0488,0.66,8.26,-13.53,0.1458,1.72,299,96,True
S6_mom3m,T2_roll_p75,P2_signal_strength,11,0.9104,0.8274,1.1549,0.5282,7.83,9.46,-14.82,0.6562,1.27,286,96,True
S6_mom3m,T2_roll_p75,P3_long_short,11,0.1216,-0.8148,-1.4394,-0.1902,-13.48,16.55,-70.9,0.375,3.44,299,96,False
S6_mom3m,T3_zscore_1.0,P1_long_cash,11,0.6447,-0.001,-0.0003,-0.0005,-0.0,4.26,-8.8,0.0833,1.28,299,96,False
S6_mom3m,T3_zscore_1.0,P2_signal_strength,11,0.9104,0.8274,1.1549,0.5282,7.83,9.46,-14.82,0.6562,1.27,286,96,True
S6_mom3m,T3_zscore_1.0,P3_long_short,11,-0.1911,-0.9004,-1.5876,-0.1999,-14.81,16.45,-74.07,0.375,2.56,299,96,False
S6_mom3m,T3_zscore_neg_1.0,P1_long_cash,11,0.141,0.0849,0.0561,0.0324,0.63,7.4,-19.42,0.0521,0.67,299,96,True
S6_mom3m,T3_zscore_neg_1.0,P2_signal_strength,11,0.9104,0.8274,1.1549,0.5282,7.83,9.46,-14.82,0.6562,1.27,286,96,True
S6_mom3m,T3_zscore_neg_1.0,P3_long_short,11,-0.5653,-0.8189,-1.4469,-0.1918,-13.55,16.54,-70.63,0.3542,1.33,299,96,False
S6_mom3m,T3_zscore_1.5,P1_long_cash,11,0.3787,0.1613,0.0,0.0707,0.62,3.86,-8.8,0.0521,0.83,299,96,True
S6_mom3m,T3_zscore_1.5,P2_signal_strength,11,0.9104,0.8274,1.1549,0.5282,7.83,9.46,-14.82,0.6562,1.27,286,96,True
S6_mom3m,T3_zscore_1.5,P3_long_short,11,-0.4661,-0.8196,-1.4096,-0.1917,-13.56,16.54,-70.7,0.3646,1.67,299,96,False
S6_mom3m,T3_zscore_neg_1.5,P1_long_cash,11,0.133,0.6186,0.0,0.0,1.59,2.57,0.0,0.0417,0.5,299,96,True
S6_mom3m,T3_zscore_neg_1.5,P2_signal_strength,11,0.9104,0.8274,1.1549,0.5282,7.83,9.46,-14.82,0.6562,1.27,286,96,True
S6_mom3m,T3_zscore_neg_1.5,P3_long_short,11,-0.6008,-0.6973,-1.2479,-0.1768,-11.62,16.66,-65.73,0.3646,1.0,299,96,False
S6_mom3m,T3_zscore_2.0,P1_long_cash,11,0.2258,0.5002,0.0,0.0,0.68,1.35,0.0,0.0208,0.39,299,96,True
S6_mom3m,T3_zscore_2.0,P2_signal_strength,11,0.9104,0.8274,1.1549,0.5282,7.83,9.46,-14.82,0.6562,1.27,286,96,True
S6_mom3m,T3_zscore_2.0,P3_long_short,11,-0.5812,-0.8127,-1.4471,-0.191,-13.45,16.55,-70.4,0.3438,0.78,299,96,False
S6_mom3m,T3_zscore_neg_2.0,P1_long_cash,11,0.1295,0.533,0.0,0.0,1.31,2.46,0.0,0.0312,0.56,299,96,True
S6_mom3m,T3_zscore_neg_2.0,P2_signal_strength,11,0.9104,0.8274,1.1549,0.5282,7.83,9.46,-14.82,0.6562,1.27,286,96,True
S6_mom3m,T3_zscore_neg_2.0,P3_long_short,11,-0.6331,-0.7324,-1.3147,-0.1812,-12.18,16.63,-67.23,0.3542,1.11,299,96,False
S6_mom3m,T1_fixed_p25,P1_long_cash,12,0.5605,0.5922,0.7285,0.2818,6.88,11.62,-24.43,0.3125,1.81,299,96,True
S6_mom3m,T1_fixed_p25,P2_signal_strength,12,0.9008,0.7788,1.0757,0.4543,7.65,9.83,-16.85,0.6562,1.27,285,96,True
S6_mom3m,T1_fixed_p25,P3_long_short,12,0.2475,-0.0609,-0.1062,-0.0166,-1.03,17.0,-62.42,0.4792,3.61,299,96,False
S6_mom3m,T1_fixed_p50,P1_long_cash,12,0.6576,0.292,0.3152,0.125,3.05,10.46,-24.43,0.2188,2.67,299,96,True
S6_mom3m,T1_fixed_p50,P2_signal_strength,12,0.9008,0.7788,1.0757,0.4543,7.65,9.83,-16.85,0.6562,1.27,285,96,True
S6_mom3m,T1_fixed_p50,P3_long_short,12,0.206,-0.5172,-0.904,-0.1222,-8.7,16.81,-71.17,0.4167,5.33,299,96,False
S6_mom3m,T1_fixed_p75,P1_long_cash,12,0.7585,0.1396,0.1406,0.0783,1.23,8.78,-15.65,0.1354,2.11,299,96,True
S6_mom3m,T1_fixed_p75,P2_signal_strength,12,0.9008,0.7788,1.0757,0.4543,7.65,9.83,-16.85,0.6562,1.27,285,96,True
S6_mom3m,T1_fixed_p75,P3_long_short,12,0.1175,-0.7432,-1.3659,-0.1769,-12.35,16.62,-69.82,0.3646,4.22,299,96,False
S6_mom3m,T2_roll_p25,P1_long_cash,12,0.6471,0.871,1.303,0.4482,12.13,13.93,-27.07,0.5208,1.75,299,96,True
S6_mom3m,T2_roll_p25,P2_signal_strength,12,0.9008,0.7788,1.0757,0.4543,7.65,9.83,-16.85,0.6562,1.27,285,96,True
S6_mom3m,T2_roll_p25,P3_long_short,12,0.3357,0.564,0.9503,0.2564,9.46,16.78,-36.9,0.5729,3.5,299,96,True
S6_mom3m,T2_roll_p50,P1_long_cash,12,0.8332,0.3802,0.451,0.1712,4.18,11.0,-24.43,0.2708,2.81,299,96,True
S6_mom3m,T2_roll_p50,P2_signal_strength,12,0.9008,0.7788,1.0757,0.4543,7.65,9.83,-16.85,0.6562,1.27,285,96,True
S6_mom3m,T2_roll_p50,P3_long_short,12,0.3989,-0.3808,-0.6635,-0.0917,-6.43,16.9,-70.18,0.4375,5.61,299,96,False
S6_mom3m,T2_roll_p75,P1_long_cash,12,0.7357,0.1462,0.1373,0.0823,1.29,8.81,-15.65,0.1354,1.72,299,96,True
S6_mom3m,T2_roll_p75,P2_signal_strength,12,0.9008,0.7788,1.0757,0.4543,7.65,9.83,-16.85,0.6562,1.27,285,96,True
S6_mom3m,T2_roll_p75,P3_long_short,12,0.025,-0.7353,-1.3358,-0.1745,-12.23,16.63,-70.07,0.3542,3.44,299,96,False
S6_mom3m,T3_zscore_1.0,P1_long_cash,12,0.6615,-0.0268,-0.0274,-0.0191,-0.18,6.69,-9.37,0.0729,1.28,299,96,False
S6_mom3m,T3_zscore_1.0,P2_signal_strength,12,0.9008,0.7788,1.0757,0.4543,7.65,9.83,-16.85,0.6562,1.27,285,96,True
S6_mom3m,T3_zscore_1.0,P3_long_short,12,-0.2122,-0.9232,-1.6076,-0.1997,-15.16,16.42,-75.91,0.3542,2.56,299,96,False
S6_mom3m,T3_zscore_neg_1.0,P1_long_cash,12,0.2245,0.2828,0.0,0.1562,1.95,6.9,-12.49,0.0625,0.67,299,96,True
S6_mom3m,T3_zscore_neg_1.0,P2_signal_strength,12,0.9008,0.7788,1.0757,0.4543,7.65,9.83,-16.85,0.6562,1.27,285,96,True
S6_mom3m,T3_zscore_neg_1.0,P3_long_short,12,-0.4937,-0.6525,-1.1692,-0.1711,-10.9,16.7,-63.7,0.375,1.33,299,96,False
S6_mom3m,T3_zscore_1.5,P1_long_cash,12,0.6625,-0.1999,-0.1436,-0.1094,-1.04,5.18,-9.47,0.0312,0.83,299,96,False
S6_mom3m,T3_zscore_1.5,P2_signal_strength,12,0.9008,0.7788,1.0757,0.4543,7.65,9.83,-16.85,0.6562,1.27,285,96,True
S6_mom3m,T3_zscore_1.5,P3_long_short,12,-0.3627,-1.0364,-1.8361,-0.2191,-16.87,16.28,-77.03,0.3229,1.67,299,96,False
S6_mom3m,T3_zscore_neg_1.5,P1_long_cash,12,0.2152,0.6047,0.0,0.0,1.33,2.2,0.0,0.0417,0.5,299,96,True
S6_mom3m,T3_zscore_neg_1.5,P2_signal_strength,12,0.9008,0.7788,1.0757,0.4543,7.65,9.83,-16.85,0.6562,1.27,285,96,True
S6_mom3m,T3_zscore_neg_1.5,P3_long_short,12,-0.5253,-0.7302,-1.3071,-0.1809,-12.14,16.63,-67.14,0.3646,1.0,299,96,False
S6_mom3m,T3_zscore_2.0,P1_long_cash,12,0.5596,-0.1072,-0.0,-0.0452,-0.21,1.96,-4.66,0.0104,0.39,299,96,False
S6_mom3m,T3_zscore_2.0,P2_signal_strength,12,0.9008,0.7788,1.0757,0.4543,7.65,9.83,-16.85,0.6562,1.27,285,96,True
S6_mom3m,T3_zscore_2.0,P3_long_short,12,-0.4382,-0.9273,-1.6593,-0.2048,-15.22,16.42,-74.32,0.3229,0.78,299,96,False
S6_mom3m,T3_zscore_neg_2.0,P1_long_cash,12,0.203,0.5033,0.0,0.0,1.02,2.03,0.0,0.0312,0.56,299,96,True
S6_mom3m,T3_zscore_neg_2.0,P2_signal_strength,12,0.9008,0.7788,1.0757,0.4543,7.65,9.83,-16.85,0.6562,1.27,285,96,True
S6_mom3m,T3_zscore_neg_2.0,P3_long_short,12,-0.5853,-0.7686,-1.3805,-0.1856,-12.75,16.59,-68.71,0.3542,1.11,299,96,False
S7_mom6m,T1_fixed_p25,P1_long_cash,0,1.0,0.4424,0.4844,0.2372,5.13,11.59,-21.61,0.3438,1.22,299,96,True
S7_mom6m,T1_fixed_p25,P2_signal_strength,0,1.0678,0.7317,1.1267,0.4713,7.16,9.79,-15.2,0.6562,0.85,294,96,True
S7_mom6m,T1_fixed_p25,P3_long_short,0,0.8224,-0.2683,-0.4723,-0.0828,-4.55,16.95,-54.93,0.5104,2.44,299,96,False
S7_mom6m,T1_fixed_p50,P1_long_cash,0,0.8706,0.3636,0.2702,0.2018,3.05,8.39,-15.11,0.2083,1.94,299,96,True
S7_mom6m,T1_fixed_p50,P2_signal_strength,0,1.0678,0.7317,1.1267,0.4713,7.16,9.79,-15.2,0.6562,0.85,294,96,True
S7_mom6m,T1_fixed_p50,P3_long_short,0,0.4534,-0.5177,-0.9166,-0.1429,-8.7,16.81,-60.92,0.4375,3.89,299,96,False
S7_mom6m,T1_fixed_p75,P1_long_cash,0,0.4367,0.2341,0.1216,0.1079,1.41,6.0,-13.03,0.0833,1.39,299,96,True
S7_mom6m,T1_fixed_p75,P2_signal_strength,0,1.0678,0.7317,1.1267,0.4713,7.16,9.79,-15.2,0.6562,0.85,294,96,True
S7_mom6m,T1_fixed_p75,P3_long_short,0,-0.2263,-0.7206,-1.3343,-0.1783,-11.99,16.64,-67.25,0.3646,2.78,299,96,False
S7_mom6m,T2_roll_p25,P1_long_cash,0,1.119,0.7234,1.0327,0.424,10.15,14.02,-23.93,0.5521,0.92,299,96,True
S7_mom6m,T2_roll_p25,P2_signal_strength,0,1.0678,0.7317,1.1267,0.4713,7.16,9.79,-15.2,0.6562,0.85,294,96,True
S7_mom6m,T2_roll_p25,P3_long_short,0,0.9693,0.3243,0.5423,0.1926,5.49,16.93,-28.51,0.6042,1.83,299,96,True
S7_mom6m,T2_roll_p50,P1_long_cash,0,0.8144,0.4656,0.4747,0.2518,4.49,9.65,-17.85,0.3229,1.89,299,96,True
S7_mom6m,T2_roll_p50,P2_signal_strength,0,1.0678,0.7317,1.1267,0.4713,7.16,9.79,-15.2,0.6562,0.85,294,96,True
S7_mom6m,T2_roll_p50,P3_long_short,0,0.324,-0.3437,-0.6003,-0.0981,-5.82,16.92,-59.28,0.4896,3.78,299,96,False
S7_mom6m,T2_roll_p75,P1_long_cash,0,0.5099,0.1861,0.136,0.0997,1.51,8.1,-15.11,0.1458,1.39,299,96,True
S7_mom6m,T2_roll_p75,P2_signal_strength,0,1.0678,0.7317,1.1267,0.4713,7.16,9.79,-15.2,0.6562,0.85,294,96,True
S7_mom6m,T2_roll_p75,P3_long_short,0,-0.1994,-0.7079,-1.2602,-0.1742,-11.79,16.65,-67.66,0.3854,2.78,299,96,False
S7_mom6m,T3_zscore_1.0,P1_long_cash,0,0.3987,0.2622,0.1268,0.1926,1.33,5.07,-6.91,0.0625,0.83,299,96,True
S7_mom6m,T3_zscore_1.0,P2_signal_strength,0,1.0678,0.7317,1.1267,0.4713,7.16,9.79,-15.2,0.6562,0.85,294,96,True
S7_mom6m,T3_zscore_1.0,P3_long_short,0,-0.4149,-0.7299,-1.3788,-0.1852,-12.14,16.63,-65.55,0.3542,1.67,299,96,False
S7_mom6m,T3_zscore_neg_1.0,P1_long_cash,0,-0.2088,0.6206,0.5309,0.6797,4.33,6.98,-6.38,0.0938,0.44,299,96,True
S7_mom6m,T3_zscore_neg_1.0,P2_signal_strength,0,1.0678,0.7317,1.1267,0.4713,7.16,9.79,-15.2,0.6562,0.85,294,96,True
S7_mom6m,T3_zscore_neg_1.0,P3_long_short,0,-0.9998,-0.3628,-0.7291,-0.099,-6.13,16.91,-61.92,0.3854,0.89,299,96,False
S7_mom6m,T3_zscore_1.5,P1_long_cash,0,0.1921,0.4165,0.0,1.6637,1.7,4.07,-1.02,0.0208,0.5,299,96,True
S7_mom6m,T3_zscore_1.5,P2_signal_strength,0,1.0678,0.7317,1.1267,0.4713,7.16,9.79,-15.2,0.6562,0.85,294,96,True
S7_mom6m,T3_zscore_1.5,P3_long_short,0,-0.6264,-0.6843,-1.2963,-0.1752,-11.41,16.68,-65.13,0.3333,1.0,299,96,False
S7_mom6m,T3_zscore_neg_1.5,P1_long_cash,0,-0.2788,0.6024,0.0,0.0,3.14,5.21,0.0,0.0417,0.28,299,96,True
S7_mom6m,T3_zscore_neg_1.5,P2_signal_strength,0,1.0678,0.7317,1.1267,0.4713,7.16,9.79,-15.2,0.6562,0.85,294,96,True
S7_mom6m,T3_zscore_neg_1.5,P3_long_short,0,-1.081,-0.5066,-1.0034,-0.1378,-8.52,16.82,-61.83,0.3646,0.56,299,96,False
S7_mom6m,T3_zscore_2.0,P1_long_cash,0,0.3693,0.4501,0.0,0.0,1.82,4.05,0.0,0.0208,0.17,299,96,True
S7_mom6m,T3_zscore_2.0,P2_signal_strength,0,1.0678,0.7317,1.1267,0.4713,7.16,9.79,-15.2,0.6562,0.85,294,96,True
S7_mom6m,T3_zscore_2.0,P3_long_short,0,-0.6659,-0.6684,-1.2689,-0.1732,-11.16,16.69,-64.41,0.3438,0.33,299,96,False
S7_mom6m,T3_zscore_neg_2.0,P1_long_cash,0,-0.361,0.6024,0.0,0.0,3.14,5.21,0.0,0.0417,0.33,299,96,True
S7_mom6m,T3_zscore_neg_2.0,P2_signal_strength,0,1.0678,0.7317,1.1267,0.4713,7.16,9.79,-15.2,0.6562,0.85,294,96,True
S7_mom6m,T3_zscore_neg_2.0,P3_long_short,0,-1.1582,-0.5066,-1.0034,-0.1378,-8.52,16.82,-61.83,0.3646,0.67,299,96,False
S7_mom6m,T1_fixed_p25,P1_long_cash,1,0.8749,0.3906,0.4298,0.1662,4.44,11.36,-26.68,0.3333,1.19,299,96,True
S7_mom6m,T1_fixed_p25,P2_signal_strength,1,1.0766,0.8022,1.2537,0.5065,7.76,9.67,-15.31,0.6562,0.85,293,96,True
S7_mom6m,T1_fixed_p25,P3_long_short,1,0.6828,-0.3506,-0.5984,-0.0965,-5.93,16.91,-61.46,0.4896,2.39,299,96,False
S7_mom6m,T1_fixed_p50,P1_long_cash,1,0.8338,0.6875,0.5798,0.4129,5.32,7.74,-12.89,0.2396,1.89,299,96,True
S7_mom6m,T1_fixed_p50,P2_signal_strength,1,1.0766,0.8022,1.2537,0.5065,7.76,9.67,-15.31,0.6562,0.85,293,96,True
S7_mom6m,T1_fixed_p50,P3_long_short,1,0.4274,-0.2452,-0.4299,-0.0729,-4.16,16.96,-57.05,0.5,3.78,299,96,False
S7_mom6m,T1_fixed_p75,P1_long_cash,1,0.4934,0.4869,0.1469,0.3068,2.12,4.35,-6.91,0.1042,1.44,299,96,True
S7_mom6m,T1_fixed_p75,P2_signal_strength,1,1.0766,0.8022,1.2537,0.5065,7.76,9.67,-15.31,0.6562,0.85,293,96,True
S7_mom6m,T1_fixed_p75,P3_long_short,1,-0.1508,-0.6316,-1.1389,-0.1671,-10.56,16.72,-63.23,0.4062,2.89,299,96,False
S7_mom6m,T2_roll_p25,P1_long_cash,1,1.0078,0.7096,0.9316,0.4444,10.63,14.98,-23.93,0.5625,0.92,299,96,True
S7_mom6m,T2_roll_p25,P2_signal_strength,1,1.0766,0.8022,1.2537,0.5065,7.76,9.67,-15.31,0.6562,0.85,293,96,True
S7_mom6m,T2_roll_p25,P3_long_short,1,0.8046,0.3825,0.5745,0.1515,6.46,16.9,-42.66,0.625,1.83,299,96,True
S7_mom6m,T2_roll_p50,P1_long_cash,1,0.7696,0.5437,0.5735,0.1981,5.45,10.03,-27.52,0.3333,1.86,299,96,True
S7_mom6m,T2_roll_p50,P2_signal_strength,1,1.0766,0.8022,1.2537,0.5065,7.76,9.67,-15.31,0.6562,0.85,293,96,True
S7_mom6m,T2_roll_p50,P3_long_short,1,0.2585,-0.2296,-0.4043,-0.0685,-3.89,16.96,-56.84,0.5104,3.72,299,96,False
S7_mom6m,T2_roll_p75,P1_long_cash,1,0.6834,0.9558,0.5646,0.8573,5.92,6.2,-6.91,0.1979,1.39,299,96,True
S7_mom6m,T2_roll_p75,P2_signal_strength,1,1.0766,0.8022,1.2537,0.5065,7.76,9.67,-15.31,0.6562,0.85,293,96,True
S7_mom6m,T2_roll_p75,P3_long_short,1,-0.0432,-0.1739,-0.3127,-0.063,-2.95,16.98,-46.91,0.4896,2.78,299,96,False
S7_mom6m,T3_zscore_1.0,P1_long_cash,1,0.5677,0.1777,0.0392,0.0819,0.57,3.19,-6.91,0.0729,0.83,299,96,True
S7_mom6m,T3_zscore_1.0,P2_signal_strength,1,1.0766,0.8022,1.2537,0.5065,7.76,9.67,-15.31,0.6562,0.85,293,96,True
S7_mom6m,T3_zscore_1.0,P3_long_short,1,-0.2628,-0.8269,-1.4749,-0.1916,-13.67,16.53,-71.33,0.375,1.67,299,96,False
S7_mom6m,T3_zscore_neg_1.0,P1_long_cash,1,-0.188,0.4453,0.3446,0.3846,2.45,5.51,-6.38,0.0833,0.44,299,96,True
S7_mom6m,T3_zscore_neg_1.0,P2_signal_strength,1,1.0766,0.8022,1.2537,0.5065,7.76,9.67,-15.31,0.6562,0.85,293,96,True
S7_mom6m,T3_zscore_neg_1.0,P3_long_short,1,-0.9678,-0.5906,-1.0746,-0.1552,-9.9,16.76,-63.78,0.3646,0.89,299,96,False
S7_mom6m,T3_zscore_1.5,P1_long_cash,1,0.5194,0.4082,0.0,0.6705,0.68,1.67,-1.02,0.0208,0.5,299,96,True
S7_mom6m,T3_zscore_1.5,P2_signal_strength,1,1.0766,0.8022,1.2537,0.5065,7.76,9.67,-15.31,0.6562,0.85,293,96,True
S7_mom6m,T3_zscore_1.5,P3_long_short,1,-0.4475,-0.8119,-1.4415,-0.1909,-13.44,16.55,-70.37,0.3333,1.0,299,96,False
S7_mom6m,T3_zscore_neg_1.5,P1_long_cash,1,-0.1863,0.6651,0.0,0.0,2.43,3.65,0.0,0.0417,0.28,299,96,True
S7_mom6m,T3_zscore_neg_1.5,P2_signal_strength,1,1.0766,0.8022,1.2537,0.5065,7.76,9.67,-15.31,0.6562,0.85,293,96,True
S7_mom6m,T3_zscore_neg_1.5,P3_long_short,1,-0.9452,-0.5939,-1.073,-0.162,-9.95,16.75,-61.41,0.3646,0.56,299,96,False
S7_mom6m,T3_zscore_2.0,P1_long_cash,1,0.3435,0.2465,0.0,0.3294,0.34,1.36,-1.02,0.0104,0.17,299,96,True
S7_mom6m,T3_zscore_2.0,P2_signal_strength,1,1.0766,0.8022,1.2537,0.5065,7.76,9.67,-15.31,0.6562,0.85,293,96,True
S7_mom6m,T3_zscore_2.0,P3_long_short,1,-0.6266,-0.8564,-1.5262,-0.1963,-14.13,16.5,-71.97,0.3229,0.33,299,96,False
S7_mom6m,T3_zscore_neg_2.0,P1_long_cash,1,-0.1932,0.6651,0.0,0.0,2.43,3.65,0.0,0.0417,0.33,299,96,True
S7_mom6m,T3_zscore_neg_2.0,P2_signal_strength,1,1.0766,0.8022,1.2537,0.5065,7.76,9.67,-15.31,0.6562,0.85,293,96,True
S7_mom6m,T3_zscore_neg_2.0,P3_long_short,1,-0.9377,-0.5939,-1.073,-0.162,-9.95,16.75,-61.41,0.3646,0.67,299,96,False
S7_mom6m,T1_fixed_p25,P1_long_cash,2,0.9003,0.59,0.6669,0.3936,6.54,11.08,-16.61,0.3542,1.11,299,96,True
S7_mom6m,T1_fixed_p25,P2_signal_strength,2,1.0391,0.7968,1.1531,0.5088,7.66,9.61,-15.06,0.6562,0.85,292,96,True
S7_mom6m,T1_fixed_p25,P3_long_short,2,0.7116,-0.1017,-0.1748,-0.0355,-1.73,16.99,-48.7,0.5208,2.22,299,96,False
S7_mom6m,T1_fixed_p50,P1_long_cash,2,0.8694,0.4392,0.3445,0.2249,3.67,8.36,-16.33,0.2188,1.89,299,96,True
S7_mom6m,T1_fixed_p50,P2_signal_strength,2,1.0391,0.7968,1.1531,0.5088,7.66,9.61,-15.06,0.6562,0.85,292,96,True
S7_mom6m,T1_fixed_p50,P3_long_short,2,0.4827,-0.4423,-0.753,-0.1195,-7.46,16.86,-62.4,0.4583,3.78,299,96,False
S7_mom6m,T1_fixed_p75,P1_long_cash,2,0.711,0.4532,0.1391,0.2272,2.04,4.5,-8.98,0.0938,1.44,299,96,True
S7_mom6m,T1_fixed_p75,P2_signal_strength,2,1.0391,0.7968,1.1531,0.5088,7.66,9.61,-15.06,0.6562,0.85,292,96,True
S7_mom6m,T1_fixed_p75,P3_long_short,2,0.065,-0.6414,-1.098,-0.1554,-10.72,16.71,-68.98,0.3854,2.89,299,96,False
S7_mom6m,T2_roll_p25,P1_long_cash,2,1.0142,0.7319,0.9757,0.4634,11.09,15.15,-23.93,0.5625,0.92,299,96,True
S7_mom6m,T2_roll_p25,P2_signal_strength,2,1.0391,0.7968,1.1531,0.5088,7.66,9.61,-15.06,0.6562,0.85,292,96,True
S7_mom6m,T2_roll_p25,P3_long_short,2,0.8588,0.4372,0.6778,0.2242,7.37,16.87,-32.89,0.625,1.83,299,96,True
S7_mom6m,T2_roll_p50,P1_long_cash,2,0.8864,0.8017,0.9001,0.5204,8.5,10.6,-16.33,0.3438,1.83,299,96,True
S7_mom6m,T2_roll_p50,P2_signal_strength,2,1.0391,0.7968,1.1531,0.5088,7.66,9.61,-15.06,0.6562,0.85,292,96,True
S7_mom6m,T2_roll_p50,P3_long_short,2,0.3845,0.1291,0.2246,0.0476,2.19,16.99,-46.06,0.5208,3.67,299,96,True
S7_mom6m,T2_roll_p75,P1_long_cash,2,0.6165,0.366,0.1767,0.1781,2.41,6.59,-13.53,0.1771,1.39,299,96,True
S7_mom6m,T2_roll_p75,P2_signal_strength,2,1.0391,0.7968,1.1531,0.5088,7.66,9.61,-15.06,0.6562,0.85,292,96,True
S7_mom6m,T2_roll_p75,P3_long_short,2,-0.095,-0.5958,-0.983,-0.1518,-9.98,16.75,-65.77,0.4479,2.78,299,96,False
S7_mom6m,T3_zscore_1.0,P1_long_cash,2,0.6696,-0.0224,-0.0075,-0.0074,-0.11,4.74,-14.41,0.0625,0.83,299,96,False
S7_mom6m,T3_zscore_1.0,P2_signal_strength,2,1.0391,0.7968,1.1531,0.5088,7.66,9.61,-15.06,0.6562,0.85,292,96,True
S7_mom6m,T3_zscore_1.0,P3_long_short,2,-0.2043,-0.9136,-1.5623,-0.2004,-15.01,16.43,-74.93,0.3542,1.67,299,96,False
S7_mom6m,T3_zscore_neg_1.0,P1_long_cash,2,-0.0914,0.4676,0.419,0.4676,2.98,6.38,-6.38,0.0833,0.44,299,96,True
S7_mom6m,T3_zscore_neg_1.0,P2_signal_strength,2,1.0391,0.7968,1.1531,0.5088,7.66,9.61,-15.06,0.6562,0.85,292,96,True
S7_mom6m,T3_zscore_neg_1.0,P3_long_short,2,-0.836,-0.5258,-1.0241,-0.1547,-8.84,16.81,-57.14,0.3646,0.89,299,96,False
S7_mom6m,T3_zscore_1.5,P1_long_cash,2,0.5477,0.4118,0.0,0.7729,0.79,1.91,-1.02,0.0208,0.5,299,96,True
S7_mom6m,T3_zscore_1.5,P2_signal_strength,2,1.0391,0.7968,1.1531,0.5088,7.66,9.61,-15.06,0.6562,0.85,292,96,True
S7_mom6m,T3_zscore_1.5,P3_long_short,2,-0.4553,-0.7986,-1.4199,-0.1893,-13.23,16.56,-69.87,0.3333,1.0,299,96,False
S7_mom6m,T3_zscore_neg_1.5,P1_long_cash,2,-0.1197,0.3846,0.0,0.3638,1.36,3.54,-3.74,0.0312,0.28,299,96,True
S7_mom6m,T3_zscore_neg_1.5,P2_signal_strength,2,1.0391,0.7968,1.1531,0.5088,7.66,9.61,-15.06,0.6562,0.85,292,96,True
S7_mom6m,T3_zscore_neg_1.5,P3_long_short,2,-0.8659,-0.726,-1.3225,-0.1804,-12.08,16.64,-66.96,0.3438,0.56,299,96,False
S7_mom6m,T3_zscore_2.0,P1_long_cash,2,0.3584,0.2096,0.0,0.2161,0.22,1.05,-1.02,0.0104,0.17,299,96,True
S7_mom6m,T3_zscore_2.0,P2_signal_strength,2,1.0391,0.7968,1.1531,0.5088,7.66,9.61,-15.06,0.6562,0.85,292,96,True
S7_mom6m,T3_zscore_2.0,P3_long_short,2,-0.623,-0.8713,-1.5531,-0.1981,-14.36,16.48,-72.48,0.3229,0.33,299,96,False
S7_mom6m,T3_zscore_neg_2.0,P1_long_cash,2,-0.0879,0.3846,0.0,0.3638,1.36,3.54,-3.74,0.0312,0.33,299,96,True
S7_mom6m,T3_zscore_neg_2.0,P2_signal_strength,2,1.0391,0.7968,1.1531,0.5088,7.66,9.61,-15.06,0.6562,0.85,292,96,True
S7_mom6m,T3_zscore_neg_2.0,P3_long_short,2,-0.8187,-0.726,-1.3225,-0.1804,-12.08,16.64,-66.96,0.3438,0.67,299,96,False
S7_mom6m,T1_fixed_p25,P1_long_cash,3,0.8949,0.5107,0.6428,0.2581,6.22,12.18,-24.1,0.3542,1.08,299,96,True
S7_mom6m,T1_fixed_p25,P2_signal_strength,3,1.0267,0.8246,1.1588,0.5673,8.16,9.89,-14.38,0.6562,0.86,291,96,True
S7_mom6m,T1_fixed_p25,P3_long_short,3,0.6885,-0.139,-0.2405,-0.0456,-2.36,16.99,-51.73,0.5104,2.17,299,96,False
S7_mom6m,T1_fixed_p50,P1_long_cash,3,0.6362,0.7367,0.6064,0.4411,5.97,8.1,-13.53,0.2396,1.89,299,96,True
S7_mom6m,T1_fixed_p50,P2_signal_strength,3,1.0267,0.8246,1.1588,0.5673,8.16,9.89,-14.38,0.6562,0.86,291,96,True
S7_mom6m,T1_fixed_p50,P3_long_short,3,0.1556,-0.1687,-0.2991,-0.06,-2.87,16.98,-47.79,0.5,3.78,299,96,False
S7_mom6m,T1_fixed_p75,P1_long_cash,3,0.6005,0.4892,0.29,0.3343,2.94,6.02,-8.8,0.1042,1.44,299,96,True
S7_mom6m,T1_fixed_p75,P2_signal_strength,3,1.0267,0.8246,1.1588,0.5673,8.16,9.89,-14.38,0.6562,0.86,291,96,True
S7_mom6m,T1_fixed_p75,P3_long_short,3,-0.0509,-0.5305,-0.9436,-0.1465,-8.92,16.8,-60.87,0.4062,2.89,299,96,False
S7_mom6m,T2_roll_p25,P1_long_cash,3,0.9635,0.6636,0.9054,0.4234,10.13,15.27,-23.93,0.5521,0.92,299,96,True
S7_mom6m,T2_roll_p25,P2_signal_strength,3,1.0267,0.8246,1.1588,0.5673,8.16,9.89,-14.38,0.6562,0.86,291,96,True
S7_mom6m,T2_roll_p25,P3_long_short,3,0.7707,0.3225,0.5094,0.1386,5.46,16.93,-39.38,0.6042,1.83,299,96,True
S7_mom6m,T2_roll_p50,P1_long_cash,3,0.6929,1.0203,1.2815,0.7617,10.31,10.1,-13.53,0.3646,1.81,299,96,True
S7_mom6m,T2_roll_p50,P2_signal_strength,3,1.0267,0.8246,1.1588,0.5673,8.16,9.89,-14.38,0.6562,0.86,291,96,True
S7_mom6m,T2_roll_p50,P3_long_short,3,0.1303,0.3435,0.6145,0.1537,5.81,16.92,-37.83,0.5625,3.61,299,96,True
S7_mom6m,T2_roll_p75,P1_long_cash,3,0.7368,0.7097,0.7275,0.3864,5.23,7.37,-13.53,0.1979,1.39,299,96,True
S7_mom6m,T2_roll_p75,P2_signal_strength,3,1.0267,0.8246,1.1588,0.5673,8.16,9.89,-14.38,0.6562,0.86,291,96,True
S7_mom6m,T2_roll_p75,P3_long_short,3,-0.0006,-0.2563,-0.4514,-0.0909,-4.35,16.95,-47.79,0.4896,2.78,299,96,False
S7_mom6m,T3_zscore_1.0,P1_long_cash,3,0.6972,0.5001,0.0,0.3001,2.64,5.28,-8.8,0.0833,0.83,299,96,True
S7_mom6m,T3_zscore_1.0,P2_signal_strength,3,1.0267,0.8246,1.1588,0.5673,8.16,9.89,-14.38,0.6562,0.86,291,96,True
S7_mom6m,T3_zscore_1.0,P3_long_short,3,-0.1658,-0.5673,-0.9927,-0.1501,-9.52,16.78,-63.39,0.3958,1.67,299,96,False
S7_mom6m,T3_zscore_neg_1.0,P1_long_cash,3,-0.152,0.7295,1.2387,0.728,4.47,6.13,-6.14,0.0938,0.44,299,96,True
S7_mom6m,T3_zscore_neg_1.0,P2_signal_strength,3,1.0267,0.8246,1.1588,0.5673,8.16,9.89,-14.38,0.6562,0.86,291,96,True
S7_mom6m,T3_zscore_neg_1.0,P3_long_short,3,-0.9126,-0.3462,-0.6702,-0.1055,-5.86,16.92,-55.48,0.3854,0.89,299,96,False
S7_mom6m,T3_zscore_1.5,P1_long_cash,3,0.4956,0.5998,0.0,0.0,1.58,2.63,0.0,0.0312,0.5,299,96,True
S7_mom6m,T3_zscore_1.5,P2_signal_strength,3,1.0267,0.8246,1.1588,0.5673,8.16,9.89,-14.38,0.6562,0.86,291,96,True
S7_mom6m,T3_zscore_1.5,P3_long_short,3,-0.4621,-0.6992,-1.2444,-0.177,-11.65,16.66,-65.81,0.3542,1.0,299,96,False
S7_mom6m,T3_zscore_neg_1.5,P1_long_cash,3,-0.0726,0.2296,0.2705,0.1349,0.83,3.61,-6.14,0.0208,0.28,299,96,True
S7_mom6m,T3_zscore_neg_1.5,P2_signal_strength,3,1.0267,0.8246,1.1588,0.5673,8.16,9.89,-14.38,0.6562,0.86,291,96,True
S7_mom6m,T3_zscore_neg_1.5,P3_long_short,3,-0.8045,-0.7934,-1.4525,-0.1887,-13.14,16.57,-69.66,0.3229,0.56,299,96,False
S7_mom6m,T3_zscore_2.0,P1_long_cash,3,0.3642,0.4885,0.0,0.0,0.92,1.87,0.0,0.0208,0.17,299,96,True
S7_mom6m,T3_zscore_2.0,P2_signal_strength,3,1.0267,0.8246,1.1588,0.5673,8.16,9.89,-14.38,0.6562,0.86,291,96,True
S7_mom6m,T3_zscore_2.0,P3_long_short,3,-0.5994,-0.7824,-1.3939,-0.1873,-12.97,16.58,-69.25,0.3438,0.33,299,96,False
S7_mom6m,T3_zscore_neg_2.0,P1_long_cash,3,-0.0991,0.2296,0.2705,0.1349,0.83,3.61,-6.14,0.0208,0.33,299,96,True
S7_mom6m,T3_zscore_neg_2.0,P2_signal_strength,3,1.0267,0.8246,1.1588,0.5673,8.16,9.89,-14.38,0.6562,0.86,291,96,True
S7_mom6m,T3_zscore_neg_2.0,P3_long_short,3,-0.8305,-0.7934,-1.4525,-0.1887,-13.14,16.57,-69.66,0.3229,0.67,299,96,False
S7_mom6m,T1_fixed_p25,P1_long_cash,4,0.8545,0.6363,0.8464,0.4489,7.67,12.06,-17.09,0.375,1.08,299,96,True
S7_mom6m,T1_fixed_p25,P2_signal_strength,4,1.034,0.8817,1.275,0.5549,8.7,9.87,-15.68,0.6667,0.86,290,96,True
S7_mom6m,T1_fixed_p25,P3_long_short,4,0.6526,0.0318,0.0567,0.0138,0.54,17.0,-39.1,0.5521,2.17,299,96,True
S7_mom6m,T1_fixed_p50,P1_long_cash,4,0.789,0.3049,0.2771,0.1279,2.81,9.21,-21.95,0.2292,1.89,299,96,True
S7_mom6m,T1_fixed_p50,P2_signal_strength,4,1.034,0.8817,1.275,0.5549,8.7,9.87,-15.68,0.6667,0.86,290,96,True
S7_mom6m,T1_fixed_p50,P3_long_short,4,0.3441,-0.5471,-0.9092,-0.1332,-9.19,16.79,-68.97,0.4688,3.78,299,96,False
S7_mom6m,T1_fixed_p75,P1_long_cash,4,0.6256,0.6604,1.2338,0.3948,3.61,5.46,-9.14,0.1042,1.44,299,96,True
S7_mom6m,T1_fixed_p75,P2_signal_strength,4,1.034,0.8817,1.275,0.5549,8.7,9.87,-15.68,0.6667,0.86,290,96,True
S7_mom6m,T1_fixed_p75,P3_long_short,4,-0.005,-0.45,-0.8229,-0.1218,-7.59,16.86,-62.26,0.4062,2.89,299,96,False
S7_mom6m,T2_roll_p25,P1_long_cash,4,0.9785,0.7299,1.0188,0.471,11.27,15.44,-23.93,0.5625,0.92,299,96,True
S7_mom6m,T2_roll_p25,P2_signal_strength,4,1.034,0.8817,1.275,0.5549,8.7,9.87,-15.68,0.6667,0.86,290,96,True
S7_mom6m,T2_roll_p25,P3_long_short,4,0.7937,0.459,0.72,0.2524,7.74,16.85,-30.66,0.625,1.83,299,96,True
S7_mom6m,T2_roll_p50,P1_long_cash,4,0.7101,0.5375,0.6166,0.225,5.95,11.07,-26.45,0.3438,1.81,299,96,True
S7_mom6m,T2_roll_p50,P2_signal_strength,4,1.034,0.8817,1.275,0.5549,8.7,9.87,-15.68,0.6667,0.86,290,96,True
S7_mom6m,T2_roll_p50,P3_long_short,4,0.2292,-0.1709,-0.2858,-0.049,-2.9,16.98,-59.23,0.5208,3.61,299,96,False
S7_mom6m,T2_roll_p75,P1_long_cash,4,0.824,0.6849,0.6733,0.5419,4.95,7.23,-9.14,0.1979,1.39,299,96,True
S7_mom6m,T2_roll_p75,P2_signal_strength,4,1.034,0.8817,1.275,0.5549,8.7,9.87,-15.68,0.6667,0.86,290,96,True
S7_mom6m,T2_roll_p75,P3_long_short,4,0.0745,-0.2891,-0.507,-0.0793,-4.9,16.94,-61.73,0.4792,2.78,299,96,False
S7_mom6m,T3_zscore_1.0,P1_long_cash,4,0.6587,0.483,0.0,0.2899,2.55,5.28,-8.8,0.0833,0.83,299,96,True
S7_mom6m,T3_zscore_1.0,P2_signal_strength,4,1.034,0.8817,1.275,0.5549,8.7,9.87,-15.68,0.6667,0.86,290,96,True
S7_mom6m,T3_zscore_1.0,P3_long_short,4,-0.2183,-0.5783,-1.0179,-0.152,-9.7,16.77,-63.81,0.3958,1.67,299,96,False
S7_mom6m,T3_zscore_neg_1.0,P1_long_cash,4,-0.0822,0.5745,0.7627,0.505,3.1,5.4,-6.14,0.0833,0.44,299,96,True
S7_mom6m,T3_zscore_neg_1.0,P2_signal_strength,4,1.034,0.8817,1.275,0.5549,8.7,9.87,-15.68,0.6667,0.86,290,96,True
S7_mom6m,T3_zscore_neg_1.0,P3_long_short,4,-0.8203,-0.5111,-0.9721,-0.1412,-8.6,16.82,-60.9,0.3646,0.89,299,96,False
S7_mom6m,T3_zscore_1.5,P1_long_cash,4,0.491,0.533,0.0,0.0,1.31,2.46,0.0,0.0312,0.5,299,96,True
S7_mom6m,T3_zscore_1.5,P2_signal_strength,4,1.034,0.8817,1.275,0.5549,8.7,9.87,-15.68,0.6667,0.86,290,96,True
S7_mom6m,T3_zscore_1.5,P3_long_short,4,-0.4722,-0.7324,-1.3147,-0.1812,-12.18,16.63,-67.23,0.3542,1.0,299,96,False
S7_mom6m,T3_zscore_neg_1.5,P1_long_cash,4,-0.0794,0.2998,0.474,0.2364,1.45,4.85,-6.14,0.0208,0.28,299,96,True
S7_mom6m,T3_zscore_neg_1.5,P2_signal_strength,4,1.034,0.8817,1.275,0.5549,8.7,9.87,-15.68,0.6667,0.86,290,96,True
S7_mom6m,T3_zscore_neg_1.5,P3_long_short,4,-0.8129,-0.7147,-1.3905,-0.179,-11.9,16.65,-66.45,0.3229,0.56,299,96,False
S7_mom6m,T3_zscore_2.0,P1_long_cash,4,0.0572,0.5012,0.0,0.0,1.23,2.45,0.0,0.0208,0.17,299,96,True
S7_mom6m,T3_zscore_2.0,P2_signal_strength,4,1.034,0.8817,1.275,0.5549,8.7,9.87,-15.68,0.6667,0.86,290,96,True
S7_mom6m,T3_zscore_2.0,P3_long_short,4,-0.7088,-0.7428,-1.3277,-0.1825,-12.34,16.62,-67.66,0.3438,0.33,299,96,False
S7_mom6m,T3_zscore_neg_2.0,P1_long_cash,4,-0.063,0.2998,0.474,0.2364,1.45,4.85,-6.14,0.0208,0.33,299,96,True
S7_mom6m,T3_zscore_neg_2.0,P2_signal_strength,4,1.034,0.8817,1.275,0.5549,8.7,9.87,-15.68,0.6667,0.86,290,96,True
S7_mom6m,T3_zscore_neg_2.0,P3_long_short,4,-0.7875,-0.7147,-1.3905,-0.179,-11.9,16.65,-66.45,0.3229,0.67,299,96,False
S7_mom6m,T1_fixed_p25,P1_long_cash,5,0.8058,0.3436,0.4389,0.1329,4.03,11.74,-30.34,0.3542,1.08,299,96,True
S7_mom6m,T1_fixed_p25,P2_signal_strength,5,0.9498,0.7914,1.0859,0.4825,7.86,9.93,-16.28,0.6771,0.85,289,96,True
S7_mom6m,T1_fixed_p25,P3_long_short,5,0.5863,-0.3989,-0.6827,-0.1096,-6.74,16.89,-61.45,0.5104,2.17,299,96,False
S7_mom6m,T1_fixed_p50,P1_long_cash,5,0.7298,0.1065,0.1055,0.0432,1.02,9.62,-23.72,0.2083,1.86,299,96,True
S7_mom6m,T1_fixed_p50,P2_signal_strength,5,0.9498,0.7914,1.0859,0.4825,7.86,9.93,-16.28,0.6771,0.85,289,96,True
S7_mom6m,T1_fixed_p50,P3_long_short,5,0.2551,-0.7686,-1.331,-0.1761,-12.75,16.59,-72.44,0.4271,3.72,299,96,False
S7_mom6m,T1_fixed_p75,P1_long_cash,5,0.4224,-0.1623,-0.0756,-0.0517,-0.86,5.32,-16.7,0.0729,1.44,299,96,False
S7_mom6m,T1_fixed_p75,P2_signal_strength,5,0.9498,0.7914,1.0859,0.4825,7.86,9.93,-16.28,0.6771,0.85,289,96,True
S7_mom6m,T1_fixed_p75,P3_long_short,5,-0.2519,-1.0134,-1.7408,-0.2164,-16.53,16.31,-76.4,0.3438,2.89,299,96,False
S7_mom6m,T2_roll_p25,P1_long_cash,5,0.9429,0.6401,0.94,0.4141,9.91,15.48,-23.93,0.5625,0.92,299,96,True
S7_mom6m,T2_roll_p25,P2_signal_strength,5,0.9498,0.7914,1.0859,0.4825,7.86,9.93,-16.28,0.6771,0.85,289,96,True
S7_mom6m,T2_roll_p25,P3_long_short,5,0.7224,0.2959,0.4881,0.1812,5.01,16.94,-27.66,0.625,1.83,299,96,True
S7_mom6m,T2_roll_p50,P1_long_cash,5,0.678,0.554,0.5925,0.252,5.98,10.79,-23.72,0.3542,1.81,299,96,True
S7_mom6m,T2_roll_p50,P2_signal_strength,5,0.9498,0.7914,1.0859,0.4825,7.86,9.93,-16.28,0.6771,0.85,289,96,True
S7_mom6m,T2_roll_p50,P3_long_short,5,0.1415,-0.1676,-0.2825,-0.0532,-2.85,16.98,-53.49,0.5417,3.61,299,96,False
S7_mom6m,T2_roll_p75,P1_long_cash,5,0.4979,0.1,0.0809,0.0545,0.82,8.23,-15.11,0.1562,1.36,299,96,True
S7_mom6m,T2_roll_p75,P2_signal_strength,5,0.9498,0.7914,1.0859,0.4825,7.86,9.93,-16.28,0.6771,0.85,289,96,True
S7_mom6m,T2_roll_p75,P3_long_short,5,-0.2022,-0.7941,-1.3633,-0.1806,-13.16,16.57,-72.86,0.3958,2.72,299,96,False
S7_mom6m,T3_zscore_1.0,P1_long_cash,5,0.4228,0.4944,0.0,0.3279,2.27,4.58,-6.91,0.0833,0.83,299,96,True
S7_mom6m,T3_zscore_1.0,P2_signal_strength,5,0.9498,0.7914,1.0859,0.4825,7.86,9.93,-16.28,0.6771,0.85,289,96,True
S7_mom6m,T3_zscore_1.0,P3_long_short,5,-0.3462,-0.6136,-1.107,-0.157,-10.27,16.74,-65.43,0.3958,1.67,299,96,False
S7_mom6m,T3_zscore_neg_1.0,P1_long_cash,5,-0.0046,0.4863,0.4872,0.3856,2.38,4.9,-6.18,0.0729,0.44,299,96,True
S7_mom6m,T3_zscore_neg_1.0,P2_signal_strength,5,0.9498,0.7914,1.0859,0.4825,7.86,9.93,-16.28,0.6771,0.85,289,96,True
S7_mom6m,T3_zscore_neg_1.0,P3_long_short,5,-0.7247,-0.599,-1.1141,-0.1566,-10.03,16.75,-64.06,0.3438,0.89,299,96,False
S7_mom6m,T3_zscore_1.5,P1_long_cash,5,0.1262,0.5033,0.0,0.0,1.02,2.03,0.0,0.0312,0.5,299,96,True
S7_mom6m,T3_zscore_1.5,P2_signal_strength,5,0.9498,0.7914,1.0859,0.4825,7.86,9.93,-16.28,0.6771,0.85,289,96,True
S7_mom6m,T3_zscore_1.5,P3_long_short,5,-0.6611,-0.7686,-1.3805,-0.1856,-12.75,16.59,-68.71,0.3542,1.0,299,96,False
S7_mom6m,T3_zscore_neg_1.5,P1_long_cash,5,-0.1279,0.2384,0.3404,0.1698,1.04,4.38,-6.14,0.0208,0.28,299,96,True
S7_mom6m,T3_zscore_neg_1.5,P2_signal_strength,5,0.9498,0.7914,1.0859,0.4825,7.86,9.93,-16.28,0.6771,0.85,289,96,True
S7_mom6m,T3_zscore_neg_1.5,P3_long_short,5,-0.8731,-0.7662,-1.4665,-0.1854,-12.72,16.6,-68.59,0.3229,0.56,299,96,False
S7_mom6m,T3_zscore_2.0,P1_long_cash,5,0.2449,0.3949,0.0,0.0,0.74,1.88,0.0,0.0208,0.17,299,96,True
S7_mom6m,T3_zscore_2.0,P2_signal_strength,5,0.9498,0.7914,1.0859,0.4825,7.86,9.93,-16.28,0.6771,0.85,289,96,True
S7_mom6m,T3_zscore_2.0,P3_long_short,5,-0.6621,-0.8042,-1.4483,-0.19,-13.32,16.56,-70.08,0.3438,0.33,299,96,False
S7_mom6m,T3_zscore_neg_2.0,P1_long_cash,5,-0.0365,0.2384,0.3404,0.1698,1.04,4.38,-6.14,0.0208,0.33,299,96,True
S7_mom6m,T3_zscore_neg_2.0,P2_signal_strength,5,0.9498,0.7914,1.0859,0.4825,7.86,9.93,-16.28,0.6771,0.85,289,96,True
S7_mom6m,T3_zscore_neg_2.0,P3_long_short,5,-0.7577,-0.7662,-1.4665,-0.1854,-12.72,16.6,-68.59,0.3229,0.67,299,96,False
S7_mom6m,T1_fixed_p25,P1_long_cash,6,0.9582,0.5175,0.5984,0.2935,6.07,11.74,-20.69,0.375,1.14,299,96,True
S7_mom6m,T1_fixed_p25,P2_signal_strength,6,1.0016,0.8485,1.2171,0.568,8.31,9.8,-14.64,0.6667,0.85,288,96,True
S7_mom6m,T1_fixed_p25,P3_long_short,6,0.8191,-0.1564,-0.2697,-0.0564,-2.66,16.98,-47.07,0.5521,2.28,299,96,False
S7_mom6m,T1_fixed_p50,P1_long_cash,6,0.7285,0.5174,0.4666,0.2917,4.63,8.95,-15.88,0.2292,1.86,299,96,True
S7_mom6m,T1_fixed_p50,P2_signal_strength,6,1.0016,0.8485,1.2171,0.568,8.31,9.8,-14.64,0.6667,0.85,288,96,True
S7_mom6m,T1_fixed_p50,P3_long_short,6,0.3015,-0.3274,-0.5848,-0.1019,-5.54,16.93,-54.36,0.4688,3.72,299,96,False
S7_mom6m,T1_fixed_p75,P1_long_cash,6,0.4734,0.697,0.0,0.5281,3.65,5.24,-6.91,0.1146,1.44,299,96,True
S7_mom6m,T1_fixed_p75,P2_signal_strength,6,1.0016,0.8485,1.2171,0.568,8.31,9.8,-14.64,0.6667,0.85,288,96,True
S7_mom6m,T1_fixed_p75,P3_long_short,6,-0.1986,-0.445,-0.8029,-0.1461,-7.5,16.86,-51.35,0.4271,2.89,299,96,False
S7_mom6m,T2_roll_p25,P1_long_cash,6,1.0189,0.6855,0.9851,0.4389,10.5,15.32,-23.93,0.5521,0.92,299,96,True
S7_mom6m,T2_roll_p25,P2_signal_strength,6,1.0016,0.8485,1.2171,0.568,8.31,9.8,-14.64,0.6667,0.85,288,96,True
S7_mom6m,T2_roll_p25,P3_long_short,6,0.8565,0.3668,0.6227,0.2393,6.2,16.91,-25.92,0.6042,1.83,299,96,True
S7_mom6m,T2_roll_p50,P1_long_cash,6,0.7031,0.6496,0.7296,0.4766,6.45,9.93,-13.53,0.3542,1.81,299,96,True
S7_mom6m,T2_roll_p50,P2_signal_strength,6,1.0016,0.8485,1.2171,0.568,8.31,9.8,-14.64,0.6667,0.85,288,96,True
S7_mom6m,T2_roll_p50,P3_long_short,6,0.1911,-0.1119,-0.1984,-0.038,-1.9,16.99,-50.0,0.5417,3.61,299,96,False
S7_mom6m,T2_roll_p75,P1_long_cash,6,0.5671,0.9917,0.8003,0.7491,7.07,7.13,-9.43,0.2083,1.33,299,96,True
S7_mom6m,T2_roll_p75,P2_signal_strength,6,1.0016,0.8485,1.2171,0.568,8.31,9.8,-14.64,0.6667,0.85,288,96,True
S7_mom6m,T2_roll_p75,P3_long_short,6,-0.1465,-0.0393,-0.0715,-0.014,-0.67,17.0,-47.56,0.4896,2.67,299,96,False
S7_mom6m,T3_zscore_1.0,P1_long_cash,6,0.4843,0.3665,0.0,0.1812,1.25,3.42,-6.91,0.0833,0.83,299,96,True
S7_mom6m,T3_zscore_1.0,P2_signal_strength,6,1.0016,0.8485,1.2171,0.568,8.31,9.8,-14.64,0.6667,0.85,288,96,True
S7_mom6m,T3_zscore_1.0,P3_long_short,6,-0.3084,-0.7398,-1.3102,-0.1826,-12.3,16.62,-67.35,0.3958,1.67,299,96,False
S7_mom6m,T3_zscore_neg_1.0,P1_long_cash,6,-0.1749,0.4642,0.2168,0.2575,2.64,5.69,-10.25,0.0833,0.44,299,96,True
S7_mom6m,T3_zscore_neg_1.0,P2_signal_strength,6,1.0016,0.8485,1.2171,0.568,8.31,9.8,-14.64,0.6667,0.85,288,96,True
S7_mom6m,T3_zscore_neg_1.0,P3_long_short,6,-0.9386,-0.5677,-1.0251,-0.1602,-9.52,16.78,-59.45,0.3646,0.89,299,96,False
S7_mom6m,T3_zscore_1.5,P1_long_cash,6,0.2476,0.5632,0.0,0.0,0.67,1.19,0.0,0.0312,0.5,299,96,True
S7_mom6m,T3_zscore_1.5,P2_signal_strength,6,1.0016,0.8485,1.2171,0.568,8.31,9.8,-14.64,0.6667,0.85,288,96,True
S7_mom6m,T3_zscore_1.5,P3_long_short,6,-0.5664,-0.8139,-1.4585,-0.1912,-13.47,16.55,-70.44,0.3542,1.0,299,96,False
S7_mom6m,T3_zscore_neg_1.5,P1_long_cash,6,-0.0928,0.3314,0.3832,0.555,1.38,4.18,-2.49,0.0208,0.28,299,96,True
S7_mom6m,T3_zscore_neg_1.5,P2_signal_strength,6,1.0016,0.8485,1.2171,0.568,8.31,9.8,-14.64,0.6667,0.85,288,96,True
S7_mom6m,T3_zscore_neg_1.5,P3_long_short,6,-0.8265,-0.7233,-1.3753,-0.1801,-12.03,16.64,-66.82,0.3229,0.56,299,96,False
S7_mom6m,T3_zscore_2.0,P1_long_cash,6,0.0712,0.4399,0.0,0.0,0.36,0.82,0.0,0.0208,0.17,299,96,True
S7_mom6m,T3_zscore_2.0,P2_signal_strength,6,1.0016,0.8485,1.2171,0.568,8.31,9.8,-14.64,0.6667,0.85,288,96,True
S7_mom6m,T3_zscore_2.0,P3_long_short,6,-0.7083,-0.853,-1.5329,-0.1959,-14.08,16.5,-71.85,0.3438,0.33,299,96,False
S7_mom6m,T3_zscore_neg_2.0,P1_long_cash,6,0.002,0.3314,0.3832,0.555,1.38,4.18,-2.49,0.0208,0.33,299,96,True
S7_mom6m,T3_zscore_neg_2.0,P2_signal_strength,6,1.0016,0.8485,1.2171,0.568,8.31,9.8,-14.64,0.6667,0.85,288,96,True
S7_mom6m,T3_zscore_neg_2.0,P3_long_short,6,-0.7171,-0.7233,-1.3753,-0.1801,-12.03,16.64,-66.82,0.3229,0.67,299,96,False
S7_mom6m,T1_fixed_p25,P1_long_cash,7,0.8559,0.2721,0.3621,0.1502,3.13,11.49,-20.82,0.3333,1.14,299,96,True
S7_mom6m,T1_fixed_p25,P2_signal_strength,7,0.9235,0.7905,1.0901,0.4889,7.8,9.86,-15.95,0.6562,0.85,287,96,True
S7_mom6m,T1_fixed_p25,P3_long_short,7,0.6559,-0.5081,-0.9192,-0.1323,-8.55,16.82,-64.62,0.4688,2.28,299,96,False
S7_mom6m,T1_fixed_p50,P1_long_cash,7,0.7589,-0.0278,-0.0302,-0.0128,-0.27,9.68,-21.0,0.1979,1.92,299,96,False
S7_mom6m,T1_fixed_p50,P2_signal_strength,7,0.9235,0.7905,1.0901,0.4889,7.8,9.86,-15.95,0.6562,0.85,287,96,True
S7_mom6m,T1_fixed_p50,P3_long_short,7,0.3184,-0.9349,-1.6353,-0.203,-15.34,16.41,-75.56,0.3958,3.83,299,96,False
S7_mom6m,T1_fixed_p75,P1_long_cash,7,0.5822,-0.3156,-0.192,-0.0972,-2.01,6.36,-20.67,0.0625,1.44,299,96,False
S7_mom6m,T1_fixed_p75,P2_signal_strength,7,0.9235,0.7905,1.0901,0.4889,7.8,9.86,-15.95,0.6562,0.85,287,96,True
S7_mom6m,T1_fixed_p75,P3_long_short,7,-0.0853,-1.1689,-1.9396,-0.2342,-18.82,16.1,-80.36,0.3229,2.89,299,96,False
S7_mom6m,T2_roll_p25,P1_long_cash,7,1.0676,0.8385,1.3575,0.5147,12.32,14.69,-23.93,0.5625,0.92,299,96,True
S7_mom6m,T2_roll_p25,P2_signal_strength,7,0.9235,0.7905,1.0901,0.4889,7.8,9.86,-15.95,0.6562,0.85,287,96,True
S7_mom6m,T2_roll_p25,P3_long_short,7,0.8946,0.5865,1.1121,0.2869,9.83,16.76,-34.26,0.625,1.83,299,96,True
S7_mom6m,T2_roll_p50,P1_long_cash,7,0.7118,0.2531,0.2952,0.1294,2.72,10.74,-21.0,0.3229,1.81,299,96,True
S7_mom6m,T2_roll_p50,P2_signal_strength,7,0.9235,0.7905,1.0901,0.4889,7.8,9.86,-15.95,0.6562,0.85,287,96,True
S7_mom6m,T2_roll_p50,P3_long_short,7,0.1698,-0.5581,-0.9528,-0.1437,-9.37,16.78,-65.17,0.4792,3.61,299,96,False
S7_mom6m,T2_roll_p75,P1_long_cash,7,0.6739,-0.1628,-0.1322,-0.0576,-1.23,7.58,-21.43,0.1562,1.31,299,96,False
S7_mom6m,T2_roll_p75,P2_signal_strength,7,0.9235,0.7905,1.0901,0.4889,7.8,9.86,-15.95,0.6562,0.85,287,96,True
S7_mom6m,T2_roll_p75,P3_long_short,7,-0.0408,-1.063,-1.818,-0.2184,-17.27,16.25,-79.06,0.3854,2.61,299,96,False
S7_mom6m,T3_zscore_1.0,P1_long_cash,7,0.5239,-0.0237,-0.0296,-0.0092,-0.13,5.52,-14.21,0.0729,0.83,299,96,False
S7_mom6m,T3_zscore_1.0,P2_signal_strength,7,0.9235,0.7905,1.0901,0.4889,7.8,9.86,-15.95,0.6562,0.85,287,96,True
S7_mom6m,T3_zscore_1.0,P3_long_short,7,-0.2512,-0.9168,-1.5582,-0.1975,-15.06,16.43,-76.29,0.3646,1.67,299,96,False
S7_mom6m,T3_zscore_neg_1.0,P1_long_cash,7,-0.1174,0.2447,0.0885,0.093,1.81,7.39,-19.45,0.0833,0.44,299,96,True
S7_mom6m,T3_zscore_neg_1.0,P2_signal_strength,7,0.9235,0.7905,1.0901,0.4889,7.8,9.86,-15.95,0.6562,0.85,287,96,True
S7_mom6m,T3_zscore_neg_1.0,P3_long_short,7,-0.864,-0.6702,-1.1119,-0.1733,-11.19,16.69,-64.54,0.3646,0.89,299,96,False
S7_mom6m,T3_zscore_1.5,P1_long_cash,7,-0.0189,0.6143,0.0,0.0,0.96,1.56,0.0,0.0312,0.5,299,96,True
S7_mom6m,T3_zscore_1.5,P2_signal_strength,7,0.9235,0.7905,1.0901,0.4889,7.8,9.86,-15.95,0.6562,0.85,287,96,True
S7_mom6m,T3_zscore_1.5,P3_long_short,7,-0.7303,-0.777,-1.38,-0.1867,-12.89,16.59,-69.04,0.3542,1.0,299,96,False
S7_mom6m,T3_zscore_neg_1.5,P1_long_cash,7,0.0963,0.4893,0.0,2.0048,2.04,4.18,-1.02,0.0312,0.28,299,96,True
S7_mom6m,T3_zscore_neg_1.5,P2_signal_strength,7,0.9235,0.7905,1.0901,0.4889,7.8,9.86,-15.95,0.6562,0.85,287,96,True
S7_mom6m,T3_zscore_neg_1.5,P3_long_short,7,-0.6212,-0.6411,-1.209,-0.1697,-10.72,16.71,-63.13,0.3438,0.56,299,96,False
S7_mom6m,T3_zscore_2.0,P1_long_cash,7,-0.2026,0.5022,0.0,0.0,0.59,1.17,0.0,0.0208,0.17,299,96,True
S7_mom6m,T3_zscore_2.0,P2_signal_strength,7,0.9235,0.7905,1.0901,0.4889,7.8,9.86,-15.95,0.6562,0.85,287,96,True
S7_mom6m,T3_zscore_2.0,P3_long_short,7,-0.8121,-0.8244,-1.47,-0.1925,-13.63,16.54,-70.83,0.3438,0.33,299,96,False
S7_mom6m,T3_zscore_neg_2.0,P1_long_cash,7,0.1206,0.4893,0.0,2.0048,2.04,4.18,-1.02,0.0312,0.33,299,96,True
S7_mom6m,T3_zscore_neg_2.0,P2_signal_strength,7,0.9235,0.7905,1.0901,0.4889,7.8,9.86,-15.95,0.6562,0.85,287,96,True
S7_mom6m,T3_zscore_neg_2.0,P3_long_short,7,-0.6083,-0.6411,-1.209,-0.1697,-10.72,16.71,-63.13,0.3438,0.67,299,96,False
S7_mom6m,T1_fixed_p25,P1_long_cash,8,0.7124,0.14,0.1872,0.0681,1.66,11.83,-24.33,0.3333,1.14,299,96,True
S7_mom6m,T1_fixed_p25,P2_signal_strength,8,0.9078,0.8292,1.1928,0.5437,8.19,9.87,-15.06,0.6667,0.85,286,96,True
S7_mom6m,T1_fixed_p25,P3_long_short,8,0.4781,-0.6891,-1.231,-0.1585,-11.49,16.67,-72.48,0.4688,2.28,299,96,False
S7_mom6m,T1_fixed_p50,P1_long_cash,8,0.696,0.1681,0.2115,0.1209,1.68,10.0,-13.91,0.1979,1.97,299,96,True
S7_mom6m,T1_fixed_p50,P2_signal_strength,8,0.9078,0.8292,1.1928,0.5437,8.19,9.87,-15.06,0.6667,0.85,286,96,True
S7_mom6m,T1_fixed_p50,P3_long_short,8,0.2927,-0.6861,-1.2461,-0.17,-11.44,16.67,-67.27,0.3958,3.94,299,96,False
S7_mom6m,T1_fixed_p75,P1_long_cash,8,0.5298,-0.0271,-0.0235,-0.02,-0.18,6.5,-8.8,0.0729,1.44,299,96,False
S7_mom6m,T1_fixed_p75,P2_signal_strength,8,0.9078,0.8292,1.1928,0.5437,8.19,9.87,-15.06,0.6667,0.85,286,96,True
S7_mom6m,T1_fixed_p75,P3_long_short,8,-0.1114,-0.9228,-1.6506,-0.2058,-15.16,16.42,-73.64,0.3438,2.89,299,96,False
S7_mom6m,T2_roll_p25,P1_long_cash,8,0.8469,0.8346,1.3019,0.4915,11.76,14.09,-23.93,0.5625,0.92,299,96,True
S7_mom6m,T2_roll_p25,P2_signal_strength,8,0.9078,0.8292,1.1928,0.5437,8.19,9.87,-15.06,0.6667,0.85,286,96,True
S7_mom6m,T2_roll_p25,P3_long_short,8,0.6013,0.5186,0.8524,0.2278,8.72,16.81,-38.27,0.625,1.83,299,96,True
S7_mom6m,T2_roll_p50,P1_long_cash,8,0.8243,0.3799,0.4976,0.2996,4.17,10.97,-13.91,0.3229,1.81,299,96,True
S7_mom6m,T2_roll_p50,P2_signal_strength,8,0.9078,0.8292,1.1928,0.5437,8.19,9.87,-15.06,0.6667,0.85,286,96,True
S7_mom6m,T2_roll_p50,P3_long_short,8,0.3758,-0.3828,-0.6946,-0.1136,-6.47,16.9,-56.92,0.4792,3.61,299,96,False
S7_mom6m,T2_roll_p75,P1_long_cash,8,0.6455,0.0093,0.0102,0.0047,0.08,8.27,-16.56,0.1458,1.31,299,96,True
S7_mom6m,T2_roll_p75,P2_signal_strength,8,0.9078,0.8292,1.1928,0.5437,8.19,9.87,-15.06,0.6667,0.85,286,96,True
S7_mom6m,T2_roll_p75,P3_long_short,8,-0.0573,-0.8898,-1.6156,-0.1977,-14.65,16.46,-74.1,0.3646,2.61,299,96,False
S7_mom6m,T3_zscore_1.0,P1_long_cash,8,0.5224,0.0577,0.0454,0.0339,0.36,6.16,-10.49,0.0625,0.83,299,96,True
S7_mom6m,T3_zscore_1.0,P2_signal_strength,8,0.9078,0.8292,1.1928,0.5437,8.19,9.87,-15.06,0.6667,0.85,286,96,True
S7_mom6m,T3_zscore_1.0,P3_long_short,8,-0.2611,-0.8539,-1.516,-0.2007,-14.09,16.5,-70.21,0.3438,1.67,299,96,False
S7_mom6m,T3_zscore_neg_1.0,P1_long_cash,8,0.1933,0.2389,0.0901,0.0947,1.84,7.71,-19.45,0.0833,0.44,299,96,True
S7_mom6m,T3_zscore_neg_1.0,P2_signal_strength,8,0.9078,0.8292,1.1928,0.5437,8.19,9.87,-15.06,0.6667,0.85,286,96,True
S7_mom6m,T3_zscore_neg_1.0,P3_long_short,8,-0.5051,-0.6661,-1.1473,-0.1728,-11.12,16.69,-64.33,0.3646,0.89,299,96,False
S7_mom6m,T3_zscore_1.5,P1_long_cash,8,0.1823,0.044,0.0,0.0203,0.09,2.15,-4.66,0.0208,0.5,299,96,True
S7_mom6m,T3_zscore_1.5,P2_signal_strength,8,0.9078,0.8292,1.1928,0.5437,8.19,9.87,-15.06,0.6667,0.85,286,96,True
S7_mom6m,T3_zscore_1.5,P3_long_short,8,-0.6049,-0.8876,-1.5842,-0.2001,-14.61,16.46,-73.03,0.3333,1.0,299,96,False
S7_mom6m,T3_zscore_neg_1.5,P1_long_cash,8,0.0678,0.5426,0.0,1.2274,1.25,2.31,-1.02,0.0312,0.28,299,96,True
S7_mom6m,T3_zscore_neg_1.5,P2_signal_strength,8,0.9078,0.8292,1.1928,0.5437,8.19,9.87,-15.06,0.6667,0.85,286,96,True
S7_mom6m,T3_zscore_neg_1.5,P3_long_short,8,-0.6502,-0.74,-1.3099,-0.1821,-12.3,16.62,-67.55,0.3438,0.56,299,96,False
S7_mom6m,T3_zscore_2.0,P1_long_cash,8,-0.034,0.5002,0.0,0.0,0.68,1.35,0.0,0.0208,0.17,299,96,True
S7_mom6m,T3_zscore_2.0,P2_signal_strength,8,0.9078,0.8292,1.1928,0.5437,8.19,9.87,-15.06,0.6667,0.85,286,96,True
S7_mom6m,T3_zscore_2.0,P3_long_short,8,-0.7357,-0.8127,-1.4471,-0.191,-13.45,16.55,-70.4,0.3438,0.33,299,96,False
S7_mom6m,T3_zscore_neg_2.0,P1_long_cash,8,0.0347,0.5426,0.0,1.2274,1.25,2.31,-1.02,0.0312,0.33,299,96,True
S7_mom6m,T3_zscore_neg_2.0,P2_signal_strength,8,0.9078,0.8292,1.1928,0.5437,8.19,9.87,-15.06,0.6667,0.85,286,96,True
S7_mom6m,T3_zscore_neg_2.0,P3_long_short,8,-0.6871,-0.74,-1.3099,-0.1821,-12.3,16.62,-67.55,0.3438,0.67,299,96,False
S7_mom6m,T1_fixed_p25,P1_long_cash,9,0.7443,0.2635,0.3274,0.1303,3.2,12.13,-24.54,0.3229,1.14,299,96,True
S7_mom6m,T1_fixed_p25,P2_signal_strength,9,0.9587,0.7978,1.1578,0.4763,7.88,9.88,-16.55,0.6667,0.85,285,96,True
S7_mom6m,T1_fixed_p25,P3_long_short,9,0.5371,-0.4998,-0.8839,-0.127,-8.41,16.83,-66.23,0.4479,2.28,299,96,False
S7_mom6m,T1_fixed_p50,P1_long_cash,9,0.793,-0.1876,-0.1841,-0.0579,-1.79,9.54,-30.9,0.1771,1.97,299,96,False
S7_mom6m,T1_fixed_p50,P2_signal_strength,9,0.9587,0.7978,1.1578,0.4763,7.88,9.88,-16.55,0.6667,0.85,285,96,True
S7_mom6m,T1_fixed_p50,P3_long_short,9,0.3887,-1.1386,-1.9518,-0.2223,-18.38,16.14,-82.68,0.3646,3.94,299,96,False
S7_mom6m,T1_fixed_p75,P1_long_cash,9,0.6472,0.1775,0.1175,0.124,1.31,7.36,-10.54,0.0729,1.5,299,96,True
S7_mom6m,T1_fixed_p75,P2_signal_strength,9,0.9587,0.7978,1.1578,0.4763,7.88,9.88,-16.55,0.6667,0.85,285,96,True
S7_mom6m,T1_fixed_p75,P3_long_short,9,0.0143,-0.7329,-1.2903,-0.174,-12.19,16.63,-70.04,0.3438,3.0,299,96,False
S7_mom6m,T2_roll_p25,P1_long_cash,9,0.8643,0.7852,1.2562,0.4748,11.36,14.47,-23.93,0.5521,0.92,299,96,True
S7_mom6m,T2_roll_p25,P2_signal_strength,9,0.9587,0.7978,1.1578,0.4763,7.88,9.88,-16.55,0.6667,0.85,285,96,True
S7_mom6m,T2_roll_p25,P3_long_short,9,0.6296,0.4702,0.8422,0.2674,7.92,16.85,-29.62,0.6042,1.83,299,96,True
S7_mom6m,T2_roll_p50,P1_long_cash,9,0.7967,-0.0101,-0.0114,-0.0036,-0.11,10.98,-30.97,0.2917,1.81,299,96,False
S7_mom6m,T2_roll_p50,P2_signal_strength,9,0.9587,0.7978,1.1578,0.4763,7.88,9.88,-16.55,0.6667,0.85,285,96,True
S7_mom6m,T2_roll_p50,P3_long_short,9,0.351,-0.9142,-1.5832,-0.1933,-15.02,16.43,-77.71,0.4271,3.61,299,96,False
S7_mom6m,T2_roll_p75,P1_long_cash,9,0.726,0.1169,0.105,0.0728,0.96,8.2,-13.18,0.1458,1.31,299,96,True
S7_mom6m,T2_roll_p75,P2_signal_strength,9,0.9587,0.7978,1.1578,0.4763,7.88,9.88,-16.55,0.6667,0.85,285,96,True
S7_mom6m,T2_roll_p75,P3_long_short,9,-0.0082,-0.7768,-1.3786,-0.1796,-12.88,16.59,-71.75,0.375,2.61,299,96,False
S7_mom6m,T3_zscore_1.0,P1_long_cash,9,0.6857,0.1379,0.0998,0.0788,0.89,6.46,-11.3,0.0625,0.83,299,96,True
S7_mom6m,T3_zscore_1.0,P2_signal_strength,9,0.9587,0.7978,1.1578,0.4763,7.88,9.88,-16.55,0.6667,0.85,285,96,True
S7_mom6m,T3_zscore_1.0,P3_long_short,9,-0.1402,-0.7855,-1.4135,-0.1919,-13.02,16.58,-67.86,0.3438,1.67,299,96,False
S7_mom6m,T3_zscore_neg_1.0,P1_long_cash,9,0.1506,0.2335,0.0882,0.0927,1.8,7.72,-19.45,0.0833,0.44,299,96,True
S7_mom6m,T3_zscore_neg_1.0,P2_signal_strength,9,0.9587,0.7978,1.1578,0.4763,7.88,9.88,-16.55,0.6667,0.85,285,96,True
S7_mom6m,T3_zscore_neg_1.0,P3_long_short,9,-0.5614,-0.671,-1.1597,-0.1735,-11.2,16.69,-64.56,0.3646,0.89,299,96,False
S7_mom6m,T3_zscore_1.5,P1_long_cash,9,0.2993,0.2103,0.0,0.143,0.67,3.17,-4.66,0.0208,0.5,299,96,True
S7_mom6m,T3_zscore_1.5,P2_signal_strength,9,0.9587,0.7978,1.1578,0.4763,7.88,9.88,-16.55,0.6667,0.85,285,96,True
S7_mom6m,T3_zscore_1.5,P3_long_short,9,-0.5125,-0.814,-1.4728,-0.1912,-13.47,16.55,-70.44,0.3333,1.0,299,96,False
S7_mom6m,T3_zscore_neg_1.5,P1_long_cash,9,0.0853,0.5449,0.0,1.422,1.45,2.66,-1.02,0.0312,0.28,299,96,True
S7_mom6m,T3_zscore_neg_1.5,P2_signal_strength,9,0.9587,0.7978,1.1578,0.4763,7.88,9.88,-16.55,0.6667,0.85,285,96,True
S7_mom6m,T3_zscore_neg_1.5,P3_long_short,9,-0.6312,-0.7151,-1.2707,-0.179,-11.9,16.65,-66.5,0.3438,0.56,299,96,False
S7_mom6m,T3_zscore_2.0,P1_long_cash,9,0.0718,-0.1072,-0.0,-0.0452,-0.21,1.96,-4.66,0.0104,0.17,299,96,False
S7_mom6m,T3_zscore_2.0,P2_signal_strength,9,0.9587,0.7978,1.1578,0.4763,7.88,9.88,-16.55,0.6667,0.85,285,96,True
S7_mom6m,T3_zscore_2.0,P3_long_short,9,-0.6795,-0.9273,-1.6593,-0.2048,-15.22,16.42,-74.32,0.3229,0.33,299,96,False
S7_mom6m,T3_zscore_neg_2.0,P1_long_cash,9,0.1081,0.5449,0.0,1.422,1.45,2.66,-1.02,0.0312,0.33,299,96,True
S7_mom6m,T3_zscore_neg_2.0,P2_signal_strength,9,0.9587,0.7978,1.1578,0.4763,7.88,9.88,-16.55,0.6667,0.85,285,96,True
S7_mom6m,T3_zscore_neg_2.0,P3_long_short,9,-0.6226,-0.7151,-1.2707,-0.179,-11.9,16.65,-66.5,0.3438,0.67,299,96,False
S7_mom6m,T1_fixed_p25,P1_long_cash,10,0.7638,0.6464,0.7746,0.3849,7.79,12.06,-20.25,0.3646,1.08,299,96,True
S7_mom6m,T1_fixed_p25,P2_signal_strength,10,0.9082,0.8352,1.2782,0.5609,8.19,9.81,-14.61,0.6562,0.85,284,96,True
S7_mom6m,T1_fixed_p25,P3_long_short,10,0.5522,0.0462,0.0778,0.015,0.79,17.0,-52.33,0.5417,2.17,299,96,True
S7_mom6m,T1_fixed_p50,P1_long_cash,10,0.7319,0.096,0.0932,0.0595,1.0,10.44,-16.85,0.1875,1.94,299,96,True
S7_mom6m,T1_fixed_p50,P2_signal_strength,10,0.9082,0.8352,1.2782,0.5609,8.19,9.81,-14.61,0.6562,0.85,284,96,True
S7_mom6m,T1_fixed_p50,P3_long_short,10,0.3262,-0.7714,-1.3391,-0.1803,-12.8,16.59,-70.97,0.3854,3.89,299,96,False
S7_mom6m,T1_fixed_p75,P1_long_cash,10,0.547,0.2965,0.187,0.1712,1.96,6.62,-11.47,0.0729,1.5,299,96,True
S7_mom6m,T1_fixed_p75,P2_signal_strength,10,0.9082,0.8352,1.2782,0.5609,8.19,9.81,-14.61,0.6562,0.85,284,96,True
S7_mom6m,T1_fixed_p75,P3_long_short,10,-0.1106,-0.6509,-1.2078,-0.1554,-10.87,16.71,-69.97,0.3438,3.0,299,96,False
S7_mom6m,T2_roll_p25,P1_long_cash,10,0.8098,0.7862,1.2408,0.4703,11.25,14.31,-23.93,0.5521,0.92,299,96,True
S7_mom6m,T2_roll_p25,P2_signal_strength,10,0.9082,0.8352,1.2782,0.5609,8.19,9.81,-14.61,0.6562,0.85,284,96,True
S7_mom6m,T2_roll_p25,P3_long_short,10,0.5864,0.457,0.7803,0.2491,7.7,16.85,-30.92,0.6042,1.83,299,96,True
S7_mom6m,T2_roll_p50,P1_long_cash,10,0.7176,0.5547,0.5619,0.3784,6.38,11.5,-16.85,0.3229,1.81,299,96,True
S7_mom6m,T2_roll_p50,P2_signal_strength,10,0.9082,0.8352,1.2782,0.5609,8.19,9.81,-14.61,0.6562,0.85,284,96,True
S7_mom6m,T2_roll_p50,P3_long_short,10,0.2412,-0.1204,-0.2018,-0.0375,-2.05,16.99,-54.57,0.5,3.61,299,96,False
S7_mom6m,T2_roll_p75,P1_long_cash,10,0.6586,0.2411,0.1967,0.231,2.03,8.44,-8.8,0.1458,1.28,299,96,True
S7_mom6m,T2_roll_p75,P2_signal_strength,10,0.9082,0.8352,1.2782,0.5609,8.19,9.81,-14.61,0.6562,0.85,284,96,True
S7_mom6m,T2_roll_p75,P3_long_short,10,-0.0435,-0.6422,-1.1619,-0.1587,-10.73,16.71,-67.63,0.375,2.56,299,96,False
S7_mom6m,T3_zscore_1.0,P1_long_cash,10,0.6879,0.5476,0.3911,0.438,2.74,5.0,-6.26,0.0729,0.83,299,96,True
S7_mom6m,T3_zscore_1.0,P2_signal_strength,10,0.9082,0.8352,1.2782,0.5609,8.19,9.81,-14.61,0.6562,0.85,284,96,True
S7_mom6m,T3_zscore_1.0,P3_long_short,10,-0.121,-0.5553,-1.0351,-0.1337,-9.32,16.79,-69.73,0.3646,1.67,299,96,False
S7_mom6m,T3_zscore_neg_1.0,P1_long_cash,10,0.0638,0.2715,0.096,0.1076,2.09,7.71,-19.45,0.0938,0.44,299,96,True
S7_mom6m,T3_zscore_neg_1.0,P2_signal_strength,10,0.9082,0.8352,1.2782,0.5609,8.19,9.81,-14.61,0.6562,0.85,284,96,True
S7_mom6m,T3_zscore_neg_1.0,P3_long_short,10,-0.6457,-0.6349,-1.098,-0.1689,-10.62,16.72,-62.87,0.3854,0.89,299,96,False
S7_mom6m,T3_zscore_1.5,P1_long_cash,10,0.3531,0.0645,0.0205,0.0416,0.19,3.01,-4.66,0.0104,0.5,299,96,True
S7_mom6m,T3_zscore_1.5,P2_signal_strength,10,0.9082,0.8352,1.2782,0.5609,8.19,9.81,-14.61,0.6562,0.85,284,96,True
S7_mom6m,T3_zscore_1.5,P3_long_short,10,-0.4674,-0.8747,-1.5833,-0.1986,-14.41,16.48,-72.59,0.3125,1.0,299,96,False
S7_mom6m,T3_zscore_neg_1.5,P1_long_cash,10,0.2347,0.6296,0.0,0.0,1.66,2.63,0.0,0.0417,0.28,299,96,True
S7_mom6m,T3_zscore_neg_1.5,P2_signal_strength,10,0.9082,0.8352,1.2782,0.5609,8.19,9.81,-14.61,0.6562,0.85,284,96,True
S7_mom6m,T3_zscore_neg_1.5,P3_long_short,10,-0.4818,-0.6889,-1.2313,-0.1757,-11.49,16.67,-65.36,0.3646,0.56,299,96,False
S7_mom6m,T3_zscore_2.0,P1_long_cash,10,0.3915,0.0984,0.0,0.0632,0.29,2.99,-4.66,0.0104,0.17,299,96,True
S7_mom6m,T3_zscore_2.0,P2_signal_strength,10,0.9082,0.8352,1.2782,0.5609,8.19,9.81,-14.61,0.6562,0.85,284,96,True
S7_mom6m,T3_zscore_2.0,P3_long_short,10,-0.5775,-0.8617,-1.5651,-0.197,-14.21,16.49,-72.15,0.3229,0.33,299,96,False
S7_mom6m,T3_zscore_neg_2.0,P1_long_cash,10,0.2394,0.6296,0.0,0.0,1.66,2.63,0.0,0.0417,0.33,299,96,True
S7_mom6m,T3_zscore_neg_2.0,P2_signal_strength,10,0.9082,0.8352,1.2782,0.5609,8.19,9.81,-14.61,0.6562,0.85,284,96,True
S7_mom6m,T3_zscore_neg_2.0,P3_long_short,10,-0.5083,-0.6889,-1.2313,-0.1757,-11.49,16.67,-65.36,0.3646,0.67,299,96,False
S7_mom6m,T1_fixed_p25,P1_long_cash,11,0.7458,0.4551,0.5184,0.2457,5.31,11.67,-21.61,0.3542,1.11,299,96,True
S7_mom6m,T1_fixed_p25,P2_signal_strength,11,0.9727,0.8582,1.3505,0.5262,8.3,9.67,-15.77,0.6562,0.86,283,96,True
S7_mom6m,T1_fixed_p25,P3_long_short,11,0.5044,-0.2466,-0.4183,-0.0742,-4.18,16.96,-56.38,0.5208,2.22,299,96,False
S7_mom6m,T1_fixed_p50,P1_long_cash,11,0.717,0.6998,0.6132,0.3708,6.51,9.3,-17.55,0.2396,1.89,299,96,True
S7_mom6m,T1_fixed_p50,P2_signal_strength,11,0.9727,0.8582,1.3505,0.5262,8.3,9.67,-15.77,0.6562,0.86,283,96,True
S7_mom6m,T1_fixed_p50,P3_long_short,11,0.2839,-0.1053,-0.1875,-0.0303,-1.79,16.99,-59.05,0.4896,3.78,299,96,False
S7_mom6m,T1_fixed_p75,P1_long_cash,11,0.6916,0.4436,0.2894,0.3774,2.08,4.69,-5.51,0.0833,1.5,299,96,True
S7_mom6m,T1_fixed_p75,P2_signal_strength,11,0.9727,0.8582,1.3505,0.5262,8.3,9.67,-15.77,0.6562,0.86,283,96,True
S7_mom6m,T1_fixed_p75,P3_long_short,11,0.0564,-0.6366,-1.1385,-0.1628,-10.64,16.72,-65.38,0.3646,3.0,299,96,False
S7_mom6m,T2_roll_p25,P1_long_cash,11,0.9125,0.7147,1.1212,0.4333,10.37,14.51,-23.93,0.5208,0.92,299,96,True
S7_mom6m,T2_roll_p25,P2_signal_strength,11,0.9727,0.8582,1.3505,0.5262,8.3,9.67,-15.77,0.6562,0.86,283,96,True
S7_mom6m,T2_roll_p25,P3_long_short,11,0.7097,0.3507,0.6241,0.1385,5.93,16.91,-42.84,0.5417,1.83,299,96,True
S7_mom6m,T2_roll_p50,P1_long_cash,11,0.7937,0.7881,0.8315,0.4895,8.59,10.9,-17.55,0.3542,1.81,299,96,True
S7_mom6m,T2_roll_p50,P2_signal_strength,11,0.9727,0.8582,1.3505,0.5262,8.3,9.67,-15.77,0.6562,0.86,283,96,True
S7_mom6m,T2_roll_p50,P3_long_short,11,0.3136,0.1398,0.233,0.0501,2.38,16.99,-47.46,0.5729,3.61,299,96,True
S7_mom6m,T2_roll_p75,P1_long_cash,11,0.6228,0.7099,0.4601,0.3651,5.04,7.1,-13.8,0.1875,1.28,299,96,True
S7_mom6m,T2_roll_p75,P2_signal_strength,11,0.9727,0.8582,1.3505,0.5262,8.3,9.67,-15.77,0.6562,0.86,283,96,True
S7_mom6m,T2_roll_p75,P3_long_short,11,-0.1242,-0.2786,-0.4878,-0.067,-4.72,16.95,-70.43,0.4583,2.56,299,96,False
S7_mom6m,T3_zscore_1.0,P1_long_cash,11,0.6895,0.8096,1.4174,1.8059,3.02,3.73,-1.67,0.0833,0.83,299,96,True
S7_mom6m,T3_zscore_1.0,P2_signal_strength,11,0.9727,0.8582,1.3505,0.5262,8.3,9.67,-15.77,0.6562,0.86,283,96,True
S7_mom6m,T3_zscore_1.0,P3_long_short,11,-0.1208,-0.5208,-0.9209,-0.1378,-8.76,16.81,-63.55,0.3854,1.67,299,96,False
S7_mom6m,T3_zscore_neg_1.0,P1_long_cash,11,-0.0069,0.3583,0.2553,0.1472,2.86,7.98,-19.42,0.1042,0.44,299,96,True
S7_mom6m,T3_zscore_neg_1.0,P2_signal_strength,11,0.9727,0.8582,1.3505,0.5262,8.3,9.67,-15.77,0.6562,0.86,283,96,True
S7_mom6m,T3_zscore_neg_1.0,P3_long_short,11,-0.7272,-0.5409,-0.9432,-0.1566,-9.09,16.8,-58.03,0.4062,0.89,299,96,False
S7_mom6m,T3_zscore_1.5,P1_long_cash,11,0.4002,0.4555,0.0,1.686,1.35,2.97,-0.8,0.0208,0.5,299,96,True
S7_mom6m,T3_zscore_1.5,P2_signal_strength,11,0.9727,0.8582,1.3505,0.5262,8.3,9.67,-15.77,0.6562,0.86,283,96,True
S7_mom6m,T3_zscore_1.5,P3_long_short,11,-0.4429,-0.7269,-1.3099,-0.1805,-12.09,16.64,-67.0,0.3333,1.0,299,96,False
S7_mom6m,T3_zscore_neg_1.5,P1_long_cash,11,0.1935,0.6186,0.0,0.0,1.59,2.57,0.0,0.0417,0.28,299,96,True
S7_mom6m,T3_zscore_neg_1.5,P2_signal_strength,11,0.9727,0.8582,1.3505,0.5262,8.3,9.67,-15.77,0.6562,0.86,283,96,True
S7_mom6m,T3_zscore_neg_1.5,P3_long_short,11,-0.5262,-0.6973,-1.2479,-0.1768,-11.62,16.66,-65.73,0.3646,0.56,299,96,False
S7_mom6m,T3_zscore_2.0,P1_long_cash,11,0.3983,0.3107,0.0,0.9665,0.78,2.5,-0.8,0.0104,0.17,299,96,True
S7_mom6m,T3_zscore_2.0,P2_signal_strength,11,0.9727,0.8582,1.3505,0.5262,8.3,9.67,-15.77,0.6562,0.86,283,96,True
S7_mom6m,T3_zscore_2.0,P3_long_short,11,-0.5545,-0.8,-1.4453,-0.1895,-13.25,16.56,-69.92,0.3229,0.33,299,96,False
S7_mom6m,T3_zscore_neg_2.0,P1_long_cash,11,0.2214,0.6186,0.0,0.0,1.59,2.57,0.0,0.0417,0.33,299,96,True
S7_mom6m,T3_zscore_neg_2.0,P2_signal_strength,11,0.9727,0.8582,1.3505,0.5262,8.3,9.67,-15.77,0.6562,0.86,283,96,True
S7_mom6m,T3_zscore_neg_2.0,P3_long_short,11,-0.5296,-0.6973,-1.2479,-0.1768,-11.62,16.66,-65.73,0.3646,0.67,299,96,False
S7_mom6m,T1_fixed_p25,P1_long_cash,12,0.6027,0.3922,0.4221,0.1691,4.51,11.5,-26.68,0.3542,1.06,299,96,True
S7_mom6m,T1_fixed_p25,P2_signal_strength,12,0.8734,0.754,1.0889,0.4089,7.36,9.76,-18.0,0.6562,0.86,282,96,True
S7_mom6m,T1_fixed_p25,P3_long_short,12,0.3212,-0.3416,-0.5786,-0.0908,-5.78,16.92,-63.64,0.5208,2.11,299,96,False
S7_mom6m,T1_fixed_p50,P1_long_cash,12,0.6352,0.0512,0.0448,0.0169,0.46,8.92,-27.07,0.1979,1.83,299,96,True
S7_mom6m,T1_fixed_p50,P2_signal_strength,12,0.8734,0.754,1.0889,0.4089,7.36,9.76,-18.0,0.6562,0.86,282,96,True
S7_mom6m,T1_fixed_p50,P3_long_short,12,0.2182,-0.8409,-1.4563,-0.1701,-13.89,16.52,-81.67,0.4167,3.67,299,96,False
S7_mom6m,T1_fixed_p75,P1_long_cash,12,0.4134,-0.5205,-0.3145,-0.112,-3.45,6.63,-30.83,0.0521,1.5,299,96,False
S7_mom6m,T1_fixed_p75,P2_signal_strength,12,0.8734,0.754,1.0889,0.4089,7.36,9.76,-18.0,0.6562,0.86,282,96,True
S7_mom6m,T1_fixed_p75,P3_long_short,12,-0.2466,-1.3744,-2.2327,-0.2562,-21.71,15.79,-84.73,0.3021,3.0,299,96,False
S7_mom6m,T2_roll_p25,P1_long_cash,12,0.8469,0.7177,1.0948,0.4387,10.5,14.62,-23.93,0.5312,0.92,299,96,True
S7_mom6m,T2_roll_p25,P2_signal_strength,12,0.8734,0.754,1.0889,0.4089,7.36,9.76,-18.0,0.6562,0.86,282,96,True
S7_mom6m,T2_roll_p25,P3_long_short,12,0.6637,0.3661,0.6108,0.1463,6.19,16.91,-42.31,0.5625,1.83,299,96,True
S7_mom6m,T2_roll_p50,P1_long_cash,12,0.5122,0.1675,0.1676,0.0659,1.78,10.64,-27.07,0.3021,1.78,299,96,True
S7_mom6m,T2_roll_p50,P2_signal_strength,12,0.8734,0.754,1.0889,0.4089,7.36,9.76,-18.0,0.6562,0.86,282,96,True
S7_mom6m,T2_roll_p50,P3_long_short,12,0.0061,-0.6734,-1.133,-0.1447,-11.24,16.69,-77.64,0.4688,3.56,299,96,False
S7_mom6m,T2_roll_p75,P1_long_cash,12,0.6404,-0.1501,-0.095,-0.0362,-1.09,7.24,-30.01,0.1562,1.28,299,96,False
S7_mom6m,T2_roll_p75,P2_signal_strength,12,0.8734,0.754,1.0889,0.4089,7.36,9.76,-18.0,0.6562,0.86,282,96,True
S7_mom6m,T2_roll_p75,P3_long_short,12,-0.0656,-1.0432,-1.7232,-0.2032,-16.98,16.27,-83.55,0.3958,2.56,299,96,False
S7_mom6m,T3_zscore_1.0,P1_long_cash,12,0.5011,0.0357,0.0149,0.0177,0.14,3.93,-7.94,0.0625,0.83,299,96,True
S7_mom6m,T3_zscore_1.0,P2_signal_strength,12,0.8734,0.754,1.0889,0.4089,7.36,9.76,-18.0,0.6562,0.86,282,96,True
S7_mom6m,T3_zscore_1.0,P3_long_short,12,-0.2755,-0.8816,-1.5584,-0.1985,-14.52,16.47,-73.15,0.3438,1.67,299,96,False
S7_mom6m,T3_zscore_neg_1.0,P1_long_cash,12,0.1679,0.4548,0.1863,0.2859,3.57,7.85,-12.49,0.1042,0.44,299,96,True
S7_mom6m,T3_zscore_neg_1.0,P2_signal_strength,12,0.8734,0.754,1.0889,0.4089,7.36,9.76,-18.0,0.6562,0.86,282,96,True
S7_mom6m,T3_zscore_neg_1.0,P3_long_short,12,-0.5439,-0.4545,-0.8182,-0.1423,-7.66,16.86,-53.84,0.4062,0.89,299,96,False
S7_mom6m,T3_zscore_1.5,P1_long_cash,12,0.1383,-0.0724,-0.0166,-0.0344,-0.18,2.51,-5.27,0.0104,0.5,299,96,False
S7_mom6m,T3_zscore_1.5,P2_signal_strength,12,0.8734,0.754,1.0889,0.4089,7.36,9.76,-18.0,0.6562,0.86,282,96,True
S7_mom6m,T3_zscore_1.5,P3_long_short,12,-0.6174,-0.9235,-1.6458,-0.2044,-15.17,16.42,-74.2,0.3125,1.0,299,96,False
S7_mom6m,T3_zscore_neg_1.5,P1_long_cash,12,0.1962,0.6047,0.0,0.0,1.33,2.2,0.0,0.0417,0.28,299,96,True
S7_mom6m,T3_zscore_neg_1.5,P2_signal_strength,12,0.8734,0.754,1.0889,0.4089,7.36,9.76,-18.0,0.6562,0.86,282,96,True
S7_mom6m,T3_zscore_neg_1.5,P3_long_short,12,-0.5323,-0.7302,-1.3071,-0.1809,-12.14,16.63,-67.14,0.3646,0.56,299,96,False
S7_mom6m,T3_zscore_2.0,P1_long_cash,12,0.1969,0.2873,0.0,0.5945,0.48,1.66,-0.8,0.0104,0.17,299,96,True
S7_mom6m,T3_zscore_2.0,P2_signal_strength,12,0.8734,0.754,1.0889,0.4089,7.36,9.76,-18.0,0.6562,0.86,282,96,True
S7_mom6m,T3_zscore_2.0,P3_long_short,12,-0.6573,-0.8382,-1.4945,-0.1941,-13.85,16.52,-71.33,0.3229,0.33,299,96,False
S7_mom6m,T3_zscore_neg_2.0,P1_long_cash,12,0.181,0.6047,0.0,0.0,1.33,2.2,0.0,0.0417,0.33,299,96,True
S7_mom6m,T3_zscore_neg_2.0,P2_signal_strength,12,0.8734,0.754,1.0889,0.4089,7.36,9.76,-18.0,0.6562,0.86,282,96,True
S7_mom6m,T3_zscore_neg_2.0,P3_long_short,12,-0.5676,-0.7302,-1.3071,-0.1809,-12.14,16.63,-67.14,0.3646,0.67,299,96,False
S8_accel,T1_fixed_p25,P1_long_cash,0,0.5642,0.5138,0.5792,0.3359,6.89,13.41,-20.52,0.3958,6.03,299,96,True
S8_accel,T1_fixed_p25,P2_signal_strength,0,0.7267,0.7171,0.8069,0.4098,5.42,7.56,-13.22,0.6458,2.62,298,96,True
S8_accel,T1_fixed_p25,P3_long_short,0,0.2258,-0.06,-0.0948,-0.0183,-1.02,17.0,-55.84,0.5312,12.06,299,96,False
S8_accel,T1_fixed_p50,P1_long_cash,0,0.4841,0.7018,0.6007,0.6204,7.75,11.05,-12.5,0.3125,8.03,299,96,True
S8_accel,T1_fixed_p50,P2_signal_strength,0,0.7267,0.7171,0.8069,0.4098,5.42,7.56,-13.22,0.6458,2.62,298,96,True
S8_accel,T1_fixed_p50,P3_long_short,0,-0.0336,0.0416,0.0672,0.0184,0.71,17.0,-38.42,0.5104,16.06,299,96,True
S8_accel,T1_fixed_p75,P1_long_cash,0,0.443,0.6505,0.3829,0.4368,5.45,8.39,-12.49,0.2083,5.83,299,96,True
S8_accel,T1_fixed_p75,P2_signal_strength,0,0.7267,0.7171,0.8069,0.4098,5.42,7.56,-13.22,0.6458,2.62,298,96,True
S8_accel,T1_fixed_p75,P3_long_short,0,-0.2802,-0.2295,-0.3812,-0.0776,-3.89,16.96,-50.18,0.4583,11.67,299,96,False
S8_accel,T2_roll_p25,P1_long_cash,0,0.4987,0.7629,0.9198,0.518,10.64,13.94,-20.54,0.5208,4.97,299,96,True
S8_accel,T2_roll_p25,P2_signal_strength,0,0.7267,0.7171,0.8069,0.4098,5.42,7.56,-13.22,0.6458,2.62,298,96,True
S8_accel,T2_roll_p25,P3_long_short,0,0.121,0.3831,0.5727,0.1852,6.47,16.9,-34.95,0.6458,9.94,299,96,True
S8_accel,T2_roll_p50,P1_long_cash,0,0.4722,0.555,0.505,0.3187,6.31,11.37,-19.8,0.3333,7.42,299,96,True
S8_accel,T2_roll_p50,P2_signal_strength,0,0.7267,0.7171,0.8069,0.4098,5.42,7.56,-13.22,0.6458,2.62,298,96,True
S8_accel,T2_roll_p50,P3_long_short,0,-0.0305,-0.1283,-0.2038,-0.0433,-2.18,16.99,-50.34,0.5104,14.83,299,96,False
S8_accel,T2_roll_p75,P1_long_cash,0,0.4965,0.7248,0.3822,0.4777,5.96,8.23,-12.49,0.2083,5.22,299,96,True
S8_accel,T2_roll_p75,P2_signal_strength,0,0.7267,0.7171,0.8069,0.4098,5.42,7.56,-13.22,0.6458,2.62,298,96,True
S8_accel,T2_roll_p75,P3_long_short,0,-0.2289,-0.1692,-0.2786,-0.0625,-2.87,16.98,-45.94,0.4688,10.44,299,96,False
S8_accel,T3_zscore_1.0,P1_long_cash,0,0.2405,0.3748,0.0,0.1843,2.3,6.14,-12.49,0.0833,2.5,299,96,True
S8_accel,T3_zscore_1.0,P2_signal_strength,0,0.7267,0.7171,0.8069,0.4098,5.42,7.56,-13.22,0.6458,2.62,298,96,True
S8_accel,T3_zscore_1.0,P3_long_short,0,-0.5631,-0.6092,-0.9989,-0.1529,-10.2,16.74,-66.72,0.3958,5.0,299,96,False
S8_accel,T3_zscore_neg_1.0,P1_long_cash,0,-0.1095,0.6648,0.4302,1.0424,3.9,5.87,-3.74,0.0729,2.39,299,96,True
S8_accel,T3_zscore_neg_1.0,P2_signal_strength,0,0.7267,0.7171,0.8069,0.4098,5.42,7.56,-13.22,0.6458,2.62,298,96,True
S8_accel,T3_zscore_neg_1.0,P3_long_short,0,-0.8105,-0.4145,-0.8189,-0.1191,-7.0,16.88,-58.76,0.375,4.78,299,96,False
S8_accel,T3_zscore_1.5,P1_long_cash,0,0.2493,0.8113,0.0,0.0,2.69,3.31,0.0,0.0625,1.39,299,96,True
S8_accel,T3_zscore_1.5,P2_signal_strength,0,0.7267,0.7171,0.8069,0.4098,5.42,7.56,-13.22,0.6458,2.62,298,96,True
S8_accel,T3_zscore_1.5,P3_long_short,0,-0.5959,-0.5617,-0.9947,-0.1519,-9.42,16.78,-62.06,0.3854,2.78,299,96,False
S8_accel,T3_zscore_neg_1.5,P1_long_cash,0,-0.0281,0.4717,0.0,0.0,2.25,4.78,0.0,0.0312,1.06,299,96,True
S8_accel,T3_zscore_neg_1.5,P2_signal_strength,0,0.7267,0.7171,0.8069,0.4098,5.42,7.56,-13.22,0.6458,2.62,298,96,True
S8_accel,T3_zscore_neg_1.5,P3_long_short,0,-0.7365,-0.615,-1.2248,-0.1591,-10.29,16.74,-64.71,0.3542,2.11,299,96,False
S8_accel,T3_zscore_2.0,P1_long_cash,0,0.232,0.5732,0.0,0.0,1.35,2.35,0.0,0.0312,0.61,299,96,True
S8_accel,T3_zscore_2.0,P2_signal_strength,0,0.7267,0.7171,0.8069,0.4098,5.42,7.56,-13.22,0.6458,2.62,298,96,True
S8_accel,T3_zscore_2.0,P3_long_short,0,-0.6397,-0.728,-1.2977,-0.1745,-12.11,16.63,-69.4,0.3542,1.22,299,96,False
S8_accel,T3_zscore_neg_2.0,P1_long_cash,0,-0.137,0.4717,0.0,0.0,2.25,4.78,0.0,0.0312,0.39,299,96,True
S8_accel,T3_zscore_neg_2.0,P2_signal_strength,0,0.7267,0.7171,0.8069,0.4098,5.42,7.56,-13.22,0.6458,2.62,298,96,True
S8_accel,T3_zscore_neg_2.0,P3_long_short,0,-0.7958,-0.615,-1.2248,-0.1591,-10.29,16.74,-64.71,0.3542,0.78,299,96,False
S8_accel,T4_zero,P1_long_cash,0,0.498,0.7111,0.5678,0.5723,7.15,10.05,-12.49,0.2917,7.92,299,96,True
S8_accel,T4_zero,P2_signal_strength,0,0.7267,0.7171,0.8069,0.4098,5.42,7.56,-13.22,0.6458,2.62,298,96,True
S8_accel,T4_zero,P3_long_short,0,-0.0365,-0.0299,-0.0491,-0.0181,-0.51,17.0,-28.19,0.5,15.83,299,96,False
S8_accel,T1_fixed_p25,P1_long_cash,1,0.7823,0.4734,0.5472,0.3632,6.42,13.56,-17.68,0.375,6.03,299,96,True
S8_accel,T1_fixed_p25,P2_signal_strength,1,0.8918,0.7691,1.1736,0.6209,6.03,7.84,-9.71,0.6458,2.62,297,96,True
S8_accel,T1_fixed_p25,P3_long_short,1,0.5481,-0.1155,-0.2052,-0.0593,-1.96,16.99,-33.07,0.5,12.06,299,96,False
S8_accel,T1_fixed_p50,P1_long_cash,1,0.9163,0.5138,0.5192,0.3167,5.46,10.62,-17.23,0.2917,8.03,299,96,True
S8_accel,T1_fixed_p50,P2_signal_strength,1,0.8918,0.7691,1.1736,0.6209,6.03,7.84,-9.71,0.6458,2.62,297,96,True
S8_accel,T1_fixed_p50,P3_long_short,1,0.4267,-0.2293,-0.4448,-0.0726,-3.89,16.96,-53.55,0.4792,16.06,299,96,False
S8_accel,T1_fixed_p75,P1_long_cash,1,0.7535,0.1784,0.1329,0.073,1.58,8.88,-21.72,0.1667,5.75,299,96,True
S8_accel,T1_fixed_p75,P2_signal_strength,1,0.8918,0.7691,1.1736,0.6209,6.03,7.84,-9.71,0.6458,2.62,297,96,True
S8_accel,T1_fixed_p75,P3_long_short,1,-0.0659,-0.6982,-1.2561,-0.1749,-11.63,16.66,-66.52,0.3854,11.5,299,96,False
S8_accel,T2_roll_p25,P1_long_cash,1,0.7151,0.5502,0.6932,0.3686,7.97,14.48,-21.61,0.4688,4.97,299,96,True
S8_accel,T2_roll_p25,P2_signal_strength,1,0.8918,0.7691,1.1736,0.6209,6.03,7.84,-9.71,0.6458,2.62,297,96,True
S8_accel,T2_roll_p25,P3_long_short,1,0.4312,0.0665,0.1125,0.0407,1.13,17.0,-27.74,0.5521,9.94,299,96,True
S8_accel,T2_roll_p50,P1_long_cash,1,0.8986,0.7251,0.7817,0.8757,8.22,11.33,-9.38,0.3333,7.42,299,96,True
S8_accel,T2_roll_p50,P2_signal_strength,1,0.8918,0.7691,1.1736,0.6209,6.03,7.84,-9.71,0.6458,2.62,297,96,True
S8_accel,T2_roll_p50,P3_long_short,1,0.4197,0.0958,0.1893,0.0515,1.63,17.0,-31.62,0.5208,14.83,299,96,True
S8_accel,T2_roll_p75,P1_long_cash,1,0.7425,0.333,0.2507,0.1994,2.74,8.23,-13.74,0.1667,5.19,299,96,True
S8_accel,T2_roll_p75,P2_signal_strength,1,0.8918,0.7691,1.1736,0.6209,6.03,7.84,-9.71,0.6458,2.62,297,96,True
S8_accel,T2_roll_p75,P3_long_short,1,-0.0934,-0.5554,-1.0325,-0.1562,-9.32,16.79,-59.69,0.3958,10.39,299,96,False
S8_accel,T3_zscore_1.0,P1_long_cash,1,0.644,0.7476,0.0,104.2531,4.21,5.63,-0.04,0.0833,2.5,299,96,True
S8_accel,T3_zscore_1.0,P2_signal_strength,1,0.8918,0.7691,1.1736,0.6209,6.03,7.84,-9.71,0.6458,2.62,297,96,True
S8_accel,T3_zscore_1.0,P3_long_short,1,-0.3208,-0.3777,-0.7528,-0.1048,-6.38,16.9,-60.89,0.3958,5.0,299,96,False
S8_accel,T3_zscore_neg_1.0,P1_long_cash,1,0.0874,0.3118,0.1581,0.1965,1.56,4.99,-7.92,0.0729,2.39,299,96,True
S8_accel,T3_zscore_neg_1.0,P2_signal_strength,1,0.8918,0.7691,1.1736,0.6209,6.03,7.84,-9.71,0.6458,2.62,297,96,True
S8_accel,T3_zscore_neg_1.0,P3_long_short,1,-0.6264,-0.7018,-1.2288,-0.163,-11.69,16.66,-71.74,0.3646,4.78,299,96,False
S8_accel,T3_zscore_1.5,P1_long_cash,1,0.5713,0.6809,0.0,58.477,2.36,3.47,-0.04,0.0521,1.39,299,96,True
S8_accel,T3_zscore_1.5,P2_signal_strength,1,0.8918,0.7691,1.1736,0.6209,6.03,7.84,-9.71,0.6458,2.62,297,96,True
S8_accel,T3_zscore_1.5,P3_long_short,1,-0.4209,-0.6019,-1.079,-0.1584,-10.08,16.75,-63.63,0.3646,2.78,299,96,False
S8_accel,T3_zscore_neg_1.5,P1_long_cash,1,-0.0371,0.6737,0.0,0.0,1.98,2.95,0.0,0.0417,1.06,299,96,True
S8_accel,T3_zscore_neg_1.5,P2_signal_strength,1,0.8918,0.7691,1.1736,0.6209,6.03,7.84,-9.71,0.6458,2.62,297,96,True
S8_accel,T3_zscore_neg_1.5,P3_long_short,1,-0.7411,-0.6483,-1.1537,-0.1554,-10.83,16.71,-69.72,0.3646,2.11,299,96,False
S8_accel,T3_zscore_2.0,P1_long_cash,1,0.3781,0.5145,0.0,0.0,1.22,2.37,0.0,0.0312,0.61,299,96,True
S8_accel,T3_zscore_2.0,P2_signal_strength,1,0.8918,0.7691,1.1736,0.6209,6.03,7.84,-9.71,0.6458,2.62,297,96,True
S8_accel,T3_zscore_2.0,P3_long_short,1,-0.5997,-0.7442,-1.3382,-0.1774,-12.37,16.62,-69.72,0.3542,1.22,299,96,False
S8_accel,T3_zscore_neg_2.0,P1_long_cash,1,0.1082,0.5808,0.0,0.0,1.28,2.2,0.0,0.0312,0.39,299,96,True
S8_accel,T3_zscore_neg_2.0,P2_signal_strength,1,0.8918,0.7691,1.1736,0.6209,6.03,7.84,-9.71,0.6458,2.62,297,96,True
S8_accel,T3_zscore_neg_2.0,P3_long_short,1,-0.6863,-0.7363,-1.31,-0.1756,-12.24,16.63,-69.72,0.3542,0.78,299,96,False
S8_accel,T4_zero,P1_long_cash,1,0.872,0.5228,0.4997,0.3145,5.48,10.48,-17.42,0.2708,7.92,299,96,True
S8_accel,T4_zero,P2_signal_strength,1,0.8918,0.7691,1.1736,0.6209,6.03,7.84,-9.71,0.6458,2.62,297,96,True
S8_accel,T4_zero,P3_long_short,1,0.3422,-0.2268,-0.4336,-0.0716,-3.85,16.97,-53.76,0.4688,15.83,299,96,False
S8_accel,T1_fixed_p25,P1_long_cash,2,0.4865,0.7103,0.8961,0.28,8.63,12.15,-30.82,0.4062,6.0,299,96,True
S8_accel,T1_fixed_p25,P2_signal_strength,2,0.6081,0.8772,1.2458,0.6033,6.76,7.71,-11.21,0.6458,2.63,296,96,True
S8_accel,T1_fixed_p25,P3_long_short,2,0.1469,0.1446,0.2353,0.0474,2.46,16.99,-51.77,0.5625,12.0,299,96,True
S8_accel,T1_fixed_p50,P1_long_cash,2,0.3742,0.7614,0.8816,0.6053,7.8,10.25,-12.89,0.3125,8.0,299,96,True
S8_accel,T1_fixed_p50,P2_signal_strength,2,0.6081,0.8772,1.2458,0.6033,6.76,7.71,-11.21,0.6458,2.63,296,96,True
S8_accel,T1_fixed_p50,P3_long_short,2,-0.1578,0.0471,0.0804,0.0207,0.8,17.0,-38.71,0.5104,16.0,299,96,True
S8_accel,T1_fixed_p75,P1_long_cash,2,0.3034,0.8274,0.7965,0.8664,6.86,8.29,-7.92,0.2083,5.72,299,96,True
S8_accel,T1_fixed_p75,P2_signal_strength,2,0.6081,0.8772,1.2458,0.6033,6.76,7.71,-11.21,0.6458,2.63,296,96,True
S8_accel,T1_fixed_p75,P3_long_short,2,-0.4025,-0.0638,-0.1129,-0.0269,-1.08,17.0,-40.27,0.4583,11.44,299,96,False
S8_accel,T2_roll_p25,P1_long_cash,2,0.4954,0.7795,1.1149,0.3892,10.62,13.62,-27.27,0.4792,4.97,299,96,True
S8_accel,T2_roll_p25,P2_signal_strength,2,0.6081,0.8772,1.2458,0.6033,6.76,7.71,-11.21,0.6458,2.63,296,96,True
S8_accel,T2_roll_p25,P3_long_short,2,0.1707,0.3804,0.7071,0.1553,6.43,16.9,-41.38,0.5729,9.94,299,96,True
S8_accel,T2_roll_p50,P1_long_cash,2,0.4223,0.6325,0.7585,0.2915,6.93,10.96,-23.78,0.3333,7.39,299,96,True
S8_accel,T2_roll_p50,P2_signal_strength,2,0.6081,0.8772,1.2458,0.6033,6.76,7.71,-11.21,0.6458,2.63,296,96,True
S8_accel,T2_roll_p50,P3_long_short,2,-0.0841,-0.0552,-0.092,-0.0175,-0.94,17.0,-53.65,0.5104,14.78,299,96,False
S8_accel,T2_roll_p75,P1_long_cash,2,0.3649,0.7452,0.6785,0.7381,5.84,7.84,-7.92,0.1979,5.17,299,96,True
S8_accel,T2_roll_p75,P2_signal_strength,2,0.6081,0.8772,1.2458,0.6033,6.76,7.71,-11.21,0.6458,2.63,296,96,True
S8_accel,T2_roll_p75,P3_long_short,2,-0.342,-0.1835,-0.3203,-0.0633,-3.12,16.98,-49.25,0.4479,10.33,299,96,False
S8_accel,T3_zscore_1.0,P1_long_cash,2,0.2515,0.3425,0.1612,0.2243,1.78,5.18,-7.92,0.0729,2.5,299,96,True
S8_accel,T3_zscore_1.0,P2_signal_strength,2,0.6081,0.8772,1.2458,0.6033,6.76,7.71,-11.21,0.6458,2.63,296,96,True
S8_accel,T3_zscore_1.0,P3_long_short,2,-0.5361,-0.6743,-1.1949,-0.1583,-11.25,16.69,-71.07,0.3646,5.0,299,96,False
S8_accel,T3_zscore_neg_1.0,P1_long_cash,2,0.4128,0.1979,0.071,0.1077,1.35,6.8,-12.49,0.0729,2.39,299,96,True
S8_accel,T3_zscore_neg_1.0,P2_signal_strength,2,0.6081,0.8772,1.2458,0.6033,6.76,7.71,-11.21,0.6458,2.63,296,96,True
S8_accel,T3_zscore_neg_1.0,P3_long_short,2,-0.43,-0.7281,-1.2688,-0.1814,-12.11,16.63,-66.77,0.3646,4.78,299,96,False
S8_accel,T3_zscore_1.5,P1_long_cash,2,0.3456,0.197,0.0907,0.117,0.93,4.7,-7.92,0.0521,1.39,299,96,True
S8_accel,T3_zscore_1.5,P2_signal_strength,2,0.6081,0.8772,1.2458,0.6033,6.76,7.71,-11.21,0.6458,2.63,296,96,True
S8_accel,T3_zscore_1.5,P3_long_short,2,-0.5113,-0.781,-1.3935,-0.1779,-12.95,16.58,-72.8,0.3542,2.78,299,96,False
S8_accel,T3_zscore_neg_1.5,P1_long_cash,2,0.2576,0.3259,0.0,0.2482,0.9,2.77,-3.64,0.0312,1.06,299,96,True
S8_accel,T3_zscore_neg_1.5,P2_signal_strength,2,0.6081,0.8772,1.2458,0.6033,6.76,7.71,-11.21,0.6458,2.63,296,96,True
S8_accel,T3_zscore_neg_1.5,P3_long_short,2,-0.602,-0.784,-1.408,-0.1883,-13.0,16.58,-69.03,0.3438,2.11,299,96,False
S8_accel,T3_zscore_2.0,P1_long_cash,2,0.0467,0.4738,0.0,0.0,1.23,2.59,0.0,0.0312,0.61,299,96,True
S8_accel,T3_zscore_2.0,P2_signal_strength,2,0.6081,0.8772,1.2458,0.6033,6.76,7.71,-11.21,0.6458,2.63,296,96,True
S8_accel,T3_zscore_2.0,P3_long_short,2,-0.7016,-0.743,-1.3488,-0.1815,-12.35,16.62,-68.05,0.3542,1.22,299,96,False
S8_accel,T3_zscore_neg_2.0,P1_long_cash,2,0.2739,0.5581,0.0,0.0,1.36,2.43,0.0,0.0312,0.39,299,96,True
S8_accel,T3_zscore_neg_2.0,P2_signal_strength,2,0.6081,0.8772,1.2458,0.6033,6.76,7.71,-11.21,0.6458,2.63,296,96,True
S8_accel,T3_zscore_neg_2.0,P3_long_short,2,-0.6645,-0.7267,-1.2991,-0.1751,-12.09,16.64,-69.03,0.3542,0.78,299,96,False
S8_accel,T4_zero,P1_long_cash,2,0.337,0.9258,1.0616,1.1304,8.95,9.67,-7.92,0.3021,7.89,299,96,True
S8_accel,T4_zero,P2_signal_strength,2,0.6081,0.8772,1.2458,0.6033,6.76,7.71,-11.21,0.6458,2.63,296,96,True
S8_accel,T4_zero,P3_long_short,2,-0.2275,0.1823,0.3138,0.083,3.09,16.98,-37.31,0.5208,15.78,299,96,True
S8_accel,T1_fixed_p25,P1_long_cash,3,0.4265,0.421,0.4459,0.2289,5.14,12.22,-22.48,0.3854,5.97,299,96,True
S8_accel,T1_fixed_p25,P2_signal_strength,3,0.6005,0.4673,0.4697,0.271,3.85,8.25,-14.23,0.6458,2.63,295,96,True
S8_accel,T1_fixed_p25,P3_long_short,3,0.0114,-0.2662,-0.4261,-0.0797,-4.51,16.95,-56.62,0.5208,11.94,299,96,False
S8_accel,T1_fixed_p50,P1_long_cash,3,0.4937,0.3929,0.361,0.1951,4.28,10.9,-21.96,0.2917,7.97,299,96,True
S8_accel,T1_fixed_p50,P2_signal_strength,3,0.6005,0.4673,0.4697,0.271,3.85,8.25,-14.23,0.6458,2.63,295,96,True
S8_accel,T1_fixed_p50,P3_long_short,3,-0.0236,-0.3689,-0.6004,-0.1081,-6.24,16.91,-57.7,0.4688,15.94,299,96,False
S8_accel,T1_fixed_p75,P1_long_cash,3,0.3083,0.0246,0.0191,0.0079,0.23,9.37,-29.27,0.1771,5.78,299,96,True
S8_accel,T1_fixed_p75,P2_signal_strength,3,0.6005,0.4673,0.4697,0.271,3.85,8.25,-14.23,0.6458,2.63,295,96,True
S8_accel,T1_fixed_p75,P3_long_short,3,-0.4401,-0.87,-1.3967,-0.1948,-14.34,16.48,-73.63,0.3854,11.56,299,96,False
S8_accel,T2_roll_p25,P1_long_cash,3,0.4383,0.4527,0.5761,0.3176,6.17,13.62,-19.42,0.4583,4.97,299,96,True
S8_accel,T2_roll_p25,P2_signal_strength,3,0.6005,0.4673,0.4697,0.271,3.85,8.25,-14.23,0.6458,2.63,295,96,True
S8_accel,T2_roll_p25,P3_long_short,3,0.0352,-0.1453,-0.2287,-0.052,-2.47,16.99,-47.52,0.5312,9.94,299,96,False
S8_accel,T2_roll_p50,P1_long_cash,3,0.4582,0.2551,0.2409,0.123,2.91,11.41,-23.68,0.3125,7.36,299,96,True
S8_accel,T2_roll_p50,P2_signal_strength,3,0.6005,0.4673,0.4697,0.271,3.85,8.25,-14.23,0.6458,2.63,295,96,True
S8_accel,T2_roll_p50,P3_long_short,3,-0.0733,-0.5344,-0.8685,-0.1394,-8.98,16.8,-64.43,0.4688,14.72,299,96,False
S8_accel,T2_roll_p75,P1_long_cash,3,0.2594,-0.0507,-0.0383,-0.0159,-0.46,9.16,-29.27,0.1667,5.17,299,96,False
S8_accel,T2_roll_p75,P2_signal_strength,3,0.6005,0.4673,0.4697,0.271,3.85,8.25,-14.23,0.6458,2.63,295,96,True
S8_accel,T2_roll_p75,P3_long_short,3,-0.4879,-0.9605,-1.5426,-0.2059,-15.73,16.38,-76.4,0.375,10.33,299,96,False
S8_accel,T3_zscore_1.0,P1_long_cash,3,0.2929,-0.3671,-0.1514,-0.113,-2.13,5.79,-18.82,0.0521,2.5,299,96,False
S8_accel,T3_zscore_1.0,P2_signal_strength,3,0.6005,0.4673,0.4697,0.271,3.85,8.25,-14.23,0.6458,2.63,295,96,True
S8_accel,T3_zscore_1.0,P3_long_short,3,-0.5368,-1.1852,-1.933,-0.2397,-19.06,16.08,-79.48,0.3229,5.0,299,96,False
S8_accel,T3_zscore_neg_1.0,P1_long_cash,3,0.4085,0.5817,0.3839,0.5011,4.23,7.27,-8.44,0.0729,2.39,299,96,True
S8_accel,T3_zscore_neg_1.0,P2_signal_strength,3,0.6005,0.4673,0.4697,0.271,3.85,8.25,-14.23,0.6458,2.63,295,96,True
S8_accel,T3_zscore_neg_1.0,P3_long_short,3,-0.3813,-0.3754,-0.8032,-0.1187,-6.35,16.9,-53.45,0.3646,4.78,299,96,False
S8_accel,T3_zscore_1.5,P1_long_cash,3,0.2773,-0.5369,-0.2129,-0.1237,-2.99,5.57,-24.18,0.0208,1.39,299,96,False
S8_accel,T3_zscore_1.5,P2_signal_strength,3,0.6005,0.4673,0.4697,0.271,3.85,8.25,-14.23,0.6458,2.63,295,96,True
S8_accel,T3_zscore_1.5,P3_long_short,3,-0.5884,-1.3075,-2.1348,-0.253,-20.78,15.9,-82.13,0.2917,2.78,299,96,False
S8_accel,T3_zscore_neg_1.5,P1_long_cash,3,0.3437,0.3974,0.0,0.489,1.34,3.37,-2.74,0.0312,1.06,299,96,True
S8_accel,T3_zscore_neg_1.5,P2_signal_strength,3,0.6005,0.4673,0.4697,0.271,3.85,8.25,-14.23,0.6458,2.63,295,96,True
S8_accel,T3_zscore_neg_1.5,P3_long_short,3,-0.5256,-0.7287,-1.3351,-0.1847,-12.12,16.63,-65.63,0.3438,2.11,299,96,False
S8_accel,T3_zscore_2.0,P1_long_cash,3,0.0404,-0.3528,-0.1324,-0.0988,-1.03,2.91,-10.4,0.0104,0.61,299,96,False
S8_accel,T3_zscore_2.0,P2_signal_strength,3,0.6005,0.4673,0.4697,0.271,3.85,8.25,-14.23,0.6458,2.63,295,96,True
S8_accel,T3_zscore_2.0,P3_long_short,3,-0.7026,-1.0352,-1.8371,-0.2189,-16.86,16.28,-76.99,0.3125,1.22,299,96,False
S8_accel,T3_zscore_neg_2.0,P1_long_cash,3,-0.106,0.5233,0.0,0.0,1.68,3.22,0.0,0.0312,0.39,299,96,True
S8_accel,T3_zscore_neg_2.0,P2_signal_strength,3,0.6005,0.4673,0.4697,0.271,3.85,8.25,-14.23,0.6458,2.63,295,96,True
S8_accel,T3_zscore_neg_2.0,P3_long_short,3,-0.7514,-0.6859,-1.2513,-0.1743,-11.44,16.67,-65.63,0.3542,0.78,299,96,False
S8_accel,T4_zero,P1_long_cash,3,0.4195,0.2472,0.2155,0.1104,2.56,10.34,-23.17,0.2604,7.86,299,96,True
S8_accel,T4_zero,P2_signal_strength,3,0.6005,0.4673,0.4697,0.271,3.85,8.25,-14.23,0.6458,2.63,295,96,True
S8_accel,T4_zero,P3_long_short,3,-0.1375,-0.5778,-0.9218,-0.15,-9.69,16.77,-64.61,0.4375,15.72,299,96,False
S8_accel,T1_fixed_p25,P1_long_cash,4,0.7248,1.1533,1.7632,1.6834,13.88,12.04,-8.25,0.4271,5.94,299,96,True
S8_accel,T1_fixed_p25,P2_signal_strength,4,0.8177,0.988,1.8051,0.9497,7.76,7.86,-8.18,0.6667,2.63,294,96,True
S8_accel,T1_fixed_p25,P3_long_short,4,0.5748,0.7817,1.6888,0.4736,12.96,16.58,-27.37,0.5833,11.89,299,96,True
S8_accel,T1_fixed_p50,P1_long_cash,4,0.831,0.9368,1.4691,0.8421,10.0,10.68,-11.88,0.2917,7.94,299,96,True
S8_accel,T1_fixed_p50,P2_signal_strength,4,0.8177,0.988,1.8051,0.9497,7.76,7.86,-8.18,0.6667,2.63,294,96,True
S8_accel,T1_fixed_p50,P3_long_short,4,0.5139,0.3074,0.6962,0.1224,5.21,16.93,-42.55,0.4688,15.89,299,96,True
S8_accel,T1_fixed_p75,P1_long_cash,4,0.677,0.9626,1.4339,1.4485,9.09,9.45,-6.28,0.2083,5.83,299,96,True
S8_accel,T1_fixed_p75,P2_signal_strength,4,0.8177,0.988,1.8051,0.9497,7.76,7.86,-8.18,0.6667,2.63,294,96,True
S8_accel,T1_fixed_p75,P3_long_short,4,0.0167,0.1993,0.4763,0.0776,3.38,16.97,-43.61,0.4479,11.67,299,96,True
S8_accel,T2_roll_p25,P1_long_cash,4,0.7311,0.8607,1.1311,0.5795,12.63,14.67,-21.79,0.4792,4.97,299,96,True
S8_accel,T2_roll_p25,P2_signal_strength,4,0.8177,0.988,1.8051,0.9497,7.76,7.86,-8.18,0.6667,2.63,294,96,True
S8_accel,T2_roll_p25,P3_long_short,4,0.5855,0.6247,1.1011,0.5072,10.45,16.73,-20.61,0.5729,9.94,299,96,True
S8_accel,T2_roll_p50,P1_long_cash,4,0.8646,0.9348,1.3839,1.2714,10.6,11.33,-8.33,0.3229,7.33,299,96,True
S8_accel,T2_roll_p50,P2_signal_strength,4,0.8177,0.988,1.8051,0.9497,7.76,7.86,-8.18,0.6667,2.63,294,96,True
S8_accel,T2_roll_p50,P3_long_short,4,0.5661,0.378,0.8624,0.1481,6.39,16.9,-43.13,0.4896,14.67,299,96,True
S8_accel,T2_roll_p75,P1_long_cash,4,0.679,1.0714,1.9669,1.5632,9.81,9.16,-6.28,0.2083,5.17,299,96,True
S8_accel,T2_roll_p75,P2_signal_strength,4,0.8177,0.988,1.8051,0.9497,7.76,7.86,-8.18,0.6667,2.63,294,96,True
S8_accel,T2_roll_p75,P3_long_short,4,0.0132,0.2847,0.6817,0.1314,4.82,16.94,-36.71,0.4583,10.33,299,96,True
S8_accel,T3_zscore_1.0,P1_long_cash,4,0.4781,0.6116,0.7693,1.4514,3.98,6.5,-2.74,0.0729,2.5,299,96,True
S8_accel,T3_zscore_1.0,P2_signal_strength,4,0.8177,0.988,1.8051,0.9497,7.76,7.86,-8.18,0.6667,2.63,294,96,True
S8_accel,T3_zscore_1.0,P3_long_short,4,-0.3689,-0.4054,-0.8646,-0.1267,-6.85,16.89,-54.04,0.3646,5.0,299,96,False
S8_accel,T3_zscore_neg_1.0,P1_long_cash,4,-0.0379,0.1248,0.0664,0.0868,0.72,5.78,-8.31,0.0625,2.39,299,96,True
S8_accel,T3_zscore_neg_1.0,P2_signal_strength,4,0.8177,0.988,1.8051,0.9497,7.76,7.86,-8.18,0.6667,2.63,294,96,True
S8_accel,T3_zscore_neg_1.0,P3_long_short,4,-0.7469,-0.807,-1.4322,-0.1916,-13.36,16.55,-69.72,0.3438,4.78,299,96,False
S8_accel,T3_zscore_1.5,P1_long_cash,4,0.4726,0.4697,0.5591,1.0549,2.89,6.16,-2.74,0.0417,1.39,299,96,True
S8_accel,T3_zscore_1.5,P2_signal_strength,4,0.8177,0.988,1.8051,0.9497,7.76,7.86,-8.18,0.6667,2.63,294,96,True
S8_accel,T3_zscore_1.5,P3_long_short,4,-0.4465,-0.5369,-1.1382,-0.1561,-9.02,16.8,-57.78,0.3333,2.78,299,96,False
S8_accel,T3_zscore_neg_1.5,P1_long_cash,4,0.2476,-0.1056,-0.0509,-0.0571,-0.39,3.74,-6.91,0.0208,1.06,299,96,False
S8_accel,T3_zscore_neg_1.5,P2_signal_strength,4,0.8177,0.988,1.8051,0.9497,7.76,7.86,-8.18,0.6667,2.63,294,96,True
S8_accel,T3_zscore_neg_1.5,P3_long_short,4,-0.5863,-0.9514,-1.7219,-0.2088,-15.59,16.39,-74.67,0.3229,2.11,299,96,False
S8_accel,T3_zscore_2.0,P1_long_cash,4,0.3598,0.1914,0.0,0.1172,0.29,1.53,-2.49,0.0208,0.61,299,96,True
S8_accel,T3_zscore_2.0,P2_signal_strength,4,0.8177,0.988,1.8051,0.9497,7.76,7.86,-8.18,0.6667,2.63,294,96,True
S8_accel,T3_zscore_2.0,P3_long_short,4,-0.5629,-0.862,-1.5424,-0.1943,-14.22,16.49,-73.18,0.3333,1.22,299,96,False
S8_accel,T3_zscore_neg_2.0,P1_long_cash,4,-0.1146,-0.123,-0.0592,-0.0665,-0.46,3.73,-6.91,0.0104,0.39,299,96,False
S8_accel,T3_zscore_neg_2.0,P2_signal_strength,4,0.8177,0.988,1.8051,0.9497,7.76,7.86,-8.18,0.6667,2.63,294,96,True
S8_accel,T3_zscore_neg_2.0,P3_long_short,4,-0.7604,-0.9599,-1.7272,-0.2102,-15.72,16.38,-74.8,0.3125,0.78,299,96,False
S8_accel,T4_zero,P1_long_cash,4,0.8385,1.0779,1.7507,1.3536,11.01,10.21,-8.13,0.2812,7.83,299,96,True
S8_accel,T4_zero,P2_signal_strength,4,0.8177,0.988,1.8051,0.9497,7.76,7.86,-8.18,0.6667,2.63,294,96,True
S8_accel,T4_zero,P3_long_short,4,0.4729,0.4275,0.974,0.1695,7.21,16.87,-42.55,0.4792,15.67,299,96,True
S8_accel,T1_fixed_p25,P1_long_cash,5,0.4293,0.4666,0.5973,0.2596,5.9,12.64,-22.71,0.375,5.92,299,96,True
S8_accel,T1_fixed_p25,P2_signal_strength,5,0.5237,0.6932,0.8456,0.4445,6.05,8.73,-13.61,0.6667,2.64,293,96,True
S8_accel,T1_fixed_p25,P3_long_short,5,0.0329,-0.1773,-0.3067,-0.0641,-3.01,16.98,-46.97,0.4896,11.83,299,96,False
S8_accel,T1_fixed_p50,P1_long_cash,5,0.3024,0.313,0.3424,0.1236,3.57,11.4,-28.86,0.2812,7.94,299,96,True
S8_accel,T1_fixed_p50,P2_signal_strength,5,0.5237,0.6932,0.8456,0.4445,6.05,8.73,-13.61,0.6667,2.64,293,96,True
S8_accel,T1_fixed_p50,P3_long_short,5,-0.3157,-0.4549,-0.7669,-0.1228,-7.67,16.86,-62.46,0.4479,15.89,299,96,False
S8_accel,T1_fixed_p75,P1_long_cash,5,0.0517,0.3903,0.343,0.2156,3.72,9.53,-17.25,0.1979,5.78,299,96,True
S8_accel,T1_fixed_p75,P2_signal_strength,5,0.5237,0.6932,0.8456,0.4445,6.05,8.73,-13.61,0.6667,2.64,293,96,True
S8_accel,T1_fixed_p75,P3_long_short,5,-0.6684,-0.4366,-0.7567,-0.1375,-7.36,16.87,-53.55,0.4271,11.56,299,96,False
S8_accel,T2_roll_p25,P1_long_cash,5,0.3899,0.737,1.0969,0.5,10.47,14.2,-20.94,0.4583,4.97,299,96,True
S8_accel,T2_roll_p25,P2_signal_strength,5,0.5237,0.6932,0.8456,0.4445,6.05,8.73,-13.61,0.6667,2.64,293,96,True
S8_accel,T2_roll_p25,P3_long_short,5,-0.0242,0.3628,0.735,0.2064,6.13,16.91,-29.71,0.5417,9.94,299,96,True
S8_accel,T2_roll_p50,P1_long_cash,5,0.3297,0.365,0.4152,0.1926,4.3,11.77,-22.31,0.3021,7.31,299,96,True
S8_accel,T2_roll_p50,P2_signal_strength,5,0.5237,0.6932,0.8456,0.4445,6.05,8.73,-13.61,0.6667,2.64,293,96,True
S8_accel,T2_roll_p50,P3_long_short,5,-0.2794,-0.3673,-0.6385,-0.1071,-6.21,16.91,-57.96,0.4583,14.61,299,96,False
S8_accel,T2_roll_p75,P1_long_cash,5,0.0145,0.3158,0.2705,0.17,2.93,9.29,-17.25,0.1875,5.17,299,96,True
S8_accel,T2_roll_p75,P2_signal_strength,5,0.5237,0.6932,0.8456,0.4445,6.05,8.73,-13.61,0.6667,2.64,293,96,True
S8_accel,T2_roll_p75,P3_long_short,5,-0.7047,-0.5319,-0.9213,-0.1514,-8.94,16.8,-59.04,0.4167,10.33,299,96,False
S8_accel,T3_zscore_1.0,P1_long_cash,5,-0.0535,0.037,0.0439,0.0143,0.27,7.34,-19.0,0.0625,2.5,299,96,True
S8_accel,T3_zscore_1.0,P2_signal_strength,5,0.5237,0.6932,0.8456,0.4445,6.05,8.73,-13.61,0.6667,2.64,293,96,True
S8_accel,T3_zscore_1.0,P3_long_short,5,-0.7583,-0.8647,-1.5663,-0.1986,-14.26,16.49,-71.82,0.3438,5.0,299,96,False
S8_accel,T3_zscore_neg_1.0,P1_long_cash,5,0.5619,-0.1564,-0.0449,-0.0465,-0.8,5.13,-17.26,0.0625,2.39,299,96,False
S8_accel,T3_zscore_neg_1.0,P2_signal_strength,5,0.5237,0.6932,0.8456,0.4445,6.05,8.73,-13.61,0.6667,2.64,293,96,True
S8_accel,T3_zscore_neg_1.0,P3_long_short,5,-0.2744,-1.0052,-1.6482,-0.2088,-16.41,16.32,-78.58,0.3438,4.78,299,96,False
S8_accel,T3_zscore_1.5,P1_long_cash,5,0.1294,-0.03,-0.0251,-0.0118,-0.19,6.33,-16.02,0.0417,1.39,299,96,False
S8_accel,T3_zscore_1.5,P2_signal_strength,5,0.5237,0.6932,0.8456,0.4445,6.05,8.73,-13.61,0.6667,2.64,293,96,True
S8_accel,T3_zscore_1.5,P3_long_short,5,-0.6581,-0.9245,-1.6799,-0.2057,-15.18,16.42,-73.82,0.3333,2.78,299,96,False
S8_accel,T3_zscore_neg_1.5,P1_long_cash,5,0.4925,-0.1263,-0.0796,-0.0397,-0.24,1.93,-6.14,0.0208,1.06,299,96,False
S8_accel,T3_zscore_neg_1.5,P2_signal_strength,5,0.5237,0.6932,0.8456,0.4445,6.05,8.73,-13.61,0.6667,2.64,293,96,True
S8_accel,T3_zscore_neg_1.5,P3_long_short,5,-0.4879,-0.9316,-1.6742,-0.1997,-15.29,16.41,-76.55,0.3229,2.11,299,96,False
S8_accel,T3_zscore_2.0,P1_long_cash,5,0.0891,-0.0617,-0.0319,-0.0367,-0.32,5.24,-8.8,0.0104,0.61,299,96,False
S8_accel,T3_zscore_2.0,P2_signal_strength,5,0.5237,0.6932,0.8456,0.4445,6.05,8.73,-13.61,0.6667,2.64,293,96,True
S8_accel,T3_zscore_2.0,P3_long_short,5,-0.6886,-0.942,-1.7441,-0.2081,-15.45,16.4,-74.24,0.3125,1.22,299,96,False
S8_accel,T3_zscore_neg_2.0,P1_long_cash,5,0.4019,-0.3181,-0.1788,-0.0892,-0.55,1.72,-6.14,0.0104,0.39,299,96,False
S8_accel,T3_zscore_neg_2.0,P2_signal_strength,5,0.5237,0.6932,0.8456,0.4445,6.05,8.73,-13.61,0.6667,2.64,293,96,True
S8_accel,T3_zscore_neg_2.0,P3_long_short,5,-0.5858,-0.9715,-1.7501,-0.2077,-15.9,16.36,-76.55,0.3125,0.78,299,96,False
S8_accel,T4_zero,P1_long_cash,5,0.3035,0.356,0.3808,0.1749,3.78,10.62,-21.61,0.2604,7.83,299,96,True
S8_accel,T4_zero,P2_signal_strength,5,0.5237,0.6932,0.8456,0.4445,6.05,8.73,-13.61,0.6667,2.64,293,96,True
S8_accel,T4_zero,P3_long_short,5,-0.3204,-0.4292,-0.7354,-0.1184,-7.24,16.87,-61.14,0.4375,15.67,299,96,False
S8_accel,T1_fixed_p25,P1_long_cash,6,0.5811,0.6335,0.6991,0.4972,7.62,12.03,-15.33,0.3958,5.92,299,96,True
S8_accel,T1_fixed_p25,P2_signal_strength,6,0.7448,0.8191,0.8992,0.4714,6.42,7.83,-13.61,0.6667,2.64,292,96,True
S8_accel,T1_fixed_p25,P3_long_short,6,0.3191,0.0258,0.0432,0.0088,0.44,17.0,-49.71,0.5417,11.83,299,96,True
S8_accel,T1_fixed_p50,P1_long_cash,6,0.5774,0.5326,0.4599,0.3846,5.49,10.31,-14.27,0.3125,7.92,299,96,True
S8_accel,T1_fixed_p50,P2_signal_strength,6,0.7448,0.8191,0.8992,0.4714,6.42,7.83,-13.61,0.6667,2.64,292,96,True
S8_accel,T1_fixed_p50,P3_long_short,6,0.1116,-0.2255,-0.373,-0.0598,-3.83,16.97,-63.98,0.5104,15.83,299,96,False
S8_accel,T1_fixed_p75,P1_long_cash,6,0.5681,0.2753,0.1621,0.1601,2.28,8.3,-14.27,0.1979,5.75,299,96,True
S8_accel,T1_fixed_p75,P2_signal_strength,6,0.7448,0.8191,0.8992,0.4714,6.42,7.83,-13.61,0.6667,2.64,292,96,True
S8_accel,T1_fixed_p75,P3_long_short,6,-0.1699,-0.6113,-0.9916,-0.1503,-10.23,16.74,-68.08,0.4375,11.5,299,96,False
S8_accel,T2_roll_p25,P1_long_cash,6,0.5966,0.716,0.9086,0.4022,9.51,13.28,-23.64,0.4896,4.97,299,96,True
S8_accel,T2_roll_p25,P2_signal_strength,6,0.7448,0.8191,0.8992,0.4714,6.42,7.83,-13.61,0.6667,2.64,292,96,True
S8_accel,T2_roll_p25,P3_long_short,6,0.3385,0.2484,0.3969,0.1034,4.21,16.96,-40.72,0.6042,9.94,299,96,True
S8_accel,T2_roll_p50,P1_long_cash,6,0.6022,0.4792,0.4811,0.2992,5.31,11.09,-17.76,0.3229,7.31,299,96,True
S8_accel,T2_roll_p50,P2_signal_strength,6,0.7448,0.8191,0.8992,0.4714,6.42,7.83,-13.61,0.6667,2.64,292,96,True
S8_accel,T2_roll_p50,P3_long_short,6,0.1301,-0.2461,-0.4247,-0.0647,-4.17,16.96,-64.48,0.5,14.61,299,96,False
S8_accel,T2_roll_p75,P1_long_cash,6,0.5432,0.3153,0.1754,0.1821,2.6,8.24,-14.27,0.1979,5.14,299,96,True
S8_accel,T2_roll_p75,P2_signal_strength,6,0.7448,0.8191,0.8992,0.4714,6.42,7.83,-13.61,0.6667,2.64,292,96,True
S8_accel,T2_roll_p75,P3_long_short,6,-0.2032,-0.5726,-0.9252,-0.1446,-9.6,16.77,-66.44,0.4479,10.28,299,96,False
S8_accel,T3_zscore_1.0,P1_long_cash,6,0.7566,0.206,0.0629,0.0915,1.31,6.34,-14.27,0.0729,2.5,299,96,True
S8_accel,T3_zscore_1.0,P2_signal_strength,6,0.7448,0.8191,0.8992,0.4714,6.42,7.83,-13.61,0.6667,2.64,292,96,True
S8_accel,T3_zscore_1.0,P3_long_short,6,-0.2326,-0.7331,-1.2284,-0.1689,-12.19,16.63,-72.2,0.3646,5.0,299,96,False
S8_accel,T3_zscore_neg_1.0,P1_long_cash,6,0.3688,0.3281,0.2231,0.2387,2.47,7.52,-10.33,0.0625,2.39,299,96,True
S8_accel,T3_zscore_neg_1.0,P2_signal_strength,6,0.7448,0.8191,0.8992,0.4714,6.42,7.83,-13.61,0.6667,2.64,292,96,True
S8_accel,T3_zscore_neg_1.0,P3_long_short,6,-0.4824,-0.589,-1.2255,-0.1654,-9.87,16.76,-59.68,0.3438,4.78,299,96,False
S8_accel,T3_zscore_1.5,P1_long_cash,6,0.5988,0.194,0.0419,0.0944,1.18,6.07,-12.49,0.0521,1.39,299,96,True
S8_accel,T3_zscore_1.5,P2_signal_strength,6,0.7448,0.8191,0.8992,0.4714,6.42,7.83,-13.61,0.6667,2.64,292,96,True
S8_accel,T3_zscore_1.5,P3_long_short,6,-0.4521,-0.7491,-1.2575,-0.1735,-12.45,16.61,-71.73,0.3542,2.78,299,96,False
S8_accel,T3_zscore_neg_1.5,P1_long_cash,6,0.4654,0.0038,0.0012,0.0017,0.02,5.06,-11.08,0.0208,1.06,299,96,True
S8_accel,T3_zscore_neg_1.5,P2_signal_strength,6,0.7448,0.8191,0.8992,0.4714,6.42,7.83,-13.61,0.6667,2.64,292,96,True
S8_accel,T3_zscore_neg_1.5,P3_long_short,6,-0.5508,-0.8973,-1.6728,-0.2028,-14.76,16.45,-72.78,0.3229,2.11,299,96,False
S8_accel,T3_zscore_2.0,P1_long_cash,6,0.3295,0.5929,0.0,0.0,2.34,3.95,0.0,0.0312,0.61,299,96,True
S8_accel,T3_zscore_2.0,P2_signal_strength,6,0.7448,0.8191,0.8992,0.4714,6.42,7.83,-13.61,0.6667,2.64,292,96,True
S8_accel,T3_zscore_2.0,P3_long_short,6,-0.6199,-0.6043,-1.1115,-0.1576,-10.12,16.75,-64.21,0.3542,1.22,299,96,False
S8_accel,T3_zscore_neg_2.0,P1_long_cash,6,0.2811,-0.0104,-0.0034,-0.0047,-0.05,5.05,-11.08,0.0104,0.39,299,96,False
S8_accel,T3_zscore_neg_2.0,P2_signal_strength,6,0.7448,0.8191,0.8992,0.4714,6.42,7.83,-13.61,0.6667,2.64,292,96,True
S8_accel,T3_zscore_neg_2.0,P3_long_short,6,-0.625,-0.9067,-1.6806,-0.2039,-14.91,16.44,-73.1,0.3125,0.78,299,96,False
S8_accel,T4_zero,P1_long_cash,6,0.5974,0.3876,0.3201,0.2217,3.82,9.86,-17.24,0.2812,7.81,299,96,True
S8_accel,T4_zero,P2_signal_strength,6,0.7448,0.8191,0.8992,0.4714,6.42,7.83,-13.61,0.6667,2.64,292,96,True
S8_accel,T4_zero,P3_long_short,6,0.1171,-0.4244,-0.7013,-0.1032,-7.16,16.87,-69.4,0.4792,15.61,299,96,False
S8_accel,T1_fixed_p25,P1_long_cash,7,0.5963,0.7101,0.77,0.4503,8.47,11.93,-18.81,0.3854,5.92,299,96,True
S8_accel,T1_fixed_p25,P2_signal_strength,7,0.7187,0.611,0.8847,0.4664,4.79,7.83,-10.26,0.6458,2.65,291,96,True
S8_accel,T1_fixed_p25,P3_long_short,7,0.3401,0.126,0.2174,0.0532,2.14,16.99,-40.27,0.5312,11.83,299,96,True
S8_accel,T1_fixed_p50,P1_long_cash,7,0.7106,0.7351,0.7086,0.5504,7.45,10.13,-13.53,0.3021,7.89,299,96,True
S8_accel,T1_fixed_p50,P2_signal_strength,7,0.7187,0.611,0.8847,0.4664,4.79,7.83,-10.26,0.6458,2.65,291,96,True
S8_accel,T1_fixed_p50,P3_long_short,7,0.2132,0.0055,0.0098,0.0025,0.09,17.0,-36.76,0.4896,15.78,299,96,True
S8_accel,T1_fixed_p75,P1_long_cash,7,0.6043,0.4542,0.3417,0.2793,3.85,8.47,-13.78,0.1771,5.72,299,96,True
S8_accel,T1_fixed_p75,P2_signal_strength,7,0.7187,0.611,0.8847,0.4664,4.79,7.83,-10.26,0.6458,2.65,291,96,True
S8_accel,T1_fixed_p75,P3_long_short,7,-0.1711,-0.421,-0.7604,-0.1246,-7.1,16.88,-57.0,0.3958,11.44,299,96,False
S8_accel,T2_roll_p25,P1_long_cash,7,0.5437,0.6177,0.7873,0.3817,8.21,13.29,-21.51,0.4479,4.97,299,96,True
S8_accel,T2_roll_p25,P2_signal_strength,7,0.7187,0.611,0.8847,0.4664,4.79,7.83,-10.26,0.6458,2.65,291,96,True
S8_accel,T2_roll_p25,P3_long_short,7,0.2626,0.0951,0.1657,0.0352,1.62,17.0,-45.84,0.5312,9.94,299,96,True
S8_accel,T2_roll_p50,P1_long_cash,7,0.7028,0.7168,0.6742,0.4177,7.86,10.96,-18.81,0.3229,7.31,299,96,True
S8_accel,T2_roll_p50,P2_signal_strength,7,0.7187,0.611,0.8847,0.4664,4.79,7.83,-10.26,0.6458,2.65,291,96,True
S8_accel,T2_roll_p50,P3_long_short,7,0.2146,0.0538,0.0923,0.0227,0.91,17.0,-40.27,0.5104,14.61,299,96,True
S8_accel,T2_roll_p75,P1_long_cash,7,0.5361,0.4036,0.3006,0.2456,3.39,8.39,-13.78,0.1667,5.11,299,96,True
S8_accel,T2_roll_p75,P2_signal_strength,7,0.7187,0.611,0.8847,0.4664,4.79,7.83,-10.26,0.6458,2.65,291,96,True
S8_accel,T2_roll_p75,P3_long_short,7,-0.2375,-0.4769,-0.8671,-0.1337,-8.03,16.84,-60.07,0.3854,10.22,299,96,False
S8_accel,T3_zscore_1.0,P1_long_cash,7,0.3849,0.2448,0.1218,0.1707,1.5,6.14,-8.8,0.0521,2.5,299,96,True
S8_accel,T3_zscore_1.0,P2_signal_strength,7,0.7187,0.611,0.8847,0.4664,4.79,7.83,-10.26,0.6458,2.65,291,96,True
S8_accel,T3_zscore_1.0,P3_long_short,7,-0.4848,-0.7083,-1.3435,-0.1802,-11.8,16.65,-65.47,0.3229,5.0,299,96,False
S8_accel,T3_zscore_neg_1.0,P1_long_cash,7,0.3036,1.136,0.0001,0.0,7.81,6.87,0.0,0.1146,2.39,299,96,True
S8_accel,T3_zscore_neg_1.0,P2_signal_strength,7,0.7187,0.611,0.8847,0.4664,4.79,7.83,-10.26,0.6458,2.65,291,96,True
S8_accel,T3_zscore_neg_1.0,P3_long_short,7,-0.5012,0.0479,0.092,0.0152,0.81,17.0,-53.45,0.4375,4.78,299,96,True
S8_accel,T3_zscore_1.5,P1_long_cash,7,0.2172,0.5663,5.5303,2.8656,2.92,5.16,-1.02,0.0521,1.39,299,96,True
S8_accel,T3_zscore_1.5,P2_signal_strength,7,0.7187,0.611,0.8847,0.4664,4.79,7.83,-10.26,0.6458,2.65,291,96,True
S8_accel,T3_zscore_1.5,P3_long_short,7,-0.6456,-0.5334,-1.0501,-0.1458,-8.96,16.8,-61.45,0.3542,2.78,299,96,False
S8_accel,T3_zscore_neg_1.5,P1_long_cash,7,0.4515,0.7388,0.0,0.0,3.99,5.4,0.0,0.0521,1.06,299,96,True
S8_accel,T3_zscore_neg_1.5,P2_signal_strength,7,0.7187,0.611,0.8847,0.4664,4.79,7.83,-10.26,0.6458,2.65,291,96,True
S8_accel,T3_zscore_neg_1.5,P3_long_short,7,-0.5038,-0.4039,-0.7784,-0.1112,-6.82,16.89,-61.31,0.375,2.11,299,96,False
S8_accel,T3_zscore_2.0,P1_long_cash,7,0.3036,0.1431,0.3359,0.0978,0.18,1.24,-1.81,0.0104,0.61,299,96,True
S8_accel,T3_zscore_2.0,P2_signal_strength,7,0.7187,0.611,0.8847,0.4664,4.79,7.83,-10.26,0.6458,2.65,291,96,True
S8_accel,T3_zscore_2.0,P3_long_short,7,-0.6673,-0.8769,-1.5577,-0.1988,-14.45,16.48,-72.67,0.3125,1.22,299,96,False
S8_accel,T3_zscore_neg_2.0,P1_long_cash,7,0.1932,0.5751,0.0,0.0,2.82,4.91,0.0,0.0312,0.39,299,96,True
S8_accel,T3_zscore_neg_2.0,P2_signal_strength,7,0.7187,0.611,0.8847,0.4664,4.79,7.83,-10.26,0.6458,2.65,291,96,True
S8_accel,T3_zscore_neg_2.0,P3_long_short,7,-0.6603,-0.5452,-1.0572,-0.1493,-9.16,16.79,-61.31,0.3542,0.78,299,96,False
S8_accel,T4_zero,P1_long_cash,7,0.6966,0.6625,0.6078,0.4635,6.56,9.91,-14.16,0.2812,7.78,299,96,True
S8_accel,T4_zero,P2_signal_strength,7,0.7187,0.611,0.8847,0.4664,4.79,7.83,-10.26,0.6458,2.65,291,96,True
S8_accel,T4_zero,P3_long_short,7,0.1733,-0.0986,-0.1793,-0.0456,-1.68,16.99,-36.76,0.4792,15.56,299,96,False
S8_accel,T1_fixed_p25,P1_long_cash,8,0.4451,0.6243,0.711,0.3632,8.05,12.9,-22.17,0.3958,5.97,299,96,True
S8_accel,T1_fixed_p25,P2_signal_strength,8,0.6152,0.9119,1.2972,0.6342,7.61,8.35,-12.0,0.6562,2.65,290,96,True
S8_accel,T1_fixed_p25,P3_long_short,8,0.0822,0.0765,0.1245,0.0284,1.3,17.0,-45.87,0.5521,11.94,299,96,True
S8_accel,T1_fixed_p50,P1_long_cash,8,0.3456,0.7151,0.846,0.6859,8.02,11.21,-11.69,0.3125,7.86,299,96,True
S8_accel,T1_fixed_p50,P2_signal_strength,8,0.6152,0.9119,1.2972,0.6342,7.61,8.35,-12.0,0.6562,2.65,290,96,True
S8_accel,T1_fixed_p50,P3_long_short,8,-0.2394,0.0728,0.1303,0.0426,1.24,17.0,-29.03,0.5104,15.72,299,96,True
S8_accel,T1_fixed_p75,P1_long_cash,8,0.2682,0.8084,0.9122,0.6573,7.42,9.18,-11.28,0.2083,5.72,299,96,True
S8_accel,T1_fixed_p75,P2_signal_strength,8,0.6152,0.9119,1.2972,0.6342,7.61,8.35,-12.0,0.6562,2.65,290,96,True
S8_accel,T1_fixed_p75,P3_long_short,8,-0.4525,0.0019,0.0037,0.0008,0.03,17.0,-40.13,0.4583,11.44,299,96,True
S8_accel,T2_roll_p25,P1_long_cash,8,0.3918,0.814,1.0778,0.5139,11.39,13.99,-22.17,0.4896,4.97,299,96,True
S8_accel,T2_roll_p25,P2_signal_strength,8,0.6152,0.9119,1.2972,0.6342,7.61,8.35,-12.0,0.6562,2.65,290,96,True
S8_accel,T2_roll_p25,P3_long_short,8,-0.0108,0.4738,0.7588,0.1809,7.98,16.84,-44.1,0.6146,9.94,299,96,True
S8_accel,T2_roll_p50,P1_long_cash,8,0.4624,0.7501,0.9301,0.7422,8.68,11.57,-11.69,0.3229,7.31,299,96,True
S8_accel,T2_roll_p50,P2_signal_strength,8,0.6152,0.9119,1.2972,0.6342,7.61,8.35,-12.0,0.6562,2.65,290,96,True
S8_accel,T2_roll_p50,P3_long_short,8,-0.0859,0.1503,0.2756,0.086,2.55,16.99,-29.68,0.5104,14.61,299,96,True
S8_accel,T2_roll_p75,P1_long_cash,8,0.203,0.8482,0.9743,0.7021,7.92,9.34,-11.28,0.2083,5.11,299,96,True
S8_accel,T2_roll_p75,P2_signal_strength,8,0.6152,0.9119,1.2972,0.6342,7.61,8.35,-12.0,0.6562,2.65,290,96,True
S8_accel,T2_roll_p75,P3_long_short,8,-0.5183,0.0613,0.1196,0.0248,1.04,17.0,-42.01,0.4583,10.22,299,96,True
S8_accel,T3_zscore_1.0,P1_long_cash,8,0.3081,0.7381,0.0001,0.6343,5.02,6.8,-7.92,0.0938,2.5,299,96,True
S8_accel,T3_zscore_1.0,P2_signal_strength,8,0.6152,0.9119,1.2972,0.6342,7.61,8.35,-12.0,0.6562,2.65,290,96,True
S8_accel,T3_zscore_1.0,P3_long_short,8,-0.5097,-0.2809,-0.5267,-0.089,-4.76,16.95,-53.45,0.4062,5.0,299,96,False
S8_accel,T3_zscore_neg_1.0,P1_long_cash,8,0.6742,0.385,0.244,0.3628,1.36,3.53,-3.74,0.0729,2.39,299,96,True
S8_accel,T3_zscore_neg_1.0,P2_signal_strength,8,0.6152,0.9119,1.2972,0.6342,7.61,8.35,-12.0,0.6562,2.65,290,96,True
S8_accel,T3_zscore_neg_1.0,P3_long_short,8,-0.2739,-0.7265,-1.2897,-0.1804,-12.09,16.64,-67.01,0.3542,4.78,299,96,False
S8_accel,T3_zscore_1.5,P1_long_cash,8,0.4407,0.9034,0.0,0.0,3.65,4.04,0.0,0.0729,1.39,299,96,True
S8_accel,T3_zscore_1.5,P2_signal_strength,8,0.6152,0.9119,1.2972,0.6342,7.61,8.35,-12.0,0.6562,2.65,290,96,True
S8_accel,T3_zscore_1.5,P3_long_short,8,-0.5059,-0.4449,-0.7864,-0.1346,-7.5,16.86,-55.75,0.3958,2.78,299,96,False
S8_accel,T3_zscore_neg_1.5,P1_long_cash,8,0.4264,0.2773,0.1069,0.1885,0.69,2.47,-3.64,0.0312,1.06,299,96,True
S8_accel,T3_zscore_neg_1.5,P2_signal_strength,8,0.6152,0.9119,1.2972,0.6342,7.61,8.35,-12.0,0.6562,2.65,290,96,True
S8_accel,T3_zscore_neg_1.5,P3_long_short,8,-0.5871,-0.8116,-1.4405,-0.1916,-13.43,16.55,-70.09,0.3333,2.11,299,96,False
S8_accel,T3_zscore_2.0,P1_long_cash,8,0.2424,0.5774,0.0,0.0,1.15,2.0,0.0,0.0312,0.61,299,96,True
S8_accel,T3_zscore_2.0,P2_signal_strength,8,0.6152,0.9119,1.2972,0.6342,7.61,8.35,-12.0,0.6562,2.65,290,96,True
S8_accel,T3_zscore_2.0,P3_long_short,8,-0.6379,-0.7525,-1.3388,-0.1836,-12.5,16.61,-68.06,0.3542,1.22,299,96,False
S8_accel,T3_zscore_neg_2.0,P1_long_cash,8,0.0484,0.4177,0.0,0.7271,0.74,1.77,-1.02,0.0208,0.39,299,96,True
S8_accel,T3_zscore_neg_2.0,P2_signal_strength,8,0.6152,0.9119,1.2972,0.6342,7.61,8.35,-12.0,0.6562,2.65,290,96,True
S8_accel,T3_zscore_neg_2.0,P3_long_short,8,-0.7098,-0.8045,-1.428,-0.19,-13.32,16.56,-70.09,0.3333,0.78,299,96,False
S8_accel,T4_zero,P1_long_cash,8,0.3423,0.7673,0.8528,0.7204,8.42,10.98,-11.69,0.2917,7.75,299,96,True
S8_accel,T4_zero,P2_signal_strength,8,0.6152,0.9119,1.2972,0.6342,7.61,8.35,-12.0,0.6562,2.65,290,96,True
S8_accel,T4_zero,P3_long_short,8,-0.2642,0.1202,0.2139,0.0688,2.04,16.99,-29.68,0.5,15.5,299,96,True
S8_accel,T1_fixed_p25,P1_long_cash,9,0.6432,0.8475,0.9501,0.7799,10.55,12.45,-13.53,0.4167,5.94,299,96,True
S8_accel,T1_fixed_p25,P2_signal_strength,9,0.7535,0.8479,1.086,0.5893,7.01,8.27,-11.89,0.6562,2.65,289,96,True
S8_accel,T1_fixed_p25,P3_long_short,9,0.3725,0.3731,0.6286,0.2387,6.31,16.9,-26.42,0.5833,11.89,299,96,True
S8_accel,T1_fixed_p50,P1_long_cash,9,0.5964,0.6368,0.6112,0.4638,7.01,11.0,-15.11,0.3333,7.83,299,96,True
S8_accel,T1_fixed_p50,P2_signal_strength,9,0.7535,0.8479,1.086,0.5893,7.01,8.27,-11.89,0.6562,2.65,289,96,True
S8_accel,T1_fixed_p50,P3_long_short,9,0.1328,-0.0464,-0.0739,-0.0183,-0.79,17.0,-43.0,0.5417,15.67,299,96,False
S8_accel,T1_fixed_p75,P1_long_cash,9,0.5451,0.5605,0.4171,0.3637,5.2,9.28,-14.3,0.2083,5.67,299,96,True
S8_accel,T1_fixed_p75,P2_signal_strength,9,0.7535,0.8479,1.086,0.5893,7.01,8.27,-11.89,0.6562,2.65,289,96,True
S8_accel,T1_fixed_p75,P3_long_short,9,-0.1997,-0.2594,-0.4269,-0.0754,-4.4,16.95,-58.3,0.4479,11.33,299,96,False
S8_accel,T2_roll_p25,P1_long_cash,9,0.6115,0.6004,0.7936,0.3099,8.86,14.76,-28.6,0.4583,4.94,299,96,True
S8_accel,T2_roll_p25,P2_signal_strength,9,0.7535,0.8479,1.086,0.5893,7.01,8.27,-11.89,0.6562,2.65,289,96,True
S8_accel,T2_roll_p25,P3_long_short,9,0.3498,0.172,0.2909,0.0703,2.92,16.98,-41.52,0.5417,9.89,299,96,True
S8_accel,T2_roll_p50,P1_long_cash,9,0.5562,0.7564,0.745,0.5654,8.54,11.29,-15.11,0.3542,7.28,299,96,True
S8_accel,T2_roll_p50,P2_signal_strength,9,0.7535,0.8479,1.086,0.5893,7.01,8.27,-11.89,0.6562,2.65,289,96,True
S8_accel,T2_roll_p50,P3_long_short,9,0.0706,0.1342,0.208,0.053,2.28,16.99,-43.0,0.5625,14.56,299,96,True
S8_accel,T2_roll_p75,P1_long_cash,9,0.4558,0.4994,0.3988,0.3278,4.69,9.39,-14.3,0.1979,5.11,299,96,True
S8_accel,T2_roll_p75,P2_signal_strength,9,0.7535,0.8479,1.086,0.5893,7.01,8.27,-11.89,0.6562,2.65,289,96,True
S8_accel,T2_roll_p75,P3_long_short,9,-0.2782,-0.3203,-0.5294,-0.0924,-5.42,16.93,-58.69,0.4271,10.22,299,96,False
S8_accel,T3_zscore_1.0,P1_long_cash,9,0.5168,0.1924,0.077,0.0872,1.24,6.47,-14.27,0.0833,2.5,299,96,True
S8_accel,T3_zscore_1.0,P2_signal_strength,9,0.7535,0.8479,1.086,0.5893,7.01,8.27,-11.89,0.6562,2.65,289,96,True
S8_accel,T3_zscore_1.0,P3_long_short,9,-0.437,-0.7407,-1.2056,-0.167,-12.31,16.62,-73.72,0.375,5.0,299,96,False
S8_accel,T3_zscore_neg_1.0,P1_long_cash,9,0.376,0.5669,0.6188,0.5723,2.0,3.52,-3.49,0.0833,2.39,299,96,True
S8_accel,T3_zscore_neg_1.0,P2_signal_strength,9,0.7535,0.8479,1.086,0.5893,7.01,8.27,-11.89,0.6562,2.65,289,96,True
S8_accel,T3_zscore_neg_1.0,P3_long_short,9,-0.4432,-0.647,-1.161,-0.1739,-10.81,16.71,-62.18,0.375,4.78,299,96,False
S8_accel,T3_zscore_1.5,P1_long_cash,9,0.614,0.4455,0.517,0.3673,1.94,4.35,-5.27,0.0625,1.39,299,96,True
S8_accel,T3_zscore_1.5,P2_signal_strength,9,0.7535,0.8479,1.086,0.5893,7.01,8.27,-11.89,0.6562,2.65,289,96,True
S8_accel,T3_zscore_1.5,P3_long_short,9,-0.491,-0.6542,-1.164,-0.1569,-10.93,16.7,-69.64,0.3646,2.78,299,96,False
S8_accel,T3_zscore_neg_1.5,P1_long_cash,9,0.331,0.1124,0.0422,0.065,0.18,1.59,-2.74,0.0312,1.06,299,96,True
S8_accel,T3_zscore_neg_1.5,P2_signal_strength,9,0.7535,0.8479,1.086,0.5893,7.01,8.27,-11.89,0.6562,2.65,289,96,True
S8_accel,T3_zscore_neg_1.5,P3_long_short,9,-0.5551,-0.8768,-1.5739,-0.2021,-14.45,16.48,-71.47,0.3333,2.11,299,96,False
S8_accel,T3_zscore_2.0,P1_long_cash,9,0.4153,0.1462,0.0,0.0794,0.42,2.87,-5.27,0.0208,0.61,299,96,True
S8_accel,T3_zscore_2.0,P2_signal_strength,9,0.7535,0.8479,1.086,0.5893,7.01,8.27,-11.89,0.6562,2.65,289,96,True
S8_accel,T3_zscore_2.0,P3_long_short,9,-0.5898,-0.8457,-1.5073,-0.195,-13.96,16.51,-71.6,0.3333,1.22,299,96,False
S8_accel,T3_zscore_neg_2.0,P1_long_cash,9,0.1763,0.3639,0.0,0.4381,0.45,1.23,-1.02,0.0208,0.39,299,96,True
S8_accel,T3_zscore_neg_2.0,P2_signal_strength,9,0.7535,0.8479,1.086,0.5893,7.01,8.27,-11.89,0.6562,2.65,289,96,True
S8_accel,T3_zscore_neg_2.0,P3_long_short,9,-0.6652,-0.8422,-1.4993,-0.1946,-13.91,16.52,-71.47,0.3333,0.78,299,96,False
S8_accel,T4_zero,P1_long_cash,9,0.6942,0.6502,0.5705,0.4759,6.81,10.47,-14.3,0.3125,7.72,299,96,True
S8_accel,T4_zero,P2_signal_strength,9,0.7535,0.8479,1.086,0.5893,7.01,8.27,-11.89,0.6562,2.65,289,96,True
S8_accel,T4_zero,P3_long_short,9,0.2064,-0.0698,-0.1121,-0.0239,-1.19,17.0,-49.64,0.5312,15.44,299,96,False
S8_accel,T1_fixed_p25,P1_long_cash,10,0.5541,0.2592,0.305,0.0924,3.17,12.22,-34.3,0.3438,5.86,299,96,True
S8_accel,T1_fixed_p25,P2_signal_strength,10,0.5409,0.73,1.0184,0.5245,5.83,7.98,-11.11,0.6458,2.66,288,96,True
S8_accel,T1_fixed_p25,P3_long_short,10,0.286,-0.5032,-0.8578,-0.122,-8.47,16.82,-69.37,0.4375,11.72,299,96,False
S8_accel,T1_fixed_p50,P1_long_cash,10,0.3745,0.3224,0.3203,0.1146,3.47,10.76,-30.28,0.2604,7.81,299,96,True
S8_accel,T1_fixed_p50,P2_signal_strength,10,0.5409,0.73,1.0184,0.5245,5.83,7.98,-11.11,0.6458,2.66,288,96,True
S8_accel,T1_fixed_p50,P3_long_short,10,-0.1451,-0.4668,-0.8228,-0.1245,-7.87,16.85,-63.19,0.4062,15.61,299,96,False
S8_accel,T1_fixed_p75,P1_long_cash,10,0.1101,0.1081,0.0904,0.0419,1.01,9.31,-24.01,0.1562,5.69,299,96,True
S8_accel,T1_fixed_p75,P2_signal_strength,10,0.5409,0.73,1.0184,0.5245,5.83,7.98,-11.11,0.6458,2.66,288,96,True
S8_accel,T1_fixed_p75,P3_long_short,10,-0.5991,-0.7708,-1.4115,-0.1857,-12.79,16.59,-68.87,0.3542,11.39,299,96,False
S8_accel,T2_roll_p25,P1_long_cash,10,0.4816,0.6214,0.8617,0.4288,8.56,13.77,-19.96,0.4479,4.92,299,96,True
S8_accel,T2_roll_p25,P2_signal_strength,10,0.5409,0.73,1.0184,0.5245,5.83,7.98,-11.11,0.6458,2.66,288,96,True
S8_accel,T2_roll_p25,P3_long_short,10,0.1718,0.1362,0.2399,0.0544,2.31,16.99,-42.54,0.5208,9.83,299,96,True
S8_accel,T2_roll_p50,P1_long_cash,10,0.2488,0.2648,0.2733,0.0847,2.9,10.97,-34.3,0.2708,7.25,299,96,True
S8_accel,T2_roll_p50,P2_signal_strength,10,0.5409,0.73,1.0184,0.5245,5.83,7.98,-11.11,0.6458,2.66,288,96,True
S8_accel,T2_roll_p50,P3_long_short,10,-0.323,-0.5353,-0.944,-0.1335,-8.99,16.8,-67.35,0.4062,14.5,299,96,False
S8_accel,T2_roll_p75,P1_long_cash,10,0.1131,-0.0161,-0.0136,-0.0061,-0.15,9.08,-24.01,0.1458,5.08,299,96,False
S8_accel,T2_roll_p75,P2_signal_strength,10,0.5409,0.73,1.0184,0.5245,5.83,7.98,-11.11,0.6458,2.66,288,96,True
S8_accel,T2_roll_p75,P3_long_short,10,-0.5922,-0.9189,-1.6772,-0.2077,-15.09,16.43,-72.66,0.3333,10.17,299,96,False
S8_accel,T3_zscore_1.0,P1_long_cash,10,0.0852,0.2136,0.1914,0.172,1.31,6.12,-7.6,0.0625,2.5,299,96,True
S8_accel,T3_zscore_1.0,P2_signal_strength,10,0.5409,0.73,1.0184,0.5245,5.83,7.98,-11.11,0.6458,2.66,288,96,True
S8_accel,T3_zscore_1.0,P3_long_short,10,-0.6631,-0.7328,-1.4789,-0.1871,-12.19,16.63,-65.15,0.3333,5.0,299,96,False
S8_accel,T3_zscore_neg_1.0,P1_long_cash,10,0.464,0.5108,0.7854,0.4556,3.15,6.16,-6.91,0.0938,2.39,299,96,True
S8_accel,T3_zscore_neg_1.0,P2_signal_strength,10,0.5409,0.73,1.0184,0.5245,5.83,7.98,-11.11,0.6458,2.66,288,96,True
S8_accel,T3_zscore_neg_1.0,P3_long_short,10,-0.4636,-0.5057,-0.9473,-0.1538,-8.51,16.82,-55.31,0.3958,4.78,299,96,False
S8_accel,T3_zscore_1.5,P1_long_cash,10,-0.0202,-0.0926,-0.0628,-0.0409,-0.38,4.09,-9.24,0.0417,1.39,299,96,False
S8_accel,T3_zscore_1.5,P2_signal_strength,10,0.5409,0.73,1.0184,0.5245,5.83,7.98,-11.11,0.6458,2.66,288,96,True
S8_accel,T3_zscore_1.5,P3_long_short,10,-0.7283,-0.9492,-1.731,-0.2119,-15.56,16.39,-73.43,0.3229,2.78,299,96,False
S8_accel,T3_zscore_neg_1.5,P1_long_cash,10,0.2927,0.183,0.0,0.0907,0.63,3.42,-6.91,0.0417,1.06,299,96,True
S8_accel,T3_zscore_neg_1.5,P2_signal_strength,10,0.5409,0.73,1.0184,0.5245,5.83,7.98,-11.11,0.6458,2.66,288,96,True
S8_accel,T3_zscore_neg_1.5,P3_long_short,10,-0.6511,-0.8191,-1.4487,-0.1931,-13.55,16.54,-70.18,0.3542,2.11,299,96,False
S8_accel,T3_zscore_2.0,P1_long_cash,10,0.0452,-0.1616,-0.0602,-0.0791,-0.5,3.12,-6.38,0.0104,0.61,299,96,False
S8_accel,T3_zscore_2.0,P2_signal_strength,10,0.5409,0.73,1.0184,0.5245,5.83,7.98,-11.11,0.6458,2.66,288,96,True
S8_accel,T3_zscore_2.0,P3_long_short,10,-0.7038,-0.9658,-1.7266,-0.2094,-15.81,16.37,-75.5,0.3125,1.22,299,96,False
S8_accel,T3_zscore_neg_2.0,P1_long_cash,10,0.3502,0.607,0.0,0.0,1.43,2.35,0.0,0.0312,0.39,299,96,True
S8_accel,T3_zscore_neg_2.0,P2_signal_strength,10,0.5409,0.73,1.0184,0.5245,5.83,7.98,-11.11,0.6458,2.66,288,96,True
S8_accel,T3_zscore_neg_2.0,P3_long_short,10,-0.6627,-0.718,-1.2738,-0.1794,-11.95,16.64,-66.63,0.3542,0.78,299,96,False
S8_accel,T4_zero,P1_long_cash,10,0.2832,0.2914,0.2786,0.1023,3.1,10.63,-30.28,0.2396,7.69,299,96,True
S8_accel,T4_zero,P2_signal_strength,10,0.5409,0.73,1.0184,0.5245,5.83,7.98,-11.11,0.6458,2.66,288,96,True
S8_accel,T4_zero,P3_long_short,10,-0.2927,-0.5117,-0.9057,-0.1321,-8.61,16.82,-65.15,0.3958,15.39,299,96,False
S8_accel,T1_fixed_p25,P1_long_cash,11,0.5368,0.9425,0.9949,0.609,11.82,12.54,-19.42,0.4271,5.83,299,96,True
S8_accel,T1_fixed_p25,P2_signal_strength,11,0.695,0.7894,0.9944,0.5214,6.75,8.55,-12.95,0.6562,2.66,287,96,True
S8_accel,T1_fixed_p25,P3_long_short,11,0.2226,0.5262,0.929,0.2983,8.84,16.81,-29.65,0.6042,11.67,299,96,True
S8_accel,T1_fixed_p50,P1_long_cash,11,0.4432,0.7701,0.654,0.4466,8.67,11.26,-19.42,0.3438,7.78,299,96,True
S8_accel,T1_fixed_p50,P2_signal_strength,11,0.695,0.7894,0.9944,0.5214,6.75,8.55,-12.95,0.6562,2.66,287,96,True
S8_accel,T1_fixed_p50,P3_long_short,11,-0.1185,0.1495,0.2561,0.0604,2.54,16.99,-42.07,0.5729,15.56,299,96,True
S8_accel,T1_fixed_p75,P1_long_cash,11,0.3601,0.7608,0.4743,0.5134,7.16,9.41,-13.95,0.2188,5.67,299,96,True
S8_accel,T1_fixed_p75,P2_signal_strength,11,0.695,0.7894,0.9944,0.5214,6.75,8.55,-12.95,0.6562,2.66,287,96,True
S8_accel,T1_fixed_p75,P3_long_short,11,-0.3938,-0.0281,-0.0497,-0.0129,-0.48,17.0,-37.14,0.4792,11.33,299,96,False
S8_accel,T2_roll_p25,P1_long_cash,11,0.5078,0.9372,1.139,0.6544,12.7,13.56,-19.42,0.4896,4.89,299,96,True
S8_accel,T2_roll_p25,P2_signal_strength,11,0.695,0.7894,0.9944,0.5214,6.75,8.55,-12.95,0.6562,2.66,287,96,True
S8_accel,T2_roll_p25,P3_long_short,11,0.189,0.6344,1.0581,0.3578,10.61,16.72,-29.65,0.6042,9.78,299,96,True
S8_accel,T2_roll_p50,P1_long_cash,11,0.5674,0.7503,0.6866,0.4454,8.65,11.53,-19.42,0.3542,7.22,299,96,True
S8_accel,T2_roll_p50,P2_signal_strength,11,0.695,0.7894,0.9944,0.5214,6.75,8.55,-12.95,0.6562,2.66,287,96,True
S8_accel,T2_roll_p50,P3_long_short,11,0.0215,0.1468,0.2581,0.055,2.49,16.99,-45.34,0.5729,14.44,299,96,True
S8_accel,T2_roll_p75,P1_long_cash,11,0.3822,0.728,0.4515,0.4887,6.82,9.37,-13.95,0.2188,5.06,299,96,True
S8_accel,T2_roll_p75,P2_signal_strength,11,0.695,0.7894,0.9944,0.5214,6.75,8.55,-12.95,0.6562,2.66,287,96,True
S8_accel,T2_roll_p75,P3_long_short,11,-0.3758,-0.0686,-0.1234,-0.0316,-1.17,17.0,-36.94,0.4792,10.11,299,96,False
S8_accel,T3_zscore_1.0,P1_long_cash,11,0.5665,0.6519,0.4095,0.4419,4.18,6.41,-9.46,0.0938,2.5,299,96,True
S8_accel,T3_zscore_1.0,P2_signal_strength,11,0.695,0.7894,0.9944,0.5214,6.75,8.55,-12.95,0.6562,2.66,287,96,True
S8_accel,T3_zscore_1.0,P3_long_short,11,-0.4313,-0.381,-0.7239,-0.1205,-6.44,16.9,-53.45,0.3958,5.0,299,96,False
S8_accel,T3_zscore_neg_1.0,P1_long_cash,11,0.415,0.4142,0.218,0.1986,1.97,4.76,-9.92,0.0833,2.39,299,96,True
S8_accel,T3_zscore_neg_1.0,P2_signal_strength,11,0.695,0.7894,0.9944,0.5214,6.75,8.55,-12.95,0.6562,2.66,287,96,True
S8_accel,T3_zscore_neg_1.0,P3_long_short,11,-0.4515,-0.6501,-1.1369,-0.1548,-10.86,16.71,-70.15,0.3646,4.78,299,96,False
S8_accel,T3_zscore_1.5,P1_long_cash,11,0.5554,0.4544,0.2671,0.2883,2.73,6.0,-9.46,0.0625,1.39,299,96,True
S8_accel,T3_zscore_1.5,P2_signal_strength,11,0.695,0.7894,0.9944,0.5214,6.75,8.55,-12.95,0.6562,2.66,287,96,True
S8_accel,T3_zscore_1.5,P3_long_short,11,-0.4938,-0.5569,-1.0752,-0.1644,-9.35,16.78,-56.84,0.3646,2.78,299,96,False
S8_accel,T3_zscore_neg_1.5,P1_long_cash,11,0.3372,0.415,0.0,0.2622,1.67,4.03,-6.38,0.0521,1.06,299,96,True
S8_accel,T3_zscore_neg_1.5,P2_signal_strength,11,0.695,0.7894,0.9944,0.5214,6.75,8.55,-12.95,0.6562,2.66,287,96,True
S8_accel,T3_zscore_neg_1.5,P3_long_short,11,-0.5561,-0.6872,-1.2165,-0.1602,-11.46,16.67,-71.54,0.3646,2.11,299,96,False
S8_accel,T3_zscore_2.0,P1_long_cash,11,0.2775,0.5095,0.0,0.0,1.42,2.79,0.0,0.0312,0.61,299,96,True
S8_accel,T3_zscore_2.0,P2_signal_strength,11,0.695,0.7894,0.9944,0.5214,6.75,8.55,-12.95,0.6562,2.66,287,96,True
S8_accel,T3_zscore_2.0,P3_long_short,11,-0.6707,-0.7185,-1.3013,-0.176,-11.96,16.64,-67.95,0.3542,1.22,299,96,False
S8_accel,T3_zscore_neg_2.0,P1_long_cash,11,-0.0075,0.1287,0.0,0.0677,0.43,3.36,-6.38,0.0208,0.39,299,96,True
S8_accel,T3_zscore_neg_2.0,P2_signal_strength,11,0.695,0.7894,0.9944,0.5214,6.75,8.55,-12.95,0.6562,2.66,287,96,True
S8_accel,T3_zscore_neg_2.0,P3_long_short,11,-0.7203,-0.8441,-1.5006,-0.1948,-13.94,16.51,-71.54,0.3333,0.78,299,96,False
S8_accel,T4_zero,P1_long_cash,11,0.5622,0.8386,0.6682,0.4607,8.95,10.67,-19.42,0.3229,7.67,299,96,True
S8_accel,T4_zero,P2_signal_strength,11,0.695,0.7894,0.9944,0.5214,6.75,8.55,-12.95,0.6562,2.66,287,96,True
S8_accel,T4_zero,P3_long_short,11,-0.0173,0.1819,0.3237,0.085,3.09,16.98,-36.32,0.5625,15.33,299,96,True
S8_accel,T1_fixed_p25,P1_long_cash,12,0.6593,0.5375,0.6242,0.2782,6.83,12.71,-24.56,0.375,5.86,299,96,True
S8_accel,T1_fixed_p25,P2_signal_strength,12,0.6947,0.8456,1.0727,0.5401,6.75,7.98,-12.49,0.6458,2.66,286,96,True
S8_accel,T1_fixed_p25,P3_long_short,12,0.4701,-0.067,-0.1131,-0.0239,-1.14,17.0,-47.67,0.5,11.72,299,96,False
S8_accel,T1_fixed_p50,P1_long_cash,12,0.5711,0.1846,0.1756,0.084,2.06,11.18,-24.56,0.2708,7.75,299,96,True
S8_accel,T1_fixed_p50,P2_signal_strength,12,0.6947,0.8456,1.0727,0.5401,6.75,7.98,-12.49,0.6458,2.66,286,96,True
S8_accel,T1_fixed_p50,P3_long_short,12,0.1586,-0.6385,-1.0741,-0.1484,-10.67,16.72,-71.91,0.4271,15.5,299,96,False
S8_accel,T1_fixed_p75,P1_long_cash,12,0.4255,0.1975,0.1923,0.0858,1.83,9.27,-21.35,0.1771,5.64,299,96,True
S8_accel,T1_fixed_p75,P2_signal_strength,12,0.6947,0.8456,1.0727,0.5401,6.75,7.98,-12.49,0.6458,2.66,286,96,True
S8_accel,T1_fixed_p75,P3_long_short,12,-0.2661,-0.6673,-1.21,-0.1641,-11.14,16.69,-67.89,0.3958,11.28,299,96,False
S8_accel,T2_roll_p25,P1_long_cash,12,0.5436,0.702,0.9123,0.3745,10.07,14.35,-26.9,0.4792,4.86,299,96,True
S8_accel,T2_roll_p25,P2_signal_strength,12,0.6947,0.8456,1.0727,0.5401,6.75,7.98,-12.49,0.6458,2.66,286,96,True
S8_accel,T2_roll_p25,P3_long_short,12,0.2754,0.3158,0.5365,0.1338,5.35,16.93,-39.96,0.5833,9.72,299,96,True
S8_accel,T2_roll_p50,P1_long_cash,12,0.6827,0.2763,0.2863,0.1302,3.2,11.57,-24.56,0.2917,7.19,299,96,True
S8_accel,T2_roll_p50,P2_signal_strength,12,0.6947,0.8456,1.0727,0.5401,6.75,7.98,-12.49,0.6458,2.66,286,96,True
S8_accel,T2_roll_p50,P3_long_short,12,0.2771,-0.4997,-0.8499,-0.1268,-8.41,16.83,-66.31,0.4479,14.39,299,96,False
S8_accel,T2_roll_p75,P1_long_cash,12,0.4856,0.2518,0.2561,0.1095,2.34,9.29,-21.35,0.1875,5.03,299,96,True
S8_accel,T2_roll_p75,P2_signal_strength,12,0.6947,0.8456,1.0727,0.5401,6.75,7.98,-12.49,0.6458,2.66,286,96,True
S8_accel,T2_roll_p75,P3_long_short,12,-0.2501,-0.6046,-1.0929,-0.1534,-10.13,16.75,-66.0,0.4167,10.06,299,96,False
S8_accel,T3_zscore_1.0,P1_long_cash,12,0.42,0.1269,0.0763,0.0758,0.67,5.24,-8.78,0.0938,2.5,299,96,True
S8_accel,T3_zscore_1.0,P2_signal_strength,12,0.6947,0.8456,1.0727,0.5401,6.75,7.98,-12.49,0.6458,2.66,286,96,True
S8_accel,T3_zscore_1.0,P3_long_short,12,-0.4442,-0.8142,-1.4116,-0.18,-13.47,16.55,-74.84,0.3854,5.0,299,96,False
S8_accel,T3_zscore_neg_1.0,P1_long_cash,12,0.0912,-0.1742,-0.0981,-0.065,-1.04,5.97,-15.98,0.0625,2.39,299,96,False
S8_accel,T3_zscore_neg_1.0,P2_signal_strength,12,0.6947,0.8456,1.0727,0.5401,6.75,7.98,-12.49,0.6458,2.66,286,96,True
S8_accel,T3_zscore_neg_1.0,P3_long_short,12,-0.6612,-1.0369,-1.8063,-0.2234,-16.88,16.28,-75.56,0.3229,4.78,299,96,False
S8_accel,T3_zscore_1.5,P1_long_cash,12,0.2761,0.1531,0.0546,0.0767,0.67,4.4,-8.78,0.0729,1.39,299,96,True
S8_accel,T3_zscore_1.5,P2_signal_strength,12,0.6947,0.8456,1.0727,0.5401,6.75,7.98,-12.49,0.6458,2.66,286,96,True
S8_accel,T3_zscore_1.5,P3_long_short,12,-0.5825,-0.8132,-1.4207,-0.1799,-13.46,16.55,-74.8,0.375,2.78,299,96,False
S8_accel,T3_zscore_neg_1.5,P1_long_cash,12,0.309,0.0282,0.0103,0.0112,0.13,4.61,-11.62,0.0417,1.06,299,96,True
S8_accel,T3_zscore_neg_1.5,P2_signal_strength,12,0.6947,0.8456,1.0727,0.5401,6.75,7.98,-12.49,0.6458,2.66,286,96,True
S8_accel,T3_zscore_neg_1.5,P3_long_short,12,-0.6092,-0.883,-1.5759,-0.2062,-14.54,16.47,-70.52,0.3438,2.11,299,96,False
S8_accel,T3_zscore_2.0,P1_long_cash,12,-0.0211,0.02,0.0,0.0087,0.08,3.83,-8.78,0.0312,0.61,299,96,True
S8_accel,T3_zscore_2.0,P2_signal_strength,12,0.6947,0.8456,1.0727,0.5401,6.75,7.98,-12.49,0.6458,2.66,286,96,True
S8_accel,T3_zscore_2.0,P3_long_short,12,-0.7266,-0.8899,-1.5509,-0.1928,-14.65,16.46,-75.99,0.3438,1.22,299,96,False
S8_accel,T3_zscore_neg_2.0,P1_long_cash,12,0.3419,0.5237,0.0,0.0,1.61,3.08,0.0,0.0312,0.39,299,96,True
S8_accel,T3_zscore_neg_2.0,P2_signal_strength,12,0.6947,0.8456,1.0727,0.5401,6.75,7.98,-12.49,0.6458,2.66,286,96,True
S8_accel,T3_zscore_neg_2.0,P3_long_short,12,-0.6148,-0.6946,-1.2626,-0.1729,-11.58,16.67,-66.95,0.3542,0.78,299,96,False
S8_accel,T4_zero,P1_long_cash,12,0.5965,0.0803,0.0765,0.0348,0.87,10.81,-24.99,0.25,7.64,299,96,True
S8_accel,T4_zero,P2_signal_strength,12,0.6947,0.8456,1.0727,0.5401,6.75,7.98,-12.49,0.6458,2.66,286,96,True
S8_accel,T4_zero,P3_long_short,12,0.1587,-0.7883,-1.323,-0.1754,-13.07,16.57,-74.5,0.4167,15.28,299,96,False
S9_contraction,T1_fixed_p25,P1_long_cash,0,-0.0689,0.9205,0.94,0.5605,10.9,11.84,-19.45,0.3229,0.56,299,96,True
S9_contraction,T1_fixed_p25,P2_signal_strength,0,-0.0763,0.9205,0.94,0.5605,10.9,11.84,-19.45,0.3229,0.56,244,96,True
S9_contraction,T1_fixed_p25,P3_long_short,0,-0.8023,0.4147,0.7479,0.2799,7.0,16.88,-25.01,0.5,1.11,299,96,True
S9_contraction,T1_fixed_p50,P1_long_cash,0,-0.0689,0.9205,0.94,0.5605,10.9,11.84,-19.45,0.3229,0.56,299,96,True
S9_contraction,T1_fixed_p50,P2_signal_strength,0,-0.0763,0.9205,0.94,0.5605,10.9,11.84,-19.45,0.3229,0.56,244,96,True
S9_contraction,T1_fixed_p50,P3_long_short,0,-0.8023,0.4147,0.7479,0.2799,7.0,16.88,-25.01,0.5,1.11,299,96,True
S9_contraction,T1_fixed_p75,P1_long_cash,0,-0.0689,0.9205,0.94,0.5605,10.9,11.84,-19.45,0.3229,0.56,299,96,True
S9_contraction,T1_fixed_p75,P2_signal_strength,0,-0.0763,0.9205,0.94,0.5605,10.9,11.84,-19.45,0.3229,0.56,244,96,True
S9_contraction,T1_fixed_p75,P3_long_short,0,-0.8023,0.4147,0.7479,0.2799,7.0,16.88,-25.01,0.5,1.11,299,96,True
S9_contraction,T2_roll_p25,P1_long_cash,0,-0.0689,0.9205,0.94,0.5605,10.9,11.84,-19.45,0.3229,0.5,299,96,True
S9_contraction,T2_roll_p25,P2_signal_strength,0,-0.0763,0.9205,0.94,0.5605,10.9,11.84,-19.45,0.3229,0.56,244,96,True
S9_contraction,T2_roll_p25,P3_long_short,0,-0.8023,0.4147,0.7479,0.2799,7.0,16.88,-25.01,0.5,1.0,299,96,True
S9_contraction,T2_roll_p50,P1_long_cash,0,-0.0689,0.604,0.3273,0.4853,3.09,5.12,-6.38,0.1042,0.39,299,96,True
S9_contraction,T2_roll_p50,P2_signal_strength,0,-0.0763,0.9205,0.94,0.5605,10.9,11.84,-19.45,0.3229,0.56,244,96,True
S9_contraction,T2_roll_p50,P3_long_short,0,-0.8023,-0.5121,-0.9228,-0.1527,-8.61,16.82,-56.39,0.3958,0.78,299,96,False
S9_contraction,T2_roll_p75,P1_long_cash,0,-0.1667,0.0,0.0,0.0,0.0,99900.0,0.0,0.0,0.17,299,96,False
S9_contraction,T2_roll_p75,P2_signal_strength,0,-0.0763,0.9205,0.94,0.5605,10.9,11.84,-19.45,0.3229,0.56,244,96,True
S9_contraction,T2_roll_p75,P3_long_short,0,-0.9103,-0.8998,-1.613,-0.2016,-14.8,16.45,-73.44,0.3229,0.33,299,96,False
S9_contraction,T3_zscore_1.0,P1_long_cash,0,-0.0689,0.6002,0.2623,0.4738,3.02,5.03,-6.38,0.0938,0.39,299,96,True
S9_contraction,T3_zscore_1.0,P2_signal_strength,0,-0.0763,0.9205,0.94,0.5605,10.9,11.84,-19.45,0.3229,0.56,244,96,True
S9_contraction,T3_zscore_1.0,P3_long_short,0,-0.8023,-0.521,-0.9411,-0.1539,-8.76,16.81,-56.9,0.3958,0.78,299,96,False
S9_contraction,T3_zscore_neg_1.0,P1_long_cash,0,0.0,0.5104,0.2373,0.2829,2.14,4.2,-7.58,0.0833,0.22,299,96,True
S9_contraction,T3_zscore_neg_1.0,P2_signal_strength,0,-0.0763,0.9205,0.94,0.5605,10.9,11.84,-19.45,0.3229,0.56,244,96,True
S9_contraction,T3_zscore_neg_1.0,P3_long_short,0,-0.7188,-0.6287,-1.1231,-0.1681,-10.51,16.73,-62.56,0.375,0.44,299,96,False
S9_contraction,T3_zscore_1.5,P1_long_cash,0,-0.1433,0.0,0.0,0.0,0.0,99900.0,0.0,0.0,0.22,299,96,False
S9_contraction,T3_zscore_1.5,P2_signal_strength,0,-0.0763,0.9205,0.94,0.5605,10.9,11.84,-19.45,0.3229,0.56,244,96,True
S9_contraction,T3_zscore_1.5,P3_long_short,0,-0.8888,-0.8998,-1.613,-0.2016,-14.8,16.45,-73.44,0.3229,0.44,299,96,False
S9_contraction,T3_zscore_neg_1.5,P1_long_cash,0,0.0,0.0,0.0,0.0,0.0,99900.0,0.0,0.0,0.0,299,96,False
S9_contraction,T3_zscore_neg_1.5,P2_signal_strength,0,-0.0763,0.9205,0.94,0.5605,10.9,11.84,-19.45,0.3229,0.56,244,96,True
S9_contraction,T3_zscore_neg_1.5,P3_long_short,0,-0.7188,-0.8998,-1.613,-0.2016,-14.8,16.45,-73.44,0.3229,0.0,299,96,False
S9_contraction,T3_zscore_2.0,P1_long_cash,0,-0.3479,0.0,0.0,0.0,0.0,99900.0,0.0,0.0,0.17,299,96,False
S9_contraction,T3_zscore_2.0,P2_signal_strength,0,-0.0763,0.9205,0.94,0.5605,10.9,11.84,-19.45,0.3229,0.56,244,96,True
S9_contraction,T3_zscore_2.0,P3_long_short,0,-1.0823,-0.8998,-1.613,-0.2016,-14.8,16.45,-73.44,0.3229,0.33,299,96,False
S9_contraction,T3_zscore_neg_2.0,P1_long_cash,0,0.0,0.0,0.0,0.0,0.0,99900.0,0.0,0.0,0.0,299,96,False
S9_contraction,T3_zscore_neg_2.0,P2_signal_strength,0,-0.0763,0.9205,0.94,0.5605,10.9,11.84,-19.45,0.3229,0.56,244,96,True
S9_contraction,T3_zscore_neg_2.0,P3_long_short,0,-0.7188,-0.8998,-1.613,-0.2016,-14.8,16.45,-73.44,0.3229,0.0,299,96,False
S9_contraction,T1_fixed_p25,P1_long_cash,1,-0.0701,0.8781,0.907,0.5164,10.04,11.44,-19.45,0.3125,0.56,299,96,True
S9_contraction,T1_fixed_p25,P2_signal_strength,1,-0.0776,0.8781,0.907,0.5164,10.04,11.44,-19.45,0.3125,0.56,244,96,True
S9_contraction,T1_fixed_p25,P3_long_short,1,-0.8048,0.312,0.5783,0.2548,5.28,16.93,-20.73,0.4792,1.11,299,96,True
S9_contraction,T1_fixed_p50,P1_long_cash,1,-0.0701,0.8781,0.907,0.5164,10.04,11.44,-19.45,0.3125,0.56,299,96,True
S9_contraction,T1_fixed_p50,P2_signal_strength,1,-0.0776,0.8781,0.907,0.5164,10.04,11.44,-19.45,0.3125,0.56,244,96,True
S9_contraction,T1_fixed_p50,P3_long_short,1,-0.8048,0.312,0.5783,0.2548,5.28,16.93,-20.73,0.4792,1.11,299,96,True
S9_contraction,T1_fixed_p75,P1_long_cash,1,-0.0701,0.8781,0.907,0.5164,10.04,11.44,-19.45,0.3125,0.56,299,96,True
S9_contraction,T1_fixed_p75,P2_signal_strength,1,-0.0776,0.8781,0.907,0.5164,10.04,11.44,-19.45,0.3125,0.56,244,96,True
S9_contraction,T1_fixed_p75,P3_long_short,1,-0.8048,0.312,0.5783,0.2548,5.28,16.93,-20.73,0.4792,1.11,299,96,True
S9_contraction,T2_roll_p25,P1_long_cash,1,-0.0701,0.8781,0.907,0.5164,10.04,11.44,-19.45,0.3125,0.5,299,96,True
S9_contraction,T2_roll_p25,P2_signal_strength,1,-0.0776,0.8781,0.907,0.5164,10.04,11.44,-19.45,0.3125,0.56,244,96,True
S9_contraction,T2_roll_p25,P3_long_short,1,-0.8048,0.312,0.5783,0.2548,5.28,16.93,-20.73,0.4792,1.0,299,96,True
S9_contraction,T2_roll_p50,P1_long_cash,1,-0.0701,0.4881,0.4323,0.3477,2.19,4.48,-6.29,0.0938,0.39,299,96,True
S9_contraction,T2_roll_p50,P2_signal_strength,1,-0.0776,0.8781,0.907,0.5164,10.04,11.44,-19.45,0.3125,0.56,244,96,True
S9_contraction,T2_roll_p50,P3_long_short,1,-0.8048,-0.6232,-1.1336,-0.1514,-10.43,16.73,-68.89,0.375,0.78,299,96,False
S9_contraction,T2_roll_p75,P1_long_cash,1,-0.1482,0.0,0.0,0.0,0.0,99900.0,0.0,0.0,0.17,299,96,False
S9_contraction,T2_roll_p75,P2_signal_strength,1,-0.0776,0.8781,0.907,0.5164,10.04,11.44,-19.45,0.3125,0.56,244,96,True
S9_contraction,T2_roll_p75,P3_long_short,1,-0.8915,-0.8998,-1.613,-0.2016,-14.8,16.45,-73.44,0.3229,0.33,299,96,False
S9_contraction,T3_zscore_1.0,P1_long_cash,1,-0.0701,0.5906,1.3449,0.926,2.33,3.94,-2.51,0.0833,0.39,299,96,True
S9_contraction,T3_zscore_1.0,P2_signal_strength,1,-0.0776,0.8781,0.907,0.5164,10.04,11.44,-19.45,0.3125,0.56,244,96,True
S9_contraction,T3_zscore_1.0,P3_long_short,1,-0.8048,-0.6059,-1.1039,-0.1542,-10.15,16.74,-65.79,0.375,0.78,299,96,False
S9_contraction,T3_zscore_neg_1.0,P1_long_cash,1,0.0,0.6642,0.2512,0.453,2.89,4.36,-6.39,0.0938,0.22,299,96,True
S9_contraction,T3_zscore_neg_1.0,P2_signal_strength,1,-0.0776,0.8781,0.907,0.5164,10.04,11.44,-19.45,0.3125,0.56,244,96,True
S9_contraction,T3_zscore_neg_1.0,P3_long_short,1,-0.7188,-0.5365,-0.9463,-0.1514,-9.01,16.8,-59.53,0.3958,0.44,299,96,False
S9_contraction,T3_zscore_1.5,P1_long_cash,1,-0.1407,0.0,0.0,0.0,0.0,99900.0,0.0,0.0,0.22,299,96,False
S9_contraction,T3_zscore_1.5,P2_signal_strength,1,-0.0776,0.8781,0.907,0.5164,10.04,11.44,-19.45,0.3125,0.56,244,96,True
S9_contraction,T3_zscore_1.5,P3_long_short,1,-0.8893,-0.8998,-1.613,-0.2016,-14.8,16.45,-73.44,0.3229,0.44,299,96,False
S9_contraction,T3_zscore_neg_1.5,P1_long_cash,1,0.0,0.0,0.0,0.0,0.0,99900.0,0.0,0.0,0.0,299,96,False
S9_contraction,T3_zscore_neg_1.5,P2_signal_strength,1,-0.0776,0.8781,0.907,0.5164,10.04,11.44,-19.45,0.3125,0.56,244,96,True
S9_contraction,T3_zscore_neg_1.5,P3_long_short,1,-0.7188,-0.8998,-1.613,-0.2016,-14.8,16.45,-73.44,0.3229,0.0,299,96,False
S9_contraction,T3_zscore_2.0,P1_long_cash,1,-0.2309,0.0,0.0,0.0,0.0,99900.0,0.0,0.0,0.17,299,96,False
S9_contraction,T3_zscore_2.0,P2_signal_strength,1,-0.0776,0.8781,0.907,0.5164,10.04,11.44,-19.45,0.3125,0.56,244,96,True
S9_contraction,T3_zscore_2.0,P3_long_short,1,-0.9689,-0.8998,-1.613,-0.2016,-14.8,16.45,-73.44,0.3229,0.33,299,96,False
S9_contraction,T3_zscore_neg_2.0,P1_long_cash,1,0.0,0.0,0.0,0.0,0.0,99900.0,0.0,0.0,0.0,299,96,False
S9_contraction,T3_zscore_neg_2.0,P2_signal_strength,1,-0.0776,0.8781,0.907,0.5164,10.04,11.44,-19.45,0.3125,0.56,244,96,True
S9_contraction,T3_zscore_neg_2.0,P3_long_short,1,-0.7188,-0.8998,-1.613,-0.2016,-14.8,16.45,-73.44,0.3229,0.0,299,96,False
S9_contraction,T1_fixed_p25,P1_long_cash,2,-0.0546,0.8174,0.8378,0.4839,9.41,11.51,-19.45,0.3125,0.56,299,96,True
S9_contraction,T1_fixed_p25,P2_signal_strength,2,-0.0605,0.8174,0.8378,0.4839,9.41,11.51,-19.45,0.3125,0.56,243,96,True
S9_contraction,T1_fixed_p25,P3_long_short,2,-0.7834,0.2369,0.4343,0.1552,4.02,16.96,-25.88,0.4792,1.11,299,96,True
S9_contraction,T1_fixed_p50,P1_long_cash,2,-0.0546,0.8174,0.8378,0.4839,9.41,11.51,-19.45,0.3125,0.56,299,96,True
S9_contraction,T1_fixed_p50,P2_signal_strength,2,-0.0605,0.8174,0.8378,0.4839,9.41,11.51,-19.45,0.3125,0.56,243,96,True
S9_contraction,T1_fixed_p50,P3_long_short,2,-0.7834,0.2369,0.4343,0.1552,4.02,16.96,-25.88,0.4792,1.11,299,96,True
S9_contraction,T1_fixed_p75,P1_long_cash,2,-0.0546,0.8174,0.8378,0.4839,9.41,11.51,-19.45,0.3125,0.56,299,96,True
S9_contraction,T1_fixed_p75,P2_signal_strength,2,-0.0605,0.8174,0.8378,0.4839,9.41,11.51,-19.45,0.3125,0.56,243,96,True
S9_contraction,T1_fixed_p75,P3_long_short,2,-0.7834,0.2369,0.4343,0.1552,4.02,16.96,-25.88,0.4792,1.11,299,96,True
S9_contraction,T2_roll_p25,P1_long_cash,2,-0.0546,0.8174,0.8378,0.4839,9.41,11.51,-19.45,0.3125,0.5,299,96,True
S9_contraction,T2_roll_p25,P2_signal_strength,2,-0.0605,0.8174,0.8378,0.4839,9.41,11.51,-19.45,0.3125,0.56,243,96,True
S9_contraction,T2_roll_p25,P3_long_short,2,-0.7834,0.2369,0.4343,0.1552,4.02,16.96,-25.88,0.4792,1.0,299,96,True
S9_contraction,T2_roll_p50,P1_long_cash,2,-0.0546,0.4921,0.3876,0.2388,1.99,4.04,-8.33,0.0938,0.39,299,96,True
S9_contraction,T2_roll_p50,P2_signal_strength,2,-0.0605,0.8174,0.8378,0.4839,9.41,11.51,-19.45,0.3125,0.56,243,96,True
S9_contraction,T2_roll_p50,P3_long_short,2,-0.7834,-0.648,-1.1569,-0.1608,-10.83,16.71,-67.32,0.375,0.78,299,96,False
S9_contraction,T2_roll_p75,P1_long_cash,2,-0.1819,0.0,0.0,0.0,0.0,99900.0,0.0,0.0,0.17,299,96,False
S9_contraction,T2_roll_p75,P2_signal_strength,2,-0.0605,0.8174,0.8378,0.4839,9.41,11.51,-19.45,0.3125,0.56,243,96,True
S9_contraction,T2_roll_p75,P3_long_short,2,-0.9264,-0.8998,-1.613,-0.2016,-14.8,16.45,-73.44,0.3229,0.33,299,96,False
S9_contraction,T3_zscore_1.0,P1_long_cash,2,-0.0546,0.4947,0.3064,0.3014,1.9,3.83,-6.29,0.0833,0.39,299,96,True
S9_contraction,T3_zscore_1.0,P2_signal_strength,2,-0.0605,0.8174,0.8378,0.4839,9.41,11.51,-19.45,0.3125,0.56,243,96,True
S9_contraction,T3_zscore_1.0,P3_long_short,2,-0.7834,-0.6594,-1.1794,-0.1672,-11.01,16.7,-65.87,0.375,0.78,299,96,False
S9_contraction,T3_zscore_neg_1.0,P1_long_cash,2,0.0,0.726,0.3132,0.6244,2.91,4.01,-4.66,0.0938,0.22,299,96,True
S9_contraction,T3_zscore_neg_1.0,P2_signal_strength,2,-0.0605,0.8174,0.8378,0.4839,9.41,11.51,-19.45,0.3125,0.56,243,96,True
S9_contraction,T3_zscore_neg_1.0,P3_long_short,2,-0.7188,-0.5346,-0.9372,-0.142,-8.98,16.8,-63.26,0.3958,0.44,299,96,False
S9_contraction,T3_zscore_1.5,P1_long_cash,2,-0.1381,0.0,0.0,0.0,0.0,99900.0,0.0,0.0,0.22,299,96,False
S9_contraction,T3_zscore_1.5,P2_signal_strength,2,-0.0605,0.8174,0.8378,0.4839,9.41,11.51,-19.45,0.3125,0.56,243,96,True
S9_contraction,T3_zscore_1.5,P3_long_short,2,-0.8792,-0.8998,-1.613,-0.2016,-14.8,16.45,-73.44,0.3229,0.44,299,96,False
S9_contraction,T3_zscore_neg_1.5,P1_long_cash,2,0.0,0.0,0.0,0.0,0.0,99900.0,0.0,0.0,0.0,299,96,False
S9_contraction,T3_zscore_neg_1.5,P2_signal_strength,2,-0.0605,0.8174,0.8378,0.4839,9.41,11.51,-19.45,0.3125,0.56,243,96,True
S9_contraction,T3_zscore_neg_1.5,P3_long_short,2,-0.7188,-0.8998,-1.613,-0.2016,-14.8,16.45,-73.44,0.3229,0.0,299,96,False
S9_contraction,T3_zscore_2.0,P1_long_cash,2,-0.1931,0.0,0.0,0.0,0.0,99900.0,0.0,0.0,0.17,299,96,False
S9_contraction,T3_zscore_2.0,P2_signal_strength,2,-0.0605,0.8174,0.8378,0.4839,9.41,11.51,-19.45,0.3125,0.56,243,96,True
S9_contraction,T3_zscore_2.0,P3_long_short,2,-0.9189,-0.8998,-1.613,-0.2016,-14.8,16.45,-73.44,0.3229,0.33,299,96,False
S9_contraction,T3_zscore_neg_2.0,P1_long_cash,2,0.0,0.0,0.0,0.0,0.0,99900.0,0.0,0.0,0.0,299,96,False
S9_contraction,T3_zscore_neg_2.0,P2_signal_strength,2,-0.0605,0.8174,0.8378,0.4839,9.41,11.51,-19.45,0.3125,0.56,243,96,True
S9_contraction,T3_zscore_neg_2.0,P3_long_short,2,-0.7188,-0.8998,-1.613,-0.2016,-14.8,16.45,-73.44,0.3229,0.0,299,96,False
S9_contraction,T1_fixed_p25,P1_long_cash,3,-0.0445,0.9095,0.8893,0.5326,10.36,11.39,-19.45,0.3229,0.56,299,96,True
S9_contraction,T1_fixed_p25,P2_signal_strength,3,-0.0494,0.9095,0.8893,0.5326,10.36,11.39,-19.45,0.3229,0.57,242,96,True
S9_contraction,T1_fixed_p25,P3_long_short,3,-0.7737,0.3496,0.6209,0.2106,5.91,16.91,-28.09,0.5,1.11,299,96,True
S9_contraction,T1_fixed_p50,P1_long_cash,3,-0.0445,0.9095,0.8893,0.5326,10.36,11.39,-19.45,0.3229,0.56,299,96,True
S9_contraction,T1_fixed_p50,P2_signal_strength,3,-0.0494,0.9095,0.8893,0.5326,10.36,11.39,-19.45,0.3229,0.57,242,96,True
S9_contraction,T1_fixed_p50,P3_long_short,3,-0.7737,0.3496,0.6209,0.2106,5.91,16.91,-28.09,0.5,1.11,299,96,True
S9_contraction,T1_fixed_p75,P1_long_cash,3,-0.0445,0.9095,0.8893,0.5326,10.36,11.39,-19.45,0.3229,0.56,299,96,True
S9_contraction,T1_fixed_p75,P2_signal_strength,3,-0.0494,0.9095,0.8893,0.5326,10.36,11.39,-19.45,0.3229,0.57,242,96,True
S9_contraction,T1_fixed_p75,P3_long_short,3,-0.7737,0.3496,0.6209,0.2106,5.91,16.91,-28.09,0.5,1.11,299,96,True
S9_contraction,T2_roll_p25,P1_long_cash,3,-0.0445,0.9095,0.8893,0.5326,10.36,11.39,-19.45,0.3229,0.5,299,96,True
S9_contraction,T2_roll_p25,P2_signal_strength,3,-0.0494,0.9095,0.8893,0.5326,10.36,11.39,-19.45,0.3229,0.57,242,96,True
S9_contraction,T2_roll_p25,P3_long_short,3,-0.7737,0.3496,0.6209,0.2106,5.91,16.91,-28.09,0.5,1.0,299,96,True
S9_contraction,T2_roll_p50,P1_long_cash,3,-0.0445,0.524,0.4426,0.314,2.61,4.99,-8.33,0.0833,0.39,299,96,True
S9_contraction,T2_roll_p50,P2_signal_strength,3,-0.0494,0.9095,0.8893,0.5326,10.36,11.39,-19.45,0.3229,0.57,242,96,True
S9_contraction,T2_roll_p50,P3_long_short,3,-0.7737,-0.5708,-1.0426,-0.1527,-9.57,16.77,-62.72,0.3542,0.78,299,96,False
S9_contraction,T2_roll_p75,P1_long_cash,3,-0.17,0.0,0.0,0.0,0.0,99900.0,0.0,0.0,0.17,299,96,False
S9_contraction,T2_roll_p75,P2_signal_strength,3,-0.0494,0.9095,0.8893,0.5326,10.36,11.39,-19.45,0.3229,0.57,242,96,True
S9_contraction,T2_roll_p75,P3_long_short,3,-0.9125,-0.8998,-1.613,-0.2016,-14.8,16.45,-73.44,0.3229,0.33,299,96,False
S9_contraction,T3_zscore_1.0,P1_long_cash,3,-0.0445,0.3848,0.288,0.1774,1.48,3.84,-8.33,0.0729,0.39,299,96,True
S9_contraction,T3_zscore_1.0,P2_signal_strength,3,-0.0494,0.9095,0.8893,0.5326,10.36,11.39,-19.45,0.3229,0.57,242,96,True
S9_contraction,T3_zscore_1.0,P3_long_short,3,-0.7737,-0.7116,-1.2693,-0.1718,-11.85,16.65,-68.96,0.3542,0.78,299,96,False
S9_contraction,T3_zscore_neg_1.0,P1_long_cash,3,0.0,0.5725,0.3966,0.5674,2.77,4.84,-4.89,0.0833,0.22,299,96,True
S9_contraction,T3_zscore_neg_1.0,P2_signal_strength,3,-0.0494,0.9095,0.8893,0.5326,10.36,11.39,-19.45,0.3229,0.57,242,96,True
S9_contraction,T3_zscore_neg_1.0,P3_long_short,3,-0.7188,-0.5513,-0.9867,-0.1379,-9.26,16.79,-67.1,0.375,0.44,299,96,False
S9_contraction,T3_zscore_1.5,P1_long_cash,3,-0.1424,0.0,0.0,0.0,0.0,99900.0,0.0,0.0,0.22,299,96,False
S9_contraction,T3_zscore_1.5,P2_signal_strength,3,-0.0494,0.9095,0.8893,0.5326,10.36,11.39,-19.45,0.3229,0.57,242,96,True
S9_contraction,T3_zscore_1.5,P3_long_short,3,-0.8924,-0.8998,-1.613,-0.2016,-14.8,16.45,-73.44,0.3229,0.44,299,96,False
S9_contraction,T3_zscore_neg_1.5,P1_long_cash,3,0.0,0.0,0.0,0.0,0.0,99900.0,0.0,0.0,0.0,299,96,False
S9_contraction,T3_zscore_neg_1.5,P2_signal_strength,3,-0.0494,0.9095,0.8893,0.5326,10.36,11.39,-19.45,0.3229,0.57,242,96,True
S9_contraction,T3_zscore_neg_1.5,P3_long_short,3,-0.7188,-0.8998,-1.613,-0.2016,-14.8,16.45,-73.44,0.3229,0.0,299,96,False
S9_contraction,T3_zscore_2.0,P1_long_cash,3,-0.1945,0.0,0.0,0.0,0.0,99900.0,0.0,0.0,0.17,299,96,False
S9_contraction,T3_zscore_2.0,P2_signal_strength,3,-0.0494,0.9095,0.8893,0.5326,10.36,11.39,-19.45,0.3229,0.57,242,96,True
S9_contraction,T3_zscore_2.0,P3_long_short,3,-0.9231,-0.8998,-1.613,-0.2016,-14.8,16.45,-73.44,0.3229,0.33,299,96,False
S9_contraction,T3_zscore_neg_2.0,P1_long_cash,3,0.0,0.0,0.0,0.0,0.0,99900.0,0.0,0.0,0.0,299,96,False
S9_contraction,T3_zscore_neg_2.0,P2_signal_strength,3,-0.0494,0.9095,0.8893,0.5326,10.36,11.39,-19.45,0.3229,0.57,242,96,True
S9_contraction,T3_zscore_neg_2.0,P3_long_short,3,-0.7188,-0.8998,-1.613,-0.2016,-14.8,16.45,-73.44,0.3229,0.0,299,96,False
S9_contraction,T1_fixed_p25,P1_long_cash,4,-0.059,0.7745,0.7667,0.448,8.71,11.25,-19.45,0.3125,0.56,299,96,True
S9_contraction,T1_fixed_p25,P2_signal_strength,4,-0.0657,0.7745,0.7667,0.448,8.71,11.25,-19.45,0.3125,0.57,241,96,True
S9_contraction,T1_fixed_p25,P3_long_short,4,-0.7937,0.1545,0.2791,0.0953,2.62,16.98,-27.55,0.4792,1.11,299,96,True
S9_contraction,T1_fixed_p50,P1_long_cash,4,-0.059,0.7745,0.7667,0.448,8.71,11.25,-19.45,0.3125,0.56,299,96,True
S9_contraction,T1_fixed_p50,P2_signal_strength,4,-0.0657,0.7745,0.7667,0.448,8.71,11.25,-19.45,0.3125,0.57,241,96,True
S9_contraction,T1_fixed_p50,P3_long_short,4,-0.7937,0.1545,0.2791,0.0953,2.62,16.98,-27.55,0.4792,1.11,299,96,True
S9_contraction,T1_fixed_p75,P1_long_cash,4,-0.059,0.7745,0.7667,0.448,8.71,11.25,-19.45,0.3125,0.56,299,96,True
S9_contraction,T1_fixed_p75,P2_signal_strength,4,-0.0657,0.7745,0.7667,0.448,8.71,11.25,-19.45,0.3125,0.57,241,96,True
S9_contraction,T1_fixed_p75,P3_long_short,4,-0.7937,0.1545,0.2791,0.0953,2.62,16.98,-27.55,0.4792,1.11,299,96,True
S9_contraction,T2_roll_p25,P1_long_cash,4,-0.059,0.7745,0.7667,0.448,8.71,11.25,-19.45,0.3125,0.5,299,96,True
S9_contraction,T2_roll_p25,P2_signal_strength,4,-0.0657,0.7745,0.7667,0.448,8.71,11.25,-19.45,0.3125,0.57,241,96,True
S9_contraction,T2_roll_p25,P3_long_short,4,-0.7937,0.1545,0.2791,0.0953,2.62,16.98,-27.55,0.4792,1.0,299,96,True
S9_contraction,T2_roll_p50,P1_long_cash,4,-0.059,0.2657,0.1359,0.1166,1.45,5.47,-12.45,0.0833,0.39,299,96,True
S9_contraction,T2_roll_p50,P2_signal_strength,4,-0.0657,0.7745,0.7667,0.448,8.71,11.25,-19.45,0.3125,0.57,241,96,True
S9_contraction,T2_roll_p50,P3_long_short,4,-0.7937,-0.7147,-1.2769,-0.179,-11.9,16.65,-66.48,0.3542,0.78,299,96,False
S9_contraction,T2_roll_p75,P1_long_cash,4,-0.2003,0.0,0.0,0.0,0.0,99900.0,0.0,0.0,0.17,299,96,False
S9_contraction,T2_roll_p75,P2_signal_strength,4,-0.0657,0.7745,0.7667,0.448,8.71,11.25,-19.45,0.3125,0.57,241,96,True
S9_contraction,T2_roll_p75,P3_long_short,4,-0.9587,-0.8998,-1.613,-0.2016,-14.8,16.45,-73.44,0.3229,0.33,299,96,False
S9_contraction,T3_zscore_1.0,P1_long_cash,4,-0.059,0.4269,0.2765,0.2248,1.87,4.38,-8.33,0.0729,0.39,299,96,True
S9_contraction,T3_zscore_1.0,P2_signal_strength,4,-0.0657,0.7745,0.7667,0.448,8.71,11.25,-19.45,0.3125,0.57,241,96,True
S9_contraction,T3_zscore_1.0,P3_long_short,4,-0.7937,-0.6624,-1.2092,-0.1627,-11.06,16.7,-67.99,0.3542,0.78,299,96,False
S9_contraction,T3_zscore_neg_1.0,P1_long_cash,4,0.0,0.7994,0.41,0.8312,3.87,4.85,-4.66,0.0938,0.22,299,96,True
S9_contraction,T3_zscore_neg_1.0,P2_signal_strength,4,-0.0657,0.7745,0.7667,0.448,8.71,11.25,-19.45,0.3125,0.57,241,96,True
S9_contraction,T3_zscore_neg_1.0,P3_long_short,4,-0.7188,-0.418,-0.7391,-0.1172,-7.06,16.88,-60.18,0.3958,0.44,299,96,False
S9_contraction,T3_zscore_1.5,P1_long_cash,4,-0.1043,0.0,0.0,0.0,0.0,99900.0,0.0,0.0,0.22,299,96,False
S9_contraction,T3_zscore_1.5,P2_signal_strength,4,-0.0657,0.7745,0.7667,0.448,8.71,11.25,-19.45,0.3125,0.57,241,96,True
S9_contraction,T3_zscore_1.5,P3_long_short,4,-0.847,-0.8998,-1.613,-0.2016,-14.8,16.45,-73.44,0.3229,0.44,299,96,False
S9_contraction,T3_zscore_neg_1.5,P1_long_cash,4,0.0,0.0,0.0,0.0,0.0,99900.0,0.0,0.0,0.0,299,96,False
S9_contraction,T3_zscore_neg_1.5,P2_signal_strength,4,-0.0657,0.7745,0.7667,0.448,8.71,11.25,-19.45,0.3125,0.57,241,96,True
S9_contraction,T3_zscore_neg_1.5,P3_long_short,4,-0.7188,-0.8998,-1.613,-0.2016,-14.8,16.45,-73.44,0.3229,0.0,299,96,False
S9_contraction,T3_zscore_2.0,P1_long_cash,4,-0.1584,0.0,0.0,0.0,0.0,99900.0,0.0,0.0,0.17,299,96,False
S9_contraction,T3_zscore_2.0,P2_signal_strength,4,-0.0657,0.7745,0.7667,0.448,8.71,11.25,-19.45,0.3125,0.57,241,96,True
S9_contraction,T3_zscore_2.0,P3_long_short,4,-0.8876,-0.8998,-1.613,-0.2016,-14.8,16.45,-73.44,0.3229,0.33,299,96,False
S9_contraction,T3_zscore_neg_2.0,P1_long_cash,4,0.0,0.0,0.0,0.0,0.0,99900.0,0.0,0.0,0.0,299,96,False
S9_contraction,T3_zscore_neg_2.0,P2_signal_strength,4,-0.0657,0.7745,0.7667,0.448,8.71,11.25,-19.45,0.3125,0.57,241,96,True
S9_contraction,T3_zscore_neg_2.0,P3_long_short,4,-0.7188,-0.8998,-1.613,-0.2016,-14.8,16.45,-73.44,0.3229,0.0,299,96,False
S9_contraction,T1_fixed_p25,P1_long_cash,5,0.0436,0.9489,0.9416,0.5689,11.06,11.66,-19.45,0.3229,0.56,299,96,True
S9_contraction,T1_fixed_p25,P2_signal_strength,5,0.0487,0.9489,0.9416,0.5689,11.06,11.66,-19.45,0.3229,0.57,240,96,True
S9_contraction,T1_fixed_p25,P3_long_short,5,-0.6647,0.4344,0.7731,0.2573,7.33,16.87,-28.48,0.5,1.11,299,96,True
S9_contraction,T1_fixed_p50,P1_long_cash,5,0.0436,0.9489,0.9416,0.5689,11.06,11.66,-19.45,0.3229,0.56,299,96,True
S9_contraction,T1_fixed_p50,P2_signal_strength,5,0.0487,0.9489,0.9416,0.5689,11.06,11.66,-19.45,0.3229,0.57,240,96,True
S9_contraction,T1_fixed_p50,P3_long_short,5,-0.6647,0.4344,0.7731,0.2573,7.33,16.87,-28.48,0.5,1.11,299,96,True
S9_contraction,T1_fixed_p75,P1_long_cash,5,0.0436,0.9489,0.9416,0.5689,11.06,11.66,-19.45,0.3229,0.56,299,96,True
S9_contraction,T1_fixed_p75,P2_signal_strength,5,0.0487,0.9489,0.9416,0.5689,11.06,11.66,-19.45,0.3229,0.57,240,96,True
S9_contraction,T1_fixed_p75,P3_long_short,5,-0.6647,0.4344,0.7731,0.2573,7.33,16.87,-28.48,0.5,1.11,299,96,True
S9_contraction,T2_roll_p25,P1_long_cash,5,0.0436,0.9489,0.9416,0.5689,11.06,11.66,-19.45,0.3229,0.5,299,96,True
S9_contraction,T2_roll_p25,P2_signal_strength,5,0.0487,0.9489,0.9416,0.5689,11.06,11.66,-19.45,0.3229,0.57,240,96,True
S9_contraction,T2_roll_p25,P3_long_short,5,-0.6647,0.4344,0.7731,0.2573,7.33,16.87,-28.48,0.5,1.0,299,96,True
S9_contraction,T2_roll_p50,P1_long_cash,5,0.0436,0.0261,0.0118,0.0089,0.19,7.32,-21.37,0.0729,0.39,299,96,True
S9_contraction,T2_roll_p50,P2_signal_strength,5,0.0487,0.9489,0.9416,0.5689,11.06,11.66,-19.45,0.3229,0.57,240,96,True
S9_contraction,T2_roll_p50,P3_long_short,5,-0.6647,-0.8751,-1.4503,-0.1985,-14.42,16.48,-72.64,0.3333,0.78,299,96,False
S9_contraction,T2_roll_p75,P1_long_cash,5,-0.0474,0.0,0.0,0.0,0.0,99900.0,0.0,0.0,0.17,299,96,False
S9_contraction,T2_roll_p75,P2_signal_strength,5,0.0487,0.9489,0.9416,0.5689,11.06,11.66,-19.45,0.3229,0.57,240,96,True
S9_contraction,T2_roll_p75,P3_long_short,5,-0.7739,-0.8998,-1.613,-0.2016,-14.8,16.45,-73.44,0.3229,0.33,299,96,False
S9_contraction,T3_zscore_1.0,P1_long_cash,5,0.0436,0.269,0.1452,0.153,1.55,5.77,-10.15,0.0625,0.39,299,96,True
S9_contraction,T3_zscore_1.0,P2_signal_strength,5,0.0487,0.9489,0.9416,0.5689,11.06,11.66,-19.45,0.3229,0.57,240,96,True
S9_contraction,T3_zscore_1.0,P3_long_short,5,-0.6647,-0.7022,-1.2647,-0.1774,-11.7,16.66,-65.93,0.3333,0.78,299,96,False
S9_contraction,T3_zscore_neg_1.0,P1_long_cash,5,0.0,0.537,0.3314,0.4773,2.22,4.14,-4.66,0.0833,0.22,299,96,True
S9_contraction,T3_zscore_neg_1.0,P2_signal_strength,5,0.0487,0.9489,0.9416,0.5689,11.06,11.66,-19.45,0.3229,0.57,240,96,True
S9_contraction,T3_zscore_neg_1.0,P3_long_short,5,-0.7188,-0.6187,-1.1083,-0.158,-10.35,16.73,-65.52,0.375,0.44,299,96,False
S9_contraction,T3_zscore_1.5,P1_long_cash,5,0.0746,0.0,0.0,0.0,0.0,99900.0,0.0,0.0,0.22,299,96,False
S9_contraction,T3_zscore_1.5,P2_signal_strength,5,0.0487,0.9489,0.9416,0.5689,11.06,11.66,-19.45,0.3229,0.57,240,96,True
S9_contraction,T3_zscore_1.5,P3_long_short,5,-0.6292,-0.8998,-1.613,-0.2016,-14.8,16.45,-73.44,0.3229,0.44,299,96,False
S9_contraction,T3_zscore_neg_1.5,P1_long_cash,5,0.0,0.0,0.0,0.0,0.0,99900.0,0.0,0.0,0.0,299,96,False
S9_contraction,T3_zscore_neg_1.5,P2_signal_strength,5,0.0487,0.9489,0.9416,0.5689,11.06,11.66,-19.45,0.3229,0.57,240,96,True
S9_contraction,T3_zscore_neg_1.5,P3_long_short,5,-0.7188,-0.8998,-1.613,-0.2016,-14.8,16.45,-73.44,0.3229,0.0,299,96,False
S9_contraction,T3_zscore_2.0,P1_long_cash,5,-0.0665,0.0,0.0,0.0,0.0,99900.0,0.0,0.0,0.17,299,96,False
S9_contraction,T3_zscore_2.0,P2_signal_strength,5,0.0487,0.9489,0.9416,0.5689,11.06,11.66,-19.45,0.3229,0.57,240,96,True
S9_contraction,T3_zscore_2.0,P3_long_short,5,-0.7878,-0.8998,-1.613,-0.2016,-14.8,16.45,-73.44,0.3229,0.33,299,96,False
S9_contraction,T3_zscore_neg_2.0,P1_long_cash,5,0.0,0.0,0.0,0.0,0.0,99900.0,0.0,0.0,0.0,299,96,False
S9_contraction,T3_zscore_neg_2.0,P2_signal_strength,5,0.0487,0.9489,0.9416,0.5689,11.06,11.66,-19.45,0.3229,0.57,240,96,True
S9_contraction,T3_zscore_neg_2.0,P3_long_short,5,-0.7188,-0.8998,-1.613,-0.2016,-14.8,16.45,-73.44,0.3229,0.0,299,96,False
S9_contraction,T1_fixed_p25,P1_long_cash,6,0.1763,0.8479,0.8822,0.5116,9.95,11.73,-19.45,0.3125,0.56,299,96,True
S9_contraction,T1_fixed_p25,P2_signal_strength,6,0.1971,0.8479,0.8822,0.5116,9.95,11.73,-19.45,0.3125,0.57,239,96,True
S9_contraction,T1_fixed_p25,P3_long_short,6,-0.5188,0.3009,0.5383,0.1614,5.1,16.94,-31.57,0.4792,1.11,299,96,True
S9_contraction,T1_fixed_p50,P1_long_cash,6,0.1763,0.8479,0.8822,0.5116,9.95,11.73,-19.45,0.3125,0.56,299,96,True
S9_contraction,T1_fixed_p50,P2_signal_strength,6,0.1971,0.8479,0.8822,0.5116,9.95,11.73,-19.45,0.3125,0.57,239,96,True
S9_contraction,T1_fixed_p50,P3_long_short,6,-0.5188,0.3009,0.5383,0.1614,5.1,16.94,-31.57,0.4792,1.11,299,96,True
S9_contraction,T1_fixed_p75,P1_long_cash,6,0.1763,0.8479,0.8822,0.5116,9.95,11.73,-19.45,0.3125,0.56,299,96,True
S9_contraction,T1_fixed_p75,P2_signal_strength,6,0.1971,0.8479,0.8822,0.5116,9.95,11.73,-19.45,0.3125,0.57,239,96,True
S9_contraction,T1_fixed_p75,P3_long_short,6,-0.5188,0.3009,0.5383,0.1614,5.1,16.94,-31.57,0.4792,1.11,299,96,True
S9_contraction,T2_roll_p25,P1_long_cash,6,0.1763,0.8479,0.8822,0.5116,9.95,11.73,-19.45,0.3125,0.5,299,96,True
S9_contraction,T2_roll_p25,P2_signal_strength,6,0.1971,0.8479,0.8822,0.5116,9.95,11.73,-19.45,0.3125,0.57,239,96,True
S9_contraction,T2_roll_p25,P3_long_short,6,-0.5188,0.3009,0.5383,0.1614,5.1,16.94,-31.57,0.4792,1.0,299,96,True
S9_contraction,T2_roll_p50,P1_long_cash,6,0.1763,0.2304,0.1152,0.1006,1.96,8.49,-19.45,0.0833,0.39,299,96,True
S9_contraction,T2_roll_p50,P2_signal_strength,6,0.1971,0.8479,0.8822,0.5116,9.95,11.73,-19.45,0.3125,0.57,239,96,True
S9_contraction,T2_roll_p50,P3_long_short,6,-0.5188,-0.6519,-1.166,-0.1711,-10.89,16.71,-63.66,0.3542,0.78,299,96,False
S9_contraction,T2_roll_p75,P1_long_cash,6,0.114,0.0,0.0,0.0,0.0,99900.0,0.0,0.0,0.17,299,96,False
S9_contraction,T2_roll_p75,P2_signal_strength,6,0.1971,0.8479,0.8822,0.5116,9.95,11.73,-19.45,0.3125,0.57,239,96,True
S9_contraction,T2_roll_p75,P3_long_short,6,-0.5999,-0.8998,-1.613,-0.2016,-14.8,16.45,-73.44,0.3229,0.33,299,96,False
S9_contraction,T3_zscore_1.0,P1_long_cash,6,0.1763,-0.0406,-0.0167,-0.0126,-0.28,6.97,-22.48,0.0625,0.39,299,96,False
S9_contraction,T3_zscore_1.0,P2_signal_strength,6,0.1971,0.8479,0.8822,0.5116,9.95,11.73,-19.45,0.3125,0.57,239,96,True
S9_contraction,T3_zscore_1.0,P3_long_short,6,-0.5188,-0.9368,-1.5403,-0.2059,-15.37,16.41,-74.64,0.3333,0.78,299,96,False
S9_contraction,T3_zscore_neg_1.0,P1_long_cash,6,0.0,0.5756,0.2109,0.438,2.31,4.01,-5.27,0.0938,0.22,299,96,True
S9_contraction,T3_zscore_neg_1.0,P2_signal_strength,6,0.1971,0.8479,0.8822,0.5116,9.95,11.73,-19.45,0.3125,0.57,239,96,True
S9_contraction,T3_zscore_neg_1.0,P3_long_short,6,-0.7188,-0.6082,-1.0937,-0.1571,-10.18,16.74,-64.83,0.3958,0.44,299,96,False
S9_contraction,T3_zscore_1.5,P1_long_cash,6,0.1795,0.0,0.0,0.0,0.0,99900.0,0.0,0.0,0.22,299,96,False
S9_contraction,T3_zscore_1.5,P2_signal_strength,6,0.1971,0.8479,0.8822,0.5116,9.95,11.73,-19.45,0.3125,0.57,239,96,True
S9_contraction,T3_zscore_1.5,P3_long_short,6,-0.5252,-0.8998,-1.613,-0.2016,-14.8,16.45,-73.44,0.3229,0.44,299,96,False
S9_contraction,T3_zscore_neg_1.5,P1_long_cash,6,0.0,0.0,0.0,0.0,0.0,99900.0,0.0,0.0,0.0,299,96,False
S9_contraction,T3_zscore_neg_1.5,P2_signal_strength,6,0.1971,0.8479,0.8822,0.5116,9.95,11.73,-19.45,0.3125,0.57,239,96,True
S9_contraction,T3_zscore_neg_1.5,P3_long_short,6,-0.7188,-0.8998,-1.613,-0.2016,-14.8,16.45,-73.44,0.3229,0.0,299,96,False
S9_contraction,T3_zscore_2.0,P1_long_cash,6,0.059,0.0,0.0,0.0,0.0,99900.0,0.0,0.0,0.17,299,96,False
S9_contraction,T3_zscore_2.0,P2_signal_strength,6,0.1971,0.8479,0.8822,0.5116,9.95,11.73,-19.45,0.3125,0.57,239,96,True
S9_contraction,T3_zscore_2.0,P3_long_short,6,-0.6646,-0.8998,-1.613,-0.2016,-14.8,16.45,-73.44,0.3229,0.33,299,96,False
S9_contraction,T3_zscore_neg_2.0,P1_long_cash,6,0.0,0.0,0.0,0.0,0.0,99900.0,0.0,0.0,0.0,299,96,False
S9_contraction,T3_zscore_neg_2.0,P2_signal_strength,6,0.1971,0.8479,0.8822,0.5116,9.95,11.73,-19.45,0.3125,0.57,239,96,True
S9_contraction,T3_zscore_neg_2.0,P3_long_short,6,-0.7188,-0.8998,-1.613,-0.2016,-14.8,16.45,-73.44,0.3229,0.0,299,96,False
S9_contraction,T1_fixed_p25,P1_long_cash,7,0.1938,0.9357,0.946,0.5638,10.96,11.72,-19.45,0.3229,0.56,299,96,True
S9_contraction,T1_fixed_p25,P2_signal_strength,7,0.2172,0.9357,0.946,0.5638,10.96,11.72,-19.45,0.3229,0.57,238,96,True
S9_contraction,T1_fixed_p25,P3_long_short,7,-0.5108,0.4223,0.7605,0.196,7.13,16.88,-36.35,0.5,1.11,299,96,True
S9_contraction,T1_fixed_p50,P1_long_cash,7,0.1938,0.9357,0.946,0.5638,10.96,11.72,-19.45,0.3229,0.56,299,96,True
S9_contraction,T1_fixed_p50,P2_signal_strength,7,0.2172,0.9357,0.946,0.5638,10.96,11.72,-19.45,0.3229,0.57,238,96,True
S9_contraction,T1_fixed_p50,P3_long_short,7,-0.5108,0.4223,0.7605,0.196,7.13,16.88,-36.35,0.5,1.11,299,96,True
S9_contraction,T1_fixed_p75,P1_long_cash,7,0.1938,0.9357,0.946,0.5638,10.96,11.72,-19.45,0.3229,0.56,299,96,True
S9_contraction,T1_fixed_p75,P2_signal_strength,7,0.2172,0.9357,0.946,0.5638,10.96,11.72,-19.45,0.3229,0.57,238,96,True
S9_contraction,T1_fixed_p75,P3_long_short,7,-0.5108,0.4223,0.7605,0.196,7.13,16.88,-36.35,0.5,1.11,299,96,True
S9_contraction,T2_roll_p25,P1_long_cash,7,0.1938,0.9357,0.946,0.5638,10.96,11.72,-19.45,0.3229,0.5,299,96,True
S9_contraction,T2_roll_p25,P2_signal_strength,7,0.2172,0.9357,0.946,0.5638,10.96,11.72,-19.45,0.3229,0.57,238,96,True
S9_contraction,T2_roll_p25,P3_long_short,7,-0.5108,0.4223,0.7605,0.196,7.13,16.88,-36.35,0.5,1.0,299,96,True
S9_contraction,T2_roll_p50,P1_long_cash,7,0.1938,0.2962,0.138,0.128,2.49,8.4,-19.45,0.0833,0.39,299,96,True
S9_contraction,T2_roll_p50,P2_signal_strength,7,0.2172,0.9357,0.946,0.5638,10.96,11.72,-19.45,0.3229,0.57,238,96,True
S9_contraction,T2_roll_p50,P3_long_short,7,-0.5108,-0.5862,-1.0487,-0.1626,-9.82,16.76,-60.42,0.3542,0.78,299,96,False
S9_contraction,T2_roll_p75,P1_long_cash,7,0.1561,0.0,0.0,0.0,0.0,99900.0,0.0,0.0,0.17,299,96,False
S9_contraction,T2_roll_p75,P2_signal_strength,7,0.2172,0.9357,0.946,0.5638,10.96,11.72,-19.45,0.3229,0.57,238,96,True
S9_contraction,T2_roll_p75,P3_long_short,7,-0.5659,-0.8998,-1.613,-0.2016,-14.8,16.45,-73.44,0.3229,0.33,299,96,False
S9_contraction,T3_zscore_1.0,P1_long_cash,7,0.1938,0.1817,0.0823,0.0763,1.48,8.17,-19.45,0.0625,0.39,299,96,True
S9_contraction,T3_zscore_1.0,P2_signal_strength,7,0.2172,0.9357,0.946,0.5638,10.96,11.72,-19.45,0.3229,0.57,238,96,True
S9_contraction,T3_zscore_1.0,P3_long_short,7,-0.5108,-0.7107,-1.2818,-0.1785,-11.83,16.65,-66.3,0.3333,0.78,299,96,False
S9_contraction,T3_zscore_neg_1.0,P1_long_cash,7,0.0,0.1388,0.0648,0.0562,0.45,3.27,-8.07,0.0625,0.19,299,96,True
S9_contraction,T3_zscore_neg_1.0,P2_signal_strength,7,0.2172,0.9357,0.946,0.5638,10.96,11.72,-19.45,0.3229,0.57,238,96,True
S9_contraction,T3_zscore_neg_1.0,P3_long_short,7,-0.7188,-0.8413,-1.506,-0.1895,-13.89,16.52,-73.33,0.3438,0.39,299,96,False
S9_contraction,T3_zscore_1.5,P1_long_cash,7,0.1685,0.0,0.0,0.0,0.0,99900.0,0.0,0.0,0.22,299,96,False
S9_contraction,T3_zscore_1.5,P2_signal_strength,7,0.2172,0.9357,0.946,0.5638,10.96,11.72,-19.45,0.3229,0.57,238,96,True
S9_contraction,T3_zscore_1.5,P3_long_short,7,-0.5449,-0.8998,-1.613,-0.2016,-14.8,16.45,-73.44,0.3229,0.44,299,96,False
S9_contraction,T3_zscore_neg_1.5,P1_long_cash,7,0.0,0.0,0.0,0.0,0.0,99900.0,0.0,0.0,0.0,299,96,False
S9_contraction,T3_zscore_neg_1.5,P2_signal_strength,7,0.2172,0.9357,0.946,0.5638,10.96,11.72,-19.45,0.3229,0.57,238,96,True
S9_contraction,T3_zscore_neg_1.5,P3_long_short,7,-0.7188,-0.8998,-1.613,-0.2016,-14.8,16.45,-73.44,0.3229,0.0,299,96,False
S9_contraction,T3_zscore_2.0,P1_long_cash,7,0.1038,0.0,0.0,0.0,0.0,99900.0,0.0,0.0,0.17,299,96,False
S9_contraction,T3_zscore_2.0,P2_signal_strength,7,0.2172,0.9357,0.946,0.5638,10.96,11.72,-19.45,0.3229,0.57,238,96,True
S9_contraction,T3_zscore_2.0,P3_long_short,7,-0.6331,-0.8998,-1.613,-0.2016,-14.8,16.45,-73.44,0.3229,0.33,299,96,False
S9_contraction,T3_zscore_neg_2.0,P1_long_cash,7,0.0,0.0,0.0,0.0,0.0,99900.0,0.0,0.0,0.0,299,96,False
S9_contraction,T3_zscore_neg_2.0,P2_signal_strength,7,0.2172,0.9357,0.946,0.5638,10.96,11.72,-19.45,0.3229,0.57,238,96,True
S9_contraction,T3_zscore_neg_2.0,P3_long_short,7,-0.7188,-0.8998,-1.613,-0.2016,-14.8,16.45,-73.44,0.3229,0.0,299,96,False
S9_contraction,T1_fixed_p25,P1_long_cash,8,0.2159,0.9791,0.9696,0.5859,11.4,11.64,-19.45,0.3229,0.56,299,96,True
S9_contraction,T1_fixed_p25,P2_signal_strength,8,0.2426,0.9791,0.9696,0.5859,11.4,11.64,-19.45,0.3229,0.57,237,96,True
S9_contraction,T1_fixed_p25,P3_long_short,8,-0.4803,0.4743,0.847,0.2,7.99,16.84,-39.95,0.5,1.11,299,96,True
S9_contraction,T1_fixed_p50,P1_long_cash,8,0.2159,0.9791,0.9696,0.5859,11.4,11.64,-19.45,0.3229,0.56,299,96,True
S9_contraction,T1_fixed_p50,P2_signal_strength,8,0.2426,0.9791,0.9696,0.5859,11.4,11.64,-19.45,0.3229,0.57,237,96,True
S9_contraction,T1_fixed_p50,P3_long_short,8,-0.4803,0.4743,0.847,0.2,7.99,16.84,-39.95,0.5,1.11,299,96,True
S9_contraction,T1_fixed_p75,P1_long_cash,8,0.2159,0.9791,0.9696,0.5859,11.4,11.64,-19.45,0.3229,0.56,299,96,True
S9_contraction,T1_fixed_p75,P2_signal_strength,8,0.2426,0.9791,0.9696,0.5859,11.4,11.64,-19.45,0.3229,0.57,237,96,True
S9_contraction,T1_fixed_p75,P3_long_short,8,-0.4803,0.4743,0.847,0.2,7.99,16.84,-39.95,0.5,1.11,299,96,True
S9_contraction,T2_roll_p25,P1_long_cash,8,0.2159,0.9791,0.9696,0.5859,11.4,11.64,-19.45,0.3229,0.5,299,96,True
S9_contraction,T2_roll_p25,P2_signal_strength,8,0.2426,0.9791,0.9696,0.5859,11.4,11.64,-19.45,0.3229,0.57,237,96,True
S9_contraction,T2_roll_p25,P3_long_short,8,-0.4803,0.4743,0.847,0.2,7.99,16.84,-39.95,0.5,1.0,299,96,True
S9_contraction,T2_roll_p50,P1_long_cash,8,0.2159,0.2003,0.107,0.0887,1.72,8.61,-19.45,0.0833,0.39,299,96,True
S9_contraction,T2_roll_p50,P2_signal_strength,8,0.2426,0.9791,0.9696,0.5859,11.4,11.64,-19.45,0.3229,0.57,237,96,True
S9_contraction,T2_roll_p50,P3_long_short,8,-0.4803,-0.6806,-1.2251,-0.1747,-11.35,16.68,-64.98,0.3542,0.78,299,96,False
S9_contraction,T2_roll_p75,P1_long_cash,8,0.181,0.0,0.0,0.0,0.0,99900.0,0.0,0.0,0.17,299,96,False
S9_contraction,T2_roll_p75,P2_signal_strength,8,0.2426,0.9791,0.9696,0.5859,11.4,11.64,-19.45,0.3229,0.57,237,96,True
S9_contraction,T2_roll_p75,P3_long_short,8,-0.5375,-0.8998,-1.613,-0.2016,-14.8,16.45,-73.44,0.3229,0.33,299,96,False
S9_contraction,T3_zscore_1.0,P1_long_cash,8,0.2159,0.2371,0.1105,0.1032,2.01,8.46,-19.45,0.0729,0.39,299,96,True
S9_contraction,T3_zscore_1.0,P2_signal_strength,8,0.2426,0.9791,0.9696,0.5859,11.4,11.64,-19.45,0.3229,0.57,237,96,True
S9_contraction,T3_zscore_1.0,P3_long_short,8,-0.4803,-0.6456,-1.1587,-0.1703,-10.79,16.71,-63.36,0.3542,0.78,299,96,False
S9_contraction,T3_zscore_neg_1.0,P1_long_cash,8,0.0,0.003,0.0023,0.0014,0.01,3.79,-8.07,0.0625,0.19,299,96,True
S9_contraction,T3_zscore_neg_1.0,P2_signal_strength,8,0.2426,0.9791,0.9696,0.5859,11.4,11.64,-19.45,0.3229,0.57,237,96,True
S9_contraction,T3_zscore_neg_1.0,P3_long_short,8,-0.7188,-0.8983,-1.6186,-0.199,-14.78,16.45,-74.27,0.3542,0.39,299,96,False
S9_contraction,T3_zscore_1.5,P1_long_cash,8,0.1082,0.0,0.0,0.0,0.0,99900.0,0.0,0.0,0.22,299,96,False
S9_contraction,T3_zscore_1.5,P2_signal_strength,8,0.2426,0.9791,0.9696,0.5859,11.4,11.64,-19.45,0.3229,0.57,237,96,True
S9_contraction,T3_zscore_1.5,P3_long_short,8,-0.6053,-0.8998,-1.613,-0.2016,-14.8,16.45,-73.44,0.3229,0.44,299,96,False
S9_contraction,T3_zscore_neg_1.5,P1_long_cash,8,0.0,0.0,0.0,0.0,0.0,99900.0,0.0,0.0,0.0,299,96,False
S9_contraction,T3_zscore_neg_1.5,P2_signal_strength,8,0.2426,0.9791,0.9696,0.5859,11.4,11.64,-19.45,0.3229,0.57,237,96,True
S9_contraction,T3_zscore_neg_1.5,P3_long_short,8,-0.7188,-0.8998,-1.613,-0.2016,-14.8,16.45,-73.44,0.3229,0.0,299,96,False
S9_contraction,T3_zscore_2.0,P1_long_cash,8,0.0384,0.0,0.0,0.0,0.0,99900.0,0.0,0.0,0.17,299,96,False
S9_contraction,T3_zscore_2.0,P2_signal_strength,8,0.2426,0.9791,0.9696,0.5859,11.4,11.64,-19.45,0.3229,0.57,237,96,True
S9_contraction,T3_zscore_2.0,P3_long_short,8,-0.6841,-0.8998,-1.613,-0.2016,-14.8,16.45,-73.44,0.3229,0.33,299,96,False
S9_contraction,T3_zscore_neg_2.0,P1_long_cash,8,0.0,0.0,0.0,0.0,0.0,99900.0,0.0,0.0,0.0,299,96,False
S9_contraction,T3_zscore_neg_2.0,P2_signal_strength,8,0.2426,0.9791,0.9696,0.5859,11.4,11.64,-19.45,0.3229,0.57,237,96,True
S9_contraction,T3_zscore_neg_2.0,P3_long_short,8,-0.7188,-0.8998,-1.613,-0.2016,-14.8,16.45,-73.44,0.3229,0.0,299,96,False
S9_contraction,T1_fixed_p25,P1_long_cash,9,0.2625,0.9835,0.9626,0.579,11.24,11.43,-19.42,0.3438,0.56,299,96,True
S9_contraction,T1_fixed_p25,P2_signal_strength,9,0.2955,0.9835,0.9626,0.579,11.24,11.43,-19.42,0.3438,0.58,236,96,True
S9_contraction,T1_fixed_p25,P3_long_short,9,-0.4414,0.4557,0.7729,0.1925,7.68,16.86,-39.9,0.5417,1.11,299,96,True
S9_contraction,T1_fixed_p50,P1_long_cash,9,0.2625,0.9835,0.9626,0.579,11.24,11.43,-19.42,0.3438,0.56,299,96,True
S9_contraction,T1_fixed_p50,P2_signal_strength,9,0.2955,0.9835,0.9626,0.579,11.24,11.43,-19.42,0.3438,0.58,236,96,True
S9_contraction,T1_fixed_p50,P3_long_short,9,-0.4414,0.4557,0.7729,0.1925,7.68,16.86,-39.9,0.5417,1.11,299,96,True
S9_contraction,T1_fixed_p75,P1_long_cash,9,0.2625,0.9835,0.9626,0.579,11.24,11.43,-19.42,0.3438,0.56,299,96,True
S9_contraction,T1_fixed_p75,P2_signal_strength,9,0.2955,0.9835,0.9626,0.579,11.24,11.43,-19.42,0.3438,0.58,236,96,True
S9_contraction,T1_fixed_p75,P3_long_short,9,-0.4414,0.4557,0.7729,0.1925,7.68,16.86,-39.9,0.5417,1.11,299,96,True
S9_contraction,T2_roll_p25,P1_long_cash,9,0.2625,0.9835,0.9626,0.579,11.24,11.43,-19.42,0.3438,0.5,299,96,True
S9_contraction,T2_roll_p25,P2_signal_strength,9,0.2955,0.9835,0.9626,0.579,11.24,11.43,-19.42,0.3438,0.58,236,96,True
S9_contraction,T2_roll_p25,P3_long_short,9,-0.4414,0.4557,0.7729,0.1925,7.68,16.86,-39.9,0.5417,1.0,299,96,True
S9_contraction,T2_roll_p50,P1_long_cash,9,0.2625,0.2746,0.144,0.1173,2.28,8.3,-19.42,0.0938,0.39,299,96,True
S9_contraction,T2_roll_p50,P2_signal_strength,9,0.2955,0.9835,0.9626,0.579,11.24,11.43,-19.42,0.3438,0.58,236,96,True
S9_contraction,T2_roll_p50,P3_long_short,9,-0.4414,-0.6121,-1.0756,-0.1659,-10.25,16.74,-61.75,0.375,0.78,299,96,False
S9_contraction,T2_roll_p75,P1_long_cash,9,0.2069,0.0,0.0,0.0,0.0,99900.0,0.0,0.0,0.17,299,96,False
S9_contraction,T2_roll_p75,P2_signal_strength,9,0.2955,0.9835,0.9626,0.579,11.24,11.43,-19.42,0.3438,0.58,236,96,True
S9_contraction,T2_roll_p75,P3_long_short,9,-0.5234,-0.8998,-1.613,-0.2016,-14.8,16.45,-73.44,0.3229,0.33,299,96,False
S9_contraction,T3_zscore_1.0,P1_long_cash,9,0.2625,0.1159,0.0575,0.0469,0.91,7.85,-19.42,0.0729,0.39,299,96,True
S9_contraction,T3_zscore_1.0,P2_signal_strength,9,0.2955,0.9835,0.9626,0.579,11.24,11.43,-19.42,0.3438,0.58,236,96,True
S9_contraction,T3_zscore_1.0,P3_long_short,9,-0.4414,-0.7831,-1.3779,-0.1874,-12.98,16.58,-69.28,0.3542,0.78,299,96,False
S9_contraction,T3_zscore_neg_1.0,P1_long_cash,9,0.0,-0.4348,-0.1509,-0.1204,-1.75,4.02,-14.51,0.0312,0.19,299,96,False
S9_contraction,T3_zscore_neg_1.0,P2_signal_strength,9,0.2955,0.9835,0.9626,0.579,11.24,11.43,-19.42,0.3438,0.58,236,96,True
S9_contraction,T3_zscore_neg_1.0,P3_long_short,9,-0.7188,-1.1329,-1.9784,-0.2283,-18.3,16.15,-80.13,0.3021,0.39,299,96,False
S9_contraction,T3_zscore_1.5,P1_long_cash,9,0.1655,0.0,0.0,0.0,0.0,99900.0,0.0,0.0,0.22,299,96,False
S9_contraction,T3_zscore_1.5,P2_signal_strength,9,0.2955,0.9835,0.9626,0.579,11.24,11.43,-19.42,0.3438,0.58,236,96,True
S9_contraction,T3_zscore_1.5,P3_long_short,9,-0.5517,-0.8998,-1.613,-0.2016,-14.8,16.45,-73.44,0.3229,0.44,299,96,False
S9_contraction,T3_zscore_neg_1.5,P1_long_cash,9,0.0,0.0,0.0,0.0,0.0,99900.0,0.0,0.0,0.0,299,96,False
S9_contraction,T3_zscore_neg_1.5,P2_signal_strength,9,0.2955,0.9835,0.9626,0.579,11.24,11.43,-19.42,0.3438,0.58,236,96,True
S9_contraction,T3_zscore_neg_1.5,P3_long_short,9,-0.7188,-0.8998,-1.613,-0.2016,-14.8,16.45,-73.44,0.3229,0.0,299,96,False
S9_contraction,T3_zscore_2.0,P1_long_cash,9,0.1464,0.0,0.0,0.0,0.0,99900.0,0.0,0.0,0.17,299,96,False
S9_contraction,T3_zscore_2.0,P2_signal_strength,9,0.2955,0.9835,0.9626,0.579,11.24,11.43,-19.42,0.3438,0.58,236,96,True
S9_contraction,T3_zscore_2.0,P3_long_short,9,-0.5909,-0.8998,-1.613,-0.2016,-14.8,16.45,-73.44,0.3229,0.33,299,96,False
S9_contraction,T3_zscore_neg_2.0,P1_long_cash,9,0.0,0.0,0.0,0.0,0.0,99900.0,0.0,0.0,0.0,299,96,False
S9_contraction,T3_zscore_neg_2.0,P2_signal_strength,9,0.2955,0.9835,0.9626,0.579,11.24,11.43,-19.42,0.3438,0.58,236,96,True
S9_contraction,T3_zscore_neg_2.0,P3_long_short,9,-0.7188,-0.8998,-1.613,-0.2016,-14.8,16.45,-73.44,0.3229,0.0,299,96,False
S9_contraction,T1_fixed_p25,P1_long_cash,10,0.4248,1.0069,1.0221,0.9124,11.39,11.31,-12.49,0.3438,0.56,299,96,True
S9_contraction,T1_fixed_p25,P2_signal_strength,10,0.4799,1.0069,1.0221,0.9124,11.39,11.31,-12.49,0.3438,0.58,235,96,True
S9_contraction,T1_fixed_p25,P3_long_short,10,-0.2876,0.474,0.8565,0.27,7.98,16.84,-29.56,0.5312,1.11,299,96,True
S9_contraction,T1_fixed_p50,P1_long_cash,10,0.4248,1.0069,1.0221,0.9124,11.39,11.31,-12.49,0.3438,0.56,299,96,True
S9_contraction,T1_fixed_p50,P2_signal_strength,10,0.4799,1.0069,1.0221,0.9124,11.39,11.31,-12.49,0.3438,0.58,235,96,True
S9_contraction,T1_fixed_p50,P3_long_short,10,-0.2876,0.474,0.8565,0.27,7.98,16.84,-29.56,0.5312,1.11,299,96,True
S9_contraction,T1_fixed_p75,P1_long_cash,10,0.4248,1.0069,1.0221,0.9124,11.39,11.31,-12.49,0.3438,0.56,299,96,True
S9_contraction,T1_fixed_p75,P2_signal_strength,10,0.4799,1.0069,1.0221,0.9124,11.39,11.31,-12.49,0.3438,0.58,235,96,True
S9_contraction,T1_fixed_p75,P3_long_short,10,-0.2876,0.474,0.8565,0.27,7.98,16.84,-29.56,0.5312,1.11,299,96,True
S9_contraction,T2_roll_p25,P1_long_cash,10,0.4248,1.0069,1.0221,0.9124,11.39,11.31,-12.49,0.3438,0.5,299,96,True
S9_contraction,T2_roll_p25,P2_signal_strength,10,0.4799,1.0069,1.0221,0.9124,11.39,11.31,-12.49,0.3438,0.58,235,96,True
S9_contraction,T2_roll_p25,P3_long_short,10,-0.2876,0.474,0.8565,0.27,7.98,16.84,-29.56,0.5312,1.0,299,96,True
S9_contraction,T2_roll_p50,P1_long_cash,10,0.4248,0.6973,0.2959,0.4907,6.13,8.79,-12.49,0.125,0.39,299,96,True
S9_contraction,T2_roll_p50,P2_signal_strength,10,0.4799,1.0069,1.0221,0.9124,11.39,11.31,-12.49,0.3438,0.58,235,96,True
S9_contraction,T2_roll_p50,P3_long_short,10,-0.2876,-0.1499,-0.2753,-0.0672,-2.55,16.99,-37.87,0.4271,0.78,299,96,False
S9_contraction,T2_roll_p75,P1_long_cash,10,0.269,0.0,0.0,0.0,0.0,99900.0,0.0,0.0,0.17,299,96,False
S9_contraction,T2_roll_p75,P2_signal_strength,10,0.4799,1.0069,1.0221,0.9124,11.39,11.31,-12.49,0.3438,0.58,235,96,True
S9_contraction,T2_roll_p75,P3_long_short,10,-0.4751,-0.8998,-1.613,-0.2016,-14.8,16.45,-73.44,0.3229,0.33,299,96,False
S9_contraction,T3_zscore_1.0,P1_long_cash,10,0.4248,0.5726,0.2325,0.3856,4.81,8.41,-12.49,0.1042,0.39,299,96,True
S9_contraction,T3_zscore_1.0,P2_signal_strength,10,0.4799,1.0069,1.0221,0.9124,11.39,11.31,-12.49,0.3438,0.58,235,96,True
S9_contraction,T3_zscore_1.0,P3_long_short,10,-0.2876,-0.3055,-0.5618,-0.1063,-5.17,16.94,-48.68,0.4062,0.78,299,96,False
S9_contraction,T3_zscore_neg_1.0,P1_long_cash,10,0.0,0.1416,0.0467,0.0759,0.67,4.71,-8.78,0.0521,0.19,299,96,True
S9_contraction,T3_zscore_neg_1.0,P2_signal_strength,10,0.4799,1.0069,1.0221,0.9124,11.39,11.31,-12.49,0.3438,0.58,235,96,True
S9_contraction,T3_zscore_neg_1.0,P3_long_short,10,-0.7188,-0.8141,-1.4469,-0.1874,-13.47,16.55,-71.86,0.3542,0.39,299,96,False
S9_contraction,T3_zscore_1.5,P1_long_cash,10,0.3157,0.0,0.0,0.0,0.0,99900.0,0.0,0.0,0.22,299,96,False
S9_contraction,T3_zscore_1.5,P2_signal_strength,10,0.4799,1.0069,1.0221,0.9124,11.39,11.31,-12.49,0.3438,0.58,235,96,True
S9_contraction,T3_zscore_1.5,P3_long_short,10,-0.41,-0.8998,-1.613,-0.2016,-14.8,16.45,-73.44,0.3229,0.44,299,96,False
S9_contraction,T3_zscore_neg_1.5,P1_long_cash,10,0.0,0.0,0.0,0.0,0.0,99900.0,0.0,0.0,0.0,299,96,False
S9_contraction,T3_zscore_neg_1.5,P2_signal_strength,10,0.4799,1.0069,1.0221,0.9124,11.39,11.31,-12.49,0.3438,0.58,235,96,True
S9_contraction,T3_zscore_neg_1.5,P3_long_short,10,-0.7188,-0.8998,-1.613,-0.2016,-14.8,16.45,-73.44,0.3229,0.0,299,96,False
S9_contraction,T3_zscore_2.0,P1_long_cash,10,0.2937,0.0,0.0,0.0,0.0,99900.0,0.0,0.0,0.17,299,96,False
S9_contraction,T3_zscore_2.0,P2_signal_strength,10,0.4799,1.0069,1.0221,0.9124,11.39,11.31,-12.49,0.3438,0.58,235,96,True
S9_contraction,T3_zscore_2.0,P3_long_short,10,-0.4774,-0.8998,-1.613,-0.2016,-14.8,16.45,-73.44,0.3229,0.33,299,96,False
S9_contraction,T3_zscore_neg_2.0,P1_long_cash,10,0.0,0.0,0.0,0.0,0.0,99900.0,0.0,0.0,0.0,299,96,False
S9_contraction,T3_zscore_neg_2.0,P2_signal_strength,10,0.4799,1.0069,1.0221,0.9124,11.39,11.31,-12.49,0.3438,0.58,235,96,True
S9_contraction,T3_zscore_neg_2.0,P3_long_short,10,-0.7188,-0.8998,-1.613,-0.2016,-14.8,16.45,-73.44,0.3229,0.0,299,96,False
S9_contraction,T1_fixed_p25,P1_long_cash,11,0.4529,1.23,2.0713,1.5678,12.65,10.29,-8.07,0.3542,0.56,299,96,True
S9_contraction,T1_fixed_p25,P2_signal_strength,11,0.5129,1.23,2.0713,1.5678,12.65,10.29,-8.07,0.3542,0.58,234,96,True
S9_contraction,T1_fixed_p25,P3_long_short,11,-0.2593,0.6279,1.2502,0.4091,10.5,16.73,-25.67,0.5417,1.11,299,96,True
S9_contraction,T1_fixed_p50,P1_long_cash,11,0.4529,1.23,2.0713,1.5678,12.65,10.29,-8.07,0.3542,0.56,299,96,True
S9_contraction,T1_fixed_p50,P2_signal_strength,11,0.5129,1.23,2.0713,1.5678,12.65,10.29,-8.07,0.3542,0.58,234,96,True
S9_contraction,T1_fixed_p50,P3_long_short,11,-0.2593,0.6279,1.2502,0.4091,10.5,16.73,-25.67,0.5417,1.11,299,96,True
S9_contraction,T1_fixed_p75,P1_long_cash,11,0.4529,1.23,2.0713,1.5678,12.65,10.29,-8.07,0.3542,0.56,299,96,True
S9_contraction,T1_fixed_p75,P2_signal_strength,11,0.5129,1.23,2.0713,1.5678,12.65,10.29,-8.07,0.3542,0.58,234,96,True
S9_contraction,T1_fixed_p75,P3_long_short,11,-0.2593,0.6279,1.2502,0.4091,10.5,16.73,-25.67,0.5417,1.11,299,96,True
S9_contraction,T2_roll_p25,P1_long_cash,11,0.4529,1.23,2.0713,1.5678,12.65,10.29,-8.07,0.3542,0.5,299,96,True
S9_contraction,T2_roll_p25,P2_signal_strength,11,0.5129,1.23,2.0713,1.5678,12.65,10.29,-8.07,0.3542,0.58,234,96,True
S9_contraction,T2_roll_p25,P3_long_short,11,-0.2593,0.6279,1.2502,0.4091,10.5,16.73,-25.67,0.5417,1.0,299,96,True
S9_contraction,T2_roll_p50,P1_long_cash,11,0.4529,0.8452,8.6729,1.5247,6.15,7.27,-4.03,0.125,0.39,299,96,True
S9_contraction,T2_roll_p50,P2_signal_strength,11,0.5129,1.23,2.0713,1.5678,12.65,10.29,-8.07,0.3542,0.58,234,96,True
S9_contraction,T2_roll_p50,P3_long_short,11,-0.2593,-0.1476,-0.2934,-0.0563,-2.51,16.99,-44.51,0.4167,0.78,299,96,False
S9_contraction,T2_roll_p75,P1_long_cash,11,0.2487,0.0,0.0,0.0,0.0,99900.0,0.0,0.0,0.17,299,96,False
S9_contraction,T2_roll_p75,P2_signal_strength,11,0.5129,1.23,2.0713,1.5678,12.65,10.29,-8.07,0.3542,0.58,234,96,True
S9_contraction,T2_roll_p75,P3_long_short,11,-0.4898,-0.8998,-1.613,-0.2016,-14.8,16.45,-73.44,0.3229,0.33,299,96,False
S9_contraction,T3_zscore_1.0,P1_long_cash,11,0.4529,0.9086,6.6653,1.6032,6.46,7.11,-4.03,0.1146,0.39,299,96,True
S9_contraction,T3_zscore_1.0,P2_signal_strength,11,0.5129,1.23,2.0713,1.5678,12.65,10.29,-8.07,0.3542,0.58,234,96,True
S9_contraction,T3_zscore_1.0,P3_long_short,11,-0.2593,-0.1103,-0.2175,-0.0416,-1.87,16.99,-45.1,0.4167,0.78,299,96,False
S9_contraction,T3_zscore_neg_1.0,P1_long_cash,11,0.0,-0.2627,-0.1052,-0.0711,-1.29,4.9,-18.13,0.0312,0.19,299,96,False
S9_contraction,T3_zscore_neg_1.0,P2_signal_strength,11,0.5129,1.23,2.0713,1.5678,12.65,10.29,-8.07,0.3542,0.58,234,96,True
S9_contraction,T3_zscore_neg_1.0,P3_long_short,11,-0.7188,-1.0703,-1.8361,-0.2217,-17.38,16.24,-78.4,0.3229,0.39,299,96,False
S9_contraction,T3_zscore_1.5,P1_long_cash,11,0.3549,0.0,0.0,0.0,0.0,99900.0,0.0,0.0,0.22,299,96,False
S9_contraction,T3_zscore_1.5,P2_signal_strength,11,0.5129,1.23,2.0713,1.5678,12.65,10.29,-8.07,0.3542,0.58,234,96,True
S9_contraction,T3_zscore_1.5,P3_long_short,11,-0.367,-0.8998,-1.613,-0.2016,-14.8,16.45,-73.44,0.3229,0.44,299,96,False
S9_contraction,T3_zscore_neg_1.5,P1_long_cash,11,0.0,0.0,0.0,0.0,0.0,99900.0,0.0,0.0,0.0,299,96,False
S9_contraction,T3_zscore_neg_1.5,P2_signal_strength,11,0.5129,1.23,2.0713,1.5678,12.65,10.29,-8.07,0.3542,0.58,234,96,True
S9_contraction,T3_zscore_neg_1.5,P3_long_short,11,-0.7188,-0.8998,-1.613,-0.2016,-14.8,16.45,-73.44,0.3229,0.0,299,96,False
S9_contraction,T3_zscore_2.0,P1_long_cash,11,0.2406,0.0,0.0,0.0,0.0,99900.0,0.0,0.0,0.17,299,96,False
S9_contraction,T3_zscore_2.0,P2_signal_strength,11,0.5129,1.23,2.0713,1.5678,12.65,10.29,-8.07,0.3542,0.58,234,96,True
S9_contraction,T3_zscore_2.0,P3_long_short,11,-0.5233,-0.8998,-1.613,-0.2016,-14.8,16.45,-73.44,0.3229,0.33,299,96,False
S9_contraction,T3_zscore_neg_2.0,P1_long_cash,11,0.0,0.0,0.0,0.0,0.0,99900.0,0.0,0.0,0.0,299,96,False
S9_contraction,T3_zscore_neg_2.0,P2_signal_strength,11,0.5129,1.23,2.0713,1.5678,12.65,10.29,-8.07,0.3542,0.58,234,96,True
S9_contraction,T3_zscore_neg_2.0,P3_long_short,11,-0.7188,-0.8998,-1.613,-0.2016,-14.8,16.45,-73.44,0.3229,0.0,299,96,False
S9_contraction,T1_fixed_p25,P1_long_cash,12,0.3789,1.0412,1.7434,1.0086,9.89,9.5,-9.8,0.3333,0.53,299,96,True
S9_contraction,T1_fixed_p25,P2_signal_strength,12,0.4298,1.0412,1.7434,1.0086,9.89,9.5,-9.8,0.3333,0.55,233,96,True
S9_contraction,T1_fixed_p25,P3_long_short,12,-0.3523,0.2934,0.5345,0.1539,4.97,16.94,-32.31,0.5,1.06,299,96,True
S9_contraction,T1_fixed_p50,P1_long_cash,12,0.3789,1.0412,1.7434,1.0086,9.89,9.5,-9.8,0.3333,0.53,299,96,True
S9_contraction,T1_fixed_p50,P2_signal_strength,12,0.4298,1.0412,1.7434,1.0086,9.89,9.5,-9.8,0.3333,0.55,233,96,True
S9_contraction,T1_fixed_p50,P3_long_short,12,-0.3523,0.2934,0.5345,0.1539,4.97,16.94,-32.31,0.5,1.06,299,96,True
S9_contraction,T1_fixed_p75,P1_long_cash,12,0.3789,1.0412,1.7434,1.0086,9.89,9.5,-9.8,0.3333,0.53,299,96,True
S9_contraction,T1_fixed_p75,P2_signal_strength,12,0.4298,1.0412,1.7434,1.0086,9.89,9.5,-9.8,0.3333,0.55,233,96,True
S9_contraction,T1_fixed_p75,P3_long_short,12,-0.3523,0.2934,0.5345,0.1539,4.97,16.94,-32.31,0.5,1.06,299,96,True
S9_contraction,T2_roll_p25,P1_long_cash,12,0.3789,1.0412,1.7434,1.0086,9.89,9.5,-9.8,0.3333,0.47,299,96,True
S9_contraction,T2_roll_p25,P2_signal_strength,12,0.4298,1.0412,1.7434,1.0086,9.89,9.5,-9.8,0.3333,0.55,233,96,True
S9_contraction,T2_roll_p25,P3_long_short,12,-0.3523,0.2934,0.5345,0.1539,4.97,16.94,-32.31,0.5,0.94,299,96,True
S9_contraction,T2_roll_p50,P1_long_cash,12,0.3789,0.5652,1.364,0.5056,3.17,5.62,-6.28,0.1146,0.39,299,96,True
S9_contraction,T2_roll_p50,P2_signal_strength,12,0.4298,1.0412,1.7434,1.0086,9.89,9.5,-9.8,0.3333,0.55,233,96,True
S9_contraction,T2_roll_p50,P3_long_short,12,-0.3523,-0.5025,-0.9137,-0.148,-8.45,16.82,-57.11,0.3854,0.78,299,96,False
S9_contraction,T2_roll_p75,P1_long_cash,12,0.2452,0.0,0.0,0.0,0.0,99900.0,0.0,0.0,0.17,299,96,False
S9_contraction,T2_roll_p75,P2_signal_strength,12,0.4298,1.0412,1.7434,1.0086,9.89,9.5,-9.8,0.3333,0.55,233,96,True
S9_contraction,T2_roll_p75,P3_long_short,12,-0.5008,-0.8998,-1.613,-0.2016,-14.8,16.45,-73.44,0.3229,0.33,299,96,False
S9_contraction,T3_zscore_1.0,P1_long_cash,12,0.3789,0.5825,1.6547,0.5088,3.19,5.48,-6.28,0.1042,0.39,299,96,True
S9_contraction,T3_zscore_1.0,P2_signal_strength,12,0.4298,1.0412,1.7434,1.0086,9.89,9.5,-9.8,0.3333,0.55,233,96,True
S9_contraction,T3_zscore_1.0,P3_long_short,12,-0.3523,-0.5001,-0.9089,-0.1477,-8.42,16.83,-56.98,0.3854,0.78,299,96,False
S9_contraction,T3_zscore_neg_1.0,P1_long_cash,12,0.0,-0.0587,-0.2499,-0.0202,-0.32,5.53,-16.11,0.0417,0.17,299,96,False
S9_contraction,T3_zscore_neg_1.0,P2_signal_strength,12,0.4298,1.0412,1.7434,1.0086,9.89,9.5,-9.8,0.3333,0.55,233,96,True
S9_contraction,T3_zscore_neg_1.0,P3_long_short,12,-0.7188,-0.9422,-1.6653,-0.2066,-15.45,16.4,-74.79,0.3438,0.33,299,96,False
S9_contraction,T3_zscore_1.5,P1_long_cash,12,0.2937,0.0,0.0,0.0,0.0,99900.0,0.0,0.0,0.22,299,96,False
S9_contraction,T3_zscore_1.5,P2_signal_strength,12,0.4298,1.0412,1.7434,1.0086,9.89,9.5,-9.8,0.3333,0.55,233,96,True
S9_contraction,T3_zscore_1.5,P3_long_short,12,-0.4409,-0.8998,-1.613,-0.2016,-14.8,16.45,-73.44,0.3229,0.44,299,96,False
S9_contraction,T3_zscore_neg_1.5,P1_long_cash,12,0.0,0.0,0.0,0.0,0.0,99900.0,0.0,0.0,0.0,299,96,False
S9_contraction,T3_zscore_neg_1.5,P2_signal_strength,12,0.4298,1.0412,1.7434,1.0086,9.89,9.5,-9.8,0.3333,0.55,233,96,True
S9_contraction,T3_zscore_neg_1.5,P3_long_short,12,-0.7188,-0.8998,-1.613,-0.2016,-14.8,16.45,-73.44,0.3229,0.0,299,96,False
S9_contraction,T3_zscore_2.0,P1_long_cash,12,0.1997,0.0,0.0,0.0,0.0,99900.0,0.0,0.0,0.17,299,96,False
S9_contraction,T3_zscore_2.0,P2_signal_strength,12,0.4298,1.0412,1.7434,1.0086,9.89,9.5,-9.8,0.3333,0.55,233,96,True
S9_contraction,T3_zscore_2.0,P3_long_short,12,-0.5654,-0.8998,-1.613,-0.2016,-14.8,16.45,-73.44,0.3229,0.33,299,96,False
S9_contraction,T3_zscore_neg_2.0,P1_long_cash,12,0.0,0.0,0.0,0.0,0.0,99900.0,0.0,0.0,0.0,299,96,False
S9_contraction,T3_zscore_neg_2.0,P2_signal_strength,12,0.4298,1.0412,1.7434,1.0086,9.89,9.5,-9.8,0.3333,0.55,233,96,True
S9_contraction,T3_zscore_neg_2.0,P3_long_short,12,-0.7188,-0.8998,-1.613,-0.2016,-14.8,16.45,-73.44,0.3229,0.0,299,96,False
BENCHMARK,BUY_HOLD,BUY_HOLD,0,0.7188,0.8998,1.3886,0.6186,14.8,16.45,-23.93,0.6771,0.0,299,96,False
