type,spread_value,density
mode,2.2087087087087087,1.3974385223996675
mode,2.625785785785786,0.5833718855927508
antimode,2.5543343343343343,0.5759524799394565
