winner_id,signal,obs_sharpe,boot_mean_sharpe,boot_ci_lower,boot_ci_upper,p_value_sharpe_gt_0,significant_5pct
W1,hmm_2state_prob_stress,0.4855814406635079,0.4874441867093556,-0.19166380298193778,1.1768157386854081,0.0823,False
W2,composite_zscore_vts,0.8482689148612428,0.854760982569844,0.1565757601322298,1.548376561876093,0.0086,True
W3,hmm_2state_prob_stress,0.5318683749831723,0.5358438895716464,-0.1480920167425669,1.2057733256075052,0.06,False
W4,hy_ig_zscore_252d,0.7973844817005015,0.8016682149011773,0.1042978577938117,1.513866911984193,0.0123,True
W5,hy_ig_zscore_252d,0.7886422887458381,0.789095160846403,0.10061885261326467,1.4850261842013028,0.0124,True
