date,position,strategy_return,bh_return
2007-01-03,0.0,0.0,0.0
2007-01-04,0.0,0.0,0.0021223701
2007-01-05,0.0,-0.0,-0.0079766916
2007-01-08,0.0,0.0,0.0046254466
2007-01-09,0.0,-0.0,-0.0008504144
2007-01-10,0.0,0.0,0.0033320157
2007-01-11,0.0,0.0,0.0043804006
2007-01-12,0.0,0.0,0.0075973086
2007-01-15,0.0,0.0,0.0
2007-01-16,0.0,-0.0,-0.0019548914
2007-01-17,0.0,0.0,0.0004193734
2007-01-18,0.0,-0.0,-0.003355857
2007-01-19,0.0,0.0,0.001963959
2007-01-22,0.0,-0.0,-0.0030804976
2007-01-23,0.0,0.0,0.0029500877
2007-01-24,0.0,0.0,0.0080527831
2007-01-25,0.0,-0.0,-0.0117400238
2007-01-26,0.0,-0.0,-0.000913889
2007-01-29,0.0,-0.0,-0.0005628372
2007-01-30,0.0,0.0,0.0052093288
2007-01-31,0.0,0.0,0.0067236645
2007-02-01,0.0,0.0,0.0059823109
2007-02-02,0.0,0.0,0.0013828117
2007-02-05,0.0,0.0,0.00027666
2007-02-06,0.0,0.0,0.0002759093
2007-02-07,0.0,0.0,0.0022089121
2007-02-08,0.0,-0.0,-0.0013086462
2007-02-09,0.0,-0.0,-0.0074473282
2007-02-12,0.0,-0.0,-0.0034044422
2007-02-13,0.0,0.0,0.0084352977
2007-02-14,0.0,0.0,0.0065670598
2007-02-15,0.0,0.0,0.00130453
2007-02-16,0.0,-0.0,-0.0004796023
2007-02-19,0.0,0.0,0.0
2007-02-20,0.0,0.0,0.0021268552
2007-02-21,0.0,-0.0,-0.0004106775
2007-02-22,0.0,-0.0,-0.0007535277
2007-02-23,0.0,-0.0,-0.0039074327
2007-02-26,0.0,-0.0,-0.0008949923
2007-02-27,0.0,-0.0,-0.0390574848
2007-02-28,0.0,0.0,0.010250427
2007-03-01,0.0,-0.0,-0.0029798257
2007-03-02,0.0,-0.0,-0.0130953551
2007-03-05,0.0,-0.0,-0.00951822
2007-03-06,0.0,0.0,0.0171087573
2007-03-07,0.0,-0.0,-0.0010024865
2007-03-08,0.0,0.0,0.008455431
2007-03-09,0.0,0.0,0.0002845064
2007-03-12,0.0,0.0,0.001491808
2007-03-13,0.0,-0.0,-0.0194341159
2007-03-14,0.0,0.0,0.0074502558
2007-03-15,0.0,0.0,0.0013643637
2007-03-16,0.0,-0.0,-0.0028004795
2007-03-19,0.0,0.0,0.0120555006
2007-03-20,0.0,0.0,0.005491886
2007-03-21,0.0,0.0,0.0164571282
2007-03-22,0.0,-0.0,-0.0007673567
2007-03-23,0.0,0.0,0.0014668954
2007-03-26,0.0,-0.0,-0.0013249958
2007-03-27,0.0,-0.0,-0.0023743896
2007-03-28,0.0,-0.0,-0.0072803915
2007-03-29,0.0,0.0,0.0010579831
2007-03-30,0.0,0.0,0.0002116471
2007-04-02,0.0,0.0,0.0011261351
2007-04-03,0.0,0.0,0.0107628501
2007-04-04,0.0,0.0,0.0011136427
2007-04-05,0.0,0.0,0.0027110947
2007-04-06,0.0,0.0,0.0
2007-04-09,0.0,0.0,0.0013865017
2007-04-10,0.0,0.0,0.001177078
2007-04-11,0.0,-0.0,-0.0040798007
2007-04-12,0.0,0.0,0.0044436122
2007-04-13,0.0,0.0,0.0045624033
2007-04-16,0.0,0.0,0.009495785
2007-04-17,0.0,0.0,0.0026592372
2007-04-18,0.0,0.0,0.0012234747
2007-04-19,0.0,-0.0,-0.0002716244
2007-04-20,0.0,0.0,0.0094407238
2007-04-23,0.0,-0.0,-0.0037676914
2007-04-24,0.0,0.0,0.0004054452
2007-04-25,0.0,0.0,0.0091813553
2007-04-26,0.0,0.0,0.0011371016
2007-04-27,0.0,-0.0,-0.0008013362
2007-04-30,0.0,-0.0,-0.0082928007
2007-05-01,0.0,0.0,0.0025624275
2007-05-02,0.0,0.0,0.0058519985
2007-05-03,0.0,0.0,0.0054168808
2007-05-04,0.0,0.0,0.003791049
2007-05-07,0.0,0.0,0.0001985944
2007-05-08,0.0,-0.0,-0.0013251557
2007-05-09,0.0,0.0,0.0027199337
2007-05-10,0.0,-0.0,-0.0104526635
2007-05-11,0.0,0.0,0.0085575336
2007-05-14,0.0,-0.0,-0.0021875569
2007-05-15,0.0,0.0,0.0002658855
2007-05-16,0.0,0.0,0.0068408377
2007-05-17,0.0,-0.0,-0.0019794599
2007-05-18,0.0,0.0,0.0087248551
2007-05-21,0.0,-0.0,-0.0005242055
2007-05-22,0.0,-0.0,-0.0007870749
2007-05-23,0.0,0.0,0.0001316134
2007-05-24,0.0,-0.0,-0.0090526195
2007-05-25,0.0,0.0,0.0041704091
2007-05-28,0.0,0.0,0.0
2007-05-29,0.0,0.0,0.0036253134
2007-05-30,0.0,0.0,0.0081454702
2007-05-31,0.0,-0.0,-0.0010430294
2007-06-01,0.0,0.0,0.0049574302
2007-06-04,0.0,0.0,0.0001296342
2007-06-05,0.0,-0.0,-0.0039586621
2007-06-06,0.0,-0.0,-0.0107497397
2007-06-07,0.0,-0.0,-0.0180450285
2007-06-08,0.0,0.0,0.013011114
2007-06-11,0.0,0.0,0.0017213113
2007-06-12,0.0,-0.0,-0.010905551
2007-06-13,0.0,0.0,0.0149684828
2007-06-14,0.0,0.0,0.0063860251
2007-06-15,0.0,0.0,0.0056899661
2007-06-18,0.0,-0.0,-0.0011759051
2007-06-19,0.0,0.0,0.0024856471
2007-06-20,0.0,-0.0,-0.0138971032
2007-06-21,0.0,0.0,0.005557844
2007-06-22,0.0,-0.0,-0.0094092768
2007-06-25,0.0,-0.0,-0.0047827096
2007-06-26,0.0,-0.0,-0.0102780292
2007-06-27,0.0,0.0,0.0142288926
2007-06-28,0.0,-0.0,-0.0001330949
2007-06-29,0.0,0.0,0.0003324952
2007-07-02,0.0,0.0,0.0090408485
2007-07-03,0.0,0.0,0.0036230466
2007-07-04,0.0,0.0,0.0
2007-07-05,0.0,-0.0,-0.0010504935
2007-07-06,0.0,0.0,0.0052572837
2007-07-09,0.0,0.0,0.0007847498
2007-07-10,0.0,-0.0,-0.0142389815
2007-07-11,0.0,0.0,0.0070897644
2007-07-12,0.0,0.0,0.0157902112
2007-07-13,0.0,0.0,0.0029795609
2007-07-16,0.0,-0.0,-0.0001292701
2007-07-17,0.0,-0.0,-0.0005163825
2007-07-18,0.0,-0.0,-0.0018095591
2007-07-19,0.0,0.0,0.0038844373
2007-07-20,0.0,-0.0,-0.0101245568
2007-07-23,0.0,0.0,0.003061759
2007-07-24,0.0,-0.0,-0.0173411601
2007-07-25,0.0,0.0,0.0020489923
2007-07-26,0.0,-0.0,-0.0236792759
2007-07-27,0.0,-0.0,-0.0196588677
2007-07-30,0.0,0.0,0.0156428703
2007-07-31,0.0,-0.0,-0.0112633074
2007-08-01,0.0,0.0,0.0048724773
2007-08-02,0.0,0.0,0.0079900139
2007-08-03,0.0,-0.0,-0.0257450662
2007-08-06,0.0,0.0,0.0167594278
2007-08-07,0.0,0.0,0.0106694054
2007-08-08,0.0,0.0,0.013940231
2007-08-09,0.0,-0.0,-0.0296334004
2007-08-10,0.0,-0.0,-0.0046766453
2007-08-13,0.0,0.0,0.0035928123
2007-08-14,0.0,-0.0,-0.0152857428
2007-08-15,0.0,-0.0,-0.0137753243
2007-08-16,0.0,0.0,0.0075160575
2007-08-17,0.0,0.0,0.0183671715
2007-08-20,0.0,-0.0,-0.000484074
2007-08-21,0.0,0.0,0.0020047944
2007-08-22,0.0,0.0,0.011867918
2007-08-23,0.0,-0.0,-0.0008857709
2007-08-24,0.0,0.0,0.0123519242
2007-08-27,0.0,-0.0,-0.0093032229
2007-08-28,0.0,-0.0,-0.0219799889
2007-08-29,0.0,0.0,0.0196212515
2007-08-30,0.0,-0.0,-0.0026607769
2007-08-31,0.0,0.0,0.0098522146
2007-09-03,0.0,0.0,0.0
2007-09-04,0.0,0.0,0.0100962615
2007-09-05,0.0,-0.0,-0.0086538404
2007-09-06,0.0,0.0,0.0023005328
2007-09-07,0.0,-0.0,-0.0139062136
2007-09-10,0.0,-0.0,-0.0019169423
2007-09-11,0.0,0.0,0.0116605307
2007-09-12,0.0,0.0,0.0025765801
2007-09-13,0.0,0.0,0.0070333061
2007-09-14,0.0,-0.0,-6.75747e-05
2007-09-17,0.0,-0.0,-0.0053727291
2007-09-18,0.0,0.0,0.0294396349
2007-09-19,0.0,0.0,0.0059034032
2007-09-20,0.0,-0.0,-0.0070423687
2007-09-21,0.0,0.0,0.0026987181
2007-09-24,0.0,-0.0,-0.0018425603
2007-09-25,0.0,-0.0,-0.0019780782
2007-09-26,0.0,0.0,0.005285165
2007-09-27,0.0,0.0,0.0059133284
2007-09-28,0.0,-0.0,-0.0033314839
2007-10-01,0.0,0.0,0.0112726631
2007-10-02,0.0,-0.0,-0.0013610876
2007-10-03,0.0,-0.0,-0.0020116386
2007-10-04,0.0,0.0,0.0015606492
2007-10-05,0.0,0.0,0.0118819115
2007-10-08,0.0,-0.0,-0.005325666
2007-10-09,0.0,0.0,0.0094176478
2007-10-10,0.0,-0.0,-0.0016613145
2007-10-11,0.0,-0.0,-0.0048009399
2007-10-12,0.0,0.0,0.0055318002
2007-10-15,0.0,-0.0,-0.0084440363
2007-10-16,0.0,-0.0,-0.00793481
2007-10-17,0.0,0.0,0.0030564513
2007-10-18,0.0,-0.0,-0.0036302334
2007-10-19,0.0,-0.0,-0.0261571129
2007-10-22,0.0,0.0,0.005813155
2007-10-23,0.0,0.0,0.0081042449
2007-10-24,0.0,-0.0,-0.0018453921
2007-10-25,0.0,0.0,0.002376589
2007-10-26,0.0,0.0,0.0117232788
2007-10-29,0.0,0.0,0.0033199895
2007-10-30,0.0,-0.0,-0.0069428268
2007-10-31,0.0,0.0,0.0103884469
2007-11-01,0.0,-0.0,-0.0234081824
2007-11-02,0.0,0.0,0.0011257365
2007-11-05,0.0,-0.0,-0.0076054966
2007-11-06,0.0,0.0,0.0134621436
2007-11-07,0.0,-0.0,-0.027356165
2007-11-08,0.0,-0.0,-0.0050704546
2007-11-09,0.0,-0.0,-0.0137265951
2007-11-12,0.0,-0.0,-0.0099215385
2007-11-13,0.0,0.0,0.0304798574
2007-11-14,0.0,-0.0,-0.0027680912
2007-11-15,0.0,-0.0,-0.0144236855
2007-11-16,0.0,0.0,0.0017170105
2007-11-19,0.0,-0.0,-0.0139239139
2007-11-20,0.0,0.0,0.0061214258
2007-11-21,0.0,-0.0,-0.0204650765
2007-11-22,0.0,0.0,0.0
2007-11-23,0.0,0.0,0.0172928642
2007-11-26,0.0,-0.0,-0.0220635131
2007-11-27,0.0,0.0,0.0114936187
2007-11-28,0.0,0.0,0.031984061
2007-11-29,0.0,0.0,0.0003401281
2007-11-30,0.0,0.0,0.0100556195
2007-12-03,0.0,-0.0,-0.0065924789
2007-12-04,0.0,-0.0,-0.0089379758
2007-12-05,0.0,0.0,0.0167396083
2007-12-06,0.0,0.0,0.0143139086
2007-12-07,0.0,-0.0,-0.0001987693
2007-12-10,0.0,0.0,0.0077526929
2007-12-11,0.0,-0.0,-0.0274202857
2007-12-12,0.0,0.0,0.0098715162
2007-12-13,0.0,-0.0,-0.002075706
2007-12-14,0.0,-0.0,-0.0126794053
2007-12-17,0.0,-0.0,-0.0142689017
2007-12-18,0.0,0.0,0.0055831908
2007-12-19,0.0,0.0,0.0
2007-12-20,0.0,0.0,0.006306709
2007-12-21,0.0,0.0,0.0144151136
2007-12-24,0.0,0.0,0.007426007
2007-12-25,0.0,0.0,0.0
2007-12-26,0.0,0.0,0.0021443662
2007-12-27,0.0,-0.0,-0.0125713547
2007-12-28,0.0,-0.0,-0.0025052698
2007-12-31,0.0,-0.0,-0.0074001457
2008-01-01,0.0,0.0,0.0
2008-01-02,0.0,-0.0,-0.0087547095
2008-01-03,0.0,-0.0,-0.0004824877
2008-01-04,0.0,-0.0,-0.024506436
2008-01-07,0.0,-0.0,-0.0008494518
2008-01-08,0.0,-0.0,-0.0161482499
2008-01-09,0.0,0.0,0.01051044
2008-01-10,0.0,0.0,0.0065538235
2008-01-11,0.0,-0.0,-0.008068373
2008-01-14,0.0,0.0,0.008062919
2008-01-15,0.0,-0.0,-0.0220132121
2008-01-16,0.0,-0.0,-0.0086123009
2008-01-17,0.0,-0.0,-0.0259162079
2008-01-18,0.0,-0.0,-0.0102675912
2008-01-21,0.0,0.0,0.0
2008-01-22,0.0,-0.0,-0.0101469917
2008-01-23,0.0,0.0,0.0240207963
2008-01-24,0.0,0.0,0.0084417901
2008-01-25,0.0,-0.0,-0.0144456292
2008-01-28,0.0,0.0,0.0165363551
2008-01-29,0.0,0.0,0.0049540025
2008-01-30,0.0,-0.0,-0.0073574086
2008-01-31,0.0,0.0,0.0182341652
2008-02-01,0.0,0.0,0.0160880256
2008-02-04,0.0,-0.0,-0.0126093276
2008-02-05,0.0,-0.0,-0.0267738612
2008-02-06,0.0,-0.0,-0.0080520031
2008-02-07,0.0,0.0,0.0066136918
2008-02-08,0.0,-0.0,-0.0064209147
2008-02-11,0.0,0.0,0.005109892
2008-02-12,0.0,0.0,0.009271238
2008-02-13,0.0,0.0,0.0102228919
2008-02-14,0.0,-0.0,-0.0087994977
2008-02-15,0.0,-0.0,-0.0002220488
2008-02-18,0.0,0.0,0.0
2008-02-19,0.0,0.0,0.0028118235
2008-02-20,0.0,0.0,0.0029519041
2008-02-21,0.0,-0.0,-0.0083139228
2008-02-22,0.0,0.0,0.0061580612
2008-02-25,0.0,0.0,0.0126080251
2008-02-26,0.0,0.0,0.0075005109
2008-02-27,1.0,-0.0010117977,-0.0010117977
2008-02-28,1.0,-0.0097670038,-0.0097670038
2008-02-29,1.0,-0.0222835922,-0.0222835922
2008-03-03,1.0,-0.0023916973,-0.0023916973
2008-03-04,1.0,-0.0038201353,-0.0038201353
2008-03-05,1.0,0.0063161583,0.0063161583
2008-03-06,1.0,-0.0206979218,-0.0206979218
2008-03-07,1.0,-0.0103005092,-0.0103005092
2008-03-10,1.0,-0.0131833946,-0.0131833946
2008-03-11,0.0,0.0,0.0359377821
2008-03-12,1.0,-0.0093518831,-0.0093518831
2008-03-13,1.0,0.0022079993,0.0022079993
2008-03-14,1.0,-0.0154958348,-0.0154958348
2008-03-17,0.0,-0.0,-0.0101073092
2008-03-18,0.0,0.0,0.0415436073
2008-03-19,1.0,-0.024770082,-0.024770082
2008-03-20,0.0,0.0,0.0185228744
2008-03-21,1.0,0.0,0.0
2008-03-24,1.0,0.0199877859,0.0199877859
2008-03-25,1.0,0.0009651555,0.0009651555
2008-03-26,1.0,-0.012236158,-0.012236158
2008-03-27,1.0,-0.0031530495,-0.0031530495
2008-03-28,1.0,-0.0095646841,-0.0095646841
2008-03-31,1.0,0.0034975831,0.0034975831
2008-04-01,1.0,0.0351602562,0.0351602562
2008-04-02,1.0,0.0006588265,0.0006588265
2008-04-03,1.0,0.0024866755,0.0024866755
2008-04-04,1.0,-0.0010945735,-0.0010945735
2008-04-07,1.0,0.0005110974,0.0005110974
2008-04-08,1.0,-0.00102175,-0.00102175
2008-04-09,1.0,-0.0072358157,-0.0072358157
2008-04-10,1.0,0.0013988261,0.0013988261
2008-04-11,1.0,-0.0194085013,-0.0194085013
2008-04-14,1.0,-0.0033746201,-0.0033746201
2008-04-15,1.0,0.0023326029,0.0023326029
2008-04-16,1.0,0.0270933689,0.0270933689
2008-04-17,1.0,0.0014620003,0.0014620003
2008-04-18,1.0,0.0104340461,0.0104340461
2008-04-21,1.0,0.0005051524,0.0005051524
2008-04-22,1.0,-0.0044023559,-0.0044023559
2008-04-23,1.0,-0.0015947921,-0.0015947921
2008-04-24,1.0,0.0043565206,0.0043565206
2008-04-25,1.0,0.0092536482,0.0092536482
2008-04-28,1.0,0.0002150825,0.0002150825
2008-04-29,1.0,-0.0039389145,-0.0039389145
2008-04-30,1.0,-0.0058960983,-0.0058960983
2008-05-01,1.0,0.0206857755,0.0206857755
2008-05-02,1.0,0.0027633263,0.0027633263
2008-05-05,1.0,-0.0048048319,-0.0048048319
2008-05-06,1.0,0.0086628395,0.0086628395
2008-05-07,1.0,-0.0178107731,-0.0178107731
2008-05-08,1.0,-0.002580418,-0.002580418
2008-05-09,1.0,-0.0018682661,-0.0018682661
2008-05-12,1.0,0.0112312655,0.0112312655
2008-05-13,1.0,0.0001422839,0.0001422839
2008-05-14,1.0,0.002064748,0.002064748
2008-05-15,1.0,0.0125019196,0.0125019196
2008-05-16,1.0,0.0009126416,0.0009126416
2008-05-19,1.0,0.0027337189,0.0027337189
2008-05-20,1.0,-0.0081092777,-0.0081092777
2008-05-21,1.0,-0.0169145514,-0.0169145514
2008-05-22,1.0,0.0001433494,0.0001433494
2008-05-23,1.0,-0.0134039075,-0.0134039075
2008-05-26,1.0,0.0,0.0
2008-05-27,1.0,0.0074110078,0.0074110078
2008-05-28,1.0,0.0046155542,0.0046155542
2008-05-29,1.0,0.0050250595,0.0050250595
2008-05-30,1.0,0.0025000051,0.0025000051
2008-06-02,1.0,-0.0103316378,-0.0103316378
2008-06-03,1.0,-0.0058311504,-0.0058311504
2008-06-04,1.0,-0.0005071164,-0.0005071164
2008-06-05,1.0,0.0199972069,0.0199972069
2008-06-06,1.0,-0.0318938163,-0.0318938163
2008-06-09,1.0,0.0024211883,0.0024211883
2008-06-10,1.0,-0.0049771189,-0.0049771189
2008-06-11,1.0,-0.0147125598,-0.0147125598
2008-06-12,1.0,0.0038074305,0.0038074305
2008-06-13,1.0,0.0126441375,0.0126441375
2008-06-16,1.0,0.0005878534,0.0005878534
2008-06-17,1.0,-0.0048443539,-0.0048443539
2008-06-18,1.0,-0.0097372796,-0.0097372796
2008-06-19,1.0,0.0012669765,0.0012669765
2008-06-20,1.0,-0.0162319245,-0.0162319245
2008-06-23,1.0,-0.0009883204,-0.0009883204
2008-06-24,1.0,-0.001977874,-0.001977874
2008-06-25,1.0,0.0047257477,0.0047257477
2008-06-26,1.0,-0.0271603314,-0.0271603314
2008-06-27,1.0,-0.0054584415,-0.0054584415
2008-06-30,1.0,0.0035283159,0.0035283159
2008-07-01,0.0,0.0,0.0031255196
2008-07-02,1.0,-0.017136673,-0.017136673
2008-07-03,0.0,0.0,0.0010301152
2008-07-04,0.0,0.0,0.0
2008-07-07,0.0,-0.0,-0.0102126271
2008-07-08,0.0,0.0,0.0177571349
2008-07-09,1.0,-0.0192551719,-0.0192551719
2008-07-10,0.0,0.0,0.0040869768
2008-07-11,0.0,-0.0,-0.0116521469
2008-07-14,0.0,-0.0,-0.0090434565
2008-07-15,0.0,-0.0,-0.0140976946
2008-07-16,0.0,0.0,0.0245475824
2008-07-17,0.0,0.0,0.010003268
2008-07-18,0.0,0.0,0.006230166
2008-07-21,0.0,0.0,0.0005558607
2008-07-22,1.0,0.0113446239,0.0113446239
2008-07-23,1.0,0.0054127638,0.0054127638
2008-07-24,1.0,-0.0207538818,-0.0207538818
2008-07-25,1.0,-0.000239046,-0.000239046
2008-07-28,1.0,-0.0146638187,-0.0146638187
2008-07-29,0.0,0.0,0.0213524234
2008-07-30,1.0,0.0178174627,0.0178174627
2008-07-31,1.0,-0.0132263487,-0.0132263487
2008-08-01,0.0,-0.0,-0.005282882
2008-08-04,1.0,-0.0092740956,-0.0092740956
2008-08-05,0.0,0.0,0.026962117
2008-08-06,1.0,0.0044409502,0.0044409502
2008-08-07,1.0,-0.0148920638,-0.0148920638
2008-08-08,1.0,0.0185810459,0.0185810459
2008-08-11,1.0,0.010358244,0.010358244
2008-08-12,1.0,-0.0104046713,-0.0104046713
2008-08-13,1.0,-0.0060301169,-0.0060301169
2008-08-14,1.0,0.0075446256,0.0075446256
2008-08-15,1.0,0.0048632251,0.0048632251
2008-08-18,1.0,-0.013674347,-0.013674347
2008-08-19,1.0,-0.0109044247,-0.0109044247
2008-08-20,1.0,0.0046460339,0.0046460339
2008-08-21,1.0,0.0017244792,0.0017244792
2008-08-22,1.0,0.0144757945,0.0144757945
2008-08-25,1.0,-0.0202853994,-0.0202853994
2008-08-26,1.0,0.0029129373,0.0029129373
2008-08-27,1.0,0.0097340921,0.0097340921
2008-08-28,1.0,0.0121272454,0.0121272454
2008-08-29,1.0,-0.0107532597,-0.0107532597
2008-09-01,1.0,0.0,0.0
2008-09-02,1.0,-0.0062117245,-0.0062117245
2008-09-03,1.0,-0.0008593539,-0.0008593539
2008-09-04,1.0,-0.0301063097,-0.0301063097
2008-09-05,0.0,0.0,0.0031444254
2008-09-08,0.0,0.0,0.0206557319
2008-09-09,0.0,-0.0,-0.0296873649
2008-09-10,0.0,0.0,0.0040581445
2008-09-11,0.0,0.0,0.0144679886
2008-09-12,0.0,0.0,0.0046213045
2008-09-15,0.0,-0.0,-0.0475855174
2008-09-16,0.0,0.0,0.0167377109
2008-09-17,0.0,-0.0,-0.0449633447
2008-09-18,0.0,0.0,0.0296720303
2008-09-19,0.0,0.0,0.0397134821
2008-09-22,0.0,-0.0,-0.0226393761
2008-09-23,0.0,-0.0,-0.0227517101
2008-09-24,0.0,0.0,0.0032053732
2008-09-25,0.0,0.0,0.0156397323
2008-09-26,0.0,0.0,0.0004967807
2008-09-29,0.0,-0.0,-0.0783618458
2008-09-30,0.0,0.0,0.0413902634
2008-10-01,0.0,0.0,0.0006028837
2008-10-02,0.0,-0.0,-0.0362741337
2008-10-03,0.0,-0.0,-0.0135001531
2008-10-06,0.0,-0.0,-0.0509336547
2008-10-07,0.0,-0.0,-0.0447856316
2008-10-08,0.0,-0.0,-0.0251928119
2008-10-09,0.0,-0.0,-0.0698392083
2008-10-10,0.0,-0.0,-0.0242553881
2008-10-13,0.0,0.0,0.14519748
2008-10-14,0.0,-0.0,-0.0147999551
2008-10-15,0.0,-0.0,-0.0984478121
2008-10-16,0.0,0.0,0.0416573066
2008-10-17,0.0,-0.0,-0.0059717767
2008-10-20,0.0,0.0,0.0600788935
2008-10-21,0.0,-0.0,-0.0298545756
2008-10-22,0.0,-0.0,-0.0544549326
2008-10-23,0.0,0.0,0.0115844936
2008-10-24,0.0,-0.0,-0.0507142909
2008-10-27,0.0,-0.0,-0.0355005724
2008-10-28,0.0,0.0,0.116853996
2008-10-29,0.0,-0.0,-0.0072521883
2008-10-30,0.0,0.0,0.0345940684
2008-10-31,0.0,0.0,0.0055035995
2008-11-03,1.0,0.0028921789,0.0028921789
2008-11-04,1.0,0.0339817685,0.0339817685
2008-11-05,1.0,-0.0420274949,-0.0420274949
2008-11-06,1.0,-0.0554116444,-0.0554116444
2008-11-07,1.0,0.0330181012,0.0330181012
2008-11-10,1.0,-0.013104792,-0.013104792
2008-11-11,1.0,-0.0308760877,-0.0308760877
2008-11-12,1.0,-0.0440007328,-0.0440007328
2008-11-13,1.0,0.0623395697,0.0623395697
2008-11-14,1.0,-0.0499068874,-0.0499068874
2008-11-17,1.0,-0.0132760492,-0.0132760492
2008-11-18,1.0,0.0188371696,0.0188371696
2008-11-19,1.0,-0.064079,-0.064079
2008-11-20,1.0,-0.0742332595,-0.0742332595
2008-11-21,0.0,0.0,0.0539428357
2008-11-24,1.0,0.0692906664,0.0692906664
2008-11-25,1.0,0.0074094788,0.0074094788
2008-11-26,1.0,0.0386411154,0.0386411154
2008-11-27,1.0,0.0,0.0
2008-11-28,1.0,0.0125882693,0.0125882693
2008-12-01,1.0,-0.0885777488,-0.0885777488
2008-12-02,1.0,0.0384851262,0.0384851262
2008-12-03,1.0,0.0240413365,0.0240413365
2008-12-04,1.0,-0.0231333811,-0.0231333811
2008-12-05,1.0,0.0308317546,0.0308317546
2008-12-08,1.0,0.0349143821,0.0349143821
2008-12-09,1.0,-0.0164837071,-0.0164837071
2008-12-10,1.0,0.0068162836,0.0068162836
2008-12-11,1.0,-0.0240815741,-0.0240815741
2008-12-12,1.0,0.0119395062,0.0119395062
2008-12-15,1.0,-0.0139339851,-0.0139339851
2008-12-16,1.0,0.0470655559,0.0470655559
2008-12-17,1.0,-0.0096870236,-0.0096870236
2008-12-18,1.0,-0.0186829842,-0.0186829842
2008-12-19,1.0,-0.0043020436,-0.0043020436
2008-12-22,1.0,-0.0128128308,-0.0128128308
2008-12-23,1.0,-0.0103379631,-0.0103379631
2008-12-24,1.0,0.0058029651,0.0058029651
2008-12-25,1.0,0.0,0.0
2008-12-26,1.0,0.0057696651,0.0057696651
2008-12-29,1.0,-0.0028679851,-0.0028679851
2008-12-30,1.0,0.023702654,0.023702654
2008-12-31,1.0,0.0142743559,0.0142743559
2009-01-01,1.0,0.0,0.0
2009-01-02,1.0,0.0301427028,0.0301427028
2009-01-05,1.0,-0.0011842484,-0.0011842484
2009-01-06,1.0,0.0066775733,0.0066775733
2009-01-07,1.0,-0.02995617,-0.02995617
2009-01-08,1.0,0.0040809339,0.0040809339
2009-01-09,1.0,-0.0214190794,-0.0214190794
2009-01-12,1.0,-0.0240210753,-0.0240210753
2009-01-13,1.0,0.0018405849,0.0018405849
2009-01-14,1.0,-0.0314546728,-0.0314546728
2009-01-15,1.0,0.0003554008,0.0003554008
2009-01-16,1.0,0.0078200471,0.0078200471
2009-01-19,1.0,0.0,0.0
2009-01-20,1.0,-0.0527864324,-0.0527864324
2009-01-21,1.0,0.0431924124,0.0431924124
2009-01-22,1.0,-0.015466869,-0.015466869
2009-01-23,1.0,0.0043510055,0.0043510055
2009-01-26,1.0,0.0068577399,0.0068577399
2009-01-27,1.0,0.0101571778,0.0101571778
2009-01-28,1.0,0.0338348312,0.0338348312
2009-01-29,1.0,-0.0324980216,-0.0324980216
2009-01-30,1.0,-0.0203429429,-0.0203429429
2009-02-02,1.0,-0.0030182869,-0.0030182869
2009-02-03,1.0,0.0140469273,0.0140469273
2009-02-04,1.0,-0.0048961301,-0.0048961301
2009-02-05,1.0,0.0148801481,0.0148801481
2009-02-06,1.0,0.0284974022,0.0284974022
2009-02-09,1.0,0.0013801419,0.0013801419
2009-02-10,1.0,-0.0458091502,-0.0458091502
2009-02-11,1.0,0.0058953028,0.0058953028
2009-02-12,1.0,0.0007177218,0.0007177218
2009-02-13,1.0,-0.0107582926,-0.0107582926
2009-02-16,1.0,0.0,0.0
2009-02-17,1.0,-0.0427738359,-0.0427738359
2009-02-18,1.0,-0.0023987524,-0.0023987524
2009-02-19,1.0,-0.0107552072,-0.0107552072
2009-02-20,1.0,-0.0097211861,-0.0097211861
2009-02-23,1.0,-0.0357787654,-0.0357787654
2009-02-24,1.0,0.037910297,0.037910297
2009-02-25,1.0,-0.0078729785,-0.0078729785
2009-02-26,1.0,-0.0162610523,-0.0162610523
2009-02-27,1.0,-0.0223489271,-0.0223489271
2009-03-02,1.0,-0.0450422976,-0.0450422976
2009-03-03,1.0,-0.0075075199,-0.0075075199
2009-03-04,1.0,0.0236910387,0.0236910387
2009-03-05,1.0,-0.0408473875,-0.0408473875
2009-03-06,1.0,0.0017438522,0.0017438522
2009-03-09,1.0,-0.0117529833,-0.0117529833
2009-03-10,1.0,0.0596095236,0.0596095236
2009-03-11,1.0,0.0065124495,0.0065124495
2009-03-12,1.0,0.0393718065,0.0393718065
2009-03-13,1.0,0.0078148664,0.0078148664
2009-03-16,1.0,-0.0030228374,-0.0030228374
2009-03-17,1.0,0.0305828085,0.0305828085
2009-03-18,1.0,0.0223843329,0.0223843329
2009-03-19,1.0,-0.0123856364,-0.0123856364
2009-03-20,1.0,-0.0212943929,-0.0212943929
2009-03-23,1.0,0.0718287507,0.0718287507
2009-03-24,1.0,-0.0197026222,-0.0197026222
2009-03-25,1.0,0.0105454155,0.0105454155
2009-03-26,1.0,0.0203807937,0.0203807937
2009-03-27,1.0,-0.0180480991,-0.0180480991
2009-03-30,1.0,-0.0345553424,-0.0345553424
2009-03-31,1.0,0.0092661172,0.0092661172
2009-04-01,1.0,0.0193657645,0.0193657645
2009-04-02,1.0,0.0292375981,0.0292375981
2009-04-03,1.0,0.0099481798,0.0099481798
2009-04-06,1.0,-0.0078329126,-0.0078329126
2009-04-07,1.0,-0.0233246691,-0.0233246691
2009-04-08,1.0,0.0107774058,0.0107774058
2009-04-09,1.0,0.039742874,0.039742874
2009-04-10,1.0,0.0,0.0
2009-04-13,1.0,0.0002334893,0.0002334893
2009-04-14,1.0,-0.0172434866,-0.0172434866
2009-04-15,1.0,0.0106697147,0.0106697147
2009-04-16,1.0,0.0146626159,0.0146626159
2009-04-17,1.0,0.0067051752,0.0067051752
2009-04-20,1.0,-0.0419153955,-0.0419153955
2009-04-21,1.0,0.0195374038,0.0195374038
2009-04-22,1.0,-0.0061133188,-0.0061133188
2009-04-23,1.0,0.009817744,0.009817744
2009-04-24,1.0,0.0151107267,0.0151107267
2009-04-27,1.0,-0.0094625356,-0.0094625356
2009-04-28,1.0,-0.0031450178,-0.0031450178
2009-04-29,1.0,0.0212689696,0.0212689696
2009-04-30,1.0,0.000343163,0.000343163
2009-05-01,1.0,0.0053762272,0.0053762272
2009-05-04,1.0,0.0340198845,0.0340198845
2009-05-05,1.0,-0.0034107902,-0.0034107902
2009-05-06,1.0,0.0173346189,0.0173346189
2009-05-07,1.0,-0.0138921589,-0.0138921589
2009-05-08,1.0,0.0233331162,0.0233331162
2009-05-11,1.0,-0.0187135082,-0.0187135082
2009-05-12,1.0,-0.0029599546,-0.0029599546
2009-05-13,1.0,-0.0251728151,-0.0251728151
2009-05-14,1.0,0.0085703006,0.0085703006
2009-05-15,1.0,-0.0081622927,-0.0081622927
2009-05-18,1.0,0.0284071331,0.0284071331
2009-05-19,1.0,-0.0012057175,-0.0012057175
2009-05-20,1.0,-0.0066940964,-0.0066940964
2009-05-21,1.0,-0.0143633065,-0.0143633065
2009-05-22,1.0,-0.0021299911,-0.0021299911
2009-05-25,1.0,0.0,0.0
2009-05-26,1.0,0.0256125945,0.0256125945
2009-05-27,1.0,-0.0178534029,-0.0178534029
2009-05-28,1.0,0.0139405035,0.0139405035
2009-05-29,1.0,0.0177073651,0.0177073651
2009-06-01,1.0,0.0242080584,0.0242080584
2009-06-02,1.0,0.0008444578,0.0008444578
2009-06-03,1.0,-0.0126518227,-0.0126518227
2009-06-04,1.0,0.0093970382,0.0093970382
2009-06-05,1.0,0.0002114591,0.0002114591
2009-06-08,1.0,-0.004124493,-0.004124493
2009-06-09,1.0,0.0050973736,0.0050973736
2009-06-10,1.0,-0.0025355428,-0.0025355428
2009-06-11,1.0,0.0044488348,0.0044488348
2009-06-12,1.0,0.0027423043,0.0027423043
2009-06-15,1.0,-0.0229283129,-0.0229283129
2009-06-16,1.0,-0.0135630074,-0.0135630074
2009-06-17,1.0,-0.0009819697,-0.0009819697
2009-06-18,1.0,0.0073181314,0.0073181314
2009-06-19,1.0,0.0036859716,0.0036859716
2009-06-22,1.0,-0.0299869587,-0.0299869587
2009-06-23,1.0,0.0007838863,0.0007838863
2009-06-24,1.0,0.0086181792,0.0086181792
2009-06-25,1.0,0.021748673,0.021748673
2009-06-26,1.0,-0.0026070155,-0.0026070155
2009-06-29,1.0,0.0093646668,0.0093646668
2009-06-30,1.0,-0.0080906482,-0.0080906482
2009-07-01,1.0,0.0041329497,0.0041329497
2009-07-02,1.0,-0.0272935859,-0.0272935859
2009-07-03,1.0,0.0,0.0
2009-07-06,1.0,-0.000111519,-0.000111519
2009-07-07,1.0,-0.019376607,-0.019376607
2009-07-08,1.0,-0.000681128,-0.000681128
2009-07-09,1.0,0.0019320147,0.0019320147
2009-07-10,1.0,-0.0023816137,-0.0023816137
2009-07-13,1.0,0.024328918,0.024328918
2009-07-14,1.0,0.005660497,0.005660497
2009-07-15,1.0,0.0292461432,0.0292461432
2009-07-16,1.0,-0.0016085895,-0.0016085895
2009-07-17,1.0,0.0109555693,0.0109555693
2009-07-20,1.0,0.0106229525,0.0106229525
2009-07-21,1.0,0.0046256248,0.0046256248
2009-07-22,1.0,-0.0002095954,-0.0002095954
2009-07-23,1.0,0.0220828688,0.0220828688
2009-07-24,1.0,0.0040956767,0.0040956767
2009-07-27,1.0,0.0029574579,0.0029574579
2009-07-28,1.0,-0.0046768066,-0.0046768066
2009-07-29,1.0,-0.0024519673,-0.0024519673
2009-07-30,1.0,0.0104453707,0.0104453707
2009-07-31,1.0,0.0014191987,0.0014191987
2009-08-03,1.0,0.0164960123,0.0164960123
2009-08-04,1.0,0.0025882291,0.0025882291
2009-08-05,1.0,-0.0028793124,-0.0028793124
2009-08-06,1.0,-0.0051788224,-0.0051788224
2009-08-07,1.0,0.0131138984,0.0131138984
2009-08-10,1.0,-0.0020746654,-0.0020746654
2009-08-11,1.0,-0.0124767197,-0.0124767197
2009-08-12,1.0,0.0107288295,0.0107288295
2009-08-13,1.0,0.0076394331,0.0076394331
2009-08-14,1.0,-0.0076798182,-0.0076798182
2009-08-17,1.0,-0.0246053781,-0.0246053781
2009-08-18,1.0,0.0079339629,0.0079339629
2009-08-19,1.0,0.0087797339,0.0087797339
2009-08-20,1.0,0.0103043902,0.0103043902
2009-08-21,1.0,0.0196062157,0.0196062157
2009-08-24,1.0,-9.72663e-05,-9.72663e-05
2009-08-25,1.0,0.0019420238,0.0019420238
2009-08-26,1.0,9.72864e-05,9.72864e-05
2009-08-27,1.0,0.002229205,0.002229205
2009-08-28,1.0,-0.0001938231,-0.0001938231
2009-08-31,1.0,-0.0088988108,-0.0088988108
2009-09-01,1.0,-0.0220574288,-0.0220574288
2009-09-02,0.0,-0.0,-0.0037919442
2009-09-03,1.0,0.0083148999,0.0083148999
2009-09-04,1.0,0.0140088347,0.0140088347
2009-09-07,1.0,0.0,0.0
2009-09-08,1.0,0.0086219677,0.0086219677
2009-09-09,1.0,0.0076749075,0.0076749075
2009-09-10,1.0,0.010218549,0.010218549
2009-09-11,1.0,-0.00019086,-0.00019086
2009-09-14,1.0,0.0048682016,0.0048682016
2009-09-15,1.0,0.0041788871,0.0041788871
2009-09-16,1.0,0.0151344818,0.0151344818
2009-09-17,1.0,-0.0014909801,-0.0014909801
2009-09-18,1.0,0.000637467,0.000637467
2009-09-21,1.0,-0.0025298501,-0.0025298501
2009-09-22,1.0,0.0058242506,0.0058242506
2009-09-23,1.0,-0.0083122963,-0.0083122963
2009-09-24,1.0,-0.011018757,-0.011018757
2009-09-25,1.0,-0.0053334011,-0.0053334011
2009-09-28,0.0,0.0,0.0179036397
2009-09-29,0.0,-0.0,-0.0030096816
2009-09-30,0.0,-0.0,-0.0038680998
2009-10-01,0.0,-0.0,-0.0248124643
2009-10-02,0.0,-0.0,-0.0046618415
2009-10-05,0.0,0.0,0.0149279518
2009-10-06,0.0,0.0,0.0143243853
2009-10-07,0.0,0.0,0.0027482965
2009-10-08,0.0,0.0,0.0076563206
2009-10-09,0.0,0.0,0.006096968
2009-10-12,0.0,0.0,0.0039156893
2009-10-13,1.0,-0.0020433014,-0.0020433014
2009-10-14,1.0,0.017216056,0.017216056
2009-10-15,0.0,0.0,0.0036589377
2009-10-16,1.0,-0.0074738455,-0.0074738455
2009-10-19,1.0,0.0082648097,0.0082648097
2009-10-20,1.0,-0.0052828763,-0.0052828763
2009-10-21,1.0,-0.0089731294,-0.0089731294
2009-10-22,1.0,0.0101633598,0.0101633598
2009-10-23,1.0,-0.0114333886,-0.0114333886
2009-10-26,0.0,-0.0,-0.0108254313
2009-10-27,0.0,-0.0,-0.0045832773
2009-10-28,0.0,-0.0,-0.0188872978
2009-10-29,0.0,0.0,0.0214544442
2009-10-30,0.0,-0.0,-0.028973644
2009-11-02,0.0,0.0,0.007338681
2009-11-03,0.0,0.0,0.003163033
2009-11-04,0.0,0.0,0.0025798916
2009-11-05,0.0,0.0,0.0183953282
2009-11-06,0.0,0.0,0.0026204448
2009-11-09,0.0,0.0,0.0227762771
2009-11-10,0.0,0.0,0.0001825081
2009-11-11,0.0,0.0,0.0051098548
2009-11-12,0.0,-0.0,-0.0101679395
2009-11-13,0.0,0.0,0.0054116874
2009-11-16,1.0,0.0145041738,0.0145041738
2009-11-17,1.0,0.0011689927,0.0011689927
2009-11-18,1.0,-0.0006287156,-0.0006287156
2009-11-19,1.0,-0.0130313379,-0.0130313379
2009-11-20,1.0,-0.0035505282,-0.0035505282
2009-11-23,1.0,0.0127016568,0.0127016568
2009-11-24,1.0,0.0015338209,0.0015338209
2009-11-25,1.0,0.003513653,0.003513653
2009-11-26,1.0,0.0,0.0
2009-11-27,1.0,-0.0162503231,-0.0162503231
2009-11-30,0.0,0.0,0.0033768669
2009-12-01,0.0,0.0,0.0123704587
2009-12-02,1.0,-0.0004492701,-0.0004492701
2009-12-03,1.0,-0.0078203163,-0.0078203163
2009-12-04,1.0,0.0057075592,0.0057075592
2009-12-07,1.0,-0.0015315641,-0.0015315641
2009-12-08,1.0,-0.0110973974,-0.0110973974
2009-12-09,0.0,0.0,0.0037407993
2009-12-10,1.0,0.0056356344,0.0056356344
2009-12-11,1.0,0.0042477396,0.0042477396
2009-12-14,1.0,0.0068402902,0.0068402902
2009-12-15,1.0,-0.0046484743,-0.0046484743
2009-12-16,1.0,0.0015269797,0.0015269797
2009-12-17,1.0,-0.0120159706,-0.0120159706
2009-12-18,0.0,0.0,0.0056574212
2009-12-21,1.0,0.0101627012,0.0101627012
2009-12-22,1.0,0.0035929496,0.0035929496
2009-12-23,1.0,0.0019686107,0.0019686107
2009-12-24,1.0,0.0047346398,0.0047346398
2009-12-25,1.0,0.0,0.0
2009-12-28,1.0,0.0021333132,0.0021333132
2009-12-29,1.0,-0.0014194218,-0.0014194218
2009-12-30,1.0,-0.0003553147,-0.0003553147
2009-12-31,1.0,-0.0095979007,-0.0095979007
2010-01-01,0.0,0.0,0.0
2010-01-04,0.0,0.0,0.0169595999
2010-01-05,1.0,0.0026470677,0.0026470677
2010-01-06,1.0,0.0007041166,0.0007041166
2010-01-07,1.0,0.0042213692,0.0042213692
2010-01-08,1.0,0.0033276168,0.0033276168
2010-01-11,1.0,0.0013965904,0.0013965904
2010-01-12,1.0,-0.0093265121,-0.0093265121
2010-01-13,1.0,0.0084465441,0.0084465441
2010-01-14,1.0,0.0027044859,0.0027044859
2010-01-15,1.0,-0.011224082,-0.011224082
2010-01-18,1.0,0.0,0.0
2010-01-19,1.0,0.0124955359,0.0124955359
2010-01-20,1.0,-0.0101687932,-0.0101687932
2010-01-21,1.0,-0.0192288238,-0.0192288238
2010-01-22,0.0,-0.0,-0.02229188
2010-01-25,0.0,0.0,0.005127645
2010-01-26,0.0,-0.0,-0.0041907614
2010-01-27,0.0,0.0,0.0047573557
2010-01-28,0.0,-0.0,-0.0114721426
2010-01-29,0.0,-0.0,-0.0108685349
2010-02-01,0.0,0.0,0.0155502709
2010-02-02,0.0,0.0,0.0121034533
2010-02-03,0.0,-0.0,-0.0049824587
2010-02-04,0.0,-0.0,-0.0308658835
2010-02-05,0.0,0.0,0.002067405
2010-02-08,0.0,-0.0,-0.0072200356
2010-02-09,0.0,0.0,0.0125601908
2010-02-10,0.0,-0.0,-0.0019581885
2010-02-11,0.0,0.0,0.0104660314
2010-02-12,0.0,-0.0,-0.0008322817
2010-02-15,0.0,0.0,0.0
2010-02-16,0.0,0.0,0.0157350383
2010-02-17,0.0,0.0,0.0047384358
2010-02-18,0.0,0.0,0.0058948344
2010-02-19,1.0,0.0020739355,0.0020739355
2010-02-22,1.0,0.0001801559,0.0001801559
2010-02-23,0.0,-0.0,-0.0121445683
2010-02-24,0.0,0.0,0.0091976465
2010-02-25,0.0,-0.0,-0.0013537403
2010-02-26,0.0,0.0,0.0006326264
2010-03-01,1.0,0.0103848583,0.0103848583
2010-03-02,1.0,0.0027702905,0.0027702905
2010-03-03,1.0,0.0008911821,0.0008911821
2010-03-04,1.0,0.0030275747,0.0030275747
2010-03-05,1.0,0.0142935839,0.0142935839
2010-03-08,1.0,0.0001749849,0.0001749849
2010-03-09,1.0,0.0016626884,0.0016626884
2010-03-10,1.0,0.0044557937,0.0044557937
2010-03-11,1.0,0.0041750173,0.0041750173
2010-03-12,1.0,8.68473e-05,8.68473e-05
2010-03-15,1.0,0.0002593742,0.0002593742
2010-03-16,1.0,0.0079663156,0.0079663156
2010-03-17,1.0,0.0059274071,0.0059274071
2010-03-18,1.0,-0.000512786,-0.000512786
2010-03-19,1.0,-0.0050616788,-0.0050616788
2010-03-22,1.0,0.0053462636,0.0053462636
2010-03-23,1.0,0.0070333472,0.0070333472
2010-03-24,1.0,-0.0048550246,-0.0048550246
2010-03-25,1.0,-0.0016260347,-0.0016260347
2010-03-26,1.0,-0.000599904,-0.000599904
2010-03-29,1.0,0.0063476846,0.0063476846
2010-03-30,1.0,0.0006819356,0.0006819356
2010-03-31,1.0,-0.0034075271,-0.0034075271
2010-04-01,1.0,0.006837404,0.006837404
2010-04-02,1.0,0.0,0.0
2010-04-05,1.0,0.0081494579,0.0081494579
2010-04-06,1.0,0.0023581766,0.0023581766
2010-04-07,1.0,-0.0057127004,-0.0057127004
2010-04-08,1.0,0.003464084,0.003464084
2010-04-09,1.0,0.0065675311,0.0065675311
2010-04-12,1.0,0.0015891746,0.0015891746
2010-04-13,1.0,0.0007514613,0.0007514613
2010-04-14,1.0,0.0113499962,0.0113499962
2010-04-15,1.0,0.0008246974,0.0008246974
2010-04-16,1.0,-0.0159125861,-0.0159125861
2010-04-19,0.0,0.0,0.0037703726
2010-04-20,1.0,0.0089305299,0.0089305299
2010-04-21,1.0,-0.0018197593,-0.0018197593
2010-04-22,1.0,0.0029835982,0.0029835982
2010-04-23,1.0,0.0065278546,0.0065278546
2010-04-26,1.0,-0.0037765123,-0.0037765123
2010-04-27,1.0,-0.0236503665,-0.0236503665
2010-04-28,0.0,0.0,0.0075961526
2010-04-29,0.0,0.0,0.0123974377
2010-04-30,1.0,-0.0169615567,-0.0169615567
2010-05-03,0.0,0.0,0.0129613529
2010-05-04,0.0,-0.0,-0.0235144978
2010-05-05,0.0,-0.0,-0.0059566974
2010-05-06,0.0,-0.0,-0.0332134606
2010-05-07,0.0,-0.0,-0.0148746889
2010-05-10,0.0,0.0,0.044040745
2010-05-11,0.0,-0.0,-0.0028408583
2010-05-12,0.0,0.0,0.0139856123
2010-05-13,0.0,-0.0,-0.012430609
2010-05-14,0.0,-0.0,-0.0181051164
2010-05-17,0.0,0.0,0.0005268553
2010-05-18,0.0,-0.0,-0.0136022385
2010-05-19,0.0,-0.0,-0.005694105
2010-05-20,0.0,-0.0,-0.0377596279
2010-05-21,0.0,0.0,0.0145992818
2010-05-24,0.0,-0.0,-0.0128310106
2010-05-25,0.0,0.0,0.001020992
2010-05-26,0.0,-0.0,-0.0060284068
2010-05-27,0.0,0.0,0.0334985068
2010-05-28,0.0,-0.0,-0.0125494347
2010-05-31,0.0,0.0,0.0
2010-06-01,0.0,-0.0,-0.0168239634
2010-06-02,0.0,0.0,0.0260395545
2010-06-03,0.0,0.0,0.0034440475
2010-06-04,0.0,-0.0,-0.0351372168
2010-06-07,0.0,-0.0,-0.012450593
2010-06-08,0.0,0.0,0.0107121147
2010-06-09,0.0,-0.0,-0.0053457853
2010-06-10,0.0,0.0,0.0292310052
2010-06-11,0.0,0.0,0.0048556643
2010-06-14,1.0,-0.0015499163,-0.0015499163
2010-06-15,1.0,0.0227379244,0.0227379244
2010-06-16,1.0,-0.0003576159,-0.0003576159
2010-06-17,1.0,0.0016080834,0.0016080834
2010-06-18,1.0,0.0010842419,0.0010842419
2010-06-21,1.0,-0.0028639135,-0.0028639135
2010-06-22,1.0,-0.0165157724,-0.0165157724
2010-06-23,1.0,-0.0031032452,-0.0031032452
2010-06-24,1.0,-0.0165705113,-0.0165705113
2010-06-25,1.0,0.0041890428,0.0041890428
2010-06-28,1.0,-0.003152059,-0.003152059
2010-06-29,1.0,-0.0308747912,-0.0308747912
2010-06-30,0.0,-0.0,-0.0094999657
2010-07-01,0.0,-0.0,-0.0044565554
2010-07-02,1.0,-0.0054496073,-0.0054496073
2010-07-05,1.0,0.0,0.0
2010-07-06,1.0,0.006555736,0.006555736
2010-07-07,1.0,0.0314959334,0.0314959334
2010-07-08,1.0,0.0098952325,0.0098952325
2010-07-09,1.0,0.0074655504,0.0074655504
2010-07-12,1.0,0.000648297,0.000648297
2010-07-13,1.0,0.0150885177,0.0150885177
2010-07-14,1.0,-9.08105e-05,-9.08105e-05
2010-07-15,1.0,0.0002730996,0.0002730996
2010-07-16,1.0,-0.0275342644,-0.0275342644
2010-07-19,1.0,0.0059066363,0.0059066363
2010-07-20,1.0,0.0110908088,0.0110908088
2010-07-21,1.0,-0.0129970766,-0.0129970766
2010-07-22,1.0,0.0223215177,0.0223215177
2010-07-23,1.0,0.0086787596,0.0086787596
2010-07-26,1.0,0.0104159925,0.0104159925
2010-07-27,1.0,-8.97156e-05,-8.97156e-05
2010-07-28,1.0,-0.0064543183,-0.0064543183
2010-07-29,1.0,-0.0048724582,-0.0048724582
2010-07-30,1.0,-0.0001812232,-0.0001812232
2010-08-02,1.0,0.0225808607,0.0225808607
2010-08-03,1.0,-0.0047888829,-0.0047888829
2010-08-04,1.0,0.0066832564,0.0066832564
2010-08-05,1.0,-0.0010626145,-0.0010626145
2010-08-06,1.0,-0.0040758129,-0.0040758129
2010-08-09,1.0,0.0053383387,0.0053383387
2010-08-10,1.0,-0.0053983939,-0.0053983939
2010-08-11,1.0,-0.0274069123,-0.0274069123
2010-08-12,1.0,-0.006130251,-0.006130251
2010-08-13,1.0,-0.0029456427,-0.0029456427
2010-08-16,1.0,-0.000461945,-0.000461945
2010-08-17,1.0,0.012285373,0.012285373
2010-08-18,1.0,0.001825003,0.001825003
2010-08-19,1.0,-0.0173970609,-0.0173970609
2010-08-20,1.0,-0.0032442631,-0.0032442631
2010-08-23,1.0,-0.0038129154,-0.0038129154
2010-08-24,1.0,-0.0148426782,-0.0148426782
2010-08-25,1.0,0.0038850802,0.0038850802
2010-08-26,1.0,-0.0067019126,-0.0067019126
2010-08-27,1.0,0.0154897053,0.0154897053
2010-08-30,1.0,-0.0145049908,-0.0145049908
2010-08-31,1.0,0.0,0.0
2010-09-01,1.0,0.0299119736,0.0299119736
2010-09-02,1.0,0.0093119895,0.0093119895
2010-09-03,1.0,0.0129715113,0.0129715113
2010-09-06,1.0,0.0,0.0
2010-09-07,1.0,-0.011272571,-0.011272571
2010-09-08,1.0,0.0070229152,0.0070229152
2010-09-09,1.0,0.0046195925,0.0046195925
2010-09-10,1.0,0.0050485165,0.0050485165
2010-09-13,1.0,0.0111233118,0.0111233118
2010-09-14,1.0,-0.0006213672,-0.0006213672
2010-09-15,1.0,0.0038173109,0.0038173109
2010-09-16,1.0,-0.0002654398,-0.0002654398
2010-09-17,1.0,0.0003733013,0.0003733013
2010-09-20,1.0,0.0152903743,0.0152903743
2010-09-21,1.0,-0.0020139766,-0.0020139766
2010-09-22,1.0,-0.004913032,-0.004913032
2010-09-23,1.0,-0.0081110459,-0.0081110459
2010-09-24,1.0,0.0206222435,0.0206222435
2010-09-27,1.0,-0.0047902078,-0.0047902078
2010-09-28,1.0,0.0035001252,0.0035001252
2010-09-29,1.0,-0.0017438711,-0.0017438711
2010-09-30,1.0,-0.0029703553,-0.0029703553
2010-10-01,1.0,0.0042056724,0.0042056724
2010-10-04,1.0,-0.0075035506,-0.0075035506
2010-10-05,1.0,0.0201319248,0.0201319248
2010-10-06,1.0,-8.62246e-05,-8.62246e-05
2010-10-07,1.0,-0.0012064705,-0.0012064705
2010-10-08,1.0,0.0056087371,0.0056087371
2010-10-11,1.0,0.0009439709,0.0009439709
2010-10-12,1.0,0.0030861333,0.0030861333
2010-10-13,1.0,0.0077771057,0.0077771057
2010-10-14,1.0,-0.0039010545,-0.0039010545
2010-10-15,1.0,0.002043263,0.002043263
2010-10-18,1.0,0.0049275967,0.0049275967
2010-10-19,1.0,-0.0131044182,-0.0131044182
2010-10-20,1.0,0.0097662603,0.0097662603
2010-10-21,1.0,0.0022056722,0.0022056722
2010-10-22,1.0,0.0018623611,0.0018623611
2010-10-25,1.0,0.0029571779,0.0029571779
2010-10-26,1.0,0.0001684158,0.0001684158
2010-10-27,1.0,-0.0028636841,-0.0028636841
2010-10-28,1.0,0.0001689557,0.0001689557
2010-10-29,1.0,0.0007601299,0.0007601299
2010-11-01,0.0,0.0,0.0003377669
2010-11-02,0.0,0.0,0.007930614
2010-11-03,0.0,0.0,0.0040171848
2010-11-04,1.0,0.0192582594,0.0192582594
2010-11-05,1.0,0.0037626573,0.0037626573
2010-11-08,1.0,-0.0018741538,-0.0018741538
2010-11-09,1.0,-0.0071844458,-0.0071844458
2010-11-10,1.0,0.0040295944,0.0040295944
2010-11-11,1.0,-0.0037678329,-0.0037678329
2010-11-12,1.0,-0.0118381313,-0.0118381313
2010-11-15,1.0,-0.0014144203,-0.0014144203
2010-11-16,1.0,-0.0155792411,-0.0155792411
2010-11-17,0.0,0.0,0.0005078108
2010-11-18,0.0,0.0,0.0147181914
2010-11-19,1.0,0.0027510097,0.0027510097
2010-11-22,1.0,-0.0008311982,-0.0008311982
2010-11-23,1.0,-0.0144771153,-0.0144771153
2010-11-24,0.0,0.0,0.0147739973
2010-11-25,0.0,0.0,0.0
2010-11-26,0.0,-0.0,-0.0116469898
2010-11-29,0.0,0.0,0.0030301128
2010-11-30,0.0,-0.0,-0.0056227562
2010-12-01,0.0,0.0,0.021267726
2010-12-02,1.0,0.0128089448,0.0128089448
2010-12-03,1.0,0.0026922399,0.0026922399
2010-12-06,1.0,-0.0010577861,-0.0010577861
2010-12-07,1.0,0.000570532,0.000570532
2010-12-08,1.0,0.0036630844,0.0036630844
2010-12-09,1.0,0.0038937669,0.0038937669
2010-12-10,1.0,0.0058177533,0.0058177533
2010-12-13,1.0,0.0006427855,0.0006427855
2010-12-14,1.0,0.0008831114,0.0008831114
2010-12-15,1.0,-0.0045717705,-0.0045717705
2010-12-16,1.0,0.0058014077,0.0058014077
2010-12-17,1.0,0.0010713092,0.0010713092
2010-12-20,1.0,0.0024133622,0.0024133622
2010-12-21,1.0,0.0063402842,0.0063402842
2010-12-22,1.0,0.003110361,0.003110361
2010-12-23,1.0,-0.0014310268,-0.0014310268
2010-12-24,1.0,0.0,0.0
2010-12-27,1.0,0.00039813,0.00039813
2010-12-28,1.0,0.001432666,0.001432666
2010-12-29,1.0,0.0007150704,0.0007150704
2010-12-30,1.0,-0.0015884731,-0.0015884731
2010-12-31,1.0,0.000239253,0.000239253
2011-01-03,1.0,0.0103374428,0.0103374428
2011-01-04,1.0,-0.0005512092,-0.0005512092
2011-01-05,1.0,0.0051979844,0.0051979844
2011-01-06,1.0,-0.0019587566,-0.0019587566
2011-01-07,1.0,-0.001962366,-0.001962366
2011-01-10,1.0,-0.0012587571,-0.0012587571
2011-01-11,1.0,0.0035443873,0.0035443873
2011-01-12,1.0,0.0090243916,0.0090243916
2011-01-13,1.0,-0.0016332525,-0.0016332525
2011-01-14,1.0,0.0072444638,0.0072444638
2011-01-17,1.0,0.0,0.0
2011-01-18,1.0,0.0017018296,0.0017018296
2011-01-19,1.0,-0.0098057786,-0.0098057786
2011-01-20,0.0,-0.0,-0.0013251592
2011-01-21,0.0,0.0,0.0022640371
2011-01-24,0.0,0.0,0.0056864628
2011-01-25,0.0,0.0,0.000542302
2011-01-26,0.0,0.0,0.003870957
2011-01-27,0.0,0.0,0.0024680102
2011-01-28,1.0,-0.0174635518,-0.0174635518
2011-01-31,0.0,0.0,0.0075168431
2011-02-01,0.0,0.0,0.0160087374
2011-02-02,0.0,-0.0,-0.0019125412
2011-02-03,0.0,0.0,0.0022226064
2011-02-04,0.0,0.0,0.0028295767
2011-02-07,1.0,0.0062522176,0.0062522176
2011-02-08,0.0,0.0,0.0045467279
2011-02-09,0.0,-0.0,-0.002263112
2011-02-10,0.0,0.0,0.0003776764
2011-02-11,0.0,0.0,0.0059707482
2011-02-14,1.0,0.0024043782,0.0024043782
2011-02-15,0.0,-0.0,-0.0031483685
2011-02-16,0.0,0.0,0.0063154244
2011-02-17,0.0,0.0,0.0029882054
2011-02-18,0.0,0.0,0.0020858461
2011-02-21,1.0,0.0,0.0
2011-02-22,1.0,-0.0200696375,-0.0200696375
2011-02-23,0.0,-0.0,-0.0061441654
2011-02-24,0.0,-0.0,-0.0006872776
2011-02-25,0.0,0.0,0.0106930739
2011-02-28,0.0,0.0,0.0061961642
2011-03-01,0.0,-0.0,-0.0166727986
2011-03-02,0.0,0.0,0.0021387367
2011-03-03,0.0,0.0,0.0172241031
2011-03-04,0.0,-0.0,-0.0074922685
2011-03-07,0.0,-0.0,-0.0078506469
2011-03-08,0.0,0.0,0.0087498157
2011-03-09,0.0,-0.0,-0.0014331538
2011-03-10,0.0,-0.0,-0.0185060219
2011-03-11,0.0,0.0,0.0069260646
2011-03-14,0.0,-0.0,-0.0060375246
2011-03-15,0.0,-0.0,-0.0114573719
2011-03-16,0.0,-0.0,-0.0185124576
2011-03-17,0.0,0.0,0.013234711
2011-03-18,0.0,0.0,0.0036376673
2011-03-21,0.0,0.0,0.0154976888
2011-03-22,0.0,-0.0,-0.0034687517
2011-03-23,0.0,0.0,0.0028617103
2011-03-24,1.0,0.0095635088,0.0095635088
2011-03-25,1.0,0.003055911,0.003055911
2011-03-28,1.0,-0.0024371143,-0.0024371143
2011-03-29,0.0,0.0,0.0067182295
2011-03-30,1.0,0.0069015007,0.0069015007
2011-03-31,1.0,-0.0013555072,-0.0013555072
2011-04-01,1.0,0.0042230989,0.0042230989
2011-04-04,1.0,0.0008264656,0.0008264656
2011-04-05,1.0,-0.0001503727,-0.0001503727
2011-04-06,1.0,0.0031521907,0.0031521907
2011-04-07,1.0,-0.002543709,-0.002543709
2011-04-08,1.0,-0.0034503878,-0.0034503878
2011-04-11,1.0,-0.0030104557,-0.0030104557
2011-04-12,1.0,-0.0074737865,-0.0074737865
2011-04-13,1.0,-7.62856e-05,-7.62856e-05
2011-04-14,1.0,0.0007608743,0.0007608743
2011-04-15,1.0,0.0036486351,0.0036486351
2011-04-18,1.0,-0.0112090353,-0.0112090353
2011-04-19,1.0,0.005744412,0.005744412
2011-04-20,1.0,0.013631981,0.013631981
2011-04-21,1.0,0.0051090453,0.0051090453
2011-04-22,1.0,0.0,0.0
2011-04-25,1.0,-0.0010467361,-0.0010467361
2011-04-26,1.0,0.0086052031,0.0086052031
2011-04-27,1.0,0.0065287743,0.0065287743
2011-04-28,1.0,0.0032430666,0.0032430666
2011-04-29,1.0,0.0023511353,0.0023511353
2011-05-02,1.0,-0.0015394613,-0.0015394613
2011-05-03,1.0,-0.0035966427,-0.0035966427
2011-05-04,1.0,-0.0066312662,-0.0066312662
2011-05-05,1.0,-0.0090481055,-0.0090481055
2011-05-06,0.0,0.0,0.0044157534
2011-05-09,0.0,0.0,0.0038745362
2011-05-10,1.0,0.0085362931,0.0085362931
2011-05-11,1.0,-0.0105246541,-0.0105246541
2011-05-12,1.0,0.0047606815,0.0047606815
2011-05-13,1.0,-0.0076993241,-0.0076993241
2011-05-16,1.0,-0.0063413544,-0.0063413544
2011-05-17,0.0,-0.0,-0.0001500044
2011-05-18,1.0,0.0089359235,0.0089359235
2011-05-19,1.0,0.0023816098,0.0023816098
2011-05-20,1.0,-0.0079447089,-0.0079447089
2011-05-23,0.0,-0.0,-0.0116012838
2011-05-24,0.0,-0.0,-0.00083246
2011-05-25,0.0,0.0,0.0033344958
2011-05-26,0.0,0.0,0.0046075062
2011-05-27,1.0,0.0038343849,0.0038343849
2011-05-30,1.0,0.0,0.0
2011-05-31,1.0,0.0104113294,0.0104113294
2011-06-01,1.0,-0.0224611548,-0.0224611548
2011-06-02,0.0,-0.0,-0.001061596
2011-06-03,0.0,-0.0,-0.0099447403
2011-06-06,0.0,-0.0,-0.010581331
2011-06-07,0.0,-0.0,-0.0006195457
2011-06-08,0.0,-0.0,-0.0041872787
2011-06-09,0.0,0.0,0.0076308856
2011-06-10,0.0,-0.0,-0.0139101646
2011-06-13,0.0,0.0,0.0007837357
2011-06-14,0.0,0.0,0.0126860935
2011-06-15,0.0,-0.0,-0.0177855536
2011-06-16,0.0,0.0,0.0022048089
2011-06-17,0.0,0.0,0.0029837467
2011-06-20,0.0,0.0,0.0051161767
2011-06-21,0.0,0.0,0.013703685
2011-06-22,0.0,-0.0,-0.0060252988
2011-06-23,1.0,-0.0028755974,-0.0028755974
2011-06-24,0.0,-0.0,-0.0116131918
2011-06-27,0.0,0.0,0.0089108002
2011-06-28,0.0,0.0,0.013052792
2011-06-29,0.0,0.0,0.0085644562
2011-06-30,1.0,0.0095625967,0.0095625967
2011-07-01,1.0,0.0147758654,0.0147758654
2011-07-04,1.0,0.0,0.0
2011-07-05,1.0,-0.0008215702,-0.0008215702
2011-07-06,1.0,0.0011956716,0.0011956716
2011-07-07,1.0,0.010375582,0.010375582
2011-07-08,1.0,-0.0070923907,-0.0070923907
2011-07-11,1.0,-0.0180798417,-0.0180798417
2011-07-12,1.0,-0.0043194919,-0.0043194919
2011-07-13,0.0,0.0,0.0033484787
2011-07-14,0.0,-0.0,-0.0069021459
2011-07-15,0.0,0.0,0.0058045933
2011-07-18,0.0,-0.0,-0.0082009342
2011-07-19,0.0,0.0,0.0162312498
2011-07-20,0.0,-0.0,-0.0006027747
2011-07-21,0.0,0.0,0.0138712867
2011-07-22,1.0,0.0006694585,0.0006694585
2011-07-25,1.0,-0.0055732284,-0.0055732284
2011-07-26,0.0,-0.0,-0.0037361366
2011-07-27,0.0,-0.0,-0.0204755557
2011-07-28,0.0,-0.0,-0.0029092903
2011-07-29,0.0,-0.0,-0.0068346579
2011-08-01,0.0,-0.0,-0.0042527241
2011-08-02,0.0,-0.0,-0.025547597
2011-08-03,0.0,0.0,0.0054186723
2011-08-04,0.0,-0.0,-0.0468414189
2011-08-05,0.0,-0.0,-0.0014969361
2011-08-08,0.0,-0.0,-0.0651229638
2011-08-09,0.0,0.0,0.0464992111
2011-08-10,0.0,-0.0,-0.0441779239
2011-08-11,0.0,0.0,0.0448837887
2011-08-12,0.0,0.0,0.0067330957
2011-08-15,0.0,0.0,0.0211650538
2011-08-16,0.0,-0.0,-0.008539157
2011-08-17,0.0,0.0,0.0006688395
2011-08-18,0.0,-0.0,-0.0431182871
2011-08-19,0.0,-0.0,-0.0163307472
2011-08-22,0.0,0.0,0.0007990574
2011-08-23,0.0,0.0,0.0329105015
2011-08-24,0.0,0.0,0.0140845513
2011-08-25,0.0,-0.0,-0.015243968
2011-08-26,0.0,0.0,0.014533824
2011-08-29,0.0,0.0,0.0287360832
2011-08-30,1.0,0.0026368275,0.0026368275
2011-08-31,1.0,0.0044381574,0.0044381574
2011-09-01,1.0,-0.0104731712,-0.0104731712
2011-09-02,1.0,-0.0255499348,-0.0255499348
2011-09-05,1.0,0.0,0.0
2011-09-06,1.0,-0.0072971679,-0.0072971679
2011-09-07,0.0,0.0,0.028207278
2011-09-08,1.0,-0.0103913333,-0.0103913333
2011-09-09,1.0,-0.026209822,-0.026209822
2011-09-12,0.0,0.0,0.0064700291
2011-09-13,0.0,0.0,0.009170838
2011-09-14,1.0,0.0138446188,0.0138446188
2011-09-15,1.0,0.0172568998,0.0172568998
2011-09-16,1.0,0.0059186601,0.0059186601
2011-09-19,1.0,-0.0099572043,-0.0099572043
2011-09-20,1.0,-0.0011636654,-0.0011636654
2011-09-21,1.0,-0.0294582161,-0.0294582161
2011-09-22,1.0,-0.0323243503,-0.0323243503
2011-09-23,0.0,0.0,0.0060249768
2011-09-26,0.0,0.0,0.0237802541
2011-09-27,1.0,0.0111833693,0.0111833693
2011-09-28,1.0,-0.0204183749,-0.0204183749
2011-09-29,1.0,0.0079036269,0.0079036269
2011-09-30,1.0,-0.0249890899,-0.0249890899
2011-10-03,1.0,-0.028457739,-0.028457739
2011-10-04,1.0,0.0219228724,0.0219228724
2011-10-05,1.0,0.0185152598,0.0185152598
2011-10-06,1.0,0.0180910461,0.0180910461
2011-10-07,1.0,-0.0066956893,-0.0066956893
2011-10-10,1.0,0.0334456861,0.0334456861
2011-10-11,1.0,0.0010035634,0.0010035634
2011-10-12,1.0,0.0087717188,0.0087717188
2011-10-13,1.0,-0.0019875163,-0.0019875163
2011-10-14,1.0,0.0170941001,0.0170941001
2011-10-17,1.0,-0.0190908201,-0.0190908201
2011-10-18,1.0,0.0195456054,0.0195456054
2011-10-19,1.0,-0.0118291833,-0.0118291833
2011-10-20,1.0,0.0043756335,0.0043756335
2011-10-21,1.0,0.0189873377,0.0189873377
2011-10-24,1.0,0.0122608879,0.0122608879
2011-10-25,1.0,-0.0194438058,-0.0194438058
2011-10-26,1.0,0.0101587774,0.0101587774
2011-10-27,1.0,0.0348349189,0.0348349189
2011-10-28,1.0,-0.0002333918,-0.0002333918
2011-10-31,1.0,-0.0241055067,-0.0241055067
2011-11-01,1.0,-0.0278887137,-0.0278887137
2011-11-02,1.0,0.0163115562,0.0163115562
2011-11-03,1.0,0.0182271485,0.0182271485
2011-11-04,1.0,-0.0060991139,-0.0060991139
2011-11-07,1.0,0.0062165267,0.0062165267
2011-11-08,1.0,0.012830151,0.012830151
2011-11-09,1.0,-0.0369092422,-0.0369092422
2011-11-10,1.0,0.0094187498,0.0094187498
2011-11-11,1.0,0.0188222438,0.0188222438
2011-11-14,1.0,-0.0094741227,-0.0094741227
2011-11-15,1.0,0.0049418569,0.0049418569
2011-11-16,1.0,-0.0158630757,-0.0158630757
2011-11-17,1.0,-0.0158768979,-0.0158768979
2011-11-18,1.0,-0.0010644804,-0.0010644804
2011-11-21,1.0,-0.0190194862,-0.0190194862
2011-11-22,1.0,-0.0039280228,-0.0039280228
2011-11-23,1.0,-0.0220654457,-0.0220654457
2011-11-24,1.0,0.0,0.0
2011-11-25,1.0,-0.0018874237,-0.0018874237
2011-11-28,1.0,0.0289666637,0.0289666637
2011-11-29,1.0,0.0028403149,0.0028403149
2011-11-30,1.0,0.0411496812,0.0411496812
2011-12-01,1.0,-0.0001601258,-0.0001601258
2011-12-02,1.0,-0.0008802037,-0.0008802037
2011-12-05,1.0,0.0108923342,0.0108923342
2011-12-06,1.0,0.0003168971,0.0003168971
2011-12-07,1.0,0.0037221475,0.0037221475
2011-12-08,1.0,-0.0219363069,-0.0219363069
2011-12-09,1.0,0.0169424665,0.0169424665
2011-12-12,1.0,-0.0145974751,-0.0145974751
2011-12-13,1.0,-0.0093390504,-0.0093390504
2011-12-14,1.0,-0.0106460894,-0.0106460894
2011-12-15,1.0,0.0036143905,0.0036143905
2011-12-16,1.0,0.0014825636,0.0014825636
2011-12-19,1.0,-0.0106917228,-0.0106917228
2011-12-20,1.0,0.030260213,0.030260213
2011-12-21,1.0,0.0019366876,0.0019366876
2011-12-22,1.0,0.008859006,0.008859006
2011-12-23,1.0,0.008940364,0.008940364
2011-12-26,1.0,0.0,0.0
2011-12-27,1.0,0.0007912535,0.0007912535
2011-12-28,1.0,-0.0131235114,-0.0131235114
2011-12-29,1.0,0.010334164,0.010334164
2011-12-30,1.0,-0.0049157616,-0.0049157616
2012-01-02,1.0,0.0,0.0
2012-01-03,1.0,0.0159360429,0.0159360429
2012-01-04,1.0,0.001568423,0.001568423
2012-01-05,1.0,0.0026624957,0.0026624957
2012-01-06,1.0,-0.0025771521,-0.0025771521
2012-01-09,1.0,0.0024272418,0.0024272418
2012-01-10,1.0,0.0086707957,0.0086707957
2012-01-11,1.0,0.000541701,0.000541701
2012-01-12,1.0,0.0023996283,0.0023996283
2012-01-13,1.0,-0.0051735617,-0.0051735617
2012-01-16,1.0,0.0,0.0
2012-01-17,1.0,0.0038808083,0.0038808083
2012-01-18,1.0,0.0110559918,0.0110559918
2012-01-19,1.0,0.0052765456,0.0052765456
2012-01-20,1.0,0.0037276724,0.0037276724
2012-01-23,1.0,-0.0025769603,-0.0025769603
2012-01-24,1.0,-0.0011398054,-0.0011398054
2012-01-25,1.0,0.0083676648,0.0083676648
2012-01-26,1.0,-0.0051296891,-0.0051296891
2012-01-27,1.0,-0.0004547813,-0.0004547813
2012-01-30,1.0,-0.0034140419,-0.0034140419
2012-01-31,1.0,-0.0003804062,-0.0003804062
2012-02-01,1.0,0.0087572089,0.0087572089
2012-02-02,1.0,0.001585235,0.001585235
2012-02-03,1.0,0.0140185148,0.0140185148
2012-02-06,1.0,-0.0006689026,-0.0006689026
2012-02-07,1.0,0.0025287536,0.0025287536
2012-02-08,1.0,0.0029677005,0.0029677005
2012-02-09,1.0,0.0012574558,0.0012574558
2012-02-10,1.0,-0.0073875392,-0.0073875392
2012-02-13,1.0,0.0074425211,0.0074425211
2012-02-14,1.0,-0.0012558766,-0.0012558766
2012-02-15,1.0,-0.0046601661,-0.0046601661
2012-02-16,1.0,0.0110730367,0.0110730367
2012-02-17,1.0,0.0026464168,0.0026464168
2012-02-20,1.0,0.0,0.0
2012-02-21,1.0,0.0004397501,0.0004397501
2012-02-22,1.0,-0.0032242758,-0.0032242758
2012-02-23,1.0,0.0044106486,0.0044106486
2012-02-24,1.0,0.0021956401,0.0021956401
2012-02-27,1.0,0.0016799858,0.0016799858
2012-02-28,1.0,0.0029162785,0.0029162785
2012-02-29,1.0,-0.0039257304,-0.0039257304
2012-03-01,1.0,0.0051816504,0.0051816504
2012-03-02,1.0,-0.0030495306,-0.0030495306
2012-03-05,1.0,-0.0040779328,-0.0040779328
2012-03-06,1.0,-0.0146252516,-0.0146252516
2012-03-07,1.0,0.0069761034,0.0069761034
2012-03-08,1.0,0.0099487144,0.0099487144
2012-03-09,1.0,0.0038676367,0.0038676367
2012-03-12,1.0,7.25672e-05,7.25672e-05
2012-03-13,1.0,0.0180260301,0.0180260301
2012-03-14,1.0,-0.0010709696,-0.0010709696
2012-03-15,1.0,0.0057896176,0.0057896176
2012-03-16,1.0,0.0013843559,0.0013843559
2012-03-19,1.0,0.003920235,0.003920235
2012-03-20,1.0,-0.0029109667,-0.0029109667
2012-03-21,1.0,-0.001637845,-0.001637845
2012-03-22,1.0,-0.0072032609,-0.0072032609
2012-03-23,1.0,0.0032326269,0.0032326269
2012-03-26,1.0,0.014034807,0.014034807
2012-03-27,1.0,-0.0031066687,-0.0031066687
2012-03-28,1.0,-0.0049586721,-0.0049586721
2012-03-29,1.0,-0.0017086003,-0.0017086003
2012-03-30,1.0,0.0041362193,0.0041362193
2012-04-02,1.0,0.0073145705,0.0073145705
2012-04-03,1.0,-0.0040889273,-0.0040889273
2012-04-04,1.0,-0.0099104067,-0.0099104067
2012-04-05,1.0,-0.0005009497,-0.0005009497
2012-04-06,1.0,0.0,0.0
2012-04-09,1.0,-0.0112309599,-0.0112309599
2012-04-10,1.0,-0.0167850474,-0.0167850474
2012-04-11,1.0,0.0080941759,0.0080941759
2012-04-12,1.0,0.013065814,0.013065814
2012-04-13,1.0,-0.0118885173,-0.0118885173
2012-04-16,1.0,-0.0006562653,-0.0006562653
2012-04-17,1.0,0.0148124257,0.0148124257
2012-04-18,1.0,-0.0033794663,-0.0033794663
2012-04-19,1.0,-0.0064214149,-0.0064214149
2012-04-20,1.0,0.0016704052,0.0016704052
2012-04-23,1.0,-0.008408951,-0.008408951
2012-04-24,1.0,0.0038012046,0.0038012046
2012-04-25,1.0,0.0136920556,0.0136920556
2012-04-26,1.0,0.0069688697,0.0069688697
2012-04-27,1.0,0.0016407699,0.0016407699
2012-04-30,1.0,-0.0037035233,-0.0037035233
2012-05-01,1.0,0.0062201218,0.0062201218
2012-05-02,1.0,-0.0029842788,-0.0029842788
2012-05-03,1.0,-0.0076255986,-0.0076255986
2012-05-04,0.0,-0.0,-0.0161581678
2012-05-07,0.0,0.0,0.0007301971
2012-05-08,0.0,-0.0,-0.004011522
2012-05-09,0.0,-0.0,-0.0059320484
2012-05-10,0.0,0.0,0.0020626126
2012-05-11,0.0,-0.0,-0.0030144051
2012-05-14,0.0,-0.0,-0.0110608494
2012-05-15,0.0,-0.0,-0.0057419234
2012-05-16,0.0,-0.0,-0.003824503
2012-05-17,1.0,-0.0148310388,-0.0148310388
2012-05-18,0.0,-0.0,-0.0085587943
2012-05-21,0.0,0.0,0.0171884485
2012-05-22,1.0,0.001742595,0.001742595
2012-05-23,1.0,0.0005294612,0.0005294612
2012-05-24,1.0,0.0019658446,0.0019658446
2012-05-25,1.0,-0.0032445887,-0.0032445887
2012-05-28,1.0,0.0,0.0
2012-05-29,1.0,0.01211173,0.01211173
2012-05-30,1.0,-0.0145099828,-0.0145099828
2012-05-31,0.0,-0.0,-0.0022005753
2012-06-01,0.0,-0.0,-0.0251770083
2012-06-04,0.0,-0.0,-0.0004682165
2012-06-05,0.0,0.0,0.0075718816
2012-06-06,0.0,0.0,0.0224689079
2012-06-07,0.0,0.0,0.0006060687
2012-06-08,1.0,0.007951307,0.007951307
2012-06-11,0.0,-0.0,-0.0126967012
2012-06-12,0.0,0.0,0.011490441
2012-06-13,1.0,-0.0063947011,-0.0063947011
2012-06-14,0.0,0.0,0.0106000133
2012-06-15,1.0,0.0102274578,0.0102274578
2012-06-18,1.0,0.0019384012,0.0019384012
2012-06-19,1.0,0.0096723915,0.0096723915
2012-06-20,1.0,-0.001621078,-0.001621078
2012-06-21,1.0,-0.022438709,-0.022438709
2012-06-22,1.0,0.0077019054,0.0077019054
2012-06-25,1.0,-0.0160351151,-0.0160351151
2012-06-26,1.0,0.0050257347,0.0050257347
2012-06-27,1.0,0.009016583,0.009016583
2012-06-28,1.0,-0.0028537285,-0.0028537285
2012-06-29,1.0,0.0249274471,0.0249274471
2012-07-02,1.0,0.0030119604,0.0030119604
2012-07-03,1.0,0.006593189,0.006593189
2012-07-04,1.0,0.0,0.0
2012-07-05,1.0,-0.0045121887,-0.0045121887
2012-07-06,1.0,-0.0095035364,-0.0095035364
2012-07-09,1.0,-0.0012548974,-0.0012548974
2012-07-10,1.0,-0.0087201009,-0.0087201009
2012-07-11,0.0,0.0,0.0001493797
2012-07-12,1.0,-0.0048450628,-0.0048450628
2012-07-13,1.0,0.0167777239,0.0167777239
2012-07-16,1.0,-0.0023570237,-0.0023570237
2012-07-17,1.0,0.0068668067,0.0068668067
2012-07-18,1.0,0.0074066306,0.0074066306
2012-07-19,1.0,0.0026206807,0.0026206807
2012-07-20,1.0,-0.0091480561,-0.0091480561
2012-07-23,1.0,-0.010112073,-0.010112073
2012-07-24,1.0,-0.0085871175,-0.0085871175
2012-07-25,0.0,0.0,0.0002240957
2012-07-26,1.0,0.0164971748,0.0164971748
2012-07-27,1.0,0.0184328893,0.0184328893
2012-07-30,1.0,0.0,0.0
2012-07-31,0.0,-0.0,-0.0069947239
2012-08-01,0.0,-0.0,-0.0008710055
2012-08-02,0.0,-0.0,-0.0069045717
2012-08-03,1.0,0.0198333271,0.0198333271
2012-08-06,1.0,0.0019373046,0.0019373046
2012-08-07,1.0,0.0050137948,0.0050137948
2012-08-08,1.0,0.0012114264,0.0012114264
2012-08-09,1.0,0.0008540453,0.0008540453
2012-08-10,1.0,0.0016359649,0.0016359649
2012-08-13,1.0,-0.000496892,-0.000496892
2012-08-14,1.0,0.0001416568,0.0001416568
2012-08-15,1.0,0.0011367361,0.0011367361
2012-08-16,1.0,0.0073785758,0.0073785758
2012-08-17,1.0,0.0013379586,0.0013379586
2012-08-20,1.0,7.00239e-05,7.00239e-05
2012-08-21,1.0,-0.0030238828,-0.0030238828
2012-08-22,1.0,0.0004232312,0.0004232312
2012-08-23,1.0,-0.0081790079,-0.0081790079
2012-08-24,1.0,0.0060426959,0.0060426959
2012-08-27,1.0,0.0002119552,0.0002119552
2012-08-28,1.0,-0.0009893477,-0.0009893477
2012-08-29,1.0,0.0007782073,0.0007782073
2012-08-30,1.0,-0.0072080505,-0.0072080505
2012-08-31,1.0,0.0047689074,0.0047689074
2012-09-03,1.0,0.0,0.0
2012-09-04,1.0,-0.00092107,-0.00092107
2012-09-05,1.0,-0.0008509812,-0.0008509812
2012-09-06,0.0,0.0,0.0202971619
2012-09-07,1.0,0.0038947965,0.0038947965
2012-09-10,1.0,-0.0056810979,-0.0056810979
2012-09-11,0.0,0.0,0.002787134
2012-09-12,0.0,0.0,0.0033354666
2012-09-13,0.0,0.0,0.0152361474
2012-09-14,1.0,0.0044339669,0.0044339669
2012-09-17,1.0,-0.0033952679,-0.0033952679
2012-09-18,1.0,-0.0008177353,-0.0008177353
2012-09-19,1.0,0.0005456031,0.0005456031
2012-09-20,1.0,6.76685e-05,6.76685e-05
2012-09-21,1.0,-0.0004177887,-0.0004177887
2012-09-24,1.0,-0.0015081647,-0.0015081647
2012-09-25,1.0,-0.0106416861,-0.0106416861
2012-09-26,1.0,-0.0056213473,-0.0056213473
2012-09-27,0.0,0.0,0.0094218758
2012-09-28,1.0,-0.004633032,-0.004633032
2012-10-01,0.0,0.0,0.0026398777
2012-10-02,0.0,0.0,0.0010390098
2012-10-03,0.0,0.0,0.0040831917
2012-10-04,1.0,0.007168183,0.007168183
2012-10-05,1.0,6.82304e-05,6.82304e-05
2012-10-08,1.0,-0.0034214277,-0.0034214277
2012-10-09,1.0,-0.009887507,-0.009887507
2012-10-10,0.0,-0.0,-0.0063801665
2012-10-11,0.0,0.0,0.0005589845
2012-10-12,0.0,-0.0,-0.0032785908
2012-10-15,0.0,0.0,0.0083281719
2012-10-16,0.0,0.0,0.0101330947
2012-10-17,0.0,0.0,0.0045346197
2012-10-18,0.0,-0.0,-0.0025988864
2012-10-19,0.0,-0.0,-0.0166647945
2012-10-22,0.0,0.0,0.0001398738
2012-10-23,0.0,-0.0,-0.0138766425
2012-10-24,0.0,-0.0,-0.0028280749
2012-10-25,0.0,0.0,0.0029072079
2012-10-26,0.0,-0.0,-0.0005656157
2012-10-29,0.0,0.0,0.0
2012-10-30,0.0,0.0,0.0
2012-10-31,0.0,0.0,0.0
2012-11-01,0.0,0.0,0.0104705615
2012-11-02,0.0,-0.0,-0.0088918096
2012-11-05,0.0,0.0,0.002048678
2012-11-06,0.0,0.0,0.0078250877
2012-11-07,0.0,-0.0,-0.0226636203
2012-11-08,0.0,-0.0,-0.0120241268
2012-11-09,0.0,0.0,0.000869329
2012-11-12,0.0,0.0,0.0007962682
2012-11-13,1.0,-0.0034714617,-0.0034714617
2012-11-14,1.0,-0.0134990101,-0.0134990101
2012-11-15,0.0,-0.0,-0.0016920132
2012-11-16,0.0,0.0,0.0049371973
2012-11-19,1.0,0.0202396378,0.0202396378
2012-11-20,1.0,0.0004307402,0.0004307402
2012-11-21,1.0,0.0018681111,0.0018681111
2012-11-22,1.0,0.0,0.0
2012-11-23,1.0,0.0136250061,0.0136250061
2012-11-26,1.0,-0.0021226678,-0.0021226678
2012-11-27,1.0,-0.0051039158,-0.0051039158
2012-11-28,0.0,0.0,0.0080521499
2012-11-29,0.0,0.0,0.0046655435
2012-11-30,1.0,0.0002112793,0.0002112793
2012-12-03,0.0,-0.0,-0.0049246102
2012-12-04,0.0,-0.0,-0.0014140435
2012-12-05,0.0,0.0,0.0017700743
2012-12-06,0.0,0.0,0.0033922193
2012-12-07,0.0,0.0,0.0030282718
2012-12-10,0.0,0.0,0.0004214278
2012-12-11,0.0,0.0,0.0068087722
2012-12-12,0.0,0.0,0.0004878443
2012-12-13,0.0,-0.0,-0.0061317302
2012-12-14,0.0,-0.0,-0.0037159465
2012-12-17,0.0,0.0,0.0117523676
2012-12-18,0.0,0.0,0.0111284599
2012-12-19,0.0,-0.0,-0.0074289903
2012-12-20,0.0,0.0,0.0057518793
2012-12-21,0.0,-0.0,-0.0090769878
2012-12-24,0.0,-0.0,-0.0030810405
2012-12-25,0.0,0.0,0.0
2012-12-26,0.0,-0.0,-0.0042152947
2012-12-27,0.0,-0.0,-0.0013405737
2012-12-28,0.0,-0.0,-0.0108076402
2012-12-31,0.0,0.0,0.0169959231
2013-01-01,0.0,0.0,0.0
2013-01-02,0.0,0.0,0.0256307347
2013-01-03,1.0,-0.0022599778,-0.0022599778
2013-01-04,1.0,0.0043918957,0.0043918957
2013-01-07,1.0,-0.0027327117,-0.0027327117
2013-01-08,1.0,-0.0028772885,-0.0028772885
2013-01-09,1.0,0.0025417495,0.0025417495
2013-01-10,1.0,0.0079500648,0.0079500648
2013-01-11,1.0,-6.84168e-05,-6.84168e-05
2013-01-14,1.0,-0.0006798614,-0.0006798614
2013-01-15,1.0,0.0006803239,0.0006803239
2013-01-16,1.0,-0.0001356084,-0.0001356084
2013-01-17,1.0,0.0064602414,0.0064602414
2013-01-18,1.0,0.002229838,0.002229838
2013-01-21,1.0,0.0,0.0
2013-01-22,1.0,0.0053933968,0.0053933968
2013-01-23,1.0,0.0016093713,0.0016093713
2013-01-24,1.0,0.0002678722,0.0002678722
2013-01-25,1.0,0.0056219549,0.0056219549
2013-01-28,1.0,-0.0011980151,-0.0011980151
2013-01-29,1.0,0.0039313959,0.0039313959
2013-01-30,1.0,-0.0039160005,-0.0039160005
2013-01-31,1.0,-0.0024657668,-0.0024657668
2013-02-01,1.0,0.0102870614,0.0102870614
2013-02-04,1.0,-0.0112399244,-0.0112399244
2013-02-05,1.0,0.0100977245,0.0100977245
2013-02-06,1.0,0.0007281232,0.0007281232
2013-02-07,1.0,-0.0013228685,-0.0013228685
2013-02-08,1.0,0.0055641669,0.0055641669
2013-02-11,1.0,-0.0001977353,-0.0001977353
2013-02-12,1.0,0.0016472387,0.0016472387
2013-02-13,1.0,0.0008554245,0.0008554245
2013-02-14,1.0,0.0009194486,0.0009194486
2013-02-15,1.0,-0.0011810892,-0.0011810892
2013-02-18,1.0,0.0,0.0
2013-02-19,1.0,0.0074938514,0.0074938514
2013-02-20,1.0,-0.0124628677,-0.0124628677
2013-02-21,0.0,-0.0,-0.0060794724
2013-02-22,0.0,0.0,0.0097730962
2013-02-25,0.0,-0.0,-0.0190271475
2013-02-26,0.0,0.0,0.0068457485
2013-02-27,0.0,0.0,0.012598508
2013-02-28,1.0,-0.0019751662,-0.0019751662
2013-03-01,0.0,0.0,0.0032984586
2013-03-04,1.0,0.0053247671,0.0053247671
2013-03-05,1.0,0.0089589023,0.0089589023
2013-03-06,1.0,0.0013606944,0.0013606944
2013-03-07,1.0,0.0018128454,0.0018128454
2013-03-08,1.0,0.0042635817,0.0042635817
2013-03-11,1.0,0.0037958862,0.0037958862
2013-03-12,1.0,-0.0022431467,-0.0022431467
2013-03-13,1.0,0.0014131829,0.0014131829
2013-03-14,1.0,0.00532374,0.00532374
2013-03-15,1.0,-0.0013201219,-0.0013201219
2013-03-18,1.0,-0.005518799,-0.005518799
2013-03-19,1.0,-0.0023233264,-0.0023233264
2013-03-20,1.0,0.0069857798,0.0069857798
2013-03-21,1.0,-0.0085428151,-0.0085428151
2013-03-22,1.0,0.0080332966,0.0080332966
2013-03-25,1.0,-0.0041773327,-0.0041773327
2013-03-26,1.0,0.008002093,0.008002093
2013-03-27,1.0,0.0,0.0
2013-03-28,1.0,0.0030737151,0.0030737151
2013-03-29,1.0,0.0,0.0
2013-04-01,1.0,-0.0039571512,-0.0039571512
2013-04-02,1.0,0.0049342047,0.0049342047
2013-04-03,1.0,-0.0101395545,-0.0101395545
2013-04-04,1.0,0.0040591349,0.0040591349
2013-04-05,1.0,-0.0044917471,-0.0044917471
2013-04-08,1.0,0.0067673157,0.0067673157
2013-04-09,1.0,0.0034569605,0.0034569605
2013-04-10,1.0,0.0122486861,0.0122486861
2013-04-11,1.0,0.0032773271,0.0032773271
2013-04-12,1.0,-0.0024500556,-0.0024500556
2013-04-15,1.0,-0.0231736,-0.0231736
2013-04-16,0.0,0.0,0.0147631807
2013-04-17,1.0,-0.0146118022,-0.0146118022
2013-04-18,0.0,-0.0,-0.0062537753
2013-04-19,0.0,0.0,0.0086936534
2013-04-22,1.0,0.0044375574,0.0044375574
2013-04-23,1.0,0.0103092664,0.0103092664
2013-04-24,1.0,0.0006341025,0.0006341025
2013-04-25,1.0,0.004053732,0.004053732
2013-04-26,1.0,-0.0017667901,-0.0017667901
2013-04-29,1.0,0.0066990865,0.0066990865
2013-04-30,1.0,0.0023851758,0.0023851758
2013-05-01,1.0,-0.008767455,-0.008767455
2013-05-02,1.0,0.0092874005,0.0092874005
2013-05-03,1.0,0.0101407076,0.0101407076
2013-05-06,1.0,0.0025407086,0.0025407086
2013-05-07,1.0,0.0050688923,0.0050688923
2013-05-08,1.0,0.0045510137,0.0045510137
2013-05-09,1.0,-0.0028163242,-0.0028163242
2013-05-10,1.0,0.0032541817,0.0032541817
2013-05-13,1.0,0.0007950704,0.0007950704
2013-05-14,1.0,0.010334452,0.010334452
2013-05-15,1.0,0.0053861494,0.0053861494
2013-05-16,1.0,-0.0046955789,-0.0046955789
2013-05-17,1.0,0.0096773681,0.0096773681
2013-05-20,1.0,-6.00677e-05,-6.00677e-05
2013-05-21,1.0,0.0014381775,0.0014381775
2013-05-22,1.0,-0.007418224,-0.007418224
2013-05-23,1.0,-0.0028925435,-0.0028925435
2013-05-24,1.0,-0.0008465659,-0.0008465659
2013-05-27,1.0,0.0,0.0
2013-05-28,1.0,0.0059889951,0.0059889951
2013-05-29,1.0,-0.0064941997,-0.0064941997
2013-05-30,1.0,0.0036922548,0.0036922548
2013-05-31,1.0,-0.0143526736,-0.0143526736
2013-06-03,0.0,0.0,0.0055066254
2013-06-04,0.0,-0.0,-0.004806932
2013-06-05,0.0,-0.0,-0.0140007927
2013-06-06,0.0,0.0,0.0090529696
2013-06-07,0.0,0.0,0.01272015
2013-06-10,1.0,0.0,0.0
2013-06-11,1.0,-0.0103147871,-0.0103147871
2013-06-12,0.0,-0.0,-0.0082774241
2013-06-13,0.0,0.0,0.0152084358
2013-06-14,1.0,-0.0062726833,-0.0062726833
2013-06-17,1.0,0.0077219384,0.0077219384
2013-06-18,1.0,0.0079057649,0.0079057649
2013-06-19,1.0,-0.0138173235,-0.0138173235
2013-06-20,1.0,-0.0247780097,-0.0247780097
2013-06-21,0.0,0.0,0.0032104508
2013-06-24,0.0,-0.0,-0.0126360844
2013-06-25,0.0,0.0,0.0096140908
2013-06-26,1.0,0.0099012265,0.0099012265
2013-06-27,1.0,0.0058695615,0.0058695615
2013-06-28,1.0,-0.0040969381,-0.0040969381
2013-07-01,1.0,0.005858962,0.005858962
2013-07-02,1.0,-0.0009293788,-0.0009293788
2013-07-03,1.0,0.0004338318,0.0004338318
2013-07-04,1.0,0.0,0.0
2013-07-05,1.0,0.0107889838,0.0107889838
2013-07-08,1.0,0.0057049129,0.0057049129
2013-07-09,1.0,0.0071975079,0.0071975079
2013-07-10,1.0,0.0003636997,0.0003636997
2013-07-11,1.0,0.0136198576,0.0136198576
2013-07-12,1.0,0.0004185945,0.0004185945
2013-07-15,1.0,0.0038202376,0.0038202376
2013-07-16,1.0,-0.0037467151,-0.0037467151
2013-07-17,1.0,0.0025669745,0.0025669745
2013-07-18,1.0,0.0054782843,0.0054782843
2013-07-19,1.0,0.0017765422,0.0017765422
2013-07-22,1.0,0.0019502833,0.0019502833
2013-07-23,1.0,-0.0021237044,-0.0021237044
2013-07-24,1.0,-0.0036655857,-0.0036655857
2013-07-25,1.0,0.0024322352,0.0024322352
2013-07-26,1.0,0.001066444,0.001066444
2013-07-29,1.0,-0.0030749322,-0.0030749322
2013-07-30,1.0,0.0,0.0
2013-07-31,1.0,0.000711348,0.000711348
2013-08-01,1.0,0.0115584803,0.0115584803
2013-08-02,1.0,0.0016992381,0.0016992381
2013-08-05,1.0,-0.00146207,-0.00146207
2013-08-06,1.0,-0.0056827569,-0.0056827569
2013-08-07,1.0,-0.0032402317,-0.0032402317
2013-08-08,1.0,0.0036647183,0.0036647183
2013-08-09,1.0,-0.0028863132,-0.0028863132
2013-08-12,1.0,-0.0011806507,-0.0011806507
2013-08-13,1.0,0.0029565149,0.0029565149
2013-08-14,1.0,-0.0051296067,-0.0051296067
2013-08-15,1.0,-0.0139854884,-0.0139854884
2013-08-16,1.0,-0.0033060399,-0.0033060399
2013-08-19,1.0,-0.006392379,-0.006392379
2013-08-20,1.0,0.0049157924,0.0049157924
2013-08-21,1.0,-0.0061595779,-0.0061595779
2013-08-22,0.0,0.0,0.0091147831
2013-08-23,1.0,0.003372481,0.003372481
2013-08-26,1.0,-0.0037212521,-0.0037212521
2013-08-27,1.0,-0.0160837966,-0.0160837966
2013-08-28,0.0,0.0,0.0035506456
2013-08-29,0.0,0.0,0.0015860691
2013-08-30,0.0,-0.0,-0.0031674608
2013-09-02,0.0,0.0,0.0
2013-09-03,0.0,0.0,0.004522188
2013-09-04,0.0,0.0,0.0082728708
2013-09-05,1.0,0.0012672168,0.0012672168
2013-09-06,1.0,0.0004815192,0.0004815192
2013-09-09,1.0,0.0095762744,0.0095762744
2013-09-10,1.0,0.0073975496,0.0073975496
2013-09-11,1.0,0.0031382589,0.0031382589
2013-09-12,1.0,-0.0026562531,-0.0026562531
2013-09-13,1.0,0.0022489226,0.0022489226
2013-09-16,1.0,0.0057877566,0.0057877566
2013-09-17,1.0,0.0044621503,0.0044621503
2013-09-18,1.0,0.0115742836,0.0115742836
2013-09-19,1.0,-0.0016758793,-0.0016758793
2013-09-20,1.0,-0.006991631,-0.006991631
2013-09-23,1.0,-0.0046273382,-0.0046273382
2013-09-24,1.0,-0.002353799,-0.002353799
2013-09-25,1.0,-0.0028903317,-0.0028903317
2013-09-26,1.0,0.0038455208,0.0038455208
2013-09-27,1.0,-0.0045965922,-0.0045965922
2013-09-30,0.0,-0.0,-0.0053286123
2013-10-01,0.0,0.0,0.0079163385
2013-10-02,0.0,-0.0,-0.0009447997
2013-10-03,0.0,-0.0,-0.00922101
2013-10-04,0.0,0.0,0.0075763995
2013-10-07,0.0,-0.0,-0.0086444105
2013-10-08,0.0,-0.0,-0.0116469339
2013-10-09,0.0,0.0,0.0007256411
2013-10-10,0.0,0.0,0.0215576947
2013-10-11,0.0,0.0,0.006443209
2013-10-14,1.0,0.0039940892,0.0039940892
2013-10-15,1.0,-0.0072543776,-0.0072543776
2013-10-16,0.0,0.0,0.0139658966
2013-10-17,1.0,0.0066834888,0.0066834888
2013-10-18,1.0,0.0067542719,0.0067542719
2013-10-21,1.0,5.74615e-05,5.74615e-05
2013-10-22,1.0,0.0057914007,0.0057914007
2013-10-23,1.0,-0.0047889283,-0.0047889283
2013-10-24,1.0,0.0033223186,0.0033223186
2013-10-25,1.0,0.004567835,0.004567835
2013-10-28,1.0,0.0015912318,0.0015912318
2013-10-29,1.0,0.0053340858,0.0053340858
2013-10-30,1.0,-0.0049674882,-0.0049674882
2013-10-31,1.0,-0.0028360218,-0.0028360218
2013-11-01,1.0,0.0023891279,0.0023891279
2013-11-04,1.0,0.0035185496,0.0035185496
2013-11-05,1.0,-0.0031669466,-0.0031669466
2013-11-06,1.0,0.0051062301,0.0051062301
2013-11-07,1.0,-0.0126435778,-0.0126435778
2013-11-08,1.0,0.0134909566,0.0134909566
2013-11-11,1.0,0.0001692461,0.0001692461
2013-11-12,1.0,-0.0020300789,-0.0020300789
2013-11-13,1.0,0.0080245378,0.0080245378
2013-11-14,1.0,0.0049892304,0.0049892304
2013-11-15,1.0,0.0043510618,0.0043510618
2013-11-18,1.0,-0.0034994766,-0.0034994766
2013-11-19,1.0,-0.0021732405,-0.0021732405
2013-11-20,1.0,-0.0031282398,-0.0031282398
2013-11-21,1.0,0.0080689412,0.0080689412
2013-11-22,1.0,0.0050023944,0.0050023944
2013-11-25,1.0,-0.0009952907,-0.0009952907
2013-11-26,1.0,0.0002764438,0.0002764438
2013-11-27,1.0,0.0024352859,0.0024352859
2013-11-28,1.0,0.0,0.0
2013-11-29,1.0,-0.0006625648,-0.0006625648
2013-12-02,1.0,-0.0025965493,-0.0025965493
2013-12-03,0.0,-0.0,-0.0043202762
2013-12-04,0.0,-0.0,-0.0001113913
2013-12-05,0.0,-0.0,-0.004396098
2013-12-06,0.0,0.0,0.0111775631
2013-12-09,1.0,0.0025423402,0.0025423402
2013-12-10,1.0,-0.0035836027,-0.0035836027
2013-12-11,1.0,-0.0112308019,-0.0112308019
2013-12-12,0.0,-0.0,-0.003301136
2013-12-13,0.0,-0.0,-0.0001126159
2013-12-16,0.0,0.0,0.0062322187
2013-12-17,0.0,-0.0,-0.0031805211
2013-12-18,0.0,0.0,0.0170724309
2013-12-19,1.0,-0.001155865,-0.001155865
2013-12-20,1.0,0.0058172523,0.0058172523
2013-12-23,1.0,0.0053426992,0.0053426992
2013-12-24,1.0,0.0021911841,0.0021911841
2013-12-25,1.0,0.0,0.0
2013-12-26,1.0,0.0050837305,0.0050837305
2013-12-27,1.0,-5.42076e-05,-5.42076e-05
2013-12-30,1.0,-0.000163243,-0.000163243
2013-12-31,1.0,0.0047328834,0.0047328834
2014-01-01,1.0,0.0,0.0
2014-01-02,1.0,-0.0095834752,-0.0095834752
2014-01-03,0.0,-0.0,-0.0001643802
2014-01-06,1.0,-0.002897562,-0.002897562
2014-01-07,1.0,0.0061414263,0.0061414263
2014-01-08,1.0,0.0002186068,0.0002186068
2014-01-09,1.0,0.0006532271,0.0006532271
2014-01-10,1.0,0.0027228084,0.0027228084
2014-01-13,1.0,-0.0133050241,-0.0133050241
2014-01-14,1.0,0.0108977941,0.0108977941
2014-01-15,1.0,0.0053900542,0.0053900542
2014-01-16,1.0,-0.0012997083,-0.0012997083
2014-01-17,1.0,-0.0042296762,-0.0042296762
2014-01-20,1.0,0.0,0.0
2014-01-21,1.0,0.0029407147,0.0029407147
2014-01-22,1.0,0.0006513952,0.0006513952
2014-01-23,1.0,-0.0081930477,-0.0081930477
2014-01-24,1.0,-0.0213356368,-0.0213356368
2014-01-27,0.0,-0.0,-0.0049194473
2014-01-28,0.0,0.0,0.0059545171
2014-01-29,0.0,-0.0,-0.009604809
2014-01-30,0.0,0.0,0.0106002831
2014-01-31,0.0,-0.0,-0.0058582732
2014-02-03,0.0,-0.0,-0.0225051433
2014-02-04,0.0,0.0,0.0070043838
2014-02-05,0.0,-0.0,-0.0012543245
2014-02-06,0.0,0.0,0.0131868947
2014-02-07,0.0,0.0,0.0123959619
2014-02-10,1.0,0.0018367214,0.0018367214
2014-02-11,1.0,0.0109437163,0.0109437163
2014-02-12,1.0,0.0004943496,0.0004943496
2014-02-13,1.0,0.0051633084,0.0051633084
2014-02-14,1.0,0.0055184105,0.0055184105
2014-02-17,1.0,0.0,0.0
2014-02-18,1.0,0.0011956025,0.0011956025
2014-02-19,1.0,-0.0066214465,-0.0066214465
2014-02-20,0.0,0.0,0.0059011459
2014-02-21,1.0,-0.0011411488,-0.0011411488
2014-02-24,1.0,0.0055468139,0.0055468139
2014-02-25,1.0,-0.0003784129,-0.0003784129
2014-02-26,1.0,5.43256e-05,5.43256e-05
2014-02-27,1.0,0.0052467971,0.0052467971
2014-02-28,1.0,0.0025295547,0.0025295547
2014-03-03,1.0,-0.0070319973,-0.0070319973
2014-03-04,1.0,0.0140559355,0.0140559355
2014-03-05,1.0,0.0009061497,0.0009061497
2014-03-06,1.0,0.0022898158,0.0022898158
2014-03-07,1.0,0.0004251987,0.0004251987
2014-03-10,1.0,-0.0005310984,-0.0005310984
2014-03-11,1.0,-0.0049427255,-0.0049427255
2014-03-12,1.0,0.0002673603,0.0002673603
2014-03-13,1.0,-0.011213125,-0.011213125
2014-03-14,1.0,-0.0028081101,-0.0028081101
2014-03-17,0.0,0.0,0.0090435796
2014-03-18,1.0,0.0071382695,0.0071382695
2014-03-19,1.0,-0.0053293587,-0.0053293587
2014-03-20,1.0,0.0058398682,0.0058398682
2014-03-21,1.0,-0.003878358,-0.003878358
2014-03-24,1.0,-0.0041356724,-0.0041356724
2014-03-25,1.0,0.0047457088,0.0047457088
2014-03-26,1.0,-0.0071923605,-0.0071923605
2014-03-27,1.0,-0.0021082087,-0.0021082087
2014-03-28,1.0,0.0049298492,0.0049298492
2014-03-31,1.0,0.0081944094,0.0081944094
2014-04-01,1.0,0.0066309467,0.0066309467
2014-04-02,1.0,0.0033467406,0.0033467406
2014-04-03,1.0,-0.0013240399,-0.0013240399
2014-04-04,1.0,-0.0118216089,-0.0118216089
2014-04-07,1.0,-0.0110520501,-0.0110520501
2014-04-08,0.0,0.0,0.0041230694
2014-04-09,0.0,0.0,0.0107509936
2014-04-10,1.0,-0.0210062955,-0.0210062955
2014-04-11,0.0,-0.0,-0.0090082329
2014-04-14,0.0,0.0,0.0078784797
2014-04-15,0.0,0.0,0.0068873581
2014-04-16,0.0,0.0,0.0104778746
2014-04-17,1.0,0.0013967131,0.0013967131
2014-04-18,1.0,0.0,0.0
2014-04-21,1.0,0.0034872128,0.0034872128
2014-04-22,1.0,0.0045447071,0.0045447071
2014-04-23,1.0,-0.0023417872,-0.0023417872
2014-04-24,1.0,0.0020268832,0.0020268832
2014-04-25,1.0,-0.0081986772,-0.0081986772
2014-04-28,1.0,0.0031672894,0.0031672894
2014-04-29,1.0,0.00465539,0.00465539
2014-04-30,1.0,0.002982516,0.002982516
2014-05-01,1.0,0.0001061805,0.0001061805
2014-05-02,1.0,-0.001433482,-0.001433482
2014-05-05,1.0,0.0019140862,0.0019140862
2014-05-06,1.0,-0.0087040905,-0.0087040905
2014-05-07,1.0,0.0058894612,0.0058894612
2014-05-08,1.0,-0.0010645325,-0.0010645325
2014-05-09,1.0,0.0014920133,0.0014920133
2014-05-12,1.0,0.0097362814,0.0097362814
2014-05-13,1.0,0.0008956922,0.0008956922
2014-05-14,1.0,-0.0047377948,-0.0047377948
2014-05-15,1.0,-0.0087805795,-0.0087805795
2014-05-16,1.0,0.0034688164,0.0034688164
2014-05-19,1.0,0.0036692814,0.0036692814
2014-05-20,1.0,-0.0063050217,-0.0063050217
2014-05-21,1.0,0.0084242342,0.0084242342
2014-05-22,1.0,0.0024321537,0.0024321537
2014-05-23,1.0,0.0040088951,0.0040088951
2014-05-26,1.0,0.0,0.0
2014-05-27,1.0,0.0061466509,0.0061466509
2014-05-28,1.0,-0.0007312923,-0.0007312923
2014-05-29,1.0,0.0051730817,0.0051730817
2014-05-30,1.0,0.0016111589,0.0016111589
2014-06-02,1.0,0.001142076,0.001142076
2014-06-03,1.0,-0.0005185596,-0.0005185596
2014-06-04,1.0,0.0020229771,0.0020229771
2014-06-05,1.0,0.0065221314,0.0065221314
2014-06-06,1.0,0.0047823492,0.0047823492
2014-06-09,1.0,0.0010240506,0.0010240506
2014-06-10,1.0,0.0001024243,0.0001024243
2014-06-11,1.0,-0.0034766335,-0.0034766335
2014-06-12,1.0,-0.0070803921,-0.0070803921
2014-06-13,1.0,0.0030492221,0.0030492221
2014-06-16,1.0,0.0008235927,0.0008235927
2014-06-17,1.0,0.0027797861,0.0027797861
2014-06-18,1.0,0.0073393687,0.0073393687
2014-06-19,1.0,0.0011210531,0.0011210531
2014-06-20,1.0,0.0020301793,0.0020301793
2014-06-23,1.0,-0.0003061931,-0.0003061931
2014-06-24,1.0,-0.0060237681,-0.0060237681
2014-06-25,1.0,0.0045198446,0.0045198446
2014-06-26,1.0,-0.0007160184,-0.0007160184
2014-06-27,1.0,0.001944057,0.001944057
2014-06-30,1.0,-0.0005105714,-0.0005105714
2014-07-01,1.0,0.0066930777,0.0066930777
2014-07-02,1.0,0.001014966,0.001014966
2014-07-03,1.0,0.004918342,0.004918342
2014-07-04,1.0,0.0,0.0
2014-07-07,1.0,-0.003480882,-0.003480882
2014-07-08,1.0,-0.0064304433,-0.0064304433
2014-07-09,1.0,0.0044843762,0.0044843762
2014-07-10,1.0,-0.0039571523,-0.0039571523
2014-07-11,1.0,0.0013753455,0.0013753455
2014-07-14,1.0,0.0050351574,0.0050351574
2014-07-15,1.0,-0.0018726416,-0.0018726416
2014-07-16,1.0,0.0037016742,0.0037016742
2014-07-17,1.0,-0.0113658229,-0.0113658229
2014-07-18,0.0,0.0,0.0102191549
2014-07-21,1.0,-0.0018717869,-0.0018717869
2014-07-22,1.0,0.0043580715,0.0043580715
2014-07-23,1.0,0.0022201557,0.0022201557
2014-07-24,1.0,5.03697e-05,5.03697e-05
2014-07-25,1.0,-0.0046817138,-0.0046817138
2014-07-28,1.0,0.0004047385,0.0004047385
2014-07-29,1.0,-0.0042975392,-0.0042975392
2014-07-30,0.0,0.0,0.0001523114
2014-07-31,0.0,-0.0,-0.0197480911
2014-08-01,0.0,-0.0,-0.0030554995
2014-08-04,0.0,0.0,0.0072204586
2014-08-05,0.0,-0.0,-0.0096960324
2014-08-06,0.0,0.0,0.0003128469
2014-08-07,0.0,-0.0,-0.0054151197
2014-08-08,0.0,0.0,0.0115692224
2014-08-11,0.0,0.0,0.0028975071
2014-08-12,1.0,-0.0013928924,-0.0013928924
2014-08-13,1.0,0.0067690083,0.0067690083
2014-08-14,1.0,0.0047219106,0.0047219106
2014-08-15,1.0,-0.0002045376,-0.0002045376
2014-08-18,1.0,0.0083794119,0.0083794119
2014-08-19,1.0,0.0052188084,0.0052188084
2014-08-20,1.0,0.0026713663,0.0026713663
2014-08-21,1.0,0.002916023,0.002916023
2014-08-22,1.0,-0.0015540773,-0.0015540773
2014-08-25,1.0,0.005070588,0.005070588
2014-08-26,1.0,0.000649518,0.000649518
2014-08-27,1.0,-0.00039928,-0.00039928
2014-08-28,1.0,-0.0005497044,-0.0005497044
2014-08-29,1.0,0.0028480701,0.0028480701
2014-09-01,1.0,0.0,0.0
2014-09-02,1.0,-0.0004979471,-0.0004979471
2014-09-03,1.0,-0.0005483478,-0.0005483478
2014-09-04,1.0,-0.0014462437,-0.0014462437
2014-09-05,1.0,0.0044950319,0.0044950319
2014-09-08,1.0,-0.0025856696,-0.0025856696
2014-09-09,1.0,-0.0063312453,-0.0063312453
2014-09-10,1.0,0.0037627883,0.0037627883
2014-09-11,1.0,0.0011495726,0.0011495726
2014-09-12,1.0,-0.0058414453,-0.0058414453
2014-09-15,1.0,-0.0007530335,-0.0007530335
2014-09-16,1.0,0.0075384357,0.0075384357
2014-09-17,1.0,0.0013468511,0.0013468511
2014-09-18,1.0,0.0053302254,0.0053302254
2014-09-19,1.0,-0.0009017497,-0.0009017497
2014-09-22,1.0,-0.0077228846,-0.0077228846
2014-09-23,1.0,-0.0057238004,-0.0057238004
2014-09-24,0.0,0.0,0.0078273299
2014-09-25,1.0,-0.016135261,-0.016135261
2014-09-26,0.0,0.0,0.0079452903
2014-09-29,0.0,-0.0,-0.0018189031
2014-09-30,0.0,-0.0,-0.0026323102
2014-10-01,0.0,-0.0,-0.0135519964
2014-10-02,0.0,0.0,0.0001541062
2014-10-03,0.0,0.0,0.0110099114
2014-10-06,0.0,-0.0,-0.0011707225
2014-10-07,0.0,-0.0,-0.0154359374
2014-10-08,0.0,0.0,0.0174887913
2014-10-09,0.0,-0.0,-0.0198331131
2014-10-10,0.0,-0.0,-0.0114143794
2014-10-13,0.0,-0.0,-0.0164268463
2014-10-14,0.0,0.0,0.001547652
2014-10-15,0.0,-0.0,-0.0067665439
2014-10-16,0.0,-0.0,-0.0008577745
2014-10-17,0.0,0.0,0.0118108479
2014-10-20,0.0,0.0,0.0097095431
2014-10-21,0.0,0.0,0.0198110165
2014-10-22,1.0,-0.0071110135,-0.0071110135
2014-10-23,0.0,0.0,0.0116247438
2014-10-24,1.0,0.0076953715,0.0076953715
2014-10-27,1.0,-0.0013746209,-0.0013746209
2014-10-28,1.0,0.0114701572,0.0114701572
2014-10-29,1.0,-0.0015122286,-0.0015122286
2014-10-30,1.0,0.0064108943,0.0064108943
2014-10-31,1.0,0.0114353168,0.0114353168
2014-11-03,1.0,0.0005453369,0.0005453369
2014-11-04,1.0,-0.0034691336,-0.0034691336
2014-11-05,1.0,0.0063160572,0.0063160572
2014-11-06,1.0,0.0040033217,0.0040033217
2014-11-07,1.0,0.0009351526,0.0009351526
2014-11-10,1.0,0.0031473986,0.0031473986
2014-11-11,1.0,0.0009807139,0.0009807139
2014-11-12,1.0,-0.001077484,-0.001077484
2014-11-13,1.0,0.0011275644,0.0011275644
2014-11-14,1.0,0.0002447679,0.0002447679
2014-11-17,1.0,0.0006366932,0.0006366932
2014-11-18,1.0,0.0057735145,0.0057735145
2014-11-19,1.0,-0.0016050499,-0.0016050499
2014-11-20,1.0,0.001754114,0.001754114
2014-11-21,1.0,0.0053509118,0.0053509118
2014-11-24,1.0,0.0028060839,0.0028060839
2014-11-25,1.0,-0.0007237836,-0.0007237836
2014-11-26,1.0,0.0025592092,0.0025592092
2014-11-27,1.0,0.0,0.0
2014-11-28,1.0,-0.0021193256,-0.0021193256
2014-12-01,1.0,-0.0069498543,-0.0069498543
2014-12-02,1.0,0.006464112,0.006464112
2014-12-03,1.0,0.0038629612,0.0038629612
2014-12-04,1.0,-0.0011062488,-0.0011062488
2014-12-05,1.0,0.0016371431,0.0016371431
2014-12-08,1.0,-0.0066824837,-0.0066824837
2014-12-09,1.0,-0.0006776804,-0.0006776804
2014-12-10,1.0,-0.0160314139,-0.0160314139
2014-12-11,0.0,0.0,0.0050697833
2014-12-12,0.0,-0.0,-0.01616138
2014-12-15,0.0,-0.0,-0.0068694195
2014-12-16,0.0,-0.0,-0.0080191769
2014-12-17,0.0,0.0,0.0196040667
2014-12-18,0.0,0.0,0.0247292766
2014-12-19,1.0,0.0042549389,0.0042549389
2014-12-22,1.0,0.0045997521,0.0045997521
2014-12-23,1.0,0.0013497738,0.0013497738
2014-12-24,1.0,9.6055e-05,9.6055e-05
2014-12-25,1.0,0.0,0.0
2014-12-26,1.0,0.003224786,0.003224786
2014-12-29,1.0,0.0013433161,0.0013433161
2014-12-30,1.0,-0.0053658799,-0.0053658799
2014-12-31,1.0,-0.0099233855,-0.0099233855
2015-01-01,0.0,0.0,0.0
2015-01-02,0.0,-0.0,-0.0005347878
2015-01-05,1.0,-0.0180598641,-0.0180598641
2015-01-06,0.0,-0.0,-0.0094188684
2015-01-07,0.0,0.0,0.0124609417
2015-01-08,0.0,0.0,0.0177450155
2015-01-09,1.0,-0.0080133244,-0.0080133244
2015-01-12,1.0,-0.0078333541,-0.0078333541
2015-01-13,0.0,-0.0,-0.0028129008
2015-01-14,0.0,-0.0,-0.006037399
2015-01-15,0.0,-0.0,-0.0091605979
2015-01-16,0.0,0.0,0.0131143061
2015-01-19,0.0,0.0,0.0
2015-01-20,0.0,0.0,0.0021325148
2015-01-21,0.0,0.0,0.0050479431
2015-01-22,0.0,0.0,0.0148710594
2015-01-23,1.0,-0.0054824165,-0.0054824165
2015-01-26,1.0,0.0023415179,0.0023415179
2015-01-27,1.0,-0.0131903221,-0.0131903221
2015-01-28,1.0,-0.0128247308,-0.0128247308
2015-01-29,0.0,0.0,0.0092437754
2015-01-30,0.0,-0.0,-0.0125750599
2015-02-02,0.0,0.0,0.0123841014
2015-02-03,1.0,0.0144610743,0.0144610743
2015-02-04,1.0,-0.0038077084,-0.0038077084
2015-02-05,1.0,0.0100954481,0.0100954481
2015-02-06,1.0,-0.0027656351,-0.0027656351
2015-02-09,1.0,-0.0044757459,-0.0044757459
2015-02-10,1.0,0.0106533408,0.0106533408
2015-02-11,1.0,0.0005797494,0.0005797494
2015-02-12,1.0,0.0096170206,0.0096170206
2015-02-13,1.0,0.0041165594,0.0041165594
2015-02-16,1.0,0.0,0.0
2015-02-17,1.0,0.0015731626,0.0015731626
2015-02-18,1.0,9.54134e-05,9.54134e-05
2015-02-19,1.0,-0.0007143517,-0.0007143517
2015-02-20,1.0,0.0060008532,0.0060008532
2015-02-23,1.0,-0.000142224,-0.000142224
2015-02-24,1.0,0.0028410569,0.0028410569
2015-02-25,1.0,-0.0008496595,-0.0008496595
2015-02-26,1.0,-0.0011814528,-0.0011814528
2015-02-27,1.0,-0.0034063342,-0.0034063342
2015-03-02,1.0,0.0063135533,0.0063135533
2015-03-03,1.0,-0.0041040968,-0.0041040968
2015-03-04,1.0,-0.0042155316,-0.0042155316
2015-03-05,1.0,0.0010937871,0.0010937871
2015-03-06,1.0,-0.0140643508,-0.0140643508
2015-03-09,1.0,0.0041447305,0.0041447305
2015-03-10,1.0,-0.0162217579,-0.0162217579
2015-03-11,1.0,-0.0023415832,-0.0023415832
2015-03-12,1.0,0.0127138168,0.0127138168
2015-03-13,1.0,-0.0061325677,-0.0061325677
2015-03-16,1.0,0.0133608558,0.0133608558
2015-03-17,1.0,-0.0029726399,-0.0029726399
2015-03-18,1.0,0.0120212624,0.0120212624
2015-03-19,1.0,-0.0045613143,-0.0045613143
2015-03-20,1.0,0.0088270115,0.0088270115
2015-03-23,1.0,-0.0019488096,-0.0019488096
2015-03-24,1.0,-0.0056185482,-0.0056185482
2015-03-25,1.0,-0.0146539022,-0.0146539022
2015-03-26,1.0,-0.0023816412,-0.0023816412
2015-03-27,1.0,0.0022898305,0.0022898305
2015-03-30,1.0,0.0121999407,0.0121999407
2015-03-31,1.0,-0.0087398606,-0.0087398606
2015-04-01,1.0,-0.0035361435,-0.0035361435
2015-04-02,1.0,0.0035974275,0.0035974275
2015-04-03,1.0,0.0,0.0
2015-04-06,1.0,0.006733083,0.006733083
2015-04-07,1.0,-0.0026463673,-0.0026463673
2015-04-08,1.0,0.003377169,0.003377169
2015-04-09,1.0,0.0044234975,0.0044234975
2015-04-10,1.0,0.0054571412,0.0054571412
2015-04-13,1.0,-0.0045227757,-0.0045227757
2015-04-14,1.0,0.0019127299,0.0019127299
2015-04-15,1.0,0.0044874083,0.0044874083
2015-04-16,1.0,-0.0002852303,-0.0002852303
2015-04-17,1.0,-0.0115035115,-0.0115035115
2015-04-20,1.0,0.0091366387,0.0091366387
2015-04-21,1.0,-0.0011909744,-0.0011909744
2015-04-22,1.0,0.0049137617,0.0049137617
2015-04-23,1.0,0.0025164329,0.0025164329
2015-04-24,1.0,0.0023205625,0.0023205625
2015-04-27,1.0,-0.0041578516,-0.0041578516
2015-04-28,1.0,0.0031789065,0.0031789065
2015-04-29,1.0,-0.0041148283,-0.0041148283
2015-04-30,1.0,-0.0100203829,-0.0100203829
2015-05-01,0.0,0.0,0.0108413146
2015-05-04,1.0,0.0028477701,0.0028477701
2015-05-05,1.0,-0.0114521401,-0.0114521401
2015-05-06,1.0,-0.004116697,-0.004116697
2015-05-07,0.0,0.0,0.0039896806
2015-05-08,0.0,0.0,0.0131657738
2015-05-11,1.0,-0.0047723753,-0.0047723753
2015-05-12,1.0,-0.0029916197,-0.0029916197
2015-05-13,1.0,0.0001907934,0.0001907934
2015-05-14,1.0,0.0104273523,0.0104273523
2015-05-15,1.0,0.0010839387,0.0010839387
2015-05-18,1.0,0.003106728,0.003106728
2015-05-19,1.0,-0.0003284419,-0.0003284419
2015-05-20,1.0,-0.0007039863,-0.0007039863
2015-05-21,1.0,0.002912112,0.002912112
2015-05-22,1.0,-0.0023887816,-0.0023887816
2015-05-25,1.0,0.0,0.0
2015-05-26,1.0,-0.0107515947,-0.0107515947
2015-05-27,0.0,0.0,0.0094923103
2015-05-28,1.0,-0.0011281428,-0.0011281428
2015-05-29,1.0,-0.0062133001,-0.0062133001
2015-06-01,0.0,0.0,0.0020366848
2015-06-02,0.0,-0.0,-0.0009924513
2015-06-03,0.0,0.0,0.0026493391
2015-06-04,1.0,-0.0084462471,-0.0084462471
2015-06-05,0.0,-0.0,-0.0017135634
2015-06-08,1.0,-0.0061496967,-0.0061496967
2015-06-09,0.0,-0.0,-0.0001440807
2015-06-10,1.0,0.0119936845,0.0119936845
2015-06-11,1.0,0.0032234561,0.0032234561
2015-06-12,1.0,-0.0076548701,-0.0076548701
2015-06-15,1.0,-0.0042853558,-0.0042853558
2015-06-16,0.0,0.0,0.0054516596
2015-06-17,0.0,0.0,0.0016169634
2015-06-18,0.0,0.0,0.0103994777
2015-06-19,1.0,-0.0044391721,-0.0044391721
2015-06-22,1.0,0.0051231393,0.0051231393
2015-06-23,1.0,0.0007076125,0.0007076125
2015-06-24,1.0,-0.0072627523,-0.0072627523
2015-06-25,1.0,-0.003040185,-0.003040185
2015-06-26,0.0,-0.0,-0.0001904988
2015-06-29,0.0,-0.0,-0.0209706637
2015-06-30,0.0,0.0,0.0020931007
2015-07-01,0.0,0.0,0.0080160207
2015-07-02,0.0,-0.0,-0.0009158628
2015-07-03,0.0,0.0,0.0
2015-07-06,0.0,-0.0,-0.0028458255
2015-07-07,0.0,0.0,0.0062886003
2015-07-08,0.0,-0.0,-0.0167774058
2015-07-09,0.0,0.0,0.0018090139
2015-07-10,0.0,0.0,0.0125914535
2015-07-13,0.0,0.0,0.0110374819
2015-07-14,1.0,0.0043379643,0.0043379643
2015-07-15,1.0,-0.0003322483,-0.0003322483
2015-07-16,1.0,0.0080244097,0.0080244097
2015-07-17,1.0,0.0008478211,0.0008478211
2015-07-20,1.0,0.0005174979,0.0005174979
2015-07-21,1.0,-0.0039510734,-0.0039510734
2015-07-22,1.0,-0.0017943597,-0.0017943597
2015-07-23,1.0,-0.0056302978,-0.0056302978
2015-07-24,1.0,-0.010371925,-0.010371925
2015-07-27,1.0,-0.0058169217,-0.0058169217
2015-07-28,0.0,0.0,0.0122825975
2015-07-29,1.0,0.0068792355,0.0068792355
2015-07-30,1.0,0.0002372682,0.0002372682
2015-07-31,1.0,-0.0015181733,-0.0015181733
2015-08-03,1.0,-0.0033729769,-0.0033729769
2015-08-04,1.0,-0.0019542195,-0.0019542195
2015-08-05,1.0,0.0032954644,0.0032954644
2015-08-06,1.0,-0.0081875949,-0.0081875949
2015-08-07,1.0,-0.0019201925,-0.0019201925
2015-08-10,1.0,0.0125993744,0.0125993744
2015-08-11,1.0,-0.0090231994,-0.0090231994
2015-08-12,1.0,0.0011980184,0.0011980184
2015-08-13,1.0,-0.0012446853,-0.0012446853
2015-08-14,1.0,0.0036427377,0.0036427377
2015-08-17,1.0,0.0055870142,0.0055870142
2015-08-18,1.0,-0.0028966787,-0.0028966787
2015-08-19,1.0,-0.0079056907,-0.0079056907
2015-08-20,0.0,-0.0,-0.0208813447
2015-08-21,0.0,-0.0,-0.0301025759
2015-08-24,0.0,-0.0,-0.0421069864
2015-08-25,0.0,-0.0,-0.0117675145
2015-08-26,0.0,0.0,0.0383936282
2015-08-27,0.0,0.0,0.0247349089
2015-08-28,0.0,0.0,5.02471e-05
2015-08-31,0.0,-0.0,-0.0080790458
2015-09-01,0.0,-0.0,-0.0298472218
2015-09-02,0.0,0.0,0.0189808246
2015-09-03,0.0,0.0,0.0007160498
2015-09-04,0.0,-0.0,-0.0151362333
2015-09-07,0.0,0.0,0.0
2015-09-08,0.0,0.0,0.0251303787
2015-09-09,0.0,-0.0,-0.0133715168
2015-09-10,0.0,0.0,0.0054422355
2015-09-11,1.0,0.0045439411,0.0045439411
2015-09-14,1.0,-0.003710669,-0.003710669
2015-09-15,0.0,0.0,0.0124996691
2015-09-16,0.0,0.0,0.0086666635
2015-09-17,1.0,-0.0022481094,-0.0022481094
2015-09-18,0.0,-0.0,-0.0163413509
2015-09-21,1.0,0.0051676711,0.0051676711
2015-09-22,1.0,-0.0129798369,-0.0129798369
2015-09-23,1.0,-0.0015985998,-0.0015985998
2015-09-24,0.0,-0.0,-0.0036157053
2015-09-25,0.0,-0.0,-0.0002594098
2015-09-28,0.0,-0.0,-0.0250969635
2015-09-29,0.0,0.0,0.0005849092
2015-09-30,0.0,0.0,0.0186584971
2015-10-01,0.0,0.0,0.0026092101
2015-10-02,1.0,0.0149375204,0.0149375204
2015-10-05,1.0,0.0177947468,0.0177947468
2015-10-06,1.0,-0.0034259691,-0.0034259691
2015-10-07,1.0,0.0081908363,0.0081908363
2015-10-08,1.0,0.0090264255,0.0090264255
2015-10-09,1.0,0.0005963125,0.0005963125
2015-10-12,1.0,0.0009437263,0.0009437263
2015-10-13,1.0,-0.0063023824,-0.0063023824
2015-10-14,1.0,-0.0047941857,-0.0047941857
2015-10-15,1.0,0.0153548833,0.0153548833
2015-10-16,1.0,0.0045464513,0.0045464513
2015-10-19,1.0,0.0004919952,0.0004919952
2015-10-20,1.0,-0.0012785406,-0.0012785406
2015-10-21,1.0,-0.0062031135,-0.0062031135
2015-10-22,1.0,0.0168934217,0.0168934217
2015-10-23,1.0,0.010961774,0.010961774
2015-10-26,1.0,-0.002457801,-0.002457801
2015-10-27,1.0,-0.0019322565,-0.0019322565
2015-10-28,1.0,0.0113747404,0.0113747404
2015-10-29,1.0,-0.0005743971,-0.0005743971
2015-10-30,1.0,-0.0043098035,-0.0043098035
2015-11-02,1.0,0.0118305969,0.0118305969
2015-11-03,1.0,0.0028996748,0.0028996748
2015-11-04,1.0,-0.0030331732,-0.0030331732
2015-11-05,1.0,-0.0009982637,-0.0009982637
2015-11-06,1.0,-0.0005233733,-0.0005233733
2015-11-09,1.0,-0.0093318396,-0.0093318396
2015-11-10,1.0,0.0023070215,0.0023070215
2015-11-11,1.0,-0.0039317358,-0.0039317358
2015-11-12,1.0,-0.0139597203,-0.0139597203
2015-11-13,1.0,-0.0112283614,-0.0112283614
2015-11-16,1.0,0.0152067622,0.0152067622
2015-11-17,1.0,-0.0007292942,-0.0007292942
2015-11-18,1.0,0.0158660568,0.0158660568
2015-11-19,1.0,-0.0008625472,-0.0008625472
2015-11-20,1.0,0.0036444794,0.0036444794
2015-11-23,1.0,-0.0011468184,-0.0011468184
2015-11-24,1.0,0.0013393177,0.0013393177
2015-11-25,1.0,-0.0001433466,-0.0001433466
2015-11-26,1.0,0.0,0.0
2015-11-27,1.0,0.0011465907,0.0011465907
2015-11-30,1.0,-0.0041516744,-0.0041516744
2015-12-01,1.0,0.0095357484,0.0095357484
2015-12-02,1.0,-0.0102048211,-0.0102048211
2015-12-03,1.0,-0.0140025416,-0.0140025416
2015-12-04,1.0,0.0195025111,0.0195025111
2015-12-07,1.0,-0.0060584189,-0.0060584189
2015-12-08,1.0,-0.0067194677,-0.0067194677
2015-12-09,1.0,-0.0077798119,-0.0077798119
2015-12-10,1.0,0.0025809703,0.0025809703
2015-12-11,1.0,-0.019380946,-0.019380946
2015-12-14,0.0,0.0,0.0050525081
2015-12-15,0.0,0.0,0.0104976597
2015-12-16,1.0,0.0146319182,0.0146319182
2015-12-17,1.0,-0.0152377837,-0.0152377837
2015-12-18,1.0,-0.0178153459,-0.0178153459
2015-12-21,0.0,0.0,0.0082489901
2015-12-22,1.0,0.0090745868,0.0090745868
2015-12-23,1.0,0.0123830625,0.0123830625
2015-12-24,1.0,-0.0016500584,-0.0016500584
2015-12-25,1.0,0.0,0.0
2015-12-28,1.0,-0.0022852943,-0.0022852943
2015-12-29,1.0,0.0106719975,0.0106719975
2015-12-30,1.0,-0.0070878324,-0.0070878324
2015-12-31,1.0,-0.0100033816,-0.0100033816
2016-01-01,1.0,0.0,0.0
2016-01-04,1.0,-0.0139793926,-0.0139793926
2016-01-05,1.0,0.0016912795,0.0016912795
2016-01-06,1.0,-0.0126142719,-0.0126142719
2016-01-07,0.0,-0.0,-0.023991625
2016-01-08,0.0,-0.0,-0.0109765257
2016-01-11,0.0,0.0,0.0009900511
2016-01-12,0.0,0.0,0.0080680486
2016-01-13,0.0,-0.0,-0.0249403604
2016-01-14,0.0,0.0,0.0164170502
2016-01-15,0.0,-0.0,-0.0214660244
2016-01-18,0.0,0.0,0.0
2016-01-19,0.0,0.0,0.0013305504
2016-01-20,0.0,-0.0,-0.0128145172
2016-01-21,0.0,0.0,0.0056017394
2016-01-22,0.0,0.0,0.0205152369
2016-01-25,1.0,-0.0151164752,-0.0151164752
2016-01-26,1.0,0.0136430172,0.0136430172
2016-01-27,1.0,-0.0108830311,-0.0108830311
2016-01-28,1.0,0.0052088387,0.0052088387
2016-01-29,1.0,0.0243774357,0.0243774357
2016-02-01,1.0,-0.00036143,-0.00036143
2016-02-02,1.0,-0.0180218809,-0.0180218809
2016-02-03,1.0,0.0059947165,0.0059947165
2016-02-04,1.0,0.0015683792,0.0015683792
2016-02-05,1.0,-0.0190503279,-0.0190503279
2016-02-08,1.0,-0.0134607399,-0.0134607399
2016-02-09,0.0,0.0,5.38886e-05
2016-02-10,0.0,-0.0,-0.000862754
2016-02-11,0.0,-0.0,-0.0130080685
2016-02-12,0.0,0.0,0.0206167713
2016-02-15,1.0,0.0,0.0
2016-02-16,1.0,0.0168781724,0.0168781724
2016-02-17,1.0,0.0163346802,0.0163346802
2016-02-18,1.0,-0.0040959066,-0.0040959066
2016-02-19,1.0,-0.0004683444,-0.0004683444
2016-02-22,1.0,0.0144791585,0.0144791585
2016-02-23,1.0,-0.0126298259,-0.0126298259
2016-02-24,1.0,0.0045758988,0.0045758988
2016-02-25,1.0,0.0121117449,0.0121117449
2016-02-26,1.0,-0.0023014186,-0.0023014186
2016-02-29,1.0,-0.0078423747,-0.0078423747
2016-03-01,1.0,0.0235070667,0.0235070667
2016-03-02,1.0,0.0044923253,0.0044923253
2016-03-03,1.0,0.0039195495,0.0039195495
2016-03-04,1.0,0.003253599,0.003253599
2016-03-07,1.0,0.0007982761,0.0007982761
2016-03-08,1.0,-0.0109178858,-0.0109178858
2016-03-09,1.0,0.0049397535,0.0049397535
2016-03-10,1.0,0.0008023897,0.0008023897
2016-03-11,1.0,0.016137154,0.016137154
2016-03-14,1.0,-0.0012821699,-0.0012821699
2016-03-15,1.0,-0.0016296639,-0.0016296639
2016-03-16,1.0,0.0057870473,0.0057870473
2016-03-17,1.0,0.0063440441,0.0063440441
2016-03-18,1.0,0.003929606,0.003929606
2016-03-21,1.0,0.0014189327,0.0014189327
2016-03-22,1.0,-0.0005371545,-0.0005371545
2016-03-23,1.0,-0.0066000966,-0.0066000966
2016-03-24,1.0,-0.0004427359,-0.0004427359
2016-03-25,1.0,0.0,0.0
2016-03-28,1.0,0.0005908993,0.0005908993
2016-03-29,1.0,0.0092500759,0.0092500759
2016-03-30,1.0,0.0043878787,0.0043878787
2016-03-31,1.0,-0.0024270028,-0.0024270028
2016-04-01,1.0,0.0068118968,0.0068118968
2016-04-04,1.0,-0.0032378276,-0.0032378276
2016-04-05,1.0,-0.0099878473,-0.0099878473
2016-04-06,1.0,0.0109209731,0.0109209731
2016-04-07,1.0,-0.0119653787,-0.0119653787
2016-04-08,1.0,0.0026963945,0.0026963945
2016-04-11,1.0,-0.0023471214,-0.0023471214
2016-04-12,1.0,0.0093125098,0.0093125098
2016-04-13,1.0,0.0101012754,0.0101012754
2016-04-14,1.0,4.80504e-05,4.80504e-05
2016-04-15,1.0,-0.0011055375,-0.0011055375
2016-04-18,1.0,0.0070264972,0.0070264972
2016-04-19,1.0,0.0031542468,0.0031542468
2016-04-20,1.0,0.0009529924,0.0009529924
2016-04-21,1.0,-0.0053784964,-0.0053784964
2016-04-22,1.0,0.0,0.0
2016-04-25,1.0,-0.001722729,-0.001722729
2016-04-26,1.0,0.0014858088,0.0014858088
2016-04-27,1.0,0.0020583565,0.0020583565
2016-04-28,1.0,-0.0090755019,-0.0090755019
2016-04-29,1.0,-0.0053992832,-0.0053992832
2016-05-02,1.0,0.0079488293,0.0079488293
2016-05-03,1.0,-0.0087034633,-0.0087034633
2016-05-04,1.0,-0.0055782468,-0.0055782468
2016-05-05,1.0,-0.0001949176,-0.0001949176
2016-05-06,1.0,0.0036590659,0.0036590659
2016-05-09,1.0,0.0008265201,0.0008265201
2016-05-10,1.0,0.0124334961,0.0124334961
2016-05-11,1.0,-0.0093546785,-0.0093546785
2016-05-12,1.0,0.0002902234,0.0002902234
2016-05-13,1.0,-0.0087139733,-0.0087139733
2016-05-16,1.0,0.0098653733,0.0098653733
2016-05-17,1.0,-0.0093333867,-0.0093333867
2016-05-18,1.0,0.0002924735,0.0002924735
2016-05-19,1.0,-0.0034645137,-0.0034645137
2016-05-20,1.0,0.006317363,0.006317363
2016-05-23,1.0,-0.0013628917,-0.0013628917
2016-05-24,1.0,0.0129624355,0.0129624355
2016-05-25,1.0,0.0067829674,0.0067829674
2016-05-26,1.0,0.0002866249,0.0002866249
2016-05-27,1.0,0.0042991685,0.0042991685
2016-05-30,1.0,0.0,0.0
2016-05-31,1.0,-0.0019027325,-0.0019027325
2016-06-01,1.0,0.0020495032,0.0020495032
2016-06-02,1.0,0.0030436475,0.0030436475
2016-06-03,1.0,-0.0029871092,-0.0029871092
2016-06-06,1.0,0.005088547,0.005088547
2016-06-07,1.0,0.0015612937,0.0015612937
2016-06-08,1.0,0.0032597881,0.0032597881
2016-06-09,1.0,-0.0013654637,-0.0013654637
2016-06-10,1.0,-0.0094777388,-0.0094777388
2016-06-13,1.0,-0.0077117307,-0.0077117307
2016-06-14,0.0,-0.0,-0.0019667604
2016-06-15,0.0,-0.0,-0.0013938835
2016-06-16,0.0,0.0,0.0029841775
2016-06-17,0.0,-0.0,-0.0037240015
2016-06-20,1.0,0.006440048,0.006440048
2016-06-21,0.0,0.0,0.0028386324
2016-06-22,0.0,-0.0,-0.0016315771
2016-06-23,0.0,0.0,0.0130226587
2016-06-24,0.0,-0.0,-0.0359090574
2016-06-27,0.0,-0.0,-0.0179097042
2016-06-28,0.0,0.0,0.0180357179
2016-06-29,0.0,0.0,0.0170280022
2016-06-30,1.0,0.013645384,0.013645384
2016-07-01,1.0,0.0021005853,0.0021005853
2016-07-04,1.0,0.0,0.0
2016-07-05,1.0,-0.007193143,-0.007193143
2016-07-06,1.0,0.005997589,0.005997589
2016-07-07,1.0,-0.0006199884,-0.0006199884
2016-07-08,1.0,0.0148903135,0.0148903135
2016-07-11,1.0,0.0035269374,0.0035269374
2016-07-12,1.0,0.0072634644,0.0072634644
2016-07-13,1.0,-0.0001395978,-0.0001395978
2016-07-14,1.0,0.0055834468,0.0055834468
2016-07-15,1.0,-0.0013415901,-0.0013415901
2016-07-18,1.0,0.0026872801,0.0026872801
2016-07-19,1.0,-0.0010167829,-0.0010167829
2016-07-20,1.0,0.004162841,0.004162841
2016-07-21,1.0,-0.0037772113,-0.0037772113
2016-07-22,1.0,0.0044852615,0.0044852615
2016-07-25,1.0,-0.0027158536,-0.0027158536
2016-07-26,1.0,0.0004615649,0.0004615649
2016-07-27,1.0,-0.001060978,-0.001060978
2016-07-28,1.0,0.001154605,0.001154605
2016-07-29,1.0,0.001614665,0.001614665
2016-08-01,1.0,-0.0008292152,-0.0008292152
2016-08-02,1.0,-0.0064070284,-0.0064070284
2016-08-03,1.0,0.0029224002,0.0029224002
2016-08-04,1.0,0.0010641877,0.0010641877
2016-08-05,1.0,0.0081787252,0.0081787252
2016-08-08,1.0,-0.0005956143,-0.0005956143
2016-08-09,1.0,0.0005959693,0.0005959693
2016-08-10,1.0,-0.0024750702,-0.0024750702
2016-08-11,1.0,0.004640666,0.004640666
2016-08-12,1.0,-0.0008687236,-0.0008687236
2016-08-15,1.0,0.0028836357,0.0028836357
2016-08-16,1.0,-0.0051577109,-0.0051577109
2016-08-17,1.0,0.0018811078,0.0018811078
2016-08-18,1.0,0.002243952,0.002243952
2016-08-19,1.0,-0.0014623049,-0.0014623049
2016-08-22,1.0,-4.5741e-05,-4.5741e-05
2016-08-23,1.0,0.0020135938,0.0020135938
2016-08-24,1.0,-0.0051148046,-0.0051148046
2016-08-25,1.0,-0.0006886154,-0.0006886154
2016-08-26,0.0,-0.0,-0.0018832725
2016-08-29,1.0,0.0049246574,0.0049246574
2016-08-30,1.0,-0.0016490124,-0.0016490124
2016-08-31,1.0,-0.0028440299,-0.0028440299
2016-09-01,1.0,4.60671e-05,4.60671e-05
2016-09-02,1.0,0.0045078891,0.0045078891
2016-09-05,1.0,0.0,0.0
2016-09-06,1.0,0.003022481,0.003022481
2016-09-07,1.0,-9.13587e-05,-9.13587e-05
2016-09-08,1.0,-0.0022830374,-0.0022830374
2016-09-09,1.0,-0.0239347221,-0.0239347221
2016-09-12,0.0,0.0,0.0143472051
2016-09-13,0.0,-0.0,-0.0143753874
2016-09-14,0.0,-0.0,-0.0003752913
2016-09-15,0.0,0.0,0.0099930515
2016-09-16,0.0,-0.0,-0.0038656648
2016-09-19,0.0,0.0,0.0001877849
2016-09-20,0.0,0.0,4.66051e-05
2016-09-21,0.0,0.0,0.0112453468
2016-09-22,1.0,0.0063014458,0.0063014458
2016-09-23,1.0,-0.005479289,-0.005479289
2016-09-26,1.0,-0.0081021431,-0.0081021431
2016-09-27,1.0,0.0062078998,0.0062078998
2016-09-28,1.0,0.0049636751,0.0049636751
2016-09-29,1.0,-0.0090473498,-0.0090473498
2016-09-30,1.0,0.0075463278,0.0075463278
2016-10-03,1.0,-0.0024042824,-0.0024042824
2016-10-04,1.0,-0.0050977814,-0.0050977814
2016-10-05,1.0,0.0044249965,0.0044249965
2016-10-06,1.0,0.0006958263,0.0006958263
2016-10-07,1.0,-0.003429551,-0.003429551
2016-10-10,1.0,0.0052089826,0.0052089826
2016-10-11,1.0,-0.0126302233,-0.0126302233
2016-10-12,0.0,0.0,0.0013119653
2016-10-13,0.0,-0.0,-0.003275201
2016-10-14,0.0,0.0,0.0005164489
2016-10-17,0.0,-0.0,-0.0034724386
2016-10-18,0.0,0.0,0.0062622687
2016-10-19,0.0,0.0,0.0026673642
2016-10-20,0.0,-0.0,-0.0018663991
2016-10-21,1.0,0.000467265,0.000467265
2016-10-24,1.0,0.0042526364,0.0042526364
2016-10-25,1.0,-0.0033505267,-0.0033505267
2016-10-26,0.0,-0.0,-0.0020076704
2016-10-27,0.0,-0.0,-0.0026669892
2016-10-28,0.0,-0.0,-0.002955231
2016-10-31,0.0,0.0,4.67959e-05
2016-11-01,0.0,-0.0,-0.0072451837
2016-11-02,0.0,-0.0,-0.0060184352
2016-11-03,0.0,-0.0,-0.0045773987
2016-11-04,0.0,-0.0,-0.0011015487
2016-11-07,0.0,0.0,0.0220571383
2016-11-08,0.0,0.0,0.0045038368
2016-11-09,0.0,0.0,0.0106021586
2016-11-10,0.0,0.0,0.0024956521
2016-11-11,1.0,-0.0023052998,-0.0023052998
2016-11-14,1.0,0.0007856916,0.0007856916
2016-11-15,1.0,0.007802781,0.007802781
2016-11-16,1.0,-0.0018782498,-0.0018782498
2016-11-17,1.0,0.0051406684,0.0051406684
2016-11-18,1.0,-0.0022375248,-0.0022375248
2016-11-21,1.0,0.0075513591,0.0075513591
2016-11-22,1.0,0.0019530548,0.0019530548
2016-11-23,1.0,0.0005442976,0.0005442976
2016-11-24,1.0,0.0,0.0
2016-11-25,1.0,0.0037155498,0.0037155498
2016-11-28,1.0,-0.004694853,-0.004694853
2016-11-29,1.0,0.0019500508,0.0019500508
2016-11-30,1.0,-0.0023993733,-0.0023993733
2016-12-01,1.0,-0.0036751716,-0.0036751716
2016-12-02,1.0,0.0005008577,0.0005008577
2016-12-05,1.0,0.0060088973,0.0060088973
2016-12-06,1.0,0.0031673234,0.0031673234
2016-12-07,1.0,0.0130807155,0.0130807155
2016-12-08,1.0,0.0024488356,0.0024488356
2016-12-09,1.0,0.0060405561,0.0060405561
2016-12-12,1.0,-0.0011477587,-0.0011477587
2016-12-13,1.0,0.0066736454,0.0066736454
2016-12-14,1.0,-0.0082542554,-0.0082542554
2016-12-15,1.0,0.0041172884,0.0041172884
2016-12-16,1.0,-0.0019558944,-0.0019558944
2016-12-19,1.0,0.0021776142,0.0021776142
2016-12-20,1.0,0.0038577182,0.0038577182
2016-12-21,1.0,-0.0027831258,-0.0027831258
2016-12-22,1.0,-0.0017272311,-0.0017272311
2016-12-23,1.0,0.0014643328,0.0014643328
2016-12-26,1.0,0.0,0.0
2016-12-27,1.0,0.0024811576,0.0024811576
2016-12-28,1.0,-0.0082645961,-0.0082645961
2016-12-29,1.0,-0.000222828,-0.000222828
2016-12-30,1.0,-0.0036550523,-0.0036550523
2017-01-02,0.0,0.0,0.0
2017-01-03,0.0,0.0,0.0076499529
2017-01-04,1.0,0.0059493166,0.0059493166
2017-01-05,1.0,-0.0007942916,-0.0007942916
2017-01-06,1.0,0.0035776596,0.0035776596
2017-01-09,1.0,-0.003301393,-0.003301393
2017-01-10,1.0,0.0,0.0
2017-01-11,1.0,0.0028264413,0.0028264413
2017-01-12,1.0,-0.0025101316,-0.0025101316
2017-01-13,1.0,0.0022958709,0.0022958709
2017-01-16,1.0,0.0,0.0
2017-01-17,1.0,-0.0035237139,-0.0035237139
2017-01-18,1.0,0.0022100603,0.0022100603
2017-01-19,1.0,-0.0037045892,-0.0037045892
2017-01-20,0.0,0.0,0.0036739717
2017-01-23,1.0,-0.0026021887,-0.0026021887
2017-01-24,1.0,0.0064120095,0.0064120095
2017-01-25,1.0,0.0086556922,0.0086556922
2017-01-26,1.0,-0.0010458248,-0.0010458248
2017-01-27,1.0,-0.0015696879,-0.0015696879
2017-01-30,1.0,-0.0062017938,-0.0062017938
2017-01-31,1.0,-8.79129e-05,-8.79129e-05
2017-02-01,1.0,0.0003956039,0.0003956039
2017-02-02,1.0,0.0006590275,0.0006590275
2017-02-03,1.0,0.0068928294,0.0068928294
2017-02-06,1.0,-0.0017877246,-0.0017877246
2017-02-07,1.0,4.38069e-05,4.38069e-05
2017-02-08,1.0,0.0013103014,0.0013103014
2017-02-09,1.0,0.0059326956,0.0059326956
2017-02-10,1.0,0.0039460969,0.0039460969
2017-02-13,1.0,0.00544286,0.00544286
2017-02-14,1.0,0.0039953257,0.0039953257
2017-02-15,1.0,0.0052202776,0.0052202776
2017-02-16,0.0,-0.0,-0.000851248
2017-02-17,0.0,0.0,0.001576218
2017-02-20,0.0,0.0,0.0
2017-02-21,0.0,0.0,0.0059548769
2017-02-22,1.0,-0.0008876309,-0.0008876309
2017-02-23,1.0,0.0006772427,0.0006772427
2017-02-24,1.0,0.0012685886,0.0012685886
2017-02-27,1.0,0.0015629925,0.0015629925
2017-02-28,1.0,-0.0026991166,-0.0026991166
2017-03-01,0.0,0.0,0.0139972776
2017-03-02,0.0,-0.0,-0.0062972251
2017-03-03,1.0,0.0006295707,0.0006295707
2017-03-06,1.0,-0.0029783594,-0.0029783594
2017-03-07,1.0,-0.0029868116,-0.0029868116
2017-03-08,1.0,-0.0018562211,-0.0018562211
2017-03-09,1.0,0.0012680199,0.0012680199
2017-03-10,1.0,0.003504497,0.003504497
2017-03-13,1.0,0.0005046779,0.0005046779
2017-03-14,1.0,-0.0038264579,-0.0038264579
2017-03-15,0.0,0.0,0.0086532957
2017-03-16,1.0,-0.0019666874,-0.0019666874
2017-03-17,1.0,-0.0017564564,-0.0017564564
2017-03-20,1.0,-0.001096922,-0.001096922
2017-03-21,1.0,-0.012839542,-0.012839542
2017-03-22,0.0,0.0,0.0023534335
2017-03-23,0.0,-0.0,-0.0010672513
2017-03-24,0.0,-0.0,-0.0007263083
2017-03-27,0.0,-0.0,-0.0010264704
2017-03-28,0.0,0.0,0.0072768819
2017-03-29,0.0,0.0,0.0009350872
2017-03-30,0.0,0.0,0.0031838812
2017-03-31,0.0,-0.0,-0.0023275647
2017-04-03,0.0,-0.0,-0.001739101
2017-04-04,0.0,0.0,0.0006372103
2017-04-05,0.0,-0.0,-0.0029724501
2017-04-06,0.0,0.0,0.0028110409
2017-04-07,0.0,-0.0,-0.001019433
2017-04-10,0.0,0.0,0.0005951828
2017-04-11,0.0,-0.0,-0.001189583
2017-04-12,0.0,-0.0,-0.0043819056
2017-04-13,0.0,-0.0,-0.0064948577
2017-04-14,0.0,0.0,0.0
2017-04-17,0.0,0.0,0.0088600773
2017-04-18,0.0,-0.0,-0.0029842796
2017-04-19,0.0,-0.0,-0.0018387732
2017-04-20,0.0,0.0,0.0081389593
2017-04-21,0.0,-0.0,-0.0031865135
2017-04-24,0.0,0.0,0.0109979549
2017-04-25,1.0,0.0058181848,0.0058181848
2017-04-26,1.0,-0.0006285357,-0.0006285357
2017-04-27,1.0,0.0008388691,0.0008388691
2017-04-28,1.0,-0.0021794817,-0.0021794817
2017-05-01,1.0,0.002520064,0.002520064
2017-05-02,1.0,0.0003772542,0.0003772542
2017-05-03,1.0,-0.0012146077,-0.0012146077
2017-05-04,1.0,0.0011742143,0.0011742143
2017-05-05,1.0,0.0039367989,0.0039367989
2017-05-08,1.0,-0.0001666297,-0.0001666297
2017-05-09,1.0,-0.000917934,-0.000917934
2017-05-10,1.0,0.0017955589,0.0017955589
2017-05-11,1.0,-0.0020425469,-0.0020425469
2017-05-12,1.0,-0.0016710164,-0.0016710164
2017-05-15,1.0,0.0055235693,0.0055235693
2017-05-16,1.0,-0.0009154892,-0.0009154892
2017-05-17,1.0,-0.0177442073,-0.0177442073
2017-05-18,0.0,0.0,0.0040283713
2017-05-19,0.0,0.0,0.0065041169
2017-05-22,0.0,0.0,0.0050776799
2017-05-23,1.0,0.0022126523,0.0022126523
2017-05-24,1.0,0.0023328497,0.0023328497
2017-05-25,1.0,0.0047797047,0.0047797047
2017-05-26,1.0,-0.0002069478,-0.0002069478
2017-05-29,1.0,0.0,0.0
2017-05-30,1.0,-0.0008688378,-0.0008688378
2017-05-31,1.0,-0.0002485175,-0.0002485175
2017-06-01,1.0,0.0079523571,0.0079523571
2017-06-02,1.0,0.0033282628,0.0033282628
2017-06-05,1.0,-0.0007370407,-0.0007370407
2017-06-06,1.0,-0.003196894,-0.003196894
2017-06-07,1.0,0.0018502715,0.0018502715
2017-06-08,1.0,0.0004922688,0.0004922688
2017-06-09,1.0,-0.0015176879,-0.0015176879
2017-06-12,1.0,-0.0002052566,-0.0002052566
2017-06-13,0.0,0.0,0.004889889
2017-06-14,1.0,-0.0012674909,-0.0012674909
2017-06-15,1.0,-0.00192445,-0.00192445
2017-06-16,1.0,0.0002182715,0.0002182715
2017-06-19,1.0,0.0083255416,0.0083255416
2017-06-20,1.0,-0.0067443435,-0.0067443435
2017-06-21,0.0,-0.0,-0.0002468527
2017-06-22,1.0,-0.0004528548,-0.0004528548
2017-06-23,1.0,0.0011942804,0.0011942804
2017-06-26,1.0,0.0006580208,0.0006580208
2017-06-27,1.0,-0.008056226,-0.008056226
2017-06-28,0.0,0.0,0.0089502988
2017-06-29,1.0,-0.0087887795,-0.0087887795
2017-06-30,0.0,0.0,0.0018644549
2017-07-03,1.0,0.0016959543,0.0016959543
2017-07-04,1.0,0.0,0.0
2017-07-05,1.0,0.0023117121,0.0023117121
2017-07-06,1.0,-0.009144379,-0.009144379
2017-07-07,0.0,0.0,0.0064851133
2017-07-10,1.0,0.0010738879,0.0010738879
2017-07-11,1.0,-0.0007425137,-0.0007425137
2017-07-12,1.0,0.0075145871,0.0075145871
2017-07-13,1.0,0.0016803793,0.0016803793
2017-07-14,1.0,0.0046640021,0.0046640021
2017-07-17,1.0,-0.0001221802,-0.0001221802
2017-07-18,1.0,0.000529536,0.000529536
2017-07-19,1.0,0.0054139768,0.0054139768
2017-07-20,1.0,0.0004453768,0.0004453768
2017-07-21,1.0,-0.0008904276,-0.0008904276
2017-07-24,1.0,-0.0002429832,-0.0002429832
2017-07-25,1.0,0.002431059,0.002431059
2017-07-26,1.0,4.03029e-05,4.03029e-05
2017-07-27,1.0,-0.0009295414,-0.0009295414
2017-07-28,1.0,-0.0011731455,-0.0011731455
2017-07-31,1.0,-0.000567104,-0.000567104
2017-08-01,1.0,0.0022289401,0.0022289401
2017-08-02,1.0,0.0004852429,0.0004852429
2017-08-03,1.0,-0.0019399597,-0.0019399597
2017-08-04,1.0,0.0018222429,0.0018222429
2017-08-07,1.0,0.0018593035,0.0018593035
2017-08-08,1.0,-0.0024612015,-0.0024612015
2017-08-09,1.0,-4.01171e-05,-4.01171e-05
2017-08-10,1.0,-0.0141156506,-0.0141156506
2017-08-11,0.0,0.0,0.0014769893
2017-08-14,0.0,0.0,0.0099131968
2017-08-15,0.0,-0.0,-0.0001216945
2017-08-16,0.0,0.0,0.0017445243
2017-08-17,0.0,-0.0,-0.0155908454
2017-08-18,0.0,-0.0,-0.0015634605
2017-08-21,0.0,0.0,0.0007829184
2017-08-22,0.0,0.0,0.0104571317
2017-08-23,1.0,-0.003585657,-0.003585657
2017-08-24,1.0,-0.002330488,-0.002330488
2017-08-25,1.0,0.0023359319,0.0023359319
2017-08-28,1.0,4.10599e-05,4.10599e-05
2017-08-29,1.0,0.0011447028,0.0011447028
2017-08-30,1.0,0.0047376207,0.0047376207
2017-08-31,1.0,0.0060163425,0.0060163425
2017-09-01,1.0,0.001413802,0.001413802
2017-09-04,1.0,0.0,0.0
2017-09-05,1.0,-0.0071819181,-0.0071819181
2017-09-06,1.0,0.0034137393,0.0034137393
2017-09-07,1.0,-0.0001214464,-0.0001214464
2017-09-08,1.0,-0.0011748552,-0.0011748552
2017-09-11,1.0,0.0106662355,0.0106662355
2017-09-12,1.0,0.003370309,0.003370309
2017-09-13,1.0,0.0004802246,0.0004802246
2017-09-14,1.0,-0.0003199961,-0.0003199961
2017-09-15,1.0,0.0013461036,0.0013461036
2017-09-18,1.0,0.0021270766,0.0021270766
2017-09-19,1.0,0.0010013659,0.0010013659
2017-09-20,1.0,0.0003598252,0.0003598252
2017-09-21,1.0,-0.0026794419,-0.0026794419
2017-09-22,1.0,0.0002006776,0.0002006776
2017-09-25,1.0,-0.0020447588,-0.0020447588
2017-09-26,1.0,0.0006024471,0.0006024471
2017-09-27,1.0,0.0038943627,0.0038943627
2017-09-28,1.0,0.001199845,0.001199845
2017-09-29,1.0,0.003515258,0.003515258
2017-10-02,1.0,0.0043387177,0.0043387177
2017-10-03,1.0,0.0021398771,0.0021398771
2017-10-04,1.0,0.0011866486,0.0011866486
2017-10-05,1.0,0.0059251125,0.0059251125
2017-10-06,1.0,-0.0011388194,-0.0011388194
2017-10-09,1.0,-0.0016510496,-0.0016510496
2017-10-10,1.0,0.0026380557,0.0026380557
2017-10-11,1.0,0.0015708748,0.0015708748
2017-10-12,1.0,-0.0014897759,-0.0014897759
2017-10-13,1.0,0.0012173884,0.0012173884
2017-10-16,1.0,0.0013334162,0.0013334162
2017-10-17,0.0,0.0,0.0007051984
2017-10-18,0.0,0.0,0.0009785555
2017-10-19,0.0,0.0,0.0002737902
2017-10-20,0.0,0.0,0.0051605076
2017-10-23,0.0,-0.0,-0.0038894574
2017-10-24,0.0,0.0,0.0017568084
2017-10-25,0.0,-0.0,-0.0049499518
2017-10-26,0.0,0.0,0.0012925007
2017-10-27,0.0,0.0,0.0081762684
2017-10-30,1.0,-0.0037250438,-0.0037250438
2017-10-31,0.0,0.0,0.0015579782
2017-11-01,1.0,0.0013220762,0.0013220762
2017-11-02,1.0,0.0003885945,0.0003885945
2017-11-03,1.0,0.0033386046,0.0033386046
2017-11-06,1.0,0.0015476629,0.0015476629
2017-11-07,1.0,-0.0006954325,-0.0006954325
2017-11-08,1.0,0.0017011292,0.0017011292
2017-11-09,1.0,-0.0036279246,-0.0036279246
2017-11-10,1.0,-0.0003098279,-0.0003098279
2017-11-13,0.0,0.0,0.0009298392
2017-11-14,0.0,-0.0,-0.0023225057
2017-11-15,0.0,-0.0,-0.0050054901
2017-11-16,0.0,0.0,0.0085012093
2017-11-17,0.0,-0.0,-0.0029387476
2017-11-20,0.0,0.0,0.0017063381
2017-11-21,1.0,0.006542805,0.006542805
2017-11-22,1.0,-0.0008845448,-0.0008845448
2017-11-23,1.0,0.0,0.0
2017-11-24,1.0,0.0023098537,0.0023098537
2017-11-27,1.0,-0.0004995107,-0.0004995107
2017-11-28,1.0,0.0101449886,0.0101449886
2017-11-29,1.0,-0.0006087089,-0.0006087089
2017-11-30,0.0,0.0,0.0087551889
2017-12-01,0.0,-0.0,-0.0020755723
2017-12-04,0.0,-0.0,-0.0012102297
2017-12-05,0.0,-0.0,-0.003596273
2017-12-06,0.0,0.0,0.0001898251
2017-12-07,1.0,0.0031528759,0.0031528759
2017-12-08,1.0,0.0054531565,0.0054531565
2017-12-11,1.0,0.0030130205,0.0030130205
2017-12-12,1.0,0.0017651485,0.0017651485
2017-12-13,1.0,-0.0001127533,-0.0001127533
2017-12-14,1.0,-0.0040858283,-0.0040858283
2017-12-15,1.0,0.0083270445,0.0083270445
2017-12-18,1.0,0.0063415677,0.0063415677
2017-12-19,1.0,-0.0038405919,-0.0038405919
2017-12-20,1.0,-0.0005244243,-0.0005244243
2017-12-21,1.0,0.0020600153,0.0020600153
2017-12-22,1.0,-0.000261552,-0.000261552
2017-12-25,1.0,0.0,0.0
2017-12-26,1.0,-0.0011962928,-0.0011962928
2017-12-27,1.0,0.0004865316,0.0004865316
2017-12-28,0.0,0.0,0.0020573272
2017-12-29,1.0,-0.0037700682,-0.0037700682
2018-01-01,0.0,0.0,0.0
2018-01-02,0.0,0.0,0.0071572088
2018-01-03,1.0,0.0063247796,0.0063247796
2018-01-04,1.0,0.0042151616,0.0042151616
2018-01-05,1.0,0.0066639317,0.0066639317
2018-01-08,1.0,0.0018288124,0.0018288124
2018-01-09,1.0,0.00226357,0.00226357
2018-01-10,1.0,-0.0015301566,-0.0015301566
2018-01-11,1.0,0.007296065,0.007296065
2018-01-12,1.0,0.0065190214,0.0065190214
2018-01-15,0.0,0.0,0.0
2018-01-16,0.0,-0.0,-0.0034184315
2018-01-17,0.0,0.0,0.0095315439
2018-01-18,0.0,-0.0,-0.0016805522
2018-01-19,0.0,0.0,0.0045499419
2018-01-22,0.0,0.0,0.0081304317
2018-01-23,0.0,0.0,0.0021227696
2018-01-24,0.0,-0.0,-0.0003884528
2018-01-25,0.0,0.0,0.0004237704
2018-01-26,0.0,0.0,0.0115778049
2018-01-29,1.0,-0.006629782,-0.006629782
2018-01-30,0.0,-0.0,-0.0102573103
2018-01-31,0.0,0.0,0.0004973302
2018-02-01,0.0,-0.0,-0.0011355939
2018-02-02,0.0,-0.0,-0.0217699106
2018-02-05,0.0,-0.0,-0.0418225527
2018-02-06,0.0,0.0,0.0197023647
2018-02-07,0.0,-0.0,-0.0054251109
2018-02-08,0.0,-0.0,-0.0375087876
2018-02-09,0.0,0.0,0.0150214018
2018-02-12,0.0,0.0,0.0146847859
2018-02-13,0.0,0.0,0.0024871495
2018-02-14,0.0,0.0,0.0134963799
2018-02-15,0.0,0.0,0.0127599971
2018-02-16,0.0,0.0,0.0002930584
2018-02-19,0.0,0.0,0.0
2018-02-20,0.0,-0.0,-0.0062610533
2018-02-21,0.0,-0.0,-0.0049740731
2018-02-22,0.0,0.0,0.0012957341
2018-02-23,0.0,0.0,0.0159395589
2018-02-26,0.0,0.0,0.0116120018
2018-02-27,0.0,-0.0,-0.0124865651
2018-02-28,0.0,-0.0,-0.0101300002
2018-03-01,0.0,-0.0,-0.0145404963
2018-03-02,0.0,0.0,0.0051548096
2018-03-05,0.0,0.0,0.0115583739
2018-03-06,0.0,0.0,0.0025346972
2018-03-07,0.0,-0.0,-0.0003667777
2018-03-08,1.0,0.0048393249,0.0048393249
2018-03-09,1.0,0.0174021429,0.0174021429
2018-03-12,1.0,-0.0012550016,-0.0012550016
2018-03-13,1.0,-0.0064625373,-0.0064625373
2018-03-14,1.0,-0.0051316084,-0.0051316084
2018-03-15,1.0,-0.001089656,-0.001089656
2018-03-16,1.0,0.0010839919,0.0010839919
2018-03-19,1.0,-0.0135303281,-0.0135303281
2018-03-20,0.0,0.0,0.0017007455
2018-03-21,0.0,-0.0,-0.0019189003
2018-03-22,1.0,-0.0249972301,-0.0249972301
2018-03-23,0.0,-0.0,-0.0213147725
2018-03-26,0.0,0.0,0.0273590148
2018-03-27,0.0,-0.0,-0.0170115166
2018-03-28,0.0,-0.0,-0.0029547702
2018-03-29,0.0,0.0,0.0127777072
2018-03-30,1.0,0.0,0.0
2018-04-02,1.0,-0.0215847459,-0.0215847459
2018-04-03,0.0,0.0,0.0128168446
2018-04-04,0.0,0.0,0.0106991419
2018-04-05,0.0,0.0,0.0078919282
2018-04-06,1.0,-0.0222858889,-0.0222858889
2018-04-09,0.0,0.0,0.0049285299
2018-04-10,0.0,0.0,0.0159001399
2018-04-11,0.0,-0.0,-0.0052418164
2018-04-12,0.0,0.0,0.0082269352
2018-04-13,1.0,-0.0029333648,-0.0029333648
2018-04-16,1.0,0.0082219986,0.0082219986
2018-04-17,1.0,0.0106987,0.0106987
2018-04-18,1.0,0.0007400701,0.0007400701
2018-04-19,1.0,-0.0055476309,-0.0055476309
2018-04-20,1.0,-0.0084793962,-0.0084793962
2018-04-23,1.0,-0.0001499757,-0.0001499757
2018-04-24,1.0,-0.0134671543,-0.0134671543
2018-04-25,1.0,0.0024713018,0.0024713018
2018-04-26,1.0,0.0101660746,0.0101660746
2018-04-27,1.0,0.0009386951,0.0009386951
2018-04-30,1.0,-0.0076905073,-0.0076905073
2018-05-01,1.0,0.0017767585,0.0017767585
2018-05-02,1.0,-0.0067173131,-0.0067173131
2018-05-03,1.0,-0.0022037381,-0.0022037381
2018-05-04,1.0,0.0129463364,0.0129463364
2018-05-07,1.0,0.0033832974,0.0033832974
2018-05-08,1.0,0.0,0.0
2018-05-09,1.0,0.0096655536,0.0096655536
2018-05-10,1.0,0.009350921,0.009350921
2018-05-11,1.0,0.0030510851,0.0030510851
2018-05-14,1.0,0.0004764317,0.0004764317
2018-05-15,1.0,-0.0068870868,-0.0068870868
2018-05-16,1.0,0.0042052324,0.0042052324
2018-05-17,1.0,-0.0008446848,-0.0008446848
2018-05-18,1.0,-0.0025003017,-0.0025003017
2018-05-21,1.0,0.007518818,0.007518818
2018-05-22,1.0,-0.0027801452,-0.0027801452
2018-05-23,1.0,0.0027512588,0.0027512588
2018-05-24,1.0,-0.0020487587,-0.0020487587
2018-05-25,1.0,-0.0023827218,-0.0023827218
2018-05-28,1.0,0.0,0.0
2018-05-29,1.0,-0.0115009789,-0.0115009789
2018-05-30,1.0,0.0133448288,0.0133448288
2018-05-31,1.0,-0.0061260437,-0.0061260437
2018-06-01,1.0,0.0098176847,0.0098176847
2018-06-04,1.0,0.0047516982,0.0047516982
2018-06-05,1.0,0.0007275155,0.0007275155
2018-06-06,1.0,0.0083604707,0.0083604707
2018-06-07,1.0,-0.0001081376,-0.0001081376
2018-06-08,1.0,0.002956413,0.002956413
2018-06-11,1.0,0.0013298688,0.0013298688
2018-06-12,1.0,0.0012924953,0.0012924953
2018-06-13,1.0,-0.0031909503,-0.0031909503
2018-06-14,1.0,0.0025178246,0.0025178246
2018-06-15,1.0,-0.0012756439,-0.0012756439
2018-06-18,1.0,-0.0020568255,-0.0020568255
2018-06-19,1.0,-0.0038331466,-0.0038331466
2018-06-20,1.0,0.0017058479,0.0017058479
2018-06-21,1.0,-0.0062683509,-0.0062683509
2018-06-22,1.0,0.0018232673,0.0018232673
2018-06-25,1.0,-0.0136132088,-0.0136132088
2018-06-26,1.0,0.0022143073,0.0022143073
2018-06-27,1.0,-0.0082844225,-0.0082844225
2018-06-28,1.0,0.0057175928,0.0057175928
2018-06-29,1.0,0.001439656,0.001439656
2018-07-02,1.0,0.0021380851,0.0021380851
2018-07-03,1.0,-0.0035314058,-0.0035314058
2018-07-04,1.0,0.0,0.0
2018-07-05,1.0,0.0081579408,0.0081579408
2018-07-06,1.0,0.0084582529,0.0084582529
2018-07-09,1.0,0.0090042684,0.0090042684
2018-07-10,1.0,0.0035985101,0.0035985101
2018-07-11,1.0,-0.0073144937,-0.0073144937
2018-07-12,1.0,0.0090659819,0.0090659819
2018-07-13,1.0,0.000787477,0.000787477
2018-07-16,1.0,-0.0008941589,-0.0008941589
2018-07-17,1.0,0.0040455125,0.0040455125
2018-07-18,1.0,0.0021031119,0.0021031119
2018-07-19,1.0,-0.0037708008,-0.0037708008
2018-07-20,1.0,-0.0011435059,-0.0011435059
2018-07-23,1.0,0.0018595198,0.0018595198
2018-07-24,1.0,0.0050321926,0.0050321926
2018-07-25,1.0,0.0085226079,0.0085226079
2018-07-26,1.0,-0.0023591456,-0.0023591456
2018-07-27,1.0,-0.0067764683,-0.0067764683
2018-07-30,1.0,-0.0052234019,-0.0052234019
2018-07-31,1.0,0.004929216,0.004929216
2018-08-01,1.0,-0.0016708024,-0.0016708024
2018-08-02,1.0,0.0054476951,0.0054476951
2018-08-03,1.0,0.0042852,0.0042852
2018-08-06,1.0,0.0036671487,0.0036671487
2018-08-07,1.0,0.0033020224,0.0033020224
2018-08-08,1.0,-0.0004199635,-0.0004199635
2018-08-09,1.0,-0.0013662956,-0.0013662956
2018-08-10,1.0,-0.0067003459,-0.0067003459
2018-08-13,1.0,-0.0037428354,-0.0037428354
2018-08-14,1.0,0.0063806842,0.0063806842
2018-08-15,1.0,-0.0074675434,-0.0074675434
2018-08-16,1.0,0.0080912905,0.0080912905
2018-08-17,1.0,0.003520172,0.003520172
2018-08-20,1.0,0.0021398513,0.0021398513
2018-08-21,1.0,0.0023455578,0.0023455578
2018-08-22,1.0,-0.0005936684,-0.0005936684
2018-08-23,1.0,-0.0013279211,-0.0013279211
2018-08-24,1.0,0.0060185919,0.0060185919
2018-08-27,1.0,0.0078950924,0.0078950924
2018-08-28,1.0,0.000483211,0.000483211
2018-08-29,1.0,0.0053808723,0.0053808723
2018-08-30,1.0,-0.0040480496,-0.0040480496
2018-08-31,1.0,3.38964e-05,3.38964e-05
2018-09-03,1.0,0.0,0.0
2018-09-04,1.0,-0.0017221646,-0.0017221646
2018-09-05,1.0,-0.0026915759,-0.0026915759
2018-09-06,1.0,-0.0030101123,-0.0030101123
2018-09-07,1.0,-0.0019428778,-0.0019428778
2018-09-10,1.0,0.0017382723,0.0017382723
2018-09-11,1.0,0.0032977122,0.0032977122
2018-09-12,1.0,0.0002418598,0.0002418598
2018-09-13,1.0,0.0059144666,0.0059144666
2018-09-14,1.0,0.0001721207,0.0001721207
2018-09-17,1.0,-0.0052943949,-0.0052943949
2018-09-18,1.0,0.0054262604,0.0054262604
2018-09-19,1.0,0.0010657941,0.0010657941
2018-09-20,1.0,0.0081035617,0.0081035617
2018-09-21,1.0,-0.000913388,-0.000913388
2018-09-24,1.0,-0.0033221096,-0.0033221096
2018-09-25,1.0,-0.0009277085,-0.0009277085
2018-09-26,1.0,-0.0029923196,-0.0029923196
2018-09-27,1.0,0.0027939529,0.0027939529
2018-09-28,1.0,0.0001034437,0.0001034437
2018-10-01,1.0,0.0034741027,0.0034741027
2018-10-02,1.0,-0.0005827649,-0.0005827649
2018-10-03,1.0,0.0005488044,0.0005488044
2018-10-04,1.0,-0.0078155887,-0.0078155887
2018-10-05,1.0,-0.0055969898,-0.0055969898
2018-10-08,0.0,0.0,0.0
2018-10-09,0.0,-0.0,-0.0014594496
2018-10-10,0.0,-0.0,-0.0316632115
2018-10-11,0.0,-0.0,-0.0220264163
2018-10-12,0.0,0.0,0.0138880659
2018-10-15,0.0,-0.0,-0.0056165492
2018-10-16,0.0,0.0,0.0218658656
2018-10-17,0.0,0.0,0.0001782054
2018-10-18,0.0,-0.0,-0.0144407695
2018-10-19,0.0,-0.0,-0.0005430939
2018-10-22,0.0,-0.0,-0.0044885196
2018-10-23,0.0,-0.0,-0.0050909608
2018-10-24,0.0,-0.0,-0.0302983278
2018-10-25,0.0,0.0,0.0179404947
2018-10-26,0.0,-0.0,-0.0175873408
2018-10-29,0.0,-0.0,-0.0055403387
2018-10-30,0.0,0.0,0.0148185594
2018-10-31,0.0,0.0,0.0106807978
2018-11-01,0.0,0.0,0.0106416407
2018-11-02,0.0,-0.0,-0.0059228507
2018-11-05,0.0,0.0,0.0055171356
2018-11-06,0.0,0.0,0.0063279524
2018-11-07,0.0,0.0,0.0214086047
2018-11-08,1.0,-0.0018148065,-0.0018148065
2018-11-09,1.0,-0.0097684186,-0.0097684186
2018-11-12,1.0,-0.0186851897,-0.0186851897
2018-11-13,0.0,-0.0,-0.0018710639
2018-11-14,0.0,-0.0,-0.0068365649
2018-11-15,0.0,0.0,0.0104366943
2018-11-16,0.0,0.0,0.0026006322
2018-11-19,1.0,-0.0169147832,-0.0169147832
2018-11-20,1.0,-0.0185060803,-0.0185060803
2018-11-21,0.0,0.0,0.003407678
2018-11-22,1.0,0.0,0.0
2018-11-23,1.0,-0.0066788759,-0.0066788759
2018-11-26,0.0,0.0,0.016144457
2018-11-27,1.0,0.0033644923,0.0033644923
2018-11-28,1.0,0.0230249077,0.0230249077
2018-11-29,1.0,-0.0021848497,-0.0021848497
2018-11-30,1.0,0.0060954451,0.0060954451
2018-12-03,1.0,0.0132414025,0.0132414025
2018-12-04,1.0,-0.032402384,-0.032402384
2018-12-05,0.0,0.0,0.0
2018-12-06,0.0,-0.0,-0.0015170134
2018-12-07,0.0,-0.0,-0.0232358361
2018-12-10,0.0,0.0,0.0018966869
2018-12-11,0.0,0.0,0.0002271612
2018-12-12,1.0,0.0050355018,0.0050355018
2018-12-13,1.0,-0.0003391183,-0.0003391183
2018-12-14,1.0,-0.0184646497,-0.0184646497
2018-12-17,1.0,-0.0196183545,-0.0196183545
2018-12-18,0.0,-0.0,-0.0010964887
2018-12-19,0.0,-0.0,-0.0149757697
2018-12-20,0.0,-0.0,-0.0162779645
2018-12-21,0.0,-0.0,-0.0204895138
2018-12-24,0.0,-0.0,-0.0264229758
2018-12-25,0.0,0.0,0.0
2018-12-26,0.0,0.0,0.050524613
2018-12-27,0.0,0.0,0.007677572
2018-12-28,0.0,-0.0,-0.0012899998
2018-12-31,0.0,0.0,0.0087588939
2019-01-01,0.0,0.0,0.0
2019-01-02,0.0,0.0,0.0010402601
2019-01-03,1.0,-0.0238628693,-0.0238628693
2019-01-04,1.0,0.0334958427,0.0334958427
2019-01-07,1.0,0.0078847515,0.0078847515
2019-01-08,1.0,0.0093953526,0.0093953526
2019-01-09,1.0,0.0046735428,0.0046735428
2019-01-10,1.0,0.0035273275,0.0035273275
2019-01-11,1.0,0.0003864843,0.0003864843
2019-01-14,1.0,-0.0061008427,-0.0061008427
2019-01-15,1.0,0.0114605433,0.0114605433
2019-01-16,1.0,0.0024198583,0.0024198583
2019-01-17,1.0,0.0075868726,0.0075868726
2019-01-18,1.0,0.0133099057,0.0133099057
2019-01-21,1.0,0.0,0.0
2019-01-22,1.0,-0.013510378,-0.013510378
2019-01-23,1.0,0.0020922841,0.0020922841
2019-01-24,1.0,0.0005314636,0.0005314636
2019-01-25,1.0,0.0084613035,0.0084613035
2019-01-28,1.0,-0.0075999366,-0.0075999366
2019-01-29,1.0,-0.001327185,-0.001327185
2019-01-30,1.0,0.0158306062,0.0158306062
2019-01-31,1.0,0.0087828004,0.0087828004
2019-02-01,1.0,0.000481604,0.000481604
2019-02-04,1.0,0.0070350577,0.0070350577
2019-02-05,1.0,0.0041924078,0.0041924078
2019-02-06,1.0,-0.001318512,-0.001318512
2019-02-07,1.0,-0.0095330922,-0.0095330922
2019-02-08,1.0,0.001221791,0.001221791
2019-02-11,1.0,0.0005545393,0.0005545393
2019-02-12,1.0,0.0128594349,0.0128594349
2019-02-13,1.0,0.0032468367,0.0032468367
2019-02-14,1.0,-0.0022181004,-0.0022181004
2019-02-15,1.0,0.0108971202,0.0108971202
2019-02-18,1.0,0.0,0.0
2019-02-19,1.0,0.0017305654,0.0017305654
2019-02-20,1.0,0.002015617,0.002015617
2019-02-21,1.0,-0.0035560071,-0.0035560071
2019-02-22,1.0,0.0061999474,0.0061999474
2019-02-25,1.0,0.0013612804,0.0013612804
2019-02-26,1.0,-0.000715467,-0.000715467
2019-02-27,1.0,-0.0004295147,-0.0004295147
2019-02-28,1.0,-0.0018623339,-0.0018623339
2019-03-01,1.0,0.006243634,0.006243634
2019-03-04,1.0,-0.0036374908,-0.0036374908
2019-03-05,1.0,-0.0013602565,-0.0013602565
2019-03-06,1.0,-0.0060565216,-0.0060565216
2019-03-07,1.0,-0.0083656139,-0.0083656139
2019-03-08,1.0,-0.0020002168,-0.0020002168
2019-03-11,1.0,0.0145013187,0.0145013187
2019-03-12,1.0,0.0037709084,0.0037709084
2019-03-13,1.0,0.0066194033,0.0066194033
2019-03-14,1.0,-0.0006395557,-0.0006395557
2019-03-15,1.0,0.0049403728,0.0049403728
2019-03-18,1.0,0.0036258743,0.0036258743
2019-03-19,1.0,0.0002481232,0.0002481232
2019-03-20,1.0,-0.0030099387,-0.0030099387
2019-03-21,1.0,0.0112945128,0.0112945128
2019-03-22,1.0,-0.0192463062,-0.0192463062
2019-03-25,1.0,-0.0007519748,-0.0007519748
2019-03-26,1.0,0.0074540939,0.0074540939
2019-03-27,1.0,-0.0052291093,-0.0052291093
2019-03-28,1.0,0.0037906185,0.0037906185
2019-03-29,1.0,0.0063053138,0.0063053138
2019-04-01,1.0,0.0118592184,0.0118592184
2019-04-02,1.0,0.0004898153,0.0004898153
2019-04-03,1.0,0.0015736355,0.0015736355
2019-04-04,1.0,0.0026532839,0.0026532839
2019-04-05,1.0,0.0048406584,0.0048406584
2019-04-08,1.0,0.0007618156,0.0007618156
2019-04-09,1.0,-0.0051246241,-0.0051246241
2019-04-10,1.0,0.0034108097,0.0034108097
2019-04-11,1.0,-0.0002775061,-0.0002775061
2019-04-12,1.0,0.0067659722,0.0067659722
2019-04-15,1.0,-0.000654713,-0.000654713
2019-04-16,1.0,0.0006551419,0.0006551419
2019-04-17,1.0,-0.0024465285,-0.0024465285
2019-04-18,1.0,0.0019687227,0.0019687227
2019-04-19,1.0,0.0,0.0
2019-04-22,1.0,0.0008622667,0.0008622667
2019-04-23,1.0,0.0089916458,0.0089916458
2019-04-24,1.0,-0.0022192853,-0.0022192853
2019-04-25,1.0,-0.0006165483,-0.0006165483
2019-04-26,1.0,0.0046574472,0.0046574472
2019-04-29,1.0,0.0015675851,0.0015675851
2019-04-30,1.0,0.000510329,0.000510329
2019-05-01,1.0,-0.0075168203,-0.0075168203
2019-05-02,1.0,-0.0021586527,-0.0021586527
2019-05-03,1.0,0.0097878018,0.0097878018
2019-05-06,1.0,-0.0041152263,-0.0041152263
2019-05-07,1.0,-0.0166997991,-0.0166997991
2019-05-08,0.0,-0.0,-0.0013890308
2019-05-09,0.0,-0.0,-0.003025738
2019-05-10,0.0,0.0,0.0050232766
2019-05-13,1.0,-0.0251302782,-0.0251302782
2019-05-14,0.0,0.0,0.009043845
2019-05-15,1.0,0.0058573103,0.0058573103
2019-05-16,1.0,0.0092613487,0.0092613487
2019-05-17,1.0,-0.0064651303,-0.0064651303
2019-05-20,1.0,-0.0066119205,-0.0066119205
2019-05-21,1.0,0.0090155648,0.0090155648
2019-05-22,1.0,-0.0030714136,-0.0030714136
2019-05-23,1.0,-0.0122185893,-0.0122185893
2019-05-24,1.0,0.0022681411,0.0022681411
2019-05-27,1.0,0.0,0.0
2019-05-28,1.0,-0.009300299,-0.009300299
2019-05-29,1.0,-0.0067108169,-0.0067108169
2019-05-30,1.0,0.0027313581,0.0027313581
2019-05-31,1.0,-0.0134755061,-0.0134755061
2019-06-03,1.0,-0.0025428449,-0.0025428449
2019-06-04,0.0,0.0,0.0217066583
2019-06-05,1.0,0.0086617543,0.0086617543
2019-06-06,1.0,0.0065028699,0.0065028699
2019-06-07,1.0,0.0100071852,0.0100071852
2019-06-10,1.0,0.0045891559,0.0045891559
2019-06-11,1.0,-0.000242714,-0.000242714
2019-06-12,1.0,-0.0017650156,-0.0017650156
2019-06-13,1.0,0.0041263546,0.0041263546
2019-06-14,1.0,-0.0011049628,-0.0011049628
2019-06-17,1.0,0.0003801745,0.0003801745
2019-06-18,1.0,0.0104708484,0.0104708484
2019-06-19,1.0,0.0022570142,0.0022570142
2019-06-20,1.0,0.009554512,0.009554512
2019-06-21,1.0,-0.0014534309,-0.0014534309
2019-06-24,1.0,-0.0012247724,-0.0012247724
2019-06-25,1.0,-0.0098074463,-0.0098074463
2019-06-26,1.0,-0.0009976739,-0.0009976739
2019-06-27,1.0,0.0035460435,0.0035460435
2019-06-28,1.0,0.0051460625,0.0051460625
2019-07-01,1.0,0.0090785257,0.0090785257
2019-07-02,1.0,0.0026038628,0.0026038628
2019-07-03,1.0,0.0079953443,0.0079953443
2019-07-04,1.0,0.0,0.0
2019-07-05,1.0,-0.0011379224,-0.0011379224
2019-07-08,1.0,-0.0054949029,-0.0054949029
2019-07-09,1.0,0.0012465513,0.0012465513
2019-07-10,1.0,0.0047780598,0.0047780598
2019-07-11,1.0,0.0023445108,0.0023445108
2019-07-12,1.0,0.0044765356,0.0044765356
2019-07-15,1.0,0.0003328013,0.0003328013
2019-07-16,1.0,-0.0032252879,-0.0032252879
2019-07-17,1.0,-0.0068049909,-0.0068049909
2019-07-18,1.0,0.0036610232,0.0036610232
2019-07-19,1.0,-0.0055551543,-0.0055551543
2019-07-22,1.0,0.0024565644,0.0024565644
2019-07-23,1.0,0.0071499512,0.0071499512
2019-07-24,1.0,0.0046995506,0.0046995506
2019-07-25,1.0,-0.0047768346,-0.0047768346
2019-07-26,1.0,0.0066993599,0.0066993599
2019-07-29,1.0,-0.0018208293,-0.0018208293
2019-07-30,1.0,-0.0024546182,-0.0024546182
2019-07-31,1.0,-0.0109405318,-0.0109405318
2019-08-01,0.0,-0.0,-0.0087076255
2019-08-02,0.0,-0.0,-0.007529534
2019-08-05,0.0,-0.0,-0.0300731768
2019-08-06,0.0,0.0,0.0140230098
2019-08-07,0.0,0.0,0.0005908827
2019-08-08,0.0,0.0,0.0196198938
2019-08-09,1.0,-0.0068118372,-0.0068118372
2019-08-12,0.0,-0.0,-0.0121730184
2019-08-13,0.0,0.0,0.0155515116
2019-08-14,1.0,-0.0295677006,-0.0295677006
2019-08-15,0.0,0.0,0.0026418527
2019-08-16,0.0,0.0,0.0147549449
2019-08-19,1.0,0.0120479978,0.0120479978
2019-08-20,1.0,-0.0076628463,-0.0076628463
2019-08-21,1.0,0.0081355474,0.0081355474
2019-08-22,1.0,-0.0003077585,-0.0003077585
2019-08-23,1.0,-0.0256872878,-0.0256872878
2019-08-26,0.0,0.0,0.0110581111
2019-08-27,0.0,-0.0,-0.0039235253
2019-08-28,0.0,0.0,0.0070420885
2019-08-29,1.0,0.0127725372,0.0127725372
2019-08-30,1.0,-0.000444368,-0.000444368
2019-09-02,0.0,0.0,0.0
2019-09-03,1.0,-0.0058470664,-0.0058470664
2019-09-04,0.0,0.0,0.0113505388
2019-09-05,1.0,0.0128552714,0.0128552714
2019-09-06,1.0,0.0007724003,0.0007724003
2019-09-09,1.0,0.0005031053,0.0005031053
2019-09-10,1.0,-0.0002342886,-0.0002342886
2019-09-11,1.0,0.0071103743,0.0071103743
2019-09-12,1.0,0.0034640203,0.0034640203
2019-09-13,1.0,-0.0006638538,-0.0006638538
2019-09-16,1.0,-0.0030889877,-0.0030889877
2019-09-17,1.0,0.0025323437,0.0025323437
2019-09-18,1.0,0.0005977449,0.0005977449
2019-09-19,1.0,-6.62151e-05,-6.62151e-05
2019-09-20,1.0,-0.0047251482,-0.0047251482
2019-09-23,1.0,-0.0002346078,-0.0002346078
2019-09-24,1.0,-0.0078466708,-0.0078466708
2019-09-25,1.0,0.0059151164,0.0059151164
2019-09-26,1.0,-0.0020835411,-0.0020835411
2019-09-27,1.0,-0.0053872307,-0.0053872307
2019-09-30,1.0,0.0046377495,0.0046377495
2019-10-01,1.0,-0.0118948341,-0.0118948341
2019-10-02,1.0,-0.0176648385,-0.0176648385
2019-10-03,0.0,0.0,0.008193095
2019-10-04,1.0,0.013532205,0.013532205
2019-10-07,1.0,-0.0043143389,-0.0043143389
2019-10-08,1.0,-0.0155250842,-0.0155250842
2019-10-09,0.0,0.0,0.0094962348
2019-10-10,1.0,0.0067634209,0.0067634209
2019-10-11,1.0,0.0103673162,0.0103673162
2019-10-14,1.0,-0.0011143125,-0.0011143125
2019-10-15,1.0,0.0099007964,0.0099007964
2019-10-16,1.0,-0.0016060365,-0.0016060365
2019-10-17,1.0,0.0029490807,0.0029490807
2019-10-18,1.0,-0.004376787,-0.004376787
2019-10-21,1.0,0.0067788002,0.0067788002
2019-10-22,1.0,-0.0032666774,-0.0032666774
2019-10-23,1.0,0.0029094866,0.0029094866
2019-10-24,1.0,0.0016341611,0.0016341611
2019-10-25,1.0,0.0040946145,0.0040946145
2019-10-28,1.0,0.0056365135,0.0056365135
2019-10-29,1.0,-0.0002965987,-0.0002965987
2019-10-30,1.0,0.0030675287,0.0030675287
2019-10-31,1.0,-0.002663335,-0.002663335
2019-11-01,1.0,0.0092638176,0.0092638176
2019-11-04,1.0,0.0040176597,0.0040176597
2019-11-05,1.0,-0.0011061188,-0.0011061188
2019-11-06,1.0,0.0002278126,0.0002278126
2019-11-07,1.0,0.003516887,0.003516887
2019-11-08,1.0,0.0024662898,0.0024662898
2019-11-11,1.0,-0.001909811,-0.001909811
2019-11-12,1.0,0.0021077423,0.0021077423
2019-11-13,1.0,0.0003236193,0.0003236193
2019-11-14,1.0,0.0014558159,0.0014558159
2019-11-15,1.0,0.0072361718,0.0072361718
2019-11-18,1.0,0.0007379432,0.0007379432
2019-11-19,1.0,-0.0002883096,-0.0002883096
2019-11-20,1.0,-0.0037190651,-0.0037190651
2019-11-21,1.0,-0.0016088808,-0.0016088808
2019-11-22,1.0,0.0022238119,0.0022238119
2019-11-25,1.0,0.0077505197,0.0077505197
2019-11-26,1.0,0.0022653559,0.0022653559
2019-11-27,1.0,0.0044576042,0.0044576042
2019-11-28,1.0,0.0,0.0
2019-11-29,1.0,-0.0037084043,-0.0037084043
2019-12-02,1.0,-0.0084950198,-0.0084950198
2019-12-03,1.0,-0.0067065401,-0.0067065401
2019-12-04,0.0,0.0,0.0061703849
2019-12-05,1.0,0.0017979758,0.0017979758
2019-12-06,1.0,0.0091342023,0.0091342023
2019-12-09,1.0,-0.0031442941,-0.0031442941
2019-12-10,0.0,-0.0,-0.0011150576
2019-12-11,0.0,0.0,0.0028386827
2019-12-12,1.0,0.0086191371,0.0086191371
2019-12-13,1.0,0.0005989869,0.0005989869
2019-12-16,1.0,0.0068701982,0.0068701982
2019-12-17,1.0,0.0002186069,0.0002186069
2019-12-18,1.0,6.28344e-05,6.28344e-05
2019-12-19,1.0,0.0040989559,0.0040989559
2019-12-20,1.0,0.0043843512,0.0043843512
2019-12-23,1.0,0.0015276167,0.0015276167
2019-12-24,1.0,3.11029e-05,3.11029e-05
2019-12-25,1.0,0.0,0.0
2019-12-26,1.0,0.005323201,0.005323201
2019-12-27,1.0,-0.0002476012,-0.0002476012
2019-12-30,1.0,-0.0055134561,-0.0055134561
2019-12-31,0.0,0.0,0.0024294709
2020-01-01,1.0,0.0,0.0
2020-01-02,1.0,0.009351845,0.009351845
2020-01-03,1.0,-0.0075720151,-0.0075720151
2020-01-06,1.0,0.0038148424,0.0038148424
2020-01-07,1.0,-0.0028115677,-0.0028115677
2020-01-08,1.0,0.0053295191,0.0053295191
2020-01-09,1.0,0.0067804717,0.0067804717
2020-01-10,1.0,-0.0028773156,-0.0028773156
2020-01-13,1.0,0.0068769372,0.0068769372
2020-01-14,1.0,-0.001524755,-0.001524755
2020-01-15,1.0,0.0022599614,0.0022599614
2020-01-16,1.0,0.0083185772,0.0083185772
2020-01-17,1.0,0.0031124118,0.0031124118
2020-01-20,1.0,0.0,0.0
2020-01-21,1.0,-0.0019580452,-0.0019580452
2020-01-22,1.0,0.0001207269,0.0001207269
2020-01-23,1.0,0.0011469174,0.0011469174
2020-01-24,1.0,-0.0088933607,-0.0088933607
2020-01-27,0.0,-0.0,-0.0160291042
2020-01-28,0.0,0.0,0.0104789402
2020-01-29,0.0,-0.0,-0.0008259255
2020-01-30,0.0,0.0,0.0032454595
2020-01-31,0.0,-0.0,-0.0181580584
2020-02-03,0.0,0.0,0.0074288505
2020-02-04,0.0,0.0,0.0152410248
2020-02-05,0.0,0.0,0.0115479341
2020-02-06,0.0,0.0,0.0033647099
2020-02-07,0.0,-0.0,-0.0053293857
2020-02-10,0.0,0.0,0.0074652871
2020-02-11,0.0,0.0,0.0017332087
2020-02-12,0.0,0.0,0.0064425433
2020-02-13,0.0,-0.0,-0.0010669331
2020-02-14,0.0,0.0,0.0016023066
2020-02-17,0.0,0.0,0.0
2020-02-18,0.0,-0.0,-0.0025772273
2020-02-19,0.0,0.0,0.0047812682
2020-02-20,0.0,-0.0,-0.0041082856
2020-02-21,0.0,-0.0,-0.0102980599
2020-02-24,0.0,-0.0,-0.0331654007
2020-02-25,0.0,-0.0,-0.030302326
2020-02-26,0.0,-0.0,-0.0036782873
2020-02-27,0.0,-0.0,-0.0449117996
2020-02-28,0.0,-0.0,-0.0042014008
2020-03-02,0.0,0.0,0.0433067264
2020-03-03,0.0,-0.0,-0.0286326001
2020-03-04,0.0,0.0,0.042033182
2020-03-05,0.0,-0.0,-0.0332418175
2020-03-06,0.0,-0.0,-0.0165311141
2020-03-09,0.0,-0.0,-0.0780942099
2020-03-10,0.0,0.0,0.051744717
2020-03-11,0.0,-0.0,-0.0487485542
2020-03-12,0.0,-0.0,-0.0956771384
2020-03-13,0.0,0.0,0.0854863309
2020-03-16,0.0,-0.0,-0.1094236797
2020-03-17,0.0,0.0,0.0539919623
2020-03-18,0.0,-0.0,-0.0506328872
2020-03-19,0.0,0.0,0.0021247956
2020-03-20,0.0,-0.0,-0.0430939943
2020-03-23,0.0,-0.0,-0.0255682229
2020-03-24,0.0,0.0,0.0906031794
2020-03-25,0.0,0.0,0.0149703285
2020-03-26,0.0,0.0,0.0583896311
2020-03-27,0.0,-0.0,-0.029785813
2020-03-30,0.0,0.0,0.0324760469
2020-03-31,0.0,-0.0,-0.0149054106
2020-04-01,0.0,-0.0,-0.045004973
2020-04-02,0.0,0.0,0.0230754249
2020-04-03,0.0,-0.0,-0.014454006
2020-04-06,1.0,0.0671660537,0.0671660537
2020-04-07,1.0,0.0010195226,0.0010195226
2020-04-08,1.0,0.0335684593,0.0335684593
2020-04-09,1.0,0.0152171239,0.0152171239
2020-04-10,1.0,0.0,0.0
2020-04-13,1.0,-0.0091297568,-0.0091297568
2020-04-14,1.0,0.0294924543,0.0294924543
2020-04-15,1.0,-0.0212481172,-0.0212481172
2020-04-16,1.0,0.0048246292,0.0048246292
2020-04-17,1.0,0.0270152928,0.0270152928
2020-04-20,1.0,-0.0176180278,-0.0176180278
2020-04-21,1.0,-0.0303634216,-0.0303634216
2020-04-22,1.0,0.0221949123,0.0221949123
2020-04-23,1.0,-7.18867e-05,-7.18867e-05
2020-04-24,1.0,0.0139387232,0.0139387232
2020-04-27,1.0,0.0144181161,0.0144181161
2020-04-28,1.0,-0.0045983608,-0.0045983608
2020-04-29,1.0,0.0261787184,0.0261787184
2020-04-30,1.0,-0.0093106394,-0.0093106394
2020-05-01,1.0,-0.0264734776,-0.0264734776
2020-05-04,1.0,0.0027585706,0.0027585706
2020-05-05,1.0,0.0092389417,0.0092389417
2020-05-06,1.0,-0.0067789802,-0.0067789802
2020-05-07,1.0,0.0120672415,0.0120672415
2020-05-08,1.0,0.0165459442,0.0165459442
2020-05-11,1.0,0.0002053698,0.0002053698
2020-05-12,1.0,-0.0199318344,-0.0199318344
2020-05-13,1.0,-0.0176857148,-0.0176857148
2020-05-14,1.0,0.0119676391,0.0119676391
2020-05-15,1.0,0.0045967185,0.0045967185
2020-05-18,1.0,0.0304595045,0.0304595045
2020-05-19,1.0,-0.0102710734,-0.0102710734
2020-05-20,1.0,0.0169880839,0.0169880839
2020-05-21,1.0,-0.0069039693,-0.0069039693
2020-05-22,1.0,0.0018988281,0.0018988281
2020-05-25,1.0,0.0,0.0
2020-05-26,1.0,0.0123206721,0.0123206721
2020-05-27,1.0,0.0148790029,0.0148790029
2020-05-28,1.0,-0.0018447156,-0.0018447156
2020-05-29,1.0,0.0044556288,0.0044556288
2020-06-01,1.0,0.004041703,0.004041703
2020-06-02,1.0,0.0082803652,0.0082803652
2020-06-03,1.0,0.0133082034,0.0133082034
2020-06-04,1.0,-0.0026267691,-0.0026267691
2020-06-05,1.0,0.0256296424,0.0256296424
2020-06-08,1.0,0.0120873977,0.0120873977
2020-06-09,1.0,-0.0074566259,-0.0074566259
2020-06-10,1.0,-0.0055798606,-0.0055798606
2020-06-11,1.0,-0.0576491061,-0.0576491061
2020-06-12,1.0,0.0119757294,0.0119757294
2020-06-15,1.0,0.0093358448,0.0093358448
2020-06-16,1.0,0.0192475197,0.0192475197
2020-06-17,1.0,-0.0041538686,-0.0041538686
2020-06-18,1.0,0.0003848781,0.0003848781
2020-06-19,1.0,-0.0057146698,-0.0057146698
2020-06-22,1.0,0.0064149166,0.0064149166
2020-06-23,1.0,0.0046037239,0.0046037239
2020-06-24,1.0,-0.0255085684,-0.0255085684
2020-06-25,1.0,0.0107202674,0.0107202674
2020-06-26,1.0,-0.0237514022,-0.0237514022
2020-06-29,1.0,0.014697811,0.014697811
2020-06-30,1.0,0.0128094723,0.0128094723
2020-07-01,1.0,0.0070048353,0.0070048353
2020-07-02,1.0,0.0055068842,0.0055068842
2020-07-03,1.0,0.0,0.0
2020-07-06,1.0,0.0154373615,0.0154373615
2020-07-07,1.0,-0.0103139751,-0.0103139751
2020-07-08,1.0,0.0076488275,0.0076488275
2020-07-09,1.0,-0.0056932317,-0.0056932317
2020-07-10,1.0,0.0102108488,0.0102108488
2020-07-13,1.0,-0.0086590219,-0.0086590219
2020-07-14,1.0,0.0129592272,0.0129592272
2020-07-15,1.0,0.0091871445,0.0091871445
2020-07-16,1.0,-0.0032934494,-0.0032934494
2020-07-17,1.0,0.0028987533,0.0028987533
2020-07-20,1.0,0.0080815739,0.0080815739
2020-07-21,1.0,0.002127788,0.002127788
2020-07-22,1.0,0.0056922099,0.0056922099
2020-07-23,1.0,-0.0119317279,-0.0119317279
2020-07-24,1.0,-0.0064404541,-0.0064404541
2020-07-27,1.0,0.0072924136,0.0072924136
2020-07-28,1.0,-0.0063423666,-0.0063423666
2020-07-29,1.0,0.0122985051,0.0122985051
2020-07-30,1.0,-0.0035680372,-0.0035680372
2020-07-31,1.0,0.007902373,0.007902373
2020-08-03,1.0,0.0069521295,0.0069521295
2020-08-04,1.0,0.0038627643,0.0038627643
2020-08-05,1.0,0.0062109308,0.0062109308
2020-08-06,1.0,0.0066843458,0.0066843458
2020-08-07,1.0,0.0007180656,0.0007180656
2020-08-10,1.0,0.0029888241,0.0029888241
2020-08-11,1.0,-0.0082545959,-0.0082545959
2020-08-12,1.0,0.013942295,0.013942295
2020-08-13,1.0,-0.0018078756,-0.0018078756
2020-08-14,1.0,2.95546e-05,2.95546e-05
2020-08-17,1.0,0.0031770273,0.0031770273
2020-08-18,1.0,0.0021601506,0.0021601506
2020-08-19,1.0,-0.0041634216,-0.0041634216
2020-08-20,1.0,0.0031134326,0.0031134326
2020-08-21,1.0,0.0035474293,0.0035474293
2020-08-24,1.0,0.0101331558,0.0101331558
2020-08-25,1.0,0.003499237,0.003499237
2020-08-26,1.0,0.0100257406,0.0100257406
2020-08-27,1.0,0.0021863221,0.0021863221
2020-08-28,1.0,0.0064593941,0.0064593941
2020-08-31,1.0,-0.0036225837,-0.0036225837
2020-09-01,1.0,0.0094187256,0.0094187256
2020-09-02,1.0,0.0144637851,0.0144637851
2020-09-03,1.0,-0.0344142253,-0.0344142253
2020-09-04,1.0,-0.0081646832,-0.0081646832
2020-09-07,1.0,0.0,0.0
2020-09-08,1.0,-0.0273227677,-0.0273227677
2020-09-09,1.0,0.0197472378,0.0197472378
2020-09-10,1.0,-0.0173636074,-0.0173636074
2020-09-11,1.0,0.0005088269,0.0005088269
2020-09-14,1.0,0.0131715586,0.0131715586
2020-09-15,1.0,0.0050522891,0.0050522891
2020-09-16,1.0,-0.0039686243,-0.0039686243
2020-09-17,1.0,-0.0087952397,-0.0087952397
2020-09-18,1.0,-0.0115126726,-0.0115126726
2020-09-21,1.0,-0.0111295325,-0.0111295325
2020-09-22,1.0,0.0101843998,0.0101843998
2020-09-23,1.0,-0.0231908666,-0.0231908666
2020-09-24,1.0,0.0026652898,0.0026652898
2020-09-25,1.0,0.0161670252,0.0161670252
2020-09-28,1.0,0.0166091323,0.0166091323
2020-09-29,1.0,-0.0054460891,-0.0054460891
2020-09-30,1.0,0.0075823123,0.0075823123
2020-10-01,1.0,0.0064197836,0.0064197836
2020-10-02,1.0,-0.0094941675,-0.0094941675
2020-10-05,1.0,0.0177330182,0.0177330182
2020-10-06,1.0,-0.0142160425,-0.0142160425
2020-10-07,0.0,0.0,0.0174066219
2020-10-08,1.0,0.0088626268,0.0088626268
2020-10-09,1.0,0.008930125,0.008930125
2020-10-12,1.0,0.0160874153,0.0160874153
2020-10-13,1.0,-0.006526107,-0.006526107
2020-10-14,0.0,-0.0,-0.0062829778
2020-10-15,0.0,-0.0,-0.0012362506
2020-10-16,0.0,-0.0,-0.0006041988
2020-10-19,0.0,-0.0,-0.0152035334
2020-10-20,0.0,0.0,0.004005837
2020-10-21,0.0,-0.0,-0.0018928598
2020-10-22,0.0,0.0,0.0054853055
2020-10-23,0.0,0.0,0.0033951199
2020-10-26,0.0,-0.0,-0.0184800849
2020-10-27,0.0,-0.0,-0.003447049
2020-10-28,0.0,-0.0,-0.0341791069
2020-10-29,0.0,0.0,0.0101635105
2020-10-30,0.0,-0.0,-0.0104249114
2020-11-02,0.0,0.0,0.0112080805
2020-11-03,0.0,0.0,0.0176561701
2020-11-04,0.0,0.0,0.0223491994
2020-11-05,0.0,0.0,0.0195028503
2020-11-06,0.0,-0.0,-0.0002282587
2020-11-09,1.0,0.0125656265,0.0125656265
2020-11-10,0.0,-0.0,-0.0014668541
2020-11-11,1.0,0.0074288765,0.0074288765
2020-11-12,1.0,-0.0097010467,-0.0097010467
2020-11-13,1.0,0.0138446254,0.0138446254
2020-11-16,1.0,0.0124823911,0.0124823911
2020-11-17,1.0,-0.0053782973,-0.0053782973
2020-11-18,1.0,-0.0120345474,-0.0120345474
2020-11-19,1.0,0.0042099426,0.0042099426
2020-11-20,1.0,-0.0068477947,-0.0068477947
2020-11-23,1.0,0.0059944077,0.0059944077
2020-11-24,1.0,0.0161138834,0.0161138834
2020-11-25,1.0,-0.0015419768,-0.0015419768
2020-11-26,1.0,0.0,0.0
2020-11-27,1.0,0.0027852584,0.0027852584
2020-11-30,1.0,-0.0044271895,-0.0044271895
2020-12-01,1.0,0.0109372365,0.0109372365
2020-12-02,1.0,0.0021038085,0.0021038085
2020-12-03,1.0,-0.0002726506,-0.0002726506
2020-12-04,1.0,0.0086176972,0.0086176972
2020-12-07,1.0,-0.0020549471,-0.0020549471
2020-12-08,1.0,0.0029262059,0.0029262059
2020-12-09,1.0,-0.0089690625,-0.0089690625
2020-12-10,1.0,-0.0003270199,-0.0003270199
2020-12-11,1.0,-0.0011725179,-0.0011725179
2020-12-14,1.0,-0.0044770573,-0.0044770573
2020-12-15,1.0,0.0135193949,0.0135193949
2020-12-16,1.0,0.001569322,0.001569322
2020-12-17,1.0,0.0055918722,0.0055918722
2020-12-18,1.0,-0.0039928367,-0.0039928367
2020-12-21,1.0,-0.0035754597,-0.0035754597
2020-12-22,1.0,-0.0016853656,-0.0016853656
2020-12-23,1.0,0.0008984088,0.0008984088
2020-12-24,1.0,0.0038906775,0.0038906775
2020-12-25,1.0,0.0,0.0
2020-12-28,1.0,0.0085906567,0.0085906567
2020-12-29,1.0,-0.0019075029,-0.0019075029
2020-12-30,1.0,0.0014262985,0.0014262985
2020-12-31,1.0,0.0050810811,0.0050810811
2021-01-01,1.0,0.0,0.0
2021-01-04,1.0,-0.013614282,-0.013614282
2021-01-05,0.0,0.0,0.0068878416
2021-01-06,1.0,0.0059782709,0.0059782709
2021-01-07,0.0,0.0,0.0148576028
2021-01-08,1.0,0.0056974966,0.0056974966
2021-01-11,1.0,-0.0067407601,-0.0067407601
2021-01-12,1.0,0.0002110774,0.0002110774
2021-01-13,1.0,0.0026931076,0.0026931076
2021-01-14,1.0,-0.0035020867,-0.0035020867
2021-01-15,1.0,-0.0072924288,-0.0072924288
2021-01-18,1.0,0.0,0.0
2021-01-19,1.0,0.0078520045,0.0078520045
2021-01-20,1.0,0.013838643,0.013838643
2021-01-21,1.0,0.0009116467,0.0009116467
2021-01-22,1.0,-0.0035392938,-0.0035392938
2021-01-25,1.0,0.0039436989,0.0039436989
2021-01-26,1.0,-0.0015609238,-0.0015609238
2021-01-27,1.0,-0.0244405434,-0.0244405434
2021-01-28,0.0,0.0,0.0086001235
2021-01-29,0.0,-0.0,-0.0200196468
2021-02-01,0.0,0.0,0.0166455885
2021-02-02,0.0,0.0,0.0141404636
2021-02-03,1.0,0.0007859712,0.0007859712
2021-02-04,1.0,0.0113658429,0.0113658429
2021-02-05,1.0,0.0039360567,0.0039360567
2021-02-08,1.0,0.0072217377,0.0072217377
2021-02-09,1.0,-0.0006656353,-0.0006656353
2021-02-10,1.0,-0.0004357869,-0.0004357869
2021-02-11,1.0,0.0016150923,0.0016150923
2021-02-12,1.0,0.0049396302,0.0049396302
2021-02-15,1.0,0.0,0.0
2021-02-16,1.0,-0.0008658523,-0.0008658523
2021-02-17,1.0,0.0002293385,0.0002293385
2021-02-18,1.0,-0.0042557024,-0.0042557024
2021-02-19,1.0,-0.0017660685,-0.0017660685
2021-02-22,1.0,-0.0076920124,-0.0076920124
2021-02-23,1.0,0.0012148468,0.0012148468
2021-02-24,1.0,0.0110191487,0.0110191487
2021-02-25,1.0,-0.0240958396,-0.0240958396
2021-02-26,0.0,-0.0,-0.005152475
2021-03-01,0.0,0.0,0.0242398671
2021-03-02,1.0,-0.0078028587,-0.0078028587
2021-03-03,1.0,-0.0132460251,-0.0132460251
2021-03-04,0.0,-0.0,-0.0123745471
2021-03-05,0.0,0.0,0.0183965211
2021-03-08,1.0,-0.0049787235,-0.0049787235
2021-03-09,1.0,0.0142773566,0.0142773566
2021-03-10,1.0,0.0062244492,0.0062244492
2021-03-11,1.0,0.0101395289,0.0101395289
2021-03-12,1.0,0.0013463918,0.0013463918
2021-03-15,1.0,0.0059637128,0.0059637128
2021-03-16,1.0,-0.0012612316,-0.0012612316
2021-03-17,1.0,0.0034096175,0.0034096175
2021-03-18,1.0,-0.0145493784,-0.0145493784
2021-03-19,1.0,-0.0018503253,-0.0018503253
2021-03-22,1.0,0.0079848607,0.0079848607
2021-03-23,1.0,-0.0078708107,-0.0078708107
2021-03-24,1.0,-0.0050833649,-0.0050833649
2021-03-25,1.0,0.0056256361,0.0056256361
2021-03-26,1.0,0.0161149792,0.0161149792
2021-03-29,1.0,-0.0005052679,-0.0005052679
2021-03-30,1.0,-0.0026527625,-0.0026527625
2021-03-31,1.0,0.0040532099,0.0040532099
2021-04-01,1.0,0.0107991576,0.0107991576
2021-04-02,1.0,0.0,0.0
2021-04-05,1.0,0.0143530349,0.0143530349
2021-04-06,1.0,-0.0005903527,-0.0005903527
2021-04-07,1.0,0.0011570109,0.0011570109
2021-04-08,1.0,0.0047468377,0.0047468377
2021-04-09,1.0,0.0072701971,0.0072701971
2021-04-12,1.0,0.0003645882,0.0003645882
2021-04-13,1.0,0.0029636935,0.0029636935
2021-04-14,1.0,-0.0034149996,-0.0034149996
2021-04-15,1.0,0.0107421413,0.0107421413
2021-04-16,1.0,0.0033425644,0.0033425644
2021-04-19,1.0,-0.0049129966,-0.0049129966
2021-04-20,1.0,-0.0073216317,-0.0073216317
2021-04-21,1.0,0.0094620744,0.0094620744
2021-04-22,1.0,-0.0091331039,-0.0091331039
2021-04-23,1.0,0.0108424203,0.0108424203
2021-04-26,1.0,0.0020874878,0.0020874878
2021-04-27,1.0,-0.000215438,-0.000215438
2021-04-28,1.0,-0.0002872865,-0.0002872865
2021-04-29,1.0,0.0063727857,0.0063727857
2021-04-30,1.0,-0.006570427,-0.006570427
2021-05-03,1.0,0.0021568385,0.0021568385
2021-05-04,1.0,-0.0061694587,-0.0061694587
2021-05-05,1.0,0.0003127478,0.0003127478
2021-05-06,1.0,0.0079854681,0.0079854681
2021-05-07,1.0,0.0072779879,0.0072779879
2021-05-10,1.0,-0.009902148,-0.009902148
2021-05-11,0.0,-0.0,-0.0089249202
2021-05-12,0.0,-0.0,-0.0212452351
2021-05-13,0.0,0.0,0.0120125954
2021-05-14,0.0,0.0,0.0153553254
2021-05-17,1.0,-0.0025444795,-0.0025444795
2021-05-18,1.0,-0.0086156125,-0.0086156125
2021-05-19,0.0,-0.0,-0.0026219461
2021-05-20,0.0,0.0,0.010757967
2021-05-21,0.0,-0.0,-0.000818722
2021-05-24,1.0,0.0101944287,0.0101944287
2021-05-25,1.0,-0.0022188135,-0.0022188135
2021-05-26,1.0,0.0019844037,0.0019844037
2021-05-27,1.0,0.0005248605,0.0005248605
2021-05-28,1.0,0.0017888743,0.0017888743
2021-05-31,1.0,0.0,0.0
2021-06-01,1.0,-0.0008807379,-0.0008807379
2021-06-02,1.0,0.001572563,0.001572563
2021-06-03,1.0,-0.0037113074,-0.0037113074
2021-06-04,1.0,0.0091457282,0.0091457282
2021-06-07,1.0,-0.0009701678,-0.0009701678
2021-06-08,1.0,0.000213178,0.000213178
2021-06-09,1.0,-0.0014918509,-0.0014918509
2021-06-10,1.0,0.0046482398,0.0046482398
2021-06-11,1.0,0.0016525532,0.0016525532
2021-06-14,1.0,0.0022390122,0.0022390122
2021-06-15,1.0,-0.0018341795,-0.0018341795
2021-06-16,1.0,-0.0055833513,-0.0055833513
2021-06-17,1.0,-0.0003315616,-0.0003315616
2021-06-18,1.0,-0.0134904218,-0.0134904218
2021-06-21,0.0,0.0,0.0143158482
2021-06-22,1.0,0.0053463002,0.0053463002
2021-06-23,1.0,-0.0012053407,-0.0012053407
2021-06-24,1.0,0.0059157718,0.0059157718
2021-06-25,1.0,0.0035518767,0.0035518767
2021-06-28,1.0,0.0020160216,0.0020160216
2021-06-29,1.0,0.0005380944,0.0005380944
2021-06-30,1.0,0.0008418676,0.0008418676
2021-07-01,1.0,0.0055366591,0.0055366591
2021-07-02,1.0,0.0076434469,0.0076434469
2021-07-05,1.0,0.0,0.0
2021-07-06,1.0,-0.0018217434,-0.0018217434
2021-07-07,1.0,0.0035341519,0.0035341519
2021-07-08,1.0,-0.0081480372,-0.0081480372
2021-07-09,0.0,0.0,0.0106748975
2021-07-12,1.0,0.0035818932,0.0035818932
2021-07-13,1.0,-0.003408971,-0.003408971
2021-07-14,1.0,0.0014921038,0.0014921038
2021-07-15,1.0,-0.0034153866,-0.0034153866
2021-07-16,1.0,-0.0078436936,-0.0078436936
2021-07-19,1.0,-0.01476784,-0.01476784
2021-07-20,0.0,0.0,0.0143304692
2021-07-21,0.0,0.0,0.0080963439
2021-07-22,1.0,0.0020941389,0.0020941389
2021-07-23,1.0,0.0102877813,0.0102877813
2021-07-26,1.0,0.0024551142,0.0024551142
2021-07-27,1.0,-0.0045575894,-0.0045575894
2021-07-28,0.0,-0.0,-0.0004102374
2021-07-29,1.0,0.0041474293,0.0041474293
2021-07-30,1.0,-0.0048563963,-0.0048563963
2021-08-02,1.0,-0.0020979665,-0.0020979665
2021-08-03,0.0,0.0,0.0081353276
2021-08-04,1.0,-0.0049187739,-0.0049187739
2021-08-05,1.0,0.006332737,0.006332737
2021-08-06,1.0,0.0016524238,0.0016524238
2021-08-09,1.0,-0.0008135084,-0.0008135084
2021-08-10,1.0,0.001243772,0.001243772
2021-08-11,1.0,0.002484894,0.002484894
2021-08-12,1.0,0.002997126,0.002997126
2021-08-13,1.0,0.0018199299,0.0018199299
2021-08-16,1.0,0.0023546696,0.0023546696
2021-08-17,1.0,-0.0065553946,-0.0065553946
2021-08-18,1.0,-0.0109450877,-0.0109450877
2021-08-19,0.0,0.0,0.0015484631
2021-08-20,0.0,0.0,0.0079571088
2021-08-23,1.0,0.008796385,0.008796385
2021-08-24,1.0,0.0015874435,0.0015874435
2021-08-25,1.0,0.0020983251,0.0020983251
2021-08-26,1.0,-0.0059030328,-0.0059030328
2021-08-27,0.0,0.0,0.0089409716
2021-08-30,1.0,0.0043975786,0.0043975786
2021-08-31,1.0,-0.0014814425,-0.0014814425
2021-09-01,1.0,0.0005312536,0.0005312536
2021-09-02,1.0,0.0030765581,0.0030765581
2021-09-03,1.0,-0.000242741,-0.000242741
2021-09-06,1.0,0.0,0.0
2021-09-07,1.0,-0.0035755456,-0.0035755456
2021-09-08,0.0,-0.0,-0.0012182838
2021-09-09,1.0,-0.0042799991,-0.0042799991
2021-09-10,0.0,-0.0,-0.0078846008
2021-09-13,0.0,0.0,0.0025591826
2021-09-14,0.0,-0.0,-0.0053963622
2021-09-15,0.0,0.0,0.0083524948
2021-09-16,1.0,-0.0015852459,-0.0015852459
2021-09-17,0.0,-0.0,-0.0097409906
2021-09-20,0.0,-0.0,-0.0166741396
2021-09-21,0.0,-0.0,-0.0009447011
2021-09-22,0.0,0.0,0.0097546666
2021-09-23,0.0,0.0,0.0121501651
2021-09-24,0.0,0.0,0.0016472021
2021-09-27,0.0,-0.0,-0.0028610887
2021-09-28,0.0,-0.0,-0.0201516459
2021-09-29,0.0,0.0,0.0016828311
2021-09-30,0.0,-0.0,-0.0122219841
2021-10-01,0.0,0.0,0.0118840357
2021-10-04,0.0,-0.0,-0.0128962227
2021-10-05,0.0,0.0,0.0104052544
2021-10-06,0.0,0.0,0.0041558393
2021-10-07,0.0,0.0,0.0086458517
2021-10-08,0.0,-0.0,-0.001823891
2021-10-11,0.0,-0.0,-0.0072397602
2021-10-12,0.0,-0.0,-0.0024612648
2021-10-13,0.0,0.0,0.0035974478
2021-10-14,0.0,0.0,0.0168208079
2021-10-15,1.0,0.0076155662,0.0076155662
2021-10-18,1.0,0.0029608435,0.0029608435
2021-10-19,1.0,0.0077146637,0.0077146637
2021-10-20,1.0,0.0039277723,0.0039277723
2021-10-21,1.0,0.0026082463,0.0026082463
2021-10-22,1.0,-0.0010361733,-0.0010361733
2021-10-25,1.0,0.005362795,0.005362795
2021-10-26,1.0,0.0008998814,0.0008998814
2021-10-27,1.0,-0.0044301786,-0.0044301786
2021-10-28,1.0,0.0096489462,0.0096489462
2021-10-29,1.0,0.0020291318,0.0020291318
2021-11-01,1.0,0.0017201942,0.0017201942
2021-11-02,1.0,0.0040430905,0.0040430905
2021-11-03,1.0,0.0061053305,0.0061053305
2021-11-04,1.0,0.0047124209,0.0047124209
2021-11-05,1.0,0.0034695818,0.0034695818
2021-11-08,1.0,0.0008537376,0.0008537376
2021-11-09,1.0,-0.003305299,-0.003305299
2021-11-10,1.0,-0.0080449477,-0.0080449477
2021-11-11,0.0,0.0,0.0003236033
2021-11-12,1.0,0.0075468579,0.0075468579
2021-11-15,1.0,0.0003423466,0.0003423466
2021-11-16,1.0,0.0039579063,0.0039579063
2021-11-17,1.0,-0.0024293494,-0.0024293494
2021-11-18,1.0,0.0033964254,0.0033964254
2021-11-19,1.0,-0.0017881654,-0.0017881654
2021-11-22,1.0,-0.0028152742,-0.0028152742
2021-11-23,0.0,0.0,0.0013260621
2021-11-24,0.0,0.0,0.0026699105
2021-11-25,0.0,0.0,0.0
2021-11-26,0.0,-0.0,-0.0223033208
2021-11-29,0.0,0.0,0.0122666047
2021-11-30,0.0,-0.0,-0.01945768
2021-12-01,0.0,-0.0,-0.0111071321
2021-12-02,0.0,0.0,0.0153164697
2021-12-03,0.0,-0.0,-0.0087013732
2021-12-06,0.0,0.0,0.0118432386
2021-12-07,0.0,0.0,0.0206849048
2021-12-08,0.0,0.0,0.0026478956
2021-12-09,1.0,-0.0067515097,-0.0067515097
2021-12-10,0.0,0.0,0.0094135609
2021-12-13,1.0,-0.0088584382,-0.0088584382
2021-12-14,1.0,-0.0068800338,-0.0068800338
2021-12-15,0.0,0.0,0.0156249607
2021-12-16,1.0,-0.0088184207,-0.0088184207
2021-12-17,1.0,-0.0106429918,-0.0106429918
2021-12-20,1.0,-0.0106333086,-0.0106333086
2021-12-21,0.0,0.0,0.0177590385
2021-12-22,1.0,0.0099987069,0.0099987069
2021-12-23,1.0,0.0062219988,0.0062219988
2021-12-24,1.0,0.0,0.0
2021-12-27,1.0,0.014152105,0.014152105
2021-12-28,1.0,-0.0008170703,-0.0008170703
2021-12-29,1.0,0.0012791414,0.0012791414
2021-12-30,1.0,-0.0027644076,-0.0027644076
2021-12-31,1.0,-0.0025201567,-0.0025201567
2022-01-03,1.0,0.005789778,0.005789778
2022-01-04,1.0,-0.0003349082,-0.0003349082
2022-01-05,1.0,-0.0192021597,-0.0192021597
2022-01-06,1.0,-0.0009391885,-0.0009391885
2022-01-07,1.0,-0.0039536775,-0.0039536775
2022-01-10,1.0,-0.0012443523,-0.0012443523
2022-01-11,0.0,0.0,0.0091083199
2022-01-12,1.0,0.0027035122,0.0027035122
2022-01-13,1.0,-0.0137785868,-0.0137785868
2022-01-14,0.0,0.0,0.0004090698
2022-01-17,1.0,0.0,0.0
2022-01-18,1.0,-0.0177096459,-0.0177096459
2022-01-19,0.0,-0.0,-0.0103836844
2022-01-20,0.0,-0.0,-0.0110680383
2022-01-21,0.0,-0.0,-0.0196306718
2022-01-24,0.0,0.0,0.004246891
2022-01-25,0.0,-0.0,-0.0122089172
2022-01-26,0.0,-0.0,-0.0025089879
2022-01-27,0.0,-0.0,-0.0049378408
2022-01-28,0.0,0.0,0.0248352114
2022-01-31,0.0,0.0,0.0180110699
2022-02-01,0.0,0.0,0.0067568721
2022-02-02,0.0,0.0,0.009714176
2022-02-03,0.0,-0.0,-0.023504991
2022-02-04,0.0,0.0,0.0047022408
2022-02-07,0.0,-0.0,-0.0032092658
2022-02-08,0.0,0.0,0.0082278865
2022-02-09,1.0,0.0146361042,0.0146361042
2022-02-10,1.0,-0.0179655585,-0.0179655585
2022-02-11,0.0,-0.0,-0.0197188598
2022-02-14,0.0,-0.0,-0.0032692308
2022-02-15,0.0,0.0,0.0161269106
2022-02-16,0.0,0.0,0.0011206843
2022-02-17,0.0,-0.0,-0.0213614162
2022-02-18,0.0,-0.0,-0.0064749838
2022-02-21,0.0,0.0,0.0
2022-02-22,0.0,-0.0,-0.0107314294
2022-02-23,0.0,-0.0,-0.017738841
2022-02-24,0.0,0.0,0.0150491849
2022-02-25,0.0,0.0,0.0220640382
2022-02-28,0.0,-0.0,-0.0025585824
2022-03-01,0.0,-0.0,-0.0152303854
2022-03-02,0.0,0.0,0.0183964703
2022-03-03,0.0,-0.0,-0.0049786367
2022-03-04,0.0,-0.0,-0.0081247115
2022-03-07,0.0,-0.0,-0.0294790964
2022-03-08,0.0,-0.0,-0.0075818779
2022-03-09,0.0,0.0,0.0268108847
2022-03-10,0.0,-0.0,-0.0045153398
2022-03-11,0.0,-0.0,-0.01271522
2022-03-14,1.0,-0.0073082772,-0.0073082772
2022-03-15,0.0,0.0,0.0219904629
2022-03-16,1.0,0.0221741626,0.0221741626
2022-03-17,1.0,0.0125109351,0.0125109351
2022-03-18,1.0,0.0109526809,0.0109526809
2022-03-21,1.0,-0.0002923068,-0.0002923068
2022-03-22,1.0,0.0117014814,0.0117014814
2022-03-23,1.0,-0.0128786341,-0.0128786341
2022-03-24,1.0,0.0150746008,0.0150746008
2022-03-25,1.0,0.0048835141,0.0048835141
2022-03-28,1.0,0.0071131193,0.0071131193
2022-03-29,1.0,0.0123706574,0.0123706574
2022-03-30,1.0,-0.0061748664,-0.0061748664
2022-03-31,1.0,-0.0153909895,-0.0153909895
2022-04-01,1.0,0.0028338309,0.0028338309
2022-04-04,1.0,0.0085665882,0.0085665882
2022-04-05,1.0,-0.0126312179,-0.0126312179
2022-04-06,1.0,-0.0099994253,-0.0099994253
2022-04-07,1.0,0.0050390113,0.0050390113
2022-04-08,1.0,-0.0026739315,-0.0026739315
2022-04-11,1.0,-0.0170923576,-0.0170923576
2022-04-12,1.0,-0.0037050546,-0.0037050546
2022-04-13,1.0,0.0114534746,0.0114534746
2022-04-14,1.0,-0.0124517955,-0.0124517955
2022-04-15,1.0,0.0,0.0
2022-04-18,1.0,0.0004111125,0.0004111125
2022-04-19,1.0,0.0161426071,0.0161426071
2022-04-20,1.0,-0.0007414039,-0.0007414039
2022-04-21,1.0,-0.0149534935,-0.0149534935
2022-04-22,1.0,-0.0274391621,-0.0274391621
2022-04-25,1.0,0.0057976012,0.0057976012
2022-04-26,1.0,-0.0289608191,-0.0289608191
2022-04-27,0.0,0.0,0.0028116808
2022-04-28,0.0,0.0,0.0252594588
2022-04-29,0.0,-0.0,-0.0369556318
2022-05-02,0.0,0.0,0.0060194483
2022-05-03,0.0,0.0,0.0045842012
2022-05-04,1.0,0.0304526499,0.0304526499
2022-05-05,1.0,-0.0355425385,-0.0355425385
2022-05-06,1.0,-0.0059692574,-0.0059692574
2022-05-09,1.0,-0.0320170797,-0.0320170797
2022-05-10,0.0,0.0,0.0023106672
2022-05-11,0.0,-0.0,-0.0158863464
2022-05-12,1.0,-0.001043938,-0.001043938
2022-05-13,1.0,0.0239078656,0.0239078656
2022-05-16,1.0,-0.0040576125,-0.0040576125
2022-05-17,1.0,0.020570483,0.020570483
2022-05-18,1.0,-0.0403115767,-0.0403115767
2022-05-19,1.0,-0.0061246997,-0.0061246997
2022-05-20,1.0,0.0004366942,0.0004366942
2022-05-23,1.0,0.0187100575,0.0187100575
2022-05-24,1.0,-0.0076337548,-0.0076337548
2022-05-25,1.0,0.0088347255,0.0088347255
2022-05-26,1.0,0.0199815493,0.0199815493
2022-05-27,1.0,0.024549015,0.024549015
2022-05-30,1.0,0.0,0.0
2022-05-31,1.0,-0.005610805,-0.005610805
2022-06-01,1.0,-0.0080887802,-0.0080887802
2022-06-02,1.0,0.0190435934,0.0190435934
2022-06-03,1.0,-0.0164114763,-0.0164114763
2022-06-06,1.0,0.0030446742,0.0030446742
2022-06-07,1.0,0.0095923379,0.0095923379
2022-06-08,1.0,-0.0108722838,-0.0108722838
2022-06-09,1.0,-0.0237826952,-0.0237826952
2022-06-10,1.0,-0.0289957751,-0.0289957751
2022-06-13,1.0,-0.0379682519,-0.0379682519
2022-06-14,0.0,-0.0,-0.0030133197
2022-06-15,0.0,0.0,0.0142564385
2022-06-16,1.0,-0.0330960026,-0.0330960026
2022-06-17,0.0,0.0,0.0021557116
2022-06-20,1.0,0.0,0.0
2022-06-21,1.0,0.0251735674,0.0251735674
2022-06-22,1.0,-0.0018129939,-0.0018129939
2022-06-23,1.0,0.0098026796,0.0098026796
2022-06-24,1.0,0.0317938599,0.0317938599
2022-06-27,1.0,-0.0038196908,-0.0038196908
2022-06-28,1.0,-0.0204329841,-0.0204329841
2022-06-29,1.0,-0.0008142946,-0.0008142946
2022-06-30,1.0,-0.0081244065,-0.0081244065
2022-07-01,1.0,0.0105765679,0.0105765679
2022-07-04,1.0,0.0,0.0
2022-07-05,1.0,0.0018884842,0.0018884842
2022-07-06,1.0,0.0033773032,0.0033773032
2022-07-07,1.0,0.0149773345,0.0149773345
2022-07-08,1.0,-0.000822604,-0.000822604
2022-07-11,1.0,-0.0114235219,-0.0114235219
2022-07-12,1.0,-0.0088489439,-0.0088489439
2022-07-13,1.0,-0.005251773,-0.005251773
2022-07-14,1.0,-0.0024285834,-0.0024285834
2022-07-15,1.0,0.0191052285,0.0191052285
2022-07-18,1.0,-0.0082570156,-0.0082570156
2022-07-19,1.0,0.0270192137,0.0270192137
2022-07-20,1.0,0.0063732253,0.0063732253
2022-07-21,1.0,0.0101831053,0.0101831053
2022-07-22,1.0,-0.0092779855,-0.0092779855
2022-07-25,1.0,0.001214774,0.001214774
2022-07-26,1.0,-0.0118309514,-0.0118309514
2022-07-27,1.0,0.0259663143,0.0259663143
2022-07-28,1.0,0.0125423718,0.0125423718
2022-07-29,1.0,0.0145787834,0.0145787834
2022-08-01,1.0,-0.0029612903,-0.0029612903
2022-08-02,1.0,-0.0065971498,-0.0065971498
2022-08-03,1.0,0.01565944,0.01565944
2022-08-04,1.0,-0.0006756392,-0.0006756392
2022-08-05,1.0,-0.0016900853,-0.0016900853
2022-08-08,1.0,-0.0011608511,-0.0011608511
2022-08-09,1.0,-0.003971316,-0.003971316
2022-08-10,1.0,0.0210040254,0.0210040254
2022-08-11,1.0,0.0,0.0
2022-08-12,1.0,0.016929104,0.016929104
2022-08-15,1.0,0.0041208434,0.0041208434
2022-08-16,1.0,0.0019585878,0.0019585878
2022-08-17,1.0,-0.0070978425,-0.0070978425
2022-08-18,1.0,0.0029062999,0.0029062999
2022-08-19,1.0,-0.0134379353,-0.0134379353
2022-08-22,1.0,-0.0208225626,-0.0208225626
2022-08-23,1.0,-0.0024192194,-0.0024192194
2022-08-24,1.0,0.003201089,0.003201089
2022-08-25,1.0,0.0141175576,0.0141175576
2022-08-26,1.0,-0.0338490044,-0.0338490044
2022-08-29,1.0,-0.0066122236,-0.0066122236
2022-08-30,0.0,-0.0,-0.0109778146
2022-08-31,0.0,-0.0,-0.0076090296
2022-09-01,0.0,0.0,0.003137823
2022-09-02,0.0,-0.0,-0.0105442327
2022-09-05,1.0,0.0,0.0
2022-09-06,1.0,-0.0037733461,-0.0037733461
2022-09-07,0.0,0.0,0.0179650769
2022-09-08,1.0,0.006536125,0.006536125
2022-09-09,1.0,0.0155352614,0.0155352614
2022-09-12,1.0,0.0107476043,0.0107476043
2022-09-13,1.0,-0.0434824687,-0.0434824687
2022-09-14,0.0,0.0,0.0038160078
2022-09-15,1.0,-0.011353538,-0.011353538
2022-09-16,1.0,-0.0076288311,-0.0076288311
2022-09-19,1.0,0.0077549761,0.0077549761
2022-09-20,1.0,-0.0114786374,-0.0114786374
2022-09-21,0.0,-0.0,-0.0174437553
2022-09-22,0.0,-0.0,-0.0083998332
2022-09-23,0.0,-0.0,-0.0167546506
2022-09-26,0.0,-0.0,-0.0098927051
2022-09-27,0.0,-0.0,-0.0025527771
2022-09-28,0.0,0.0,0.0196762349
2022-09-29,0.0,-0.0,-0.0208889247
2022-09-30,0.0,-0.0,-0.0154635604
2022-10-03,0.0,0.0,0.0264013987
2022-10-04,0.0,0.0,0.0309865098
2022-10-05,0.0,-0.0,-0.0023282111
2022-10-06,1.0,-0.0103156687,-0.0103156687
2022-10-07,0.0,-0.0,-0.0278940511
2022-10-10,1.0,-0.0076352984,-0.0076352984
2022-10-11,0.0,-0.0,-0.006333083
2022-10-12,0.0,-0.0,-0.003298341
2022-10-13,0.0,0.0,0.0263910423
2022-10-14,0.0,-0.0,-0.0227887785
2022-10-17,0.0,0.0,0.0256969272
2022-10-18,0.0,0.0,0.0117496307
2022-10-19,1.0,-0.0070863782,-0.0070863782
2022-10-20,1.0,-0.0083853273,-0.0083853273
2022-10-21,1.0,0.0243013564,0.0243013564
2022-10-24,1.0,0.0122365182,0.0122365182
2022-10-25,1.0,0.015968597,0.015968597
2022-10-26,1.0,-0.0075341317,-0.0075341317
2022-10-27,1.0,-0.0053401424,-0.0053401424
2022-10-28,1.0,0.0237909785,0.0237909785
2022-10-31,1.0,-0.0072232065,-0.0072232065
2022-11-01,1.0,-0.0043759771,-0.0043759771
2022-11-02,1.0,-0.0250961035,-0.0250961035
2022-11-03,1.0,-0.0102970394,-0.0102970394
2022-11-04,1.0,0.0143931065,0.0143931065
2022-11-07,1.0,0.0095656371,0.0095656371
2022-11-08,1.0,0.0053954247,0.0053954247
2022-11-09,1.0,-0.0206022633,-0.0206022633
2022-11-10,1.0,0.0549542634,0.0549542634
2022-11-11,1.0,0.0096784672,0.0096784672
2022-11-14,1.0,-0.0085065567,-0.0085065567
2022-11-15,1.0,0.0085289292,0.0085289292
2022-11-16,1.0,-0.0076286012,-0.0076286012
2022-11-17,1.0,-0.0030599451,-0.0030599451
2022-11-18,1.0,0.0045404606,0.0045404606
2022-11-21,1.0,-0.00363618,-0.00363618
2022-11-22,1.0,0.013456943,0.013456943
2022-11-23,1.0,0.0063017355,0.0063017355
2022-11-24,1.0,0.0,0.0
2022-11-25,1.0,-0.0002236526,-0.0002236526
2022-11-28,1.0,-0.0159571626,-0.0159571626
2022-11-29,1.0,-0.0017176236,-0.0017176236
2022-11-30,1.0,0.0315006664,0.0315006664
2022-12-01,1.0,-0.0007357596,-0.0007357596
2022-12-02,1.0,-0.0011537345,-0.0011537345
2022-12-05,1.0,-0.0179892474,-0.0179892474
2022-12-06,1.0,-0.0144149009,-0.0144149009
2022-12-07,1.0,-0.001701105,-0.001701105
2022-12-08,1.0,0.0078339068,0.0078339068
2022-12-09,1.0,-0.0074699715,-0.0074699715
2022-12-12,1.0,0.0144170849,0.0144170849
2022-12-13,1.0,0.0075696801,0.0075696801
2022-12-14,1.0,-0.0063932955,-0.0063932955
2022-12-15,1.0,-0.0244616885,-0.0244616885
2022-12-16,1.0,-0.0118063247,-0.0118063247
2022-12-19,1.0,-0.0084795869,-0.0084795869
2022-12-20,1.0,0.0013684037,0.0013684037
2022-12-21,1.0,0.0149524483,0.0149524483
2022-12-22,1.0,-0.0142661864,-0.0142661864
2022-12-23,1.0,0.0057523219,0.0057523219
2022-12-26,1.0,0.0,0.0
2022-12-27,1.0,-0.0039436427,-0.0039436427
2022-12-28,1.0,-0.0124277289,-0.0124277289
2022-12-29,1.0,0.0180002776,0.0180002776
2022-12-30,1.0,-0.002634072,-0.002634072
2023-01-02,1.0,0.0,0.0
2023-01-03,1.0,-0.0042099228,-0.0042099228
2023-01-04,1.0,0.007720241,0.007720241
2023-01-05,1.0,-0.0114134248,-0.0114134248
2023-01-06,1.0,0.0229323147,0.0229323147
2023-01-09,1.0,-0.0005671614,-0.0005671614
2023-01-10,1.0,0.0070129567,0.0070129567
2023-01-11,1.0,0.0126477928,0.0126477928
2023-01-12,1.0,0.0036407617,0.0036407617
2023-01-13,1.0,0.0038795592,0.0038795592
2023-01-16,1.0,0.0,0.0
2023-01-17,1.0,-0.001831863,-0.001831863
2023-01-18,1.0,-0.0157880097,-0.0157880097
2023-01-19,1.0,-0.0072799266,-0.0072799266
2023-01-20,1.0,0.0186293195,0.0186293195
2023-01-23,1.0,0.01199834,0.01199834
2023-01-24,1.0,-0.0010731939,-0.0010731939
2023-01-25,1.0,0.0003748275,0.0003748275
2023-01-26,1.0,0.0109903451,0.0109903451
2023-01-27,1.0,0.0022975709,0.0022975709
2023-01-30,1.0,-0.0125467106,-0.0125467106
2023-01-31,1.0,0.014703344,0.014703344
2023-02-01,1.0,0.0106277839,0.0106277839
2023-02-02,1.0,0.0145570015,0.0145570015
2023-02-03,1.0,-0.0106291515,-0.0106291515
2023-02-06,1.0,-0.0061114799,-0.0061114799
2023-02-07,1.0,0.01307873,0.01307873
2023-02-08,1.0,-0.010934654,-0.010934654
2023-02-09,1.0,-0.0086692189,-0.0086692189
2023-02-10,1.0,0.0023335733,0.0023335733
2023-02-13,1.0,0.0117389691,0.0117389691
2023-02-14,1.0,-0.0004601025,-0.0004601025
2023-02-15,1.0,0.0032472813,0.0032472813
2023-02-16,1.0,-0.0137687177,-0.0137687177
2023-02-17,1.0,-0.0024982296,-0.0024982296
2023-02-20,1.0,0.0,0.0
2023-02-21,1.0,-0.0200609923,-0.0200609923
2023-02-22,0.0,-0.0,-0.0013779516
2023-02-23,0.0,0.0,0.005319229
2023-02-24,0.0,-0.0,-0.0106824837
2023-02-27,0.0,0.0,0.0034059591
2023-02-28,0.0,-0.0,-0.0036957231
2023-03-01,0.0,-0.0,-0.0038360175
2023-03-02,0.0,0.0,0.0077771786
2023-03-03,1.0,0.0160378085,0.0160378085
2023-03-06,1.0,0.0006926926,0.0006926926
2023-03-07,1.0,-0.0153286077,-0.0153286077
2023-03-08,1.0,0.0016321237,0.0016321237
2023-03-09,1.0,-0.018449912,-0.018449912
2023-03-10,0.0,-0.0,-0.0144293075
2023-03-13,0.0,-0.0,-0.0014252594
2023-03-14,0.0,0.0,0.0165299142
2023-03-15,1.0,-0.0062543951,-0.0062543951
2023-03-16,1.0,0.0175452604,0.0175452604
2023-03-17,1.0,-0.0116927455,-0.0116927455
2023-03-20,1.0,0.009615624,0.009615624
2023-03-21,1.0,0.013130572,0.013130572
2023-03-22,1.0,-0.0170464577,-0.0170464577
2023-03-23,1.0,0.0027032346,0.0027032346
2023-03-24,1.0,0.0065620544,0.0065620544
2023-03-27,1.0,0.001869945,0.001869945
2023-03-28,1.0,-0.0022446276,-0.0022446276
2023-03-29,1.0,0.0145348017,0.0145348017
2023-03-30,1.0,0.0058553526,0.0058553526
2023-03-31,1.0,0.0140944763,0.0140944763
2023-04-03,1.0,0.0038105803,0.0038105803
2023-04-04,1.0,-0.0055481798,-0.0055481798
2023-04-05,1.0,-0.0026182275,-0.0026182275
2023-04-06,1.0,0.0039010274,0.0039010274
2023-04-07,1.0,0.0,0.0
2023-04-10,1.0,0.0010263435,0.0010263435
2023-04-11,1.0,0.0002685415,0.0002685415
2023-04-12,1.0,-0.0040759804,-0.0040759804
2023-04-13,1.0,0.0132827049,0.0132827049
2023-04-14,1.0,-0.0024428058,-0.0024428058
2023-04-17,1.0,0.0035881457,0.0035881457
2023-04-18,1.0,0.0006522595,0.0006522595
2023-04-19,1.0,-0.000168666,-0.000168666
2023-04-20,1.0,-0.0054572552,-0.0054572552
2023-04-21,1.0,0.0007768434,0.0007768434
2023-04-24,1.0,0.0010434015,0.0010434015
2023-04-25,1.0,-0.0158739989,-0.0158739989
2023-04-26,1.0,-0.0042355714,-0.0042355714
2023-04-27,1.0,0.0199079547,0.0199079547
2023-04-28,1.0,0.0085352164,0.0085352164
2023-05-01,1.0,-0.0010097121,-0.0010097121
2023-05-02,1.0,-0.0112392348,-0.0112392348
2023-05-03,1.0,-0.0068641043,-0.0068641043
2023-05-04,1.0,-0.0070828482,-0.0070828482
2023-05-05,1.0,0.0185127171,0.0185127171
2023-05-08,1.0,0.0002662695,0.0002662695
2023-05-09,1.0,-0.0043851506,-0.0043851506
2023-05-10,1.0,0.0046722207,0.0046722207
2023-05-11,1.0,-0.0017439251,-0.0017439251
2023-05-12,1.0,-0.0013103247,-0.0013103247
2023-05-15,1.0,0.0034501184,0.0034501184
2023-05-16,1.0,-0.006682622,-0.006682622
2023-05-17,1.0,0.0121389846,0.0121389846
2023-05-18,1.0,0.0096331512,0.0096331512
2023-05-19,1.0,-0.0014550814,-0.0014550814
2023-05-22,1.0,0.0004061549,0.0004061549
2023-05-23,1.0,-0.0112228003,-0.0112228003
2023-05-24,1.0,-0.0072447347,-0.0072447347
2023-05-25,1.0,0.0086597885,0.0086597885
2023-05-26,1.0,0.0129506199,0.0129506199
2023-05-29,1.0,0.0,0.0
2023-05-30,1.0,0.0003810071,0.0003810071
2023-05-31,1.0,-0.0055450789,-0.0055450789
2023-06-01,1.0,0.0095007684,0.0095007684
2023-06-02,1.0,0.0144610972,0.0144610972
2023-06-05,1.0,-0.001916132,-0.001916132
2023-06-06,1.0,0.0021775033,0.0021775033
2023-06-07,1.0,-0.0034577711,-0.0034577711
2023-06-08,1.0,0.0060486098,0.0060486098
2023-06-09,1.0,0.0017942102,0.0017942102
2023-06-12,1.0,0.0090718826,0.0090718826
2023-06-13,1.0,0.0065931031,0.0065931031
2023-06-14,1.0,0.0011907956,0.0011907956
2023-06-15,1.0,0.0123975841,0.0123975841
2023-06-16,1.0,-0.0034061829,-0.0034061829
2023-06-19,1.0,0.0,0.0
2023-06-20,1.0,-0.0051881126,-0.0051881126
2023-06-21,1.0,-0.005123779,-0.005123779
2023-06-22,1.0,0.0036096088,0.0036096088
2023-06-23,1.0,-0.0075599534,-0.0075599534
2023-06-26,1.0,-0.0040856732,-0.0040856732
2023-06-27,1.0,0.0109631226,0.0109631226
2023-06-28,1.0,0.0005046065,0.0005046065
2023-06-29,1.0,0.0039412384,0.0039412384
2023-06-30,1.0,0.0118007445,0.0118007445
2023-07-03,1.0,0.001150545,0.001150545
2023-07-04,1.0,0.0,0.0
2023-07-05,1.0,-0.0014871877,-0.0014871877
2023-07-06,1.0,-0.0078307056,-0.0078307056
2023-07-07,1.0,-0.0025247201,-0.0025247201
2023-07-10,1.0,0.0025311104,0.0025311104
2023-07-11,1.0,0.0063687046,0.0063687046
2023-07-12,1.0,0.0080458086,0.0080458086
2023-07-13,1.0,0.0079368006,0.0079368006
2023-07-14,1.0,-0.0006228877,-0.0006228877
2023-07-17,1.0,0.0034722366,0.0034722366
2023-07-18,1.0,0.0074307162,0.0074307162
2023-07-19,1.0,0.0022236851,0.0022236851
2023-07-20,1.0,-0.0066344492,-0.0066344492
2023-07-21,1.0,0.0,0.0
2023-07-24,1.0,0.0044673487,0.0044673487
2023-07-25,1.0,0.0027298561,0.0027298561
2023-07-26,1.0,0.0001537979,0.0001537979
2023-07-27,1.0,-0.0066299342,-0.0066299342
2023-07-28,1.0,0.0097902511,0.0097902511
2023-07-31,1.0,0.0019040756,0.0019040756
2023-08-01,1.0,-0.002861595,-0.002861595
2023-08-02,1.0,-0.0139108511,-0.0139108511
2023-08-03,0.0,-0.0,-0.0028657012
2023-08-04,0.0,-0.0,-0.0045228459
2023-08-07,0.0,0.0,0.0087286837
2023-08-08,1.0,-0.0043488082,-0.0043488082
2023-08-09,1.0,-0.006685361,-0.006685361
2023-08-10,1.0,0.0003590993,0.0003590993
2023-08-11,1.0,-0.0005831856,-0.0005831856
2023-08-14,1.0,0.0055201286,0.0055201286
2023-08-15,1.0,-0.011648921,-0.011648921
2023-08-16,1.0,-0.0073382125,-0.0073382125
2023-08-17,1.0,-0.0076198012,-0.0076198012
2023-08-18,0.0,0.0,0.0004812845
2023-08-21,0.0,0.0,0.0065061987
2023-08-22,0.0,-0.0,-0.0027086568
2023-08-23,0.0,0.0,0.0111379066
2023-08-24,0.0,-0.0,-0.0138591378
2023-08-25,0.0,0.0,0.0070498914
2023-08-28,0.0,0.0,0.0063412993
2023-08-29,1.0,0.0144547106,0.0144547106
2023-08-30,1.0,0.0041188448,0.0041188448
2023-08-31,1.0,-0.0014632403,-0.0014632403
2023-09-01,1.0,0.0018651049,0.0018651049
2023-09-04,1.0,0.0,0.0
2023-09-05,1.0,-0.0043218344,-0.0043218344
2023-09-06,1.0,-0.0067225371,-0.0067225371
2023-09-07,0.0,-0.0,-0.0030701721
2023-09-08,0.0,0.0,0.0015060268
2023-09-11,1.0,0.0065765367,0.0065765367
2023-09-12,1.0,-0.0054854516,-0.0054854516
2023-09-13,0.0,0.0,0.0011658795
2023-09-14,1.0,0.0086225561,0.0086225561
2023-09-15,1.0,-0.0120484347,-0.0120484347
2023-09-18,1.0,0.0005865188,0.0005865188
2023-09-19,0.0,-0.0,-0.0020739779
2023-09-20,0.0,-0.0,-0.009193179
2023-09-21,0.0,-0.0,-0.0165285322
2023-09-22,0.0,-0.0,-0.0022485525
2023-09-25,0.0,0.0,0.004205303
2023-09-26,0.0,-0.0,-0.0146912478
2023-09-27,0.0,0.0,0.0003990835
2023-09-28,0.0,0.0,0.0057975571
2023-09-29,0.0,-0.0,-0.0024270831
2023-10-02,0.0,-0.0,-0.0003975898
2023-10-03,0.0,-0.0,-0.0133862429
2023-10-04,0.0,0.0,0.0072822219
2023-10-05,0.0,-0.0,-0.0003769393
2023-10-06,0.0,0.0,0.0118728876
2023-10-09,0.0,0.0,0.0064021992
2023-10-10,0.0,0.0,0.0052048537
2023-10-11,0.0,0.0,0.0040962803
2023-10-12,0.0,-0.0,-0.0060964697
2023-10-13,0.0,-0.0,-0.0049809005
2023-10-16,0.0,0.0,0.0105214711
2023-10-17,0.0,-0.0,-4.57977e-05
2023-10-18,0.0,-0.0,-0.0133251518
2023-10-19,0.0,-0.0,-0.0087864224
2023-10-20,0.0,-0.0,-0.0122880381
2023-10-23,0.0,-0.0,-0.0017333113
2023-10-24,0.0,0.0,0.0075395651
2023-10-25,0.0,-0.0,-0.0143522197
2023-10-26,0.0,-0.0,-0.0119746304
2023-10-27,0.0,-0.0,-0.0045326755
2023-10-30,0.0,0.0,0.0119557469
2023-10-31,0.0,0.0,0.006280212
2023-11-01,0.0,0.0,0.0106646281
2023-11-02,0.0,0.0,0.0191645138
2023-11-03,1.0,0.0091232604,0.0091232604
2023-11-06,1.0,0.0023004644,0.0023004644
2023-11-07,1.0,0.0028461354,0.0028461354
2023-11-08,1.0,0.0007324206,0.0007324206
2023-11-09,1.0,-0.0077987496,-0.0077987496
2023-11-10,1.0,0.0156048042,0.0156048042
2023-11-13,1.0,-0.0009531306,-0.0009531306
2023-11-14,1.0,0.0194007145,0.0194007145
2023-11-15,1.0,0.0021169502,0.0021169502
2023-11-16,1.0,0.0012230504,0.0012230504
2023-11-17,1.0,0.001243873,0.001243873
2023-11-20,1.0,0.007697612,0.007697612
2023-11-21,1.0,-0.0021795849,-0.0021795849
2023-11-22,1.0,0.003860999,0.003860999
2023-11-23,1.0,0.0,0.0
2023-11-24,1.0,0.0006154584,0.0006154584
2023-11-27,1.0,-0.0018010343,-0.0018010343
2023-11-28,1.0,0.00099009,0.00099009
2023-11-29,1.0,-0.0007034413,-0.0007034413
2023-11-30,1.0,0.0039374027,0.0039374027
2023-12-01,1.0,0.0059159629,0.0059159629
2023-12-04,1.0,-0.0052495011,-0.0052495011
2023-12-05,1.0,-0.0001969773,-0.0001969773
2023-12-06,1.0,-0.0040297184,-0.0040297184
2023-12-07,1.0,0.0076304123,0.0076304123
2023-12-08,1.0,0.0042990644,0.0042990644
2023-12-11,1.0,0.0038895071,0.0038895071
2023-12-12,1.0,0.0045671969,0.0045671969
2023-12-13,1.0,0.0137903039,0.0137903039
2023-12-14,1.0,0.003209217,0.003209217
2023-12-15,1.0,-0.0016464063,-0.0016464063
2023-12-18,1.0,0.00562507,0.00562507
2023-12-19,1.0,0.0060808703,0.0060808703
2023-12-20,1.0,-0.0138573109,-0.0138573109
2023-12-21,1.0,0.0094820444,0.0094820444
2023-12-22,1.0,0.0020096248,0.0020096248
2023-12-25,1.0,0.0,0.0
2023-12-26,1.0,0.0042225297,0.0042225297
2023-12-27,1.0,0.0018080105,0.0018080105
2023-12-28,1.0,0.00037775,0.00037775
2023-12-29,1.0,-0.0028949683,-0.0028949683
2024-01-01,1.0,0.0,0.0
2024-01-02,1.0,-0.0055963413,-0.0055963413
2024-01-03,1.0,-0.0081667147,-0.0081667147
2024-01-04,1.0,-0.0032211255,-0.0032211255
2024-01-05,1.0,0.001369857,0.001369857
2024-01-08,1.0,0.0142758375,0.0142758375
2024-01-09,1.0,-0.0015170151,-0.0015170151
2024-01-10,1.0,0.0056553969,0.0056553969
2024-01-11,1.0,-0.0004407059,-0.0004407059
2024-01-12,1.0,0.0006927306,0.0006927306
2024-01-15,1.0,0.0,0.0
2024-01-16,1.0,-0.0036713185,-0.0036713185
2024-01-17,1.0,-0.0055585468,-0.0055585468
2024-01-18,0.0,0.0,0.0088928131
2024-01-19,1.0,0.0124660775,0.0124660775
2024-01-22,1.0,0.0021144242,0.0021144242
2024-01-23,1.0,0.0029164565,0.0029164565
2024-01-24,1.0,0.0010931594,0.0010931594
2024-01-25,1.0,0.0054388898,0.0054388898
2024-01-26,1.0,-0.0012704113,-0.0012704113
2024-01-29,1.0,0.0079194059,0.0079194059
2024-01-30,0.0,-0.0,-0.0007734772
2024-01-31,1.0,-0.0163173249,-0.0163173249
2024-02-01,0.0,0.0,0.0130882234
2024-02-02,0.0,0.0,0.0105273251
2024-02-05,1.0,-0.0036411154,-0.0036411154
2024-02-06,1.0,0.0029032078,0.0029032078
2024-02-07,1.0,0.0083404679,0.0083404679
2024-02-08,1.0,0.0004416127,0.0004416127
2024-02-09,1.0,0.0057794099,0.0057794099
2024-02-12,1.0,-0.0004389437,-0.0004389437
2024-02-13,1.0,-0.0137729666,-0.0137729666
2024-02-14,0.0,0.0,0.0090875407
2024-02-15,0.0,0.0,0.0068998255
2024-02-16,1.0,-0.0049800611,-0.0049800611
2024-02-19,0.0,0.0,0.0
2024-02-20,0.0,-0.0,-0.0055053283
2024-02-21,0.0,0.0,0.0009058784
2024-02-22,0.0,0.0,0.0206954623
2024-02-23,0.0,0.0,0.0006897711
2024-02-26,0.0,-0.0,-0.0036626144
2024-02-27,0.0,0.0,0.0018576928
2024-02-28,0.0,-0.0,-0.0013216253
2024-02-29,0.0,0.0,0.0035949279
2024-03-01,0.0,0.0,0.0093883112
2024-03-04,1.0,-0.0010724009,-0.0010724009
2024-03-05,1.0,-0.0099941619,-0.0099941619
2024-03-06,0.0,0.0,0.0050672883
2024-03-07,0.0,0.0,0.0099263079
2024-03-08,0.0,-0.0,-0.0060021287
2024-03-11,0.0,-0.0,-0.0008597174
2024-03-12,0.0,0.0,0.0107572433
2024-03-13,1.0,-0.0015675336,-0.0015675336
2024-03-14,1.0,-0.0019767362,-0.0019767362
2024-03-15,1.0,-0.0068665415,-0.0068665415
2024-03-18,1.0,0.005943046,0.005943046
2024-03-19,1.0,0.005557134,0.005557134
2024-03-20,1.0,0.0092492927,0.0092492927
2024-03-21,1.0,0.0033048122,0.0033048122
2024-03-22,1.0,-0.0018958808,-0.0018958808
2024-03-25,1.0,-0.0027627034,-0.0027627034
2024-03-26,1.0,-0.0018471646,-0.0018471646
2024-03-27,1.0,0.0084038471,0.0084038471
2024-03-28,1.0,-0.0001910421,-0.0001910421
2024-03-29,1.0,0.0,0.0
2024-04-01,1.0,-0.0017397931,-0.0017397931
2024-04-02,1.0,-0.0063580792,-0.0063580792
2024-04-03,0.0,0.0,0.0010983162
2024-04-04,0.0,-0.0,-0.0122059102
2024-04-05,0.0,0.0,0.0104466831
2024-04-08,0.0,0.0,0.0005593643
2024-04-09,0.0,0.0,0.0011568077
2024-04-10,0.0,-0.0,-0.0100130014
2024-04-11,0.0,0.0,0.0075468076
2024-04-12,0.0,-0.0,-0.0138030661
2024-04-15,0.0,-0.0,-0.0125280933
2024-04-16,0.0,-0.0,-0.0018238494
2024-04-17,0.0,-0.0,-0.0059181573
2024-04-18,0.0,-0.0,-0.0020578522
2024-04-19,0.0,-0.0,-0.0087282547
2024-04-22,0.0,0.0,0.0092090576
2024-04-23,0.0,0.0,0.0118666683
2024-04-24,0.0,-0.0,-0.0004746094
2024-04-25,0.0,-0.0,-0.0037988635
2024-04-26,0.0,0.0,0.0094738404
2024-04-29,0.0,0.0,0.0035414144
2024-04-30,0.0,-0.0,-0.0158412235
2024-05-01,0.0,-0.0,-0.0032471263
2024-05-02,0.0,0.0,0.0093534779
2024-05-03,0.0,0.0,0.012395365
2024-05-06,1.0,0.0103266552,0.0103266552
2024-05-07,1.0,0.0011035653,0.0011035653
2024-05-08,1.0,9.65746e-05,9.65746e-05
2024-05-09,1.0,0.0057618474,0.0057618474
2024-05-10,1.0,0.0012881916,0.0012881916
2024-05-13,1.0,0.0001343756,0.0001343756
2024-05-14,0.0,0.0,0.0045880863
2024-05-15,0.0,0.0,0.0123830798
2024-05-16,1.0,-0.0020575899,-0.0020575899
2024-05-17,1.0,0.0014373742,0.0014373742
2024-05-20,1.0,0.0011522057,0.0011522057
2024-05-21,1.0,0.0024527947,0.0024527947
2024-05-22,1.0,-0.0028796639,-0.0028796639
2024-05-23,1.0,-0.0073040331,-0.0073040331
2024-05-24,1.0,0.006616627,0.006616627
2024-05-27,1.0,0.0,0.0
2024-05-28,1.0,0.0006985906,0.0006985906
2024-05-29,1.0,-0.0070023304,-0.0070023304
2024-05-30,0.0,-0.0,-0.0066338872
2024-05-31,0.0,0.0,0.0091080864
2024-06-03,1.0,0.0008154236,0.0008154236
2024-06-04,1.0,0.0011177689,0.0011177689
2024-06-05,1.0,0.0118850123,0.0118850123
2024-06-06,1.0,-1.83085e-05,-1.83085e-05
2024-06-07,1.0,-0.001215729,-0.001215729
2024-06-10,1.0,0.003089667,0.003089667
2024-06-11,1.0,0.0024082953,0.0024082953
2024-06-12,1.0,0.0082130056,0.0082130056
2024-06-13,1.0,0.0020133468,0.0020133468
2024-06-14,1.0,0.000608503,0.000608503
2024-06-17,1.0,0.0079587995,0.0079587995
2024-06-18,1.0,0.0025408516,0.0025408516
2024-06-19,1.0,0.0,0.0
2024-06-20,1.0,-0.0027164078,-0.0027164078
2024-06-21,1.0,-0.001340702,-0.001340702
2024-06-24,1.0,-0.0032509045,-0.0032509045
2024-06-25,1.0,0.0038510109,0.0038510109
2024-06-26,1.0,0.0012480605,0.0012480605
2024-06-27,1.0,0.0015764452,0.0015764452
2024-06-28,1.0,-0.0039349666,-0.0039349666
2024-07-01,1.0,0.0020579936,0.0020579936
2024-07-02,1.0,0.0067297593,0.0067297593
2024-07-03,1.0,0.004462477,0.004462477
2024-07-04,1.0,0.0,0.0
2024-07-05,1.0,0.0057666566,0.0057666566
2024-07-08,1.0,0.0011538228,0.0011538228
2024-07-09,1.0,0.0009726294,0.0009726294
2024-07-10,1.0,0.0098950782,0.0098950782
2024-07-11,1.0,-0.0086226025,-0.0086226025
2024-07-12,1.0,0.006307677,0.006307677
2024-07-15,1.0,0.0027500661,0.0027500661
2024-07-16,1.0,0.0059299789,0.0059299789
2024-07-17,1.0,-0.0140209487,-0.0140209487
2024-07-18,0.0,-0.0,-0.0076849736
2024-07-19,0.0,-0.0,-0.0066403993
2024-07-22,0.0,0.0,0.0103096927
2024-07-23,0.0,-0.0,-0.0015685076
2024-07-24,1.0,-0.0226624838,-0.0226624838
2024-07-25,0.0,-0.0,-0.0052103255
2024-07-26,0.0,0.0,0.0111995667
2024-07-29,0.0,0.0,0.0005877769
2024-07-30,0.0,-0.0,-0.0050663556
2024-07-31,0.0,0.0,0.0162545765
2024-08-01,0.0,-0.0,-0.0141610478
2024-08-02,0.0,-0.0,-0.0186181552
2024-08-05,0.0,-0.0,-0.0291237407
2024-08-06,0.0,0.0,0.0092194003
2024-08-07,0.0,-0.0,-0.0066839438
2024-08-08,0.0,0.0,0.0231173824
2024-08-09,0.0,0.0,0.0044094547
2024-08-12,0.0,0.0,0.0005256595
2024-08-13,1.0,0.0164453852,0.0164453852
2024-08-14,1.0,0.0031549586,0.0031549586
2024-08-15,1.0,0.0171401956,0.0171401956
2024-08-16,1.0,0.0022420534,0.0022420534
2024-08-19,1.0,0.0095615655,0.0095615655
2024-08-20,1.0,-0.0016263493,-0.0016263493
2024-08-21,1.0,0.0034366486,0.0034366486
2024-08-22,1.0,-0.0078487076,-0.0078487076
2024-08-23,1.0,0.010625535,0.010625535
2024-08-26,1.0,-0.0023838107,-0.0023838107
2024-08-27,1.0,0.0013730161,0.0013730161
2024-08-28,1.0,-0.0058053763,-0.0058053763
2024-08-29,1.0,8.97237e-05,8.97237e-05
2024-08-30,1.0,0.0095460333,0.0095460333
2024-09-02,1.0,0.0,0.0
2024-09-03,1.0,-0.0205791767,-0.0205791767
2024-09-04,1.0,-0.0020467058,-0.0020467058
2024-09-05,0.0,-0.0,-0.0024320707
2024-09-06,1.0,-0.016830229,-0.016830229
2024-09-09,0.0,0.0,0.0111960705
2024-09-10,1.0,0.0043557519,0.0043557519
2024-09-11,1.0,0.0102589796,0.0102589796
2024-09-12,1.0,0.0084233243,0.0084233243
2024-09-13,1.0,0.0052226316,0.0052226316
2024-09-16,1.0,0.0014770818,0.0014770818
2024-09-17,1.0,0.0004086709,0.0004086709
2024-09-18,1.0,-0.0029660411,-0.0029660411
2024-09-19,1.0,0.0170645109,0.0170645109
2024-09-20,1.0,-0.0017286082,-0.0017286082
2024-09-23,1.0,0.00249867,0.00249867
2024-09-24,1.0,0.0028613707,0.0028613707
2024-09-25,1.0,-0.0022055196,-0.0022055196
2024-09-26,1.0,0.0039647106,0.0039647106
2024-09-27,1.0,-0.0014503105,-0.0014503105
2024-09-30,1.0,0.0040072656,0.0040072656
2024-10-01,1.0,-0.0089583311,-0.0089583311
2024-10-02,1.0,0.0004220218,0.0004220218
2024-10-03,1.0,-0.0018283164,-0.0018283164
2024-10-04,0.0,0.0,0.0090873994
2024-10-07,1.0,-0.0090404902,-0.0090404902
2024-10-08,0.0,0.0,0.0094575358
2024-10-09,0.0,0.0,0.0069265148
2024-10-10,0.0,-0.0,-0.0017500184
2024-10-11,0.0,0.0,0.0059880896
2024-10-14,0.0,0.0,0.0081784126
2024-10-15,0.0,-0.0,-0.0077695681
2024-10-16,0.0,0.0,0.0043464145
2024-10-17,0.0,0.0,8.57626e-05
2024-10-18,0.0,0.0,0.0038465365
2024-10-21,1.0,-0.0016421837,-0.0016421837
2024-10-22,0.0,-0.0,-0.000531132
2024-10-23,0.0,-0.0,-0.0091374997
2024-10-24,0.0,0.0,0.0021628399
2024-10-25,0.0,-0.0,-0.0003453974
2024-10-28,0.0,0.0,0.0030914599
2024-10-29,0.0,0.0,0.0016182517
2024-10-30,0.0,-0.0,-0.0030251929
2024-10-31,0.0,-0.0,-0.0196029753
2024-11-01,0.0,0.0,0.0042203964
2024-11-04,0.0,-0.0,-0.0021540081
2024-11-05,0.0,0.0,0.0120918332
2024-11-06,0.0,0.0,0.0248655489
2024-11-07,1.0,0.0077321784,0.0077321784
2024-11-08,1.0,0.0043319076,0.0043319076
2024-11-11,1.0,0.0009527166,0.0009527166
2024-11-12,1.0,-0.0031064722,-0.0031064722
2024-11-13,1.0,0.0004858997,0.0004858997
2024-11-14,1.0,-0.0064301422,-0.0064301422
2024-11-15,1.0,-0.0128087022,-0.0128087022
2024-11-18,1.0,0.0040974351,0.0040974351
2024-11-19,1.0,0.0036555348,0.0036555348
2024-11-20,1.0,0.000338821,0.000338821
2024-11-21,1.0,0.0053680949,0.0053680949
2024-11-22,1.0,0.0030996051,0.0030996051
2024-11-25,1.0,0.0033920694,0.0033920694
2024-11-26,1.0,0.0052215693,0.0052215693
2024-11-27,1.0,-0.0030301624,-0.0030301624
2024-11-28,1.0,0.0,0.0
2024-11-29,1.0,0.0062121145,0.0062121145
2024-12-02,1.0,0.0017922102,0.0017922102
2024-12-03,1.0,0.0004638538,0.0004638538
2024-12-04,1.0,0.0062096201,0.0062096201
2024-12-05,1.0,-0.0016457068,-0.0016457068
2024-12-06,1.0,0.0018956826,0.0018956826
2024-12-09,1.0,-0.0051496688,-0.0051496688
2024-12-10,1.0,-0.0031089511,-0.0031089511
2024-12-11,1.0,0.0077306795,0.0077306795
2024-12-12,1.0,-0.005152737,-0.005152737
2024-12-13,1.0,-0.000198491,-0.000198491
2024-12-16,1.0,0.0042699414,0.0042699414
2024-12-17,1.0,-0.0041200638,-0.0041200638
2024-12-18,1.0,-0.0298035076,-0.0298035076
2024-12-19,0.0,-0.0,-0.00030722
2024-12-20,0.0,0.0,0.0120111631
2024-12-23,1.0,0.0059883098,0.0059883098
2024-12-24,1.0,0.0111149058,0.0111149058
2024-12-25,1.0,0.0,0.0
2024-12-26,1.0,6.66506e-05,6.66506e-05
2024-12-27,1.0,-0.0105265968,-0.0105265968
2024-12-30,1.0,-0.0114115605,-0.0114115605
2024-12-31,1.0,-0.0036381155,-0.0036381155
2025-01-01,1.0,0.0,0.0
2025-01-02,1.0,-0.00245699,-0.00245699
2025-01-03,1.0,0.0125034301,0.0125034301
2025-01-06,1.0,0.005760625,0.005760625
2025-01-07,1.0,-0.011304034,-0.011304034
2025-01-08,1.0,0.0014610515,0.0014610515
2025-01-09,1.0,0.0,0.0
2025-01-10,1.0,-0.0152674866,-0.0152674866
2025-01-13,1.0,0.0015504729,0.0015504729
2025-01-14,1.0,0.0013760055,0.0013760055
2025-01-15,1.0,0.01818997,0.01818997
2025-01-16,1.0,-0.001923249,-0.001923249
2025-01-17,1.0,0.0100399555,0.0100399555
2025-01-20,1.0,0.0,0.0
2025-01-21,1.0,0.009153455,0.009153455
2025-01-22,1.0,0.0056215178,0.0056215178
2025-01-23,1.0,0.0054581253,0.0054581253
2025-01-24,1.0,-0.0029193281,-0.0029193281
2025-01-27,1.0,-0.0141453378,-0.0141453378
2025-01-28,1.0,0.0085923303,0.0085923303
2025-01-29,1.0,-0.0044828661,-0.0044828661
2025-01-30,1.0,0.005367134,0.005367134
2025-01-31,1.0,-0.0053219475,-0.0053219475
2025-02-03,1.0,-0.0067295842,-0.0067295842
2025-02-04,1.0,0.0067082375,0.0067082375
2025-02-05,1.0,0.0040545401,0.0040545401
2025-02-06,1.0,0.0034756527,0.0034756527
2025-02-07,1.0,-0.0091536052,-0.0091536052
2025-02-10,1.0,0.0067911984,0.0067911984
2025-02-11,1.0,0.0007607067,0.0007607067
2025-02-12,1.0,-0.0032216962,-0.0032216962
2025-02-13,1.0,0.010557677,0.010557677
2025-02-14,1.0,-4.92208e-05,-4.92208e-05
2025-02-17,1.0,0.0,0.0
2025-02-18,1.0,0.0029357728,0.0029357728
2025-02-19,1.0,0.0023549927,0.0023549927
2025-02-20,1.0,-0.004160317,-0.004160317
2025-02-21,1.0,-0.0171041375,-0.0171041375
2025-02-24,1.0,-0.0045504382,-0.0045504382
2025-02-25,1.0,-0.0049731577,-0.0049731577
2025-02-26,0.0,0.0,0.0005049349
2025-02-27,0.0,-0.0,-0.0159619738
2025-02-28,0.0,0.0,0.015605536
2025-03-03,0.0,-0.0,-0.0175199635
2025-03-04,0.0,-0.0,-0.0118368126
2025-03-05,0.0,0.0,0.0107477593
2025-03-06,0.0,-0.0,-0.0177510513
2025-03-07,0.0,0.0,0.0056048006
2025-03-10,0.0,-0.0,-0.0266354948
2025-03-11,0.0,-0.0,-0.0083128992
2025-03-12,0.0,0.0,0.0053065401
2025-03-13,0.0,-0.0,-0.0133305739
2025-03-14,0.0,0.0,0.0206557895
2025-03-17,1.0,0.0077113898,0.0077113898
2025-03-18,1.0,-0.010808406,-0.010808406
2025-03-19,1.0,0.0108908412,0.0108908412
2025-03-20,1.0,-0.0028917655,-0.0028917655
2025-03-21,1.0,0.0003298953,0.0003298953
2025-03-24,1.0,0.0179084659,0.0179084659
2025-03-25,1.0,0.0024038766,0.0024038766
2025-03-26,1.0,-0.0119383494,-0.0119383494
2025-03-27,1.0,-0.0026556655,-0.0026556655
2025-03-28,1.0,-0.0201382634,-0.0201382634
2025-03-31,1.0,0.006712771,0.006712771
2025-04-01,0.0,0.0,0.0028243703
2025-04-02,0.0,0.0,0.0063285395
2025-04-03,0.0,-0.0,-0.049280944
2025-04-04,0.0,-0.0,-0.05854291
2025-04-07,0.0,-0.0,-0.0017812159
2025-04-08,0.0,-0.0,-0.0156627178
2025-04-09,0.0,0.0,0.1050193385
2025-04-10,0.0,-0.0,-0.0438190517
2025-04-11,0.0,0.0,0.0178426987
2025-04-14,0.0,0.0,0.0097015351
2025-04-15,0.0,-0.0,-0.0028009468
2025-04-16,0.0,-0.0,-0.0222279609
2025-04-17,0.0,0.0,0.0014267883
2025-04-18,1.0,0.0,0.0
2025-04-21,1.0,-0.0238027265,-0.0238027265
2025-04-22,0.0,0.0,0.0260178849
2025-04-23,1.0,0.0154953056,0.0154953056
2025-04-24,1.0,0.0210490694,0.0210490694
2025-04-25,1.0,0.0072252937,0.0072252937
2025-04-28,1.0,0.0003812698,0.0003812698
2025-04-29,1.0,0.006299396,0.006299396
2025-04-30,1.0,0.0003969537,0.0003969537
2025-05-01,1.0,0.0070868199,0.0070868199
2025-05-02,1.0,0.0148441595,0.0148441595
2025-05-05,1.0,-0.0057344281,-0.0057344281
2025-05-06,1.0,-0.0083582828,-0.0083582828
2025-05-07,1.0,0.0042055521,0.0042055521
2025-05-08,1.0,0.006967794,0.006967794
2025-05-09,1.0,-0.0012742408,-0.0012742408
2025-05-12,1.0,0.0330475079,0.0330475079
2025-05-13,1.0,0.0066040126,0.0066040126
2025-05-14,1.0,0.0012780407,0.0012780407
2025-05-15,1.0,0.0048842409,0.0048842409
2025-05-16,1.0,0.0063339268,0.0063339268
2025-05-19,1.0,0.0010939435,0.0010939435
2025-05-20,1.0,-0.0033621824,-0.0033621824
2025-05-21,1.0,-0.0168506969,-0.0168506969
2025-05-22,1.0,0.0003945229,0.0003945229
2025-05-23,1.0,-0.0068256687,-0.0068256687
2025-05-26,1.0,0.0,0.0
2025-05-27,1.0,0.0207906001,0.0207906001
2025-05-28,1.0,-0.0057853838,-0.0057853838
2025-05-29,1.0,0.0039473162,0.0039473162
2025-05-30,1.0,-0.0011184365,-0.0011184365
2025-06-02,1.0,0.0056329151,0.0056329151
2025-06-03,1.0,0.0057026394,0.0057026394
2025-06-04,1.0,-0.000268539,-0.000268539
2025-06-05,1.0,-0.0048328304,-0.0048328304
2025-06-06,1.0,0.0102690415,0.0102690415
2025-06-09,1.0,0.0009012943,0.0009012943
2025-06-10,1.0,0.0056696225,0.0056696225
2025-06-11,1.0,-0.0028519058,-0.0028519058
2025-06-12,1.0,0.0039742541,0.0039742541
2025-06-13,1.0,-0.0111801043,-0.0111801043
2025-06-16,1.0,0.0095141686,0.0095141686
2025-06-17,1.0,-0.008545051,-0.008545051
2025-06-18,1.0,-0.0001506376,-0.0001506376
2025-06-19,1.0,0.0,0.0
2025-06-20,1.0,-0.0023486317,-0.0023486317
2025-06-23,1.0,0.0098775384,0.0098775384
2025-06-24,1.0,0.0110471921,0.0110471921
2025-06-25,1.0,0.0005603559,0.0005603559
2025-06-26,1.0,0.0078238052,0.0078238052
2025-06-27,1.0,0.0049683438,0.0049683438
2025-06-30,1.0,0.0047812614,0.0047812614
2025-07-01,1.0,-0.0003236919,-0.0003236919
2025-07-02,1.0,0.0045332537,0.0045332537
2025-07-03,1.0,0.00788139,0.00788139
2025-07-04,1.0,0.0,0.0
2025-07-07,1.0,-0.0074519429,-0.0074519429
2025-07-08,1.0,-0.000547708,-0.000547708
2025-07-09,1.0,0.0059966217,0.0059966217
2025-07-10,1.0,0.0028203012,0.0028203012
2025-07-11,1.0,-0.0035154619,-0.0035154619
2025-07-14,1.0,0.0019081373,0.0019081373
2025-07-15,1.0,-0.00427322,-0.00427322
2025-07-16,1.0,0.003343262,0.003343262
2025-07-17,1.0,0.0061196417,0.0061196417
2025-07-18,1.0,-0.000732373,-0.000732373
2025-07-21,1.0,0.0018961948,0.0018961948
2025-07-22,1.0,0.0001431219,0.0001431219
2025-07-23,1.0,0.0085075043,0.0085075043
2025-07-24,1.0,0.000331022,0.000331022
2025-07-25,1.0,0.0042243586,0.0042243586
2025-07-28,1.0,-0.0002510907,-0.0002510907
2025-07-29,1.0,-0.0026376929,-0.0026376929
2025-07-30,1.0,-0.0012592833,-0.0012592833
2025-07-31,1.0,-0.0037511688,-0.0037511688
2025-08-01,1.0,-0.0163904989,-0.0163904989
2025-08-04,1.0,0.0151997859,0.0151997859
2025-08-05,1.0,-0.0050699686,-0.0050699686
2025-08-06,1.0,0.0076597375,0.0076597375
2025-08-07,1.0,-0.0008376709,-0.0008376709
2025-08-08,1.0,0.0077975989,0.0077975989
2025-08-11,1.0,-0.0019774525,-0.0019774525
2025-08-12,1.0,0.0106460778,0.0106460778
2025-08-13,1.0,0.0034230888,0.0034230888
2025-08-14,1.0,9.29978e-05,9.29978e-05
2025-08-15,1.0,-0.0023411951,-0.0023411951
2025-08-18,1.0,-0.0002177065,-0.0002177065
2025-08-19,1.0,-0.0054251449,-0.0054251449
2025-08-20,1.0,-0.0026570427,-0.0026570427
2025-08-21,1.0,-0.0040118624,-0.0040118624
2025-08-22,1.0,0.0153568833,0.0153568833
2025-08-25,1.0,-0.0044011562,-0.0044011562
2025-08-26,1.0,0.0041870983,0.0041870983
2025-08-27,1.0,0.0022784921,0.0022784921
2025-08-28,1.0,0.0035414005,0.0035414005
2025-08-29,1.0,-0.0059637094,-0.0059637094
2025-09-01,1.0,0.0,0.0
2025-09-02,1.0,-0.0074102877,-0.0074102877
2025-09-03,1.0,0.0054195637,0.0054195637
2025-09-04,1.0,0.0083573888,0.0083573888
2025-09-05,1.0,-0.0028962041,-0.0028962041
2025-09-08,1.0,0.0024565851,0.0024565851
2025-09-09,1.0,0.0023118681,0.0023118681
2025-09-10,1.0,0.0028909097,0.0028909097
2025-09-11,1.0,0.0083102193,0.0083102193
2025-09-12,1.0,-0.000334635,-0.000334635
2025-09-15,1.0,0.0053239249,0.0053239249
2025-09-16,1.0,-0.001376851,-0.001376851
2025-09-17,1.0,-0.0012423997,-0.0012423997
2025-09-18,1.0,0.0046724773,0.0046724773
2025-09-19,1.0,0.0049528252,0.0049528252
2025-09-22,1.0,0.0047310355,0.0047310355
2025-09-23,1.0,-0.0054435205,-0.0054435205
2025-09-24,1.0,-0.0031816445,-0.0031816445
2025-09-25,1.0,-0.004613433,-0.004613433
2025-09-26,1.0,0.0057290757,0.0057290757
2025-09-29,1.0,0.0028103895,0.0028103895
2025-09-30,1.0,0.0037668457,0.0037668457
2025-10-01,1.0,0.0034075697,0.0034075697
2025-10-02,1.0,0.0011517801,0.0011517801
2025-10-03,1.0,-1.48186e-05,-1.48186e-05
2025-10-06,1.0,0.0035862494,0.0035862494
2025-10-07,1.0,-0.003707512,-0.003707512
2025-10-08,1.0,0.0059630963,0.0059630963
2025-10-09,1.0,-0.0028970302,-0.0028970302
2025-10-10,1.0,-0.0270278208,-0.0270278208
2025-10-13,0.0,0.0,0.0153440928
2025-10-14,0.0,-0.0,-0.0012216512
2025-10-15,0.0,0.0,0.0044395411
2025-10-16,0.0,-0.0,-0.0068102106
2025-10-17,0.0,0.0,0.0056763149
2025-10-20,0.0,0.0,0.010400435
2025-10-21,0.0,-0.0,-1.49551e-05
2025-10-22,0.0,-0.0,-0.0051988823
2025-10-23,0.0,0.0,0.0059299661
2025-10-24,1.0,0.0081725472,0.0081725472
2025-10-27,1.0,0.0117976679,0.0117976679
2025-10-28,1.0,0.0026560013,0.0026560013
2025-10-29,1.0,0.0004803261,0.0004803261
2025-10-30,1.0,-0.0109981132,-0.0109981132
2025-10-31,1.0,0.0032802609,0.0032802609
2025-11-03,1.0,0.0018766916,0.0018766916
2025-11-04,1.0,-0.0118535952,-0.0118535952
2025-11-05,0.0,0.0,0.0034654701
2025-11-06,1.0,-0.0107293823,-0.0107293823
2025-11-07,0.0,0.0,0.0009845659
2025-11-10,0.0,0.0,0.0156043582
2025-11-11,1.0,0.0022892034,0.0022892034
2025-11-12,1.0,0.0005564069,0.0005564069
2025-11-13,1.0,-0.0165940626,-0.0165940626
2025-11-14,0.0,-0.0,-0.000163596
2025-11-17,0.0,-0.0,-0.0093164768
2025-11-18,0.0,-0.0,-0.0083974874
2025-11-19,0.0,0.0,0.0038631576
2025-11-20,0.0,-0.0,-0.0152423035
2025-11-21,0.0,0.0,0.0099612048
2025-11-24,0.0,0.0,0.0147185478
2025-11-25,0.0,0.0,0.009405913
2025-11-26,0.0,0.0,0.0069035446
2025-11-27,1.0,0.0,0.0
2025-11-28,1.0,0.0054584007,0.0054584007
2025-12-01,1.0,-0.0045654325,-0.0045654325
2025-12-02,1.0,0.001852204,0.001852204
2025-12-03,1.0,0.003462768,0.003462768
2025-12-04,1.0,0.0007311238,0.0007311238
2025-12-05,1.0,0.0018994616,0.0018994616
2025-12-08,1.0,-0.0030042194,-0.0030042194
2025-12-09,1.0,-0.0008631223,-0.0008631223
2025-12-10,1.0,0.0066322183,0.0066322183
2025-12-11,1.0,0.0023269318,0.0023269318
2025-12-12,1.0,-0.0107519976,-0.0107519976
2025-12-15,1.0,-0.0015108134,-0.0015108134
2025-12-16,1.0,-0.0027323198,-0.0027323198
2025-12-17,1.0,-0.0110035882,-0.0110035882
2025-12-18,1.0,0.0075512803,0.0075512803
2025-12-19,1.0,0.0090634652,0.0090634652
2025-12-22,1.0,0.0062298742,0.0062298742
2025-12-23,1.0,0.0045704844,0.0045704844
2025-12-24,1.0,0.0035176214,0.0035176214
2025-12-25,1.0,0.0,0.0
2025-12-26,1.0,-0.000101404,-0.000101404
2025-12-29,1.0,-0.0035636482,-0.0035636482
2025-12-30,1.0,-0.0012211468,-0.0012211468
2025-12-31,1.0,0.0,0.0
