date,p_state0,p_state1,viterbi_state,p_stress
2001-06-06,0.0005638442626283352,0.9994361557373634,1,0.9994361557373634
2001-06-07,2.2778963136289406e-05,0.9999772210368555,1,0.9999772210368555
2001-06-08,1.274527030290799e-09,0.999999998725465,1,0.999999998725465
2001-06-11,1.232166329205528e-07,0.9999998767833589,1,0.9999998767833589
2001-06-12,7.53330206564152e-09,0.9999999924666899,1,0.9999999924666899
2001-06-13,3.212568791590737e-09,0.9999999967874231,1,0.9999999967874231
2001-06-14,1.2772923181468187e-09,0.9999999987226996,1,0.9999999987226996
2001-06-15,4.980374024972618e-09,0.9999999950196179,1,0.9999999950196179
2001-06-18,4.96837728256605e-09,0.9999999950316147,1,0.9999999950316147
2001-06-19,1.6567432382563527e-08,0.9999999834325598,1,0.9999999834325598
2001-06-20,4.5629903427626075e-09,0.9999999954370017,1,0.9999999954370017
2001-06-21,3.0396291427859555e-08,0.9999999696037007,1,0.9999999696037007
2001-06-22,1.2763966942689617e-08,0.9999999872360251,1,0.9999999872360251
2001-06-25,7.812331408613531e-09,0.9999999921876607,1,0.9999999921876607
2001-06-26,6.435382558458418e-09,0.9999999935646094,1,0.9999999935646094
2001-06-27,3.740664550353898e-07,0.999999625933537,1,0.999999625933537
2001-06-28,1.16351472165309e-07,0.9999998836485201,1,0.9999998836485201
2001-06-29,3.9855772428127896e-08,0.9999999601442198,1,0.9999999601442198
2001-07-02,4.295176861959259e-07,0.999999570482306,1,0.999999570482306
2001-07-03,4.002084062774535e-07,0.9999995997915858,1,0.9999995997915858
2001-07-04,5.058933191337604e-07,0.999999494106673,1,0.999999494106673
2001-07-05,5.423227920629994e-07,0.9999994576772001,1,0.9999994576772001
2001-07-06,1.1742754174542369e-06,0.9999988257245747,1,0.9999988257245747
2001-07-09,8.062400204367187e-07,0.9999991937599716,1,0.9999991937599716
2001-07-10,3.915209973950173e-06,0.9999960847900181,1,0.9999960847900181
2001-07-11,1.0997206404246826e-06,0.9999989002793517,1,0.9999989002793517
2001-07-12,7.409355832930907e-07,0.9999992590644088,1,0.9999992590644088
2001-07-13,1.0104831127759546e-06,0.9999989895168794,1,0.9999989895168794
2001-07-16,1.821633794756941e-06,0.9999981783661973,1,0.9999981783661973
2001-07-17,5.739030866839499e-06,0.9999942609691251,1,0.9999942609691251
2001-07-18,4.283261735937428e-07,0.9999995716738185,1,0.9999995716738185
2001-07-19,1.2150960214956177e-07,0.99999987849039,1,0.99999987849039
2001-07-20,3.0656166394834196e-07,0.9999996934383282,1,0.9999996934383282
2001-07-23,7.018500201042853e-08,0.9999999298149902,1,0.9999999298149902
2001-07-24,5.200600166088439e-08,0.9999999479939907,1,0.9999999479939907
2001-07-25,2.3224005016069638e-07,0.999999767759942,1,0.999999767759942
2001-07-26,4.0139116368087823e-07,0.9999995986088285,1,0.9999995986088285
2001-07-27,1.075945896684629e-07,0.9999998924054024,1,0.9999998924054024
2001-07-30,4.702881235826675e-07,0.9999995297118686,1,0.9999995297118686
2001-07-31,5.747276276070857e-07,0.9999994252723645,1,0.9999994252723645
2001-08-01,9.384102002100869e-07,0.9999990615897919,1,0.9999990615897919
2001-08-02,4.86570865985844e-07,0.9999995134291263,1,0.9999995134291263
2001-08-03,2.3729161230904492e-07,0.99999976270838,1,0.99999976270838
2001-08-06,1.5467446499363674e-07,0.9999998453255272,1,0.9999998453255272
2001-08-07,1.367199458338903e-07,0.9999998632800464,1,0.9999998632800464
2001-08-08,3.4790797569351964e-08,0.9999999652091947,1,0.9999999652091947
2001-08-09,1.3300000765260213e-08,0.9999999866999916,1,0.9999999866999916
2001-08-10,5.340700360215558e-09,0.9999999946592919,1,0.9999999946592919
2001-08-13,1.385792509807125e-09,0.9999999986141999,1,0.9999999986141999
2001-08-14,8.693872157529898e-09,0.9999999913061203,1,0.9999999913061203
2001-08-15,5.487069386202967e-09,0.9999999945129229,1,0.9999999945129229
2001-08-16,4.8844435172804674e-08,0.9999999511555573,1,0.9999999511555573
2001-08-17,3.0628000443757365e-07,0.999999693719988,1,0.999999693719988
2001-08-20,3.1099785476832735e-07,0.9999996890021378,1,0.9999996890021378
2001-08-21,3.086969663612124e-07,0.9999996913030261,1,0.9999996913030261
2001-08-22,8.917959669324061e-07,0.9999991082040254,1,0.9999991082040254
2001-08-23,2.6779436865776312e-06,0.9999973220563058,1,0.9999973220563058
2001-08-24,6.370235634431567e-06,0.9999936297643579,1,0.9999936297643579
2001-08-27,2.293031768373389e-05,0.9999770696823087,1,0.9999770696823087
2001-08-28,1.8454891226676276e-05,0.9999815451087658,1,0.9999815451087658
2001-08-29,2.1781189474529542e-05,0.9999782188105181,1,0.9999782188105181
2001-08-30,3.911015750280571e-06,0.9999960889842422,1,0.9999960889842422
2001-08-31,4.081167582975179e-06,0.9999959188324095,1,0.9999959188324095
2001-09-03,4.673574392644323e-06,0.9999953264255997,1,0.9999953264255997
2001-09-04,6.172795132897266e-06,0.9999938272048594,1,0.9999938272048594
2001-09-05,4.919845581875451e-06,0.9999950801544106,1,0.9999950801544106
2001-09-06,1.0790017874631237e-06,0.9999989209982051,1,0.9999989209982051
2001-09-07,4.124948501111196e-07,0.9999995875051425,1,0.9999995875051425
2001-09-10,7.786520332053823e-07,0.9999992213479594,1,0.9999992213479594
2001-09-11,1.4884042212885672e-06,0.9999985115957712,1,0.9999985115957712
2001-09-12,1.7589534145711842e-06,0.9999982410465779,1,0.9999982410465779
2001-09-13,2.044216397423884e-06,0.9999979557835951,1,0.9999979557835951
2001-09-14,4.572519577060026e-09,0.999999995427473,1,0.999999995427473
2001-09-17,2.6130563750495226e-09,0.9999999973869361,1,0.9999999973869361
2001-09-18,8.485942406854861e-09,0.99999999151405,1,0.99999999151405
2001-09-19,2.3714082068084794e-09,0.9999999976285839,1,0.9999999976285839
2001-09-20,8.861796702091736e-09,0.9999999911381955,1,0.9999999911381955
2001-09-21,2.2170529463143616e-08,0.9999999778294626,1,0.9999999778294626
2001-09-24,3.699216518578086e-08,0.9999999630078269,1,0.9999999630078269
2001-09-25,1.6260508075536355e-08,0.999999983739484,1,0.999999983739484
2001-09-26,2.312996514795013e-08,0.9999999768700268,1,0.9999999768700268
2001-09-27,3.37735633842036e-08,0.9999999662264285,1,0.9999999662264285
2001-09-28,2.0143325734691326e-08,0.9999999798566661,1,0.9999999798566661
2001-10-01,2.5399186365118903e-08,0.9999999746008055,1,0.9999999746008055
2001-10-02,7.305713568130518e-08,0.9999999269428561,1,0.9999999269428561
2001-10-03,2.4662368346320966e-08,0.9999999753376234,1,0.9999999753376234
2001-10-04,5.6294672943305366e-08,0.999999943705319,1,0.999999943705319
2001-10-05,3.238962943664541e-08,0.9999999676103627,1,0.9999999676103627
2001-10-08,4.533537791914866e-08,0.9999999546646143,1,0.9999999546646143
2001-10-09,1.5300290379032658e-07,0.9999998469970885,1,0.9999998469970885
2001-10-10,4.50032134551765e-07,0.9999995499678577,1,0.9999995499678577
2001-10-11,2.317882858176625e-06,0.9999976821171341,1,0.9999976821171341
2001-10-12,9.609630513064528e-07,0.9999990390369408,1,0.9999990390369408
2001-10-15,2.1228144661354727e-06,0.999997877185526,1,0.999997877185526
2001-10-16,3.998160233805256e-06,0.9999960018397582,1,0.9999960018397582
2001-10-17,2.2745945898174846e-06,0.9999977254054023,1,0.9999977254054023
2001-10-18,3.3783900167493733e-06,0.9999966216099756,1,0.9999966216099756
2001-10-19,1.442702505523655e-06,0.9999985572974868,1,0.9999985572974868
2001-10-22,5.406370988866133e-06,0.9999945936290036,1,0.9999945936290036
2001-10-23,8.328665255631702e-06,0.9999916713347368,1,0.9999916713347368
2001-10-24,4.838695083744006e-06,0.9999951613049086,1,0.9999951613049086
2001-10-25,5.014786943672759e-06,0.9999949852130486,1,0.9999949852130486
2001-10-26,1.3243954335580013e-05,0.9999867560456569,1,0.9999867560456569
2001-10-29,1.0247955417875476e-05,0.9999897520445745,1,0.9999897520445745
2001-10-30,1.309994372722268e-05,0.9999869000562654,1,0.9999869000562654
2001-10-31,6.201507976092169e-06,0.9999937984920164,1,0.9999937984920164
2001-11-01,4.387364383909332e-06,0.9999956126356085,1,0.9999956126356085
2001-11-02,2.551787170086955e-06,0.9999974482128224,1,0.9999974482128224
2001-11-05,5.09276634095372e-06,0.9999949072336516,1,0.9999949072336516
2001-11-06,4.984100785822503e-06,0.9999950158992068,1,0.9999950158992068
2001-11-07,3.368742399681781e-05,0.9999663125759958,1,0.9999663125759958
2001-11-08,0.004538780478768655,0.9954612195212239,1,0.9954612195212239
2001-11-09,0.09554000143882589,0.9044599985611668,1,0.9044599985611668
2001-11-12,0.35775974868533655,0.642240251314656,1,0.642240251314656
2001-11-13,0.6717072783458391,0.3282927216541533,0,0.3282927216541533
2001-11-14,0.840845089610423,0.1591549103895695,0,0.1591549103895695
2001-11-15,0.9304351152768988,0.06956488472309345,0,0.06956488472309345
2001-11-16,0.9744195036360724,0.025580496363919656,0,0.025580496363919656
2001-11-19,0.9909116597679263,0.009088340232065726,0,0.009088340232065726
2001-11-20,0.9963727469229288,0.003627253077063258,0,0.003627253077063258
2001-11-21,0.9985917116670938,0.0014082883328980396,0,0.0014082883328980396
2001-11-22,0.9994035894918933,0.0005964105080985938,0,0.0005964105080985938
2001-11-23,0.9997047642326916,0.0002952357673004265,0,0.0002952357673004265
2001-11-26,0.9998328619278559,0.00016713807213606855,0,0.00016713807213606855
2001-11-27,0.9998875017572968,0.00011249824269516243,0,0.00011249824269516243
2001-11-28,0.99990170781917,9.829218082202039e-05,0,9.829218082202039e-05
2001-11-29,0.9999042283959305,9.577160406141892e-05,0,9.577160406141892e-05
2001-11-30,0.9999012801606819,9.871983931016045e-05,0,9.871983931016045e-05
2001-12-03,0.9999026315040074,9.736849598469818e-05,0,9.736849598469818e-05
2001-12-04,0.9999019709907141,9.802900927813783e-05,0,9.802900927813783e-05
2001-12-05,0.9998984652384172,0.00010153476157487285,0,0.00010153476157487285
2001-12-06,0.9998869576040161,0.00011304239597575988,0,0.00011304239597575988
2001-12-07,0.9998694161548551,0.0001305838451367746,0,0.0001305838451367746
2001-12-10,0.9998711142621183,0.00012888573787374466,0,0.00012888573787374466
2001-12-11,0.9998690232026592,0.0001309767973327076,0,0.0001309767973327076
2001-12-12,0.9998344963483902,0.00016550365160199158,0,0.00016550365160199158
2001-12-13,0.9998098446548019,0.00019015534519023014,0,0.00019015534519023014
2001-12-14,0.9997717064609557,0.00022829353903668618,0,0.00022829353903668618
2001-12-17,0.9997820389146408,0.00021796108535145179,0,0.00021796108535145179
2001-12-18,0.9997980890942563,0.0002019109057358045,0,0.0002019109057358045
2001-12-19,0.9998081082169578,0.00019189178303453256,0,0.00019189178303453256
2001-12-20,0.9998078953889965,0.0001921046109957274,0,0.0001921046109957274
2001-12-21,0.9998144921395338,0.0001855078604586418,0,0.0001855078604586418
2001-12-24,0.9998184829806979,0.00018151701929466256,0,0.00018151701929466256
2001-12-25,0.9998195266587244,0.0001804733412679594,0,0.0001804733412679594
2001-12-26,0.9998143461139871,0.00018565388600524173,0,0.00018565388600524173
2001-12-27,0.9997676686196999,0.00023233138029245235,0,0.00023233138029245235
2001-12-28,0.999637323407621,0.0003626765923713195,0,0.0003626765923713195
2001-12-31,0.999310797212347,0.0006892027876453256,0,0.0006892027876453256
2002-01-01,0.9991822651707624,0.0008177348292302085,0,0.0008177348292302085
2002-01-02,0.9992268275252476,0.000773172474745087,0,0.000773172474745087
2002-01-03,0.999461908407429,0.0005380915925636909,0,0.0005380915925636909
2002-01-04,0.9997002369032729,0.0002997630967198531,0,0.0002997630967198531
2002-01-07,0.9998512583969509,0.00014874160304203908,0,0.00014874160304203908
2002-01-08,0.999891467644553,0.00010853235543988866,0,0.00010853235543988866
2002-01-09,0.9998973442694922,0.00010265573050076453,0,0.00010265573050076453
2002-01-10,0.999883009176088,0.0001169908239049922,0,0.0001169908239049922
2002-01-11,0.9998853698168848,0.00011463018310812903,0,0.00011463018310812903
2002-01-14,0.9998911318464406,0.00010886815355233364,0,0.00010886815355233364
2002-01-15,0.9998893048032891,0.00011069519670390564,0,0.00011069519670390564
2002-01-16,0.9998915064871642,0.00010849351282889088,0,0.00010849351282889088
2002-01-17,0.9998976672881037,0.00010233271188944473,0,0.00010233271188944473
2002-01-18,0.9998946291477451,0.0001053708522479262,0,0.0001053708522479262
2002-01-21,0.9998960877413806,0.00010391225861225732,0,0.00010391225861225732
2002-01-22,0.9999028143059393,9.718569405369169e-05,0,9.718569405369169e-05
2002-01-23,0.9999027237735055,9.727622648752823e-05,0,9.727622648752823e-05
2002-01-24,0.9998972598574489,0.00010274014254417211,0,0.00010274014254417211
2002-01-25,0.9999010641625209,9.893583747228287e-05,0,9.893583747228287e-05
2002-01-28,0.9999051710005668,9.482899942649386e-05,0,9.482899942649386e-05
2002-01-29,0.9999027864607036,9.721353928957439e-05,0,9.721353928957439e-05
2002-01-30,0.9998949763569956,0.00010502364299781617,0,0.00010502364299781617
2002-01-31,0.999873261153945,0.0001267388460482634,0,0.0001267388460482634
2002-02-01,0.9998829085079827,0.00011709149201060508,0,0.00011709149201060508
2002-02-04,0.9998985872073857,0.00010141279260785558,0,0.00010141279260785558
2002-02-05,0.999897437350814,0.00010256264917949998,0,0.00010256264917949998
2002-02-06,0.9998954330460089,0.00010456695398463025,0,0.00010456695398463025
2002-02-07,0.9998939160127592,0.00010608398723436027,0,0.00010608398723436027
2002-02-08,0.9998781277791805,0.00012187222081292173,0,0.00012187222081292173
2002-02-11,0.9998811755223469,0.00011882447764667036,0,0.00011882447764667036
2002-02-12,0.999890921718069,0.000109078281924612,0,0.000109078281924612
2002-02-13,0.999901989792985,9.801020700856615e-05,0,9.801020700856615e-05
2002-02-14,0.9999059509295957,9.404907039796672e-05,0,9.404907039796672e-05
2002-02-15,0.9999042872120625,9.57127879310154e-05,0,9.57127879310154e-05
2002-02-18,0.9999001386669988,9.986133299495129e-05,0,9.986133299495129e-05
2002-02-19,0.9998845647253155,0.00011543527467822181,0,0.00011543527467822181
2002-02-20,0.9998862368948418,0.00011376310515180899,0,0.00011376310515180899
2002-02-21,0.999884073993984,0.00011592600600959124,0,0.00011592600600959124
2002-02-22,0.999855115231654,0.00014488476833965082,0,0.00014488476833965082
2002-02-25,0.9998531418112382,0.00014685818875556845,0,0.00014685818875556845
2002-02-26,0.9998110994362602,0.00018890056373361468,0,0.00018890056373361468
2002-02-27,0.9998622918337,0.00013770816629381385,0,0.00013770816629381385
2002-02-28,0.9998808495497232,0.00011915045027063734,0,0.00011915045027063734
2002-03-01,0.999896593950392,0.00010340604960187022,0,0.00010340604960187022
2002-03-04,0.9998959753884694,0.00010402461152444388,0,0.00010402461152444388
2002-03-05,0.9998788072127932,0.00012119278720071859,0,0.00012119278720071859
2002-03-06,0.9998361105323209,0.0001638894676731854,0,0.0001638894676731854
2002-03-07,0.9997834334501362,0.0002165665498580403,0,0.0002165665498580403
2002-03-08,0.9997527670612945,0.00024723293869968906,0,0.00024723293869968906
2002-03-11,0.9997980577047961,0.00020194229519817874,0,0.00020194229519817874
2002-03-12,0.9998323787234074,0.0001676212765869015,0,0.0001676212765869015
2002-03-13,0.9997960663130661,0.0002039336869283914,0,0.0002039336869283914
2002-03-14,0.9996316687508943,0.0003683312491001221,0,0.0003683312491001221
2002-03-15,0.999304136558983,0.0006958634410114579,0,0.0006958634410114579
2002-03-18,0.9988663680014606,0.001133631998533917,0,0.001133631998533917
2002-03-19,0.9985960850562754,0.0014039149437189665,0,0.0014039149437189665
2002-03-20,0.9987209399118976,0.0012790600880967598,0,0.0012790600880967598
2002-03-21,0.9991321364035244,0.0008678635964698724,0,0.0008678635964698724
2002-03-22,0.9996462507263845,0.0003537492736097372,0,0.0003537492736097372
2002-03-25,0.9998258085738478,0.00017419142614626595,0,0.00017419142614626595
2002-03-26,0.9998610306425002,0.00013896935749377386,0,0.00013896935749377386
2002-03-27,0.9998767025363152,0.00012329746367878617,0,0.00012329746367878617
2002-03-28,0.999854623382416,0.00014537661757811537,0,0.00014537661757811537
2002-03-29,0.9998484432809732,0.0001515567190209408,0,0.0001515567190209408
2002-04-01,0.9998557429923997,0.00014425700759462115,0,0.00014425700759462115
2002-04-02,0.9998794961131996,0.00012050388679456197,0,0.00012050388679456197
2002-04-03,0.9998997342248475,0.0001002657751466869,0,0.0001002657751466869
2002-04-04,0.9999031064613203,9.68935386739887e-05,0,9.68935386739887e-05
2002-04-05,0.9998977327399522,0.00010226726004212999,0,0.00010226726004212999
2002-04-08,0.9998958390518504,0.00010416094814409003,0,0.00010416094814409003
2002-04-09,0.9999003734816363,9.962651835796041e-05,0,9.962651835796041e-05
2002-04-10,0.9998893051759462,0.00011069482404804049,0,0.00011069482404804049
2002-04-11,0.999878344776624,0.00012165522337015248,0,0.00012165522337015248
2002-04-12,0.9998635701345446,0.00013642986544961917,0,0.00013642986544961917
2002-04-15,0.9998785695726564,0.00012143042733797254,0,0.00012143042733797254
2002-04-16,0.9998995546615957,0.00010044533839851614,0,0.00010044533839851614
2002-04-17,0.999902418820773,9.758117922125528e-05,0,9.758117922125528e-05
2002-04-18,0.999893559050357,0.00010644094963727283,0,0.00010644094963727283
2002-04-19,0.9999027391856427,9.726081435149122e-05,0,9.726081435149122e-05
2002-04-22,0.9999001819569966,9.981804299762822e-05,0,9.981804299762822e-05
2002-04-23,0.9999002387860958,9.976121389826785e-05,0,9.976121389826785e-05
2002-04-24,0.9998942316926753,0.00010576830731888774,0,0.00010576830731888774
2002-04-25,0.9998597457319514,0.00014025426804282665,0,0.00014025426804282665
2002-04-26,0.9998381927864697,0.00016180721352458495,0,0.00016180721352458495
2002-04-29,0.9998242351039068,0.00017576489608748332,0,0.00017576489608748332
2002-04-30,0.9997994203567716,0.00020057964322272909,0,0.00020057964322272909
2002-05-01,0.9996728203601025,0.0003271796398916778,0,0.0003271796398916778
2002-05-02,0.9995124806297434,0.00048751937025082404,0,0.00048751937025082404
2002-05-03,0.998906243717707,0.0010937562822871502,0,0.0010937562822871502
2002-05-06,0.9985673591755699,0.0014326408244238916,0,0.0014326408244238916
2002-05-07,0.9990581957358693,0.0009418042641246083,0,0.0009418042641246083
2002-05-08,0.9995726387956815,0.00042736120431221506,0,0.00042736120431221506
2002-05-09,0.9997232517849155,0.00027674821507832776,0,0.00027674821507832776
2002-05-10,0.999808771045316,0.00019122895467796214,0,0.00019122895467796214
2002-05-13,0.999831699072071,0.00016830092792263765,0,0.00016830092792263765
2002-05-14,0.9998195782856192,0.00018042171437477022,0,0.00018042171437477022
2002-05-15,0.9996483172688995,0.0003516827310943108,0,0.0003516827310943108
2002-05-16,0.9989730820890711,0.0010269179109228042,0,0.0010269179109228042
2002-05-17,0.9967181099264434,0.0032818900735506933,0,0.0032818900735506933
2002-05-20,0.9919878440137542,0.008012155986239784,0,0.008012155986239784
2002-05-21,0.9886960840255101,0.011303915974483821,0,0.011303915974483821
2002-05-22,0.9863437464357564,0.013656253564237619,0,0.013656253564237619
2002-05-23,0.9861404077212081,0.01385959227878594,0,0.01385959227878594
2002-05-24,0.9889150591878068,0.011084940812187385,0,0.011084940812187385
2002-05-27,0.9919531920827303,0.008046807917263874,0,0.008046807917263874
2002-05-28,0.9952176065083072,0.00478239349168698,0,0.00478239349168698
2002-05-29,0.996552147938037,0.003447852061957,0,0.003447852061957
2002-05-30,0.9979245529241549,0.0020754470758391932,0,0.0020754470758391932
2002-05-31,0.9991617696380649,0.0008382303619293552,0,0.0008382303619293552
2002-06-03,0.9996907845386955,0.0003092154612985011,0,0.0003092154612985011
2002-06-04,0.9998377233073188,0.00016227669267541262,0,0.00016227669267541262
2002-06-05,0.9998547965089093,0.0001452034910848526,0,0.0001452034910848526
2002-06-06,0.999888494757284,0.00011150524271008223,0,0.00011150524271008223
2002-06-07,0.9998856763508588,0.00011432364913517855,0,0.00011432364913517855
2002-06-10,0.9998472275074084,0.00015277249258551968,0,0.00015277249258551968
2002-06-11,0.999890986895568,0.00010901310442597948,0,0.00010901310442597948
2002-06-12,0.9999009994116039,9.900058838992879e-05,0,9.900058838992879e-05
2002-06-13,0.9998956647836218,0.00010433521637205128,0,0.00010433521637205128
2002-06-14,0.9999001350602793,9.986493971479123e-05,0,9.986493971479123e-05
2002-06-17,0.9998971848960577,0.00010281510393633617,0,0.00010281510393633617
2002-06-18,0.999882504483103,0.00011749551689095995,0,0.00011749551689095995
2002-06-19,0.9998154164660946,0.0001845835338994099,0,0.0001845835338994099
2002-06-20,0.999574196905553,0.00042580309444117655,0,0.00042580309444117655
2002-06-21,0.9991627577250901,0.0008372422749040442,0,0.0008372422749040442
2002-06-24,0.9991353642952481,0.0008646357047461502,0,0.0008646357047461502
2002-06-25,0.9996214958668042,0.0003785041331901388,0,0.0003785041331901388
2002-06-26,0.99977267556019,0.00022732443980409656,0,0.00022732443980409656
2002-06-27,0.9997846498851973,0.00021535011479690327,0,0.00021535011479690327
2002-06-28,0.9996045828988837,0.00039541710111053543,0,0.00039541710111053543
2002-07-01,0.9995949433875887,0.00040505661240542216,0,0.00040505661240542216
2002-07-02,0.9997358092539773,0.0002641907460166865,0,0.0002641907460166865
2002-07-03,0.9998021553484372,0.00019784465155673735,0,0.00019784465155673735
2002-07-04,0.9998081622007128,0.0001918377992811076,0,0.0001918377992811076
2002-07-05,0.9997667913244699,0.00023320867552409748,0,0.00023320867552409748
2002-07-08,0.9996323156790757,0.00036768432091831,0,0.00036768432091831
2002-07-09,0.9994203591900864,0.0005796408099076136,0,0.0005796408099076136
2002-07-10,0.998533054314432,0.0014669456855620658,0,0.0014669456855620658
2002-07-11,0.9955042010381496,0.004495798961844534,0,0.004495798961844534
2002-07-12,0.9845967154119927,0.015403284588001375,0,0.015403284588001375
2002-07-15,0.947251929547891,0.05274807045210308,0,0.05274807045210308
2002-07-16,0.8938312388404202,0.106168761159574,0,0.106168761159574
2002-07-17,0.7365301126604882,0.26346988733950594,0,0.26346988733950594
2002-07-18,0.447293364856294,0.5527066351437003,1,0.5527066351437003
2002-07-19,0.00901532115852512,0.9909846788414689,1,0.9909846788414689
2002-07-22,9.568306730809296e-06,0.9999904316932634,1,0.9999904316932634
2002-07-23,1.3376717631463889e-05,0.9999866232823628,1,0.9999866232823628
2002-07-24,2.5356083399158225e-05,0.9999746439165951,1,0.9999746439165951
2002-07-25,7.8103680728083e-05,0.9999218963192661,1,0.9999218963192661
2002-07-26,0.0008419356133104313,0.999158064386684,1,0.999158064386684
2002-07-29,0.0015360985182807673,0.9984639014817134,1,0.9984639014817134
2002-07-30,0.0010751537156914292,0.9989248462843029,1,0.9989248462843029
2002-07-31,0.00032308777554972124,0.9996769122244445,1,0.9996769122244445
2002-08-01,0.00016657263914701006,0.9998334273608475,1,0.9998334273608475
2002-08-02,2.6343205094943214e-05,0.9999736567948995,1,0.9999736567948995
2002-08-05,1.4623911111841897e-06,0.999998537608883,1,0.999998537608883
2002-08-06,9.814922454732882e-06,0.9999901850775396,1,0.9999901850775396
2002-08-07,3.428177807901584e-08,0.9999999657182163,1,0.9999999657182163
2002-08-08,1.3373731885866606e-06,0.9999986626268056,1,0.9999986626268056
2002-08-09,4.536171487193198e-07,0.9999995463828455,1,0.9999995463828455
2002-08-12,6.813453535700922e-07,0.9999993186546405,1,0.9999993186546405
2002-08-13,4.863933952137897e-07,0.9999995136065989,1,0.9999995136065989
2002-08-14,5.557011136629915e-07,0.9999994442988803,1,0.9999994442988803
2002-08-15,3.1078444803006515e-06,0.9999968921555136,1,0.9999968921555136
2002-08-16,1.608903659564319e-06,0.9999983910963345,1,0.9999983910963345
2002-08-19,4.976712054011342e-05,0.9999502328794538,1,0.9999502328794538
2002-08-20,7.475109105476853e-05,0.9999252489089392,1,0.9999252489089392
2002-08-21,8.245719384169564e-05,0.9999175428061521,1,0.9999175428061521
2002-08-22,0.0003486057766750074,0.999651394223319,1,0.999651394223319
2002-08-23,0.0004596986310815357,0.9995403013689124,1,0.9995403013689124
2002-08-26,0.00035860550656777445,0.999641394493426,1,0.999641394493426
2002-08-27,0.0001689417130305833,0.9998310582869632,1,0.9998310582869632
2002-08-28,0.00012504741931455013,0.9998749525806792,1,0.9998749525806792
2002-08-29,5.399429051465465e-05,0.999946005709479,1,0.999946005709479
2002-08-30,7.963623109222173e-05,0.9999203637689014,1,0.9999203637689014
2002-09-02,7.326499910728414e-05,0.9999267350008862,1,0.9999267350008862
2002-09-03,6.679725784983145e-06,0.9999933202742084,1,0.9999933202742084
2002-09-04,2.0411593501786127e-06,0.999997958840643,1,0.999997958840643
2002-09-05,1.3221732301294238e-07,0.9999998677826704,1,0.9999998677826704
2002-09-06,3.0900462241640395e-07,0.999999690995371,1,0.999999690995371
2002-09-09,8.525734333170015e-06,0.9999914742656604,1,0.9999914742656604
2002-09-10,0.00015524509293328664,0.99984475490706,1,0.99984475490706
2002-09-11,0.00019436940642168288,0.9998056305935716,1,0.9998056305935716
2002-09-12,0.00010130794652121075,0.999898692053472,1,0.999898692053472
2002-09-13,6.822272571368187e-05,0.9999317772742796,1,0.9999317772742796
2002-09-16,9.736749887679887e-06,0.9999902632501056,1,0.9999902632501056
2002-09-17,7.295061005497858e-06,0.999992704938988,1,0.999992704938988
2002-09-18,1.5470516617589584e-07,0.9999998452948271,1,0.9999998452948271
2002-09-19,5.577023471205261e-08,0.9999999442297586,1,0.9999999442297586
2002-09-20,3.801493989044787e-07,0.9999996198505945,1,0.9999996198505945
2002-09-23,8.591116092878046e-08,0.9999999140888326,1,0.9999999140888326
2002-09-24,5.293631233659978e-09,0.9999999947063625,1,0.9999999947063625
2002-09-25,1.7807256717777355e-07,0.9999998219274263,1,0.9999998219274263
2002-09-26,8.129279192941722e-07,0.9999991870720742,1,0.9999991870720742
2002-09-27,8.930647031205835e-08,0.9999999106935231,1,0.9999999106935231
2002-09-30,1.0960418773442104e-08,0.9999999890395748,1,0.9999999890395748
2002-10-01,2.016253854325865e-07,0.9999997983746081,1,0.9999997983746081
2002-10-02,6.40619821326851e-07,0.9999993593801721,1,0.9999993593801721
2002-10-03,1.802122338141156e-07,0.9999998197877599,1,0.9999998197877599
2002-10-04,3.2823682299984164e-08,0.9999999671763113,1,0.9999999671763113
2002-10-07,1.038644215666565e-07,0.999999896135572,1,0.999999896135572
2002-10-08,6.924609417382606e-07,0.9999993075390519,1,0.9999993075390519
2002-10-09,4.412407866836133e-07,0.999999558759207,1,0.999999558759207
2002-10-10,1.3243336961735317e-05,0.9999867566630319,1,0.9999867566630319
2002-10-11,0.0001893197675210223,0.9998106802324725,1,0.9998106802324725
2002-10-14,0.0007713712647011762,0.9992286287352924,1,0.9992286287352924
2002-10-15,0.024092649207282348,0.9759073507927114,1,0.9759073507927114
2002-10-16,0.10225643108049234,0.8977435689195014,1,0.8977435689195014
2002-10-17,0.5385212484849521,0.4614787515150417,0,0.4614787515150417
2002-10-18,0.7490667623365,0.2509332376634939,0,0.2509332376634939
2002-10-21,0.8991071399805725,0.10089286001942144,0,0.10089286001942144
2002-10-22,0.9493795904726254,0.050620409527368265,0,0.050620409527368265
2002-10-23,0.9768503191527166,0.023149680847277178,0,0.023149680847277178
2002-10-24,0.9922043694174381,0.0077956305825557124,0,0.0077956305825557124
2002-10-25,0.9973146347687976,0.0026853652311962265,0,0.0026853652311962265
2002-10-28,0.9987526812085467,0.0012473187914471045,0,0.0012473187914471045
2002-10-29,0.9991250239992291,0.0008749760007645793,0,0.0008749760007645793
2002-10-30,0.9994523102789408,0.0005476897210527454,0,0.0005476897210527454
2002-10-31,0.999733390880428,0.0002666091195656753,0,0.0002666091195656753
2002-11-01,0.9998525749219986,0.00014742507799522222,0,0.00014742507799522222
2002-11-04,0.9998890325994004,0.00011096740059348966,0,0.00011096740059348966
2002-11-05,0.9998929040575368,0.00010709594245708333,0,0.00010709594245708333
2002-11-06,0.9998816066638379,0.0001183933361560356,0,0.0001183933361560356
2002-11-07,0.9998165900707977,0.00018340992919610723,0,0.00018340992919610723
2002-11-08,0.9997923455887432,0.0002076544112507052,0,0.0002076544112507052
2002-11-11,0.999809756784586,0.00019024321540780017,0,0.00019024321540780017
2002-11-12,0.999788444197261,0.00021155580273280337,0,0.00021155580273280337
2002-11-13,0.9998383775218748,0.00016162247811907384,0,0.00016162247811907384
2002-11-14,0.9998464137686272,0.00015358623136684196,0,0.00015358623136684196
2002-11-15,0.9998612168355445,0.00013878316444946895,0,0.00013878316444946895
2002-11-18,0.9998935320074079,0.00010646799258585163,0,0.00010646799258585163
2002-11-19,0.9998976493262528,0.00010235067374107468,0,0.00010235067374107468
2002-11-20,0.9998808824525526,0.00011911754744128273,0,0.00011911754744128273
2002-11-21,0.9998763494618554,0.0001236505381382932,0,0.0001236505381382932
2002-11-22,0.9998898708823262,0.00011012911766752483,0,0.00011012911766752483
2002-11-25,0.9998718375313934,0.00012816246860032464,0,0.00012816246860032464
2002-11-26,0.9998315999541166,0.00016840004587729,0,0.00016840004587729
2002-11-27,0.999649599274383,0.0003504007256108786,0,0.0003504007256108786
2002-11-28,0.999535007294646,0.0004649927053478591,0,0.0004649927053478591
2002-11-29,0.9994571151903247,0.0005428848096691004,0,0.0005428848096691004
2002-12-02,0.999395802180998,0.0006041978189960397,0,0.0006041978189960397
2002-12-03,0.9995449842536428,0.000455015746351095,0,0.000455015746351095
2002-12-04,0.9996007556768342,0.000399244323159728,0,0.000399244323159728
2002-12-05,0.9994820869672644,0.0005179130327296882,0,0.0005179130327296882
2002-12-06,0.9987130039427288,0.0012869960572651274,0,0.0012869960572651274
2002-12-09,0.9957659504066815,0.004234049593312542,0,0.004234049593312542
2002-12-10,0.9862495742854438,0.013750425714550162,0,0.013750425714550162
2002-12-11,0.9504299449076288,0.049570055092365096,0,0.049570055092365096
2002-12-12,0.817471470771053,0.18252852922894108,0,0.18252852922894108
2002-12-13,0.5146879578737314,0.4853120421262627,0,0.4853120421262627
2002-12-16,0.20961321812306588,0.7903867818769281,1,0.7903867818769281
2002-12-17,0.07327050594235054,0.9267294940576436,1,0.9267294940576436
2002-12-18,0.004931227842484444,0.9950687721575098,1,0.9950687721575098
2002-12-19,5.8705350038652104e-05,0.9999412946499556,1,0.9999412946499556
2002-12-20,1.2933917400675203e-05,0.9999870660825936,1,0.9999870660825936
2002-12-23,3.895527031342969e-06,0.9999961044729628,1,0.9999961044729628
2002-12-24,2.7811936483022196e-07,0.9999997218806292,1,0.9999997218806292
2002-12-25,3.406637412161764e-07,0.9999996593362528,1,0.9999996593362528
2002-12-26,4.854344392048667e-08,0.99999995145655,1,0.99999995145655
2002-12-27,1.2697991936252445e-07,0.9999998730200745,1,0.9999998730200745
2002-12-30,1.4661129756700022e-06,0.999998533887018,1,0.999998533887018
2002-12-31,2.466061577273128e-07,0.999999753393836,1,0.999999753393836
2003-01-01,3.3718439458569497e-07,0.9999996628155992,1,0.9999996628155992
2003-01-02,1.2394853426477449e-05,0.9999876051465675,1,0.9999876051465675
2003-01-03,2.3759083899729653e-05,0.9999762409160942,1,0.9999762409160942
2003-01-06,8.304536998843988e-05,0.9999169546300056,1,0.9999169546300056
2003-01-07,0.0002102199042666122,0.9997897800957275,1,0.9997897800957275
2003-01-08,0.000321989982923985,0.9996780100170701,1,0.9996780100170701
2003-01-09,0.000688210877208035,0.999311789122786,1,0.999311789122786
2003-01-10,0.0011651263423722276,0.998834873657622,1,0.998834873657622
2003-01-13,0.0033446420391769704,0.9966553579608172,1,0.9966553579608172
2003-01-14,0.007057549153401096,0.992942450846593,1,0.992942450846593
2003-01-15,0.008825036206539488,0.9911749637934545,1,0.9911749637934545
2003-01-16,0.00796416562661495,0.9920358343733792,1,0.9920358343733792
2003-01-17,0.007431875460990383,0.9925681245390039,1,0.9925681245390039
2003-01-20,0.007137887923916708,0.9928621120760774,1,0.9928621120760774
2003-01-21,0.007003936121349383,0.9929960638786449,1,0.9929960638786449
2003-01-22,0.005496420507984689,0.9945035794920096,1,0.9945035794920096
2003-01-23,0.002515325837324661,0.9974846741626697,1,0.9974846741626697
2003-01-24,0.000619120818224722,0.9993808791817698,1,0.9993808791817698
2003-01-27,9.232637954199635e-05,0.9999076736204525,1,0.9999076736204525
2003-01-28,0.00014993086978529115,0.999850069130209,1,0.999850069130209
2003-01-29,0.002441888542118075,0.9975581114578763,1,0.9975581114578763
2003-01-30,0.008454942767123092,0.9915450572328712,1,0.9915450572328712
2003-01-31,0.011318016191694332,0.9886819838082999,1,0.9886819838082999
2003-02-03,0.011311828213969682,0.9886881717860244,1,0.9886881717860244
2003-02-04,0.010248783151703843,0.98975121684829,1,0.98975121684829
2003-02-05,0.01656550624553575,0.9834344937544581,1,0.9834344937544581
2003-02-06,0.044029844114160485,0.9559701558858336,1,0.9559701558858336
2003-02-07,0.13261663078649627,0.8673833692134977,1,0.8673833692134977
2003-02-10,0.5432978142382057,0.45670218576178856,0,0.45670218576178856
2003-02-11,0.7807556263129558,0.21924437368703809,0,0.21924437368703809
2003-02-12,0.8992328522821624,0.10076714771783155,0,0.10076714771783155
2003-02-13,0.9327028030798377,0.06729719692015614,0,0.06729719692015614
2003-02-14,0.9724160822822978,0.02758391771769587,0,0.02758391771769587
2003-02-17,0.9885477855165942,0.011452214483399548,0,0.011452214483399548
2003-02-18,0.9950139665805354,0.004986033419458211,0,0.004986033419458211
2003-02-19,0.9974871156746402,0.0025128843253534932,0,0.0025128843253534932
2003-02-20,0.9988234074356195,0.001176592564374199,0,0.001176592564374199
2003-02-21,0.9996150517508807,0.00038494824911317326,0,0.00038494824911317326
2003-02-24,0.9998235769922367,0.00017642300775699222,0,0.00017642300775699222
2003-02-25,0.9998676363171416,0.00013236368285224218,0,0.00013236368285224218
2003-02-26,0.999840436215893,0.00015956378410090022,0,0.00015956378410090022
2003-02-27,0.9997923661038818,0.00020763389611222848,0,0.00020763389611222848
2003-02-28,0.999856648384104,0.00014335161588979744,0,0.00014335161588979744
2003-03-03,0.9998375070658516,0.000162492934142183,0,0.000162492934142183
2003-03-04,0.9998527931884328,0.0001472068115608869,0,0.0001472068115608869
2003-03-05,0.9997671020128943,0.00023289798709949684,0,0.00023289798709949684
2003-03-06,0.9995495301343814,0.0004504698656124541,0,0.0004504698656124541
2003-03-07,0.9995640553535482,0.0004359446464456589,0,0.0004359446464456589
2003-03-10,0.9991063055583389,0.0008936944416550678,0,0.0008936944416550678
2003-03-11,0.9984186970039406,0.0015813029960534328,0,0.0015813029960534328
2003-03-12,0.9956589491703326,0.004341050829661276,0,0.004341050829661276
2003-03-13,0.9856105668079784,0.014389433192015208,0,0.014389433192015208
2003-03-14,0.9550528031800718,0.04494719681992183,0,0.04494719681992183
2003-03-17,0.8649259048177184,0.13507409518227548,0,0.13507409518227548
2003-03-18,0.7532359091331917,0.24676409086680215,0,0.24676409086680215
2003-03-19,0.5228253342984116,0.477174665701582,0,0.477174665701582
2003-03-20,0.38066873533832696,0.6193312646616667,1,0.6193312646616667
2003-03-21,0.28713540006281785,0.7128645999371755,1,0.7128645999371755
2003-03-24,0.2985722064295967,0.7014277935703969,1,0.7014277935703969
2003-03-25,0.3488768865487043,0.6511231134512894,1,0.6511231134512894
2003-03-26,0.6665783718174267,0.33342162818256643,0,0.33342162818256643
2003-03-27,0.8933309597419792,0.10666904025801388,0,0.10666904025801388
2003-03-28,0.964286080785919,0.03571391921407391,0,0.03571391921407391
2003-03-31,0.9846273402939274,0.015372659706065715,0,0.015372659706065715
2003-04-01,0.9955303281564571,0.004469671843536052,0,0.004469671843536052
2003-04-02,0.9986876003103392,0.0013123996896538003,0,0.0013123996896538003
2003-04-03,0.9995242396936058,0.0004757603063870651,0,0.0004757603063870651
2003-04-04,0.9997017913300339,0.0002982086699591072,0,0.0002982086699591072
2003-04-07,0.9996147880548808,0.00038521194511195283,0,0.00038521194511195283
2003-04-08,0.9997352491448754,0.0002647508551174337,0,0.0002647508551174337
2003-04-09,0.9998426996759809,0.00015730032401194643,0,0.00015730032401194643
2003-04-10,0.9998675579954227,0.00013244200457031784,0,0.00013244200457031784
2003-04-11,0.9998177617152474,0.0001822382847456602,0,0.0001822382847456602
2003-04-14,0.9996756524764782,0.00032434752351496326,0,0.00032434752351496326
2003-04-15,0.9994563681811216,0.0005436318188713084,0,0.0005436318188713084
2003-04-16,0.9994136129565107,0.0005863870434823248,0,0.0005863870434823248
2003-04-17,0.9994494784357542,0.0005505215642390233,0,0.0005505215642390233
2003-04-18,0.9995730349074254,0.00042696509256756973,0,0.00042696509256756973
2003-04-21,0.999813923768181,0.00018607623181188395,0,0.00018607623181188395
2003-04-22,0.9998707096897714,0.00012929031022161785,0,0.00012929031022161785
2003-04-23,0.9998853741502973,0.0001146258496957345,0,0.0001146258496957345
2003-04-24,0.9998560295821655,0.0001439704178275971,0,0.0001439704178275971
2003-04-25,0.9998609692195802,0.00013903078041269757,0,0.00013903078041269757
2003-04-28,0.9998549716737544,0.00014502832623857032,0,0.00014502832623857032
2003-04-29,0.9998472972321596,0.00015270276783340827,0,0.00015270276783340827
2003-04-30,0.9997277728816626,0.00027222711833047443,0,0.00027222711833047443
2003-05-01,0.9994283141274769,0.0005716858725160525,0,0.0005716858725160525
2003-05-02,0.9989498974478325,0.0010501025521603832,0,0.0010501025521603832
2003-05-05,0.9986903599067989,0.0013096400931940358,0,0.0013096400931940358
2003-05-06,0.9990473314135261,0.0009526685864668075,0,0.0009526685864668075
2003-05-07,0.9995044226448878,0.0004955773551052012,0,0.0004955773551052012
2003-05-08,0.9995722437793593,0.0004277562206339223,0,0.0004277562206339223
2003-05-09,0.9996171496142774,0.0003828503857157966,0,0.0003828503857157966
2003-05-12,0.9997465987526076,0.0002534012473856122,0,0.0002534012473856122
2003-05-13,0.9997952049166803,0.00020479508331298685,0,0.00020479508331298685
2003-05-14,0.9996601595838233,0.000339840416169792,0,0.000339840416169792
2003-05-15,0.9991265702497989,0.0008734297501942607,0,0.0008734297501942607
2003-05-16,0.9972331672045247,0.0027668327954683304,0,0.0027668327954683304
2003-05-19,0.9912724838187923,0.008727516181200653,0,0.008727516181200653
2003-05-20,0.9851279105390036,0.01487208946098923,0,0.01487208946098923
2003-05-21,0.9815557288868704,0.0184442711131223,0,0.0184442711131223
2003-05-22,0.9817843902235074,0.018215609776485266,0,0.018215609776485266
2003-05-23,0.9832349249389831,0.01676507506100967,0,0.01676507506100967
2003-05-26,0.9868592759539941,0.013140724045998666,0,0.013140724045998666
2003-05-27,0.9931074895573176,0.006892510442675107,0,0.006892510442675107
2003-05-28,0.9959734001612338,0.004026599838759043,0,0.004026599838759043
2003-05-29,0.997536918761473,0.002463081238519661,0,0.002463081238519661
2003-05-30,0.9992475922622007,0.0007524077377918049,0,0.0007524077377918049
2003-06-02,0.9997283585660042,0.0002716414339882183,0,0.0002716414339882183
2003-06-03,0.9998518022076752,0.0001481977923171802,0,0.0001481977923171802
2003-06-04,0.9998823505604353,0.00011764943955715712,0,0.00011764943955715712
2003-06-05,0.9998669168294045,0.0001330831705878535,0,0.0001330831705878535
2003-06-06,0.999890421619725,0.00010957838026734795,0,0.00010957838026734795
2003-06-09,0.9998807417910683,0.00011925820892402678,0,0.00011925820892402678
2003-06-10,0.999886702504539,0.00011329749545342936,0,0.00011329749545342936
2003-06-11,0.9998900944100491,0.0001099055899433107,0,0.0001099055899433107
2003-06-12,0.9998581482248121,0.00014185177518018403,0,0.00014185177518018403
2003-06-13,0.9998784356303952,0.00012156436959701034,0,0.00012156436959701034
2003-06-16,0.9998702098748805,0.00012979012511153313,0,0.00012979012511153313
2003-06-17,0.9998915304398354,0.00010846956015653866,0,0.00010846956015653866
2003-06-18,0.999879579047902,0.0001204209520899623,0,0.0001204209520899623
2003-06-19,0.9998803430355424,0.00011965696444942021,0,0.00011965696444942021
2003-06-20,0.9998460621628112,0.00015393783718056843,0,0.00015393783718056843
2003-06-23,0.999759120630303,0.0002408793696888061,0,0.0002408793696888061
2003-06-24,0.9994967283921143,0.000503271607877537,0,0.000503271607877537
2003-06-25,0.9996219111524373,0.00037808884755483404,0,0.00037808884755483404
2003-06-26,0.9994740577540858,0.0005259422459063676,0,0.0005259422459063676
2003-06-27,0.9991124446907629,0.0008875553092294452,0,0.0008875553092294452
2003-06-30,0.9985312844465575,0.0014687155534349858,0,0.0014687155534349858
2003-07-01,0.9962803457493322,0.0037196542506602558,0,0.0037196542506602558
2003-07-02,0.9887701800863073,0.011229819913685326,0,0.011229819913685326
2003-07-03,0.9616291543588555,0.038370845641137005,0,0.038370845641137005
2003-07-04,0.866996990196205,0.13300300980378735,0,0.13300300980378735
2003-07-07,0.5355182540028357,0.46448174599715664,0,0.46448174599715664
2003-07-08,0.1667870048056911,0.8332129951943009,1,0.8332129951943009
2003-07-09,0.007544060219198511,0.9924559397807937,1,0.9924559397807937
2003-07-10,0.0004521405733244949,0.9995478594266676,1,0.9995478594266676
2003-07-11,5.728889197948257e-05,0.9999427111080127,1,0.9999427111080127
2003-07-14,2.242729674957252e-06,0.9999977572703171,1,0.9999977572703171
2003-07-15,2.0754495419039124e-07,0.999999792455038,1,0.999999792455038
2003-07-16,6.599845193758617e-07,0.999999340015473,1,0.999999340015473
2003-07-17,7.012322043671743e-05,0.9999298767795556,1,0.9999298767795556
2003-07-18,0.001191274714216294,0.998808725285776,1,0.998808725285776
2003-07-21,0.015938900239386936,0.9840610997606053,1,0.9840610997606053
2003-07-22,0.028571807907950386,0.971428192092042,1,0.971428192092042
2003-07-23,0.03590086430710325,0.9640991356928891,1,0.9640991356928891
2003-07-24,0.035579446984142435,0.9644205530158498,1,0.9644205530158498
2003-07-25,0.030181407766375123,0.9698185922336171,1,0.9698185922336171
2003-07-28,0.019345192983467787,0.9806548070165244,1,0.9806548070165244
2003-07-29,0.007689282788940894,0.9923107172110511,1,0.9923107172110511
2003-07-30,0.0010594960845068079,0.9989405039154852,1,0.9989405039154852
2003-07-31,1.5116277554051365e-06,0.9999984883722367,1,0.9999984883722367
2003-08-01,3.0561595267534725e-09,0.9999999969438326,1,0.9999999969438326
2003-08-04,2.692206043597853e-07,0.9999997307793876,1,0.9999997307793876
2003-08-05,4.930827218649894e-07,0.9999995069172701,1,0.9999995069172701
2003-08-06,4.193119342344057e-06,0.9999958068806498,1,0.9999958068806498
2003-08-07,0.0001466875751375787,0.9998533124248545,1,0.9998533124248545
2003-08-08,0.045554316143826074,0.9544456838561659,1,0.9544456838561659
2003-08-11,0.2438592289361527,0.7561407710638393,1,0.7561407710638393
2003-08-12,0.5731159966157711,0.4268840033842208,0,0.4268840033842208
2003-08-13,0.7690697447099792,0.23093025529001235,0,0.23093025529001235
2003-08-14,0.8532951403526255,0.14670485964736593,0,0.14670485964736593
2003-08-15,0.8841397324485472,0.11586026755144445,0,0.11586026755144445
2003-08-18,0.89381321827339,0.10618678172660154,0,0.10618678172660154
2003-08-19,0.9067425042472851,0.09325749575270655,0,0.09325749575270655
2003-08-20,0.9222692356510415,0.07773076434895008,0,0.07773076434895008
2003-08-21,0.9318524961693482,0.06814750383064348,0,0.06814750383064348
2003-08-22,0.9481914124287786,0.05180858757121327,0,0.05180858757121327
2003-08-25,0.9627560691705431,0.037243930829448754,0,0.037243930829448754
2003-08-26,0.9883092753699967,0.011690724629995248,0,0.011690724629995248
2003-08-27,0.9963526316880831,0.003647368311908873,0,0.003647368311908873
2003-08-28,0.9988242656327982,0.001175734367193612,0,0.001175734367193612
2003-08-29,0.9995906059689053,0.0004093940310866617,0,0.0004093940310866617
2003-09-01,0.9997809783883619,0.00021902161162992608,0,0.00021902161162992608
2003-09-02,0.9997680736767232,0.00023192632326855692,0,0.00023192632326855692
2003-09-03,0.9996173326263468,0.00038266737364489275,0,0.00038266737364489275
2003-09-04,0.9996988011848367,0.00030119881515502565,0,0.00030119881515502565
2003-09-05,0.9996963129919813,0.0003036870080104444,0,0.0003036870080104444
2003-09-08,0.9997104847821342,0.00028951521785771213,0,0.00028951521785771213
2003-09-09,0.9998309154755676,0.0001690845244243059,0,0.0001690845244243059
2003-09-10,0.999843630899803,0.0001563691001889606,0,0.0001563691001889606
2003-09-11,0.9998761422574871,0.00012385774250482748,0,0.00012385774250482748
2003-09-12,0.9998880059593236,0.00011199404066834147,0,0.00011199404066834147
2003-09-15,0.9998667009700122,0.00013329902997964455,0,0.00013329902997964455
2003-09-16,0.999869911249513,0.00013008875047868765,0,0.00013008875047868765
2003-09-17,0.9998560703389449,0.0001439296610467886,0,0.0001439296610467886
2003-09-18,0.9998428233633362,0.00015717663665558296,0,0.00015717663665558296
2003-09-19,0.9998739543586314,0.00012604564136025806,0,0.00012604564136025806
2003-09-22,0.9998539081739434,0.000146091826048209,0,0.000146091826048209
2003-09-23,0.9997733113149048,0.00022668868508675424,0,0.00022668868508675424
2003-09-24,0.9995768385680948,0.00042316143189661344,0,0.00042316143189661344
2003-09-25,0.9990157782182906,0.0009842217817009366,0,0.0009842217817009366
2003-09-26,0.9968211483173834,0.003178851682608255,0,0.003178851682608255
2003-09-29,0.9887533006818223,0.011246699318169288,0,0.011246699318169288
2003-09-30,0.9596848890995374,0.040315110900454296,0,0.040315110900454296
2003-10-01,0.9040203361211738,0.09597966387881772,0,0.09597966387881772
2003-10-02,0.7302574927124668,0.2697425072875251,0,0.2697425072875251
2003-10-03,0.11068156239413884,0.8893184376058532,1,0.8893184376058532
2003-10-06,0.03696438701549986,0.9630356129844924,1,0.9630356129844924
2003-10-07,0.010855608580510066,0.989144391419482,1,0.989144391419482
2003-10-08,0.0006460598982523455,0.9993539401017396,1,0.9993539401017396
2003-10-09,3.7018670721691534e-06,0.9999962981329199,1,0.9999962981329199
2003-10-10,9.326102196351805e-07,0.9999990673897724,1,0.9999990673897724
2003-10-13,6.640136351107595e-09,0.9999999933598556,1,0.9999999933598556
2003-10-14,3.008544021399569e-07,0.9999996991455897,1,0.9999996991455897
2003-10-15,6.370570707661167e-11,0.9999999999362862,1,0.9999999999362862
2003-10-16,3.4100377074578687e-10,0.9999999996589881,1,0.9999999996589881
2003-10-17,2.2717502353933633e-10,0.9999999997728168,1,0.9999999997728168
2003-10-20,1.2235657303421458e-11,0.9999999999877565,1,0.9999999999877565
2003-10-21,1.2087862091232092e-08,0.9999999879121301,1,0.9999999879121301
2003-10-22,3.4188897199976643e-08,0.999999965811095,1,0.999999965811095
2003-10-23,7.420459337349075e-08,0.9999999257953988,1,0.9999999257953988
2003-10-24,6.5523288013174244e-06,0.9999934476711908,1,0.9999934476711908
2003-10-27,3.0431154399604043e-07,0.999999695688448,1,0.999999695688448
2003-10-28,6.567511891461624e-08,0.9999999343248732,1,0.9999999343248732
2003-10-29,1.9453303919360028e-08,0.9999999805466884,1,0.9999999805466884
2003-10-30,1.396358563283591e-10,0.9999999998603564,1,0.9999999998603564
2003-10-31,4.815887280512326e-11,0.9999999999518335,1,0.9999999999518335
2003-11-03,2.694632332007279e-12,0.9999999999972977,1,0.9999999999972977
2003-11-04,3.492685334463325e-14,0.9999999999999574,1,0.9999999999999574
2003-11-05,6.66872732995057e-13,0.9999999999993257,1,0.9999999999993257
2003-11-06,2.378690187234838e-11,0.9999999999762055,1,0.9999999999762055
2003-11-07,5.678008187383007e-11,0.9999999999432121,1,0.9999999999432121
2003-11-10,1.5575623420095684e-08,0.9999999844243689,1,0.9999999844243689
2003-11-11,1.0675319494607357e-09,0.9999999989324604,1,0.9999999989324604
2003-11-12,1.873534373858161e-08,0.9999999812646487,1,0.9999999812646487
2003-11-13,3.870901031243333e-08,0.9999999612909822,1,0.9999999612909822
2003-11-14,3.910305289974303e-08,0.9999999608969397,1,0.9999999608969397
2003-11-17,8.946388957569792e-07,0.9999991053610967,1,0.9999991053610967
2003-11-18,9.61644545940125e-07,0.9999990383554465,1,0.9999990383554465
2003-11-19,7.006650046346354e-06,0.9999929933499461,1,0.9999929933499461
2003-11-20,0.00021947830198155248,0.9997805216980108,1,0.9997805216980108
2003-11-21,0.000178778275029101,0.9998212217249633,1,0.9998212217249633
2003-11-24,2.069683584447659e-05,0.9999793031641481,1,0.9999793031641481
2003-11-25,7.567437825114463e-05,0.9999243256217413,1,0.9999243256217413
2003-11-26,4.2331400645717765e-05,0.9999576685993468,1,0.9999576685993468
2003-11-27,3.695730625115524e-05,0.9999630426937414,1,0.9999630426937414
2003-11-28,3.188025338907113e-05,0.9999681197466035,1,0.9999681197466035
2003-12-01,1.7852583174154708e-07,0.9999998214741608,1,0.9999998214741608
2003-12-02,2.15236195542572e-08,0.999999978476373,1,0.999999978476373
2003-12-03,8.537291878569978e-09,0.9999999914627007,1,0.9999999914627007
2003-12-04,8.898186378560116e-08,0.9999999110181289,1,0.9999999110181289
2003-12-05,1.3236405153812157e-07,0.999999867635941,1,0.999999867635941
2003-12-08,2.4729702663470747e-07,0.9999997527029658,1,0.9999997527029658
2003-12-09,7.79049160925523e-08,0.9999999220950763,1,0.9999999220950763
2003-12-10,4.297571564365469e-08,0.9999999570242768,1,0.9999999570242768
2003-12-11,3.2325125064122085e-08,0.9999999676748674,1,0.9999999676748674
2003-12-12,4.460420350405053e-08,0.999999955395789,1,0.999999955395789
2003-12-15,5.6963465296178245e-09,0.9999999943036461,1,0.9999999943036461
2003-12-16,5.292644301863947e-10,0.999999999470728,1,0.999999999470728
2003-12-17,3.3482978014054066e-08,0.9999999665170145,1,0.9999999665170145
2003-12-18,4.493175401154929e-10,0.9999999995506748,1,0.9999999995506748
2003-12-19,5.1112950924402706e-11,0.9999999999488793,1,0.9999999999488793
2003-12-22,3.936044168692975e-09,0.9999999960639483,1,0.9999999960639483
2003-12-23,7.814908041825716e-10,0.9999999992185015,1,0.9999999992185015
2003-12-24,5.801031550808378e-10,0.9999999994198892,1,0.9999999994198892
2003-12-25,8.131461431126205e-10,0.9999999991868463,1,0.9999999991868463
2003-12-26,1.1156764068760955e-09,0.999999998884316,1,0.999999998884316
2003-12-29,2.8782949419118544e-10,0.999999999712163,1,0.999999999712163
2003-12-30,1.4761190091223074e-09,0.9999999985238734,1,0.9999999985238734
2003-12-31,7.053651756925226e-10,0.9999999992946271,1,0.9999999992946271
2004-01-01,9.961064835261723e-10,0.9999999990038858,1,0.9999999990038858
2004-01-02,1.3889323999248476e-09,0.9999999986110598,1,0.9999999986110598
2004-01-05,9.096725271091277e-11,0.999999999909025,1,0.999999999909025
2004-01-06,1.0025097611105876e-09,0.9999999989974825,1,0.9999999989974825
2004-01-07,1.9599956075101888e-09,0.9999999980399965,1,0.9999999980399965
2004-01-08,6.464822952790536e-12,0.9999999999935273,1,0.9999999999935273
2004-01-09,7.388170111758954e-11,0.9999999999261103,1,0.9999999999261103
2004-01-12,2.189812835994969e-09,0.9999999978101792,1,0.9999999978101792
2004-01-13,6.251632591120119e-10,0.9999999993748289,1,0.9999999993748289
2004-01-14,9.333930300652622e-11,0.9999999999066529,1,0.9999999999066529
2004-01-15,2.494452078183889e-12,0.9999999999974979,1,0.9999999999974979
2004-01-16,4.620103186075809e-13,0.9999999999995303,1,0.9999999999995303
2004-01-19,9.796444888852014e-13,0.9999999999990126,1,0.9999999999990126
2004-01-20,7.182454820055581e-13,0.999999999999274,1,0.999999999999274
2004-01-21,6.882315074090245e-13,0.9999999999993039,1,0.9999999999993039
2004-01-22,5.554249137349166e-13,0.9999999999994369,1,0.9999999999994369
2004-01-23,2.1012133040130396e-13,0.9999999999997824,1,0.9999999999997824
2004-01-26,8.475483105930642e-13,0.9999999999991449,1,0.9999999999991449
2004-01-27,8.571286576151815e-12,0.999999999991421,1,0.999999999991421
2004-01-28,6.332333504777385e-12,0.99999999999366,1,0.99999999999366
2004-01-29,8.157446631654209e-14,0.999999999999911,1,0.999999999999911
2004-01-30,3.661012494368844e-14,0.9999999999999558,1,0.9999999999999558
2004-02-02,2.428394481898716e-14,0.9999999999999681,1,0.9999999999999681
2004-02-03,2.6931157734101347e-15,0.9999999999999898,1,0.9999999999999898
2004-02-04,7.680186644070503e-15,0.9999999999999846,1,0.9999999999999846
2004-02-05,8.63008450858426e-15,0.9999999999999836,1,0.9999999999999836
2004-02-06,6.869412381248668e-14,0.9999999999999237,1,0.9999999999999237
2004-02-09,2.7128244930918285e-13,0.9999999999997211,1,0.9999999999997211
2004-02-10,1.2216548952387378e-12,0.9999999999987705,1,0.9999999999987705
2004-02-11,1.645910606370133e-13,0.9999999999998278,1,0.9999999999998278
2004-02-12,5.917035645172485e-14,0.9999999999999334,1,0.9999999999999334
2004-02-13,4.347487762147368e-14,0.9999999999999489,1,0.9999999999999489
2004-02-16,1.1114642321525392e-13,0.9999999999998811,1,0.9999999999998811
2004-02-17,7.684710223994444e-15,0.9999999999999845,1,0.9999999999999845
2004-02-18,7.982552178851845e-15,0.9999999999999842,1,0.9999999999999842
2004-02-19,1.0245475165262886e-15,0.9999999999999912,1,0.9999999999999912
2004-02-20,6.652752005790752e-16,0.9999999999999916,1,0.9999999999999916
2004-02-23,2.282181592607371e-15,0.9999999999999901,1,0.9999999999999901
2004-02-24,1.0973530470717488e-14,0.9999999999999816,1,0.9999999999999816
2004-02-25,1.3069829454389582e-14,0.9999999999999793,1,0.9999999999999793
2004-02-26,1.946564327883234e-15,0.9999999999999903,1,0.9999999999999903
2004-02-27,1.040556903295045e-14,0.9999999999999819,1,0.9999999999999819
2004-03-01,1.8789854597035475e-15,0.9999999999999906,1,0.9999999999999906
2004-03-02,7.673755680652881e-15,0.9999999999999847,1,0.9999999999999847
2004-03-03,1.4141553877887727e-12,0.999999999998578,1,0.999999999998578
2004-03-04,1.1491688757151895e-12,0.9999999999988433,1,0.9999999999988433
2004-03-05,3.6227532095291355e-12,0.9999999999963698,1,0.9999999999963698
2004-03-08,7.915294636224385e-11,0.9999999999208395,1,0.9999999999208395
2004-03-09,7.590812477730109e-10,0.999999999240911,1,0.999999999240911
2004-03-10,2.4851220391287085e-10,0.9999999997514801,1,0.9999999997514801
2004-03-11,2.791106671887041e-11,0.9999999999720812,1,0.9999999999720812
2004-03-12,7.230168315187284e-11,0.9999999999276904,1,0.9999999999276904
2004-03-15,3.401244964404699e-11,0.9999999999659798,1,0.9999999999659798
2004-03-16,4.033598758957216e-11,0.9999999999596563,1,0.9999999999596563
2004-03-17,2.704042728370196e-10,0.999999999729588,1,0.999999999729588
2004-03-18,2.900094491927089e-10,0.9999999997099827,1,0.9999999997099827
2004-03-19,3.4539204810372956e-10,0.9999999996546002,1,0.9999999996546002
2004-03-22,2.779453929072572e-09,0.9999999972205383,1,0.9999999972205383
2004-03-23,4.069970312124801e-09,0.999999995930022,1,0.999999995930022
2004-03-24,4.6490477178106125e-09,0.9999999953509444,1,0.9999999953509444
2004-03-25,8.481005224827725e-09,0.999999991518987,1,0.999999991518987
2004-03-26,1.6178344237994955e-08,0.9999999838216478,1,0.9999999838216478
2004-03-29,8.297589967671418e-09,0.9999999917024022,1,0.9999999917024022
2004-03-30,3.3079379451459806e-08,0.9999999669206127,1,0.9999999669206127
2004-03-31,4.5353045111547344e-08,0.9999999546469469,1,0.9999999546469469
2004-04-01,3.697634554937895e-08,0.9999999630236465,1,0.9999999630236465
2004-04-02,4.339110898844838e-08,0.999999956608883,1,0.999999956608883
2004-04-05,8.930497164783044e-08,0.9999999106950203,1,0.9999999106950203
2004-04-06,1.092239455849975e-07,0.9999998907760463,1,0.9999998907760463
2004-04-07,2.6165849072037103e-07,0.9999997383415012,1,0.9999997383415012
2004-04-08,2.650319510627199e-07,0.999999734968041,1,0.999999734968041
2004-04-09,3.02359979097497e-07,0.9999996976400128,1,0.9999996976400128
2004-04-12,5.764924880692573e-07,0.9999994235075039,1,0.9999994235075039
2004-04-13,2.0451743941980722e-07,0.9999997954825527,1,0.9999997954825527
2004-04-14,7.150151803321433e-08,0.9999999284984741,1,0.9999999284984741
2004-04-15,8.926521334386051e-08,0.9999999107347787,1,0.9999999107347787
2004-04-16,2.3172378040151518e-08,0.9999999768276139,1,0.9999999768276139
2004-04-19,1.5173190119276378e-08,0.999999984826802,1,0.999999984826802
2004-04-20,7.173590808023576e-08,0.9999999282640838,1,0.9999999282640838
2004-04-21,6.032256304104208e-07,0.9999993967743614,1,0.9999993967743614
2004-04-22,9.75094137459715e-07,0.9999990249058545,1,0.9999990249058545
2004-04-23,8.438062849113907e-07,0.999999156193707,1,0.999999156193707
2004-04-26,1.0656648463911532e-06,0.9999989343351456,1,0.9999989343351456
2004-04-27,1.7756451687102858e-06,0.9999982243548232,1,0.9999982243548232
2004-04-28,3.2874198909997094e-06,0.9999967125801009,1,0.9999967125801009
2004-04-29,2.5640457657189466e-06,0.9999974359542264,1,0.9999974359542264
2004-04-30,1.6865345320315443e-06,0.9999983134654599,1,0.9999983134654599
2004-05-03,1.0485443057555257e-06,0.9999989514556861,1,0.9999989514556861
2004-05-04,1.5625709441969904e-06,0.9999984374290476,1,0.9999984374290476
2004-05-05,1.3170211876184096e-06,0.9999986829788041,1,0.9999986829788041
2004-05-06,1.0975058371563479e-06,0.9999989024941546,1,0.9999989024941546
2004-05-07,1.974045235407368e-06,0.9999980259547563,1,0.9999980259547563
2004-05-10,4.246367711766238e-06,0.9999957536322799,1,0.9999957536322799
2004-05-11,1.882013375945505e-06,0.9999981179866155,1,0.9999981179866155
2004-05-12,2.5505189982576345e-06,0.9999974494809933,1,0.9999974494809933
2004-05-13,2.881967910902351e-06,0.9999971180320808,1,0.9999971180320808
2004-05-14,4.127131489186291e-06,0.9999958728685023,1,0.9999958728685023
2004-05-17,1.2801049908024787e-05,0.9999871989500835,1,0.9999871989500835
2004-05-18,7.4099418181189275e-06,0.9999925900581734,1,0.9999925900581734
2004-05-19,4.433207163111783e-06,0.9999955667928285,1,0.9999955667928285
2004-05-20,3.966972810260291e-06,0.9999960330271813,1,0.9999960330271813
2004-05-21,3.1207700660674762e-06,0.9999968792299255,1,0.9999968792299255
2004-05-24,2.5398333080088764e-06,0.9999974601666836,1,0.9999974601666836
2004-05-25,3.5043126375534294e-06,0.9999964956873542,1,0.9999964956873542
2004-05-26,3.6910582987213674e-06,0.999996308941693,1,0.999996308941693
2004-05-27,2.3483426113161933e-06,0.9999976516573803,1,0.9999976516573803
2004-05-28,2.0383275494926224e-06,0.9999979616724421,1,0.9999979616724421
2004-05-31,2.1994350725046654e-06,0.9999978005649192,1,0.9999978005649192
2004-06-01,1.7242607412339e-06,0.9999982757392504,1,0.9999982757392504
2004-06-02,4.179604625469937e-06,0.999995820395366,1,0.999995820395366
2004-06-03,3.897199386605066e-06,0.9999961028006048,1,0.9999961028006048
2004-06-04,7.283733280775922e-06,0.9999927162667105,1,0.9999927162667105
2004-06-07,4.157925004355471e-06,0.9999958420749868,1,0.9999958420749868
2004-06-08,7.8160202960642e-06,0.9999921839796951,1,0.9999921839796951
2004-06-09,2.874052569257243e-05,0.9999712594742987,1,0.9999712594742987
2004-06-10,3.176447536790647e-05,0.9999682355246232,1,0.9999682355246232
2004-06-11,3.4768609450098606e-05,0.9999652313905408,1,0.9999652313905408
2004-06-14,4.513334194938853e-05,0.9999548666580413,1,0.9999548666580413
2004-06-15,2.7937576642333804e-05,0.9999720624233484,1,0.9999720624233484
2004-06-16,2.8150372877968126e-05,0.9999718496271128,1,0.9999718496271128
2004-06-17,2.747220338596946e-05,0.9999725277966047,1,0.9999725277966047
2004-06-18,5.314282391827087e-05,0.9999468571760726,1,0.9999468571760726
2004-06-21,6.370779421631606e-05,0.9999362922057745,1,0.9999362922057745
2004-06-22,0.00011928768909366501,0.9998807123108973,1,0.9998807123108973
2004-06-23,7.527161159578245e-05,0.9999247283883953,1,0.9999247283883953
2004-06-24,6.94456421200703e-05,0.999930554357871,1,0.999930554357871
2004-06-25,9.353230136817549e-05,0.999906467698623,1,0.999906467698623
2004-06-28,9.975708859277956e-05,0.9999002429113985,1,0.9999002429113985
2004-06-29,0.00010792067848888787,0.9998920793215024,1,0.9998920793215024
2004-06-30,5.783765833388442e-05,0.9999421623416574,1,0.9999421623416574
2004-07-01,4.600649740862439e-05,0.9999539935025826,1,0.9999539935025826
2004-07-02,5.502695561092506e-05,0.9999449730443802,1,0.9999449730443802
2004-07-05,5.542553259097922e-05,0.9999445744674,1,0.9999445744674
2004-07-06,3.935286641165325e-05,0.9999606471335795,1,0.9999606471335795
2004-07-07,3.5584780758682326e-05,0.9999644152192325,1,0.9999644152192325
2004-07-08,5.308159381417925e-05,0.9999469184061771,1,0.9999469184061771
2004-07-09,3.1625092318166915e-05,0.9999683749076731,1,0.9999683749076731
2004-07-12,3.243964540499405e-05,0.9999675603545863,1,0.9999675603545863
2004-07-13,2.2193539826914865e-05,0.9999778064601645,1,0.9999778064601645
2004-07-14,2.7724439952989022e-05,0.9999722755600383,1,0.9999722755600383
2004-07-15,2.0675893331716666e-05,0.9999793241066598,1,0.9999793241066598
2004-07-16,1.470362668544733e-05,0.999985296373306,1,0.999985296373306
2004-07-19,1.5925207366670623e-05,0.9999840747926247,1,0.9999840747926247
2004-07-20,2.019190355330619e-05,0.9999798080964382,1,0.9999798080964382
2004-07-21,1.9396369685121706e-05,0.9999806036303065,1,0.9999806036303065
2004-07-22,1.5493916360398666e-05,0.9999845060836312,1,0.9999845060836312
2004-07-23,2.6359421632516223e-05,0.9999736405783591,1,0.9999736405783591
2004-07-26,2.8210634764358673e-05,0.9999717893652276,1,0.9999717893652276
2004-07-27,4.027262665644395e-05,0.9999597273733355,1,0.9999597273733355
2004-07-28,1.7045720602406803e-05,0.9999829542793895,1,0.9999829542793895
2004-07-29,8.016099014685342e-06,0.9999919839009772,1,0.9999919839009772
2004-07-30,7.542776532248397e-06,0.9999924572234598,1,0.9999924572234598
2004-08-02,8.479657806717793e-06,0.9999915203421852,1,0.9999915203421852
2004-08-03,1.1257505940172243e-05,0.9999887424940517,1,0.9999887424940517
2004-08-04,1.3021687894182257e-05,0.9999869783120975,1,0.9999869783120975
2004-08-05,2.1144271868831985e-05,0.9999788557281228,1,0.9999788557281228
2004-08-06,4.7699339890195584e-05,0.9999523006601015,1,0.9999523006601015
2004-08-09,0.00010373025043521193,0.9998962697495565,1,0.9998962697495565
2004-08-10,8.224265691391655e-05,0.9999177573430776,1,0.9999177573430776
2004-08-11,4.4738588927574884e-05,0.9999552614110638,1,0.9999552614110638
2004-08-12,3.917088137775106e-05,0.9999608291186136,1,0.9999608291186136
2004-08-13,1.9162636887551273e-05,0.9999808373631038,1,0.9999808373631038
2004-08-16,2.7499169543401998e-05,0.999972500830448,1,0.999972500830448
2004-08-17,4.889877643615652e-05,0.9999511012235552,1,0.9999511012235552
2004-08-18,0.0001272144186743897,0.9998727855813169,1,0.9998727855813169
2004-08-19,0.00020690363007522586,0.999793096369916,1,0.999793096369916
2004-08-20,0.0005171514753442753,0.9994828485246471,1,0.9994828485246471
2004-08-23,0.0008077068475157352,0.9991922931524756,1,0.9991922931524756
2004-08-24,0.000859511697181236,0.9991404883028099,1,0.9991404883028099
2004-08-25,0.0009348393994024667,0.9990651606005886,1,0.9990651606005886
2004-08-26,0.0008164895497601017,0.9991835104502309,1,0.9991835104502309
2004-08-27,0.0006307616987529674,0.999369238301238,1,0.999369238301238
2004-08-30,0.0006165168890569726,0.9993834831109342,1,0.9993834831109342
2004-08-31,0.0005736256813651305,0.9994263743186259,1,0.9994263743186259
2004-09-01,0.0006113818384730525,0.9993886181615179,1,0.9993886181615179
2004-09-02,0.0007163207829787062,0.9992836792170123,1,0.9992836792170123
2004-09-03,0.0006479871422205793,0.9993520128577704,1,0.9993520128577704
2004-09-06,0.0005117807244352631,0.9994882192755558,1,0.9994882192755558
2004-09-07,0.0002684630469078432,0.9997315369530833,1,0.9997315369530833
2004-09-08,0.0002578007016720873,0.9997421992983191,1,0.9997421992983191
2004-09-09,0.00021582699850765562,0.9997841730014835,1,0.9997841730014835
2004-09-10,0.00019797263986466145,0.9998020273601266,1,0.9998020273601266
2004-09-13,0.00022494931455122941,0.99977505068544,1,0.99977505068544
2004-09-14,0.0002866276747585889,0.9997133723252326,1,0.9997133723252326
2004-09-15,0.00029853713749025256,0.999701462862501,1,0.999701462862501
2004-09-16,0.00017608550953297279,0.9998239144904583,1,0.9998239144904583
2004-09-17,0.00012560046872946764,0.9998743995312617,1,0.9998743995312617
2004-09-20,7.185499769960711e-05,0.9999281450022915,1,0.9999281450022915
2004-09-21,4.2594450955738645e-05,0.9999574055490354,1,0.9999574055490354
2004-09-22,1.4365437948967978e-05,0.9999856345620421,1,0.9999856345620421
2004-09-23,2.43331282336328e-05,0.9999756668717574,1,0.9999756668717574
2004-09-24,2.3203061929270917e-05,0.999976796938062,1,0.999976796938062
2004-09-27,1.475118676977458e-05,0.9999852488132216,1,0.9999852488132216
2004-09-28,2.3430679271766332e-05,0.9999765693207197,1,0.9999765693207197
2004-09-29,1.8523402557913967e-05,0.9999814765974336,1,0.9999814765974336
2004-09-30,2.5242888612258815e-05,0.9999747571113793,1,0.9999747571113793
2004-10-01,2.3123750407924488e-05,0.9999768762495836,1,0.9999768762495836
2004-10-04,1.8107932005523425e-05,0.9999818920679859,1,0.9999818920679859
2004-10-05,2.2682348427858757e-05,0.9999773176515636,1,0.9999773176515636
2004-10-06,1.4137945922458353e-05,0.999985862054069,1,0.999985862054069
2004-10-07,1.1681459486099995e-05,0.9999883185405054,1,0.9999883185405054
2004-10-08,1.2600014689951544e-05,0.9999873999853016,1,0.9999873999853016
2004-10-11,0.0002114512754941031,0.9997885487244975,1,0.9997885487244975
2004-10-12,0.007168206414954806,0.9928317935850368,1,0.9928317935850368
2004-10-13,0.2673068398419708,0.7326931601580208,1,0.7326931601580208
2004-10-14,0.5007176608884083,0.4992823391115833,0,0.4992823391115833
2004-10-15,0.6239937525044013,0.3760062474955903,0,0.3760062474955903
2004-10-18,0.7424945422400977,0.2575054577598938,0,0.2575054577598938
2004-10-19,0.8251701140484358,0.17482988595155552,0,0.17482988595155552
2004-10-20,0.8811917555814524,0.11880824441853903,0,0.11880824441853903
2004-10-21,0.914590848881596,0.08540915111839541,0,0.08540915111839541
2004-10-22,0.9374733457364762,0.0625266542635154,0,0.0625266542635154
2004-10-25,0.9505168926502647,0.04948310734972689,0,0.04948310734972689
2004-10-26,0.9535658411635368,0.04643415883645477,0,0.04643415883645477
2004-10-27,0.951266689960456,0.04873331003953558,0,0.04873331003953558
2004-10-28,0.9428327064081536,0.057167293591838114,0,0.057167293591838114
2004-10-29,0.9125850266531553,0.08741497334683633,0,0.08741497334683633
2004-11-01,0.8761470063318859,0.12385299366810576,0,0.12385299366810576
2004-11-02,0.8048503570268839,0.19514964297310797,0,0.19514964297310797
2004-11-03,0.7290796869806492,0.2709203130193426,0,0.2709203130193426
2004-11-04,0.6402045733882149,0.35979542661177666,0,0.35979542661177666
2004-11-05,0.540837239234573,0.4591627607654184,0,0.4591627607654184
2004-11-08,0.4406966554211114,0.55930334457888,1,0.55930334457888
2004-11-09,0.3446319222895875,0.6553680777104038,1,0.6553680777104038
2004-11-10,0.25066322678089675,0.7493367732190944,1,0.7493367732190944
2004-11-11,0.1567696540150262,0.8432303459849648,1,0.8432303459849648
2004-11-12,0.07382640244359143,0.9261735975563997,1,0.9261735975563997
2004-11-15,0.03326283689012064,0.9667371631098703,1,0.9667371631098703
2004-11-16,0.018500384352314526,0.9814996156476766,1,0.9814996156476766
2004-11-17,0.007255644573260158,0.9927443554267311,1,0.9927443554267311
2004-11-18,0.002202772433248058,0.9977972275667433,1,0.9977972275667433
2004-11-19,0.0012532752777310965,0.9987467247222604,1,0.9987467247222604
2004-11-22,0.0013895072277980533,0.9986104927721935,1,0.9986104927721935
2004-11-23,0.0016838051070452152,0.9983161948929462,1,0.9983161948929462
2004-11-24,0.0026466598911007557,0.9973533401088909,1,0.9973533401088909
2004-11-25,0.006534222146825598,0.993465777853166,1,0.993465777853166
2004-11-26,0.020260415808543097,0.9797395841914486,1,0.9797395841914486
2004-11-29,0.06791325360614912,0.9320867463938425,1,0.9320867463938425
2004-11-30,0.10262135960307783,0.8973786403969138,1,0.8973786403969138
2004-12-01,0.13064028244755088,0.8693597175524408,1,0.8693597175524408
2004-12-02,0.1638992798202061,0.8361007201797854,1,0.8361007201797854
2004-12-03,0.18763761674322033,0.8123623832567711,1,0.8123623832567711
2004-12-06,0.1970849450850278,0.8029150549149636,1,0.8029150549149636
2004-12-07,0.1981467857976789,0.8018532142023126,1,0.8018532142023126
2004-12-08,0.1862507457339586,0.813749254266033,1,0.813749254266033
2004-12-09,0.15601660544118603,0.8439833945588056,1,0.8439833945588056
2004-12-10,0.0962430413757195,0.9037569586242722,1,0.9037569586242722
2004-12-13,0.03968287112517439,0.9603171288748171,1,0.9603171288748171
2004-12-14,0.009937532450358095,0.9900624675496333,1,0.9900624675496333
2004-12-15,0.0020364504001599225,0.9979635495998315,1,0.9979635495998315
2004-12-16,0.0002634645174087883,0.9997365354825826,1,0.9997365354825826
2004-12-17,7.475110070724964e-05,0.9999252488992841,1,0.9999252488992841
2004-12-20,2.043473920784168e-05,0.9999795652607836,1,0.9999795652607836
2004-12-21,7.215168597179728e-06,0.9999927848313942,1,0.9999927848313942
2004-12-22,2.395094110996041e-05,0.9999760490588816,1,0.9999760490588816
2004-12-23,2.1264968419873825e-05,0.9999787350315719,1,0.9999787350315719
2004-12-24,1.9187126659334264e-05,0.9999808128733325,1,0.9999808128733325
2004-12-27,1.2364213528772179e-05,0.9999876357864631,1,0.9999876357864631
2004-12-28,4.7911446068109e-07,0.999999520885531,1,0.999999520885531
2004-12-29,4.013685176221249e-06,0.9999959863148155,1,0.9999959863148155
2004-12-30,3.743758318493105e-06,0.9999962562416732,1,0.9999962562416732
2004-12-31,3.269724206388442e-06,0.9999967302757853,1,0.9999967302757853
2005-01-03,1.0895396193501952e-08,0.9999999891045958,1,0.9999999891045958
2005-01-04,0.00018888877053017356,0.9998111112294619,1,0.9998111112294619
2005-01-05,4.657027210112031e-05,0.9999534297278909,1,0.9999534297278909
2005-01-06,7.972868509244575e-06,0.9999920271314827,1,0.9999920271314827
2005-01-07,5.301575864557099e-06,0.9999946984241274,1,0.9999946984241274
2005-01-10,5.863721196363489e-06,0.9999941362787956,1,0.9999941362787956
2005-01-11,1.1088448223803828e-06,0.9999988911551694,1,0.9999988911551694
2005-01-12,3.1648327115437426e-06,0.9999968351672804,1,0.9999968351672804
2005-01-13,2.8791991040400724e-05,0.9999712080089515,1,0.9999712080089515
2005-01-14,2.081213249202564e-06,0.9999979187867427,1,0.9999979187867427
2005-01-17,1.7464275117214924e-06,0.9999982535724803,1,0.9999982535724803
2005-01-18,1.0499202270611163e-06,0.999998950079765,1,0.999998950079765
2005-01-19,2.7102260065594635e-07,0.9999997289773915,1,0.9999997289773915
2005-01-20,8.288511464887432e-08,0.9999999171148776,1,0.9999999171148776
2005-01-21,5.4544394564179134e-08,0.9999999454555974,1,0.9999999454555974
2005-01-24,7.484106723320013e-08,0.9999999251589249,1,0.9999999251589249
2005-01-25,9.836029750052708e-09,0.9999999901639625,1,0.9999999901639625
2005-01-26,2.1963224855444727e-08,0.9999999780367673,1,0.9999999780367673
2005-01-27,3.922977865543554e-09,0.9999999960770144,1,0.9999999960770144
2005-01-28,3.392092077753587e-07,0.9999996607907843,1,0.9999996607907843
2005-01-31,5.660229681218055e-08,0.9999999433976955,1,0.9999999433976955
2005-02-01,2.064452899614739e-07,0.9999997935547024,1,0.9999997935547024
2005-02-02,2.1671879962823494e-06,0.9999978328119958,1,0.9999978328119958
2005-02-03,5.509116248457726e-07,0.9999994490883672,1,0.9999994490883672
2005-02-04,9.402673618582072e-07,0.9999990597326303,1,0.9999990597326303
2005-02-07,1.215509226281413e-07,0.9999998784490695,1,0.9999998784490695
2005-02-08,9.20398449127138e-08,0.9999999079601471,1,0.9999999079601471
2005-02-09,1.776939524917566e-07,0.9999998223060396,1,0.9999998223060396
2005-02-10,6.623506975841907e-09,0.9999999933764852,1,0.9999999933764852
2005-02-11,5.604015897077633e-08,0.9999999439598332,1,0.9999999439598332
2005-02-14,4.593176779403093e-07,0.9999995406823143,1,0.9999995406823143
2005-02-15,5.841326923176971e-08,0.9999999415867231,1,0.9999999415867231
2005-02-16,1.9424134246324583e-07,0.99999980575865,1,0.99999980575865
2005-02-17,1.2365981343301658e-08,0.9999999876340111,1,0.9999999876340111
2005-02-18,4.40665184025019e-08,0.9999999559334742,1,0.9999999559334742
2005-02-21,5.004882255127262e-08,0.9999999499511699,1,0.9999999499511699
2005-02-22,1.4600571446669408e-06,0.9999985399428479,1,0.9999985399428479
2005-02-23,8.05129263238289e-07,0.9999991948707293,1,0.9999991948707293
2005-02-24,4.314489036292297e-06,0.9999956855109565,1,0.9999956855109565
2005-02-25,2.968175708646466e-06,0.9999970318242841,1,0.9999970318242841
2005-02-28,1.9016774757706506e-06,0.999998098322517,1,0.999998098322517
2005-03-01,1.6161443460311214e-05,0.9999838385565325,1,0.9999838385565325
2005-03-02,5.4812547739377846e-06,0.9999945187452188,1,0.9999945187452188
2005-03-03,2.42878675154591e-06,0.9999975712132412,1,0.9999975712132412
2005-03-04,2.008990792096561e-06,0.9999979910092005,1,0.9999979910092005
2005-03-07,2.2342292633429273e-06,0.9999977657707292,1,0.9999977657707292
2005-03-08,9.619705214279897e-06,0.9999903802947783,1,0.9999903802947783
2005-03-09,1.3936327070217256e-05,0.9999860636729224,1,0.9999860636729224
2005-03-10,4.923986204545021e-05,0.9999507601379471,1,0.9999507601379471
2005-03-11,0.00020503937200844823,0.9997949606279841,1,0.9997949606279841
2005-03-14,0.000131277419157749,0.9998687225808349,1,0.9998687225808349
2005-03-15,2.5994563133067408e-05,0.9999740054368594,1,0.9999740054368594
2005-03-16,1.6005561957228225e-05,0.9999839944380353,1,0.9999839944380353
2005-03-17,3.6544932016663194e-06,0.9999963455067911,1,0.9999963455067911
2005-03-18,3.832019639180762e-06,0.9999961679803535,1,0.9999961679803535
2005-03-21,1.6177419680804025e-06,0.9999983822580246,1,0.9999983822580246
2005-03-22,7.649501651775625e-07,0.9999992350498275,1,0.9999992350498275
2005-03-23,1.377677298860753e-05,0.9999862232270039,1,0.9999862232270039
2005-03-24,4.446332389433376e-06,0.9999955536676032,1,0.9999955536676032
2005-03-25,4.580574482015927e-06,0.9999954194255105,1,0.9999954194255105
2005-03-28,6.329066516309611e-06,0.9999936709334762,1,0.9999936709334762
2005-03-29,1.575700997086663e-06,0.9999984242989954,1,0.9999984242989954
2005-03-30,1.6587210713047567e-06,0.9999983412789214,1,0.9999983412789214
2005-03-31,1.6719548122885486e-07,0.9999998328045114,1,0.9999998328045114
2005-04-01,3.845999155765881e-07,0.9999996154000771,1,0.9999996154000771
2005-04-04,4.521826631635652e-08,0.9999999547817262,1,0.9999999547817262
2005-04-05,1.863037849530446e-07,0.9999998136962076,1,0.9999998136962076
2005-04-06,3.1115725779174386e-08,0.9999999688842669,1,0.9999999688842669
2005-04-07,3.235976340090868e-08,0.9999999676402295,1,0.9999999676402295
2005-04-08,3.687020642297848e-08,0.9999999631297865,1,0.9999999631297865
2005-04-11,1.097721010669988e-08,0.9999999890227826,1,0.9999999890227826
2005-04-12,2.698734968038198e-07,0.9999997301264959,1,0.9999997301264959
2005-04-13,1.4515642916846567e-05,0.9999854843570758,1,0.9999854843570758
2005-04-14,3.385436057749907e-05,0.9999661456394151,1,0.9999661456394151
2005-04-15,1.4105430650462141e-05,0.9999858945693421,1,0.9999858945693421
2005-04-18,2.6867450704625668e-05,0.9999731325492879,1,0.9999731325492879
2005-04-19,1.5677634979705978e-05,0.9999843223650127,1,0.9999843223650127
2005-04-20,3.1956450016643597e-06,0.9999968043549907,1,0.9999968043549907
2005-04-21,8.990777266595845e-06,0.9999910092227259,1,0.9999910092227259
2005-04-22,9.30034382567233e-06,0.9999906996561666,1,0.9999906996561666
2005-04-25,1.5202049822872461e-05,0.9999847979501696,1,0.9999847979501696
2005-04-26,0.00015463836189388117,0.9998453616380987,1,0.9998453616380987
2005-04-27,0.0002159117051522613,0.9997840882948403,1,0.9997840882948403
2005-04-28,0.00018284564040400557,0.9998171543595885,1,0.9998171543595885
2005-04-29,3.1833676246376596e-05,0.9999681663237461,1,0.9999681663237461
2005-05-02,5.700096736876969e-06,0.9999942999032557,1,0.9999942999032557
2005-05-03,1.3931281424977138e-05,0.9999860687185674,1,0.9999860687185674
2005-05-04,9.634327043346953e-05,0.9999036567295587,1,0.9999036567295587
2005-05-05,0.00011258680910682365,0.9998874131908854,1,0.9998874131908854
2005-05-06,2.344988797455919e-05,0.9999765501120177,1,0.9999765501120177
2005-05-09,1.241223612028644e-05,0.9999875877638719,1,0.9999875877638719
2005-05-10,4.893495266657657e-06,0.9999951065047255,1,0.9999951065047255
2005-05-11,1.0813743883736935e-05,0.9999891862561083,1,0.9999891862561083
2005-05-12,1.2270429582985867e-05,0.999987729570409,1,0.999987729570409
2005-05-13,0.00017851315853440434,0.9998214868414578,1,0.9998214868414578
2005-05-16,0.00019204530115560562,0.9998079546988365,1,0.9998079546988365
2005-05-17,0.00010240352573205624,0.9998975964742601,1,0.9998975964742601
2005-05-18,1.5329455500170024e-05,0.999984670544492,1,0.999984670544492
2005-05-19,1.4986707015151328e-05,0.9999850132929771,1,0.9999850132929771
2005-05-20,1.5635520176556277e-06,0.9999984364479746,1,0.9999984364479746
2005-05-23,3.4309736232449076e-07,0.9999996569026298,1,0.9999996569026298
2005-05-24,1.0240082096675925e-07,0.9999998975991713,1,0.9999998975991713
2005-05-25,1.580451452114016e-08,0.999999984195478,1,0.999999984195478
2005-05-26,4.811117660937633e-13,0.9999999999995113,1,0.9999999999995113
2005-05-27,2.3222704844897543e-06,0.9999976777295081,1,0.9999976777295081
2005-05-30,2.476651167407141e-06,0.9999975233488251,1,0.9999975233488251
2005-05-31,1.502079463969445e-07,0.999999849792046,1,0.999999849792046
2005-06-01,3.4737892569282676e-09,0.9999999965262032,1,0.9999999965262032
2005-06-02,8.761077721716366e-09,0.9999999912389148,1,0.9999999912389148
2005-06-03,2.9294957275797164e-10,0.9999999997070431,1,0.9999999997070431
2005-06-06,3.930208053453751e-10,0.9999999996069717,1,0.9999999996069717
2005-06-07,1.1295900093046607e-09,0.9999999988704026,1,0.9999999988704026
2005-06-08,7.659222412973432e-10,0.9999999992340705,1,0.9999999992340705
2005-06-09,4.967715099652611e-10,0.9999999995032212,1,0.9999999995032212
2005-06-10,9.008161947647079e-11,0.9999999999099112,1,0.9999999999099112
2005-06-13,1.7114638352095737e-09,0.999999998288529,1,0.999999998288529
2005-06-14,2.254861721513703e-08,0.9999999774513757,1,0.9999999774513757
2005-06-15,4.998509941454977e-09,0.9999999950014831,1,0.9999999950014831
2005-06-16,2.1328268373549754e-09,0.9999999978671662,1,0.9999999978671662
2005-06-17,5.119345608763896e-11,0.9999999999487997,1,0.9999999999487997
2005-06-20,4.715462413720921e-10,0.999999999528447,1,0.999999999528447
2005-06-21,1.9251522545577228e-10,0.9999999998074781,1,0.9999999998074781
2005-06-22,5.935915530091966e-10,0.9999999994064016,1,0.9999999994064016
2005-06-23,3.0448099884438443e-09,0.9999999969551833,1,0.9999999969551833
2005-06-24,2.4378373512346824e-09,0.9999999975621559,1,0.9999999975621559
2005-06-27,1.5505858799724662e-09,0.9999999984494073,1,0.9999999984494073
2005-06-28,6.713951443545473e-07,0.9999993286048487,1,0.9999993286048487
2005-06-29,9.78373490314574e-07,0.9999990216265028,1,0.9999990216265028
2005-06-30,1.7821273248862716e-05,0.9999821787267444,1,0.9999821787267444
2005-07-01,9.586727660561874e-06,0.9999904132723326,1,0.9999904132723326
2005-07-04,9.294730511735272e-06,0.9999907052694816,1,0.9999907052694816
2005-07-05,9.41309227132479e-08,0.9999999058690704,1,0.9999999058690704
2005-07-06,1.7188203274582197e-08,0.9999999828117898,1,0.9999999828117898
2005-07-07,1.1083670651757336e-08,0.9999999889163225,1,0.9999999889163225
2005-07-08,2.8276106913192467e-09,0.9999999971723824,1,0.9999999971723824
2005-07-11,1.0514623619971943e-08,0.9999999894853695,1,0.9999999894853695
2005-07-12,9.894050265667185e-08,0.9999999010594904,1,0.9999999010594904
2005-07-13,1.3163574302520909e-08,0.9999999868364188,1,0.9999999868364188
2005-07-14,4.565793095789497e-09,0.9999999954342002,1,0.9999999954342002
2005-07-15,3.2892433516431045e-09,0.9999999967107499,1,0.9999999967107499
2005-07-18,3.566097421181794e-09,0.9999999964338959,1,0.9999999964338959
2005-07-19,6.172102547706321e-10,0.9999999993827831,1,0.9999999993827831
2005-07-20,1.127549587609787e-09,0.9999999988724436,1,0.9999999988724436
2005-07-21,3.6975222277124216e-08,0.9999999630247708,1,0.9999999630247708
2005-07-22,5.2339352664734474e-09,0.9999999947660577,1,0.9999999947660577
2005-07-25,7.597580760180496e-09,0.9999999924024123,1,0.9999999924024123
2005-07-26,2.492929484717765e-09,0.9999999975070635,1,0.9999999975070635
2005-07-27,1.914545764062995e-09,0.9999999980854474,1,0.9999999980854474
2005-07-28,1.2618548552527653e-09,0.9999999987381383,1,0.9999999987381383
2005-07-29,7.601145928766177e-09,0.9999999923988472,1,0.9999999923988472
2005-08-01,5.27980223244284e-09,0.9999999947201907,1,0.9999999947201907
2005-08-02,8.86580914093202e-09,0.9999999911341836,1,0.9999999911341836
2005-08-03,2.3876875737654202e-08,0.9999999761231171,1,0.9999999761231171
2005-08-04,1.0020672329256392e-07,0.9999998997932695,1,0.9999998997932695
2005-08-05,1.3867039287192487e-07,0.9999998613295998,1,0.9999998613295998
2005-08-08,9.765532556549673e-08,0.999999902344667,1,0.999999902344667
2005-08-09,8.599686139831989e-07,0.9999991400313788,1,0.9999991400313788
2005-08-10,1.8505536765962002e-07,0.9999998149446249,1,0.9999998149446249
2005-08-11,5.324151303037033e-07,0.9999994675848624,1,0.9999994675848624
2005-08-12,9.122975022658447e-08,0.9999999087702424,1,0.9999999087702424
2005-08-15,4.128868042490823e-09,0.9999999958711245,1,0.9999999958711245
2005-08-16,8.430733053713122e-09,0.9999999915692597,1,0.9999999915692597
2005-08-17,9.383105082840758e-08,0.9999999061689421,1,0.9999999061689421
2005-08-18,9.408216906808136e-08,0.999999905917824,1,0.999999905917824
2005-08-19,7.323611609523032e-08,0.9999999267638768,1,0.9999999267638768
2005-08-22,2.5872445338766497e-08,0.9999999741275475,1,0.9999999741275475
2005-08-23,3.155099295490029e-08,0.9999999684490001,1,0.9999999684490001
2005-08-24,1.2342821149424085e-07,0.9999998765717815,1,0.9999998765717815
2005-08-25,2.2171581115169606e-07,0.999999778284182,1,0.999999778284182
2005-08-26,5.647823296657422e-09,0.9999999943521698,1,0.9999999943521698
2005-08-29,2.6329438585417687e-07,0.9999997367056072,1,0.9999997367056072
2005-08-30,8.794025992055998e-09,0.9999999912059668,1,0.9999999912059668
2005-08-31,4.1665218150522544e-07,0.9999995833478114,1,0.9999995833478114
2005-09-01,4.93779268641968e-07,0.9999995062207243,1,0.9999995062207243
2005-09-02,2.6641803676408766e-07,0.999999733581956,1,0.999999733581956
2005-09-05,3.007944920477851e-07,0.9999996992055006,1,0.9999996992055006
2005-09-06,6.539525421814428e-07,0.9999993460474504,1,0.9999993460474504
2005-09-07,1.8526756038317933e-06,0.9999981473243889,1,0.9999981473243889
2005-09-08,9.890825601886266e-06,0.9999901091743907,1,0.9999901091743907
2005-09-09,2.468461137768286e-05,0.999975315388615,1,0.999975315388615
2005-09-12,6.8870897129153365e-06,0.9999931129102797,1,0.9999931129102797
2005-09-13,1.0720699587549508e-05,0.999989279300405,1,0.999989279300405
2005-09-14,6.272660184254276e-05,0.9999372733981502,1,0.9999372733981502
2005-09-15,0.0001948125108932846,0.9998051874890994,1,0.9998051874890994
2005-09-16,0.00029075706690183346,0.9997092429330907,1,0.9997092429330907
2005-09-19,0.00011023614956963083,0.999889763850423,1,0.999889763850423
2005-09-20,4.432100737491057e-05,0.9999556789926178,1,0.9999556789926178
2005-09-21,8.1810117433887e-06,0.9999918189882496,1,0.9999918189882496
2005-09-22,2.697206721175513e-06,0.9999973027932719,1,0.9999973027932719
2005-09-23,2.727111134881841e-06,0.9999972728888582,1,0.9999972728888582
2005-09-26,5.977400420112641e-07,0.9999994022599512,1,0.9999994022599512
2005-09-27,3.954313913479576e-07,0.999999604568602,1,0.999999604568602
2005-09-28,2.651712736703989e-07,0.9999997348287196,1,0.9999997348287196
2005-09-29,7.690356566986995e-07,0.9999992309643365,1,0.9999992309643365
2005-09-30,8.83445483782337e-06,0.9999911655451557,1,0.9999911655451557
2005-10-03,1.3736144136671947e-06,0.9999986263855796,1,0.9999986263855796
2005-10-04,6.429086355595606e-07,0.9999993570913576,1,0.9999993570913576
2005-10-05,2.2464923832692322e-07,0.9999997753507549,1,0.9999997753507549
2005-10-06,6.989161176663651e-07,0.9999993010838755,1,0.9999993010838755
2005-10-07,3.724317880710213e-07,0.9999996275682049,1,0.9999996275682049
2005-10-10,4.684424501483091e-07,0.9999995315575427,1,0.9999995315575427
2005-10-11,1.871512904903272e-07,0.9999998128487024,1,0.9999998128487024
2005-10-12,1.0392071081891824e-06,0.999998960792885,1,0.999998960792885
2005-10-13,1.6375529237088942e-06,0.9999983624470693,1,0.9999983624470693
2005-10-14,1.5339491649062912e-06,0.9999984660508282,1,0.9999984660508282
2005-10-17,1.4056723970562697e-07,0.9999998594327534,1,0.9999998594327534
2005-10-18,6.117229220885538e-08,0.9999999388277009,1,0.9999999388277009
2005-10-19,1.1111361656595974e-08,0.9999999888886315,1,0.9999999888886315
2005-10-20,8.506041360272156e-09,0.9999999914939517,1,0.9999999914939517
2005-10-21,3.168516144489864e-08,0.9999999683148317,1,0.9999999683148317
2005-10-24,2.9423419057176917e-08,0.9999999705765742,1,0.9999999705765742
2005-10-25,2.093731615673111e-08,0.9999999790626771,1,0.9999999790626771
2005-10-26,1.3871159326949698e-08,0.999999986128834,1,0.999999986128834
2005-10-27,1.829003612574758e-07,0.999999817099632,1,0.999999817099632
2005-10-28,1.1261805326002472e-06,0.9999988738194608,1,0.9999988738194608
2005-10-31,2.4914098727356766e-07,0.999999750859006,1,0.999999750859006
2005-11-01,7.036018830051506e-08,0.9999999296398051,1,0.9999999296398051
2005-11-02,1.4310155996025867e-07,0.9999998568984335,1,0.9999998568984335
2005-11-03,7.573555407764608e-08,0.9999999242644394,1,0.9999999242644394
2005-11-04,7.3590564570503546e-09,0.999999992640937,1,0.999999992640937
2005-11-07,1.4096030625828183e-08,0.9999999859039627,1,0.9999999859039627
2005-11-08,3.6160172011686774e-08,0.9999999638398214,1,0.9999999638398214
2005-11-09,1.8959175989790034e-07,0.9999998104082335,1,0.9999998104082335
2005-11-10,2.9910790913918475e-08,0.9999999700892025,1,0.9999999700892025
2005-11-11,8.567173640471756e-09,0.9999999914328197,1,0.9999999914328197
2005-11-14,6.965287511131487e-09,0.9999999930347059,1,0.9999999930347059
2005-11-15,2.7532979285163396e-09,0.9999999972466956,1,0.9999999972466956
2005-11-16,2.2447345195619867e-08,0.9999999775526482,1,0.9999999775526482
2005-11-17,7.788784802099524e-08,0.9999999221121455,1,0.9999999221121455
2005-11-18,5.416201557086733e-09,0.9999999945837921,1,0.9999999945837921
2005-11-21,1.3501195533910164e-08,0.9999999864987983,1,0.9999999864987983
2005-11-22,8.36020440488623e-08,0.9999999163979496,1,0.9999999163979496
2005-11-23,4.479257639327561e-09,0.9999999955207363,1,0.9999999955207363
2005-11-24,5.06885184671248e-09,0.9999999949311421,1,0.9999999949311421
2005-11-25,5.852703880137154e-09,0.9999999941472901,1,0.9999999941472901
2005-11-28,3.6157073609478315e-09,0.9999999963842867,1,0.9999999963842867
2005-11-29,2.6119227269407055e-06,0.9999973880772672,1,0.9999973880772672
2005-11-30,3.092535459962625e-07,0.9999996907464481,1,0.9999996907464481
2005-12-01,2.2984807871905724e-08,0.9999999770151863,1,0.9999999770151863
2005-12-02,6.518676654289957e-08,0.9999999348132277,1,0.9999999348132277
2005-12-05,1.209702153188106e-07,0.9999998790297789,1,0.9999998790297789
2005-12-06,1.1980138473224586e-06,0.9999988019861468,1,0.9999988019861468
2005-12-07,4.998921071723412e-07,0.9999995001078871,1,0.9999995001078871
2005-12-08,8.785596516750919e-07,0.9999991214403424,1,0.9999991214403424
2005-12-09,2.250244496542741e-06,0.9999977497554977,1,0.9999977497554977
2005-12-12,6.800617539653665e-06,0.9999931993824545,1,0.9999931993824545
2005-12-13,1.326299099938836e-06,0.9999986737008942,1,0.9999986737008942
2005-12-14,8.246517573065776e-07,0.9999991753482368,1,0.9999991753482368
2005-12-15,3.1243390921844227e-07,0.9999996875660848,1,0.9999996875660848
2005-12-16,9.899929510449827e-08,0.9999999010006988,1,0.9999999010006988
2005-12-19,1.8067749177348614e-07,0.999999819322502,1,0.999999819322502
2005-12-20,3.0353869474037254e-08,0.9999999696461244,1,0.9999999696461244
2005-12-21,1.4463562023193189e-08,0.9999999855364318,1,0.9999999855364318
2005-12-22,3.377257739054752e-08,0.9999999662274165,1,0.9999999662274165
2005-12-23,1.4534951891871854e-08,0.9999999854650422,1,0.9999999854650422
2005-12-26,1.7676028286575997e-08,0.9999999823239658,1,0.9999999823239658
2005-12-27,6.652995294256911e-09,0.999999993346999,1,0.999999993346999
2005-12-28,7.745814106773196e-07,0.9999992254185837,1,0.9999992254185837
2005-12-29,3.0455594654945736e-06,0.9999969544405287,1,0.9999969544405287
2005-12-30,4.451174393365398e-06,0.9999955488256007,1,0.9999955488256007
2006-01-02,5.245685641103774e-06,0.999994754314353,1,0.999994754314353
2006-01-03,2.5962305610463913e-05,0.9999740376943838,1,0.9999740376943838
2006-01-04,3.510210656486105e-05,0.9999648978934295,1,0.9999648978934295
2006-01-05,0.0005620619544384803,0.9994379380455558,1,0.9994379380455558
2006-01-06,0.0034012504604903062,0.9965987495395038,1,0.9965987495395038
2006-01-09,0.009463959776317291,0.9905360402236767,1,0.9905360402236767
2006-01-10,0.016765221505573236,0.9832347784944206,1,0.9832347784944206
2006-01-11,0.03441465829548733,0.9655853417045066,1,0.9655853417045066
2006-01-12,0.05132548487722467,0.9486745151227691,1,0.9486745151227691
2006-01-13,0.06547689244181809,0.9345231075581759,1,0.9345231075581759
2006-01-16,0.07497436551842951,0.9250256344815645,1,0.9250256344815645
2006-01-17,0.08068066511799811,0.9193193348819959,1,0.9193193348819959
2006-01-18,0.08468110048845078,0.9153188995115432,1,0.9153188995115432
2006-01-19,0.0944155209417517,0.9055844790582424,1,0.9055844790582424
2006-01-20,0.09697634421294626,0.9030236557870478,1,0.9030236557870478
2006-01-23,0.0927032204989266,0.9072967795010676,1,0.9072967795010676
2006-01-24,0.07747040505966837,0.9225295949403257,1,0.9225295949403257
2006-01-25,0.05241253811578972,0.9475874618842044,1,0.9475874618842044
2006-01-26,0.02730906155596041,0.9726909384440336,1,0.9726909384440336
2006-01-27,0.0110114395388739,0.98898856046112,1,0.98898856046112
2006-01-30,0.00969779627425433,0.9903022037257397,1,0.9903022037257397
2006-01-31,0.007959190854577445,0.9920408091454167,1,0.9920408091454167
2006-02-01,0.004627440669477371,0.9953725593305166,1,0.9953725593305166
2006-02-02,0.0014299236039053485,0.9985700763960885,1,0.9985700763960885
2006-02-03,0.00033218220100722284,0.9996678177989866,1,0.9996678177989866
2006-02-06,9.131485946119273e-05,0.9999086851405325,1,0.9999086851405325
2006-02-07,2.501208732950851e-05,0.9999749879126643,1,0.9999749879126643
2006-02-08,2.652561657108341e-05,0.9999734743834227,1,0.9999734743834227
2006-02-09,6.781301119196299e-05,0.9999321869888018,1,0.9999321869888018
2006-02-10,0.00010899562435988378,0.9998910043756338,1,0.9998910043756338
2006-02-13,3.296043809185234e-05,0.9999670395619019,1,0.9999670395619019
2006-02-14,4.1046135504585735e-05,0.9999589538644891,1,0.9999589538644891
2006-02-15,0.00019471136478444457,0.9998052886352093,1,0.9998052886352093
2006-02-16,0.00041856901087391953,0.9995814309891197,1,0.9995814309891197
2006-02-17,0.0014129018635917116,0.9985870981364018,1,0.9985870981364018
2006-02-20,0.002326950504009954,0.9976730494959836,1,0.9976730494959836
2006-02-21,0.003165041228898434,0.9968349587710951,1,0.9968349587710951
2006-02-22,0.00894017345594931,0.9910598265440442,1,0.9910598265440442
2006-02-23,0.028834140170972494,0.9711658598290211,1,0.9711658598290211
2006-02-24,0.05875629802739787,0.9412437019725958,1,0.9412437019725958
2006-02-27,0.07643903776760724,0.9235609622323864,1,0.9235609622323864
2006-02-28,0.08030188535416108,0.9196981146458325,1,0.9196981146458325
2006-03-01,0.07682428615669294,0.9231757138433005,1,0.9231757138433005
2006-03-02,0.0714225071305792,0.9285774928694145,1,0.9285774928694145
2006-03-03,0.06605717997014487,0.9339428200298489,1,0.9339428200298489
2006-03-06,0.06101144757596447,0.9389885524240292,1,0.9389885524240292
2006-03-07,0.05185504043221322,0.9481449595677806,1,0.9481449595677806
2006-03-08,0.03510688420368334,0.9648931157963105,1,0.9648931157963105
2006-03-09,0.0173351187936622,0.9826648812063318,1,0.9826648812063318
2006-03-10,0.004946841050451574,0.9950531589495424,1,0.9950531589495424
2006-03-13,0.001394982173490371,0.9986050178265033,1,0.9986050178265033
2006-03-14,0.0006383838182637802,0.9993616161817298,1,0.9993616161817298
2006-03-15,0.00040348859334736844,0.9995965114066463,1,0.9995965114066463
2006-03-16,0.00019785721125167025,0.9998021427887421,1,0.9998021427887421
2006-03-17,6.189009759536393e-06,0.9999938109902342,1,0.9999938109902342
2006-03-20,9.542983925632072e-06,0.9999904570160681,1,0.9999904570160681
2006-03-21,9.313268007850014e-06,0.999990686731986,1,0.999990686731986
2006-03-22,4.336787598306154e-06,0.9999956632123955,1,0.9999956632123955
2006-03-23,3.858259377205422e-07,0.9999996141740563,1,0.9999996141740563
2006-03-24,2.0833218529306127e-06,0.9999979166781411,1,0.9999979166781411
2006-03-27,6.278724015634844e-07,0.9999993721275926,1,0.9999993721275926
2006-03-28,3.004738971463443e-07,0.999999699526097,1,0.999999699526097
2006-03-29,1.996031263813563e-06,0.9999980039687301,1,0.9999980039687301
2006-03-30,6.490418265301021e-06,0.9999935095817285,1,0.9999935095817285
2006-03-31,5.608954444244657e-06,0.9999943910455498,1,0.9999943910455498
2006-04-03,7.607517133017031e-07,0.9999992392482808,1,0.9999992392482808
2006-04-04,5.057150063933558e-07,0.9999994942849878,1,0.9999994942849878
2006-04-05,8.191254449916609e-08,0.9999999180874495,1,0.9999999180874495
2006-04-06,4.58541443149906e-08,0.9999999541458496,1,0.9999999541458496
2006-04-07,1.7787367278430947e-08,0.9999999822126265,1,0.9999999822126265
2006-04-10,6.2357774878158965e-09,0.9999999937642164,1,0.9999999937642164
2006-04-11,2.5187014089436005e-09,0.9999999974812926,1,0.9999999974812926
2006-04-12,1.9262361128442137e-10,0.9999999998073704,1,0.9999999998073704
2006-04-13,1.9667332741001188e-11,0.9999999999803266,1,0.9999999999803266
2006-04-14,2.5277649236619718e-11,0.9999999999747166,1,0.9999999999747166
2006-04-17,2.4031675198962826e-11,0.9999999999759626,1,0.9999999999759626
2006-04-18,1.1339058239861124e-12,0.9999999999988601,1,0.9999999999988601
2006-04-19,3.182529831337177e-11,0.9999999999681688,1,0.9999999999681688
2006-04-20,1.8481200887464776e-12,0.9999999999981461,1,0.9999999999981461
2006-04-21,1.0615882885007772e-14,0.9999999999999835,1,0.9999999999999835
2006-04-24,6.221007326891861e-15,0.9999999999999879,1,0.9999999999999879
2006-04-25,2.3468563240623157e-17,0.9999999999999941,1,0.9999999999999941
2006-04-26,1.926962996886825e-17,0.9999999999999941,1,0.9999999999999941
2006-04-27,2.3119733746475773e-13,0.999999999999763,1,0.999999999999763
2006-04-28,8.934226735565069e-13,0.9999999999991006,1,0.9999999999991006
2006-05-01,5.0070924827735414e-14,0.999999999999944,1,0.999999999999944
2006-05-02,1.4061733342703175e-12,0.999999999998588,1,0.999999999998588
2006-05-03,1.8870707955308458e-12,0.999999999998107,1,0.999999999998107
2006-05-04,2.981872739822111e-14,0.9999999999999643,1,0.9999999999999643
2006-05-05,2.3457044248560544e-13,0.9999999999997597,1,0.9999999999997597
2006-05-08,1.36753685876131e-13,0.9999999999998574,1,0.9999999999998574
2006-05-09,5.94684342226469e-13,0.9999999999993995,1,0.9999999999993995
2006-05-10,1.3585943843409004e-13,0.9999999999998582,1,0.9999999999998582
2006-05-11,1.922526626270891e-15,0.9999999999999921,1,0.9999999999999921
2006-05-12,8.445833007508306e-15,0.9999999999999856,1,0.9999999999999856
2006-05-15,5.157944419474289e-15,0.999999999999989,1,0.999999999999989
2006-05-16,1.7877471627547023e-15,0.9999999999999923,1,0.9999999999999923
2006-05-17,2.848960942698492e-13,0.9999999999997092,1,0.9999999999997092
2006-05-18,3.643044478916992e-14,0.9999999999999577,1,0.9999999999999577
2006-05-19,1.2699519043832944e-12,0.9999999999987242,1,0.9999999999987242
2006-05-22,2.7347724077207805e-12,0.9999999999972595,1,0.9999999999972595
2006-05-23,7.241465137598115e-16,0.9999999999999936,1,0.9999999999999936
2006-05-24,4.969876947094531e-15,0.9999999999999893,1,0.9999999999999893
2006-05-25,1.3576476743908098e-14,0.9999999999999807,1,0.9999999999999807
2006-05-26,3.689622868006575e-15,0.9999999999999903,1,0.9999999999999903
2006-05-29,1.1080172949480834e-14,0.9999999999999829,1,0.9999999999999829
2006-05-30,1.50618948668275e-11,0.9999999999849322,1,0.9999999999849322
2006-05-31,1.199727759341885e-11,0.9999999999879967,1,0.9999999999879967
2006-06-01,7.623948206780539e-11,0.9999999999237547,1,0.9999999999237547
2006-06-02,4.0685166778840706e-11,0.9999999999593089,1,0.9999999999593089
2006-06-05,9.306591880350146e-11,0.999999999906928,1,0.999999999906928
2006-06-06,2.4904468227683647e-10,0.9999999997509493,1,0.9999999997509493
2006-06-07,4.5830023127300135e-11,0.999999999954164,1,0.999999999954164
2006-06-08,7.786846496908271e-10,0.9999999992213092,1,0.9999999992213092
2006-06-09,4.490723684551167e-09,0.9999999955092702,1,0.9999999955092702
2006-06-12,1.157456771405565e-08,0.9999999884254264,1,0.9999999884254264
2006-06-13,1.1866231853315127e-08,0.9999999881337621,1,0.9999999881337621
2006-06-14,4.635766768581167e-09,0.9999999953642272,1,0.9999999953642272
2006-06-15,4.490943761399496e-10,0.9999999995508996,1,0.9999999995508996
2006-06-16,5.130126058791372e-10,0.9999999994869813,1,0.9999999994869813
2006-06-19,3.1098879221572777e-09,0.9999999968901061,1,0.9999999968901061
2006-06-20,4.918468872519427e-09,0.9999999950815254,1,0.9999999950815254
2006-06-21,1.3846199788155117e-08,0.9999999861537943,1,0.9999999861537943
2006-06-22,5.2908707964356834e-08,0.9999999470912861,1,0.9999999470912861
2006-06-23,7.64140629458665e-09,0.9999999923585878,1,0.9999999923585878
2006-06-26,1.7006931624916856e-09,0.9999999982993011,1,0.9999999982993011
2006-06-27,2.3526707284120598e-08,0.9999999764732868,1,0.9999999764732868
2006-06-28,1.8237753787029229e-09,0.9999999981762187,1,0.9999999981762187
2006-06-29,6.30143116016787e-09,0.9999999936985629,1,0.9999999936985629
2006-06-30,4.8343584643046707e-08,0.9999999516564093,1,0.9999999516564093
2006-07-03,5.769568038227968e-08,0.9999999423043137,1,0.9999999423043137
2006-07-04,6.854738879155684e-08,0.9999999314526054,1,0.9999999314526054
2006-07-05,1.5439054888247855e-07,0.9999998456094452,1,0.9999998456094452
2006-07-06,1.421298000781751e-08,0.999999985787014,1,0.999999985787014
2006-07-07,4.3074043198562446e-08,0.9999999569259508,1,0.9999999569259508
2006-07-10,1.5987162177157846e-08,0.9999999840128319,1,0.9999999840128319
2006-07-11,4.123031799639659e-08,0.9999999587696761,1,0.9999999587696761
2006-07-12,4.647971868598749e-08,0.9999999535202752,1,0.9999999535202752
2006-07-13,5.846590574918016e-08,0.9999999415340883,1,0.9999999415340883
2006-07-14,1.1532624759999384e-07,0.9999998846737465,1,0.9999998846737465
2006-07-17,1.7829396208497823e-07,0.9999998217060319,1,0.9999998217060319
2006-07-18,6.349428161549453e-08,0.9999999365057124,1,0.9999999365057124
2006-07-19,1.998308487166648e-07,0.9999998001691452,1,0.9999998001691452
2006-07-20,1.1753473769213081e-06,0.9999988246526171,1,0.9999988246526171
2006-07-21,1.3171204764644902e-06,0.9999986828795175,1,0.9999986828795175
2006-07-24,4.06396968348983e-07,0.9999995936030257,1,0.9999995936030257
2006-07-25,3.2872123279347285e-07,0.9999996712787613,1,0.9999996712787613
2006-07-26,9.179029418535839e-07,0.9999990820970525,1,0.9999990820970525
2006-07-27,1.3617028652790124e-06,0.9999986382971289,1,0.9999986382971289
2006-07-28,8.308487154901285e-07,0.9999991691512786,1,0.9999991691512786
2006-07-31,6.585716636391852e-07,0.9999993414283306,1,0.9999993414283306
2006-08-01,1.2083130749780568e-06,0.9999987916869192,1,0.9999987916869192
2006-08-02,1.9315142909856575e-06,0.9999980684857033,1,0.9999980684857033
2006-08-03,3.9434365241993434e-06,0.99999605656347,1,0.99999605656347
2006-08-04,1.0117606375138206e-06,0.9999989882393567,1,0.9999989882393567
2006-08-07,2.021903731035532e-06,0.9999979780962631,1,0.9999979780962631
2006-08-08,2.0326980147668132e-06,0.9999979673019793,1,0.9999979673019793
2006-08-09,8.208680592895268e-07,0.9999991791319347,1,0.9999991791319347
2006-08-10,8.230037579285288e-07,0.9999991769962361,1,0.9999991769962361
2006-08-11,3.942205244675972e-06,0.9999960577947493,1,0.9999960577947493
2006-08-14,1.8581663976163224e-06,0.9999981418335961,1,0.9999981418335961
2006-08-15,1.5747405278882336e-06,0.999998425259466,1,0.999998425259466
2006-08-16,4.656274564189013e-06,0.9999953437254296,1,0.9999953437254296
2006-08-17,7.2361846283593664e-06,0.9999927638153654,1,0.9999927638153654
2006-08-18,3.31156475670951e-06,0.9999966884352369,1,0.9999966884352369
2006-08-21,3.6510148229739854e-06,0.9999963489851706,1,0.9999963489851706
2006-08-22,4.70470527669839e-06,0.9999952952947169,1,0.9999952952947169
2006-08-23,6.187046735364822e-06,0.9999938129532582,1,0.9999938129532582
2006-08-24,7.270451127366998e-06,0.9999927295488661,1,0.9999927295488661
2006-08-25,7.531440902088161e-06,0.9999924685590913,1,0.9999924685590913
2006-08-28,4.24520780815713e-06,0.9999957547921853,1,0.9999957547921853
2006-08-29,6.569495770804487e-06,0.9999934305042225,1,0.9999934305042225
2006-08-30,1.6878123688218162e-05,0.999983121876305,1,0.999983121876305
2006-08-31,1.0771747798561947e-05,0.9999892282521947,1,0.9999892282521947
2006-09-01,9.548554569635205e-06,0.9999904514454235,1,0.9999904514454235
2006-09-04,8.057781404344847e-06,0.9999919422185887,1,0.9999919422185887
2006-09-05,4.075346269117931e-06,0.9999959246537241,1,0.9999959246537241
2006-09-06,1.9697595354462636e-06,0.9999980302404577,1,0.9999980302404577
2006-09-07,1.1559482981618838e-06,0.9999988440516949,1,0.9999988440516949
2006-09-08,1.94671190704472e-06,0.9999980532880861,1,0.9999980532880861
2006-09-11,2.8523057457994595e-06,0.9999971476942475,1,0.9999971476942475
2006-09-12,3.9890573915063535e-06,0.9999960109426017,1,0.9999960109426017
2006-09-13,4.7322118277134245e-06,0.9999952677881656,1,0.9999952677881656
2006-09-14,3.226010778119416e-06,0.9999967739892152,1,0.9999967739892152
2006-09-15,5.550856560545464e-06,0.9999944491434327,1,0.9999944491434327
2006-09-18,3.829971736874669e-06,0.9999961700282561,1,0.9999961700282561
2006-09-19,3.59628966350045e-06,0.9999964037103295,1,0.9999964037103295
2006-09-20,4.848571991799619e-06,0.9999951514280012,1,0.9999951514280012
2006-09-21,3.5607467757901157e-06,0.9999964392532171,1,0.9999964392532171
2006-09-22,4.819085847837634e-06,0.999995180914145,1,0.999995180914145
2006-09-25,4.920656669182987e-06,0.9999950793433237,1,0.9999950793433237
2006-09-26,4.892763835994519e-06,0.9999951072361568,1,0.9999951072361568
2006-09-27,6.865188279190943e-06,0.9999931348117134,1,0.9999931348117134
2006-09-28,1.8084559033565443e-05,0.999981915440959,1,0.999981915440959
2006-09-29,9.863187328310179e-06,0.9999901368126642,1,0.9999901368126642
2006-10-02,1.251806802270028e-05,0.9999874819319698,1,0.9999874819319698
2006-10-03,1.6252818702465674e-05,0.9999837471812901,1,0.9999837471812901
2006-10-04,1.7930943810872354e-05,0.9999820690561817,1,0.9999820690561817
2006-10-05,1.1633196602387043e-05,0.9999883668033902,1,0.9999883668033902
2006-10-06,5.880337161308111e-06,0.9999941196628315,1,0.9999941196628315
2006-10-09,6.8340005750817465e-06,0.9999931659994178,1,0.9999931659994178
2006-10-10,6.934550075936557e-06,0.9999930654499168,1,0.9999930654499168
2006-10-11,5.978093295589159e-06,0.9999940219066972,1,0.9999940219066972
2006-10-12,1.0247091455880399e-05,0.9999897529085369,1,0.9999897529085369
2006-10-13,1.601725746480056e-05,0.9999839827425278,1,0.9999839827425278
2006-10-16,5.789356347748931e-06,0.9999942106436448,1,0.9999942106436448
2006-10-17,8.787016013741196e-06,0.9999912129839789,1,0.9999912129839789
2006-10-18,1.0484260812335765e-05,0.9999895157391804,1,0.9999895157391804
2006-10-19,1.6006995732383027e-05,0.9999839930042604,1,0.9999839930042604
2006-10-20,1.8055031145723908e-05,0.9999819449688468,1,0.9999819449688468
2006-10-23,1.2218633225011401e-05,0.9999877813667677,1,0.9999877813667677
2006-10-24,3.254873926731386e-05,0.9999674512607255,1,0.9999674512607255
2006-10-25,0.0001786255433237273,0.9998213744566692,1,0.9998213744566692
2006-10-26,0.0013238103695176477,0.9986761896304751,1,0.9986761896304751
2006-10-27,0.006951548474264716,0.993048451525728,1,0.993048451525728
2006-10-30,0.03436743603474556,0.9656325639652471,1,0.9656325639652471
2006-10-31,0.10263387683082578,0.8973661231691669,1,0.8973661231691669
2006-11-01,0.26727653757969316,0.7327234624202996,1,0.7327234624202996
2006-11-02,0.39958789853021515,0.6004121014697779,1,0.6004121014697779
2006-11-03,0.5087366950214279,0.4912633049785649,0,0.4912633049785649
2006-11-06,0.6097437948380788,0.39025620516191384,0,0.39025620516191384
2006-11-07,0.7144678325971543,0.2855321674028387,0,0.2855321674028387
2006-11-08,0.8300797657102832,0.1699202342897098,0,0.1699202342897098
2006-11-09,0.9179104109293788,0.08208958907061442,0,0.08208958907061442
2006-11-10,0.9735763363670661,0.026423663632927145,0,0.026423663632927145
2006-11-13,0.9912439818940469,0.008756018105946122,0,0.008756018105946122
2006-11-14,0.9969392738191488,0.0030607261808442525,0,0.0030607261808442525
2006-11-15,0.9988777874108288,0.001122212589164235,0,0.001122212589164235
2006-11-16,0.9995667859335792,0.0004332140664137904,0,0.0004332140664137904
2006-11-17,0.9997776983816552,0.00022230161833773003,0,0.00022230161833773003
2006-11-20,0.9998456507827149,0.00015434921727782818,0,0.00015434921727782818
2006-11-21,0.9998563028359431,0.00014369716404984267,0,0.00014369716404984267
2006-11-22,0.9998624710982131,0.00013752890177989624,0,0.00013752890177989624
2006-11-23,0.99986336608251,0.00013663391748295215,0,0.00013663391748295215
2006-11-24,0.9998579357335611,0.00014206426643170977,0,0.00014206426643170977
2006-11-27,0.9998363948407486,0.0001636051592442551,0,0.0001636051592442551
2006-11-28,0.9998670029894637,0.00013299701052915322,0,0.00013299701052915322
2006-11-29,0.9998780350743232,0.00012196492566964966,0,0.00012196492566964966
2006-11-30,0.9998850054144814,0.00011499458551142239,0,0.00011499458551142239
2006-12-01,0.9998879128062486,0.00011208719374449188,0,0.00011208719374449188
2006-12-04,0.999881261022276,0.00011873897771711596,0,0.00011873897771711596
2006-12-05,0.9998571333215117,0.00014286667848130945,0,0.00014286667848130945
2006-12-06,0.9998645548427877,0.000135445157205279,0,0.000135445157205279
2006-12-07,0.9998812285069701,0.00011877149302287813,0,0.00011877149302287813
2006-12-08,0.9998782546138063,0.00012174538618673394,0,0.00012174538618673394
2006-12-11,0.9998817734413761,0.000118226558616842,0,0.000118226558616842
2006-12-12,0.9998902758476147,0.00010972415237834324,0,0.00010972415237834324
2006-12-13,0.9999006831118508,9.931688814207227e-05,0,9.931688814207227e-05
2006-12-14,0.9999004396548004,9.956034519236651e-05,0,9.956034519236651e-05
2006-12-15,0.9998981043867529,0.00010189561323993524,0,0.00010189561323993524
2006-12-18,0.9998958620083521,0.00010413799164058365,0,0.00010413799164058365
2006-12-19,0.999898766408297,0.00010123359169590736,0,0.00010123359169590736
2006-12-20,0.9998876079088044,0.00011239209118847767,0,0.00011239209118847767
2006-12-21,0.9998358830104248,0.00016411698956808482,0,0.00016411698956808482
2006-12-22,0.999685438548184,0.0003145614518086509,0,0.0003145614518086509
2006-12-25,0.9992593291985911,0.0007406708014017316,0,0.0007406708014017316
2006-12-26,0.9979667148637641,0.0020332851362288443,0,0.0020332851362288443
2006-12-27,0.9940526072096246,0.005947392790368225,0,0.005947392790368225
2006-12-28,0.9816906077494879,0.018309392250504875,0,0.018309392250504875
2006-12-29,0.9474234269907119,0.05257657300928073,0,0.05257657300928073
2007-01-01,0.8662205896909816,0.13377941030901092,0,0.13377941030901092
2007-01-02,0.677150824676666,0.32284917532332674,0,0.32284917532332674
2007-01-03,0.24548763506060509,0.7545123649393879,1,0.7545123649393879
2007-01-04,0.06664279710996981,0.933357202890023,1,0.933357202890023
2007-01-05,0.019980610403480998,0.9800193895965118,1,0.9800193895965118
2007-01-08,0.005507781938896579,0.9944922180610963,1,0.9944922180610963
2007-01-09,0.0023579494481671395,0.9976420505518256,1,0.9976420505518256
2007-01-10,0.001939769875617349,0.9980602301243754,1,0.9980602301243754
2007-01-11,0.00120170821955325,0.9987982917804397,1,0.9987982917804397
2007-01-12,0.0002697907476445449,0.9997302092523485,1,0.9997302092523485
2007-01-15,8.631996537286993e-05,0.9999136800346201,1,0.9999136800346201
2007-01-16,3.417135520643388e-05,0.9999658286447864,1,0.9999658286447864
2007-01-17,1.2496647074775066e-05,0.9999875033529181,1,0.9999875033529181
2007-01-18,3.0457628877289086e-06,0.9999969542371051,1,0.9999969542371051
2007-01-19,2.4263361083334164e-06,0.9999975736638846,1,0.9999975736638846
2007-01-22,4.596116411462445e-06,0.9999954038835814,1,0.9999954038835814
2007-01-23,4.785855591585938e-06,0.9999952141444014,1,0.9999952141444014
2007-01-24,6.813301162909522e-06,0.9999931866988301,1,0.9999931866988301
2007-01-25,1.8574027612345318e-05,0.9999814259723806,1,0.9999814259723806
2007-01-26,1.7104472495760224e-05,0.9999828955274973,1,0.9999828955274973
2007-01-29,2.7953621780359898e-06,0.999997204637815,1,0.999997204637815
2007-01-30,3.985160021709159e-06,0.9999960148399715,1,0.9999960148399715
2007-01-31,4.3583712950213e-06,0.9999956416286981,1,0.9999956416286981
2007-02-01,5.567857054139913e-07,0.9999994432142877,1,0.9999994432142877
2007-02-02,8.568418594529254e-08,0.999999914315807,1,0.999999914315807
2007-02-05,4.791834688911559e-08,0.9999999520816462,1,0.9999999520816462
2007-02-06,4.609669746867207e-07,0.9999995390330184,1,0.9999995390330184
2007-02-07,1.6480909269622852e-07,0.9999998351909006,1,0.9999998351909006
2007-02-08,9.30302500625172e-08,0.9999999069697431,1,0.9999999069697431
2007-02-09,2.855870205311999e-07,0.9999997144129725,1,0.9999997144129725
2007-02-12,1.792121127060799e-07,0.9999998207878803,1,0.9999998207878803
2007-02-13,2.8033036951868803e-06,0.9999971966962978,1,0.9999971966962978
2007-02-14,1.840962478641075e-06,0.9999981590375144,1,0.9999981590375144
2007-02-15,1.1366435263974397e-05,0.999988633564729,1,0.999988633564729
2007-02-16,7.382764952497812e-06,0.9999926172350406,1,0.9999926172350406
2007-02-19,7.285900193142572e-06,0.9999927140997998,1,0.9999927140997998
2007-02-20,5.966018991905918e-06,0.999994033981001,1,0.999994033981001
2007-02-21,4.663961840558133e-06,0.9999953360381522,1,0.9999953360381522
2007-02-22,4.541166915555413e-05,0.9999545883308373,1,0.9999545883308373
2007-02-23,0.00012255306333969562,0.9998774469366531,1,0.9998774469366531
2007-02-26,0.0001739115594495853,0.9998260884405432,1,0.9998260884405432
2007-02-27,0.0002593588113287215,0.9997406411886642,1,0.9997406411886642
2007-02-28,0.0008398275578251457,0.9991601724421678,1,0.9991601724421678
2007-03-01,0.004212388906987654,0.9957876110930054,1,0.9957876110930054
2007-03-02,0.01606488928985985,0.983935110710133,1,0.983935110710133
2007-03-05,0.040260397947174335,0.9597396020528185,1,0.9597396020528185
2007-03-06,0.10077184382806667,0.8992281561719262,1,0.8992281561719262
2007-03-07,0.22785616864278402,0.772143831357209,1,0.772143831357209
2007-03-08,0.3942830523601887,0.6057169476398043,1,0.6057169476398043
2007-03-09,0.542240241575707,0.4577597584242862,0,0.4577597584242862
2007-03-12,0.7231460432631192,0.27685395673687396,0,0.27685395673687396
2007-03-13,0.8399615010060171,0.16003849899397576,0,0.16003849899397576
2007-03-14,0.9254220435877698,0.07457795641222299,0,0.07457795641222299
2007-03-15,0.9767469941647736,0.023253005835219023,0,0.023253005835219023
2007-03-16,0.9925607185837777,0.007439281416214913,0,0.007439281416214913
2007-03-19,0.9975664259921193,0.002433574007873212,0,0.002433574007873212
2007-03-20,0.9991235765842166,0.0008764234157760398,0,0.0008764234157760398
2007-03-21,0.9996208326707345,0.00037916732925816926,0,0.00037916732925816926
2007-03-22,0.9998025286578485,0.00019747134214420702,0,0.00019747134214420702
2007-03-23,0.9998669371165444,0.00013306288344810325,0,0.00013306288344810325
2007-03-26,0.999884888240559,0.00011511175943349037,0,0.00011511175943349037
2007-03-27,0.999873777091334,0.00012622290865868012,0,0.00012622290865868012
2007-03-28,0.9998680559682032,0.0001319440317894805,0,0.0001319440317894805
2007-03-29,0.9998849692841076,0.00011503071588501136,0,0.00011503071588501136
2007-03-30,0.9998987406151203,0.00010125938487239578,0,0.00010125938487239578
2007-04-02,0.9998999828181536,0.00010001718183902485,0,0.00010001718183902485
2007-04-03,0.9998865120544833,0.00011348794550942892,0,0.00011348794550942892
2007-04-04,0.9998736372001106,0.00012636279988206218,0,0.00012636279988206218
2007-04-05,0.9998677066450605,0.00013229335493206566,0,0.00013229335493206566
2007-04-06,0.9998406588109057,0.0001593411890869536,0,0.0001593411890869536
2007-04-09,0.9997498939767742,0.00025010602321837893,0,0.00025010602321837893
2007-04-10,0.9996977444092412,0.0003022555907514066,0,0.0003022555907514066
2007-04-11,0.9996452664367265,0.00035473356326631356,0,0.00035473356326631356
2007-04-12,0.9996960439319964,0.0003039560679963773,0,0.0003039560679963773
2007-04-13,0.9997136322292154,0.00028636777077740896,0,0.00028636777077740896
2007-04-16,0.9996812226213574,0.0003187773786354057,0,0.0003187773786354057
2007-04-17,0.9995271967853264,0.0004728032146662181,0,0.0004728032146662181
2007-04-18,0.9995475689260643,0.000452431073928321,0,0.000452431073928321
2007-04-19,0.99957105836903,0.0004289416309627076,0,0.0004289416309627076
2007-04-20,0.9995917194754497,0.00040828052454292793,0,0.00040828052454292793
2007-04-23,0.9995755651600395,0.0004244348399528963,0,0.0004244348399528963
2007-04-24,0.9995930102458104,0.00040698975418209944,0,0.00040698975418209944
2007-04-25,0.9995379577218657,0.0004620422781268595,0,0.0004620422781268595
2007-04-26,0.9994710403285775,0.0005289596714150634,0,0.0005289596714150634
2007-04-27,0.9992180501917528,0.0007819498082396264,0,0.0007819498082396264
2007-04-30,0.9986248282593528,0.0013751717406397588,0,0.0013751717406397588
2007-05-01,0.9974142850725196,0.0025857149274731055,0,0.0025857149274731055
2007-05-02,0.9961420191273356,0.003857980872656927,0,0.003857980872656927
2007-05-03,0.9950398539170692,0.0049601460829234246,0,0.0049601460829234246
2007-05-04,0.9944945801096693,0.005505419890323289,0,0.005505419890323289
2007-05-07,0.9946106807544012,0.005389319245591301,0,0.005389319245591301
2007-05-08,0.9948971664980009,0.005102833501991613,0,0.005102833501991613
2007-05-09,0.9955882260164041,0.004411773983588467,0,0.004411773983588467
2007-05-10,0.9965334789140645,0.0034665210859278384,0,0.0034665210859278384
2007-05-11,0.9974602780373278,0.0025397219626645197,0,0.0025397219626645197
2007-05-14,0.9984925036644478,0.0015074963355445087,0,0.0015074963355445087
2007-05-15,0.9990532158226821,0.0009467841773100575,0,0.0009467841773100575
2007-05-16,0.99945817047958,0.000541829520412178,0,0.000541829520412178
2007-05-17,0.9997117312909145,0.0002882687090777345,0,0.0002882687090777345
2007-05-18,0.9997928958501281,0.0002071041498642554,0,0.0002071041498642554
2007-05-21,0.999799588573184,0.00020041142680830067,0,0.00020041142680830067
2007-05-22,0.9998443304049957,0.00015566959499671855,0,0.00015566959499671855
2007-05-23,0.9998656145738368,0.00013438542615557523,0,0.00013438542615557523
2007-05-24,0.999875498121874,0.00012450187811836384,0,0.00012450187811836384
2007-05-25,0.9998362311289885,0.00016376887100407085,0,0.00016376887100407085
2007-05-28,0.9998207162985701,0.00017928370142249785,0,0.00017928370142249785
2007-05-29,0.9998158412756206,0.0001841587243718332,0,0.0001841587243718332
2007-05-30,0.9998021126258899,0.00019788737410276927,0,0.00019788737410276927
2007-05-31,0.9997670950080586,0.00023290499193400963,0,0.00023290499193400963
2007-06-01,0.9997634848789655,0.00023651512102713796,0,0.00023651512102713796
2007-06-04,0.9997138591980668,0.000286140801925882,0,0.000286140801925882
2007-06-05,0.9997133268219683,0.00028667317802437214,0,0.00028667317802437214
2007-06-06,0.9997369448703809,0.000263055129611763,0,0.000263055129611763
2007-06-07,0.9997052081389565,0.00029479186103600517,0,0.00029479186103600517
2007-06-08,0.9996535644220378,0.00034643557795493876,0,0.00034643557795493876
2007-06-11,0.9994415325735194,0.0005584674264731281,0,0.0005584674264731281
2007-06-12,0.9990339282458234,0.0009660717541689597,0,0.0009660717541689597
2007-06-13,0.997976939267875,0.002023060732117208,0,0.002023060732117208
2007-06-14,0.9957309848662137,0.004269015133778457,0,0.004269015133778457
2007-06-15,0.9923235748864438,0.007676425113548372,0,0.007676425113548372
2007-06-18,0.9874024635694756,0.012597536430516653,0,0.012597536430516653
2007-06-19,0.9798508861581744,0.020149113841818028,0,0.020149113841818028
2007-06-20,0.9650004734510859,0.034999526548906444,0,0.034999526548906444
2007-06-21,0.9455619898663389,0.05443801013365357,0,0.05443801013365357
2007-06-22,0.9182830560912539,0.08171694390873857,0,0.08171694390873857
2007-06-25,0.8716214774527514,0.12837852254724108,0,0.12837852254724108
2007-06-26,0.8040267957147583,0.19597320428523407,0,0.19597320428523407
2007-06-27,0.6853816338530648,0.3146183661469275,0,0.3146183661469275
2007-06-28,0.5215919671129585,0.47840803288703376,0,0.47840803288703376
2007-06-29,0.3497611152823652,0.6502388847176273,1,0.6502388847176273
2007-07-02,0.19437747730248142,0.8056225226975106,1,0.8056225226975106
2007-07-03,0.08695692225812936,0.9130430777418627,1,0.9130430777418627
2007-07-04,0.03508541349352362,0.9649145865064686,1,0.9649145865064686
2007-07-05,0.010170511530949005,0.9898294884690431,1,0.9898294884690431
2007-07-06,0.003530589781129319,0.9964694102188629,1,0.9964694102188629
2007-07-09,0.0014439603129236865,0.9985560396870686,1,0.9985560396870686
2007-07-10,0.0008022527511107329,0.9991977472488816,1,0.9991977472488816
2007-07-11,0.0005571133545231315,0.9994428866454692,1,0.9994428866454692
2007-07-12,0.00065784793321723,0.9993421520667752,1,0.9993421520667752
2007-07-13,0.0007406407251617259,0.9992593592748309,1,0.9992593592748309
2007-07-16,0.0009406210459515693,0.999059378954041,1,0.999059378954041
2007-07-17,0.0011820529286851245,0.9988179470713076,1,0.9988179470713076
2007-07-18,0.001512636971215928,0.9984873630287767,1,0.9984873630287767
2007-07-19,0.001862689896391209,0.9981373101036016,1,0.9981373101036016
2007-07-20,0.0031450840891684784,0.9968549159108243,1,0.9968549159108243
2007-07-23,0.006739874376276156,0.9932601256237166,1,0.9932601256237166
2007-07-24,0.013297311009001975,0.9867026889909907,1,0.9867026889909907
2007-07-25,0.021063843699887123,0.9789361563001056,1,0.9789361563001056
2007-07-26,0.029131551563270706,0.9708684484367218,1,0.9708684484367218
2007-07-27,0.03868882853449852,0.9613111714654939,1,0.9613111714654939
2007-07-30,0.05393011774589103,0.9460698822541015,1,0.9460698822541015
2007-07-31,0.08217567418371606,0.9178243258162765,1,0.9178243258162765
2007-08-01,0.157344262014376,0.8426557379856168,1,0.8426557379856168
2007-08-02,0.3027878871174139,0.6972121128825788,1,0.6972121128825788
2007-08-03,0.5370349111030976,0.462965088896895,0,0.462965088896895
2007-08-06,0.6952446197793121,0.3047553802206808,0,0.3047553802206808
2007-08-07,0.8021964365174655,0.19780356348252726,0,0.19780356348252726
2007-08-08,0.896174225663144,0.1038257743368489,0,0.1038257743368489
2007-08-09,0.9456578268312114,0.054342173168781246,0,0.054342173168781246
2007-08-10,0.9710825182176114,0.02891748178238126,0,0.02891748178238126
2007-08-13,0.9827775647477006,0.01722243525229206,0,0.01722243525229206
2007-08-14,0.9918752926154789,0.008124707384513851,0,0.008124707384513851
2007-08-15,0.996788775001645,0.0032112249983478306,0,0.0032112249983478306
2007-08-16,0.9990253794324678,0.0009746205675249112,0,0.0009746205675249112
2007-08-17,0.9996553416672681,0.0003446583327247777,0,0.0003446583327247777
2007-08-20,0.9998243172783802,0.00017568272161248383,0,0.00017568272161248383
2007-08-21,0.9998660901985543,0.00013390980143830332,0,0.00013390980143830332
2007-08-22,0.999849224117142,0.0001507758828507075,0,0.0001507758828507075
2007-08-23,0.999795027793867,0.00020497220612574024,0,0.00020497220612574024
2007-08-24,0.9997324246557792,0.0002675753442135794,0,0.0002675753442135794
2007-08-27,0.9996855706541887,0.00031442934580399283,0,0.00031442934580399283
2007-08-28,0.9996981897716766,0.00030181022831629053,0,0.00030181022831629053
2007-08-29,0.9996936227043458,0.00030637729564693823,0,0.00030637729564693823
2007-08-30,0.9996701124947107,0.0003298875052819843,0,0.0003298875052819843
2007-08-31,0.9996576542477873,0.00034234575220532963,0,0.00034234575220532963
2007-09-03,0.9997029005454996,0.0002970994544932253,0,0.0002970994544932253
2007-09-04,0.999828845286713,0.00017115471327965582,0,0.00017115471327965582
2007-09-05,0.9998787049035125,0.00012129509648027681,0,0.00012129509648027681
2007-09-06,0.9998974665753184,0.00010253342467452679,0,0.00010253342467452679
2007-09-07,0.9999039971590999,9.600284089293209e-05,0,9.600284089293209e-05
2007-09-10,0.9999050393558776,9.496064411524615e-05,0,9.496064411524615e-05
2007-09-11,0.9999041007977635,9.589920222938809e-05,0,9.589920222938809e-05
2007-09-12,0.9999044417897901,9.555821020300497e-05,0,9.555821020300497e-05
2007-09-13,0.9998986755219386,0.00010132447805430191,0,0.00010132447805430191
2007-09-14,0.9998960562543114,0.0001039437456813193,0,0.0001039437456813193
2007-09-17,0.9998904782447667,0.00010952175522611927,0,0.00010952175522611927
2007-09-18,0.9998711152450918,0.00012888475490106422,0,0.00012888475490106422
2007-09-19,0.9998252199099303,0.00017478009006260693,0,0.00017478009006260693
2007-09-20,0.9998264704715855,0.0001735295284075338,0,0.0001735295284075338
2007-09-21,0.9998083204526865,0.00019167954730646254,0,0.00019167954730646254
2007-09-24,0.9997582424914697,0.00024175750852321886,0,0.00024175750852321886
2007-09-25,0.999732776402781,0.00026722359721177745,0,0.00026722359721177745
2007-09-26,0.9996912290277769,0.00030877097221588065,0,0.00030877097221588065
2007-09-27,0.9996555787120419,0.0003444212879506355,0,0.0003444212879506355
2007-09-28,0.9996162300005498,0.0003837699994429897,0,0.0003837699994429897
2007-10-01,0.9994016169753561,0.0005983830246364505,0,0.0005983830246364505
2007-10-02,0.9989320015254615,0.001067998474531079,0,0.001067998474531079
2007-10-03,0.998641467158331,0.0013585328416616306,0,0.0013585328416616306
2007-10-04,0.9989248073622614,0.0010751926377313079,0,0.0010751926377313079
2007-10-05,0.9992652714015346,0.0007347285984581117,0,0.0007347285984581117
2007-10-08,0.9995447666684074,0.0004552333315852777,0,0.0004552333315852777
2007-10-09,0.9996610787096647,0.000338921290328021,0,0.000338921290328021
2007-10-10,0.9996742251627322,0.00032577483726057405,0,0.00032577483726057405
2007-10-11,0.9997684243100053,0.00023157568998734333,0,0.00023157568998734333
2007-10-12,0.9998102958664242,0.00018970413356863408,0,0.00018970413356863408
2007-10-15,0.9998366766117877,0.00016332338820519642,0,0.00016332338820519642
2007-10-16,0.9998668539410701,0.00013314605892259586,0,0.00013314605892259586
2007-10-17,0.9998888500731258,0.00011114992686699749,0,0.00011114992686699749
2007-10-18,0.9998999751567972,0.00010002484319563775,0,0.00010002484319563775
2007-10-19,0.9998938860728106,0.00010611392718230814,0,0.00010611392718230814
2007-10-22,0.9998586562983598,0.00014134370163334517,0,0.00014134370163334517
2007-10-23,0.9997251508589421,0.00027484914105113217,0,0.00027484914105113217
2007-10-24,0.9992211907739471,0.0007788092260460281,0,0.0007788092260460281
2007-10-25,0.9974936744197052,0.002506325580288033,0,0.002506325580288033
2007-10-26,0.991427111755239,0.00857288824475409,0,0.00857288824475409
2007-10-29,0.9713555461176092,0.028644453882384055,0,0.028644453882384055
2007-10-30,0.9132331111949294,0.08676688880506381,0,0.08676688880506381
2007-10-31,0.756226117563842,0.2437738824361513,0,0.2437738824361513
2007-11-01,0.4131198593687786,0.5868801406312144,1,0.5868801406312144
2007-11-02,0.09819392602846734,0.9018060739715256,1,0.9018060739715256
2007-11-05,0.01566589427712199,0.9843341057228711,1,0.9843341057228711
2007-11-06,0.0020158255221509724,0.9979841744778422,1,0.9979841744778422
2007-11-07,3.1332346629071296e-05,0.999968667653364,1,0.999968667653364
2007-11-08,6.634584851778328e-07,0.9999993365415079,1,0.9999993365415079
2007-11-09,2.1693612474230127e-07,0.9999997830638684,1,0.9999997830638684
2007-11-12,1.568973024930992e-06,0.9999984310269682,1,0.9999984310269682
2007-11-13,4.813407235392325e-06,0.9999951865927577,1,0.9999951865927577
2007-11-14,5.3970341897817674e-05,0.9999460296580951,1,0.9999460296580951
2007-11-15,1.1939956580731246e-05,0.9999880600434123,1,0.9999880600434123
2007-11-16,3.654403044165017e-05,0.9999634559695514,1,0.9999634559695514
2007-11-19,2.7399112247385245e-06,0.9999972600887683,1,0.9999972600887683
2007-11-20,2.3136625807839e-06,0.9999976863374123,1,0.9999976863374123
2007-11-21,2.4026218195511453e-08,0.9999999759737748,1,0.9999999759737748
2007-11-22,3.536868753104144e-08,0.9999999646313056,1,0.9999999646313056
2007-11-23,5.562239856756194e-08,0.9999999443775948,1,0.9999999443775948
2007-11-26,1.725460200357599e-07,0.9999998274539733,1,0.9999998274539733
2007-11-27,1.4961918134072375e-07,0.9999998503808118,1,0.9999998503808118
2007-11-28,2.3717374348675453e-06,0.9999976282625583,1,0.9999976282625583
2007-11-29,2.2180182417508732e-05,0.9999778198175757,1,0.9999778198175757
2007-11-30,0.0001394370275386644,0.9998605629724545,1,0.9998605629724545
2007-12-03,3.9102656179243034e-05,0.999960897343814,1,0.999960897343814
2007-12-04,3.6993555526671086e-06,0.9999963006444407,1,0.9999963006444407
2007-12-05,7.109713951598965e-06,0.9999928902860418,1,0.9999928902860418
2007-12-06,7.690048437597226e-06,0.9999923099515557,1,0.9999923099515557
2007-12-07,4.2673105708785126e-05,0.9999573268942845,1,0.9999573268942845
2007-12-10,1.3359105370441188e-05,0.9999866408946229,1,0.9999866408946229
2007-12-11,9.186458644304977e-06,0.9999908135413491,1,0.9999908135413491
2007-12-12,3.814612958329942e-06,0.999996185387035,1,0.999996185387035
2007-12-13,2.652897503204669e-06,0.9999973471024901,1,0.9999973471024901
2007-12-14,4.423795577564616e-06,0.9999955762044159,1,0.9999955762044159
2007-12-17,1.1030587270608413e-06,0.9999988969412663,1,0.9999988969412663
2007-12-18,6.045585081691409e-07,0.9999993954414852,1,0.9999993954414852
2007-12-19,4.822677297166651e-06,0.9999951773226963,1,0.9999951773226963
2007-12-20,1.0095033758369614e-05,0.9999899049662349,1,0.9999899049662349
2007-12-21,5.643508975239316e-05,0.999943564910241,1,0.999943564910241
2007-12-24,0.00012163438775478663,0.9998783656122385,1,0.9998783656122385
2007-12-25,0.00012780308998516841,0.9998721969100083,1,0.9998721969100083
2007-12-26,7.238099809371993e-05,0.9999276190018996,1,0.9999276190018996
2007-12-27,2.5773325588957768e-05,0.9999742266744044,1,0.9999742266744044
2007-12-28,5.109932832422832e-06,0.9999948900671609,1,0.9999948900671609
2007-12-31,4.3198577363808336e-06,0.9999956801422569,1,0.9999956801422569
2008-01-01,4.698892271504466e-06,0.9999953011077217,1,0.9999953011077217
2008-01-02,1.6742716145419547e-06,0.9999983257283788,1,0.9999983257283788
2008-01-03,9.576615982612497e-06,0.9999904233840106,1,0.9999904233840106
2008-01-04,7.740562645718997e-06,0.9999922594373475,1,0.9999922594373475
2008-01-07,8.480789817049516e-06,0.9999915192101764,1,0.9999915192101764
2008-01-08,3.0018192467752927e-05,0.9999699818075256,1,0.9999699818075256
2008-01-09,2.6517590775457543e-05,0.9999734824092181,1,0.9999734824092181
2008-01-10,1.3626190160460732e-05,0.9999863738098331,1,0.9999863738098331
2008-01-11,1.5203260941391443e-05,0.9999847967390522,1,0.9999847967390522
2008-01-14,1.8484483897815895e-05,0.9999815155160958,1,0.9999815155160958
2008-01-15,4.5345676703174015e-06,0.9999954654323232,1,0.9999954654323232
2008-01-16,5.965356614198075e-06,0.9999940346433792,1,0.9999940346433792
2008-01-17,8.471150829329353e-06,0.9999915288491639,1,0.9999915288491639
2008-01-18,1.9399519260003778e-05,0.9999806004807333,1,0.9999806004807333
2008-01-21,1.978556679794249e-05,0.9999802144331954,1,0.9999802144331954
2008-01-22,6.951763106864859e-06,0.9999930482368866,1,0.9999930482368866
2008-01-23,1.0370546429656658e-06,0.9999989629453503,1,0.9999989629453503
2008-01-24,1.7059394801899087e-06,0.9999982940605132,1,0.9999982940605132
2008-01-25,1.6221871789945568e-06,0.9999983778128144,1,0.9999983778128144
2008-01-28,6.42447738102259e-07,0.9999993575522552,1,0.9999993575522552
2008-01-29,5.601867598301414e-06,0.9999943981323949,1,0.9999943981323949
2008-01-30,2.3260253248738227e-06,0.9999976739746683,1,0.9999976739746683
2008-01-31,8.056183666464547e-06,0.9999919438163266,1,0.9999919438163266
2008-02-01,2.0410492888247753e-05,0.9999795895071046,1,0.9999795895071046
2008-02-04,0.0001714276538624051,0.9998285723461308,1,0.9998285723461308
2008-02-05,0.0014704432671857799,0.9985295567328072,1,0.9985295567328072
2008-02-06,0.015789092795411012,0.984210907204582,1,0.984210907204582
2008-02-07,0.09414780161661196,0.9058521983833809,1,0.9058521983833809
2008-02-08,0.21608155982792787,0.7839184401720649,1,0.7839184401720649
2008-02-11,0.3537297315818692,0.6462702684181236,1,0.6462702684181236
2008-02-12,0.50550453103315,0.4944954689668431,0,0.4944954689668431
2008-02-13,0.6146602547652217,0.38533974523477116,0,0.38533974523477116
2008-02-14,0.7063657586663925,0.2936342413336001,0,0.2936342413336001
2008-02-15,0.808351652435734,0.19164834756425866,0,0.19164834756425866
2008-02-18,0.8872624488082804,0.1127375511917121,0,0.1127375511917121
2008-02-19,0.9478341447194997,0.05216585528049272,0,0.05216585528049272
2008-02-20,0.9742037693662773,0.0257962306337152,0,0.0257962306337152
2008-02-21,0.9885870419115665,0.01141295808842593,0,0.01141295808842593
2008-02-22,0.9946212772687139,0.005378722731278732,0,0.005378722731278732
2008-02-25,0.9973172276504348,0.002682772349557659,0,0.002682772349557659
2008-02-26,0.9986160914965715,0.0013839085034210163,0,0.0013839085034210163
2008-02-27,0.9992256114730046,0.0007743885269880604,0,0.0007743885269880604
2008-02-28,0.9994851489750487,0.0005148510249440154,0,0.0005148510249440154
2008-02-29,0.999577959993503,0.00042204000648983075,0,0.00042204000648983075
2008-03-03,0.9996646709515825,0.0003353290484102486,0,0.0003353290484102486
2008-03-04,0.9996913304270488,0.0003086695729439757,0,0.0003086695729439757
2008-03-05,0.9997403085683484,0.0002596914316445493,0,0.0002596914316445493
2008-03-06,0.999710019573868,0.0002899804261247953,0,0.0002899804261247953
2008-03-07,0.999617480377242,0.0003825196227508496,0,0.0003825196227508496
2008-03-10,0.9993133901933325,0.000686609806660158,0,0.000686609806660158
2008-03-11,0.998930166440636,0.0010698335593565794,0,0.0010698335593565794
2008-03-12,0.9984734069896082,0.0015265930103845295,0,0.0015265930103845295
2008-03-13,0.9975892690351931,0.0024107309647998926,0,0.0024107309647998926
2008-03-14,0.9965343546507862,0.003465645349206641,0,0.003465645349206641
2008-03-17,0.9953424230141141,0.004657576985878776,0,0.004657576985878776
2008-03-18,0.9959534633647058,0.0040465366352873235,0,0.0040465366352873235
2008-03-19,0.9975468534494145,0.0024531465505785483,0,0.0024531465505785483
2008-03-20,0.9986727764578014,0.001327223542191571,0,0.001327223542191571
2008-03-21,0.9992549963795213,0.0007450036204717042,0,0.0007450036204717042
2008-03-24,0.9995804587001775,0.00041954129981546515,0,0.00041954129981546515
2008-03-25,0.9997070900698127,0.00029290993018023,0,0.00029290993018023
2008-03-26,0.9997812657226348,0.000218734277358035,0,0.000218734277358035
2008-03-27,0.9998649919114019,0.00013500808859113719,0,0.00013500808859113719
2008-03-28,0.999892824169485,0.00010717583050815239,0,0.00010717583050815239
2008-03-31,0.9999022393939964,9.776060599682808e-05,0,9.776060599682808e-05
2008-04-01,0.9998987837790071,0.00010121622098613453,0,0.00010121622098613453
2008-04-02,0.9998962676671355,0.00010373233285770685,0,0.00010373233285770685
2008-04-03,0.9998950039837782,0.00010499601621487671,0,0.00010499601621487671
2008-04-04,0.9998908513344096,0.0001091486655834031,0,0.0001091486655834031
2008-04-07,0.9998966160866632,0.00010338391332970898,0,0.00010338391332970898
2008-04-08,0.9999018082617432,9.819173824963666e-05,0,9.819173824963666e-05
2008-04-09,0.9999008892825741,9.911071741878255e-05,0,9.911071741878255e-05
2008-04-10,0.9999039334800611,9.606651993179587e-05,0,9.606651993179587e-05
2008-04-11,0.9999025028630301,9.749713696281367e-05,0,9.749713696281367e-05
2008-04-14,0.9999061447200147,9.385527997813585e-05,0,9.385527997813585e-05
2008-04-15,0.999907793359583,9.220664040968621e-05,0,9.220664040968621e-05
2008-04-16,0.9999076149676703,9.238503232241934e-05,0,9.238503232241934e-05
2008-04-17,0.999906280651717,9.37193482755454e-05,0,9.37193482755454e-05
2008-04-18,0.9998999727723756,0.0001000272276168851,0,0.0001000272276168851
2008-04-21,0.9998973855744883,0.00010261442550416362,0,0.00010261442550416362
2008-04-22,0.9998831473289572,0.00011685267103529184,0,0.00011685267103529184
2008-04-23,0.9998690774659792,0.0001309225340134496,0,0.0001309225340134496
2008-04-24,0.999843466332081,0.00015653366791164487,0,0.00015653366791164487
2008-04-25,0.9998016296743598,0.0001983703256328934,0,0.0001983703256328934
2008-04-28,0.9997756728503601,0.00022432714963265525,0,0.00022432714963265525
2008-04-29,0.9997464663478441,0.0002535336521485524,0,0.0002535336521485524
2008-04-30,0.9996925780406367,0.0003074219593558965,0,0.0003074219593558965
2008-05-01,0.9997453200127538,0.0002546799872387023,0,0.0002546799872387023
2008-05-02,0.9996891173490948,0.0003108826508978842,0,0.0003108826508978842
2008-05-05,0.9996539602980534,0.00034603970193930694,0,0.00034603970193930694
2008-05-06,0.9997286041090077,0.00027139589098502004,0,0.00027139589098502004
2008-05-07,0.9997889837658747,0.00021101623411809336,0,0.00021101623411809336
2008-05-08,0.9998522783685225,0.00014772163147010794,0,0.00014772163147010794
2008-05-09,0.9998848101397312,0.00011518986026145143,0,0.00011518986026145143
2008-05-12,0.9998868871997678,0.00011311280022496321,0,0.00011311280022496321
2008-05-13,0.9998800995259354,0.0001199004740574648,0,0.0001199004740574648
2008-05-14,0.9998876177893361,0.00011238221065663855,0,0.00011238221065663855
2008-05-15,0.9998907980454449,0.00010920195454790354,0,0.00010920195454790354
2008-05-16,0.9998937829027437,0.00010621709724915825,0,0.00010621709724915825
2008-05-19,0.9999028679886751,9.713201131754029e-05,0,9.713201131754029e-05
2008-05-20,0.9999049723441342,9.502765585843032e-05,0,9.502765585843032e-05
2008-05-21,0.999900508060253,9.949193973957685e-05,0,9.949193973957685e-05
2008-05-22,0.9999010639521009,9.893604789170874e-05,0,9.893604789170874e-05
2008-05-23,0.9999019813067348,9.801869325781367e-05,0,9.801869325781367e-05
2008-05-26,0.9999034229849937,9.6577014998837e-05,0,9.6577014998837e-05
2008-05-27,0.9999071024211684,9.289757882395567e-05,0,9.289757882395567e-05
2008-05-28,0.9999075697508739,9.243024911843864e-05,0,9.243024911843864e-05
2008-05-29,0.9999061323403929,9.386765959935135e-05,0,9.386765959935135e-05
2008-05-30,0.9999063031508588,9.369684913350368e-05,0,9.369684913350368e-05
2008-06-02,0.9999038200019328,9.61799980593749e-05,0,9.61799980593749e-05
2008-06-03,0.9999050388997601,9.496110023211735e-05,0,9.496110023211735e-05
2008-06-04,0.9999039091524187,9.609084757371869e-05,0,9.609084757371869e-05
2008-06-05,0.9999060154159556,9.39845840369429e-05,0,9.39845840369429e-05
2008-06-06,0.9999051051720766,9.489482791563725e-05,0,9.489482791563725e-05
2008-06-09,0.9999049121419715,9.508785802100184e-05,0,9.508785802100184e-05
2008-06-10,0.9999074722444297,9.252775556284148e-05,0,9.252775556284148e-05
2008-06-11,0.9999074540511375,9.254594885521867e-05,0,9.254594885521867e-05
2008-06-12,0.999907179661746,9.282033824657998e-05,0,9.282033824657998e-05
2008-06-13,0.9999057371296491,9.42628703434321e-05,0,9.42628703434321e-05
2008-06-16,0.9999022041388058,9.779586118688779e-05,0,9.779586118688779e-05
2008-06-17,0.9999005282268545,9.947177313808912e-05,0,9.947177313808912e-05
2008-06-18,0.999889768174582,0.00011023182541077767,0,0.00011023182541077767
2008-06-19,0.999881784219628,0.00011821578036468102,0,0.00011821578036468102
2008-06-20,0.9998562796514278,0.00014372034856503205,0,0.00014372034856503205
2008-06-23,0.999826595582417,0.00017340441757593625,0,0.00017340441757593625
2008-06-24,0.9998327078660162,0.00016729213397693676,0,0.00016729213397693676
2008-06-25,0.9998309767962514,0.00016902320374171783,0,0.00016902320374171783
2008-06-26,0.9998688981650462,0.0001311018349469095,0,0.0001311018349469095
2008-06-27,0.9998784020567335,0.00012159794325963965,0,0.00012159794325963965
2008-06-30,0.9998720801221211,0.00012791987787189266,0,0.00012791987787189266
2008-07-01,0.9998633007742685,0.00013669922572458342,0,0.00013669922572458342
2008-07-02,0.9998062947242101,0.0001937052757830554,0,0.0001937052757830554
2008-07-03,0.9998227251923908,0.00017727480760245122,0,0.00017727480760245122
2008-07-04,0.9998387800664454,0.0001612199335480218,0,0.0001612199335480218
2008-07-07,0.9998760102328119,0.00012398976718143543,0,0.00012398976718143543
2008-07-08,0.999898455138512,0.00010154486148131379,0,0.00010154486148131379
2008-07-09,0.9999017009118382,9.829908815505216e-05,0,9.829908815505216e-05
2008-07-10,0.9998910099675231,0.00010899003247012475,0,0.00010899003247012475
2008-07-11,0.9998654538405551,0.0001345461594382022,0,0.0001345461594382022
2008-07-14,0.999824618543757,0.0001753814562364079,0,0.0001753814562364079
2008-07-15,0.9997636187839275,0.0002363812160659174,0,0.0002363812160659174
2008-07-16,0.9997692896234833,0.00023071037651003985,0,0.00023071037651003985
2008-07-17,0.9998004798413126,0.00019952015868082918,0,0.00019952015868082918
2008-07-18,0.9998198986291402,0.00018010137085312366,0,0.00018010137085312366
2008-07-21,0.9998421879465641,0.00015781205342917706,0,0.00015781205342917706
2008-07-22,0.9998844310013003,0.00011556899869311874,0,0.00011556899869311874
2008-07-23,0.9999017168039195,9.828319607408902e-05,0,9.828319607408902e-05
2008-07-24,0.9999064434132422,9.355658675113518e-05,0,9.355658675113518e-05
2008-07-25,0.9999078792630796,9.212073691363247e-05,0,9.212073691363247e-05
2008-07-28,0.9999077212074879,9.227879250535428e-05,0,9.227879250535428e-05
2008-07-29,0.9999055045450473,9.44954549459899e-05,0,9.44954549459899e-05
2008-07-30,0.9998985813598456,0.00010141864014775464,0,0.00010141864014775464
2008-07-31,0.9998983316918247,0.00010166830816858027,0,0.00010166830816858027
2008-08-01,0.9999006980666757,9.930193331774873e-05,0,9.930193331774873e-05
2008-08-04,0.9998870464083818,0.00011295359161187405,0,0.00011295359161187405
2008-08-05,0.9998989763020172,0.00010102369797630719,0,0.00010102369797630719
2008-08-06,0.9999045188919199,9.548110807351233e-05,0,9.548110807351233e-05
2008-08-07,0.9999055836337091,9.441636628441736e-05,0,9.441636628441736e-05
2008-08-08,0.9999007900740985,9.920992589497102e-05,0,9.920992589497102e-05
2008-08-11,0.9998810964424211,0.0001189035575723585,0,0.0001189035575723585
2008-08-12,0.999870984784943,0.00012901521505041965,0,0.00012901521505041965
2008-08-13,0.9997922825039057,0.00020771749608779807,0,0.00020771749608779807
2008-08-14,0.9995829804767613,0.0004170195232323643,0,0.0004170195232323643
2008-08-15,0.9990453296605769,0.000954670339416984,0,0.000954670339416984
2008-08-18,0.9986771850526465,0.0013228149473474933,0,0.0013228149473474933
2008-08-19,0.9980394833986563,0.0019605166013377147,0,0.0019605166013377147
2008-08-20,0.9975561857948388,0.0024438142051551215,0,0.0024438142051551215
2008-08-21,0.996791846476867,0.0032081535231268743,0,0.0032081535231268743
2008-08-22,0.9965569846798765,0.0034430153201173075,0,0.0034430153201173075
2008-08-25,0.9964362168986016,0.003563783101392263,0,0.003563783101392263
2008-08-26,0.9971923369079567,0.0028076630920370617,0,0.0028076630920370617
2008-08-27,0.9979920852029661,0.002007914797027624,0,0.002007914797027624
2008-08-28,0.99894543993735,0.0010545600626439442,0,0.0010545600626439442
2008-08-29,0.9993101347693415,0.0006898652306523314,0,0.0006898652306523314
2008-09-01,0.9994321737054735,0.0005678262945201661,0,0.0005678262945201661
2008-09-02,0.9994035119520079,0.0005964880479857506,0,0.0005964880479857506
2008-09-03,0.9991815255205776,0.0008184744794162055,0,0.0008184744794162055
2008-09-04,0.9989493732680581,0.0010506267319356846,0,0.0010506267319356846
2008-09-05,0.9983421916220283,0.0016578083779654753,0,0.0016578083779654753
2008-09-08,0.9956782311322611,0.004321768867732724,0,0.004321768867732724
2008-09-09,0.986043378928058,0.013956621071935685,0,0.013956621071935685
2008-09-10,0.949903409336997,0.05009659066299679,0,0.05009659066299679
2008-09-11,0.8755539630799452,0.1244460369200485,0,0.1244460369200485
2008-09-12,0.8141723652734166,0.1858276347265769,0,0.1858276347265769
2008-09-15,0.7618838598223591,0.2381161401776342,0,0.2381161401776342
2008-09-16,0.6197006877171677,0.38029931228282576,0,0.38029931228282576
2008-09-17,0.14030369849591132,0.8596963015040817,1,0.8596963015040817
2008-09-18,0.0018170398319326444,0.9981829601680606,1,0.9981829601680606
2008-09-19,0.0012035597125308534,0.9987964402874625,1,0.9987964402874625
2008-09-22,0.0002922495174821115,0.9997077504825113,1,0.9997077504825113
2008-09-23,4.94847466881564e-05,0.999950515253305,1,0.999950515253305
2008-09-24,5.652615865391887e-06,0.9999943473841278,1,0.9999943473841278
2008-09-25,2.6324738477939604e-05,0.9999736752615154,1,0.9999736752615154
2008-09-26,2.3732228290459673e-06,0.9999976267771643,1,0.9999976267771643
2008-09-29,5.430493008200477e-10,0.9999999994569442,1,0.9999999994569442
2008-09-30,2.0513279578776396e-09,0.9999999979486653,1,0.9999999979486653
2008-10-01,2.2173992346765537e-12,0.9999999999977758,1,0.9999999999977758
2008-10-02,2.0238170840506804e-12,0.9999999999979696,1,0.9999999999979696
2008-10-03,1.3676910998266902e-09,0.9999999986323023,1,0.9999999986323023
2008-10-06,1.4845043670205006e-20,0.9999999999999932,1,0.9999999999999932
2008-10-07,2.1691640907997654e-19,0.9999999999999932,1,0.9999999999999932
2008-10-08,6.466198513595132e-31,0.9999999999999932,1,0.9999999999999932
2008-10-09,9.264336508544012e-22,0.9999999999999932,1,0.9999999999999932
2008-10-10,2.1957018821188632e-30,0.9999999999999932,1,0.9999999999999932
2008-10-13,7.576052274108862e-17,0.9999999999999932,1,0.9999999999999932
2008-10-14,5.860009516571757e-13,0.9999999999994074,1,0.9999999999994074
2008-10-15,6.884378225027733e-19,0.9999999999999932,1,0.9999999999999932
2008-10-16,4.48764382135089e-19,0.9999999999999932,1,0.9999999999999932
2008-10-17,3.0876061823703623e-13,0.9999999999996844,1,0.9999999999996844
2008-10-20,6.847083285601894e-15,0.9999999999999862,1,0.9999999999999862
2008-10-21,4.453301321947777e-16,0.9999999999999928,1,0.9999999999999928
2008-10-22,5.061543942478185e-18,0.9999999999999932,1,0.9999999999999932
2008-10-23,4.635208845536753e-17,0.9999999999999932,1,0.9999999999999932
2008-10-24,1.4117340620290865e-23,0.9999999999999932,1,0.9999999999999932
2008-10-27,1.0173890185799298e-17,0.9999999999999932,1,0.9999999999999932
2008-10-28,2.2917207229809387e-14,0.9999999999999704,1,0.9999999999999704
2008-10-29,8.036506024187945e-09,0.9999999919634872,1,0.9999999919634872
2008-10-30,8.542064528502986e-12,0.9999999999914513,1,0.9999999999914513
2008-10-31,3.743504331213084e-11,0.9999999999625583,1,0.9999999999625583
2008-11-03,1.66690727235229e-11,0.9999999999833242,1,0.9999999999833242
2008-11-04,2.949461766130585e-10,0.999999999705047,1,0.999999999705047
2008-11-05,2.087052654619167e-12,0.9999999999979063,1,0.9999999999979063
2008-11-06,6.965881888934335e-14,0.9999999999999235,1,0.9999999999999235
2008-11-07,2.4259565423577066e-14,0.9999999999999689,1,0.9999999999999689
2008-11-10,6.761251019651513e-13,0.9999999999993172,1,0.9999999999993172
2008-11-11,1.4563675879620783e-14,0.9999999999999786,1,0.9999999999999786
2008-11-12,1.1965787078850386e-12,0.9999999999987965,1,0.9999999999987965
2008-11-13,2.8066926854708294e-12,0.9999999999971866,1,0.9999999999971866
2008-11-14,8.8110233176983e-12,0.9999999999911823,1,0.9999999999911823
2008-11-17,1.1207540939222082e-12,0.9999999999988727,1,0.9999999999988727
2008-11-18,1.786662191238255e-11,0.9999999999821267,1,0.9999999999821267
2008-11-19,7.653043132826832e-13,0.9999999999992278,1,0.9999999999992278
2008-11-20,7.795667119898818e-14,0.9999999999999152,1,0.9999999999999152
2008-11-21,7.176937203029871e-16,0.9999999999999926,1,0.9999999999999926
2008-11-24,8.185758390943363e-14,0.9999999999999113,1,0.9999999999999113
2008-11-25,1.1749306459981155e-13,0.9999999999998757,1,0.9999999999998757
2008-11-26,5.577735675724287e-12,0.9999999999944155,1,0.9999999999944155
2008-11-27,1.5900566896991314e-11,0.9999999999840926,1,0.9999999999840926
2008-11-28,1.6432072521399623e-12,0.9999999999983501,1,0.9999999999983501
2008-12-01,1.462314599041892e-10,0.9999999998537619,1,0.9999999998537619
2008-12-02,4.698293922456387e-11,0.9999999999530104,1,0.9999999999530104
2008-12-03,4.005664285239012e-11,0.9999999999599367,1,0.9999999999599367
2008-12-04,1.7373840029502953e-12,0.999999999998256,1,0.999999999998256
2008-12-05,4.878917340322874e-14,0.9999999999999445,1,0.9999999999999445
2008-12-08,5.478394367214269e-11,0.9999999999452092,1,0.9999999999452092
2008-12-09,3.5017956602933485e-12,0.9999999999964914,1,0.9999999999964914
2008-12-10,4.219157314016504e-12,0.999999999995774,1,0.999999999995774
2008-12-11,5.545307317511833e-12,0.999999999994448,1,0.999999999994448
2008-12-12,2.809219785211157e-13,0.9999999999997123,1,0.9999999999997123
2008-12-15,4.8486724324370535e-14,0.9999999999999448,1,0.9999999999999448
2008-12-16,1.4832080237522525e-14,0.9999999999999785,1,0.9999999999999785
2008-12-17,2.7571821608457243e-15,0.9999999999999906,1,0.9999999999999906
2008-12-18,1.2975854279470665e-16,0.9999999999999931,1,0.9999999999999931
2008-12-19,1.8678368872963328e-13,0.9999999999998064,1,0.9999999999998064
2008-12-22,6.126277851438411e-13,0.9999999999993806,1,0.9999999999993806
2008-12-23,9.150172028818274e-14,0.9999999999999017,1,0.9999999999999017
2008-12-24,1.0502710964885966e-13,0.9999999999998882,1,0.9999999999998882
2008-12-25,4.482080217444542e-13,0.9999999999995449,1,0.9999999999995449
2008-12-26,1.0624593251780552e-12,0.9999999999989306,1,0.9999999999989306
2008-12-29,8.809169102081849e-12,0.999999999991184,1,0.999999999991184
2008-12-30,5.948648574707695e-11,0.9999999999405068,1,0.9999999999405068
2008-12-31,2.292259425722514e-09,0.999999997707734,1,0.999999997707734
2009-01-01,3.9863783480367546e-09,0.9999999960136152,1,0.9999999960136152
2009-01-02,4.372312488646426e-08,0.9999999562768686,1,0.9999999562768686
2009-01-05,1.683186306342946e-07,0.9999998316813627,1,0.9999998316813627
2009-01-06,2.733157473852959e-06,0.9999972668425193,1,0.9999972668425193
2009-01-07,1.85249234315015e-06,0.9999981475076498,1,0.9999981475076498
2009-01-08,6.798998838425185e-07,0.999999320100109,1,0.999999320100109
2009-01-09,4.547197703547418e-06,0.9999954528022891,1,0.9999954528022891
2009-01-12,4.7216538062256246e-06,0.9999952783461865,1,0.9999952783461865
2009-01-13,1.4159756102953154e-05,0.9999858402438898,1,0.9999858402438898
2009-01-14,8.743526891723044e-06,0.9999912564731012,1,0.9999912564731012
2009-01-15,5.47664610149293e-06,0.9999945233538913,1,0.9999945233538913
2009-01-16,8.304807605058688e-06,0.9999916951923877,1,0.9999916951923877
2009-01-19,9.250361569614734e-06,0.9999907496384233,1,0.9999907496384233
2009-01-20,4.2240963669576255e-06,0.9999957759036258,1,0.9999957759036258
2009-01-21,1.3212633719858466e-06,0.9999986787366208,1,0.9999986787366208
2009-01-22,4.5667358676446895e-07,0.9999995433264062,1,0.9999995433264062
2009-01-23,8.806120518735912e-07,0.9999991193879408,1,0.9999991193879408
2009-01-26,6.31538511093355e-06,0.9999936846148817,1,0.9999936846148817
2009-01-27,1.4779024611454178e-06,0.9999985220975314,1,0.9999985220975314
2009-01-28,3.0710943069777513e-06,0.9999969289056854,1,0.9999969289056854
2009-01-29,1.0899535826682284e-06,0.9999989100464097,1,0.9999989100464097
2009-01-30,7.85300558574546e-07,0.9999992146994335,1,0.9999992146994335
2009-02-02,8.871007265839035e-07,0.9999991128992656,1,0.9999991128992656
2009-02-03,9.97732522494998e-06,0.9999900226747673,1,0.9999900226747673
2009-02-04,1.0200159618055993e-05,0.9999897998403742,1,0.9999897998403742
2009-02-05,5.920093500894049e-06,0.9999940799064914,1,0.9999940799064914
2009-02-06,4.455045627996859e-05,0.9999554495437125,1,0.9999554495437125
2009-02-09,6.213509672460893e-05,0.9999378649032679,1,0.9999378649032679
2009-02-10,2.7246436017142777e-05,0.9999727535639753,1,0.9999727535639753
2009-02-11,7.103904338507641e-06,0.9999928960956539,1,0.9999928960956539
2009-02-12,6.077434043479176e-06,0.999993922565949,1,0.999993922565949
2009-02-13,9.1135782126847e-06,0.9999908864217798,1,0.9999908864217798
2009-02-16,9.91796068143795e-06,0.9999900820393112,1,0.9999900820393112
2009-02-17,5.603454355006222e-07,0.999999439654557,1,0.999999439654557
2009-02-18,6.341254098568404e-07,0.9999993658745825,1,0.9999993658745825
2009-02-19,1.7438208097580842e-06,0.9999982561791826,1,0.9999982561791826
2009-02-20,2.6332297146582586e-07,0.9999997366770208,1,0.9999997366770208
2009-02-23,7.292345833652997e-07,0.999999270765409,1,0.999999270765409
2009-02-24,5.648871491734149e-06,0.9999943511285008,1,0.9999943511285008
2009-02-25,2.342609816994186e-05,0.9999765739018225,1,0.9999765739018225
2009-02-26,0.0001910006987310962,0.9998089993012612,1,0.9998089993012612
2009-02-27,0.0008363417626136741,0.9991636582373787,1,0.9991636582373787
2009-03-02,0.0056211843763347095,0.9943788156236577,1,0.9943788156236577
2009-03-03,0.044651983598974126,0.9553480164010182,1,0.9553480164010182
2009-03-04,0.11310914250138038,0.8868908574986121,1,0.8868908574986121
2009-03-05,0.16782722206089445,0.8321727779390978,1,0.8321727779390978
2009-03-06,0.24059593233588894,0.7594040676641032,1,0.7594040676641032
2009-03-09,0.32879427135107914,0.6712057286489131,1,0.6712057286489131
2009-03-10,0.4381986305601928,0.5618013694397993,1,0.5618013694397993
2009-03-11,0.5132778860958443,0.4867221139041477,0,0.4867221139041477
2009-03-12,0.601301773682193,0.39869822631779905,0,0.39869822631779905
2009-03-13,0.7195358627453536,0.2804641372546384,0,0.2804641372546384
2009-03-16,0.8419389957023885,0.1580610042976035,0,0.1580610042976035
2009-03-17,0.9125901264592822,0.08740987354070971,0,0.08740987354070971
2009-03-18,0.9550888799814548,0.04491112001853729,0,0.04491112001853729
2009-03-19,0.9755833147318307,0.02441668526816121,0,0.02441668526816121
2009-03-20,0.987382993181145,0.012617006818846815,0,0.012617006818846815
2009-03-23,0.9942820740885898,0.005717925911401838,0,0.005717925911401838
2009-03-24,0.9974665734957593,0.002533426504232195,0,0.002533426504232195
2009-03-25,0.9987973242111778,0.0012026757888136397,0,0.0012026757888136397
2009-03-26,0.9994282733543893,0.0005717266456021547,0,0.0005717266456021547
2009-03-27,0.999674607707022,0.00032539229296948074,0,0.00032539229296948074
2009-03-30,0.9997502267071317,0.00024977329285965776,0,0.00024977329285965776
2009-03-31,0.9998184087199016,0.0001815912800896811,0,0.0001815912800896811
2009-04-01,0.9998506301747977,0.00014936982519357254,0,0.00014936982519357254
2009-04-02,0.9998830392151354,0.00011696078485593382,0,0.00011696078485593382
2009-04-03,0.999901829793228,9.817020676344127e-05,0,9.817020676344127e-05
2009-04-06,0.9999067475261734,9.325247381805491e-05,0,9.325247381805491e-05
2009-04-07,0.9999076724752134,9.232752477791067e-05,0,9.232752477791067e-05
2009-04-08,0.999906851505143,9.314849484846208e-05,0,9.314849484846208e-05
2009-04-09,0.9999028606854966,9.713931449487848e-05,0,9.713931449487848e-05
2009-04-10,0.9999005686882707,9.943131172067521e-05,0,9.943131172067521e-05
2009-04-13,0.9998965375488197,0.0001034624511715555,0,0.0001034624511715555
2009-04-14,0.9998916541130156,0.0001083458869755074,0,0.0001083458869755074
2009-04-15,0.9998778779146722,0.00012212208531909406,0,0.00012212208531909406
2009-04-16,0.9998690370974835,0.0001309629025078337,0,0.0001309629025078337
2009-04-17,0.9998613576361625,0.00013864236382893068,0,0.00013864236382893068
2009-04-20,0.9998817294741885,0.00011827052580271288,0,0.00011827052580271288
2009-04-21,0.9998899746501587,0.00011002534983240548,0,0.00011002534983240548
2009-04-22,0.9998990129607792,0.00010098703921203623,0,0.00010098703921203623
2009-04-23,0.9999055156063854,9.448439360596364e-05,0,9.448439360596364e-05
2009-04-24,0.9999061816644754,9.381833551596503e-05,0,9.381833551596503e-05
2009-04-27,0.999907565879419,9.243412057226276e-05,0,9.243412057226276e-05
2009-04-28,0.999906933221136,9.306677885514083e-05,0,9.306677885514083e-05
2009-04-29,0.9999050134786789,9.49865213123451e-05,0,9.49865213123451e-05
2009-04-30,0.9998985971551355,0.00010140284485585456,0,0.00010140284485585456
2009-05-01,0.9998901023529236,0.00010989764706774958,0,0.00010989764706774958
2009-05-04,0.9998869604158671,0.00011303958412409106,0,0.00011303958412409106
2009-05-05,0.9998904326591436,0.0001095673408478651,0,0.0001095673408478651
2009-05-06,0.9998810400498992,0.00011895995009207074,0,0.00011895995009207074
2009-05-07,0.9998840053230706,0.0001159946769206895,0,0.0001159946769206895
2009-05-08,0.9998886670635555,0.00011133293643580673,0,0.00011133293643580673
2009-05-11,0.999896232696429,0.00010376730356223573,0,0.00010376730356223573
2009-05-12,0.9999012732890641,9.872671092694504e-05,0,9.872671092694504e-05
2009-05-13,0.9999056689559253,9.433104406584384e-05,0,9.433104406584384e-05
2009-05-14,0.9999068087778298,9.319122216129306e-05,0,9.319122216129306e-05
2009-05-15,0.9999064443134055,9.355568658542562e-05,0,9.355568658542562e-05
2009-05-18,0.9999027877810255,9.721221896513845e-05,0,9.721221896513845e-05
2009-05-19,0.9999027305144108,9.726948557990222e-05,0,9.726948557990222e-05
2009-05-20,0.9999023638297119,9.763617027873154e-05,0,9.763617027873154e-05
2009-05-21,0.9999061368606649,9.386313932582164e-05,0,9.386313932582164e-05
2009-05-22,0.9999056006805768,9.43993194138925e-05,0,9.43993194138925e-05
2009-05-25,0.9999041857470129,9.58142529777251e-05,0,9.58142529777251e-05
2009-05-26,0.9998997392979181,0.00010026070207256198,0,0.00010026070207256198
2009-05-27,0.9999002540782669,9.97459217237406e-05,0,9.97459217237406e-05
2009-05-28,0.9998978897567506,0.00010211024323977423,0,0.00010211024323977423
2009-05-29,0.9998893926042697,0.00011060739572076712,0,0.00011060739572076712
2009-06-01,0.9998682985208907,0.00013170147909979832,0,0.00013170147909979832
2009-06-02,0.9998681179924839,0.00013188200750634778,0,0.00013188200750634778
2009-06-03,0.9998701190096835,0.00012988099030674296,0,0.00012988099030674296
2009-06-04,0.9998550807545457,0.0001449192454446125,0,0.0001449192454446125
2009-06-05,0.9998359476866526,0.00016405231333754006,0,0.00016405231333754006
2009-06-08,0.9998112426149758,0.00018875738501432046,0,0.00018875738501432046
2009-06-09,0.9997466839556347,0.0002533160443553528,0,0.0002533160443553528
2009-06-10,0.9996990023100494,0.00030099768994058893,0,0.00030099768994058893
2009-06-11,0.9996453034723342,0.00035469652765580755,0,0.00035469652765580755
2009-06-12,0.999649876614887,0.0003501233851029344,0,0.0003501233851029344
2009-06-15,0.9996963808992312,0.00030361910075896154,0,0.00030361910075896154
2009-06-16,0.9997376120980068,0.0002623879019833422,0,0.0002623879019833422
2009-06-17,0.999754572143386,0.0002454278566041576,0,0.0002454278566041576
2009-06-18,0.999759703136321,0.00024029686366918226,0,0.00024029686366918226
2009-06-19,0.9997789848801517,0.00022101511983835877,0,0.00022101511983835877
2009-06-22,0.9998022573034001,0.00019774269659018093,0,0.00019774269659018093
2009-06-23,0.9997681818739819,0.00023181812600828205,0,0.00023181812600828205
2009-06-24,0.9997102864342043,0.0002897135657857064,0,0.0002897135657857064
2009-06-25,0.9996536015989218,0.00034639840106832985,0,0.00034639840106832985
2009-06-26,0.9996059970383052,0.0003940029616848302,0,0.0003940029616848302
2009-06-29,0.9995326265790649,0.00046737342092527335,0,0.00046737342092527335
2009-06-30,0.999442865864312,0.000557134135678038,0,0.000557134135678038
2009-07-01,0.99925791951065,0.0007420804893402146,0,0.0007420804893402146
2009-07-02,0.9989618715617082,0.0010381284382819543,0,0.0010381284382819543
2009-07-03,0.9984565852068257,0.0015434147931645916,0,0.0015434147931645916
2009-07-06,0.9975769199197866,0.0024230800802036183,0,0.0024230800802036183
2009-07-07,0.9958724023556774,0.004127597644312945,0,0.004127597644312945
2009-07-08,0.9920275359704888,0.007972464029501625,0,0.007972464029501625
2009-07-09,0.9831104692551711,0.016889530744819248,0,0.016889530744819248
2009-07-10,0.9666370245675993,0.03336297543239129,0,0.03336297543239129
2009-07-13,0.9347191212741591,0.06528087872583113,0,0.06528087872583113
2009-07-14,0.8712826785185298,0.12871732148146062,0,0.12871732148146062
2009-07-15,0.7771192862525745,0.2228807137474156,0,0.2228807137474156
2009-07-16,0.6646801342446813,0.33531986575530875,0,0.33531986575530875
2009-07-17,0.5370633537897,0.46293664621028996,0,0.46293664621028996
2009-07-20,0.41132612949017067,0.5886738705098192,1,0.5886738705098192
2009-07-21,0.29864615598618627,0.7013538440138037,1,0.7013538440138037
2009-07-22,0.1947936724965508,0.8052063275034391,1,0.8052063275034391
2009-07-23,0.1223818043459963,0.8776181956539939,1,0.8776181956539939
2009-07-24,0.07241571796926162,0.9275842820307285,1,0.9275842820307285
2009-07-27,0.0391457691364748,0.9608542308635154,1,0.9608542308635154
2009-07-28,0.019644367606414095,0.980355632393576,1,0.980355632393576
2009-07-29,0.009193598250817342,0.990806401749173,1,0.990806401749173
2009-07-30,0.0033795347420192486,0.9966204652579711,1,0.9966204652579711
2009-07-31,0.001115468305241441,0.998884531694749,1,0.998884531694749
2009-08-03,0.00025591712825731767,0.9997440828717331,1,0.9997440828717331
2009-08-04,7.65523887001002e-05,0.9999234476112904,1,0.9999234476112904
2009-08-05,4.089287349440514e-05,0.999959107126496,1,0.999959107126496
2009-08-06,4.265905338637102e-05,0.9999573409466044,1,0.9999573409466044
2009-08-07,3.191519961149426e-05,0.9999680848003794,1,0.9999680848003794
2009-08-10,2.626712361958834e-05,0.9999737328763711,1,0.9999737328763711
2009-08-11,2.8477216799264893e-05,0.9999715227831913,1,0.9999715227831913
2009-08-12,1.7471501822441866e-05,0.9999825284981682,1,0.9999825284981682
2009-08-13,1.0162803961873002e-05,0.9999898371960287,1,0.9999898371960287
2009-08-14,1.2864562748729978e-05,0.9999871354372417,1,0.9999871354372417
2009-08-17,1.4780162406109397e-05,0.9999852198375845,1,0.9999852198375845
2009-08-18,1.5963284304215223e-05,0.9999840367156864,1,0.9999840367156864
2009-08-19,1.7098739692850602e-05,0.9999829012602977,1,0.9999829012602977
2009-08-20,1.6710581185605668e-05,0.9999832894188051,1,0.9999832894188051
2009-08-21,8.130235609420046e-06,0.9999918697643811,1,0.9999918697643811
2009-08-24,4.814366946280515e-06,0.9999951856330443,1,0.9999951856330443
2009-08-25,6.94365169385301e-06,0.9999930563482969,1,0.9999930563482969
2009-08-26,6.607183668158792e-06,0.9999933928163227,1,0.9999933928163227
2009-08-27,6.798066854360509e-06,0.9999932019331367,1,0.9999932019331367
2009-08-28,4.928602600003044e-06,0.999995071397391,1,0.999995071397391
2009-08-31,8.897715994116963e-06,0.9999911022839969,1,0.9999911022839969
2009-09-01,9.93332802227101e-06,0.9999900666719688,1,0.9999900666719688
2009-09-02,1.3890539461988966e-05,0.9999861094605291,1,0.9999861094605291
2009-09-03,1.4601461193253104e-05,0.9999853985387978,1,0.9999853985387978
2009-09-04,1.3765473330199926e-05,0.9999862345266609,1,0.9999862345266609
2009-09-07,1.2888444111046965e-05,0.9999871115558799,1,0.9999871115558799
2009-09-08,7.022845749921711e-06,0.9999929771542411,1,0.9999929771542411
2009-09-09,7.655062434937578e-06,0.9999923449375561,1,0.9999923449375561
2009-09-10,1.044169145594209e-05,0.9999895583085349,1,0.9999895583085349
2009-09-11,1.5470378229080948e-05,0.999984529621762,1,0.999984529621762
2009-09-14,1.7895420657238705e-05,0.9999821045793338,1,0.9999821045793338
2009-09-15,1.4101137506542192e-05,0.9999858988624846,1,0.9999858988624846
2009-09-16,9.404960804474176e-06,0.9999905950391865,1,0.9999905950391865
2009-09-17,1.0927155558285329e-05,0.999989072844433,1,0.999989072844433
2009-09-18,2.127442150603184e-05,0.9999787255784851,1,0.9999787255784851
2009-09-21,1.6583941141661708e-05,0.9999834160588496,1,0.9999834160588496
2009-09-22,1.3069987393157754e-05,0.9999869300125981,1,0.9999869300125981
2009-09-23,1.9244366589673152e-05,0.9999807556334015,1,0.9999807556334015
2009-09-24,2.784411052877418e-05,0.9999721558894624,1,0.9999721558894624
2009-09-25,2.0466424138917845e-05,0.9999795335758522,1,0.9999795335758522
2009-09-28,2.3403573589251426e-05,0.9999765964264019,1,0.9999765964264019
2009-09-29,2.3412399149611714e-05,0.9999765876008416,1,0.9999765876008416
2009-09-30,1.6793907349308067e-05,0.999983206092642,1,0.999983206092642
2009-10-01,2.642086832100416e-05,0.9999735791316705,1,0.9999735791316705
2009-10-02,4.26055875590376e-05,0.9999573944124326,1,0.9999573944124326
2009-10-05,4.243227628291106e-05,0.9999575677237087,1,0.9999575677237087
2009-10-06,4.278193946502317e-05,0.9999572180605264,1,0.9999572180605264
2009-10-07,4.475677325933387e-05,0.999955243226732,1,0.999955243226732
2009-10-08,2.6933723947156377e-05,0.9999730662760443,1,0.9999730662760443
2009-10-09,3.3190773995750425e-05,0.9999668092259959,1,0.9999668092259959
2009-10-12,3.8708272608467e-05,0.9999612917273834,1,0.9999612917273834
2009-10-13,6.315155435518959e-05,0.9999368484456366,1,0.9999368484456366
2009-10-14,4.825964414157291e-05,0.99995174035585,1,0.99995174035585
2009-10-15,3.314725870278488e-05,0.9999668527412887,1,0.9999668527412887
2009-10-16,3.244184133952531e-05,0.9999675581586521,1,0.9999675581586521
2009-10-19,1.703913771430712e-05,0.9999829608622772,1,0.9999829608622772
2009-10-20,1.962685695143854e-05,0.9999803731430403,1,0.9999803731430403
2009-10-21,1.1355390069947378e-05,0.9999886446099219,1,0.9999886446099219
2009-10-22,1.2663204421240513e-05,0.9999873367955705,1,0.9999873367955705
2009-10-23,9.813047784996169e-06,0.9999901869522066,1,0.9999901869522066
2009-10-26,9.084067196011276e-06,0.9999909159327958,1,0.9999909159327958
2009-10-27,8.945622700044779e-06,0.9999910543772915,1,0.9999910543772915
2009-10-28,1.3243975830805765e-05,0.9999867560241608,1,0.9999867560241608
2009-10-29,9.985656172014293e-06,0.9999900143438194,1,0.9999900143438194
2009-10-30,1.5094699011055146e-05,0.9999849053009802,1,0.9999849053009802
2009-11-02,2.3242509787973637e-05,0.9999767574902031,1,0.9999767574902031
2009-11-03,3.837431498168416e-05,0.9999616256850093,1,0.9999616256850093
2009-11-04,3.661311084263949e-05,0.9999633868891485,1,0.9999633868891485
2009-11-05,4.8467665539066555e-05,0.9999515323344521,1,0.9999515323344521
2009-11-06,5.9507238381130304e-05,0.9999404927616099,1,0.9999404927616099
2009-11-09,6.479651202436843e-05,0.9999352034879666,1,0.9999352034879666
2009-11-10,7.38447154677177e-05,0.9999261552845232,1,0.9999261552845232
2009-11-11,9.023106157678048e-05,0.9999097689384141,1,0.9999097689384141
2009-11-12,9.415031408738881e-05,0.9999058496859035,1,0.9999058496859035
2009-11-13,9.091201723760957e-05,0.9999090879827532,1,0.9999090879827532
2009-11-16,6.404031343681805e-05,0.999935959686554,1,0.999935959686554
2009-11-17,6.04913913031097e-05,0.9999395086086877,1,0.9999395086086877
2009-11-18,6.474192989366039e-05,0.9999352580700974,1,0.9999352580700974
2009-11-19,7.936440991341232e-05,0.9999206355900777,1,0.9999206355900777
2009-11-20,8.365274812955381e-05,0.9999163472518615,1,0.9999163472518615
2009-11-23,0.00010119516790538596,0.9998988048320857,1,0.9998988048320857
2009-11-24,0.00012553277776372298,0.9998744672222274,1,0.9998744672222274
2009-11-25,0.0001426847380018195,0.9998573152619894,1,0.9998573152619894
2009-11-26,0.00016078569833006146,0.9998392143016612,1,0.9998392143016612
2009-11-27,0.00019220249820683404,0.9998077975017843,1,0.9998077975017843
2009-11-30,0.00018051569228278122,0.9998194843077084,1,0.9998194843077084
2009-12-01,0.0001779925068547932,0.9998220074931362,1,0.9998220074931362
2009-12-02,0.00018445795157549954,0.9998155420484153,1,0.9998155420484153
2009-12-03,0.00018254387050796228,0.9998174561294829,1,0.9998174561294829
2009-12-04,0.00011096777560676424,0.9998890322243839,1,0.9998890322243839
2009-12-07,9.9869458970326e-05,0.9999001305410203,1,0.9999001305410203
2009-12-08,9.32350730229482e-05,0.9999067649269678,1,0.9999067649269678
2009-12-09,8.786658023762995e-05,0.9999121334197532,1,0.9999121334197532
2009-12-10,9.833401477683465e-05,0.9999016659852139,1,0.9999016659852139
2009-12-11,8.079494130384951e-05,0.999919205058687,1,0.999919205058687
2009-12-14,7.489969864019028e-05,0.9999251003013505,1,0.9999251003013505
2009-12-15,7.517060974501796e-05,0.9999248293902456,1,0.9999248293902456
2009-12-16,6.58018657583434e-05,0.9999341981342325,1,0.9999341981342325
2009-12-17,6.29535708072907e-05,0.9999370464291835,1,0.9999370464291835
2009-12-18,6.049510458587396e-05,0.9999395048954047,1,0.9999395048954047
2009-12-21,4.2758206360720185e-05,0.9999572417936299,1,0.9999572417936299
2009-12-22,3.844719145835262e-05,0.999961552808532,1,0.999961552808532
2009-12-23,2.9326693148506647e-05,0.9999706733068421,1,0.9999706733068421
2009-12-24,2.1233046011679487e-05,0.9999787669539789,1,0.9999787669539789
2009-12-25,2.10453704219503e-05,0.9999789546295687,1,0.9999789546295687
2009-12-28,1.7549138415064052e-05,0.9999824508615754,1,0.9999824508615754
2009-12-29,1.6730358048425985e-05,0.9999832696419422,1,0.9999832696419422
2009-12-30,1.3265790401158475e-05,0.9999867342095895,1,0.9999867342095895
2009-12-31,1.4558233541148407e-05,0.9999854417664495,1,0.9999854417664495
2010-01-01,1.545287455164122e-05,0.9999845471254392,1,0.9999845471254392
2010-01-04,1.698740794461723e-05,0.999983012592046,1,0.999983012592046
2010-01-05,1.7082933563177237e-05,0.9999829170664275,1,0.9999829170664275
2010-01-06,1.580722538298437e-05,0.9999841927746076,1,0.9999841927746076
2010-01-07,2.346410478650761e-05,0.9999765358952043,1,0.9999765358952043
2010-01-08,3.133067198469382e-05,0.9999686693280061,1,0.9999686693280061
2010-01-11,3.337958333810508e-05,0.9999666204166529,1,0.9999666204166529
2010-01-12,3.9447946421664085e-05,0.9999605520535695,1,0.9999605520535695
2010-01-13,3.675553989670101e-05,0.9999632444600944,1,0.9999632444600944
2010-01-14,4.3611775306082274e-05,0.9999563882246851,1,0.9999563882246851
2010-01-15,4.19559405231413e-05,0.9999580440594681,1,0.9999580440594681
2010-01-18,4.096706607508662e-05,0.9999590329339161,1,0.9999590329339161
2010-01-19,3.0929232800156636e-05,0.9999690707671911,1,0.9999690707671911
2010-01-20,3.2387940862035186e-05,0.9999676120591292,1,0.9999676120591292
2010-01-21,3.802217515287856e-05,0.9999619778248382,1,0.9999619778248382
2010-01-22,2.231360156594866e-05,0.999977686398425,1,0.999977686398425
2010-01-25,1.9696074875688578e-05,0.9999803039251152,1,0.9999803039251152
2010-01-26,4.086482809877503e-05,0.999959135171892,1,0.999959135171892
2010-01-27,0.00013484957188469822,0.9998651504281062,1,0.9998651504281062
2010-01-28,0.0004932713848595964,0.9995067286151311,1,0.9995067286151311
2010-01-29,0.0011339650391831253,0.9988660349608076,1,0.9988660349608076
2010-02-01,0.002101138825439398,0.9978988611745515,1,0.9978988611745515
2010-02-02,0.0033744048556738765,0.996625595144317,1,0.996625595144317
2010-02-03,0.004740306985291185,0.9952596930146999,1,0.9952596930146999
2010-02-04,0.0051192089224874875,0.9948807910775036,1,0.9948807910775036
2010-02-05,0.004898862296166355,0.9951011377038247,1,0.9951011377038247
2010-02-08,0.00411629393078219,0.995883706069209,1,0.995883706069209
2010-02-09,0.0029531576837393348,0.9970468423162517,1,0.9970468423162517
2010-02-10,0.0018986847070860669,0.998101315292905,1,0.998101315292905
2010-02-11,0.0009359827941306754,0.9990640172058606,1,0.9990640172058606
2010-02-12,0.0006018091750253159,0.999398190824966,1,0.999398190824966
2010-02-15,0.00039165051623490336,0.9996083494837562,1,0.9996083494837562
2010-02-16,0.0002018816881638048,0.9997981183118275,1,0.9997981183118275
2010-02-17,0.00011169800720335057,0.9998883019927881,1,0.9998883019927881
2010-02-18,5.514833453324153e-05,0.9999448516654582,1,0.9999448516654582
2010-02-19,2.74829511316656e-05,0.9999725170488598,1,0.9999725170488598
2010-02-22,3.4002715137683965e-05,0.9999659972848538,1,0.9999659972848538
2010-02-23,5.9851806454297676e-05,0.9999401481935373,1,0.9999401481935373
2010-02-24,5.176494167585948e-05,0.9999482350583156,1,0.9999482350583156
2010-02-25,9.048392844122045e-05,0.9999095160715505,1,0.9999095160715505
2010-02-26,6.12080833918938e-05,0.9999387919165998,1,0.9999387919165998
2010-03-01,2.7723945121928943e-05,0.9999722760548696,1,0.9999722760548696
2010-03-02,2.2107189139704628e-05,0.999977892810852,1,0.999977892810852
2010-03-03,2.0671189312811503e-05,0.9999793288106789,1,0.9999793288106789
2010-03-04,2.6792952736151253e-05,0.9999732070472555,1,0.9999732070472555
2010-03-05,1.798919814247729e-05,0.9999820108018489,1,0.9999820108018489
2010-03-08,1.2074587148599895e-05,0.999987925412843,1,0.999987925412843
2010-03-09,1.0495243248478497e-05,0.9999895047567432,1,0.9999895047567432
2010-03-10,1.017649859534351e-05,0.9999898235013962,1,0.9999898235013962
2010-03-11,8.63917324605431e-06,0.9999913608267453,1,0.9999913608267453
2010-03-12,6.3407188597405745e-06,0.9999936592811316,1,0.9999936592811316
2010-03-15,1.7109137506420738e-05,0.9999828908624849,1,0.9999828908624849
2010-03-16,1.7460955173305958e-05,0.999982539044818,1,0.999982539044818
2010-03-17,8.855494767753442e-06,0.9999911445052238,1,0.9999911445052238
2010-03-18,1.3017031935417273e-05,0.9999869829680561,1,0.9999869829680561
2010-03-19,7.345445516699837e-06,0.9999926545544747,1,0.9999926545544747
2010-03-22,4.296917693574979e-06,0.9999957030822978,1,0.9999957030822978
2010-03-23,5.692904128447228e-06,0.9999943070958629,1,0.9999943070958629
2010-03-24,4.8656842792074774e-06,0.9999951343157123,1,0.9999951343157123
2010-03-25,3.5631543374649193e-06,0.999996436845654,1,0.999996436845654
2010-03-26,4.547630637528458e-06,0.9999954523693538,1,0.9999954523693538
2010-03-29,6.628666359035674e-07,0.9999993371333554,1,0.9999993371333554
2010-03-30,3.2578291827115996e-07,0.9999996742170733,1,0.9999996742170733
2010-03-31,7.030653421194819e-07,0.9999992969346493,1,0.9999992969346493
2010-04-01,8.675498110412543e-07,0.9999991324501805,1,0.9999991324501805
2010-04-02,9.579232695864458e-07,0.9999990420767217,1,0.9999990420767217
2010-04-05,7.07482279199604e-07,0.9999992925177125,1,0.9999992925177125
2010-04-06,1.1746674126912042e-06,0.9999988253325791,1,0.9999988253325791
2010-04-07,3.97470163635226e-06,0.9999960252983555,1,0.9999960252983555
2010-04-08,5.119657672782416e-06,0.9999948803423191,1,0.9999948803423191
2010-04-09,7.869533581312925e-06,0.9999921304664106,1,0.9999921304664106
2010-04-12,1.1623007205513303e-05,0.9999883769927864,1,0.9999883769927864
2010-04-13,4.923503275581389e-06,0.9999950764967166,1,0.9999950764967166
2010-04-14,5.677733643344203e-06,0.9999943222663489,1,0.9999943222663489
2010-04-15,6.8591885849987344e-06,0.9999931408114072,1,0.9999931408114072
2010-04-16,8.70282783763579e-06,0.9999912971721547,1,0.9999912971721547
2010-04-19,1.1239836924627386e-05,0.9999887601630677,1,0.9999887601630677
2010-04-20,1.1683788212360657e-05,0.9999883162117799,1,0.9999883162117799
2010-04-21,2.9918639127148795e-05,0.9999700813608651,1,0.9999700813608651
2010-04-22,0.00029306389569527916,0.9997069361042971,1,0.9997069361042971
2010-04-23,0.0028663578017269625,0.9971336421982653,1,0.9971336421982653
2010-04-26,0.025791259611743226,0.974208740388249,1,0.974208740388249
2010-04-27,0.26618160162433907,0.7338183983756531,1,0.7338183983756531
2010-04-28,0.5216882793537918,0.47831172064620026,0,0.47831172064620026
2010-04-29,0.7353275994262998,0.2646724005736923,0,0.2646724005736923
2010-04-30,0.876061241659282,0.12393875834071029,0,0.12393875834071029
2010-05-03,0.9487953879934132,0.051204612006579234,0,0.051204612006579234
2010-05-04,0.9736367260596073,0.026363273940385356,0,0.026363273940385356
2010-05-05,0.9799247511429992,0.020075248856993626,0,0.020075248856993626
2010-05-06,0.9800501541432661,0.01994984585672654,0,0.01994984585672654
2010-05-07,0.9765730247659749,0.023426975234017853,0,0.023426975234017853
2010-05-10,0.9670754010806213,0.03292459891937143,0,0.03292459891937143
2010-05-11,0.930768947527872,0.06923105247212086,0,0.06923105247212086
2010-05-12,0.8297808623013665,0.1702191376986263,0,0.1702191376986263
2010-05-13,0.6954351265349544,0.30456487346503824,0,0.30456487346503824
2010-05-14,0.34063727001732375,0.6593627299826689,1,0.6593627299826689
2010-05-17,0.0030208501503691965,0.9969791498496232,1,0.9969791498496232
2010-05-18,0.0008156744559937499,0.9991843255439988,1,0.9991843255439988
2010-05-19,0.00030162359095121336,0.9996983764090412,1,0.9996983764090412
2010-05-20,0.0004911032905339978,0.9995088967094583,1,0.9995088967094583
2010-05-21,0.0026223165063570435,0.9973776834936352,1,0.9973776834936352
2010-05-24,0.003347805378731702,0.9966521946212604,1,0.9966521946212604
2010-05-25,0.002301141815931062,0.997698858184061,1,0.997698858184061
2010-05-26,0.0019534558828423415,0.9980465441171498,1,0.9980465441171498
2010-05-27,0.0022243006701837,0.9977756993298085,1,0.9977756993298085
2010-05-28,0.0015038401702858347,0.9984961598297064,1,0.9984961598297064
2010-05-31,0.0008370433462373105,0.999162956653755,1,0.999162956653755
2010-06-01,0.00015183431589640338,0.9998481656840958,1,0.9998481656840958
2010-06-02,3.645358699073034e-05,0.9999635464130016,1,0.9999635464130016
2010-06-03,3.6367179202160942e-06,0.999996363282072,1,0.999996363282072
2010-06-04,6.031378478998913e-09,0.9999999939686136,1,0.9999999939686136
2010-06-07,1.3230546434654502e-11,0.9999999999867617,1,0.9999999999867617
2010-06-08,2.7711674977550946e-11,0.9999999999722806,1,0.9999999999722806
2010-06-09,1.3833394213499183e-08,0.9999999861665979,1,0.9999999861665979
2010-06-10,6.574101681284623e-08,0.9999999342589755,1,0.9999999342589755
2010-06-11,2.2498544548067116e-07,0.9999997750145468,1,0.9999997750145468
2010-06-14,8.76936394885503e-06,0.9999912306360434,1,0.9999912306360434
2010-06-15,6.507417124391597e-06,0.9999934925828682,1,0.9999934925828682
2010-06-16,6.508194394054389e-06,0.9999934918055986,1,0.9999934918055986
2010-06-17,4.4327216686550975e-08,0.9999999556727759,1,0.9999999556727759
2010-06-18,6.579611981753356e-09,0.9999999934203806,1,0.9999999934203806
2010-06-21,5.940590322307095e-07,0.9999994059409604,1,0.9999994059409604
2010-06-22,3.565141499575757e-06,0.999996434858493,1,0.999996434858493
2010-06-23,9.092421601598788e-07,0.9999990907578324,1,0.9999990907578324
2010-06-24,3.968329438022963e-06,0.9999960316705544,1,0.9999960316705544
2010-06-25,2.38412968492043e-05,0.9999761587031432,1,0.9999761587031432
2010-06-28,3.426762608586342e-05,0.9999657323739066,1,0.9999657323739066
2010-06-29,2.2143536858736942e-07,0.9999997785646239,1,0.9999997785646239
2010-06-30,3.239272707762885e-07,0.9999996760727217,1,0.9999996760727217
2010-07-01,8.367616344501845e-07,0.999999163238358,1,0.999999163238358
2010-07-02,3.2982360174138316e-06,0.9999967017639751,1,0.9999967017639751
2010-07-05,5.007574254742296e-06,0.9999949924257376,1,0.9999949924257376
2010-07-06,7.841789051358807e-05,0.9999215821094788,1,0.9999215821094788
2010-07-07,0.00022659637971793908,0.9997734036202744,1,0.9997734036202744
2010-07-08,0.0003633675214413946,0.9996366324785511,1,0.9996366324785511
2010-07-09,0.0004767285459815199,0.999523271454011,1,0.999523271454011
2010-07-12,0.0005669960439666059,0.9994330039560261,1,0.9994330039560261
2010-07-13,0.0008786983746211625,0.9991213016253716,1,0.9991213016253716
2010-07-14,0.002426162231804718,0.9975738377681882,1,0.9975738377681882
2010-07-15,0.00734697134837306,0.9926530286516198,1,0.9926530286516198
2010-07-16,0.022101625386658625,0.9778983746133341,1,0.9778983746133341
2010-07-19,0.10554092092727078,0.8944590790727219,1,0.8944590790727219
2010-07-20,0.36754258997687367,0.6324574100231193,1,0.6324574100231193
2010-07-21,0.7466479458517196,0.2533520541482734,0,0.2533520541482734
2010-07-22,0.9242488537370732,0.0757511462629199,0,0.0757511462629199
2010-07-23,0.978922340109516,0.021077659890477326,0,0.021077659890477326
2010-07-26,0.9936845068198725,0.006315493180120685,0,0.006315493180120685
2010-07-27,0.997690118948304,0.00230988105168921,0,0.00230988105168921
2010-07-28,0.9989312910230904,0.001068708976902624,0,0.001068708976902624
2010-07-29,0.9993508867156878,0.000649113284305318,0,0.000649113284305318
2010-07-30,0.9995027120239455,0.0004972879760476643,0,0.0004972879760476643
2010-08-02,0.999433908014047,0.0005660919859460554,0,0.0005660919859460554
2010-08-03,0.9995135441943799,0.0004864558056132301,0,0.0004864558056132301
2010-08-04,0.9995659414418365,0.00043405855815656174,0,0.00043405855815656174
2010-08-05,0.9997228170622321,0.00027718293776097266,0,0.00027718293776097266
2010-08-06,0.9998067475797924,0.00019325242020071465,0,0.00019325242020071465
2010-08-09,0.9998299169047993,0.0001700830951939692,0,0.0001700830951939692
2010-08-10,0.999863762130503,0.00013623786949034956,0,0.00013623786949034956
2010-08-11,0.9998947072373348,0.00010529276265854146,0,0.00010529276265854146
2010-08-12,0.9999043087892142,9.56912107790311e-05,0,9.56912107790311e-05
2010-08-13,0.9999060107009827,9.398929901041587e-05,0,9.398929901041587e-05
2010-08-16,0.9999058738693138,9.412613067927116e-05,0,9.412613067927116e-05
2010-08-17,0.9999032324664445,9.676753354851684e-05,0,9.676753354851684e-05
2010-08-18,0.9999027766352809,9.72233647119504e-05,0,9.72233647119504e-05
2010-08-19,0.9999065706651211,9.342933487191372e-05,0,9.342933487191372e-05
2010-08-20,0.9999059753904253,9.402460956779964e-05,0,9.402460956779964e-05
2010-08-23,0.9999003780796881,9.96219203050592e-05,0,9.96219203050592e-05
2010-08-24,0.999878187982207,0.00012181201778609396,0,0.00012181201778609396
2010-08-25,0.9998515790989169,0.00014842090107604545,0,0.00014842090107604545
2010-08-26,0.9998889697121478,0.00011103028784521427,0,0.00011103028784521427
2010-08-27,0.9998889420086461,0.00011105799134705549,0,0.00011105799134705549
2010-08-30,0.9998723325223581,0.00012766747763501442,0,0.00012766747763501442
2010-08-31,0.9998760606555626,0.00012393934443045035,0,0.00012393934443045035
2010-09-01,0.9998189801913141,0.00018101980867888192,0,0.00018101980867888192
2010-09-02,0.99978624729494,0.00021375270505303283,0,0.00021375270505303283
2010-09-03,0.9997643401005398,0.00023565989945340072,0,0.00023565989945340072
2010-09-06,0.999774803327258,0.00022519667273510863,0,0.00022519667273510863
2010-09-07,0.999825246530128,0.0001747534698649765,0,0.0001747534698649765
2010-09-08,0.9998278984342852,0.00017210156570764514,0,0.00017210156570764514
2010-09-09,0.9998573097155791,0.00014269028441383613,0,0.00014269028441383613
2010-09-10,0.9998679518876257,0.00013204811236720463,0,0.00013204811236720463
2010-09-13,0.9998403443310334,0.00015965566895948397,0,0.00015965566895948397
2010-09-14,0.9998778534538892,0.00012214654610359491,0,0.00012214654610359491
2010-09-15,0.999884943320767,0.0001150566792257348,0,0.0001150566792257348
2010-09-16,0.9998812352920783,0.00011876470791446133,0,0.00011876470791446133
2010-09-17,0.9998737388020655,0.00012626119792709243,0,0.00012626119792709243
2010-09-20,0.9998817793712247,0.00011822062876800583,0,0.00011822062876800583
2010-09-21,0.9998790570970517,0.00012094290294093374,0,0.00012094290294093374
2010-09-22,0.9998564634936719,0.00014353650632062983,0,0.00014353650632062983
2010-09-23,0.9998322582129705,0.0001677417870222238,0,0.0001677417870222238
2010-09-24,0.9998067435861632,0.0001932564138296013,0,0.0001932564138296013
2010-09-27,0.9998113731129988,0.00018862688699400782,0,0.00018862688699400782
2010-09-28,0.999795236206868,0.00020476379312484036,0,0.00020476379312484036
2010-09-29,0.9997732099536103,0.00022679004638286618,0,0.00022679004638286618
2010-09-30,0.9997735264634744,0.00022647353651860633,0,0.00022647353651860633
2010-10-01,0.9997690436903529,0.00023095630964003262,0,0.00023095630964003262
2010-10-04,0.9997962274879828,0.00020377251201009482,0,0.00020377251201009482
2010-10-05,0.9998095414770811,0.00019045852291160403,0,0.00019045852291160403
2010-10-06,0.9998119993032217,0.00018800069677124608,0,0.00018800069677124608
2010-10-07,0.9998207591659343,0.00017924083405864322,0,0.00017924083405864322
2010-10-08,0.9997652548447908,0.00023474515520228404,0,0.00023474515520228404
2010-10-11,0.9997496940284154,0.0002503059715775153,0,0.0002503059715775153
2010-10-12,0.9997264157700222,0.00027358422997052646,0,0.00027358422997052646
2010-10-13,0.9997544029519728,0.000245597048020088,0,0.000245597048020088
2010-10-14,0.9997502760368477,0.000249723963145012,0,0.000249723963145012
2010-10-15,0.9996447037563163,0.00035529624367637493,0,0.00035529624367637493
2010-10-18,0.9994712337021832,0.0005287662978094009,0,0.0005287662978094009
2010-10-19,0.9991992800482351,0.0008007199517573796,0,0.0008007199517573796
2010-10-20,0.9987372463184173,0.001262753681575348,0,0.001262753681575348
2010-10-21,0.9979909741612275,0.002009025838765239,0,0.002009025838765239
2010-10-22,0.9972802305400974,0.002719769459895553,0,0.002719769459895553
2010-10-25,0.9968183927418603,0.003181607258132615,0,0.003181607258132615
2010-10-26,0.9969872542378478,0.003012745762145061,0,0.003012745762145061
2010-10-27,0.9979095929473863,0.002090407052606533,0,0.002090407052606533
2010-10-28,0.9988560308422304,0.0011439691577625132,0,0.0011439691577625132
2010-10-29,0.9994403444339174,0.0005596555660755865,0,0.0005596555660755865
2010-11-01,0.9995285361373345,0.00047146386265856376,0,0.00047146386265856376
2010-11-02,0.9994826987446185,0.0005173012553745741,0,0.0005173012553745741
2010-11-03,0.9994503336789997,0.0005496663209933067,0,0.0005496663209933067
2010-11-04,0.999420561193657,0.000579438806335965,0,0.000579438806335965
2010-11-05,0.9993705117676577,0.0006294882323351989,0,0.0006294882323351989
2010-11-08,0.99925882900015,0.0007411709998429207,0,0.0007411709998429207
2010-11-09,0.9989941797982095,0.001005820201783459,0,0.001005820201783459
2010-11-10,0.9989788716602345,0.0010211283397583747,0,0.0010211283397583747
2010-11-11,0.9988852418043204,0.0011147581956725606,0,0.0011147581956725606
2010-11-12,0.9990004355809224,0.0009995644190706403,0,0.0009995644190706403
2010-11-15,0.9991546691016541,0.0008453308983391585,0,0.0008453308983391585
2010-11-16,0.9995474752019853,0.0004525247980077207,0,0.0004525247980077207
2010-11-17,0.9996597448846979,0.0003402551152949661,0,0.0003402551152949661
2010-11-18,0.9996387929054601,0.00036120709453278405,0,0.00036120709453278405
2010-11-19,0.9996788536894975,0.0003211463104954577,0,0.0003211463104954577
2010-11-22,0.9998077385072766,0.0001922614927163159,0,0.0001922614927163159
2010-11-23,0.999840719277493,0.0001592807224999959,0,0.0001592807224999959
2010-11-24,0.9997562211686847,0.0002437788313082941,0,0.0002437788313082941
2010-11-25,0.9994239605416477,0.0005760394583453317,0,0.0005760394583453317
2010-11-26,0.9982412880968726,0.0017587119031203815,0,0.0017587119031203815
2010-11-29,0.9943760572773985,0.0056239427225946645,0,0.0056239427225946645
2010-11-30,0.9815369134808413,0.01846308651915182,0,0.01846308651915182
2010-12-01,0.9407827829909702,0.059217217009022806,0,0.059217217009022806
2010-12-02,0.8764991996624221,0.12350080033757112,0,0.12350080033757112
2010-12-03,0.7958802983588762,0.204119701641117,0,0.204119701641117
2010-12-06,0.6649889840333463,0.33501101596664673,0,0.33501101596664673
2010-12-07,0.41949491409580403,0.5805050859041888,1,0.5805050859041888
2010-12-08,0.13608837048862868,0.863911629511364,1,0.863911629511364
2010-12-09,0.053330674366824704,0.9466693256331683,1,0.9466693256331683
2010-12-10,0.013012069908117827,0.9869879300918754,1,0.9869879300918754
2010-12-13,0.0018145694677767581,0.9981854305322162,1,0.9981854305322162
2010-12-14,0.0003532171459361963,0.9996467828540567,1,0.9996467828540567
2010-12-15,0.00011975380930060969,0.9998802461906923,1,0.9998802461906923
2010-12-16,4.7723983460966354e-05,0.9999522760165319,1,0.9999522760165319
2010-12-17,2.7935841597998115e-05,0.9999720641583949,1,0.9999720641583949
2010-12-20,1.6667745797261226e-05,0.9999833322541956,1,0.9999833322541956
2010-12-21,6.0920920009460565e-06,0.9999939079079919,1,0.9999939079079919
2010-12-22,5.5718982239414415e-06,0.9999944281017689,1,0.9999944281017689
2010-12-23,5.261228567268026e-06,0.9999947387714256,1,0.9999947387714256
2010-12-24,5.2472364754968625e-06,0.9999947527635172,1,0.9999947527635172
2010-12-27,4.174404775438925e-06,0.9999958255952175,1,0.9999958255952175
2010-12-28,6.14677662090644e-06,0.9999938532233719,1,0.9999938532233719
2010-12-29,1.1100857396164585e-05,0.9999888991425967,1,0.9999888991425967
2010-12-30,3.849272589929367e-06,0.999996150727403,1,0.999996150727403
2010-12-31,2.1610640509933407e-06,0.9999978389359419,1,0.9999978389359419
2011-01-03,1.9677492847526636e-06,0.999998032250708,1,0.999998032250708
2011-01-04,8.600546440664746e-07,0.9999991399453487,1,0.9999991399453487
2011-01-05,3.436375942207156e-07,0.9999996563623985,1,0.9999996563623985
2011-01-06,1.3652670342929679e-06,0.9999986347329585,1,0.9999986347329585
2011-01-07,2.79644830145815e-06,0.9999972035516913,1,0.9999972035516913
2011-01-10,4.975977022264284e-06,0.9999950240229706,1,0.9999950240229706
2011-01-11,2.15908169093429e-06,0.9999978409183018,1,0.9999978409183018
2011-01-12,8.166706034278346e-07,0.9999991833293892,1,0.9999991833293892
2011-01-13,1.617540369184305e-06,0.9999983824596235,1,0.9999983824596235
2011-01-14,2.040597865937378e-07,0.9999997959402059,1,0.9999997959402059
2011-01-17,2.2773399105116006e-07,0.9999997722660015,1,0.9999997722660015
2011-01-18,3.080105475575422e-07,0.9999996919894447,1,0.9999996919894447
2011-01-19,1.0623933257360026e-06,0.9999989376066665,1,0.9999989376066665
2011-01-20,1.6763500567913048e-06,0.9999983236499352,1,0.9999983236499352
2011-01-21,7.275737432835802e-07,0.9999992724262488,1,0.9999992724262488
2011-01-24,4.825047725241136e-07,0.9999995174952195,1,0.9999995174952195
2011-01-25,2.149744019993297e-06,0.999997850255972,1,0.999997850255972
2011-01-26,1.2304681378746526e-06,0.9999987695318542,1,0.9999987695318542
2011-01-27,1.776220068434038e-07,0.999999822377985,1,0.999999822377985
2011-01-28,3.92111283265156e-07,0.9999996078887085,1,0.9999996078887085
2011-01-31,6.661502504715548e-08,0.9999999333849666,1,0.9999999333849666
2011-02-01,2.2551818210564076e-08,0.9999999774481735,1,0.9999999774481735
2011-02-02,1.8639890660246514e-08,0.999999981360101,1,0.999999981360101
2011-02-03,7.511299439714079e-08,0.9999999248869974,1,0.9999999248869974
2011-02-04,3.7516310398751265e-08,0.9999999624836815,1,0.9999999624836815
2011-02-07,4.469013576978653e-08,0.999999955309856,1,0.999999955309856
2011-02-08,1.218598205109709e-07,0.9999998781401712,1,0.9999998781401712
2011-02-09,3.150249275016877e-07,0.9999996849750642,1,0.9999996849750642
2011-02-10,2.2934958285907505e-07,0.9999997706504087,1,0.9999997706504087
2011-02-11,2.511973216392049e-07,0.99999974880267,1,0.99999974880267
2011-02-14,8.664749675387086e-08,0.9999999133524949,1,0.9999999133524949
2011-02-15,6.215298224473072e-07,0.9999993784701692,1,0.9999993784701692
2011-02-16,1.7853162805798854e-06,0.9999982146837111,1,0.9999982146837111
2011-02-17,2.436180915058994e-06,0.9999975638190766,1,0.9999975638190766
2011-02-18,3.0436845633691532e-06,0.9999969563154282,1,0.9999969563154282
2011-02-21,3.8033477582298965e-06,0.9999961966522335,1,0.9999961966522335
2011-02-22,4.025396507518002e-05,0.9999597460349166,1,0.9999597460349166
2011-02-23,0.0001171832980465704,0.9998828167019451,1,0.9998828167019451
2011-02-24,8.046446051081414e-05,0.9999195355394808,1,0.9999195355394808
2011-02-25,1.8174699531387784e-05,0.9999818253004601,1,0.9999818253004601
2011-02-28,9.310542452892147e-06,0.9999906894575387,1,0.9999906894575387
2011-03-01,1.7748935445723456e-05,0.9999822510645457,1,0.9999822510645457
2011-03-02,2.525325793398949e-05,0.9999747467420573,1,0.9999747467420573
2011-03-03,1.6589351838736815e-05,0.9999834106481524,1,0.9999834106481524
2011-03-04,6.742037671683764e-05,0.9999325796232744,1,0.9999325796232744
2011-03-07,0.0005185538950259187,0.9994814461049655,1,0.9994814461049655
2011-03-08,0.001057094001809381,0.9989429059981819,1,0.9989429059981819
2011-03-09,0.002321776573353034,0.997678223426638,1,0.997678223426638
2011-03-10,0.002906839805609026,0.9970931601943818,1,0.9970931601943818
2011-03-11,0.003235481554806101,0.9967645184451848,1,0.9967645184451848
2011-03-14,0.003118407096604355,0.9968815929033866,1,0.9968815929033866
2011-03-15,0.002213436911712303,0.9977865630882785,1,0.9977865630882785
2011-03-16,0.0010756099928688895,0.9989243900071219,1,0.9989243900071219
2011-03-17,0.00026537797423805976,0.9997346220257528,1,0.9997346220257528
2011-03-18,0.00018140157642549027,0.9998185984235651,1,0.9998185984235651
2011-03-21,0.0002549472405245968,0.999745052759466,1,0.999745052759466
2011-03-22,0.00019897889379457345,0.9998010211061961,1,0.9998010211061961
2011-03-23,8.489705148666965e-05,0.999915102948504,1,0.999915102948504
2011-03-24,5.852653957517644e-05,0.9999414734604155,1,0.9999414734604155
2011-03-25,5.294744102947485e-05,0.9999470525589612,1,0.9999470525589612
2011-03-28,0.0001160880028950699,0.9998839119970956,1,0.9998839119970956
2011-03-29,0.0002708326534846692,0.999729167346506,1,0.999729167346506
2011-03-30,0.0009561514651611237,0.9990438485348295,1,0.9990438485348295
2011-03-31,0.0019416597142587495,0.9980583402857319,1,0.9980583402857319
2011-04-01,0.003369724643699258,0.9966302753562916,1,0.9966302753562916
2011-04-04,0.005221307270799062,0.9947786927291916,1,0.9947786927291916
2011-04-05,0.007300677242083341,0.9926993227579073,1,0.9926993227579073
2011-04-06,0.008626843433521632,0.9913731565664691,1,0.9913731565664691
2011-04-07,0.011480922422255627,0.9885190775777349,1,0.9885190775777349
2011-04-08,0.019873408616759312,0.9801265913832312,1,0.9801265913832312
2011-04-11,0.05390788240564186,0.9460921175943487,1,0.9460921175943487
2011-04-12,0.16173206367691362,0.8382679363230771,1,0.8382679363230771
2011-04-13,0.41364417084701255,0.5863558291529782,1,0.5863558291529782
2011-04-14,0.6767129601872204,0.3232870398127707,0,0.3232870398127707
2011-04-15,0.8578576103559978,0.142142389643993,0,0.142142389643993
2011-04-18,0.9426993641221049,0.057300635877885864,0,0.057300635877885864
2011-04-19,0.9709673995851522,0.029032600414838797,0,0.029032600414838797
2011-04-20,0.9811264592189818,0.01887354078100947,0,0.01887354078100947
2011-04-21,0.9872204069429933,0.012779593056998117,0,0.012779593056998117
2011-04-22,0.9923572371044073,0.007642762895584142,0,0.007642762895584142
2011-04-25,0.996707362231198,0.0032926377687932562,0,0.0032926377687932562
2011-04-26,0.998527410206177,0.0014725897938144305,0,0.0014725897938144305
2011-04-27,0.9994920088440422,0.0005079911559491711,0,0.0005079911559491711
2011-04-28,0.9997823501876674,0.00021764981232405098,0,0.00021764981232405098
2011-04-29,0.9998625557898347,0.0001374442101566008,0,0.0001374442101566008
2011-05-02,0.9998898109775481,0.00011018902244309934,0,0.00011018902244309934
2011-05-03,0.999901124613758,9.887538623315045e-05,0,9.887538623315045e-05
2011-05-04,0.9999023684641909,9.763153580035676e-05,0,9.763153580035676e-05
2011-05-05,0.9998927126434413,0.00010728735655000105,0,0.00010728735655000105
2011-05-06,0.9998727648358586,0.00012723516413258844,0,0.00012723516413258844
2011-05-09,0.9998616403195828,0.00013835968040841877,0,0.00013835968040841877
2011-05-10,0.9998340387637745,0.0001659612362168213,0,0.0001659612362168213
2011-05-11,0.9997680087769265,0.00023199122306471264,0,0.00023199122306471264
2011-05-12,0.9998035825098993,0.00019641749009192275,0,0.00019641749009192275
2011-05-13,0.9998513234852238,0.0001486765147675576,0,0.0001486765147675576
2011-05-16,0.9998759233600738,0.00012407663991754979,0,0.00012407663991754979
2011-05-17,0.9998936471210581,0.00010635287893332951,0,0.00010635287893332951
2011-05-18,0.9999025087025533,9.749129743817537e-05,0,9.749129743817537e-05
2011-05-19,0.9998989364662729,0.00010106353371862842,0,0.00010106353371862842
2011-05-20,0.9998857218002053,0.00011427819978626315,0,0.00011427819978626315
2011-05-23,0.9998284781174697,0.00017152188252199434,0,0.00017152188252199434
2011-05-24,0.9998207957013913,0.00017920429860035047,0,0.00017920429860035047
2011-05-25,0.9998641813881309,0.0001358186118606166,0,0.0001358186118606166
2011-05-26,0.9998818970839135,0.00011810291607812032,0,0.00011810291607812032
2011-05-27,0.9998928411835998,0.00010715881639183587,0,0.00010715881639183587
2011-05-30,0.9998903946440628,0.00010960535592897144,0,0.00010960535592897144
2011-05-31,0.9998732194043669,0.00012678059562496146,0,0.00012678059562496146
2011-06-01,0.9998180897437151,0.00018191025627670193,0,0.00018191025627670193
2011-06-02,0.999802529699095,0.00019747030089677925,0,0.00019747030089677925
2011-06-03,0.9998091327011919,0.00019086729879991976,0,0.00019086729879991976
2011-06-06,0.9997972827774189,0.00020271722257287093,0,0.00020271722257287093
2011-06-07,0.9997814168574851,0.00021858314250677204,0,0.00021858314250677204
2011-06-08,0.9997232895147545,0.0002767104852373179,0,0.0002767104852373179
2011-06-09,0.9996603810725255,0.0003396189274663618,0,0.0003396189274663618
2011-06-10,0.999614925496658,0.0003850745033338825,0,0.0003850745033338825
2011-06-13,0.9996580493694289,0.00034195063056306047,0,0.00034195063056306047
2011-06-14,0.999757211030942,0.00024278896905011619,0,0.00024278896905011619
2011-06-15,0.999699398483202,0.00030060151678987186,0,0.00030060151678987186
2011-06-16,0.9995117068516235,0.0004882931483685123,0,0.0004882931483685123
2011-06-17,0.9990986375701316,0.0009013624298604651,0,0.0009013624298604651
2011-06-20,0.9985553612255607,0.001444638774431596,0,0.001444638774431596
2011-06-21,0.9982556703899182,0.0017443296100739208,0,0.0017443296100739208
2011-06-22,0.998225918703169,0.0017740812968230985,0,0.0017740812968230985
2011-06-23,0.998787234121174,0.001212765878818284,0,0.001212765878818284
2011-06-24,0.9994645195676243,0.0005354804323681199,0,0.0005354804323681199
2011-06-27,0.9996738078862143,0.0003261921137779708,0,0.0003261921137779708
2011-06-28,0.999799552392471,0.00020044760752123845,0,0.00020044760752123845
2011-06-29,0.9998696775979832,0.00013032240200886128,0,0.00013032240200886128
2011-06-30,0.9998698956810849,0.0001301043189072684,0,0.0001301043189072684
2011-07-01,0.9998299546866929,0.0001700453132993748,0,0.0001700453132993748
2011-07-04,0.9998295110007202,0.00017048899927200352,0,0.00017048899927200352
2011-07-05,0.9998624079448393,0.00013759205515272862,0,0.00013759205515272862
2011-07-06,0.9998824156700535,0.00011758432993843224,0,0.00011758432993843224
2011-07-07,0.9998583862231728,0.00014161377681916175,0,0.00014161377681916175
2011-07-08,0.9998855209075307,0.00011447909246117192,0,0.00011447909246117192
2011-07-11,0.9999003148748372,9.96851251546214e-05,0,9.96851251546214e-05
2011-07-12,0.9998986668356816,0.00010133316431017063,0,0.00010133316431017063
2011-07-13,0.9998808558143698,0.00011914418562188297,0,0.00011914418562188297
2011-07-14,0.9998603318682748,0.00013966813171690772,0,0.00013966813171690772
2011-07-15,0.9998652710628262,0.00013472893716555035,0,0.00013472893716555035
2011-07-18,0.9998472348362551,0.00015276516373667766,0,0.00015276516373667766
2011-07-19,0.999864422638646,0.00013557736134566284,0,0.00013557736134566284
2011-07-20,0.9998259984100087,0.00017400158998307437,0,0.00017400158998307437
2011-07-21,0.9996927261880334,0.00030727381195861113,0,0.00030727381195861113
2011-07-22,0.9993246922821563,0.0006753077178356223,0,0.0006753077178356223
2011-07-25,0.9983223797709183,0.001677620229073664,0,0.001677620229073664
2011-07-26,0.9961076403300829,0.0038923596699087693,0,0.0038923596699087693
2011-07-27,0.9888740639400714,0.011125936059920398,0,0.011125936059920398
2011-07-28,0.9686128026557616,0.03138719734423026,0,0.03138719734423026
2011-07-29,0.9035109109212474,0.0964890890787444,0,0.0964890890787444
2011-08-01,0.7244760669806926,0.27552393301929906,0,0.27552393301929906
2011-08-02,0.36376994990607875,0.6362300500939129,1,0.6362300500939129
2011-08-03,0.03804795818049051,0.9619520418195011,1,0.9619520418195011
2011-08-04,0.0009022937912724164,0.9990977062087191,1,0.9990977062087191
2011-08-05,1.6694873580491357e-06,0.9999983305126334,1,0.9999983305126334
2011-08-08,5.540523224562917e-13,0.9999999999994376,1,0.9999999999994376
2011-08-09,6.148057207709e-14,0.9999999999999301,1,0.9999999999999301
2011-08-10,4.521676945256413e-18,0.9999999999999916,1,0.9999999999999916
2011-08-11,3.293235466499147e-12,0.9999999999966984,1,0.9999999999966984
2011-08-12,2.5207044771131012e-11,0.9999999999747847,1,0.9999999999747847
2011-08-15,3.1150983968082043e-11,0.9999999999688406,1,0.9999999999688406
2011-08-16,7.258464529668806e-13,0.9999999999992656,1,0.9999999999992656
2011-08-17,4.922963275042867e-12,0.9999999999950686,1,0.9999999999950686
2011-08-18,3.0495389365416887e-14,0.9999999999999611,1,0.9999999999999611
2011-08-19,1.3353552240905697e-14,0.9999999999999784,1,0.9999999999999784
2011-08-22,2.1022252457668894e-16,0.9999999999999913,1,0.9999999999999913
2011-08-23,2.885570353101745e-13,0.9999999999997029,1,0.9999999999997029
2011-08-24,7.135265380737959e-09,0.999999992864726,1,0.999999992864726
2011-08-25,8.241152450829403e-08,0.9999999175884668,1,0.9999999175884668
2011-08-26,2.2187612555766717e-08,0.9999999778123786,1,0.9999999778123786
2011-08-29,3.5328752437353033e-08,0.9999999646712386,1,0.9999999646712386
2011-08-30,1.1326758217917071e-08,0.9999999886732329,1,0.9999999886732329
2011-08-31,8.642085475114383e-08,0.9999999135791363,1,0.9999999135791363
2011-09-01,4.3372240344517684e-08,0.9999999566277509,1,0.9999999566277509
2011-09-02,1.05494950954348e-09,0.9999999989450414,1,0.9999999989450414
2011-09-05,1.893658841280702e-09,0.999999998106332,1,0.999999998106332
2011-09-06,5.291435388361099e-10,0.9999999994708475,1,0.9999999994708475
2011-09-07,2.1325786526713625e-07,0.9999997867421259,1,0.9999997867421259
2011-09-08,4.3697369904217286e-08,0.999999956302621,1,0.999999956302621
2011-09-09,1.1600090009359208e-09,0.9999999988399821,1,0.9999999988399821
2011-09-12,1.2846442030323955e-08,0.9999999871535491,1,0.9999999871535491
2011-09-13,8.468756243462276e-09,0.999999991531235,1,0.999999991531235
2011-09-14,2.2005971744932224e-09,0.9999999977993941,1,0.9999999977993941
2011-09-15,2.12625411524969e-07,0.9999997873745797,1,0.9999997873745797
2011-09-16,2.706788435896325e-08,0.9999999729321069,1,0.9999999729321069
2011-09-19,5.890949312565907e-09,0.9999999941090417,1,0.9999999941090417
2011-09-20,2.768411410152437e-10,0.99999999972315,1,0.99999999972315
2011-09-21,1.8435288262088146e-09,0.9999999981564625,1,0.9999999981564625
2011-09-22,3.784290568284659e-11,0.9999999999621483,1,0.9999999999621483
2011-09-23,7.501251925266022e-11,0.9999999999249787,1,0.9999999999249787
2011-09-26,3.972357082812354e-09,0.999999996027634,1,0.999999996027634
2011-09-27,1.7834116194008595e-08,0.9999999821658748,1,0.9999999821658748
2011-09-28,6.653523853746702e-10,0.9999999993346386,1,0.9999999993346386
2011-09-29,1.37403981328249e-09,0.999999998625951,1,0.999999998625951
2011-09-30,7.899518105051109e-11,0.9999999999209955,1,0.9999999999209955
2011-10-03,1.1740232795240946e-11,0.9999999999882506,1,0.9999999999882506
2011-10-04,1.0507988908031096e-10,0.9999999998949111,1,0.9999999998949111
2011-10-05,4.5487904536639614e-11,0.999999999954503,1,0.999999999954503
2011-10-06,4.681603952118001e-09,0.9999999953183869,1,0.9999999953183869
2011-10-07,3.927441051508425e-08,0.9999999607255803,1,0.9999999607255803
2011-10-10,1.0219804879842168e-07,0.9999998978019419,1,0.9999998978019419
2011-10-11,3.9513891333749464e-08,0.9999999604860993,1,0.9999999604860993
2011-10-12,2.1668673440586981e-07,0.9999997833132565,1,0.9999997833132565
2011-10-13,7.817998519286897e-08,0.9999999218200055,1,0.9999999218200055
2011-10-14,4.995001621149206e-07,0.9999995004998287,1,0.9999995004998287
2011-10-17,4.4239884371106185e-07,0.9999995576011471,1,0.9999995576011471
2011-10-18,9.800795579283189e-07,0.9999990199204329,1,0.9999990199204329
2011-10-19,2.0761733691741138e-07,0.9999997923826541,1,0.9999997923826541
2011-10-20,1.1649509590751372e-08,0.9999999883504812,1,0.9999999883504812
2011-10-21,3.064573397409876e-07,0.9999996935426512,1,0.9999996935426512
2011-10-24,9.692521471723124e-06,0.9999903074785192,1,0.9999903074785192
2011-10-25,1.7477379554581554e-06,0.9999982522620354,1,0.9999982522620354
2011-10-26,3.215678199273635e-06,0.9999967843217915,1,0.9999967843217915
2011-10-27,2.7286217886458915e-05,0.9999727137821045,1,0.9999727137821045
2011-10-28,3.6700246591609915e-05,0.9999632997533996,1,0.9999632997533996
2011-10-31,2.875079021494895e-05,0.9999712492097762,1,0.9999712492097762
2011-11-01,9.08715401998103e-06,0.9999909128459711,1,0.9999909128459711
2011-11-02,1.5529493102655354e-05,0.9999844705068887,1,0.9999844705068887
2011-11-03,7.719035126481124e-06,0.9999922809648649,1,0.9999922809648649
2011-11-04,7.809201988472434e-06,0.999992190798003,1,0.999992190798003
2011-11-07,2.1819354082564277e-06,0.9999978180645832,1,0.9999978180645832
2011-11-08,1.935663358746476e-06,0.9999980643366327,1,0.9999980643366327
2011-11-09,6.554212403497999e-07,0.9999993445787513,1,0.9999993445787513
2011-11-10,7.465604857798981e-07,0.9999992534395058,1,0.9999992534395058
2011-11-11,1.6311921550292213e-06,0.9999983688078365,1,0.9999983688078365
2011-11-14,3.6716024564928268e-06,0.9999963283975353,1,0.9999963283975353
2011-11-15,4.676903327756141e-06,0.999995323096664,1,0.999995323096664
2011-11-16,5.331590620850613e-06,0.9999946684093708,1,0.9999946684093708
2011-11-17,6.704987107093619e-06,0.9999932950128847,1,0.9999932950128847
2011-11-18,8.76311731157547e-06,0.9999912368826802,1,0.9999912368826802
2011-11-21,8.537452796780618e-06,0.999991462547195,1,0.999991462547195
2011-11-22,7.747021331663792e-06,0.99999225297866,1,0.99999225297866
2011-11-23,5.064388022596873e-06,0.999994935611969,1,0.999994935611969
2011-11-24,5.797993155292701e-06,0.9999942020068364,1,0.9999942020068364
2011-11-25,7.948821799504024e-06,0.9999920511781923,1,0.9999920511781923
2011-11-28,1.6443641178711282e-05,0.999983556358813,1,0.999983556358813
2011-11-29,3.488475818000656e-05,0.9999651152418118,1,0.9999651152418118
2011-11-30,0.0001807187135164651,0.9998192812864751,1,0.9998192812864751
2011-12-01,0.0004148241446093042,0.9995851758553823,1,0.9995851758553823
2011-12-02,0.0011633709585618158,0.9988366290414298,1,0.9988366290414298
2011-12-05,0.0029526415005778376,0.9970473584994137,1,0.9970473584994137
2011-12-06,0.005375792031517054,0.9946242079684744,1,0.9946242079684744
2011-12-07,0.0096759118955865,0.990324088104405,1,0.990324088104405
2011-12-08,0.02044861525869173,0.9795513847412998,1,0.9795513847412998
2011-12-09,0.044176585330529525,0.9558234146694619,1,0.9558234146694619
2011-12-12,0.07815211471610026,0.9218478852838909,1,0.9218478852838909
2011-12-13,0.12251554537590381,0.8774844546240875,1,0.8774844546240875
2011-12-14,0.18386998456061632,0.8161300154393751,1,0.8161300154393751
2011-12-15,0.26890524851309927,0.7310947514868921,1,0.7310947514868921
2011-12-16,0.3757019379473694,0.6242980620526221,1,0.6242980620526221
2011-12-19,0.4880462196779211,0.5119537803220703,1,0.5119537803220703
2011-12-20,0.6196823112838186,0.38031768871617294,0,0.38031768871617294
2011-12-21,0.7522494836234869,0.2477505163765049,0,0.2477505163765049
2011-12-22,0.8581109148624443,0.14188908513754755,0,0.14188908513754755
2011-12-23,0.9296603256730783,0.07033967432691363,0,0.07033967432691363
2011-12-26,0.9649708988137773,0.03502910118621483,0,0.03502910118621483
2011-12-27,0.9821154701145056,0.01788452988548659,0,0.01788452988548659
2011-12-28,0.9917875952139534,0.008212404786038817,0,0.008212404786038817
2011-12-29,0.9966462191071633,0.0033537808928289625,0,0.0033537808928289625
2011-12-30,0.998579481733281,0.0014205182667114936,0,0.0014205182667114936
2012-01-02,0.9993077455179853,0.0006922544820074325,0,0.0006922544820074325
2012-01-03,0.9995557114796281,0.0004442885203645722,0,0.0004442885203645722
2012-01-04,0.9995397604615867,0.0004602395384060449,0,0.0004602395384060449
2012-01-05,0.9995285534356598,0.00047144656433289437,0,0.00047144656433289437
2012-01-06,0.999572813438212,0.00042718656178063804,0,0.00042718656178063804
2012-01-09,0.9996329613490984,0.00036703865089443306,0,0.00036703865089443306
2012-01-10,0.9997241152858769,0.0002758847141160647,0,0.0002758847141160647
2012-01-11,0.9997886412750799,0.0002113587249128966,0,0.0002113587249128966
2012-01-12,0.99984987976207,0.00015012023792275746,0,0.00015012023792275746
2012-01-13,0.9998761883096857,0.00012381169030694034,0,0.00012381169030694034
2012-01-16,0.9998866677439862,0.00011333225600645606,0,0.00011333225600645606
2012-01-17,0.9998962701655943,0.00010372983439835085,0,0.00010372983439835085
2012-01-18,0.999901158843751,9.884115624185744e-05,0,9.884115624185744e-05
2012-01-19,0.9999050748807531,9.492511923972139e-05,0,9.492511923972139e-05
2012-01-20,0.9999024305281284,9.756947186443441e-05,0,9.756947186443441e-05
2012-01-23,0.9999041834434352,9.581655655758008e-05,0,9.581655655758008e-05
2012-01-24,0.9999059662220415,9.40337779513246e-05,0,9.40337779513246e-05
2012-01-25,0.9999033805786793,9.661942131361307e-05,0,9.661942131361307e-05
2012-01-26,0.9999025999993081,9.740000068475937e-05,0,9.740000068475937e-05
2012-01-27,0.9998977343469261,0.00010226565306687709,0,0.00010226565306687709
2012-01-30,0.9998860327587262,0.00011396724126663649,0,0.00011396724126663649
2012-01-31,0.9998733404110953,0.00012665958889759938,0,0.00012665958889759938
2012-02-01,0.9998738129146136,0.00012618708537934643,0,0.00012618708537934643
2012-02-02,0.9998619669131669,0.00013803308682631667,0,0.00013803308682631667
2012-02-03,0.9998926000891544,0.00010739991083899358,0,0.00010739991083899358
2012-02-06,0.9999003880673791,9.961193261410532e-05,0,9.961193261410532e-05
2012-02-07,0.9999005790672459,9.94209327473597e-05,0,9.94209327473597e-05
2012-02-08,0.999905923025619,9.407697437433545e-05,0,9.407697437433545e-05
2012-02-09,0.9999069760996758,9.302390031731942e-05,0,9.302390031731942e-05
2012-02-10,0.9999054717883342,9.452821165899061e-05,0,9.452821165899061e-05
2012-02-13,0.9999031315894122,9.686841058078704e-05,0,9.686841058078704e-05
2012-02-14,0.9999002964179202,9.970358207270036e-05,0,9.970358207270036e-05
2012-02-15,0.9998936543255098,0.00010634567448317869,0,0.00010634567448317869
2012-02-16,0.99988532041941,0.00011467958058285206,0,0.00011467958058285206
2012-02-17,0.9998651773340739,0.00013482266591903776,0,0.00013482266591903776
2012-02-20,0.9998639818818601,0.00013601811813288809,0,0.00013601811813288809
2012-02-21,0.9998770431407085,0.00012295685928475893,0,0.00012295685928475893
2012-02-22,0.9998716354680943,0.00012836453189865758,0,0.00012836453189865758
2012-02-23,0.9998603929659234,0.00013960703406950056,0,0.00013960703406950056
2012-02-24,0.9998820263649306,0.000117973635062335,0,0.000117973635062335
2012-02-27,0.9998929240428412,0.0001070759571518852,0,0.0001070759571518852
2012-02-28,0.9998980740006728,0.00010192599932029737,0,0.00010192599932029737
2012-02-29,0.9999039545895121,9.604541048098128e-05,0,9.604541048098128e-05
2012-03-01,0.999903561252026,9.64387479670491e-05,0,9.64387479670491e-05
2012-03-02,0.9999038703907124,9.612960928077544e-05,0,9.612960928077544e-05
2012-03-05,0.9999061969946015,9.380300539149882e-05,0,9.380300539149882e-05
2012-03-06,0.9999079949292276,9.200507076552592e-05,0,9.200507076552592e-05
2012-03-07,0.9999083121455346,9.168785445839555e-05,0,9.168785445839555e-05
2012-03-08,0.9999077560001866,9.224399980648031e-05,0,9.224399980648031e-05
2012-03-09,0.9999052093476289,9.479065236400412e-05,0,9.479065236400412e-05
2012-03-12,0.9998992948687271,0.0001007051312657846,0,0.0001007051312657846
2012-03-13,0.9998802527195033,0.00011974728048951008,0,0.00011974728048951008
2012-03-14,0.9998520065177249,0.00014799348226772772,0,0.00014799348226772772
2012-03-15,0.9998363464128888,0.0001636535871037166,0,0.0001636535871037166
2012-03-16,0.9998333610889023,0.00016663891109023753,0,0.00016663891109023753
2012-03-19,0.9998325296536585,0.0001674703463340202,0,0.0001674703463340202
2012-03-20,0.999844045017998,0.00015595498199439298,0,0.00015595498199439298
2012-03-21,0.9998481007482785,0.00015189925171401857,0,0.00015189925171401857
2012-03-22,0.9998694589010342,0.00013054109895835808,0,0.00013054109895835808
2012-03-23,0.999874067413287,0.00012593258670569183,0,0.00012593258670569183
2012-03-26,0.9998686411825634,0.00013135881742950103,0,0.00013135881742950103
2012-03-27,0.9998685895033892,0.00013141049660352866,0,0.00013141049660352866
2012-03-28,0.9998727707388639,0.00012722926112877266,0,0.00012722926112877266
2012-03-29,0.9998632532672499,0.00013674673274268546,0,0.00013674673274268546
2012-03-30,0.9998477512128785,0.00015224878711401926,0,0.00015224878711401926
2012-04-02,0.9997982170260278,0.00020178297396465409,0,0.00020178297396465409
2012-04-03,0.9997660032032692,0.0002339967967229926,0,0.0002339967967229926
2012-04-04,0.9997580705621173,0.00024192943787494387,0,0.00024192943787494387
2012-04-05,0.999785386455587,0.00021461354440505928,0,0.00021461354440505928
2012-04-06,0.9998133423759794,0.00018665762401257014,0,0.00018665762401257014
2012-04-09,0.999871173510133,0.00012882648985900106,0,0.00012882648985900106
2012-04-10,0.9998986254966303,0.00010137450336172673,0,0.00010137450336172673
2012-04-11,0.9999056920998538,9.430790013815687e-05,0,9.430790013815687e-05
2012-04-12,0.9999070745362888,9.292546370322338e-05,0,9.292546370322338e-05
2012-04-13,0.9999077875004097,9.221249958232866e-05,0,9.221249958232866e-05
2012-04-16,0.9999080563270002,9.194367299189577e-05,0,9.194367299189577e-05
2012-04-17,0.9999071153466658,9.288465332626139e-05,0,9.288465332626139e-05
2012-04-18,0.9999054835275538,9.45164724382166e-05,0,9.45164724382166e-05
2012-04-19,0.9999028443605068,9.715563948532673e-05,0,9.715563948532673e-05
2012-04-20,0.9998930988234586,0.00010690117653349301,0,0.00010690117653349301
2012-04-23,0.9998967071277037,0.00010329287228839757,0,0.00010329287228839757
2012-04-24,0.9998890553990195,0.00011094460097278109,0,0.00011094460097278109
2012-04-25,0.9998710960203196,0.000128903979672701,0,0.000128903979672701
2012-04-26,0.9998433412610668,0.00015665873892558313,0,0.00015665873892558313
2012-04-27,0.9998012621441128,0.00019873785587951975,0,0.00019873785587951975
2012-04-30,0.999769877142574,0.0002301228574183623,0,0.0002301228574183623
2012-05-01,0.9997573500775513,0.00024264992244105366,0,0.00024264992244105366
2012-05-02,0.9997826716740533,0.00021732832593908852,0,0.00021732832593908852
2012-05-03,0.9997963386323666,0.00020366136762567323,0,0.00020366136762567323
2012-05-04,0.9998004153292845,0.0001995846707077454,0,0.0001995846707077454
2012-05-07,0.9997455541376452,0.0002544458623471005,0,0.0002544458623471005
2012-05-08,0.9997238637731933,0.00027613622679919305,0,0.00027613622679919305
2012-05-09,0.9996979342286095,0.00030206577138290234,0,0.00030206577138290234
2012-05-10,0.9996768965338458,0.00032310346614651477,0,0.00032310346614651477
2012-05-11,0.9997097277618963,0.0002902722380960733,0,0.0002902722380960733
2012-05-14,0.9997720031875447,0.00022799681244745917,0,0.00022799681244745917
2012-05-15,0.9998161901755136,0.00018380982447861545,0,0.00018380982447861545
2012-05-16,0.9998380704341242,0.00016192956586815775,0,0.00016192956586815775
2012-05-17,0.9998828462634437,0.0001171537365484996,0,0.0001171537365484996
2012-05-18,0.9998993079314731,0.00010069206851916418,0,0.00010069206851916418
2012-05-21,0.9998984029464103,0.00010159705358195235,0,0.00010159705358195235
2012-05-22,0.9998967495289978,0.00010325047099437278,0,0.00010325047099437278
2012-05-23,0.999900338853918,9.966114607424349e-05,0,9.966114607424349e-05
2012-05-24,0.9998990125237599,0.00010098747623216719,0,0.00010098747623216719
2012-05-25,0.9998980770761661,0.00010192292382607685,0,0.00010192292382607685
2012-05-28,0.9998930730437238,0.00010692695626813946,0,0.00010692695626813946
2012-05-29,0.999876137844589,0.00012386215540285836,0,0.00012386215540285836
2012-05-30,0.9998867840368949,0.00011321596309700385,0,0.00011321596309700385
2012-05-31,0.9998555868433834,0.00014441315660857252,0,0.00014441315660857252
2012-06-01,0.9997203550207949,0.00027964497919705374,0,0.00027964497919705374
2012-06-04,0.9996822437277544,0.0003177562722374647,0,0.0003177562722374647
2012-06-05,0.999674842503512,0.00032515749647995737,0,0.00032515749647995737
2012-06-06,0.9997777107816349,0.00022228921835715514,0,0.00022228921835715514
2012-06-07,0.9998495056932031,0.00015049430678896217,0,0.00015049430678896217
2012-06-08,0.9998318070312426,0.00016819296874951328,0,0.00016819296874951328
2012-06-11,0.9998513871800063,0.0001486128199856543,0,0.0001486128199856543
2012-06-12,0.99982898068976,0.00017101931023209854,0,0.00017101931023209854
2012-06-13,0.9998239785477994,0.00017602145219278246,0,0.00017602145219278246
2012-06-14,0.999840075394559,0.00015992460543311516,0,0.00015992460543311516
2012-06-15,0.9998594013974069,0.0001405986025851044,0,0.0001405986025851044
2012-06-18,0.999877096591667,0.00012290340832497008,0,0.00012290340832497008
2012-06-19,0.9998940120837014,0.00010598791629059836,0,0.00010598791629059836
2012-06-20,0.999893010234783,0.00010698976520897088,0,0.00010698976520897088
2012-06-21,0.9998970891371036,0.00010291086288858479,0,0.00010291086288858479
2012-06-22,0.999897928901888,0.00010207109810414875,0,0.00010207109810414875
2012-06-25,0.9998904831689119,0.00010951683108030531,0,0.00010951683108030531
2012-06-26,0.9998989151083092,0.00010108489168289076,0,0.00010108489168289076
2012-06-27,0.9999032791215304,9.672087846160447e-05,0,9.672087846160447e-05
2012-06-28,0.9998985799219685,0.00010142007802352146,0,0.00010142007802352146
2012-06-29,0.999881377276171,0.00011862272382112923,0,0.00011862272382112923
2012-07-02,0.9998768181359956,0.00012318186399668186,0,0.00012318186399668186
2012-07-03,0.9998649065038436,0.00013509349614857752,0,0.00013509349614857752
2012-07-04,0.9998628784385994,0.00013712156139276583,0,0.00013712156139276583
2012-07-05,0.9998740499761983,0.00012595002379376085,0,0.00012595002379376085
2012-07-06,0.9998829349920959,0.00011706500789612073,0,0.00011706500789612073
2012-07-09,0.9998806111539048,0.00011938884608734656,0,0.00011938884608734656
2012-07-10,0.9998661479382612,0.00013385206173082648,0,0.00013385206173082648
2012-07-11,0.9997997723694133,0.00020022763057862066,0,0.00020022763057862066
2012-07-12,0.999746216176497,0.0002537838234949383,0,0.0002537838234949383
2012-07-13,0.9996371300828298,0.00036286991716189795,0,0.00036286991716189795
2012-07-16,0.9995722598307741,0.0004277401692175739,0,0.0004277401692175739
2012-07-17,0.9994327911198866,0.000567208880105236,0,0.000567208880105236
2012-07-18,0.998978133906238,0.0010218660937537458,0,0.0010218660937537458
2012-07-19,0.9987132289527285,0.0012867710472633158,0,0.0012867710472633158
2012-07-20,0.999365456830217,0.0006345431697747132,0,0.0006345431697747132
2012-07-23,0.9997373697527928,0.0002626302471987656,0,0.0002626302471987656
2012-07-24,0.9998586068799032,0.0001413931200885136,0,0.0001413931200885136
2012-07-25,0.9998910995459762,0.00010890045401538065,0,0.00010890045401538065
2012-07-26,0.9999017996972438,9.820030274771489e-05,0,9.820030274771489e-05
2012-07-27,0.9999063146180932,9.368538189832525e-05,0,9.368538189832525e-05
2012-07-30,0.9999068936686868,9.310633130485201e-05,0,9.310633130485201e-05
2012-07-31,0.9999046891926426,9.531080734884902e-05,0,9.531080734884902e-05
2012-08-01,0.9999008996592419,9.910034074953077e-05,0,9.910034074953077e-05
2012-08-02,0.9998833833669935,0.00011661663299778992,0,0.00011661663299778992
2012-08-03,0.9998987297415369,0.00010127025845421927,0,0.00010127025845421927
2012-08-06,0.9999014562833912,9.854371659995286e-05,0,9.854371659995286e-05
2012-08-07,0.9998919550361673,0.00010804496382377362,0,0.00010804496382377362
2012-08-08,0.9998998605251703,0.00010013947482073222,0,0.00010013947482073222
2012-08-09,0.9999022647109658,9.77352890255481e-05,0,9.77352890255481e-05
2012-08-10,0.999904463006894,9.553699309732359e-05,0,9.553699309732359e-05
2012-08-13,0.9998993328266191,0.00010066717337188867,0,0.00010066717337188867
2012-08-14,0.9999038157549842,9.618424500682382e-05,0,9.618424500682382e-05
2012-08-15,0.9999017570788479,9.824292114317873e-05,0,9.824292114317873e-05
2012-08-16,0.999903643248611,9.63567513801026e-05,0,9.63567513801026e-05
2012-08-17,0.9999032427108122,9.675728917886658e-05,0,9.675728917886658e-05
2012-08-20,0.999898282403158,0.00010171759683317034,0,0.00010171759683317034
2012-08-21,0.9999053777916622,9.462220832882594e-05,0,9.462220832882594e-05
2012-08-22,0.9999059643233379,9.403567665319465e-05,0,9.403567665319465e-05
2012-08-23,0.9999044257018526,9.557429813848841e-05,0,9.557429813848841e-05
2012-08-24,0.999901189093269,9.881090672208341e-05,0,9.881090672208341e-05
2012-08-27,0.999896941394479,0.00010305860551180708,0,0.00010305860551180708
2012-08-28,0.9998941681559604,0.00010583184403044986,0,0.00010583184403044986
2012-08-29,0.9998905811165514,0.0001094188834396383,0,0.0001094188834396383
2012-08-30,0.9998696207640091,0.00013037923598211806,0,0.00013037923598211806
2012-08-31,0.9998067197531152,0.0001932802468759492,0,0.0001932802468759492
2012-09-03,0.9997912696284367,0.00020873037155448658,0,0.00020873037155448658
2012-09-04,0.9998067527540684,0.00019324724592260445,0,0.00019324724592260445
2012-09-05,0.9998720869461603,0.0001279130538306988,0,0.0001279130538306988
2012-09-06,0.9998774023670285,0.00012259763296266457,0,0.00012259763296266457
2012-09-07,0.9998891311199892,0.0001108688800019477,0,0.0001108688800019477
2012-09-10,0.9998634678434373,0.00013653215655386105,0,0.00013653215655386105
2012-09-11,0.9998485104559482,0.00015148954404306688,0,0.00015148954404306688
2012-09-12,0.9998457134085248,0.00015428659146638545,0,0.00015428659146638545
2012-09-13,0.9998441086244962,0.00015589137549492862,0,0.00015589137549492862
2012-09-14,0.9997248080878175,0.0002751919121736205,0,0.0002751919121736205
2012-09-17,0.9997660674550789,0.000233932544912352,0,0.000233932544912352
2012-09-18,0.9997940929003944,0.0002059070995966638,0,0.0002059070995966638
2012-09-19,0.9997923879997027,0.00020761200028846086,0,0.00020761200028846086
2012-09-20,0.9998571469877786,0.00014285301221246568,0,0.00014285301221246568
2012-09-21,0.9998729941515133,0.00012700584847788736,0,0.00012700584847788736
2012-09-24,0.9998915394451847,0.00010846055480651074,0,0.00010846055480651074
2012-09-25,0.9998900644136766,0.0001099355863146144,0,0.0001099355863146144
2012-09-26,0.9999017239186709,9.827608132022228e-05,0,9.827608132022228e-05
2012-09-27,0.9999044182317625,9.558176822863012e-05,0,9.558176822863012e-05
2012-09-28,0.9999000977741686,9.990222582243003e-05,0,9.990222582243003e-05
2012-10-01,0.9998961292547993,0.0001038707451917311,0,0.0001038707451917311
2012-10-02,0.9998835592778025,0.0001164407221886008,0,0.0001164407221886008
2012-10-03,0.9998951996702106,0.00010480032978057724,0,0.00010480032978057724
2012-10-04,0.9999040113792613,9.598862072994317e-05,0,9.598862072994317e-05
2012-10-05,0.9999035492079208,9.645079207029821e-05,0,9.645079207029821e-05
2012-10-08,0.9999013106033867,9.868939660437581e-05,0,9.868939660437581e-05
2012-10-09,0.9999061545682427,9.384543174841844e-05,0,9.384543174841844e-05
2012-10-10,0.9999072602610043,9.273973898698401e-05,0,9.273973898698401e-05
2012-10-11,0.9999071027407914,9.289725919981252e-05,0,9.289725919981252e-05
2012-10-12,0.9999052061055647,9.479389442663329e-05,0,9.479389442663329e-05
2012-10-15,0.9999008929107942,9.910708919713042e-05,0,9.910708919713042e-05
2012-10-16,0.9999017580823939,9.824191759747775e-05,0,9.824191759747775e-05
2012-10-17,0.999889988960066,0.00011001103992536263,0,0.00011001103992536263
2012-10-18,0.999875864255293,0.00012413574469842276,0,0.00012413574469842276
2012-10-19,0.9998607644854366,0.00013923551455477615,0,0.00013923551455477615
2012-10-22,0.9997549212389286,0.0002450787610626003,0,0.0002450787610626003
2012-10-23,0.9994126088479882,0.0005873911520029385,0,0.0005873911520029385
2012-10-24,0.9984003009410614,0.001599699058929734,0,0.001599699058929734
2012-10-25,0.9949322664392417,0.005067733560749452,0,0.005067733560749452
2012-10-26,0.9865938061914671,0.013406193808523995,0,0.013406193808523995
2012-10-29,0.9667580722665108,0.0332419277334802,0,0.0332419277334802
2012-10-30,0.9213473492065996,0.07865265079339116,0,0.07865265079339116
2012-10-31,0.821027571505919,0.1789724284940717,0,0.1789724284940717
2012-11-01,0.7409272533257248,0.2590727466742658,0,0.2590727466742658
2012-11-02,0.6103889528188935,0.38961104718109685,0,0.38961104718109685
2012-11-05,0.36149197549153683,0.6385080245084533,1,0.6385080245084533
2012-11-06,0.11022082577170969,0.8897791742282806,1,0.8897791742282806
2012-11-07,0.004104570336531851,0.9958954296634583,1,0.9958954296634583
2012-11-08,0.00016237073440893013,0.9998376292655815,1,0.9998376292655815
2012-11-09,2.493505671781745e-06,0.9999975064943187,1,0.9999975064943187
2012-11-12,4.047152737670147e-06,0.9999959528472527,1,0.9999959528472527
2012-11-13,6.317718248561442e-06,0.9999936822817419,1,0.9999936822817419
2012-11-14,1.4086387464315545e-06,0.9999985913612441,1,0.9999985913612441
2012-11-15,1.052756845375376e-05,0.9999894724315368,1,0.9999894724315368
2012-11-16,6.890623119368977e-06,0.9999931093768711,1,0.9999931093768711
2012-11-19,3.221430335659737e-05,0.999967785696634,1,0.999967785696634
2012-11-20,4.568226422222155e-05,0.9999543177357683,1,0.9999543177357683
2012-11-21,1.6256450516661023e-05,0.999983743549474,1,0.999983743549474
2012-11-22,1.777747451114991e-05,0.9999822225254794,1,0.9999822225254794
2012-11-23,5.935936130600638e-05,0.9999406406386845,1,0.9999406406386845
2012-11-26,0.0014866622215126278,0.9985133377784778,1,0.9985133377784778
2012-11-27,0.024735514103623082,0.9752644858963674,1,0.9752644858963674
2012-11-28,0.21621871400729697,0.7837812859926936,1,0.7837812859926936
2012-11-29,0.6190077101431892,0.3809922898568015,0,0.3809922898568015
2012-11-30,0.893036587289167,0.10696341271082364,0,0.10696341271082364
2012-12-03,0.9689530997422725,0.031046900257718148,0,0.031046900257718148
2012-12-04,0.9908789085938334,0.009121091406157368,0,0.009121091406157368
2012-12-05,0.9968918580941059,0.0031081419058849175,0,0.0031081419058849175
2012-12-06,0.9990966988247719,0.0009033011752189018,0,0.0009033011752189018
2012-12-07,0.9996801707763739,0.00031982922361699953,0,0.00031982922361699953
2012-12-10,0.9998283388982706,0.00017166110172018963,0,0.00017166110172018963
2012-12-11,0.9998759931474186,0.0001240068525722748,0,0.0001240068525722748
2012-12-12,0.9998836311442072,0.00011636885578359851,0,0.00011636885578359851
2012-12-13,0.9998880656375567,0.00011193436243409958,0,0.00011193436243409958
2012-12-14,0.9998748842323358,0.0001251157676550492,0,0.0001251157676550492
2012-12-17,0.9998724043802588,0.00012759561973218906,0,0.00012759561973218906
2012-12-18,0.9998284986601483,0.0001715013398425376,0,0.0001715013398425376
2012-12-19,0.9998699257630523,0.00013007423693861634,0,0.00013007423693861634
2012-12-20,0.9998945681252888,0.00010543187470230791,0,0.00010543187470230791
2012-12-21,0.9998989370216703,0.00010106297832086868,0,0.00010106297832086868
2012-12-24,0.9998914987894746,0.00010850121051650344,0,0.00010850121051650344
2012-12-25,0.9998510820399538,0.0001489179600373776,0,0.0001489179600373776
2012-12-26,0.9996964197914227,0.00030358020856849046,0,0.00030358020856849046
2012-12-27,0.999256255283968,0.0007437447160230949,0,0.0007437447160230949
2012-12-28,0.9978899802261288,0.002110019773862306,0,0.002110019773862306
2012-12-31,0.9937679811297836,0.006232018870207459,0,0.006232018870207459
2013-01-01,0.9839906110595685,0.016009388940422677,0,0.016009388940422677
2013-01-02,0.960747499035973,0.03925250096401811,0,0.03925250096401811
2013-01-03,0.9411830940961023,0.05881690590388903,0,0.05881690590388903
2013-01-04,0.9282434723948342,0.0717565276051571,0,0.0717565276051571
2013-01-07,0.928190422094252,0.07180957790573943,0,0.07180957790573943
2013-01-08,0.9374089837588252,0.06259101624116606,0,0.06259101624116606
2013-01-09,0.9466913496122756,0.053308650387715886,0,0.053308650387715886
2013-01-10,0.9606256238438295,0.03937437615616174,0,0.03937437615616174
2013-01-11,0.975958501954534,0.024041498045457188,0,0.024041498045457188
2013-01-14,0.9875498400659417,0.012450159934049479,0,0.012450159934049479
2013-01-15,0.9919321381775446,0.00806786182244671,0,0.00806786182244671
2013-01-16,0.9925531657003677,0.00744683429962366,0,0.00744683429962366
2013-01-17,0.990037484757272,0.00996251524271903,0,0.00996251524271903
2013-01-18,0.9812749305405365,0.01872506945945473,0,0.01872506945945473
2013-01-21,0.9607988239516689,0.03920117604832239,0,0.03920117604832239
2013-01-22,0.9130706852095251,0.0869293147904661,0,0.0869293147904661
2013-01-23,0.8242660367843306,0.17573396321566065,0,0.17573396321566065
2013-01-24,0.6436921537794877,0.3563078462205037,0,0.3563078462205037
2013-01-25,0.4374762699588247,0.5625237300411665,1,0.5625237300411665
2013-01-28,0.2236559038087058,0.7763440961912853,1,0.7763440961912853
2013-01-29,0.08596903738538585,0.9140309626146051,1,0.9140309626146051
2013-01-30,0.019519784996362127,0.980480215003629,1,0.980480215003629
2013-01-31,0.0019559641625401885,0.9980440358374509,1,0.9980440358374509
2013-02-01,7.167004153914317e-05,0.9999283299584519,1,0.9999283299584519
2013-02-04,2.8595289369964513e-05,0.9999714047106212,1,0.9999714047106212
2013-02-05,2.231626271529309e-05,0.9999776837372758,1,0.9999776837372758
2013-02-06,7.997017585058337e-05,0.9999200298241405,1,0.9999200298241405
2013-02-07,7.4768666094087e-05,0.9999252313338969,1,0.9999252313338969
2013-02-08,1.7416413780051683e-05,0.9999825835862111,1,0.9999825835862111
2013-02-11,1.173428976787738e-05,0.9999882657102231,1,0.9999882657102231
2013-02-12,5.87816015889588e-06,0.9999941218398322,1,0.9999941218398322
2013-02-13,4.274459606911925e-06,0.999995725540384,1,0.999995725540384
2013-02-14,2.049138299303558e-06,0.9999979508616915,1,0.9999979508616915
2013-02-15,1.0432133932695073e-07,0.9999998956786514,1,0.9999998956786514
2013-02-18,1.1106840598087205e-07,0.9999998889315849,1,0.9999998889315849
2013-02-19,4.17614247582651e-06,0.999995823857515,1,0.999995823857515
2013-02-20,1.9316272963134426e-06,0.9999980683726944,1,0.9999980683726944
2013-02-21,2.2878088668075175e-05,0.9999771219113226,1,0.9999771219113226
2013-02-22,4.405590144167907e-05,0.9999559440985489,1,0.9999559440985489
2013-02-25,0.00013131398508078456,0.99986868601491,1,0.99986868601491
2013-02-26,0.0003210055227032106,0.9996789944772876,1,0.9996789944772876
2013-02-27,0.00024869937483932143,0.9997513006251516,1,0.9997513006251516
2013-02-28,0.00018645466824190177,0.999813545331749,1,0.999813545331749
2013-03-01,0.00040370752238108143,0.9995962924776096,1,0.9995962924776096
2013-03-04,0.0005846685258807677,0.99941533147411,1,0.99941533147411
2013-03-05,0.0008459628485043647,0.9991540371514865,1,0.9991540371514865
2013-03-06,0.0016163254475858074,0.9983836745524051,1,0.9983836745524051
2013-03-07,0.002433171571634852,0.9975668284283558,1,0.9975668284283558
2013-03-08,0.0055042156504438635,0.9944957843495467,1,0.9944957843495467
2013-03-11,0.012017135430521452,0.9879828645694689,1,0.9879828645694689
2013-03-12,0.029307821660067925,0.9706921783399223,1,0.9706921783399223
2013-03-13,0.08989422896998783,0.9101057710300023,1,0.9101057710300023
2013-03-14,0.1999254234739331,0.8000745765260571,1,0.8000745765260571
2013-03-15,0.4724700852461511,0.5275299147538391,1,0.5275299147538391
2013-03-18,0.8532622936737848,0.1467377063262051,0,0.1467377063262051
2013-03-19,0.9546252446973202,0.04537475530266957,0,0.04537475530266957
2013-03-20,0.987490611556927,0.012509388443062867,0,0.012509388443062867
2013-03-21,0.9963882159468539,0.003611784053136028,0,0.003611784053136028
2013-03-22,0.9988071196433107,0.0011928803566791677,0,0.0011928803566791677
2013-03-25,0.9995781129521368,0.00042188704785305905,0,0.00042188704785305905
2013-03-26,0.9997843709075944,0.00021562909239544633,0,0.00021562909239544633
2013-03-27,0.9998654557534301,0.00013454424655990596,0,0.00013454424655990596
2013-03-28,0.9998813816513562,0.00011861834863381588,0,0.00011861834863381588
2013-03-29,0.9998455440359537,0.00015445596403637973,0,0.00015445596403637973
2013-04-01,0.9996855314013148,0.00031446859867532805,0,0.00031446859867532805
2013-04-02,0.9992510026434696,0.0007489973565205914,0,0.0007489973565205914
2013-04-03,0.9977133153156711,0.002286684684319038,0,0.002286684684319038
2013-04-04,0.9924223033284594,0.0075776966715306255,0,0.0075776966715306255
2013-04-05,0.9783487988670772,0.021651201132913002,0,0.021651201132913002
2013-04-08,0.9261134930495145,0.07388650695047569,0,0.07388650695047569
2013-04-09,0.7502296369320031,0.249770363067987,0,0.249770363067987
2013-04-10,0.4178700884506214,0.5821299115493688,1,0.5821299115493688
2013-04-11,0.17718066950954378,0.8228193304904461,1,0.8228193304904461
2013-04-12,0.009472601545978902,0.9905273984540108,1,0.9905273984540108
2013-04-15,3.5953907789292366e-13,0.9999999999996303,1,0.9999999999996303
2013-04-16,5.826482514158022e-13,0.999999999999407,1,0.999999999999407
2013-04-17,1.2625153107856457e-08,0.9999999873748368,1,0.9999999873748368
2013-04-18,2.0343031472458195e-08,0.9999999796569584,1,0.9999999796569584
2013-04-19,2.3396318455242874e-06,0.9999976603681444,1,0.9999976603681444
2013-04-22,0.00012479789678593127,0.999875202103204,1,0.999875202103204
2013-04-23,0.00019955957953267812,0.9998004404204573,1,0.9998004404204573
2013-04-24,0.0001357717076371048,0.999864228292353,1,0.999864228292353
2013-04-25,0.0004487582038416575,0.9995512417961484,1,0.9995512417961484
2013-04-26,0.00232707753904903,0.9976729224609411,1,0.9976729224609411
2013-04-29,0.004906138146860457,0.9950938618531296,1,0.9950938618531296
2013-04-30,0.010890384168333073,0.9891096158316569,1,0.9891096158316569
2013-05-01,0.01339583282987424,0.9866041671701157,1,0.9866041671701157
2013-05-02,0.011185517802515248,0.9888144821974748,1,0.9888144821974748
2013-05-03,2.0627751438545374e-05,0.9999793722485516,1,0.9999793722485516
2013-05-06,8.924975028851322e-07,0.9999991075024874,1,0.9999991075024874
2013-05-07,8.31859680822575e-08,0.9999999168140221,1,0.9999999168140221
2013-05-08,3.3379951380587334e-08,0.9999999666200388,1,0.9999999666200388
2013-05-09,1.3814026206790876e-07,0.9999998618597278,1,0.9999998618597278
2013-05-10,1.2829473909712613e-10,0.999999999871695,1,0.999999999871695
2013-05-13,6.656502240694759e-11,0.9999999999334247,1,0.9999999999334247
2013-05-14,5.991588316955158e-09,0.9999999940084014,1,0.9999999940084014
2013-05-15,2.2098742061309874e-10,0.9999999997790021,1,0.9999999997790021
2013-05-16,3.981999199499132e-12,0.9999999999960077,1,0.9999999999960077
2013-05-17,2.0910329176036167e-15,0.9999999999999878,1,0.9999999999999878
2013-05-20,2.0607097768608257e-14,0.9999999999999691,1,0.9999999999999691
2013-05-21,6.233423660507068e-14,0.9999999999999273,1,0.9999999999999273
2013-05-22,3.2427795326096746e-16,0.9999999999999892,1,0.9999999999999892
2013-05-23,1.8290751585812403e-10,0.9999999998170823,1,0.9999999998170823
2013-05-24,1.9293121807709188e-10,0.9999999998070584,1,0.9999999998070584
2013-05-27,2.908984487705813e-10,0.9999999997090911,1,0.9999999997090911
2013-05-28,2.152582637540217e-11,0.9999999999784638,1,0.9999999999784638
2013-05-29,1.4501407471961842e-09,0.9999999985498488,1,0.9999999985498488
2013-05-30,1.2861643661030028e-08,0.9999999871383458,1,0.9999999871383458
2013-05-31,3.4945873922138e-09,0.9999999965054021,1,0.9999999965054021
2013-06-03,7.2381476036397245e-09,0.9999999927618416,1,0.9999999927618416
2013-06-04,6.18784251884152e-11,0.9999999999381107,1,0.9999999999381107
2013-06-05,1.0595738022208296e-10,0.9999999998940319,1,0.9999999998940319
2013-06-06,5.934612410612113e-08,0.999999940653865,1,0.999999940653865
2013-06-07,1.4261851939273983e-08,0.9999999857381371,1,0.9999999857381371
2013-06-10,1.3476126157253802e-07,0.9999998652387274,1,0.9999998652387274
2013-06-11,5.879586114262194e-07,0.9999994120413777,1,0.9999994120413777
2013-06-12,7.408408805434738e-07,0.9999992591591086,1,0.9999992591591086
2013-06-13,1.176587610634156e-06,0.9999988234123787,1,0.9999988234123787
2013-06-14,1.4892293739384242e-06,0.9999985107706152,1,0.9999985107706152
2013-06-17,1.111839177443384e-06,0.9999988881608117,1,0.9999988881608117
2013-06-18,1.784773354351686e-06,0.9999982152266348,1,0.9999982152266348
2013-06-19,7.061189505236365e-06,0.999992938810484,1,0.999992938810484
2013-06-20,1.1037217477374697e-08,0.9999999889627716,1,0.9999999889627716
2013-06-21,3.3806423906725687e-09,0.9999999966193469,1,0.9999999966193469
2013-06-24,3.9592608473806934e-08,0.9999999604073808,1,0.9999999604073808
2013-06-25,2.127848754304919e-09,0.9999999978721403,1,0.9999999978721403
2013-06-26,1.0624645592775267e-11,0.9999999999893645,1,0.9999999999893645
2013-06-27,2.5120196487704385e-13,0.9999999999997379,1,0.9999999999997379
2013-06-28,6.5406791182449445e-12,0.9999999999934484,1,0.9999999999934484
2013-07-01,2.14409972800544e-12,0.9999999999978448,1,0.9999999999978448
2013-07-02,1.180081834687657e-12,0.9999999999988088,1,0.9999999999988088
2013-07-03,1.1588303231354194e-12,0.99999999999883,1,0.99999999999883
2013-07-04,2.3434473769722395e-12,0.9999999999976456,1,0.9999999999976456
2013-07-05,3.10878991521855e-12,0.9999999999968802,1,0.9999999999968802
2013-07-08,2.612879496894395e-11,0.99999999997386,1,0.99999999997386
2013-07-09,1.6713096781073464e-09,0.9999999983286791,1,0.9999999983286791
2013-07-10,7.052326826675678e-10,0.9999999992947562,1,0.9999999992947562
2013-07-11,9.362708865241643e-10,0.9999999990637181,1,0.9999999990637181
2013-07-12,1.9006647438408646e-09,0.9999999980993243,1,0.9999999980993243
2013-07-15,8.632938729292005e-09,0.9999999913670503,1,0.9999999913670503
2013-07-16,3.916172072174728e-09,0.9999999960838171,1,0.9999999960838171
2013-07-17,1.875653768803543e-08,0.9999999812434514,1,0.9999999812434514
2013-07-18,4.4878521667533534e-08,0.9999999551214674,1,0.9999999551214674
2013-07-19,9.889654157637642e-08,0.9999999011034474,1,0.9999999011034474
2013-07-22,1.4582004973553005e-06,0.9999985417994917,1,0.9999985417994917
2013-07-23,1.0484736260869755e-06,0.9999989515263631,1,0.9999989515263631
2013-07-24,5.34946732570979e-07,0.9999994650532567,1,0.9999994650532567
2013-07-25,1.1132134668004145e-06,0.9999988867865223,1,0.9999988867865223
2013-07-26,1.047515130581016e-05,0.9999895248486833,1,0.9999895248486833
2013-07-29,1.9277903998654446e-05,0.9999807220959905,1,0.9999807220959905
2013-07-30,8.472485735923615e-05,0.99991527514263,1,0.99991527514263
2013-07-31,5.724662933964471e-06,0.9999942753370553,1,0.9999942753370553
2013-08-01,7.712087396512034e-07,0.9999992287912495,1,0.9999992287912495
2013-08-02,6.527941763885964e-07,0.9999993472058128,1,0.9999993472058128
2013-08-05,3.8176683250646075e-07,0.9999996182331566,1,0.9999996182331566
2013-08-06,5.195621672259169e-08,0.9999999480437723,1,0.9999999480437723
2013-08-07,6.592600594946202e-08,0.9999999340739831,1,0.9999999340739831
2013-08-08,2.077785480677512e-08,0.9999999792221342,1,0.9999999792221342
2013-08-09,6.505602110415252e-09,0.999999993494387,1,0.999999993494387
2013-08-12,8.14606830481263e-08,0.9999999185393061,1,0.9999999185393061
2013-08-13,1.568878056997597e-08,0.9999999843112086,1,0.9999999843112086
2013-08-14,2.897355236304531e-08,0.9999999710264369,1,0.9999999710264369
2013-08-15,4.703815814388122e-07,0.9999995296184079,1,0.9999995296184079
2013-08-16,4.978957661899556e-07,0.9999995021042231,1,0.9999995021042231
2013-08-19,9.026678460318367e-07,0.9999990973321433,1,0.9999990973321433
2013-08-20,1.5546070295597332e-06,0.9999984453929599,1,0.9999984453929599
2013-08-21,3.2906448919131237e-06,0.9999967093550975,1,0.9999967093550975
2013-08-22,1.9753936582268653e-06,0.9999980246063312,1,0.9999980246063312
2013-08-23,7.525356886456023e-06,0.9999924746431031,1,0.9999924746431031
2013-08-26,2.4444594003009752e-05,0.9999755554059867,1,0.9999755554059867
2013-08-27,0.0001564823376764966,0.9998435176623133,1,0.9998435176623133
2013-08-28,0.0004435554461607171,0.999556444553829,1,0.999556444553829
2013-08-29,0.0009182954250493793,0.9990817045749404,1,0.9990817045749404
2013-08-30,0.0009523030764577767,0.9990476969235319,1,0.9990476969235319
2013-09-02,0.000810646707988868,0.999189353292001,1,0.999189353292001
2013-09-03,0.0004707488022679655,0.9995292511977218,1,0.9995292511977218
2013-09-04,0.00031171007581332836,0.9996882899241767,1,0.9996882899241767
2013-09-05,0.0001214567010619368,0.9998785432989282,1,0.9998785432989282
2013-09-06,0.00010082001385031434,0.9998991799861396,1,0.9998991799861396
2013-09-09,6.106208057798469e-05,0.9999389379194121,1,0.9999389379194121
2013-09-10,2.1584726202783595e-05,0.9999784152737874,1,0.9999784152737874
2013-09-11,2.035081010775368e-05,0.9999796491898825,1,0.9999796491898825
2013-09-12,7.68806489401362e-06,0.9999923119350963,1,0.9999923119350963
2013-09-13,1.7812498610958008e-06,0.9999982187501293,1,0.9999982187501293
2013-09-16,2.0730549563894714e-06,0.9999979269450341,1,0.9999979269450341
2013-09-17,1.1195314895312741e-06,0.9999988804685009,1,0.9999988804685009
2013-09-18,1.6056398660103876e-07,0.9999998394360038,1,0.9999998394360038
2013-09-19,2.9565277442561604e-06,0.9999970434722463,1,0.9999970434722463
2013-09-20,3.7634321730589596e-07,0.9999996236567732,1,0.9999996236567732
2013-09-23,5.02924109034121e-07,0.9999994970758816,1,0.9999994970758816
2013-09-24,9.378539568522404e-07,0.9999990621460336,1,0.9999990621460336
2013-09-25,2.9083950564080164e-06,0.9999970916049342,1,0.9999970916049342
2013-09-26,5.979853221721591e-07,0.9999994020146683,1,0.9999994020146683
2013-09-27,1.0649309033878207e-06,0.9999989350690871,1,0.9999989350690871
2013-09-30,5.286988508660701e-07,0.9999994713011398,1,0.9999994713011398
2013-10-01,9.718118748527111e-08,0.999999902818803,1,0.999999902818803
2013-10-02,5.724103586662439e-07,0.9999994275896319,1,0.9999994275896319
2013-10-03,2.26072776864965e-06,0.9999977392722218,1,0.9999977392722218
2013-10-04,5.239266793168065e-07,0.9999994760733111,1,0.9999994760733111
2013-10-07,2.0857686462663554e-06,0.9999979142313442,1,0.9999979142313442
2013-10-08,2.73756253799164e-06,0.9999972624374525,1,0.9999972624374525
2013-10-09,4.785557961507893e-06,0.999995214442029,1,0.999995214442029
2013-10-10,1.3749112439043567e-06,0.9999986250887467,1,0.9999986250887467
2013-10-11,6.06526362143168e-08,0.9999999393473543,1,0.9999999393473543
2013-10-14,4.374691901261217e-08,0.9999999562530718,1,0.9999999562530718
2013-10-15,3.2634692063113406e-08,0.9999999673652986,1,0.9999999673652986
2013-10-16,9.984476218877027e-08,0.9999999001552284,1,0.9999999001552284
2013-10-17,3.783525481574262e-06,0.9999962164745093,1,0.9999962164745093
2013-10-18,2.0459950550340583e-06,0.999997954004936,1,0.999997954004936
2013-10-21,2.242635504032726e-06,0.9999977573644868,1,0.9999977573644868
2013-10-22,6.649767789708756e-06,0.999993350232201,1,0.999993350232201
2013-10-23,2.3774630876981704e-05,0.9999762253691138,1,0.9999762253691138
2013-10-24,7.189687332770398e-05,0.9999281031266632,1,0.9999281031266632
2013-10-25,8.686815435255955e-05,0.9999131318456383,1,0.9999131318456383
2013-10-28,8.693865225090844e-05,0.99991306134774,1,0.99991306134774
2013-10-29,4.330026295188467e-05,0.9999566997370392,1,0.9999566997370392
2013-10-30,1.569672453865151e-05,0.9999843032754523,1,0.9999843032754523
2013-10-31,5.308888989144776e-06,0.9999946911110017,1,0.9999946911110017
2013-11-01,2.5927486852078573e-06,0.9999974072513058,1,0.9999974072513058
2013-11-04,1.0704962472716856e-05,0.9999892950375182,1,0.9999892950375182
2013-11-05,6.7583245252257445e-06,0.9999932416754658,1,0.9999932416754658
2013-11-06,1.9798999916369796e-05,0.9999802010000748,1,0.9999802010000748
2013-11-07,7.768524334274515e-06,0.9999922314756566,1,0.9999922314756566
2013-11-08,1.0399598082453733e-06,0.9999989600401825,1,0.9999989600401825
2013-11-11,5.683868746983585e-07,0.9999994316131161,1,0.9999994316131161
2013-11-12,6.107432105682787e-07,0.9999993892567804,1,0.9999993892567804
2013-11-13,6.011151406388767e-06,0.9999939888485846,1,0.9999939888485846
2013-11-14,2.411873337771341e-05,0.9999758812666134,1,0.9999758812666134
2013-11-15,2.0211441370857804e-05,0.9999797885586201,1,0.9999797885586201
2013-11-18,1.2289378860402203e-05,0.9999877106211306,1,0.9999877106211306
2013-11-19,1.0167503810143663e-05,0.999989832496181,1,0.999989832496181
2013-11-20,3.124500773089819e-06,0.999996875499218,1,0.999996875499218
2013-11-21,2.3848870086033524e-07,0.9999997615112903,1,0.9999997615112903
2013-11-22,9.000392970842122e-08,0.9999999099960615,1,0.9999999099960615
2013-11-25,4.593337099313833e-08,0.9999999540666201,1,0.9999999540666201
2013-11-26,8.26380920291615e-08,0.9999999173618989,1,0.9999999173618989
2013-11-27,2.011282206144714e-07,0.9999997988717703,1,0.9999997988717703
2013-11-28,2.2689205366188028e-07,0.9999997731079371,1,0.9999997731079371
2013-11-29,2.8628323598846323e-07,0.9999997137167547,1,0.9999997137167547
2013-12-02,2.983591586587171e-08,0.9999999701640747,1,0.9999999701640747
2013-12-03,6.476130401501552e-08,0.9999999352386865,1,0.9999999352386865
2013-12-04,7.196327659201016e-08,0.9999999280367139,1,0.9999999280367139
2013-12-05,2.6358197305649702e-08,0.9999999736417929,1,0.9999999736417929
2013-12-06,1.6680674546592592e-08,0.9999999833193157,1,0.9999999833193157
2013-12-09,1.1955113477869304e-08,0.9999999880448767,1,0.9999999880448767
2013-12-10,1.771411199962947e-07,0.9999998228588701,1,0.9999998228588701
2013-12-11,4.4594747763712624e-08,0.9999999554052423,1,0.9999999554052423
2013-12-12,1.504091663061336e-09,0.9999999984958985,1,0.9999999984958985
2013-12-13,2.5654112928630693e-09,0.9999999974345789,1,0.9999999974345789
2013-12-16,3.6551513514399417e-09,0.9999999963448389,1,0.9999999963448389
2013-12-17,1.3728886799338102e-09,0.9999999986271015,1,0.9999999986271015
2013-12-18,3.974396982090793e-09,0.9999999960255932,1,0.9999999960255932
2013-12-19,1.0618942557836381e-10,0.9999999998938008,1,0.9999999998938008
2013-12-20,3.859374773965396e-10,0.9999999996140527,1,0.9999999996140527
2013-12-23,2.2880735500563146e-10,0.9999999997711828,1,0.9999999997711828
2013-12-24,4.565162005250777e-11,0.9999999999543387,1,0.9999999999543387
2013-12-25,7.28525753467293e-11,0.9999999999271376,1,0.9999999999271376
2013-12-26,8.642273806396342e-11,0.9999999999135676,1,0.9999999999135676
2013-12-27,7.397417072829537e-11,0.9999999999260163,1,0.9999999999260163
2013-12-30,1.8387637941601681e-10,0.999999999816114,1,0.999999999816114
2013-12-31,1.0572076818153604e-10,0.9999999998942696,1,0.9999999998942696
2014-01-01,1.5582489268598542e-10,0.9999999998441653,1,0.9999999998441653
2014-01-02,3.3205744640811936e-09,0.9999999966794161,1,0.9999999966794161
2014-01-03,3.3080708595855726e-08,0.9999999669192817,1,0.9999999669192817
2014-01-06,3.0483871030632614e-08,0.9999999695161194,1,0.9999999695161194
2014-01-07,1.7724701463773632e-08,0.999999982275289,1,0.999999982275289
2014-01-08,2.6014838755055575e-08,0.9999999739851517,1,0.9999999739851517
2014-01-09,1.4758058231087226e-07,0.999999852419408,1,0.999999852419408
2014-01-10,2.557020517152902e-07,0.9999997442979388,1,0.9999997442979388
2014-01-13,2.7558723368119376e-07,0.9999997244127569,1,0.9999997244127569
2014-01-14,2.8055275313040103e-07,0.9999997194472374,1,0.9999997194472374
2014-01-15,1.0574353176378826e-07,0.9999998942564589,1,0.9999998942564589
2014-01-16,2.232569970088425e-07,0.9999997767429937,1,0.9999997767429937
2014-01-17,8.55112932251229e-07,0.9999991448870583,1,0.9999991448870583
2014-01-20,9.4401209250205e-07,0.9999990559878983,1,0.9999990559878983
2014-01-21,3.7203071677280367e-07,0.999999627969274,1,0.999999627969274
2014-01-22,5.39220146458029e-07,0.9999994607798445,1,0.9999994607798445
2014-01-23,1.0615701533743902e-05,0.9999893842984572,1,0.9999893842984572
2014-01-24,1.96881752660474e-05,0.9999803118247248,1,0.9999803118247248
2014-01-27,2.426478140088468e-05,0.9999757352185898,1,0.9999757352185898
2014-01-28,1.746933785630642e-05,0.9999825306621344,1,0.9999825306621344
2014-01-29,4.3663740593339616e-05,0.9999563362593974,1,0.9999563362593974
2014-01-30,3.840310125642882e-05,0.9999615968987343,1,0.9999615968987343
2014-01-31,7.99083663618814e-05,0.9999200916336288,1,0.9999200916336288
2014-02-03,0.0002770981980960063,0.9997229018018947,1,0.9997229018018947
2014-02-04,0.000330351982962304,0.9996696480170286,1,0.9996696480170286
2014-02-05,0.0006180644000992428,0.9993819355998915,1,0.9993819355998915
2014-02-06,0.0011787192073578613,0.998821280792633,1,0.998821280792633
2014-02-07,0.004166823618915169,0.9958331763810755,1,0.9958331763810755
2014-02-10,0.017097320947233735,0.982902679052757,1,0.982902679052757
2014-02-11,0.049678225624884824,0.9503217743751058,1,0.9503217743751058
2014-02-12,0.09202410373766579,0.9079758962623246,1,0.9079758962623246
2014-02-13,0.18018153417011495,0.8198184658298754,1,0.8198184658298754
2014-02-14,0.3090057903752068,0.6909942096247838,1,0.6909942096247838
2014-02-17,0.4257928328638918,0.5742071671360989,1,0.5742071671360989
2014-02-18,0.5298956107919154,0.47010438920807535,0,0.47010438920807535
2014-02-19,0.6278310889861393,0.3721689110138512,0,0.3721689110138512
2014-02-20,0.7248123764611516,0.2751876235388389,0,0.2751876235388389
2014-02-21,0.81593484559821,0.18406515440178078,0,0.18406515440178078
2014-02-24,0.894733868637025,0.10526613136296584,0,0.10526613136296584
2014-02-25,0.9519757775526214,0.048024222447369334,0,0.048024222447369334
2014-02-26,0.9810710331132614,0.018928966886729508,0,0.018928966886729508
2014-02-27,0.9922363039936,0.007763696006391138,0,0.007763696006391138
2014-02-28,0.9954418793718748,0.004558120628116346,0,0.004558120628116346
2014-03-03,0.996189785699428,0.003810214300563255,0,0.003810214300563255
2014-03-04,0.9949069915739526,0.005093008426038663,0,0.005093008426038663
2014-03-05,0.989860426052106,0.010139573947885085,0,0.010139573947885085
2014-03-06,0.9719899847690466,0.028010015230944683,0,0.028010015230944683
2014-03-07,0.9081610033047716,0.09183899669521961,0,0.09183899669521961
2014-03-10,0.6966501003843422,0.30334989961564907,0,0.30334989961564907
2014-03-11,0.24287473425615796,0.7571252657438332,1,0.7571252657438332
2014-03-12,0.023805507224983067,0.976194492775008,1,0.976194492775008
2014-03-13,0.0006927763180577928,0.9993072236819331,1,0.9993072236819331
2014-03-14,3.473557563878058e-05,0.9999652644243522,1,0.9999652644243522
2014-03-17,3.0873636472040064e-05,0.999969126363519,1,0.999969126363519
2014-03-18,0.000561043137232872,0.9994389568627581,1,0.9994389568627581
2014-03-19,0.007668628275026927,0.992331371724964,1,0.992331371724964
2014-03-20,0.022300592486511006,0.9776994075134798,1,0.9776994075134798
2014-03-21,0.08562774101326118,0.9143722589867295,1,0.9143722589867295
2014-03-24,0.33406673994796765,0.6659332600520231,1,0.6659332600520231
2014-03-25,0.6465622371227162,0.3534377628772744,0,0.3534377628772744
2014-03-26,0.8136741577669002,0.1863258422330907,0,0.1863258422330907
2014-03-27,0.9308892270833043,0.06911077291668674,0,0.06911077291668674
2014-03-28,0.9777398792247955,0.022260120775195392,0,0.022260120775195392
2014-03-31,0.9931544874745293,0.006845512525461753,0,0.006845512525461753
2014-04-01,0.9978963900734701,0.0021036099265208147,0,0.0021036099265208147
2014-04-02,0.9992273144740219,0.0007726855259688854,0,0.0007726855259688854
2014-04-03,0.9996136400033183,0.0003863599966725468,0,0.0003863599966725468
2014-04-04,0.9996731017357587,0.00032689826423212007,0,0.00032689826423212007
2014-04-07,0.9997457158025227,0.0002542841974683088,0,0.0002542841974683088
2014-04-08,0.9997155466383637,0.00028445336162717227,0,0.00028445336162717227
2014-04-09,0.9996141919681387,0.00038580803185212084,0,0.00038580803185212084
2014-04-10,0.9993825156022262,0.000617484397764475,0,0.000617484397764475
2014-04-11,0.999212022959915,0.000787977040075803,0,0.000787977040075803
2014-04-14,0.9990717350365826,0.0009282649634081406,0,0.0009282649634081406
2014-04-15,0.9992209643227098,0.0007790356772809381,0,0.0007790356772809381
2014-04-16,0.9995153641038124,0.00048463589617841183,0,0.00048463589617841183
2014-04-17,0.9997425738465213,0.0002574261534696315,0,0.0002574261534696315
2014-04-18,0.9998207053138355,0.00017929468615522957,0,0.00017929468615522957
2014-04-21,0.9998605826756269,0.00013941732436388495,0,0.00013941732436388495
2014-04-22,0.9998886278582199,0.00011137214177098722,0,0.00011137214177098722
2014-04-23,0.9998947714635896,0.00010522853640112706,0,0.00010522853640112706
2014-04-24,0.9998992975302076,0.00010070246978322129,0,0.00010070246978322129
2014-04-25,0.9998856474522878,0.00011435254770290705,0,0.00011435254770290705
2014-04-28,0.9998486958736368,0.0001513041263538551,0,0.0001513041263538551
2014-04-29,0.9997567011327989,0.00024329886719184484,0,0.00024329886719184484
2014-04-30,0.9996118817129098,0.0003881182870809551,0,0.0003881182870809551
2014-05-01,0.9996542054522909,0.000345794547700146,0,0.000345794547700146
2014-05-02,0.9996656231466793,0.0003343768533118134,0,0.0003343768533118134
2014-05-05,0.999611417407847,0.0003885825921440975,0,0.0003885825921440975
2014-05-06,0.9996573461736966,0.00034265382629451984,0,0.00034265382629451984
2014-05-07,0.9997660926475397,0.00023390735245143156,0,0.00023390735245143156
2014-05-08,0.9998538693250355,0.00014613067495569893,0,0.00014613067495569893
2014-05-09,0.9998893486646268,0.00011065133536434297,0,0.00011065133536434297
2014-05-12,0.9999007776670157,9.922233297562729e-05,0,9.922233297562729e-05
2014-05-13,0.9999061174931482,9.388250684311489e-05,0,9.388250684311489e-05
2014-05-14,0.9999069854485984,9.301455139305502e-05,0,9.301455139305502e-05
2014-05-15,0.9999045444613552,9.545553863608356e-05,0,9.545553863608356e-05
2014-05-16,0.9999030602272796,9.69397727116571e-05,0,9.69397727116571e-05
2014-05-19,0.9998988113457311,0.00010118865426023183,0,0.00010118865426023183
2014-05-20,0.9999045511814918,9.544881849961312e-05,0,9.544881849961312e-05
2014-05-21,0.9999043908059196,9.560919407191479e-05,0,9.560919407191479e-05
2014-05-22,0.9998954760000062,0.0001045239999852707,0,0.0001045239999852707
2014-05-23,0.9998603686907506,0.00013963130924076714,0,0.00013963130924076714
2014-05-26,0.9997759459219584,0.0002240540780330389,0,0.0002240540780330389
2014-05-27,0.9994998265606194,0.0005001734393719286,0,0.0005001734393719286
2014-05-28,0.9993199480977216,0.0006800519022696505,0,0.0006800519022696505
2014-05-29,0.999315262255711,0.0006847377442802192,0,0.0006847377442802192
2014-05-30,0.9991824148502316,0.0008175851497594634,0,0.0008175851497594634
2014-06-02,0.9989599252827905,0.001040074717200651,0,0.001040074717200651
2014-06-03,0.9993006226727825,0.0006993773272086351,0,0.0006993773272086351
2014-06-04,0.9996788778974899,0.00032112210250120877,0,0.00032112210250120877
2014-06-05,0.9998342434652052,0.00016575653478582216,0,0.00016575653478582216
2014-06-06,0.9998875441333175,0.00011245586667363763,0,0.00011245586667363763
2014-06-09,0.9998984689840932,0.00010153101589782425,0,0.00010153101589782425
2014-06-10,0.9998929128422998,0.00010708715769117754,0,0.00010708715769117754
2014-06-11,0.9998647772801035,0.00013522271988741723,0,0.00013522271988741723
2014-06-12,0.9997862137834603,0.00021378621653089162,0,0.00021378621653089162
2014-06-13,0.9997964982071479,0.00020350179284333442,0,0.00020350179284333442
2014-06-16,0.9998256681703005,0.00017433182969074296,0,0.00017433182969074296
2014-06-17,0.9998370709575971,0.00016292904239414887,0,0.00016292904239414887
2014-06-18,0.9997823169531067,0.00021768304688441425,0,0.00021768304688441425
2014-06-19,0.9995871260988525,0.0004128739011386006,0,0.0004128739011386006
2014-06-20,0.9996888644965661,0.00031113550342468305,0,0.00031113550342468305
2014-06-23,0.9997854058454337,0.0002145941545570461,0,0.0002145941545570461
2014-06-24,0.9998195460062164,0.00018045399377455003,0,0.00018045399377455003
2014-06-25,0.9998504257194782,0.00014957428051261195,0,0.00014957428051261195
2014-06-26,0.9998710193147713,0.00012898068521952956,0,0.00012898068521952956
2014-06-27,0.9998687954706765,0.00013120452931410302,0,0.00013120452931410302
2014-06-30,0.9998897826753708,0.00011021732461981558,0,0.00011021732461981558
2014-07-01,0.9998931271820846,0.00010687281790615512,0,0.00010687281790615512
2014-07-02,0.9998965622372996,0.00010343776269094124,0,0.00010343776269094124
2014-07-03,0.9998811635764641,0.00011883642352636167,0,0.00011883642352636167
2014-07-04,0.9998783754537859,0.00012162454620477622,0,0.00012162454620477622
2014-07-07,0.9998839628740231,0.00011603712596742392,0,0.00011603712596742392
2014-07-08,0.9998908986458547,0.00010910135413591948,0,0.00010910135413591948
2014-07-09,0.9999018140505155,9.818594947501067e-05,0,9.818594947501067e-05
2014-07-10,0.9999040026602518,9.599733973881172e-05,0,9.599733973881172e-05
2014-07-11,0.9998967565849445,0.00010324341504614426,0,0.00010324341504614426
2014-07-14,0.9998658466560191,0.0001341533439715886,0,0.0001341533439715886
2014-07-15,0.9998429843512878,0.00015701564870275827,0,0.00015701564870275827
2014-07-16,0.9998796018671108,0.0001203981328797625,0,0.0001203981328797625
2014-07-17,0.999900258129617,9.97418703733837e-05,0,9.97418703733837e-05
2014-07-18,0.9999038958984156,9.610410157486083e-05,0,9.610410157486083e-05
2014-07-21,0.9999034190585417,9.658094144869236e-05,0,9.658094144869236e-05
2014-07-22,0.9998968438722469,0.0001031561277435338,0,0.0001031561277435338
2014-07-23,0.9998706438265094,0.00012935617348117147,0,0.00012935617348117147
2014-07-24,0.999775775372536,0.00022422462745439012,0,0.00022422462745439012
2014-07-25,0.9998381322633986,0.00016186773659170083,0,0.00016186773659170083
2014-07-28,0.9998522988838815,0.00014770111610884693,0,0.00014770111610884693
2014-07-29,0.999848718024048,0.000151281975942523,0,0.000151281975942523
2014-07-30,0.9997977550415301,0.00020224495846014106,0,0.00020224495846014106
2014-07-31,0.9997488458562946,0.00025115414369578375,0,0.00025115414369578375
2014-08-01,0.9997988077793691,0.00020119222062146456,0,0.00020119222062146456
2014-08-04,0.9997655727856644,0.0002344272143264992,0,0.0002344272143264992
2014-08-05,0.9998240422061947,0.00017595779379622468,0,0.00017595779379622468
2014-08-06,0.9998808623441998,0.00011913765579094104,0,0.00011913765579094104
2014-08-07,0.9998950863874693,0.00010491361252161437,0,0.00010491361252161437
2014-08-08,0.9998958957972582,0.00010410420273265718,0,0.00010410420273265718
2014-08-11,0.9998847316507383,0.00011526834925251715,0,0.00011526834925251715
2014-08-12,0.9998380353620302,0.00016196463796050155,0,0.00016196463796050155
2014-08-13,0.9997068408096187,0.00029315919037194036,0,0.00029315919037194036
2014-08-14,0.999611302587867,0.0003886974121236686,0,0.0003886974121236686
2014-08-15,0.9997171060554851,0.00028289394450581524,0,0.00028289394450581524
2014-08-18,0.9997988885409749,0.00020111145901614597,0,0.00020111145901614597
2014-08-19,0.9998218427465333,0.00017815725345784583,0,0.00017815725345784583
2014-08-20,0.9998627807938293,0.00013721920616173482,0,0.00013721920616173482
2014-08-21,0.9998313188747991,0.00016868112519192403,0,0.00016868112519192403
2014-08-22,0.999794171371762,0.00020582862822912147,0,0.00020582862822912147
2014-08-25,0.9997745307499565,0.00022546925003449341,0,0.00022546925003449341
2014-08-26,0.9998476234311956,0.0001523765687955123,0,0.0001523765687955123
2014-08-27,0.9998765316472428,0.00012346835274834622,0,0.00012346835274834622
2014-08-28,0.9998966633967886,0.00010333660320262442,0,0.00010333660320262442
2014-08-29,0.9999038356337003,9.616436629076623e-05,0,9.616436629076623e-05
2014-09-01,0.9999019112086602,9.808879133082936e-05,0,9.808879133082936e-05
2014-09-02,0.9998870465447339,0.00011295345525703196,0,0.00011295345525703196
2014-09-03,0.999890771726338,0.00010922827365298,0,0.00010922827365298
2014-09-04,0.9998633921207917,0.000136607879199294,0,0.000136607879199294
2014-09-05,0.999818991953134,0.00018100804685720906,0,0.00018100804685720906
2014-09-08,0.9997618937963475,0.00023810620364359507,0,0.00023810620364359507
2014-09-09,0.9998131606433882,0.00018683935660269098,0,0.00018683935660269098
2014-09-10,0.9997875719388669,0.00021242806112383542,0,0.00021242806112383542
2014-09-11,0.9997267870437178,0.000273212956273039,0,0.000273212956273039
2014-09-12,0.999554565386481,0.0004454346135097189,0,0.0004454346135097189
2014-09-15,0.9993959046615487,0.0006040953384421613,0,0.0006040953384421613
2014-09-16,0.9988657175447392,0.001134282455251539,0,0.001134282455251539
2014-09-17,0.9988802809089741,0.00111971909101681,0,0.00111971909101681
2014-09-18,0.9991376345278175,0.0008623654721734,0,0.0008623654721734
2014-09-19,0.999280867476022,0.0007191325239688847,0,0.0007191325239688847
2014-09-22,0.9996253277629628,0.00037467223702812233,0,0.00037467223702812233
2014-09-23,0.9997564116916097,0.0002435883083814134,0,0.0002435883083814134
2014-09-24,0.9997551801497243,0.00024481985026655537,0,0.00024481985026655537
2014-09-25,0.999777561307298,0.000222438692692982,0,0.000222438692692982
2014-09-26,0.9998060313356631,0.00019396866432772752,0,0.00019396866432772752
2014-09-29,0.9998038741210019,0.0001961258789889398,0,0.0001961258789889398
2014-09-30,0.9998406471530583,0.00015935284693258488,0,0.00015935284693258488
2014-10-01,0.9998349660555945,0.00016503394439633146,0,0.00016503394439633146
2014-10-02,0.9998462272845566,0.00015377271543432118,0,0.00015377271543432118
2014-10-03,0.9997776101609887,0.00022238983900214863,0,0.00022238983900214863
2014-10-06,0.9997637194165646,0.00023628058342629364,0,0.00023628058342629364
2014-10-07,0.9997930408157791,0.00020695918421188077,0,0.00020695918421188077
2014-10-08,0.9998396958688661,0.00016030413112485842,0,0.00016030413112485842
2014-10-09,0.9998703167716502,0.0001296832283407453,0,0.0001296832283407453
2014-10-10,0.9998708064994294,0.00012919350056153856,0,0.00012919350056153856
2014-10-13,0.9998744935654599,0.000125506434530869,0,0.000125506434530869
2014-10-14,0.9998473381337747,0.00015266186621603608,0,0.00015266186621603608
2014-10-15,0.9998670208468154,0.00013297915317517228,0,0.00013297915317517228
2014-10-16,0.9998500519334154,0.00014994806657518122,0,0.00014994806657518122
2014-10-17,0.9998209244367567,0.00017907556323384032,0,0.00017907556323384032
2014-10-20,0.9996534968316277,0.00034650316836310217,0,0.00034650316836310217
2014-10-21,0.9991682589155894,0.0008317410844014667,0,0.0008317410844014667
2014-10-22,0.9973881662077173,0.002611833792273439,0,0.002611833792273439
2014-10-23,0.9908447425629939,0.009155257436996992,0,0.009155257436996992
2014-10-24,0.9707456260139833,0.02925437398600756,0,0.02925437398600756
2014-10-27,0.9061161102155667,0.09388388978442432,0,0.09388388978442432
2014-10-28,0.7526471423606513,0.24735285763933978,0,0.24735285763933978
2014-10-29,0.5134233273324971,0.4865766726674944,0,0.4865766726674944
2014-10-30,0.22943214524446978,0.770567854755521,1,0.770567854755521
2014-10-31,0.03288930468901301,0.9671106953109776,1,0.9671106953109776
2014-11-03,0.0029931049525016335,0.9970068950474892,1,0.9970068950474892
2014-11-04,0.0007229222357796148,0.9992770777642112,1,0.9992770777642112
2014-11-05,6.124904947307289e-05,0.9999387509505175,1,0.9999387509505175
2014-11-06,1.4129331086498037e-05,0.9999858706689042,1,0.9999858706689042
2014-11-07,8.539454194839267e-05,0.9999146054580426,1,0.9999146054580426
2014-11-10,0.0002630276133372776,0.9997369723866536,1,0.9997369723866536
2014-11-11,0.0011335290622150596,0.9988664709377759,1,0.9988664709377759
2014-11-12,0.006342546894337107,0.9936574531056538,1,0.9936574531056538
2014-11-13,0.04030908182232593,0.9596909181776649,1,0.9596909181776649
2014-11-14,0.11329092743929144,0.8867090725606995,1,0.8867090725606995
2014-11-17,0.2588007807244528,0.7411992192755382,1,0.7411992192755382
2014-11-18,0.5273974544835709,0.4726025455164201,0,0.4726025455164201
2014-11-19,0.6555236823431607,0.3444763176568305,0,0.3444763176568305
2014-11-20,0.7829757749752297,0.21702422502476165,0,0.21702422502476165
2014-11-21,0.8847707888337514,0.11522921116624003,0,0.11522921116624003
2014-11-24,0.9539989520058834,0.04600104799410788,0,0.04600104799410788
2014-11-25,0.9862482123076072,0.013751787692383973,0,0.013751787692383973
2014-11-26,0.9958306559566876,0.004169344043303454,0,0.004169344043303454
2014-11-27,0.9986982376883212,0.0013017623116701243,0,0.0013017623116701243
2014-11-28,0.9995664826350741,0.00043351736491716156,0,0.00043351736491716156
2014-12-01,0.9997871871501731,0.0002128128498181948,0,0.0002128128498181948
2014-12-02,0.9998651214886884,0.00013487851130306912,0,0.00013487851130306912
2014-12-03,0.9998664945387187,0.00013350546127271871,0,0.00013350546127271871
2014-12-04,0.999893687496512,0.00010631250347927987,0,0.00010631250347927987
2014-12-05,0.9998954413952672,0.00010455860472406131,0,0.00010455860472406131
2014-12-08,0.9998905415897039,0.00010945841028722913,0,0.00010945841028722913
2014-12-09,0.9998495733077767,0.00015042669221448677,0,0.00015042669221448677
2014-12-10,0.9998080005429054,0.00019199945708569708,0,0.00019199945708569708
2014-12-11,0.9998596606366774,0.0001403393633136381,0,0.0001403393633136381
2014-12-12,0.9998837481707923,0.00011625182919869558,0,0.00011625182919869558
2014-12-15,0.9998849447607433,0.00011505523924790861,0,0.00011505523924790861
2014-12-16,0.9998944580041225,0.00010554199586859872,0,0.00010554199586859872
2014-12-17,0.9998992658035758,0.00010073419641509834,0,0.00010073419641509834
2014-12-18,0.9998934065260561,0.00010659347393483567,0,0.00010659347393483567
2014-12-19,0.9998935373223051,0.00010646267768565012,0,0.00010646267768565012
2014-12-22,0.9998645235456181,0.0001354764543726299,0,0.0001354764543726299
2014-12-23,0.9998321921209596,0.0001678078790309584,0,0.0001678078790309584
2014-12-24,0.9997715997103817,0.00022840028960900694,0,0.00022840028960900694
2014-12-25,0.9995222606404268,0.00047773935956395156,0,0.00047773935956395156
2014-12-26,0.9986766341817642,0.001323365818226604,0,0.001323365818226604
2014-12-29,0.9970714743858495,0.002928525614141428,0,0.002928525614141428
2014-12-30,0.9914886827644183,0.008511317235572588,0,0.008511317235572588
2014-12-31,0.9749089451689223,0.02509105483106847,0,0.02509105483106847
2015-01-01,0.9204905624340729,0.07950943756591801,0,0.07950943756591801
2015-01-02,0.7409825662279578,0.2590174337720333,0,0.2590174337720333
2015-01-05,0.17585154029579797,0.8241484597041934,1,0.8241484597041934
2015-01-06,0.016598660052846166,0.9834013399471454,1,0.9834013399471454
2015-01-07,0.0030973740247326057,0.9969026259752588,1,0.9969026259752588
2015-01-08,0.0009099010872625403,0.999090098912729,1,0.999090098912729
2015-01-09,6.402662067095666e-05,0.9999359733793205,1,0.9999359733793205
2015-01-12,1.4110432896529896e-07,0.9999998588956625,1,0.9999998588956625
2015-01-13,1.1900735812380374e-11,0.9999999999880909,1,0.9999999999880909
2015-01-14,9.715139595638596e-20,0.9999999999999915,1,0.9999999999999915
2015-01-15,8.396830499754125e-19,0.9999999999999915,1,0.9999999999999915
2015-01-16,2.103383337123224e-16,0.9999999999999912,1,0.9999999999999912
2015-01-19,1.5430616375420143e-15,0.9999999999999899,1,0.9999999999999899
2015-01-20,1.6220476121600613e-19,0.9999999999999915,1,0.9999999999999915
2015-01-21,4.077796070125896e-18,0.9999999999999915,1,0.9999999999999915
2015-01-22,9.03158562456763e-19,0.9999999999999915,1,0.9999999999999915
2015-01-23,1.5609892280133558e-20,0.9999999999999915,1,0.9999999999999915
2015-01-26,2.1043050847993964e-15,0.9999999999999895,1,0.9999999999999895
2015-01-27,1.9890206939529466e-19,0.9999999999999916,1,0.9999999999999916
2015-01-28,5.518476396766339e-17,0.9999999999999915,1,0.9999999999999915
2015-01-29,1.9973866614311894e-15,0.9999999999999895,1,0.9999999999999895
2015-01-30,3.964103772018363e-14,0.9999999999999517,1,0.9999999999999517
2015-02-02,4.966155611211255e-14,0.9999999999999416,1,0.9999999999999416
2015-02-03,6.776668775427744e-09,0.9999999932233227,1,0.9999999932233227
2015-02-04,1.3745343372600228e-08,0.999999986254648,1,0.999999986254648
2015-02-05,2.67620474083096e-08,0.9999999732379441,1,0.9999999732379441
2015-02-06,6.476019856336349e-07,0.9999993523980059,1,0.9999993523980059
2015-02-09,3.077636099568056e-07,0.9999996922363816,1,0.9999996922363816
2015-02-10,1.5388552140041692e-07,0.9999998461144705,1,0.9999998461144705
2015-02-11,5.138032584616588e-07,0.9999994861967333,1,0.9999994861967333
2015-02-12,7.586597207971436e-06,0.9999924134027838,1,0.9999924134027838
2015-02-13,7.57107086679233e-06,0.999992428929125,1,0.999992428929125
2015-02-16,5.2564487754953065e-05,0.9999474355122369,1,0.9999474355122369
2015-02-17,0.001309222507681294,0.9986907774923105,1,0.9986907774923105
2015-02-18,0.01590631808968234,0.9840936819103095,1,0.9840936819103095
2015-02-19,0.03997114072949624,0.9600288592704956,1,0.9600288592704956
2015-02-20,0.09478809033342968,0.9052119096665623,1,0.9052119096665623
2015-02-23,0.3343893578135794,0.6656106421864126,1,0.6656106421864126
2015-02-24,0.6969838287507923,0.30301617124919983,0,0.30301617124919983
2015-02-25,0.8405463576343946,0.1594536423655977,0,0.1594536423655977
2015-02-26,0.906299166246158,0.0937008337538344,0,0.0937008337538344
2015-02-27,0.9419637250136434,0.05803627498634905,0,0.05803627498634905
2015-03-02,0.9627662428106385,0.03723375718935384,0,0.03723375718935384
2015-03-03,0.9738842263556844,0.026115773644308043,0,0.026115773644308043
2015-03-04,0.9839380852317792,0.01606191476821322,0,0.01606191476821322
2015-03-05,0.9914020120883026,0.008597987911689819,0,0.008597987911689819
2015-03-06,0.9965266003266031,0.0034733996733892236,0,0.0034733996733892236
2015-03-09,0.9988479648364824,0.0011520351635100849,0,0.0011520351635100849
2015-03-10,0.9994858730029964,0.0005141269969960817,0,0.0005141269969960817
2015-03-11,0.9997469249209977,0.0002530750789947312,0,0.0002530750789947312
2015-03-12,0.9998633254429831,0.0001366745570093385,0,0.0001366745570093385
2015-03-13,0.999893088615764,0.00010691138422821749,0,0.00010691138422821749
2015-03-16,0.9998940820613205,0.00010591793867169945,0,0.00010591793867169945
2015-03-17,0.9998695799579299,0.00013042004206239584,0,0.00013042004206239584
2015-03-18,0.9998038602807098,0.00019613971928238882,0,0.00019613971928238882
2015-03-19,0.9998599652789593,0.00014003472103279478,0,0.00014003472103279478
2015-03-20,0.9998913856721334,0.000108614327858644,0,0.000108614327858644
2015-03-23,0.9998928858691926,0.00010711413079950201,0,0.00010711413079950201
2015-03-24,0.9998961053797204,0.00010389462027150497,0,0.00010389462027150497
2015-03-25,0.999903673128219,9.632687177288341e-05,0,9.632687177288341e-05
2015-03-26,0.9999053995759449,9.460042404693985e-05,0,9.460042404693985e-05
2015-03-27,0.9999037615845583,9.623841543364987e-05,0,9.623841543364987e-05
2015-03-30,0.9999011674642881,9.883253570370041e-05,0,9.883253570370041e-05
2015-03-31,0.999897853197393,0.00010214680259898796,0,0.00010214680259898796
2015-04-01,0.9998750332095392,0.00012496679045285853,0,0.00012496679045285853
2015-04-02,0.9998687754810919,0.00013122451890002689,0,0.00013122451890002689
2015-04-03,0.9998493513678617,0.0001506486321303728,0,0.0001506486321303728
2015-04-06,0.9997866056524185,0.00021339434757345997,0,0.00021339434757345997
2015-04-07,0.9998556982106263,0.00014430178936562793,0,0.00014430178936562793
2015-04-08,0.9998715476451275,0.00012845235486446118,0,0.00012845235486446118
2015-04-09,0.9998842099336238,0.0001157900663683168,0,0.0001157900663683168
2015-04-10,0.9998761086240546,0.00012389137593740864,0,0.00012389137593740864
2015-04-13,0.9998724490023435,0.00012755099764854893,0,0.00012755099764854893
2015-04-14,0.999869597263511,0.00013040273648110912,0,0.00013040273648110912
2015-04-15,0.9998687474072848,0.00013125259270736411,0,0.00013125259270736411
2015-04-16,0.9998946591124126,0.00010534088757960709,0,0.00010534088757960709
2015-04-17,0.9998928212655736,0.00010717873441867858,0,0.00010717873441867858
2015-04-20,0.9998638214401315,0.00013617855986071238,0,0.00013617855986071238
2015-04-21,0.9997879066084989,0.00021209339149343517,0,0.00021209339149343517
2015-04-22,0.9997639746872828,0.00023602531270939771,0,0.00023602531270939771
2015-04-23,0.9997705817060824,0.0002294182939097073,0,0.0002294182939097073
2015-04-24,0.999750061888577,0.0002499381114151953,0,0.0002499381114151953
2015-04-27,0.9994793356634193,0.0005206643365728239,0,0.0005206643365728239
2015-04-28,0.9984380802136651,0.001561919786327096,0,0.001561919786327096
2015-04-29,0.9949005272118671,0.005099472788125259,0,0.005099472788125259
2015-04-30,0.9817476229632583,0.018252377036733835,0,0.018252377036733835
2015-05-01,0.9660002298402491,0.0339997701597433,0,0.0339997701597433
2015-05-04,0.9610915748655379,0.03890842513445438,0,0.03890842513445438
2015-05-05,0.9580486423421771,0.04195135765781519,0,0.04195135765781519
2015-05-06,0.9567165797509873,0.04328342024900489,0,0.04328342024900489
2015-05-07,0.9569837260780721,0.04301627392192022,0,0.04301627392192022
2015-05-08,0.9602535646124036,0.039746435387588486,0,0.039746435387588486
2015-05-11,0.9655295150594697,0.03447048494052251,0,0.03447048494052251
2015-05-12,0.9732677785546624,0.0267322214453301,0,0.0267322214453301
2015-05-13,0.986170076622915,0.01382992337707742,0,0.01382992337707742
2015-05-14,0.9937128200932077,0.006287179906784858,0,0.006287179906784858
2015-05-15,0.997187363115844,0.00281263688414866,0,0.00281263688414866
2015-05-18,0.9988900580790255,0.0011099419209669931,0,0.0011099419209669931
2015-05-19,0.9995516389695452,0.0004483610304471906,0,0.0004483610304471906
2015-05-20,0.9997724330135735,0.00022756698641894507,0,0.00022756698641894507
2015-05-21,0.9998208592746045,0.00017914072538785227,0,0.00017914072538785227
2015-05-22,0.9998641962292464,0.00013580377074598056,0,0.00013580377074598056
2015-05-25,0.9998617487189958,0.0001382512809966578,0,0.0001382512809966578
2015-05-26,0.9998102745549239,0.0001897254450686464,0,0.0001897254450686464
2015-05-27,0.9998488707631978,0.00015112923679462726,0,0.00015112923679462726
2015-05-28,0.9998838256334202,0.00011617436657236052,0,0.00011617436657236052
2015-05-29,0.9999017487454458,9.825125454697708e-05,0,9.825125454697708e-05
2015-06-01,0.9999056011865377,9.439881345485788e-05,0,9.439881345485788e-05
2015-06-02,0.9999072592060588,9.27407939337462e-05,0,9.27407939337462e-05
2015-06-03,0.9999080300847167,9.196991527590228e-05,0,9.196991527590228e-05
2015-06-04,0.9999077581736497,9.224182634279e-05,0,9.224182634279e-05
2015-06-05,0.9999066438779546,9.335612203800449e-05,0,9.335612203800449e-05
2015-06-08,0.9999066145757226,9.338542426980401e-05,0,9.338542426980401e-05
2015-06-09,0.9999024150934239,9.75849065684784e-05,0,9.75849065684784e-05
2015-06-10,0.9998888925577732,0.00011110744221906884,0,0.00011110744221906884
2015-06-11,0.9998481951880533,0.00015180481193898882,0,0.00015180481193898882
2015-06-12,0.9997362240499202,0.0002637759500721861,0,0.0002637759500721861
2015-06-15,0.999332939373633,0.0006670606263595431,0,0.0006670606263595431
2015-06-16,0.9985429811813086,0.0014570188186839624,0,0.0014570188186839624
2015-06-17,0.9973534527946913,0.002646547205301151,0,0.002646547205301151
2015-06-18,0.9951471520431797,0.004852847956812653,0,0.004852847956812653
2015-06-19,0.9939343395738799,0.006065660426112657,0,0.006065660426112657
2015-06-22,0.9955706764368489,0.004429323563143673,0,0.004429323563143673
2015-06-23,0.9981378628015126,0.0018621371984799864,0,0.0018621371984799864
2015-06-24,0.9992537361929553,0.0007462638070374266,0,0.0007462638070374266
2015-06-25,0.9996266829049736,0.00037331709501919126,0,0.00037331709501919126
2015-06-26,0.9997212520406208,0.00027874795937191484,0,0.00027874795937191484
2015-06-29,0.9996746037229192,0.0003253962770733796,0,0.0003253962770733796
2015-06-30,0.9995380188088485,0.0004619811911440579,0,0.0004619811911440579
2015-07-01,0.9991807209863265,0.0008192790136659714,0,0.0008192790136659714
2015-07-02,0.9980293525161594,0.0019706474838328074,0,0.0019706474838328074
2015-07-03,0.9941861516031747,0.0058138483968175735,0,0.0058138483968175735
2015-07-06,0.9815063088599429,0.01849369114004909,0,0.01849369114004909
2015-07-07,0.9742508374477202,0.02574916255227188,0,0.02574916255227188
2015-07-08,0.9768974110011408,0.023102588998851394,0,0.023102588998851394
2015-07-09,0.9857681642154554,0.014231835784536994,0,0.014231835784536994
2015-07-10,0.9909881467562622,0.009011853243730024,0,0.009011853243730024
2015-07-13,0.9946030733827486,0.005396926617243687,0,0.005396926617243687
2015-07-14,0.9964224900501875,0.0035775099498047583,0,0.0035775099498047583
2015-07-15,0.9973967111540246,0.002603288845967657,0,0.002603288845967657
2015-07-16,0.9978353327417447,0.002164667258247591,0,0.002164667258247591
2015-07-17,0.9977090725017751,0.0022909274982172672,0,0.0022909274982172672
2015-07-20,0.996935055357424,0.0030649446425682824,0,0.0030649446425682824
2015-07-21,0.9938937436851442,0.00610625631484814,0,0.00610625631484814
2015-07-22,0.9841809557759337,0.01581904422405871,0,0.01581904422405871
2015-07-23,0.958597250689665,0.04140274931032747,0,0.04140274931032747
2015-07-24,0.9282510853062501,0.07174891469374235,0,0.07174891469374235
2015-07-27,0.8795393501708102,0.12046064982918217,0,0.12046064982918217
2015-07-28,0.8570634894800884,0.14293651051990416,0,0.14293651051990416
2015-07-29,0.8199100060076395,0.1800899939923529,0,0.1800899939923529
2015-07-30,0.7438316833756424,0.25616831662434997,0,0.25616831662434997
2015-07-31,0.6245197058962143,0.37548029410377803,0,0.37548029410377803
2015-08-03,0.5165388843525424,0.48346111564745003,0,0.48346111564745003
2015-08-04,0.433552430973954,0.5664475690260385,1,0.5664475690260385
2015-08-05,0.34154855124262135,0.6584514487573713,1,0.6584514487573713
2015-08-06,0.23936087037095452,0.760639129629038,1,0.760639129629038
2015-08-07,0.15547142814595138,0.8445285718540412,1,0.8445285718540412
2015-08-10,0.10628335043252325,0.8937166495674693,1,0.8937166495674693
2015-08-11,0.028006401870979324,0.9719935981290134,1,0.9719935981290134
2015-08-12,0.006517007855966231,0.9934829921440267,1,0.9934829921440267
2015-08-13,0.002512721981464397,0.9974872780185285,1,0.9974872780185285
2015-08-14,0.0009526036972304083,0.9990473963027626,1,0.9990473963027626
2015-08-17,0.0001306791743015515,0.9998693208256917,1,0.9998693208256917
2015-08-18,1.177867460208207e-05,0.999988221325391,1,0.999988221325391
2015-08-19,1.5853670898279265e-06,0.9999984146329033,1,0.9999984146329033
2015-08-20,1.077586279459268e-06,0.9999989224137136,1,0.9999989224137136
2015-08-21,2.850460560326367e-07,0.999999714953937,1,0.999999714953937
2015-08-24,8.733150827868225e-08,0.999999912668485,1,0.999999912668485
2015-08-25,7.5366500141756335e-06,0.9999924633499789,1,0.9999924633499789
2015-08-26,1.5272516370776896e-06,0.9999984727483561,1,0.9999984727483561
2015-08-27,5.5493185550871894e-05,0.9999445068144421,1,0.9999445068144421
2015-08-28,5.7495382959381916e-05,0.9999425046170336,1,0.9999425046170336
2015-08-31,7.673740700396244e-05,0.9999232625929891,1,0.9999232625929891
2015-09-01,0.00022152658375879344,0.999778473416234,1,0.999778473416234
2015-09-02,0.006479752119245117,0.9935202478807478,1,0.9935202478807478
2015-09-03,0.04554951467893205,0.9544504853210609,1,0.9544504853210609
2015-09-04,0.07849389123055678,0.9215061087694362,1,0.9215061087694362
2015-09-07,0.21069778276271106,0.7893022172372818,1,0.7893022172372818
2015-09-08,0.7085961657897861,0.29140383421020677,0,0.29140383421020677
2015-09-09,0.8886218721371987,0.11137812786279441,0,0.11137812786279441
2015-09-10,0.9378757581691979,0.06212424183079515,0,0.06212424183079515
2015-09-11,0.9510194106035528,0.04898058939644026,0,0.04898058939644026
2015-09-14,0.952571449019915,0.04742855098007825,0,0.04742855098007825
2015-09-15,0.947741548068539,0.052258451931454036,0,0.052258451931454036
2015-09-16,0.9261976926370167,0.07380230736297637,0,0.07380230736297637
2015-09-17,0.850737416652678,0.14926258334731501,0,0.14926258334731501
2015-09-18,0.5837708021647067,0.4162291978352862,0,0.4162291978352862
2015-09-21,0.34276004369244223,0.6572399563075508,1,0.6572399563075508
2015-09-22,0.055904487340754636,0.9440955126592381,1,0.9440955126592381
2015-09-23,0.00575951654855345,0.9942404834514393,1,0.9942404834514393
2015-09-24,0.00015903084175794481,0.9998409691582348,1,0.9998409691582348
2015-09-25,8.556616782439118e-06,0.9999914433832103,1,0.9999914433832103
2015-09-28,4.29788707155138e-06,0.9999957021129212,1,0.9999957021129212
2015-09-29,1.9783808905707896e-05,0.999980216191087,1,0.999980216191087
2015-09-30,0.0004409127178029135,0.99955908728219,1,0.99955908728219
2015-10-01,0.0003845071524697612,0.9996154928475233,1,0.9996154928475233
2015-10-02,0.00027825947775719274,0.999721740522236,1,0.999721740522236
2015-10-05,0.00039910593794395544,0.9996008940620493,1,0.9996008940620493
2015-10-06,0.00038173643101447637,0.9996182635689788,1,0.9996182635689788
2015-10-07,0.00046735277725716323,0.9995326472227359,1,0.9995326472227359
2015-10-08,0.0005486184086998346,0.9994513815912932,1,0.9994513815912932
2015-10-09,0.0009393116796803408,0.9990606883203128,1,0.9990606883203128
2015-10-12,0.0008428295738448133,0.9991571704261482,1,0.9991571704261482
2015-10-13,0.0004947334294241394,0.9995052665705688,1,0.9995052665705688
2015-10-14,0.0003231534480761358,0.9996768465519168,1,0.9996768465519168
2015-10-15,0.00019624020920143198,0.9998037597907914,1,0.9998037597907914
2015-10-16,0.00011523367948340863,0.9998847663205096,1,0.9998847663205096
2015-10-19,6.344421434130814e-05,0.9999365557856515,1,0.9999365557856515
2015-10-20,4.5186218294862286e-05,0.9999548137816983,1,0.9999548137816983
2015-10-21,8.24270940206813e-05,0.9999175729059724,1,0.9999175729059724
2015-10-22,0.00014145845906770745,0.9998585415409253,1,0.9998585415409253
2015-10-23,8.096359806763206e-05,0.9999190364019253,1,0.9999190364019253
2015-10-26,6.839187911534747e-05,0.9999316081208774,1,0.9999316081208774
2015-10-27,6.760506800203593e-05,0.9999323949319908,1,0.9999323949319908
2015-10-28,4.796931012024646e-05,0.9999520306898727,1,0.9999520306898727
2015-10-29,0.00017645992787802898,0.9998235400721148,1,0.9998235400721148
2015-10-30,0.0006039148396672475,0.9993960851603255,1,0.9993960851603255
2015-11-02,0.0018051529792315964,0.9981948470207612,1,0.9981948470207612
2015-11-03,0.0040414485884454785,0.9959585514115472,1,0.9959585514115472
2015-11-04,0.004632656880590043,0.9953673431194028,1,0.9953673431194028
2015-11-05,0.0034778621385980774,0.9965221378613947,1,0.9965221378613947
2015-11-06,0.003001795893158032,0.9969982041068348,1,0.9969982041068348
2015-11-09,0.002116206524135968,0.9978837934758568,1,0.9978837934758568
2015-11-10,0.001247453472735643,0.9987525465272573,1,0.9987525465272573
2015-11-11,0.0007401325762360564,0.9992598674237569,1,0.9992598674237569
2015-11-12,0.0002101299427797957,0.9997898700572133,1,0.9997898700572133
2015-11-13,7.746173034551041e-05,0.9999225382696477,1,0.9999225382696477
2015-11-16,4.594286129266185e-06,0.9999954057138638,1,0.9999954057138638
2015-11-17,8.608395327832129e-06,0.9999913916046652,1,0.9999913916046652
2015-11-18,2.331175983905862e-06,0.9999976688240092,1,0.9999976688240092
2015-11-19,8.544186728319748e-07,0.9999991455813201,1,0.9999991455813201
2015-11-20,3.0538003185954284e-07,0.9999996946199611,1,0.9999996946199611
2015-11-23,1.2806504013890675e-07,0.9999998719349528,1,0.9999998719349528
2015-11-24,5.95368913224817e-07,0.9999994046310798,1,0.9999994046310798
2015-11-25,6.500831588702909e-07,0.9999993499168343,1,0.9999993499168343
2015-11-26,8.177606029212684e-07,0.9999991822393901,1,0.9999991822393901
2015-11-27,6.03570547588874e-06,0.999993964294517,1,0.999993964294517
2015-11-30,1.9967604601640455e-06,0.9999980032395328,1,0.9999980032395328
2015-12-01,8.316160650179564e-06,0.9999916838393428,1,0.9999916838393428
2015-12-02,3.81147587222685e-06,0.9999961885241206,1,0.9999961885241206
2015-12-03,7.687657696148791e-06,0.9999923123422967,1,0.9999923123422967
2015-12-04,2.353886774682629e-06,0.9999976461132184,1,0.9999976461132184
2015-12-07,1.2282552247350704e-06,0.9999987717447684,1,0.9999987717447684
2015-12-08,1.7773469549490263e-06,0.9999982226530381,1,0.9999982226530381
2015-12-09,3.4885757157056327e-06,0.9999965114242774,1,0.9999965114242774
2015-12-10,9.33356380262112e-06,0.9999906664361904,1,0.9999906664361904
2015-12-11,5.209876893738837e-05,0.9999479012310558,1,0.9999479012310558
2015-12-14,9.412933511838411e-05,0.9999058706648748,1,0.9999058706648748
2015-12-15,1.78910288391729e-05,0.9999821089711539,1,0.9999821089711539
2015-12-16,6.782984409496198e-06,0.9999932170155836,1,0.9999932170155836
2015-12-17,3.362049031473126e-05,0.9999663795096783,1,0.9999663795096783
2015-12-18,0.00014459799184862761,0.9998554020081445,1,0.9998554020081445
2015-12-21,0.00015915961878474187,0.9998408403812081,1,0.9998408403812081
2015-12-22,0.00012804551259653588,0.9998719544873966,1,0.9998719544873966
2015-12-23,0.00022484979342980957,0.9997751502065633,1,0.9997751502065633
2015-12-24,0.00020046885758390784,0.9997995311424093,1,0.9997995311424093
2015-12-25,0.00021933438508846745,0.9997806656149045,1,0.9997806656149045
2015-12-28,0.0002779862685232199,0.9997220137314696,1,0.9997220137314696
2015-12-29,0.0014221182105955855,0.9985778817893972,1,0.9985778817893972
2015-12-30,0.003006895393333698,0.9969931046066591,1,0.9969931046066591
2015-12-31,0.0031731394582285755,0.9968268605417642,1,0.9968268605417642
2016-01-01,0.0023396566128453737,0.9976603433871476,1,0.9976603433871476
2016-01-04,0.0003493588042739566,0.999650641195719,1,0.999650641195719
2016-01-05,0.00010610201522093148,0.9998938979847721,1,0.9998938979847721
2016-01-06,1.6655590866595637e-05,0.9999833444091264,1,0.9999833444091264
2016-01-07,6.317467870493204e-08,0.9999999368253143,1,0.9999999368253143
2016-01-08,2.678211042031354e-07,0.9999997321788889,1,0.9999997321788889
2016-01-11,1.3389205121923715e-08,0.999999986610788,1,0.999999986610788
2016-01-12,2.662467291895617e-08,0.9999999733753202,1,0.9999999733753202
2016-01-13,2.416900267044718e-08,0.9999999758309907,1,0.9999999758309907
2016-01-14,5.894383958717498e-07,0.9999994105615976,1,0.9999994105615976
2016-01-15,1.0188224427186188e-08,0.999999989811769,1,0.999999989811769
2016-01-18,1.4395474349544825e-08,0.999999985604519,1,0.999999985604519
2016-01-19,2.3125870483369478e-07,0.9999997687412885,1,0.9999997687412885
2016-01-20,1.159202386104759e-08,0.9999999884079694,1,0.9999999884079694
2016-01-21,4.51995206179721e-07,0.9999995480047872,1,0.9999995480047872
2016-01-22,9.106356939612097e-07,0.9999990893642995,1,0.9999990893642995
2016-01-25,3.884123561683125e-07,0.9999996115876372,1,0.9999996115876372
2016-01-26,8.822665397883395e-07,0.9999991177334535,1,0.9999991177334535
2016-01-27,6.465613827614988e-06,0.9999935343861657,1,0.9999935343861657
2016-01-28,4.374482466225077e-06,0.9999956255175272,1,0.9999956255175272
2016-01-29,8.381924702892391e-06,0.9999916180752908,1,0.9999916180752908
2016-02-01,2.303128927377434e-06,0.9999976968710662,1,0.9999976968710662
2016-02-02,2.873119604420829e-06,0.9999971268803891,1,0.9999971268803891
2016-02-03,6.23744836822315e-06,0.9999937625516252,1,0.9999937625516252
2016-02-04,8.847680413476345e-06,0.9999911523195799,1,0.9999911523195799
2016-02-05,3.285576318524852e-06,0.9999967144236749,1,0.9999967144236749
2016-02-08,6.16822791973405e-08,0.999999938317714,1,0.999999938317714
2016-02-09,3.7102650800671855e-09,0.9999999962897284,1,0.9999999962897284
2016-02-10,4.020677682403889e-09,0.9999999959793159,1,0.9999999959793159
2016-02-11,1.832935763699047e-12,0.9999999999981606,1,0.9999999999981606
2016-02-12,1.0716609550953615e-10,0.9999999998928274,1,0.9999999998928274
2016-02-15,2.336960065868185e-10,0.9999999997662974,1,0.9999999997662974
2016-02-16,4.5762731417032616e-08,0.9999999542372621,1,0.9999999542372621
2016-02-17,1.781880800580921e-07,0.9999998218119136,1,0.9999998218119136
2016-02-18,5.794996737807605e-08,0.9999999420500264,1,0.9999999420500264
2016-02-19,7.012109111940925e-08,0.9999999298789026,1,0.9999999298789026
2016-02-22,2.467212870236068e-06,0.9999975327871234,1,0.9999975327871234
2016-02-23,8.638633264357593e-07,0.9999991361366671,1,0.9999991361366671
2016-02-24,2.0161160196277084e-07,0.9999997983883916,1,0.9999997983883916
2016-02-25,6.604061967678267e-08,0.9999999339593738,1,0.9999999339593738
2016-02-26,3.326864072886742e-06,0.9999966731359208,1,0.9999966731359208
2016-02-29,2.4021201625361104e-06,0.999997597879831,1,0.999997597879831
2016-03-01,5.6641684149404724e-06,0.9999943358315787,1,0.9999943358315787
2016-03-02,1.1458897869905596e-05,0.9999885411021239,1,0.9999885411021239
2016-03-03,1.5070625354178756e-05,0.9999849293746395,1,0.9999849293746395
2016-03-04,5.880869627699405e-05,0.9999411913037167,1,0.9999411913037167
2016-03-07,9.198038336928179e-05,0.9999080196166245,1,0.9999080196166245
2016-03-08,2.876338159047242e-05,0.9999712366184033,1,0.9999712366184033
2016-03-09,3.948898912717913e-05,0.9999605110108662,1,0.9999605110108662
2016-03-10,2.239638030391316e-05,0.9999776036196895,1,0.9999776036196895
2016-03-11,0.00011957006465651903,0.9998804299353369,1,0.9998804299353369
2016-03-14,0.00038807584920529087,0.9996119241507881,1,0.9996119241507881
2016-03-15,0.000885048290128978,0.9991149517098645,1,0.9991149517098645
2016-03-16,0.0014818096437325548,0.998518190356261,1,0.998518190356261
2016-03-17,0.0021997232439886004,0.9978002767560049,1,0.9978002767560049
2016-03-18,0.003287076721098134,0.9967129232788953,1,0.9967129232788953
2016-03-21,0.004510755148559998,0.9954892448514334,1,0.9954892448514334
2016-03-22,0.004946224128624375,0.9950537758713691,1,0.9950537758713691
2016-03-23,0.004926767759810556,0.9950732322401827,1,0.9950732322401827
2016-03-24,0.0046729957260734185,0.99532700427392,1,0.99532700427392
2016-03-25,0.004180551393787495,0.9958194486062059,1,0.9958194486062059
2016-03-28,0.0033898595343104802,0.996610140465683,1,0.996610140465683
2016-03-29,0.0016523703042339612,0.9983476296957594,1,0.9983476296957594
2016-03-30,0.0007720086284104262,0.999227991371583,1,0.999227991371583
2016-03-31,0.00032483008326853147,0.9996751699167249,1,0.9996751699167249
2016-04-01,0.00018026939806473443,0.9998197306019285,1,0.9998197306019285
2016-04-04,9.598320443267086e-05,0.9999040167955606,1,0.9999040167955606
2016-04-05,5.132721011901116e-05,0.9999486727898742,1,0.9999486727898742
2016-04-06,5.6911337630557665e-05,0.9999430886623626,1,0.9999430886623626
2016-04-07,4.518403456600819e-06,0.9999954815965365,1,0.9999954815965365
2016-04-08,4.282290709439364e-06,0.9999957177092837,1,0.9999957177092837
2016-04-11,2.6496212343821624e-06,0.9999973503787587,1,0.9999973503787587
2016-04-12,3.542254982832752e-05,0.9999645774501646,1,0.9999645774501646
2016-04-13,0.0003035966858699116,0.999696403314123,1,0.999696403314123
2016-04-14,0.001155822777491321,0.9988441772225016,1,0.9988441772225016
2016-04-15,0.002195714236306802,0.9978042857636861,1,0.9978042857636861
2016-04-18,0.0053342202362327475,0.9946657797637601,1,0.9946657797637601
2016-04-19,0.012107317471719978,0.987892682528273,1,0.987892682528273
2016-04-20,0.020796914991970335,0.9792030850080227,1,0.9792030850080227
2016-04-21,0.02863025499429513,0.971369745005698,1,0.971369745005698
2016-04-22,0.03355105642484029,0.9664489435751529,1,0.9664489435751529
2016-04-25,0.033025949935562494,0.9669740500644306,1,0.9669740500644306
2016-04-26,0.02850385990072431,0.9714961400992688,1,0.9714961400992688
2016-04-27,0.019750862799751617,0.9802491372002414,1,0.9802491372002414
2016-04-28,0.01149147771666954,0.9885085222833235,1,0.9885085222833235
2016-04-29,0.006561968706079896,0.9934380312939133,1,0.9934380312939133
2016-05-02,0.002534716255435439,0.9974652837445578,1,0.9974652837445578
2016-05-03,0.0005298425822730307,0.9994701574177203,1,0.9994701574177203
2016-05-04,0.0001339790905535189,0.9998660209094398,1,0.9998660209094398
2016-05-05,2.9572594527211384e-05,0.9999704274054662,1,0.9999704274054662
2016-05-06,6.9634713567172186e-06,0.9999930365286367,1,0.9999930365286367
2016-05-09,6.441379535798503e-06,0.9999935586204577,1,0.9999935586204577
2016-05-10,4.746649418004412e-06,0.9999952533505756,1,0.9999952533505756
2016-05-11,4.061478973223661e-06,0.9999959385210205,1,0.9999959385210205
2016-05-12,2.0049058552799027e-06,0.9999979950941384,1,0.9999979950941384
2016-05-13,2.2186140735304056e-06,0.9999977813859203,1,0.9999977813859203
2016-05-16,4.2218220742415325e-06,0.9999957781779196,1,0.9999957781779196
2016-05-17,4.178829110988222e-06,0.9999958211708828,1,0.9999958211708828
2016-05-18,3.7621803328680385e-06,0.999996237819661,1,0.999996237819661
2016-05-19,6.906688253928555e-06,0.9999930933117401,1,0.9999930933117401
2016-05-20,7.60945327402948e-06,0.9999923905467201,1,0.9999923905467201
2016-05-23,1.5327878660838747e-05,0.9999846721213334,1,0.9999846721213334
2016-05-24,0.00017222181608382583,0.9998277781839102,1,0.9998277781839102
2016-05-25,0.0007393020951282406,0.9992606979048658,1,0.9992606979048658
2016-05-26,0.0013664383140239572,0.9986335616859701,1,0.9986335616859701
2016-05-27,0.0019460889453874015,0.9980539110546065,1,0.9980539110546065
2016-05-30,0.002045264231444639,0.9979547357685494,1,0.9979547357685494
2016-05-31,0.0016347813693795815,0.9983652186306146,1,0.9983652186306146
2016-06-01,0.0010868095905693822,0.9989131904094247,1,0.9989131904094247
2016-06-02,0.0007489681050905862,0.9992510318949036,1,0.9992510318949036
2016-06-03,0.0004676563722786535,0.9995323436277157,1,0.9995323436277157
2016-06-06,0.0002624084396211249,0.9997375915603731,1,0.9997375915603731
2016-06-07,3.857602170628291e-05,0.9999614239782879,1,0.9999614239782879
2016-06-08,1.3265289802078108e-05,0.9999867347101921,1,0.9999867347101921
2016-06-09,3.024252911041537e-06,0.9999969757470831,1,0.9999969757470831
2016-06-10,1.879796466983704e-06,0.9999981202035272,1,0.9999981202035272
2016-06-13,3.0032197775197987e-06,0.9999969967802166,1,0.9999969967802166
2016-06-14,1.9831957983017798e-06,0.9999980168041959,1,0.9999980168041959
2016-06-15,1.284989505204829e-05,0.9999871501049419,1,0.9999871501049419
2016-06-16,1.5924600123295108e-06,0.9999984075399816,1,0.9999984075399816
2016-06-17,2.7422218255693748e-06,0.9999972577781683,1,0.9999972577781683
2016-06-20,2.6949150693581832e-05,0.9999730508493002,1,0.9999730508493002
2016-06-21,0.0001891995156101124,0.9998108004843836,1,0.9998108004843836
2016-06-22,0.0004054597892897428,0.999594540210704,1,0.999594540210704
2016-06-23,0.0004983295683443107,0.9995016704316494,1,0.9995016704316494
2016-06-24,2.4593457048651116e-05,0.999975406542945,1,0.999975406542945
2016-06-27,1.6385097251668334e-05,0.9999836149027419,1,0.9999836149027419
2016-06-28,8.839088426957485e-05,0.999911609115724,1,0.999911609115724
2016-06-29,0.00013192487189230126,0.9998680751281013,1,0.9998680751281013
2016-06-30,0.0002088368253734401,0.9997911631746201,1,0.9997911631746201
2016-07-01,0.0001935519678940426,0.9998064480320995,1,0.9998064480320995
2016-07-04,0.00014912874542094833,0.9998508712545726,1,0.9998508712545726
2016-07-05,2.6066930338681145e-05,0.9999739330696549,1,0.9999739330696549
2016-07-06,4.085707119725301e-06,0.9999959142928737,1,0.9999959142928737
2016-07-07,1.8386279747549572e-06,0.9999981613720187,1,0.9999981613720187
2016-07-08,9.008496013205096e-06,0.9999909915039803,1,0.9999909915039803
2016-07-11,0.0006140700837138623,0.9993859299162798,1,0.9993859299162798
2016-07-12,0.015307972500479584,0.984692027499514,1,0.984692027499514
2016-07-13,0.038357807505353655,0.9616421924946401,1,0.9616421924946401
2016-07-14,0.06549213579730548,0.9345078642026883,1,0.9345078642026883
2016-07-15,0.08680906587630152,0.9131909341236921,1,0.9131909341236921
2016-07-18,0.10366609748389019,0.8963339025161035,1,0.8963339025161035
2016-07-19,0.11635683867475785,0.8836431613252357,1,0.8836431613252357
2016-07-20,0.12169330380437933,0.8783066961956141,1,0.8783066961956141
2016-07-21,0.11998552884447423,0.8800144711555192,1,0.8800144711555192
2016-07-22,0.11247691506265367,0.8875230849373396,1,0.8875230849373396
2016-07-25,0.09871988704019713,0.9012801129597962,1,0.9012801129597962
2016-07-26,0.0794575678939252,0.9205424321060682,1,0.9205424321060682
2016-07-27,0.04957467009932736,0.9504253299006661,1,0.9504253299006661
2016-07-28,0.03091323678857381,0.9690867632114196,1,0.9690867632114196
2016-07-29,0.015415096818200453,0.9845849031817929,1,0.9845849031817929
2016-08-01,0.005202525943901657,0.9947974740560918,1,0.9947974740560918
2016-08-02,0.0015400474201651753,0.9984599525798282,1,0.9984599525798282
2016-08-03,0.0005097336847766893,0.9994902663152169,1,0.9994902663152169
2016-08-04,0.000140912066943137,0.9998590879330503,1,0.9998590879330503
2016-08-05,0.00012199027751979088,0.9998780097224738,1,0.9998780097224738
2016-08-08,0.0001569896383295803,0.9998430103616639,1,0.9998430103616639
2016-08-09,0.00012172804455934647,0.9998782719554342,1,0.9998782719554342
2016-08-10,0.00017448359167488537,0.9998255164083186,1,0.9998255164083186
2016-08-11,0.0002439524076899977,0.9997560475923036,1,0.9997560475923036
2016-08-12,0.00013810596480959235,0.9998618940351839,1,0.9998618940351839
2016-08-15,0.00012998428665165026,0.999870015713342,1,0.999870015713342
2016-08-16,0.00014302415163627288,0.9998569758483573,1,0.9998569758483573
2016-08-17,0.0001374768696706671,0.9998625231303229,1,0.9998625231303229
2016-08-18,0.00015881782362897967,0.9998411821763646,1,0.9998411821763646
2016-08-19,0.00020214384509705948,0.9997978561548966,1,0.9997978561548966
2016-08-22,0.00012408160482197352,0.9998759183951715,1,0.9998759183951715
2016-08-23,4.7640182931079746e-05,0.9999523598170624,1,0.9999523598170624
2016-08-24,2.6694223980097838e-05,0.9999733057760134,1,0.9999733057760134
2016-08-25,3.147928823452128e-05,0.9999685207117591,1,0.9999685207117591
2016-08-26,3.06854024957581e-05,0.9999693145974978,1,0.9999693145974978
2016-08-29,2.9833144189765417e-05,0.9999701668558039,1,0.9999701668558039
2016-08-30,5.029630116907928e-05,0.9999497036988246,1,0.9999497036988246
2016-08-31,6.710470226975475e-05,0.9999328952977239,1,0.9999328952977239
2016-09-01,5.296800087130826e-05,0.9999470319991224,1,0.9999470319991224
2016-09-02,3.54083203826473e-05,0.999964591679611,1,0.999964591679611
2016-09-05,3.315328041935767e-05,0.9999668467195744,1,0.9999668467195744
2016-09-06,2.424127883859926e-05,0.999975758721155,1,0.999975758721155
2016-09-07,0.00023808374313865978,0.9997619162568548,1,0.9997619162568548
2016-09-08,0.002260337504926392,0.9977396624950671,1,0.9977396624950671
2016-09-09,0.013666809334270006,0.9863331906657237,1,0.9863331906657237
2016-09-12,0.06927196358436215,0.9307280364156315,1,0.9307280364156315
2016-09-13,0.20632883197289317,0.7936711680271006,1,0.7936711680271006
2016-09-14,0.5075604484124596,0.4924395515875343,0,0.4924395515875343
2016-09-15,0.7330467293279055,0.2669532706720883,0,0.2669532706720883
2016-09-16,0.8590276832618575,0.14097231673813646,0,0.14097231673813646
2016-09-19,0.9177684897621687,0.08223151023782516,0,0.08223151023782516
2016-09-20,0.9510514045306715,0.048948595469322335,0,0.048948595469322335
2016-09-21,0.9679393039106068,0.03206069608938711,0,0.03206069608938711
2016-09-22,0.9824394717092012,0.017560528290792715,0,0.017560528290792715
2016-09-23,0.9909677511107513,0.009032248889242728,0,0.009032248889242728
2016-09-26,0.995202954940337,0.004797045059656936,0,0.004797045059656936
2016-09-27,0.9975086172426101,0.002491382757383748,0,0.002491382757383748
2016-09-28,0.9989382151310781,0.0010617848689157237,0,0.0010617848689157237
2016-09-29,0.9995115255276614,0.0004884744723324082,0,0.0004884744723324082
2016-09-30,0.9997768251931426,0.00022317480685113715,0,0.00022317480685113715
2016-10-03,0.9998533163684392,0.00014668363155449953,0,0.00014668363155449953
2016-10-04,0.9998935433765989,0.00010645662339491388,0,0.00010645662339491388
2016-10-05,0.9999031242094296,9.68757905642902e-05,0,9.68757905642902e-05
2016-10-06,0.9999014835808737,9.851641912025051e-05,0,9.851641912025051e-05
2016-10-07,0.9998960103118875,0.00010398968810652694,0,0.00010398968810652694
2016-10-10,0.9998914274454034,0.00010857255459055661,0,0.00010857255459055661
2016-10-11,0.9998816417736226,0.00011835822637134288,0,0.00011835822637134288
2016-10-12,0.9998855249632885,0.00011447503670541229,0,0.00011447503670541229
2016-10-13,0.9998977610436425,0.00010223895635154634,0,0.00010223895635154634
2016-10-14,0.9998969550652742,0.00010304493471965062,0,0.00010304493471965062
2016-10-17,0.9998907911825178,0.0001092088174759951,0,0.0001092088174759951
2016-10-18,0.9998769283616004,0.00012307163839361004,0,0.00012307163839361004
2016-10-19,0.9998583758008113,0.0001416241991827782,0,0.0001416241991827782
2016-10-20,0.9998478428902603,0.00015215710973376584,0,0.00015215710973376584
2016-10-21,0.9998402045828962,0.00015979541709785935,0,0.00015979541709785935
2016-10-24,0.9998569158995865,0.00014308410040769708,0,0.00014308410040769708
2016-10-25,0.9998703444571189,0.00012965554287541357,0,0.00012965554287541357
2016-10-26,0.9998253949589183,0.00017460504107606674,0,0.00017460504107606674
2016-10-27,0.9996183839558342,0.00038161604416016574,0,0.00038161604416016574
2016-10-28,0.9988881013239334,0.0011118986760609555,0,0.0011118986760609555
2016-10-31,0.99646899343864,0.003531006561354257,0,0.003531006561354257
2016-11-01,0.9897422303401324,0.010257769659861934,0,0.010257769659861934
2016-11-02,0.9707853859086633,0.029214614091331068,0,0.029214614091331068
2016-11-03,0.9026001826751308,0.09739981732486375,0,0.09739981732486375
2016-11-04,0.7007620099112616,0.2992379900887331,0,0.2992379900887331
2016-11-07,0.19798146806929676,0.8020185319306977,1,0.8020185319306977
2016-11-08,0.004604168769792496,0.9953958312302019,1,0.9953958312302019
2016-11-09,3.290783674381348e-06,0.99999670921632,1,0.99999670921632
2016-11-10,6.317659491391996e-10,0.9999999993682283,1,0.9999999993682283
2016-11-11,7.340790984726621e-10,0.9999999992659152,1,0.9999999992659152
2016-11-14,3.129759206281422e-11,0.9999999999686969,1,0.9999999999686969
2016-11-15,1.4203179395442526e-10,0.9999999998579627,1,0.9999999998579627
2016-11-16,1.2566327373663196e-09,0.999999998743362,1,0.999999998743362
2016-11-17,1.912830718313946e-10,0.9999999998087116,1,0.9999999998087116
2016-11-18,3.475136068250161e-10,0.999999999652481,1,0.999999999652481
2016-11-21,3.1640254005834064e-11,0.9999999999683543,1,0.9999999999683543
2016-11-22,9.443097801646556e-12,0.9999999999905514,1,0.9999999999905514
2016-11-23,2.470131889439753e-14,0.9999999999999699,1,0.9999999999999699
2016-11-24,5.262541450110084e-14,0.9999999999999419,1,0.9999999999999419
2016-11-25,8.425180206753109e-16,0.9999999999999937,1,0.9999999999999937
2016-11-28,1.915599749849516e-14,0.9999999999999755,1,0.9999999999999755
2016-11-29,6.966862079381725e-13,0.9999999999992979,1,0.9999999999992979
2016-11-30,3.792901800829523e-14,0.9999999999999565,1,0.9999999999999565
2016-12-01,2.944451968442346e-14,0.999999999999965,1,0.999999999999965
2016-12-02,3.6184943736823463e-13,0.9999999999996325,1,0.9999999999996325
2016-12-05,1.550444209859097e-14,0.9999999999999789,1,0.9999999999999789
2016-12-06,3.590397899102135e-14,0.9999999999999586,1,0.9999999999999586
2016-12-07,7.798523446838503e-13,0.9999999999992146,1,0.9999999999992146
2016-12-08,1.6691014227864966e-12,0.9999999999983255,1,0.9999999999983255
2016-12-09,3.4851491389712164e-13,0.999999999999646,1,0.999999999999646
2016-12-12,3.2389144154286892e-12,0.9999999999967555,1,0.9999999999967555
2016-12-13,6.168267467785024e-12,0.9999999999938264,1,0.9999999999938264
2016-12-14,1.106126033039534e-11,0.9999999999889335,1,0.9999999999889335
2016-12-15,8.17885750711488e-13,0.9999999999991769,1,0.9999999999991769
2016-12-16,1.1017725211255015e-11,0.999999999988977,1,0.999999999988977
2016-12-19,3.1056744271507764e-10,0.9999999996894273,1,0.9999999996894273
2016-12-20,1.576074843935228e-10,0.9999999998423871,1,0.9999999998423871
2016-12-21,2.7989508649305843e-10,0.9999999997200996,1,0.9999999997200996
2016-12-22,2.7107424808999983e-10,0.9999999997289204,1,0.9999999997289204
2016-12-23,1.05061308573494e-09,0.9999999989493816,1,0.9999999989493816
2016-12-26,1.4077149268796416e-09,0.9999999985922798,1,0.9999999985922798
2016-12-27,8.065906983591112e-10,0.9999999991934041,1,0.9999999991934041
2016-12-28,2.0254907036347247e-09,0.9999999979745043,1,0.9999999979745043
2016-12-29,1.5071296240118172e-08,0.9999999849286989,1,0.9999999849286989
2016-12-30,6.567902530677757e-09,0.9999999934320924,1,0.9999999934320924
2017-01-02,8.151252075474916e-09,0.999999991848743,1,0.999999991848743
2017-01-03,3.383178841474979e-08,0.9999999661682066,1,0.9999999661682066
2017-01-04,6.675438920553782e-09,0.9999999933245559,1,0.9999999933245559
2017-01-05,3.99061544304962e-08,0.9999999600938405,1,0.9999999600938405
2017-01-06,2.301567705646893e-08,0.9999999769843178,1,0.9999999769843178
2017-01-09,6.983546716819625e-08,0.9999999301645276,1,0.9999999301645276
2017-01-10,1.0817541058922455e-08,0.9999999891824537,1,0.9999999891824537
2017-01-11,2.854895990153502e-08,0.9999999714510347,1,0.9999999714510347
2017-01-12,8.229789931518163e-09,0.9999999917702045,1,0.9999999917702045
2017-01-13,4.735772998428118e-09,0.9999999952642213,1,0.9999999952642213
2017-01-16,5.994967247164422e-09,0.9999999940050271,1,0.9999999940050271
2017-01-17,9.967576842768978e-08,0.999999900324226,1,0.999999900324226
2017-01-18,1.357593689346983e-07,0.9999998642406255,1,0.9999998642406255
2017-01-19,1.0463892622494688e-07,0.9999998953610681,1,0.9999998953610681
2017-01-20,9.812253949055186e-08,0.9999999018774549,1,0.9999999018774549
2017-01-23,1.141435587764372e-07,0.9999998858564358,1,0.9999998858564358
2017-01-24,2.3766635502893423e-08,0.9999999762333592,1,0.9999999762333592
2017-01-25,1.3665551377247817e-08,0.9999999863344432,1,0.9999999863344432
2017-01-26,2.69768026359957e-08,0.9999999730231919,1,0.9999999730231919
2017-01-27,2.1975467795357042e-08,0.9999999780245269,1,0.9999999780245269
2017-01-30,7.446855529951705e-08,0.9999999255314395,1,0.9999999255314395
2017-01-31,3.591740323211094e-08,0.9999999640825915,1,0.9999999640825915
2017-02-01,5.4633943119548996e-08,0.9999999453660516,1,0.9999999453660516
2017-02-02,1.981843354276636e-07,0.9999998018156594,1,0.9999998018156594
2017-02-03,1.0065886978955501e-06,0.9999989934112968,1,0.9999989934112968
2017-02-06,8.936048143991966e-07,0.9999991063951803,1,0.9999991063951803
2017-02-07,1.7067864090634663e-06,0.9999982932135856,1,0.9999982932135856
2017-02-08,1.1065947623454914e-06,0.9999988934052324,1,0.9999988934052324
2017-02-09,1.3770175825327663e-06,0.9999986229824119,1,0.9999986229824119
2017-02-10,1.5915079364535624e-07,0.999999840849201,1,0.999999840849201
2017-02-13,8.725082600060275e-08,0.9999999127491687,1,0.9999999127491687
2017-02-14,2.4635425586277983e-07,0.999999753645739,1,0.999999753645739
2017-02-15,3.5736550232205793e-07,0.9999996426344926,1,0.9999996426344926
2017-02-16,8.229095642616257e-07,0.9999991770904306,1,0.9999991770904306
2017-02-17,1.0007017230887034e-06,0.9999989992982717,1,0.9999989992982717
2017-02-20,1.0963542048616473e-06,0.99999890364579,1,0.99999890364579
2017-02-21,5.822804823851602e-07,0.9999994177195125,1,0.9999994177195125
2017-02-22,6.721321550183633e-07,0.99999932786784,1,0.99999932786784
2017-02-23,6.61649534920954e-06,0.9999933835046457,1,0.9999933835046457
2017-02-24,4.951231033153038e-06,0.9999950487689618,1,0.9999950487689618
2017-02-27,4.673756235262944e-06,0.9999953262437596,1,0.9999953262437596
2017-02-28,3.1978911494924267e-06,0.9999968021088453,1,0.9999968021088453
2017-03-01,2.0615261527003333e-06,0.9999979384738423,1,0.9999979384738423
2017-03-02,2.5843633689806857e-06,0.999997415636626,1,0.999997415636626
2017-03-03,1.967412046912952e-06,0.999998032587948,1,0.999998032587948
2017-03-06,4.194846264146281e-06,0.9999958051537307,1,0.9999958051537307
2017-03-07,5.565557029970364e-06,0.9999944344429649,1,0.9999944344429649
2017-03-08,6.249058261937706e-06,0.9999937509417327,1,0.9999937509417327
2017-03-09,7.506400226679183e-06,0.999992493599768,1,0.999992493599768
2017-03-10,5.733026594219248e-06,0.9999942669734003,1,0.9999942669734003
2017-03-13,3.946961955556361e-06,0.9999960530380388,1,0.9999960530380388
2017-03-14,3.60244801916856e-06,0.9999963975519753,1,0.9999963975519753
2017-03-15,2.5775382556151626e-06,0.9999974224617388,1,0.9999974224617388
2017-03-16,4.945018360752332e-06,0.9999950549816335,1,0.9999950549816335
2017-03-17,4.894886186923815e-06,0.9999951051138076,1,0.9999951051138076
2017-03-20,9.05152915678054e-06,0.9999909484708377,1,0.9999909484708377
2017-03-21,2.6117173122557394e-05,0.999973882826872,1,0.999973882826872
2017-03-22,2.6675570522763402e-05,0.9999733244294718,1,0.9999733244294718
2017-03-23,2.20794190520893e-05,0.9999779205809427,1,0.9999779205809427
2017-03-24,2.8214843792854247e-05,0.9999717851562017,1,0.9999717851562017
2017-03-27,3.37388721985913e-05,0.999966261127796,1,0.999966261127796
2017-03-28,2.028380412549027e-05,0.999979716195869,1,0.999979716195869
2017-03-29,1.8594530488181017e-05,0.9999814054695064,1,0.9999814054695064
2017-03-30,1.6999909814108303e-05,0.9999830000901806,1,0.9999830000901806
2017-03-31,2.6915624472133257e-05,0.9999730843755225,1,0.9999730843755225
2017-04-03,5.691468529013278e-05,0.9999430853147047,1,0.9999430853147047
2017-04-04,5.721931419474041e-05,0.9999427806858,1,0.9999427806858
2017-04-05,2.0733239449240898e-05,0.9999792667605456,1,0.9999792667605456
2017-04-06,3.0261441432639927e-05,0.9999697385585622,1,0.9999697385585622
2017-04-07,5.647069140560099e-05,0.9999435293085892,1,0.9999435293085892
2017-04-10,0.0001646806049584211,0.9998353193950363,1,0.9998353193950363
2017-04-11,0.0005001076292640952,0.9994998923707308,1,0.9994998923707308
2017-04-12,0.001244440475733306,0.9987555595242618,1,0.9987555595242618
2017-04-13,0.0018986872339109284,0.9981013127660843,1,0.9981013127660843
2017-04-14,0.0025424406123623474,0.9974575593876328,1,0.9974575593876328
2017-04-17,0.0032008310504804734,0.9967991689495147,1,0.9967991689495147
2017-04-18,0.004217015567107455,0.9957829844328878,1,0.9957829844328878
2017-04-19,0.004440401844854655,0.9955595981551406,1,0.9955595981551406
2017-04-20,0.004242816152357147,0.9957571838476379,1,0.9957571838476379
2017-04-21,0.003703156296951231,0.9962968437030439,1,0.9962968437030439
2017-04-24,0.0025524329120758006,0.9974475670879192,1,0.9974475670879192
2017-04-25,0.0014058234075970959,0.9985941765923979,1,0.9985941765923979
2017-04-26,0.0007887764606572173,0.9992112235393379,1,0.9992112235393379
2017-04-27,0.0005263856910349238,0.99947361430896,1,0.99947361430896
2017-04-28,0.00032685286690340023,0.9996731471330915,1,0.9996731471330915
2017-05-01,0.00015203610124073198,0.9998479638987541,1,0.9998479638987541
2017-05-02,0.00020726005430046822,0.9997927399456944,1,0.9997927399456944
2017-05-03,0.0004297587919191649,0.9995702412080758,1,0.9995702412080758
2017-05-04,0.0005338052789262983,0.9994661947210688,1,0.9994661947210688
2017-05-05,0.000587902888279064,0.999412097111716,1,0.999412097111716
2017-05-08,0.0007453822322159729,0.999254617767779,1,0.999254617767779
2017-05-09,0.0007702191821876063,0.9992297808178074,1,0.9992297808178074
2017-05-10,0.000860520204299002,0.9991394797956961,1,0.9991394797956961
2017-05-11,0.0009462814264860823,0.9990537185735089,1,0.9990537185735089
2017-05-12,0.0010540424947220824,0.9989459575052729,1,0.9989459575052729
2017-05-15,0.0012848309761608818,0.9987151690238343,1,0.9987151690238343
2017-05-16,0.0018067415908138108,0.9981932584091813,1,0.9981932584091813
2017-05-17,0.0027699525084894845,0.9972300474915055,1,0.9972300474915055
2017-05-18,0.0035479634127419924,0.996452036587253,1,0.996452036587253
2017-05-19,0.004055624843098,0.9959443751568969,1,0.9959443751568969
2017-05-22,0.005080971172508353,0.9949190288274864,1,0.9949190288274864
2017-05-23,0.006760415643617073,0.9932395843563776,1,0.9932395843563776
2017-05-24,0.009843695210029218,0.9901563047899654,1,0.9901563047899654
2017-05-25,0.014709936099689186,0.9852900639003054,1,0.9852900639003054
2017-05-26,0.022775643783430402,0.9772243562165641,1,0.9772243562165641
2017-05-29,0.030116241938528902,0.9698837580614657,1,0.9698837580614657
2017-05-30,0.03660294674751507,0.9633970532524795,1,0.9633970532524795
2017-05-31,0.04299255587260163,0.9570074441273929,1,0.9570074441273929
2017-06-01,0.048843953091796254,0.9511560469081983,1,0.9511560469081983
2017-06-02,0.055311094847966966,0.9446889051520275,1,0.9446889051520275
2017-06-05,0.05988691290691836,0.9401130870930762,1,0.9401130870930762
2017-06-06,0.06142788110572694,0.9385721188942675,1,0.9385721188942675
2017-06-07,0.058127025283215575,0.9418729747167791,1,0.9418729747167791
2017-06-08,0.04924268215132979,0.950757317848665,1,0.950757317848665
2017-06-09,0.040645032999223,0.9593549670007718,1,0.9593549670007718
2017-06-12,0.03635744633235925,0.9636425536676355,1,0.9636425536676355
2017-06-13,0.033372603826873765,0.966627396173121,1,0.966627396173121
2017-06-14,0.030436427497521314,0.9695635725024733,1,0.9695635725024733
2017-06-15,0.02555721356079943,0.9744427864391952,1,0.9744427864391952
2017-06-16,0.02047426046261538,0.9795257395373792,1,0.9795257395373792
2017-06-19,0.014760148687699341,0.9852398513122954,1,0.9852398513122954
2017-06-20,0.010885209046895454,0.9891147909530993,1,0.9891147909530993
2017-06-21,0.0070940540878031205,0.9929059459121915,1,0.9929059459121915
2017-06-22,0.004757287073323521,0.9952427129266711,1,0.9952427129266711
2017-06-23,0.002971913511628113,0.9970280864883664,1,0.9970280864883664
2017-06-26,0.0016291527861516848,0.998370847213843,1,0.998370847213843
2017-06-27,0.0008119145807181388,0.9991880854192764,1,0.9991880854192764
2017-06-28,0.0004003026059936044,0.9995996973940008,1,0.9995996973940008
2017-06-29,0.00018476654578383815,0.9998152334542106,1,0.9998152334542106
2017-06-30,9.420751643220782e-05,0.9999057924835623,1,0.9999057924835623
2017-07-03,5.4304974582453477e-05,0.9999456950254119,1,0.9999456950254119
2017-07-04,5.5012322301367575e-05,0.9999449876776929,1,0.9999449876776929
2017-07-05,8.83071124934616e-05,0.9999116928875007,1,0.9999116928875007
2017-07-06,9.846036075643379e-05,0.9999015396392378,1,0.9999015396392378
2017-07-07,8.880726688525502e-05,0.9999111927331089,1,0.9999111927331089
2017-07-10,9.011160164459529e-05,0.9999098883983496,1,0.9999098883983496
2017-07-11,7.395061604901843e-05,0.9999260493839454,1,0.9999260493839454
2017-07-12,7.448146118090998e-05,0.9999255185388134,1,0.9999255185388134
2017-07-13,9.272473194528871e-05,0.999907275268049,1,0.999907275268049
2017-07-14,9.047374969684447e-05,0.9999095262502976,1,0.9999095262502976
2017-07-17,7.971539939265119e-05,0.9999202846006016,1,0.9999202846006016
2017-07-18,9.893117403405616e-05,0.9999010688259601,1,0.9999010688259601
2017-07-19,0.0001367350785689582,0.9998632649214253,1,0.9998632649214253
2017-07-20,0.00016009647769109453,0.9998399035223032,1,0.9998399035223032
2017-07-21,0.00017624713933987192,0.9998237528606545,1,0.9998237528606545
2017-07-24,0.0001298543678563105,0.999870145632138,1,0.999870145632138
2017-07-25,3.099364647072751e-05,0.9999690063535238,1,0.9999690063535238
2017-07-26,1.4749835496582013e-05,0.9999852501644979,1,0.9999852501644979
2017-07-27,1.8975044643863043e-05,0.9999810249553506,1,0.9999810249553506
2017-07-28,2.652122648945384e-05,0.9999734787735051,1,0.9999734787735051
2017-07-31,2.23793382074995e-05,0.9999776206617869,1,0.9999776206617869
2017-08-01,3.0121385321499502e-05,0.9999698786146727,1,0.9999698786146727
2017-08-02,2.9879768917354213e-05,0.999970120231077,1,0.999970120231077
2017-08-03,2.8381771534653113e-05,0.9999716182284599,1,0.9999716182284599
2017-08-04,1.940308579611836e-05,0.9999805969141985,1,0.9999805969141985
2017-08-07,1.3789765010787043e-05,0.9999862102349838,1,0.9999862102349838
2017-08-08,8.57325870977064e-06,0.9999914267412849,1,0.9999914267412849
2017-08-09,1.8972011204241986e-05,0.9999810279887905,1,0.9999810279887905
2017-08-10,3.836834561540223e-05,0.9999616316543792,1,0.9999616316543792
2017-08-11,4.298471315509782e-05,0.9999570152868396,1,0.9999570152868396
2017-08-14,4.388338734729327e-05,0.9999561166126473,1,0.9999561166126473
2017-08-15,4.0418583310526134e-05,0.9999595814166841,1,0.9999595814166841
2017-08-16,1.865855987133814e-05,0.9999813414401233,1,0.9999813414401233
2017-08-17,2.899167270518067e-05,0.9999710083272894,1,0.9999710083272894
2017-08-18,2.8173724527672703e-05,0.9999718262754668,1,0.9999718262754668
2017-08-21,1.894599756696581e-05,0.9999810540024275,1,0.9999810540024275
2017-08-22,1.4308730321910573e-05,0.9999856912696725,1,0.9999856912696725
2017-08-23,1.6786837912623595e-05,0.9999832131620818,1,0.9999832131620818
2017-08-24,7.112201064321393e-06,0.99999288779893,1,0.99999288779893
2017-08-25,8.596572865176493e-06,0.9999914034271292,1,0.9999914034271292
2017-08-28,9.847197757005223e-06,0.9999901528022375,1,0.9999901528022375
2017-08-29,8.809472137686057e-06,0.9999911905278567,1,0.9999911905278567
2017-08-30,9.556047755775276e-06,0.9999904439522385,1,0.9999904439522385
2017-08-31,1.0367127572764778e-05,0.9999896328724214,1,0.9999896328724214
2017-09-01,1.067921041467402e-05,0.9999893207895797,1,0.9999893207895797
2017-09-04,1.1174286715971833e-05,0.9999888257132785,1,0.9999888257132785
2017-09-05,1.6344985128034687e-05,0.9999836550148664,1,0.9999836550148664
2017-09-06,1.0134238695634554e-05,0.9999898657612988,1,0.9999898657612988
2017-09-07,2.260671288151372e-05,0.9999773932871131,1,0.9999773932871131
2017-09-08,9.071588824370689e-05,0.9999092841117507,1,0.9999092841117507
2017-09-11,6.0837064462993165e-05,0.9999391629355314,1,0.9999391629355314
2017-09-12,0.0001047954659479427,0.9998952045340467,1,0.9998952045340467
2017-09-13,0.00023527064779772157,0.9997647293521968,1,0.9997647293521968
2017-09-14,0.00036107567694054304,0.999638924323054,1,0.999638924323054
2017-09-15,0.0003492859224131201,0.9996507140775814,1,0.9996507140775814
2017-09-18,0.0001959005419539807,0.9998040994580405,1,0.9998040994580405
2017-09-19,0.0001554664603947811,0.9998445335395997,1,0.9998445335395997
2017-09-20,0.00016460207741415082,0.9998353979225805,1,0.9998353979225805
2017-09-21,0.00015010693843021082,0.9998498930615645,1,0.9998498930615645
2017-09-22,0.00016518305016756805,0.9998348169498272,1,0.9998348169498272
2017-09-25,0.00025572849309543687,0.9997442715068995,1,0.9997442715068995
2017-09-26,0.00023935675479117973,0.9997606432452036,1,0.9997606432452036
2017-09-27,0.00011403502911461048,0.9998859649708802,1,0.9998859649708802
2017-09-28,3.935716193171539e-05,0.9999606428380631,1,0.9999606428380631
2017-09-29,3.910801774964928e-05,0.9999608919822454,1,0.9999608919822454
2017-10-02,2.467394396150996e-05,0.9999753260560332,1,0.9999753260560332
2017-10-03,1.8026953808361384e-05,0.9999819730461865,1,0.9999819730461865
2017-10-04,1.9167602780281924e-05,0.9999808323972146,1,0.9999808323972146
2017-10-05,1.8184622885399073e-06,0.9999981815377063,1,0.9999981815377063
2017-10-06,2.674801578259252e-06,0.9999973251984168,1,0.9999973251984168
2017-10-09,4.2796395780733106e-06,0.9999957203604171,1,0.9999957203604171
2017-10-10,3.0669384986136753e-06,0.9999969330614965,1,0.9999969330614965
2017-10-11,6.723695082737529e-07,0.9999993276304869,1,0.9999993276304869
2017-10-12,4.6289234022763243e-07,0.9999995371076551,1,0.9999995371076551
2017-10-13,4.630752934671291e-07,0.9999995369247017,1,0.9999995369247017
2017-10-16,6.606433897208724e-09,0.9999999933935613,1,0.9999999933935613
2017-10-17,5.501367674511228e-09,0.9999999944986276,1,0.9999999944986276
2017-10-18,6.499837988314752e-09,0.9999999935001573,1,0.9999999935001573
2017-10-19,1.6537488142572425e-08,0.999999983462507,1,0.999999983462507
2017-10-20,4.1068376326296285e-09,0.9999999958931575,1,0.9999999958931575
2017-10-23,9.338248933715043e-10,0.9999999990661702,1,0.9999999990661702
2017-10-24,2.1500970425213887e-10,0.9999999997849853,1,0.9999999997849853
2017-10-25,4.2877984119241203e-10,0.9999999995712154,1,0.9999999995712154
2017-10-26,1.5809730109567343e-10,0.9999999998418979,1,0.9999999998418979
2017-10-27,1.2927048906178281e-08,0.9999999870729461,1,0.9999999870729461
2017-10-30,2.0086897816159255e-08,0.9999999799130972,1,0.9999999799130972
2017-10-31,1.6767763443217585e-08,0.9999999832322315,1,0.9999999832322315
2017-11-01,6.479936880508861e-09,0.9999999935200581,1,0.9999999935200581
2017-11-02,7.944877866695237e-09,0.999999992055117,1,0.999999992055117
2017-11-03,1.2005758858197037e-08,0.999999987994236,1,0.999999987994236
2017-11-06,9.96151792975859e-09,0.9999999900384768,1,0.9999999900384768
2017-11-07,1.4326708396399686e-07,0.9999998567329107,1,0.9999998567329107
2017-11-08,2.390000968446173e-07,0.999999760999898,1,0.999999760999898
2017-11-09,6.818044999743523e-07,0.9999993181954949,1,0.9999993181954949
2017-11-10,3.2068728702823653e-07,0.9999996793127081,1,0.9999996793127081
2017-11-13,1.0289417222264875e-07,0.9999998971058229,1,0.9999998971058229
2017-11-14,1.3598979955654626e-06,0.9999986401019996,1,0.9999986401019996
2017-11-15,1.4250440618822492e-06,0.9999985749559333,1,0.9999985749559333
2017-11-16,2.0794243547979927e-06,0.9999979205756404,1,0.9999979205756404
2017-11-17,5.074039138694503e-06,0.9999949259608565,1,0.9999949259608565
2017-11-20,3.0077915294534586e-07,0.9999996992208423,1,0.9999996992208423
2017-11-21,1.5207986192192725e-07,0.9999998479201333,1,0.9999998479201333
2017-11-22,3.2314469066232803e-07,0.9999996768553044,1,0.9999996768553044
2017-11-23,3.512837877055253e-07,0.9999996487162073,1,0.9999996487162073
2017-11-24,7.023263368107526e-08,0.9999999297673613,1,0.9999999297673613
2017-11-27,5.938778049193135e-07,0.99999940612219,1,0.99999940612219
2017-11-28,5.7503582934956645e-06,0.9999942496417015,1,0.9999942496417015
2017-11-29,6.198787719327931e-06,0.9999938012122758,1,0.9999938012122758
2017-11-30,3.580963842311244e-06,0.9999964190361528,1,0.9999964190361528
2017-12-01,2.2500740125754755e-06,0.9999977499259823,1,0.9999977499259823
2017-12-04,2.326052838730826e-06,0.9999976739471562,1,0.9999976739471562
2017-12-05,6.369392925317052e-05,0.9999363060707418,1,0.9999363060707418
2017-12-06,5.251726522879739e-05,0.9999474827347662,1,0.9999474827347662
2017-12-07,1.965773974438096e-05,0.9999803422602507,1,0.9999803422602507
2017-12-08,8.054714197261696e-06,0.9999919452857978,1,0.9999919452857978
2017-12-11,2.4054124170485455e-06,0.999997594587578,1,0.999997594587578
2017-12-12,1.0891347407420471e-06,0.9999989108652542,1,0.9999989108652542
2017-12-13,7.387198442169763e-07,0.9999992612801507,1,0.9999992612801507
2017-12-14,8.500656150962218e-07,0.9999991499343798,1,0.9999991499343798
2017-12-15,1.0237964175816e-07,0.999999897620353,1,0.999999897620353
2017-12-18,1.58726011233105e-07,0.9999998412739834,1,0.9999998412739834
2017-12-19,1.3014997748235944e-07,0.9999998698500173,1,0.9999998698500173
2017-12-20,4.80720670625547e-08,0.9999999519279277,1,0.9999999519279277
2017-12-21,2.6961953742150937e-08,0.999999973038041,1,0.999999973038041
2017-12-22,3.33677487788096e-08,0.9999999666322459,1,0.9999999666322459
2017-12-25,4.051831404973871e-08,0.9999999594816805,1,0.9999999594816805
2017-12-26,2.3883665347397226e-08,0.9999999761163293,1,0.9999999761163293
2017-12-27,3.6903509330658644e-08,0.9999999630964852,1,0.9999999630964852
2017-12-28,3.007463283413771e-08,0.9999999699253618,1,0.9999999699253618
2017-12-29,1.3108619008822323e-07,0.9999998689138045,1,0.9999998689138045
2018-01-01,1.516030324066417e-07,0.9999998483969623,1,0.9999998483969623
2018-01-02,6.497599419786174e-07,0.9999993502400528,1,0.9999993502400528
2018-01-03,1.5051978365022274e-06,0.9999984948021582,1,0.9999984948021582
2018-01-04,1.7991983685350231e-06,0.9999982008016263,1,0.9999982008016263
2018-01-05,5.468367186900135e-06,0.9999945316328078,1,0.9999945316328078
2018-01-08,6.1793420402774875e-06,0.9999938206579544,1,0.9999938206579544
2018-01-09,5.021975851725777e-06,0.999994978024143,1,0.999994978024143
2018-01-10,4.515282403515498e-06,0.9999954847175911,1,0.9999954847175911
2018-01-11,6.4757114369987985e-06,0.9999935242885577,1,0.9999935242885577
2018-01-12,2.007456168818927e-05,0.9999799254383065,1,0.9999799254383065
2018-01-15,2.2792228077400124e-05,0.9999772077719172,1,0.9999772077719172
2018-01-16,3.062367868870984e-05,0.999969376321306,1,0.999969376321306
2018-01-17,6.37994697862892e-05,0.9999362005302085,1,0.9999362005302085
2018-01-18,3.6969148043279815e-05,0.9999630308519515,1,0.9999630308519515
2018-01-19,6.160248951130723e-05,0.9999383975104832,1,0.9999383975104832
2018-01-22,9.30363556427097e-05,0.9999069636443517,1,0.9999069636443517
2018-01-23,0.00033793232191235435,0.9996620676780821,1,0.9996620676780821
2018-01-24,0.00021848364537493156,0.9997815163546194,1,0.9997815163546194
2018-01-25,0.000245402971038167,0.9997545970289563,1,0.9997545970289563
2018-01-26,0.00021986981467030575,0.9997801301853245,1,0.9997801301853245
2018-01-29,0.00018443075396626558,0.9998155692460284,1,0.9998155692460284
2018-01-30,0.0001021914633041381,0.9998978085366907,1,0.9998978085366907
2018-01-31,8.594796983080552e-05,0.999914052030164,1,0.999914052030164
2018-02-01,8.048828417151783e-05,0.9999195117158233,1,0.9999195117158233
2018-02-02,6.920108497513273e-05,0.9999307989150196,1,0.9999307989150196
2018-02-05,4.6014440034164444e-05,0.9999539855599604,1,0.9999539855599604
2018-02-06,0.00013613333977318109,0.9998638666602213,1,0.9998638666602213
2018-02-07,0.0006129540811033764,0.9993870459188912,1,0.9993870459188912
2018-02-08,0.0011372674717247287,0.9988627325282697,1,0.9988627325282697
2018-02-09,0.0015089193517979543,0.9984910806481965,1,0.9984910806481965
2018-02-12,0.0011464669273524007,0.9988535330726419,1,0.9988535330726419
2018-02-13,0.00043049741823164957,0.9995695025817629,1,0.9995695025817629
2018-02-14,0.00017799074920399517,0.9998220092507906,1,0.9998220092507906
2018-02-15,8.330004589226042e-05,0.9999166999541024,1,0.9999166999541024
2018-02-16,6.443049126568275e-05,0.999935569508729,1,0.999935569508729
2018-02-19,6.146585772098593e-05,0.9999385341422735,1,0.9999385341422735
2018-02-20,5.662437908687762e-05,0.9999433756209076,1,0.9999433756209076
2018-02-21,3.565112537548377e-05,0.9999643488746192,1,0.9999643488746192
2018-02-22,2.474683625163886e-05,0.9999752531637429,1,0.9999752531637429
2018-02-23,7.251673905659193e-05,0.999927483260938,1,0.999927483260938
2018-02-26,0.00031708578566573016,0.9996829142143289,1,0.9996829142143289
2018-02-27,0.0013503257150602784,0.9986496742849341,1,0.9986496742849341
2018-02-28,0.005759428998647347,0.9942405710013471,1,0.9942405710013471
2018-03-01,0.013037212665672104,0.9869627873343223,1,0.9869627873343223
2018-03-02,0.030780712426446567,0.9692192875735477,1,0.9692192875735477
2018-03-05,0.05194173285434827,0.948058267145646,1,0.948058267145646
2018-03-06,0.08189272096865272,0.9181072790313416,1,0.9181072790313416
2018-03-07,0.12053821377880089,0.8794617862211936,1,0.8794617862211936
2018-03-08,0.16594433327716362,0.8340556667228309,1,0.8340556667228309
2018-03-09,0.19547522496610722,0.8045247750338873,1,0.8045247750338873
2018-03-12,0.2351274397517709,0.7648725602482238,1,0.7648725602482238
2018-03-13,0.2833214871360879,0.7166785128639068,1,0.7166785128639068
2018-03-14,0.34050874752782406,0.6594912524721708,1,0.6594912524721708
2018-03-15,0.43861767558060927,0.5613823244193855,1,0.5613823244193855
2018-03-16,0.576098683361385,0.42390131663860986,0,0.42390131663860986
2018-03-19,0.7508290426575909,0.249170957342404,0,0.249170957342404
2018-03-20,0.881588090135622,0.11841190986437293,0,0.11841190986437293
2018-03-21,0.9490922304171793,0.0509077695828158,0,0.0509077695828158
2018-03-22,0.9838824291366576,0.016117570863337292,0,0.016117570863337292
2018-03-23,0.9955300368221832,0.004469963177811732,0,0.004469963177811732
2018-03-26,0.9986300363602094,0.001369963639785499,0,0.001369963639785499
2018-03-27,0.9995369510679942,0.00046304893200078826,0,0.00046304893200078826
2018-03-28,0.9997621274124664,0.00023787258752835998,0,0.00023787258752835998
2018-03-29,0.9998118428943598,0.00018815710563519462,0,0.00018815710563519462
2018-03-30,0.9998352554480908,0.0001647445519041356,0,0.0001647445519041356
2018-04-02,0.9998539262758314,0.0001460737241635528,0,0.0001460737241635528
2018-04-03,0.9998328348029648,0.00016716519702991746,0,0.00016716519702991746
2018-04-04,0.9998454776011813,0.00015452239881363718,0,0.00015452239881363718
2018-04-05,0.99976637673029,0.00023362326970490692,0,0.00023362326970490692
2018-04-06,0.9997829848670375,0.00021701513295733295,0,0.00021701513295733295
2018-04-09,0.9997607378464303,0.0002392621535647124,0,0.0002392621535647124
2018-04-10,0.999700024263105,0.0002999757368898767,0,0.0002999757368898767
2018-04-11,0.999792493639899,0.0002075063600959215,0,0.0002075063600959215
2018-04-12,0.9998365696899043,0.00016343031009072027,0,0.00016343031009072027
2018-04-13,0.9998477293008401,0.00015227069915494946,0,0.00015227069915494946
2018-04-16,0.9998195452249984,0.00018045477499686706,0,0.00018045477499686706
2018-04-17,0.9997606666070638,0.00023933339293146283,0,0.00023933339293146283
2018-04-18,0.9995349641140068,0.0004650358859883194,0,0.0004650358859883194
2018-04-19,0.9993501097092083,0.0006498902907867146,0,0.0006498902907867146
2018-04-20,0.9989923723507662,0.0010076276492289417,0,0.0010076276492289417
2018-04-23,0.9986269240293697,0.00137307597062554,0,0.00137307597062554
2018-04-24,0.9983322489594159,0.001667751040579461,0,0.001667751040579461
2018-04-25,0.9982306913190132,0.001769308680982035,0,0.001769308680982035
2018-04-26,0.9986263837449947,0.0013736162550005626,0,0.0013736162550005626
2018-04-27,0.9993518627887077,0.0006481372112874894,0,0.0006481372112874894
2018-04-30,0.9995847899377335,0.0004152100622617368,0,0.0004152100622617368
2018-05-01,0.9996665707713054,0.00033342922869001863,0,0.00033342922869001863
2018-05-02,0.9996112855869566,0.00038871441303868444,0,0.00038871441303868444
2018-05-03,0.9996003093360475,0.0003996906639478525,0,0.0003996906639478525
2018-05-04,0.9995656272984951,0.0004343727015001513,0,0.0004343727015001513
2018-05-07,0.9994922934119926,0.0005077065880026023,0,0.0005077065880026023
2018-05-08,0.999288216403629,0.0007117835963664119,0,0.0007117835963664119
2018-05-09,0.9985998614743814,0.0014001385256139029,0,0.0014001385256139029
2018-05-10,0.9966749861669381,0.0033250138330570824,0,0.0033250138330570824
2018-05-11,0.9930485540068126,0.006951445993182611,0,0.006951445993182611
2018-05-14,0.9865987356218808,0.013401264378114182,0,0.013401264378114182
2018-05-15,0.9729211063503089,0.027078893649686256,0,0.027078893649686256
2018-05-16,0.9538046284145755,0.0461953715854198,0,0.0461953715854198
2018-05-17,0.9321707413945887,0.06782925860540659,0,0.06782925860540659
2018-05-18,0.9170002451329476,0.08299975486704769,0,0.08299975486704769
2018-05-21,0.8960744832810397,0.10392551671895547,0,0.10392551671895547
2018-05-22,0.8823933059820036,0.11760669401799147,0,0.11760669401799147
2018-05-23,0.8814385308926589,0.11856146910733631,0,0.11856146910733631
2018-05-24,0.8793523980314162,0.12064760196857915,0,0.12064760196857915
2018-05-25,0.8741910805147537,0.1258089194852415,0,0.1258089194852415
2018-05-28,0.8606683511737452,0.1393316488262502,0,0.1393316488262502
2018-05-29,0.8318524751558409,0.16814752484415457,0,0.16814752484415457
2018-05-30,0.7682854422468246,0.2317145577531708,0,0.2317145577531708
2018-05-31,0.6292327820155372,0.37076721798445816,0,0.37076721798445816
2018-06-01,0.3282880783669651,0.6717119216330298,1,0.6717119216330298
2018-06-04,0.071369794430096,0.928630205569899,1,0.928630205569899
2018-06-05,0.0021964378034545614,0.9978035621965408,1,0.9978035621965408
2018-06-06,2.8065474602728953e-06,0.999997193452535,1,0.999997193452535
2018-06-07,1.1893213219011609e-07,0.9999998810678631,1,0.9999998810678631
2018-06-08,2.267594767361835e-08,0.9999999773240476,1,0.9999999773240476
2018-06-11,3.2781837719800435e-07,0.999999672181618,1,0.999999672181618
2018-06-12,2.8891873925499625e-07,0.9999997110812561,1,0.9999997110812561
2018-06-13,3.0038626637573276e-07,0.999999699613729,1,0.999999699613729
2018-06-14,2.2616131801714418e-05,0.9999773838681938,1,0.9999773838681938
2018-06-15,0.0008589704791350757,0.9991410295208605,1,0.9991410295208605
2018-06-18,0.03312495398832053,0.9668750460116748,1,0.9668750460116748
2018-06-19,0.2093171622414764,0.7906828377585189,1,0.7906828377585189
2018-06-20,0.3498933029369826,0.6501066970630126,1,0.6501066970630126
2018-06-21,0.4976702249793065,0.5023297750206887,1,0.5023297750206887
2018-06-22,0.6069081197731293,0.39309188022686586,0,0.39309188022686586
2018-06-25,0.7028109900587478,0.2971890099412473,0,0.2971890099412473
2018-06-26,0.7388501209855115,0.2611498790144835,0,0.2611498790144835
2018-06-27,0.7617094740631872,0.238290525936808,0,0.238290525936808
2018-06-28,0.7759886434673188,0.22401135653267634,0,0.22401135653267634
2018-06-29,0.7774012841588978,0.22259871584109736,0,0.22259871584109736
2018-07-02,0.7644721555499109,0.23552784445008412,0,0.23552784445008412
2018-07-03,0.7235581709140735,0.2764418290859215,0,0.2764418290859215
2018-07-04,0.5762209709745106,0.42377902902548426,0,0.42377902902548426
2018-07-05,0.057892604855586574,0.9421073951444084,1,0.9421073951444084
2018-07-06,0.008453570260793204,0.9915464297392018,1,0.9915464297392018
2018-07-09,0.0023805997937295623,0.9976194002062657,1,0.9976194002062657
2018-07-10,0.0005366657786579074,0.9994633342213375,1,0.9994633342213375
2018-07-11,8.164387269284295e-07,0.9999991835612685,1,0.9999991835612685
2018-07-12,3.4019671782023095e-06,0.9999965980328173,1,0.9999965980328173
2018-07-13,1.0368719106137936e-05,0.9999896312808892,1,0.9999896312808892
2018-07-16,5.951313780394731e-06,0.9999940486862149,1,0.9999940486862149
2018-07-17,1.3284389702618591e-05,0.999986715610293,1,0.999986715610293
2018-07-18,2.605547485110302e-05,0.9999739445251443,1,0.9999739445251443
2018-07-19,4.0504269720131773e-07,0.9999995949572982,1,0.9999995949572982
2018-07-20,3.900990001336444e-05,0.9999609900999821,1,0.9999609900999821
2018-07-23,0.00045302569474383014,0.9995469743052514,1,0.9995469743052514
2018-07-24,0.0054184148490913275,0.9945815851509038,1,0.9945815851509038
2018-07-25,0.007993252835514431,0.9920067471644806,1,0.9920067471644806
2018-07-26,0.009773093424064613,0.9902269065759305,1,0.9902269065759305
2018-07-27,0.009706966684166644,0.9902930333158285,1,0.9902930333158285
2018-07-30,0.008712840818639761,0.9912871591813556,1,0.9912871591813556
2018-07-31,0.007337901005226429,0.9926620989947688,1,0.9926620989947688
2018-08-01,0.0017115102604157236,0.9982884897395794,1,0.9982884897395794
2018-08-02,0.0007877784800979538,0.9992122215198972,1,0.9992122215198972
2018-08-03,0.0006643058381398949,0.999335694161855,1,0.999335694161855
2018-08-06,0.0004250606515305115,0.9995749393484645,1,0.9995749393484645
2018-08-07,0.0005839811259467735,0.9994160188740481,1,0.9994160188740481
2018-08-08,0.0006485530025199525,0.9993514469974747,1,0.9993514469974747
2018-08-09,0.0008565602961622448,0.9991434397038325,1,0.9991434397038325
2018-08-10,0.0006947973291464465,0.9993052026708483,1,0.9993052026708483
2018-08-13,0.0008150762021048418,0.9991849237978899,1,0.9991849237978899
2018-08-14,0.00016585451539383384,0.999834145484601,1,0.999834145484601
2018-08-15,7.854422241303426e-08,0.9999999214557725,1,0.9999999214557725
2018-08-16,1.1162294731823492e-05,0.9999888377052634,1,0.9999888377052634
2018-08-17,3.2323085532560434e-05,0.9999676769144625,1,0.9999676769144625
2018-08-20,0.00010095946465335866,0.9998990405353418,1,0.9998990405353418
2018-08-21,0.00016269258457226132,0.9998373074154231,1,0.9998373074154231
2018-08-22,5.432016714965925e-05,0.9999456798328458,1,0.9999456798328458
2018-08-23,5.909147883239688e-05,0.9999409085211631,1,0.9999409085211631
2018-08-24,9.006434424357643e-05,0.9999099356557519,1,0.9999099356557519
2018-08-27,0.00016152102637512482,0.9998384789736203,1,0.9998384789736203
2018-08-28,0.0004226366759313509,0.9995773633240642,1,0.9995773633240642
2018-08-29,0.0003076344157886704,0.9996923655842068,1,0.9996923655842068
2018-08-30,0.00017687893423782121,0.9998231210657577,1,0.9998231210657577
2018-08-31,1.0149792087048018e-05,0.9999898502079083,1,0.9999898502079083
2018-09-03,5.4698418399564615e-06,0.9999945301581553,1,0.9999945301581553
2018-09-04,9.004451811410628e-08,0.999999909955477,1,0.999999909955477
2018-09-05,1.6400039953082952e-07,0.9999998359995955,1,0.9999998359995955
2018-09-06,1.0652356608073981e-06,0.9999989347643345,1,0.9999989347643345
2018-09-07,7.599545208537906e-07,0.9999992400454744,1,0.9999992400454744
2018-09-10,1.67121787948669e-06,0.9999983287821157,1,0.9999983287821157
2018-09-11,7.85461742494016e-07,0.9999992145382527,1,0.9999992145382527
2018-09-12,1.1699758231175298e-05,0.9999883002417642,1,0.9999883002417642
2018-09-13,4.5458936901263274e-05,0.999954541063094,1,0.999954541063094
2018-09-14,0.00024024483382566108,0.9997597551661697,1,0.9997597551661697
2018-09-17,0.007304732571667734,0.9926952674283276,1,0.9926952674283276
2018-09-18,0.2930960585740155,0.7069039414259799,1,0.7069039414259799
2018-09-19,0.48448941127611594,0.5155105887238794,1,0.5155105887238794
2018-09-20,0.6807438621988167,0.3192561378011786,0,0.3192561378011786
2018-09-21,0.8658960094814797,0.13410399051851574,0,0.13410399051851574
2018-09-24,0.9583298608899883,0.04167013911000725,0,0.04167013911000725
2018-09-25,0.987764481890145,0.012235518109850513,0,0.012235518109850513
2018-09-26,0.9960237022505776,0.003976297749417941,0,0.003976297749417941
2018-09-27,0.998786888657797,0.0012131113421986364,0,0.0012131113421986364
2018-09-28,0.9995762019615292,0.0004237980384664536,0,0.0004237980384664536
2018-10-01,0.9998049254788649,0.00019507452113083526,0,0.00019507452113083526
2018-10-02,0.9998670426478694,0.00013295735212610275,0,0.00013295735212610275
2018-10-03,0.9998529084325727,0.00014709156742282484,0,0.00014709156742282484
2018-10-04,0.999863659084845,0.00013634091515060754,0,0.00013634091515060754
2018-10-05,0.9998039351321966,0.00019606486779914385,0,0.00019606486779914385
2018-10-08,0.9996751811195348,0.0003248188804608383,0,0.0003248188804608383
2018-10-09,0.9991227265150512,0.00087727348494449,0,0.00087727348494449
2018-10-10,0.997734823080991,0.002265176919004603,0,0.002265176919004603
2018-10-11,0.9925621945657577,0.007437805434237802,0,0.007437805434237802
2018-10-12,0.9782398302366365,0.0217601697633591,0,0.0217601697633591
2018-10-15,0.9331024080738817,0.06689759192611389,0,0.06689759192611389
2018-10-16,0.8530752953930796,0.14692470460691603,0,0.14692470460691603
2018-10-17,0.7492954212615576,0.25070457873843777,0,0.25070457873843777
2018-10-18,0.5914183651620752,0.40858163483791987,0,0.40858163483791987
2018-10-19,0.5234772933737867,0.47652270662620844,0,0.47652270662620844
2018-10-22,0.42193848793201094,0.5780615120679842,1,0.5780615120679842
2018-10-23,0.19655961833218538,0.8034403816678096,1,0.8034403816678096
2018-10-24,0.11358050981687759,0.8864194901831175,1,0.8864194901831175
2018-10-25,0.06019797127822161,0.9398020287217734,1,0.9398020287217734
2018-10-26,0.025661769123198678,0.9743382308767964,1,0.9743382308767964
2018-10-29,0.011701006420005792,0.9882989935799895,1,0.9882989935799895
2018-10-30,0.0016058535884519247,0.9983941464115433,1,0.9983941464115433
2018-10-31,0.0032648266936710435,0.9967351733063243,1,0.9967351733063243
2018-11-01,0.026615241513721036,0.9733847584862743,1,0.9733847584862743
2018-11-02,0.22332578117501115,0.7766742188249841,1,0.7766742188249841
2018-11-05,0.2891755259100491,0.7108244740899461,1,0.7108244740899461
2018-11-06,0.35122448170770626,0.6487755182922891,1,0.6487755182922891
2018-11-07,0.4372179285315051,0.5627820714684901,1,0.5627820714684901
2018-11-08,0.5025300523258863,0.49746994767410885,0,0.49746994767410885
2018-11-09,0.5652059966398011,0.4347940033601941,0,0.4347940033601941
2018-11-12,0.6616806949558908,0.3383193050441045,0,0.3383193050441045
2018-11-13,0.789181458981807,0.21081854101818825,0,0.21081854101818825
2018-11-14,0.8909122876555527,0.10908771234444242,0,0.10908771234444242
2018-11-15,0.9633392246333704,0.036660775366625,0,0.036660775366625
2018-11-16,0.9898995336799524,0.01010046632004298,0,0.01010046632004298
2018-11-19,0.9969646714256183,0.003035328574377197,0,0.003035328574377197
2018-11-20,0.9988319306475489,0.001168069352446612,0,0.001168069352446612
2018-11-21,0.9994559573672577,0.0005440426327378507,0,0.0005440426327378507
2018-11-22,0.9995362295440897,0.00046377045590561747,0,0.00046377045590561747
2018-11-23,0.9992082978543781,0.0007917021456171679,0,0.0007917021456171679
2018-11-26,0.9981392741800675,0.0018607258199277161,0,0.0018607258199277161
2018-11-27,0.9954680065760764,0.004531993423918819,0,0.004531993423918819
2018-11-28,0.9922307730161101,0.007769226983885318,0,0.007769226983885318
2018-11-29,0.9796716079935545,0.020328392006440776,0,0.020328392006440776
2018-11-30,0.9411090978044107,0.05889090219558461,0,0.05889090219558461
2018-12-03,0.8104908861917852,0.18950911380820992,0,0.18950911380820992
2018-12-04,0.40794883312058544,0.5920511668794094,1,0.5920511668794094
2018-12-05,0.20373722117443005,0.7962627788255647,1,0.7962627788255647
2018-12-06,0.09637260271569198,0.903627397284303,1,0.903627397284303
2018-12-07,0.041223295216850905,0.958776704783144,1,0.958776704783144
2018-12-10,0.014748268397233697,0.9852517316027612,1,0.9852517316027612
2018-12-11,0.013062266812396006,0.9869377331875989,1,0.9869377331875989
2018-12-12,0.01078171586285892,0.989218284137136,1,0.989218284137136
2018-12-13,0.008242230302718628,0.9917577696972766,1,0.9917577696972766
2018-12-14,0.005684460645842298,0.9943155393541527,1,0.9943155393541527
2018-12-17,0.0016896115172272484,0.9983103884827678,1,0.9983103884827678
2018-12-18,1.7641080258122986e-06,0.9999982358919693,1,0.9999982358919693
2018-12-19,7.305856678191281e-06,0.9999926941433168,1,0.9999926941433168
2018-12-20,2.25305184951347e-07,0.99999977469481,1,0.99999977469481
2018-12-21,2.0971242324611426e-07,0.9999997902875718,1,0.9999997902875718
2018-12-24,4.600388136009089e-09,0.999999995399607,1,0.999999995399607
2018-12-25,7.135370895007921e-09,0.9999999928646243,1,0.9999999928646243
2018-12-26,3.7461271679835867e-07,0.9999996253872786,1,0.9999996253872786
2018-12-27,1.2682316026947383e-09,0.9999999987317639,1,0.9999999987317639
2018-12-28,4.122871818855437e-09,0.9999999958771235,1,0.9999999958771235
2018-12-31,2.0588947599638522e-11,0.9999999999794065,1,0.9999999999794065
2019-01-01,4.9284710220768374e-11,0.9999999999507105,1,0.9999999999507105
2019-01-02,3.76836930964762e-11,0.9999999999623115,1,0.9999999999623115
2019-01-03,1.801184902361498e-15,0.9999999999999936,1,0.9999999999999936
2019-01-04,3.5671518634669956e-09,0.9999999964328434,1,0.9999999964328434
2019-01-07,8.125414175985278e-10,0.9999999991874537,1,0.9999999991874537
2019-01-08,2.114669085797038e-08,0.9999999788533044,1,0.9999999788533044
2019-01-09,1.1190717372357435e-08,0.999999988809278,1,0.999999988809278
2019-01-10,7.541062692657754e-09,0.9999999924589327,1,0.9999999924589327
2019-01-11,7.604222788261815e-08,0.9999999239577676,1,0.9999999239577676
2019-01-14,9.217177861760497e-09,0.9999999907828176,1,0.9999999907828176
2019-01-15,3.795710869942498e-08,0.9999999620428868,1,0.9999999620428868
2019-01-16,6.254505804360918e-07,0.999999374549415,1,0.999999374549415
2019-01-17,1.656427784928934e-06,0.9999983435722106,1,0.9999983435722106
2019-01-18,5.147768676709772e-05,0.9999485223132287,1,0.9999485223132287
2019-01-21,5.4670450407954575e-05,0.9999453295495878,1,0.9999453295495878
2019-01-22,3.841942233248705e-06,0.9999961580577625,1,0.9999961580577625
2019-01-23,4.3245619123117886e-06,0.9999956754380835,1,0.9999956754380835
2019-01-24,2.5241440149795943e-06,0.9999974758559809,1,0.9999974758559809
2019-01-25,1.1814824191498584e-05,0.9999881851758043,1,0.9999881851758043
2019-01-28,3.599771101225487e-07,0.9999996400228858,1,0.9999996400228858
2019-01-29,3.848820693955487e-06,0.9999961511793019,1,0.9999961511793019
2019-01-30,2.951770076443985e-05,0.9999704822992311,1,0.9999704822992311
2019-01-31,3.204992653631137e-05,0.9999679500734593,1,0.9999679500734593
2019-02-01,5.7231888854278586e-05,0.9999427681111412,1,0.9999427681111412
2019-02-04,0.00041238232769190484,0.9995876176723035,1,0.9995876176723035
2019-02-05,0.0014757717235292312,0.9985242282764663,1,0.9985242282764663
2019-02-06,0.0028641520859335346,0.997135847914062,1,0.997135847914062
2019-02-07,0.0032608784229008823,0.9967391215770947,1,0.9967391215770947
2019-02-08,0.0029338578448632156,0.9970661421551322,1,0.9970661421551322
2019-02-11,0.0030201786303149726,0.9969798213696806,1,0.9969798213696806
2019-02-12,0.003713320943795541,0.9962866790561999,1,0.9962866790561999
2019-02-13,0.007769281263796753,0.9922307187361986,1,0.9922307187361986
2019-02-14,0.025708520539678915,0.9742914794603165,1,0.9742914794603165
2019-02-15,0.08791329985195537,0.91208670014804,1,0.91208670014804
2019-02-18,0.23502241001401736,0.7649775899859782,1,0.7649775899859782
2019-02-19,0.5669255725750277,0.43307442742496804,0,0.43307442742496804
2019-02-20,0.8474630103674221,0.15253698963257387,0,0.15253698963257387
2019-02-21,0.9539562827665778,0.04604371723341806,0,0.04604371723341806
2019-02-22,0.9875343282895225,0.012465671710473407,0,0.012465671710473407
2019-02-25,0.9965519981777556,0.003448001822240322,0,0.003448001822240322
2019-02-26,0.9989554707373614,0.00104452926263462,0,0.00104452926263462
2019-02-27,0.9995758163549355,0.00042418364506058347,0,0.00042418364506058347
2019-02-28,0.9997460482460852,0.000253951753910831,0,0.000253951753910831
2019-03-01,0.9997448893397258,0.0002551106602702326,0,0.0002551106602702326
2019-03-04,0.999693714646349,0.00030628535364691904,0,0.00030628535364691904
2019-03-05,0.9995794988986075,0.0004205011013883942,0,0.0004205011013883942
2019-03-06,0.9996740722359052,0.0003259277640907382,0,0.0003259277640907382
2019-03-07,0.9997584555394265,0.0002415444605693543,0,0.0002415444605693543
2019-03-08,0.9998520451003329,0.0001479548996631307,0,0.0001479548996631307
2019-03-11,0.9998565384848245,0.0001434615151715074,0,0.0001434615151715074
2019-03-12,0.9998521345141924,0.00014786548580368605,0,0.00014786548580368605
2019-03-13,0.9998781174526916,0.0001218825473045011,0,0.0001218825473045011
2019-03-14,0.9998947369343966,0.00010526306559943525,0,0.00010526306559943525
2019-03-15,0.999899950266351,0.00010004973364504066,0,0.00010004973364504066
2019-03-18,0.9998982425040415,0.00010175749595475797,0,0.00010175749595475797
2019-03-19,0.9998916852343582,0.00010831476563809469,0,0.00010831476563809469
2019-03-20,0.9998791466272251,0.00012085337277136386,0,0.00012085337277136386
2019-03-21,0.9998546255454478,0.00014537445454855026,0,0.00014537445454855026
2019-03-22,0.9997254380748376,0.00027456192515874724,0,0.00027456192515874724
2019-03-25,0.9996685183097938,0.0003314816902026708,0,0.0003314816902026708
2019-03-26,0.9997437814275058,0.00025621857249057096,0,0.00025621857249057096
2019-03-27,0.9998161598614668,0.00018384013852960782,0,0.00018384013852960782
2019-03-28,0.9998411994551633,0.00015880054483321106,0,0.00015880054483321106
2019-03-29,0.9997540573864626,0.00024594261353390047,0,0.00024594261353390047
2019-04-01,0.999737797658922,0.00026220234107452806,0,0.00026220234107452806
2019-04-02,0.9997454222332338,0.00025457776676294716,0,0.00025457776676294716
2019-04-03,0.9996457371316494,0.00035426286834704275,0,0.00035426286834704275
2019-04-04,0.9997430899039734,0.00025691009602317195,0,0.00025691009602317195
2019-04-05,0.9997720606633124,0.00022793933668434823,0,0.00022793933668434823
2019-04-08,0.9996620696545493,0.00033793034544744936,0,0.00033793034544744936
2019-04-09,0.9994281507536729,0.0005718492463239163,0,0.0005718492463239163
2019-04-10,0.9987024602294565,0.0012975397705403387,0,0.0012975397705403387
2019-04-11,0.9960832555206373,0.003916744479359352,0,0.003916744479359352
2019-04-12,0.9876223277369167,0.012377672263079703,0,0.012377672263079703
2019-04-15,0.9764350526211648,0.02356494737883154,0,0.02356494737883154
2019-04-16,0.9605000945505916,0.03949990544940497,0,0.03949990544940497
2019-04-17,0.9499978627211941,0.05000213727880251,0,0.05000213727880251
2019-04-18,0.9535997172991609,0.046400282700835675,0,0.046400282700835675
2019-04-19,0.9599583622222607,0.040041637777735964,0,0.040041637777735964
2019-04-22,0.969817336770157,0.030182663229839705,0,0.030182663229839705
2019-04-23,0.9772041300324996,0.022795869967497075,0,0.022795869967497075
2019-04-24,0.9830446937887908,0.016955306211206146,0,0.016955306211206146
2019-04-25,0.9884195918232926,0.011580408176704221,0,0.011580408176704221
2019-04-26,0.9900887160627413,0.009911283937255553,0,0.009911283937255553
2019-04-29,0.9953002088512628,0.004699791148734288,0,0.004699791148734288
2019-04-30,0.9978526230225544,0.002147376977442678,0,0.002147376977442678
2019-05-01,0.9990736939896118,0.0009263060103852124,0,0.0009263060103852124
2019-05-02,0.9993468144134292,0.0006531855865677865,0,0.0006531855865677865
2019-05-03,0.9990634474096329,0.0009365525903639311,0,0.0009365525903639311
2019-05-06,0.9975871722284586,0.002412827771538313,0,0.002412827771538313
2019-05-07,0.9919501367855691,0.008049863214427742,0,0.008049863214427742
2019-05-08,0.9754673857572819,0.02453261424271487,0,0.02453261424271487
2019-05-09,0.9264589705216157,0.0735410294783808,0,0.0735410294783808
2019-05-10,0.7996913267749827,0.200308673225014,0,0.200308673225014
2019-05-13,0.48445822330582905,0.5155417766941675,1,0.5155417766941675
2019-05-14,0.4272511162681183,0.5727488837318784,1,0.5727488837318784
2019-05-15,0.40656248329346756,0.5934375167065293,1,0.5934375167065293
2019-05-16,0.3930055483860793,0.6069944516139174,1,0.6069944516139174
2019-05-17,0.36740441436672333,0.6325955856332733,1,0.6325955856332733
2019-05-20,0.3086236033852932,0.6913763966147036,1,0.6913763966147036
2019-05-21,0.21386403824691638,0.7861359617530803,1,0.7861359617530803
2019-05-22,0.07236197650388261,0.927638023496114,1,0.927638023496114
2019-05-23,0.015081657672650366,0.9849183423273463,1,0.9849183423273463
2019-05-24,0.006604716864434501,0.9933952831355621,1,0.9933952831355621
2019-05-27,0.002943247649385275,0.9970567523506113,1,0.9970567523506113
2019-05-28,0.001359058770646979,0.9986409412293497,1,0.9986409412293497
2019-05-29,0.00015343745657804637,0.9998465625434186,1,0.9998465625434186
2019-05-30,7.651649810548128e-06,0.9999923483501861,1,0.9999923483501861
2019-05-31,7.015654492170231e-08,0.9999999298434515,1,0.9999999298434515
2019-06-03,7.4260495406861025e-09,0.9999999925739469,1,0.9999999925739469
2019-06-04,4.520533352178998e-08,0.999999954794663,1,0.999999954794663
2019-06-05,1.6012389382331228e-10,0.9999999998398725,1,0.9999999998398725
2019-06-06,7.562513416164416e-10,0.999999999243745,1,0.999999999243745
2019-06-07,3.807576002605056e-11,0.9999999999619207,1,0.9999999999619207
2019-06-10,6.578639110948476e-08,0.9999999342136056,1,0.9999999342136056
2019-06-11,1.6529685811186922e-07,0.9999998347031385,1,0.9999998347031385
2019-06-12,1.926282524633014e-08,0.9999999807371714,1,0.9999999807371714
2019-06-13,8.171827004691642e-09,0.9999999918281696,1,0.9999999918281696
2019-06-14,6.93481697308254e-10,0.9999999993065147,1,0.9999999993065147
2019-06-17,7.90946387031965e-09,0.9999999920905325,1,0.9999999920905325
2019-06-18,3.3648203602752103e-07,0.9999996635179603,1,0.9999996635179603
2019-06-19,9.81004707546133e-08,0.9999999018995255,1,0.9999999018995255
2019-06-20,3.8014148708853927e-10,0.9999999996198549,1,0.9999999996198549
2019-06-21,1.4178961043294246e-10,0.9999999998582069,1,0.9999999998582069
2019-06-24,7.06675368249431e-12,0.9999999999929298,1,0.9999999999929298
2019-06-25,3.7239219198420785e-10,0.9999999996276046,1,0.9999999996276046
2019-06-26,1.2840266276028927e-10,0.999999999871594,1,0.999999999871594
2019-06-27,5.68852934151885e-10,0.9999999994311438,1,0.9999999994311438
2019-06-28,4.5978515813157376e-10,0.9999999995402115,1,0.9999999995402115
2019-07-01,5.261794387634031e-09,0.9999999947382022,1,0.9999999947382022
2019-07-02,4.5374035744298663e-11,0.9999999999546224,1,0.9999999999546224
2019-07-03,8.241028969448264e-11,0.9999999999175863,1,0.9999999999175863
2019-07-04,1.848799939145215e-10,0.9999999998151164,1,0.9999999998151164
2019-07-05,1.920008752079922e-09,0.9999999980799879,1,0.9999999980799879
2019-07-08,2.6387038483223726e-09,0.9999999973612927,1,0.9999999973612927
2019-07-09,3.1189209299387745e-10,0.9999999996881045,1,0.9999999996881045
2019-07-10,1.970102973307279e-08,0.999999980298967,1,0.999999980298967
2019-07-11,3.054426873297089e-08,0.9999999694557278,1,0.9999999694557278
2019-07-12,3.974782620029864e-08,0.9999999602521704,1,0.9999999602521704
2019-07-15,1.3033625370342137e-07,0.999999869663743,1,0.999999869663743
2019-07-16,9.623666439925023e-08,0.9999999037633324,1,0.9999999037633324
2019-07-17,8.768927377031176e-08,0.9999999123107229,1,0.9999999123107229
2019-07-18,4.687339033626012e-08,0.9999999531266065,1,0.9999999531266065
2019-07-19,7.475852441815709e-07,0.9999992524147527,1,0.9999992524147527
2019-07-22,1.7869752700790052e-07,0.9999998213024697,1,0.9999998213024697
2019-07-23,1.2814003294432605e-07,0.9999998718599639,1,0.9999998718599639
2019-07-24,2.2855599726899648e-07,0.9999997714439995,1,0.9999997714439995
2019-07-25,4.707977987425432e-07,0.999999529202198,1,0.999999529202198
2019-07-26,1.307834841021754e-07,0.9999998692165127,1,0.9999998692165127
2019-07-29,8.97445288796718e-07,0.9999991025547079,1,0.9999991025547079
2019-07-30,4.671919735467663e-08,0.9999999532807994,1,0.9999999532807994
2019-07-31,4.665203787345139e-08,0.9999999533479588,1,0.9999999533479588
2019-08-01,1.3067610524919467e-07,0.9999998693238914,1,0.9999998693238914
2019-08-02,1.006168547580841e-11,0.9999999999899348,1,0.9999999999899348
2019-08-05,1.2004113255276308e-13,0.9999999999998764,1,0.9999999999998764
2019-08-06,5.230089452083056e-13,0.9999999999994735,1,0.9999999999994735
2019-08-07,3.096622738271954e-14,0.9999999999999658,1,0.9999999999999658
2019-08-08,1.2388695004419275e-11,0.9999999999876079,1,0.9999999999876079
2019-08-09,9.679908661384614e-12,0.9999999999903166,1,0.9999999999903166
2019-08-12,6.241529793509545e-12,0.9999999999937552,1,0.9999999999937552
2019-08-13,5.39970570018024e-10,0.9999999994600262,1,0.9999999994600262
2019-08-14,1.6606980987907204e-11,0.9999999999833896,1,0.9999999999833896
2019-08-15,3.3490291991363904e-11,0.9999999999665062,1,0.9999999999665062
2019-08-16,1.843978345811019e-10,0.9999999998155986,1,0.9999999998155986
2019-08-19,2.0508409641032725e-09,0.9999999979491557,1,0.9999999979491557
2019-08-20,6.152664309297343e-10,0.9999999993847303,1,0.9999999993847303
2019-08-21,1.8157109214348218e-09,0.9999999981842858,1,0.9999999981842858
2019-08-22,1.3355251052877725e-09,0.9999999986644715,1,0.9999999986644715
2019-08-23,2.1814120950843898e-11,0.9999999999781826,1,0.9999999999781826
2019-08-26,1.3668012169538954e-10,0.9999999998633168,1,0.9999999998633168
2019-08-27,8.333154003802692e-11,0.9999999999166653,1,0.9999999999166653
2019-08-28,3.9436406468636675e-10,0.9999999996056327,1,0.9999999996056327
2019-08-29,3.368729967377532e-09,0.9999999966312667,1,0.9999999966312667
2019-08-30,2.7717043751967453e-09,0.9999999972282924,1,0.9999999972282924
2019-09-02,4.745818751689536e-09,0.999999995254178,1,0.999999995254178
2019-09-03,2.63070107386309e-10,0.9999999997369267,1,0.9999999997369267
2019-09-04,1.06386662331526e-08,0.9999999893613303,1,0.9999999893613303
2019-09-05,1.0100657551141087e-06,0.9999989899342415,1,0.9999989899342415
2019-09-06,1.560755273654281e-06,0.999998439244723,1,0.999998439244723
2019-09-09,2.021170656073109e-06,0.9999979788293406,1,0.9999979788293406
2019-09-10,4.394476403675001e-06,0.9999956055235929,1,0.9999956055235929
2019-09-11,2.851399805379206e-06,0.9999971486001912,1,0.9999971486001912
2019-09-12,6.476292374151047e-06,0.9999935237076225,1,0.9999935237076225
2019-09-13,3.6287014231458724e-05,0.9999637129857653,1,0.9999637129857653
2019-09-16,6.07601211386389e-06,0.9999939239878828,1,0.9999939239878828
2019-09-17,3.879386427925142e-06,0.9999961206135689,1,0.9999961206135689
2019-09-18,2.5962607775021257e-06,0.9999974037392193,1,0.9999974037392193
2019-09-19,4.154999993310242e-06,0.9999958450000037,1,0.9999958450000037
2019-09-20,2.9478908529753665e-06,0.9999970521091438,1,0.9999970521091438
2019-09-23,1.6588842833014217e-06,0.9999983411157134,1,0.9999983411157134
2019-09-24,1.0942885755585822e-06,0.999998905711421,1,0.999998905711421
2019-09-25,6.079117476070622e-06,0.9999939208825206,1,0.9999939208825206
2019-09-26,2.2966271316767006e-06,0.9999977033728652,1,0.9999977033728652
2019-09-27,8.17728161719543e-06,0.9999918227183796,1,0.9999918227183796
2019-09-30,2.332703356940878e-05,0.9999766729664274,1,0.9999766729664274
2019-10-01,9.887195299689136e-06,0.9999901128046973,1,0.9999901128046973
2019-10-02,5.538533844180231e-06,0.9999944614661529,1,0.9999944614661529
2019-10-03,2.9545197884431063e-06,0.9999970454802086,1,0.9999970454802086
2019-10-04,4.909124349636901e-06,0.9999950908756475,1,0.9999950908756475
2019-10-07,1.2675782447338127e-05,0.9999873242175497,1,0.9999873242175497
2019-10-08,1.2041549571786039e-05,0.9999879584504253,1,0.9999879584504253
2019-10-09,1.110228189442509e-05,0.9999888977181025,1,0.9999888977181025
2019-10-10,6.570713701714245e-05,0.9999342928629799,1,0.9999342928629799
2019-10-11,0.0001618504775161441,0.9998381495224808,1,0.9998381495224808
2019-10-14,0.00022083974582223618,0.9997791602541749,1,0.9997791602541749
2019-10-15,0.0003641079601904829,0.9996358920398066,1,0.9996358920398066
2019-10-16,0.0006554148302060801,0.9993445851697912,1,0.9993445851697912
2019-10-17,0.0025215476979659718,0.9974784523020312,1,0.9974784523020312
2019-10-18,0.011600167288696745,0.9883998327113005,1,0.9883998327113005
2019-10-21,0.02968143818776983,0.9703185618122273,1,0.9703185618122273
2019-10-22,0.055006399465064575,0.9449936005349325,1,0.9449936005349325
2019-10-23,0.0959778136206845,0.9040221863793125,1,0.9040221863793125
2019-10-24,0.1400407059027646,0.8599592940972324,1,0.8599592940972324
2019-10-25,0.20023407309057228,0.7997659269094247,1,0.7997659269094247
2019-10-28,0.2727271025470204,0.7272728974529767,1,0.7272728974529767
2019-10-29,0.3356062137077703,0.6643937862922268,1,0.6643937862922268
2019-10-30,0.3799110186073737,0.6200889813926233,1,0.6200889813926233
2019-10-31,0.41514029694994337,0.5848597030500536,1,0.5848597030500536
2019-11-01,0.5023040232690581,0.49769597673093896,0,0.49769597673093896
2019-11-04,0.6397351314737718,0.3602648685262253,0,0.3602648685262253
2019-11-05,0.8055661951701718,0.1944338048298254,0,0.1944338048298254
2019-11-06,0.8889572777208167,0.11104272227918045,0,0.11104272227918045
2019-11-07,0.9580716716191137,0.04192832838088314,0,0.04192832838088314
2019-11-08,0.9807884750402157,0.01921152495978096,0,0.01921152495978096
2019-11-11,0.9901918675460031,0.009808132453993576,0,0.009808132453993576
2019-11-12,0.9941863030076759,0.005813696992320748,0,0.005813696992320748
2019-11-13,0.9959296226591147,0.004070377340881873,0,0.004070377340881873
2019-11-14,0.9968097001540922,0.0031902998459041702,0,0.0031902998459041702
2019-11-15,0.9977084273911073,0.00229157260888921,0,0.00229157260888921
2019-11-18,0.9982423612143296,0.001757638785666819,0,0.001757638785666819
2019-11-19,0.9988261340504371,0.001173865949559335,0,0.001173865949559335
2019-11-20,0.999145974157914,0.0008540258420825599,0,0.0008540258420825599
2019-11-21,0.9993627145596031,0.0006372854403933842,0,0.0006372854403933842
2019-11-22,0.9995821568257669,0.0004178431742296973,0,0.0004178431742296973
2019-11-25,0.9997152392396506,0.00028476076034629786,0,0.00028476076034629786
2019-11-26,0.9997948792061913,0.00020512079380546552,0,0.00020512079380546552
2019-11-27,0.9998235408094341,0.00017645919056243222,0,0.00017645919056243222
2019-11-28,0.9998041285784371,0.00019587142155938676,0,0.00019587142155938676
2019-11-29,0.9997069082495835,0.00029309175041312453,0,0.00029309175041312453
2019-12-02,0.9996160447543241,0.00038395524567265155,0,0.00038395524567265155
2019-12-03,0.999487638018819,0.0005123619811777148,0,0.0005123619811777148
2019-12-04,0.9996059023210713,0.00039409767892534985,0,0.00039409767892534985
2019-12-05,0.99971019225806,0.0002898077419366767,0,0.0002898077419366767
2019-12-06,0.9998468750478964,0.0001531249521002822,0,0.0001531249521002822
2019-12-09,0.9998916867626937,0.00010831323730299875,0,0.00010831323730299875
2019-12-10,0.9999038796631429,9.612033685388365e-05,0,9.612033685388365e-05
2019-12-11,0.9999071058917474,9.289410824949408e-05,0,9.289410824949408e-05
2019-12-12,0.9999072464540705,9.275354592632265e-05,0,9.275354592632265e-05
2019-12-13,0.9999071897278939,9.281027210266309e-05,0,9.281027210266309e-05
2019-12-16,0.9999043276047584,9.567239523839266e-05,0,9.567239523839266e-05
2019-12-17,0.9999033169240923,9.668307590449861e-05,0,9.668307590449861e-05
2019-12-18,0.9999026374765204,9.736252347634312e-05,0,9.736252347634312e-05
2019-12-19,0.9999022918354922,9.770816450475378e-05,0,9.770816450475378e-05
2019-12-20,0.9999046838733933,9.53161266036505e-05,0,9.53161266036505e-05
2019-12-23,0.9999064707329103,9.352926708662352e-05,0,9.352926708662352e-05
2019-12-24,0.9999075782679318,9.242173206507409e-05,0,9.242173206507409e-05
2019-12-25,0.9999076436005586,9.235639943830734e-05,0,9.235639943830734e-05
2019-12-26,0.9999069797404264,9.302025957051309e-05,0,9.302025957051309e-05
2019-12-27,0.9999063987456954,9.36012543015926e-05,0,9.36012543015926e-05
2019-12-30,0.9999027964506291,9.720354936791125e-05,0,9.720354936791125e-05
2019-12-31,0.999892016535006,0.00010798346499113923,0,0.00010798346499113923
2020-01-01,0.9998875567325588,0.0001124432674384067,0,0.0001124432674384067
2020-01-02,0.9998806153548038,0.00011938464519321437,0,0.00011938464519321437
2020-01-03,0.9998296954539755,0.00017030454602166508,0,0.00017030454602166508
2020-01-06,0.999781951542496,0.0002180484575011847,0,0.0002180484575011847
2020-01-07,0.9997758092206518,0.0002241907793452809,0,0.0002241907793452809
2020-01-08,0.9998235504451599,0.00017644955483714174,0,0.00017644955483714174
2020-01-09,0.9998432174915397,0.00015678250845734597,0,0.00015678250845734597
2020-01-10,0.9998515427121668,0.00014845728783023833,0,0.00014845728783023833
2020-01-13,0.9998609894162195,0.0001390105837777422,0,0.0001390105837777422
2020-01-14,0.9997974028551863,0.00020259714481086447,0,0.00020259714481086447
2020-01-15,0.9995197047971808,0.00048029520281633696,0,0.00048029520281633696
2020-01-16,0.9985046950452758,0.001495304954721419,0,0.001495304954721419
2020-01-17,0.9948919398428352,0.00510806015716206,0,0.00510806015716206
2020-01-20,0.9827262041565473,0.017273795843450006,0,0.017273795843450006
2020-01-21,0.941499873111208,0.058500126888789306,0,0.058500126888789306
2020-01-22,0.8286784364698422,0.1713215635301551,0,0.1713215635301551
2020-01-23,0.5746928333817293,0.4253071666182682,0,0.4253071666182682
2020-01-24,0.24358405282789156,0.7564159471721055,1,0.7564159471721055
2020-01-27,0.02431134275859393,0.975688657241403,1,0.975688657241403
2020-01-28,0.0023063545539361782,0.9976936454460605,1,0.9976936454460605
2020-01-29,0.00013142753777088356,0.9998685724622256,1,0.9998685724622256
2020-01-30,4.4219360773257946e-06,0.999995578063919,1,0.999995578063919
2020-01-31,2.9016587096914065e-06,0.9999970983412867,1,0.9999970983412867
2020-02-03,4.249225933414943e-06,0.9999957507740629,1,0.9999957507740629
2020-02-04,4.068856177480378e-05,0.9999593114382217,1,0.9999593114382217
2020-02-05,7.557005362855926e-05,0.9999244299463681,1,0.9999244299463681
2020-02-06,8.740662214652281e-05,0.9999125933778501,1,0.9999125933778501
2020-02-07,3.950054129801413e-05,0.9999604994586987,1,0.9999604994586987
2020-02-10,3.583983118368611e-05,0.999964160168813,1,0.999964160168813
2020-02-11,0.00010813643322046298,0.9998918635667764,1,0.9998918635667764
2020-02-12,0.00017073446057785572,0.999829265539419,1,0.999829265539419
2020-02-13,0.00018052994350951023,0.9998194700564872,1,0.9998194700564872
2020-02-14,0.00012330387716430935,0.9998766961228325,1,0.9998766961228325
2020-02-17,0.00010176621892831569,0.9998982337810687,1,0.9998982337810687
2020-02-18,6.186714932338414e-05,0.9999381328506736,1,0.9999381328506736
2020-02-19,4.346991237027268e-05,0.9999565300876266,1,0.9999565300876266
2020-02-20,2.019887488604516e-05,0.999979801125111,1,0.999979801125111
2020-02-21,1.0997391192445863e-05,0.9999890026088045,1,0.9999890026088045
2020-02-24,1.6416080965121767e-06,0.9999983583919005,1,0.9999983583919005
2020-02-25,6.533422585634137e-06,0.9999934665774115,1,0.9999934665774115
2020-02-26,5.814368298527095e-06,0.9999941856316986,1,0.9999941856316986
2020-02-27,7.646376681811557e-06,0.9999923536233152,1,0.9999923536233152
2020-02-28,8.091537017470119e-05,0.9999190846298223,1,0.9999190846298223
2020-03-02,9.603417392558336e-05,0.9999039658260713,1,0.9999039658260713
2020-03-03,1.1826338074245837e-05,0.9999881736619226,1,0.9999881736619226
2020-03-04,1.300984940093315e-05,0.9999869901505959,1,0.9999869901505959
2020-03-05,3.6044409404147866e-06,0.9999963955590564,1,0.9999963955590564
2020-03-06,2.3430930795271485e-06,0.9999976569069174,1,0.9999976569069174
2020-03-09,4.3510497651067005e-07,0.9999995648950205,1,0.9999995648950205
2020-03-10,1.6495600088008053e-06,0.9999983504399882,1,0.9999983504399882
2020-03-11,2.504111363250882e-06,0.9999974958886336,1,0.9999974958886336
2020-03-12,2.1177680973283368e-05,0.9999788223190237,1,0.9999788223190237
2020-03-13,0.0001872300028056301,0.9998127699971913,1,0.9998127699971913
2020-03-16,0.0001354891718079317,0.9998645108281891,1,0.9998645108281891
2020-03-17,2.8895292772776305e-06,0.9999971104707197,1,0.9999971104707197
2020-03-18,6.062917094620421e-08,0.9999999393708259,1,0.9999999393708259
2020-03-19,4.0978145072363795e-07,0.999999590218546,1,0.999999590218546
2020-03-20,2.3194935227873683e-07,0.9999997680506443,1,0.9999997680506443
2020-03-23,6.762514226900473e-12,0.9999999999932343,1,0.9999999999932343
2020-03-24,5.82850471584991e-13,0.999999999999414,1,0.999999999999414
2020-03-25,1.9924833791638984e-10,0.9999999998007486,1,0.9999999998007486
2020-03-26,1.7204350897291808e-11,0.9999999999827927,1,0.9999999999827927
2020-03-27,1.660986086159082e-10,0.9999999998338984,1,0.9999999998338984
2020-03-30,4.387596971747762e-11,0.9999999999561209,1,0.9999999999561209
2020-03-31,7.467498570808123e-08,0.999999925325011,1,0.999999925325011
2020-04-01,1.527240218830032e-08,0.9999999847275944,1,0.9999999847275944
2020-04-02,6.3833396225530156e-09,0.9999999936166571,1,0.9999999936166571
2020-04-03,1.6233588438043642e-09,0.9999999983766379,1,0.9999999983766379
2020-04-06,4.316468970781229e-10,0.9999999995683498,1,0.9999999995683498
2020-04-07,2.163293496364489e-08,0.9999999783670619,1,0.9999999783670619
2020-04-08,1.767486993276549e-08,0.9999999823251268,1,0.9999999823251268
2020-04-09,2.235350198284107e-10,0.9999999997764618,1,0.9999999997764618
2020-04-10,3.919749489369111e-10,0.9999999996080219,1,0.9999999996080219
2020-04-13,3.1938612120847625e-09,0.9999999968061355,1,0.9999999968061355
2020-04-14,7.582809243386728e-09,0.9999999924171876,1,0.9999999924171876
2020-04-15,1.3449190224746504e-08,0.9999999865508067,1,0.9999999865508067
2020-04-16,1.96398012068515e-08,0.9999999803601958,1,0.9999999803601958
2020-04-17,8.146021653873725e-07,0.9999991853978317,1,0.9999991853978317
2020-04-20,2.849091203194469e-07,0.9999997150908768,1,0.9999997150908768
2020-04-21,9.26285256580063e-08,0.9999999073714717,1,0.9999999073714717
2020-04-22,5.996414184614889e-08,0.9999999400358557,1,0.9999999400358557
2020-04-23,8.04171953395631e-08,0.999999919582802,1,0.999999919582802
2020-04-24,4.021069513467369e-07,0.9999995978930462,1,0.9999995978930462
2020-04-27,2.3156143170902023e-06,0.9999976843856803,1,0.9999976843856803
2020-04-28,2.5994167322216776e-06,0.9999974005832651,1,0.9999974005832651
2020-04-29,3.494433196384197e-06,0.9999965055668009,1,0.9999965055668009
2020-04-30,4.641448349659383e-06,0.9999953585516476,1,0.9999953585516476
2020-05-01,1.2416964470102203e-06,0.9999987583035501,1,0.9999987583035501
2020-05-04,1.0027922267664322e-06,0.9999989972077704,1,0.9999989972077704
2020-05-05,2.2362434743478292e-06,0.9999977637565226,1,0.9999977637565226
2020-05-06,7.43187606330727e-06,0.9999925681239336,1,0.9999925681239336
2020-05-07,5.372529881581166e-06,0.9999946274701155,1,0.9999946274701155
2020-05-08,1.551281684532267e-05,0.9999844871831516,1,0.9999844871831516
2020-05-11,1.4862811587820824e-05,0.9999851371884091,1,0.9999851371884091
2020-05-12,6.899778323538621e-06,0.9999931002216734,1,0.9999931002216734
2020-05-13,3.7847036137876274e-06,0.9999962152963832,1,0.9999962152963832
2020-05-14,1.7223730397495237e-06,0.9999982776269573,1,0.9999982776269573
2020-05-15,6.46558024922921e-07,0.9999993534419719,1,0.9999993534419719
2020-05-18,1.2830912768100431e-05,0.9999871690872287,1,0.9999871690872287
2020-05-19,1.70264097472606e-05,0.9999829735902497,1,0.9999829735902497
2020-05-20,4.322421353504986e-05,0.999956775786462,1,0.999956775786462
2020-05-21,7.02676559509531e-05,0.999929732344046,1,0.999929732344046
2020-05-22,2.7945593885004357e-05,0.9999720544061121,1,0.9999720544061121
2020-05-25,5.602563520566411e-05,0.9999439743647915,1,0.9999439743647915
2020-05-26,0.0003692667381564562,0.9996307332618408,1,0.9996307332618408
2020-05-27,0.000919295080415368,0.9990807049195818,1,0.9990807049195818
2020-05-28,0.003925832186544458,0.9960741678134524,1,0.9960741678134524
2020-05-29,0.016754281983553145,0.9832457180164439,1,0.9832457180164439
2020-06-01,0.09209070169849055,0.9079092983015065,1,0.9079092983015065
2020-06-02,0.27192834934443233,0.728071650655565,1,0.728071650655565
2020-06-03,0.5067163166913748,0.4932836833086225,0,0.4932836833086225
2020-06-04,0.6859477385774904,0.3140522614225072,0,0.3140522614225072
2020-06-05,0.8859227096398832,0.11407729036011424,0,0.11407729036011424
2020-06-08,0.9563095638260848,0.043690436173913015,0,0.043690436173913015
2020-06-09,0.9839170076439208,0.01608299235607714,0,0.01608299235607714
2020-06-10,0.9942746587559933,0.005725341244004607,0,0.005725341244004607
2020-06-11,0.9972022673318444,0.0027977326681536993,0,0.0027977326681536993
2020-06-12,0.9986293779396268,0.0013706220603713639,0,0.0013706220603713639
2020-06-15,0.9991905730920431,0.0008094269079551623,0,0.0008094269079551623
2020-06-16,0.999451240227226,0.0005487597727721322,0,0.0005487597727721322
2020-06-17,0.9996427604905029,0.00035723950949537175,0,0.00035723950949537175
2020-06-18,0.9997334868895299,0.0002665131104684076,0,0.0002665131104684076
2020-06-19,0.999771796318891,0.00022820368110729503,0,0.00022820368110729503
2020-06-22,0.9998086317748278,0.00019136822517035307,0,0.00019136822517035307
2020-06-23,0.9998099375047477,0.00019006249525058632,0,0.00019006249525058632
2020-06-24,0.9998183797520346,0.00018162024796360946,0,0.00018162024796360946
2020-06-25,0.9998373664650241,0.0001626335349742243,0,0.0001626335349742243
2020-06-26,0.9998435261908559,0.00015647380914218537,0,0.00015647380914218537
2020-06-29,0.9998532134744863,0.00014678652551202185,0,0.00014678652551202185
2020-06-30,0.9998664575214165,0.00013354247858203094,0,0.00013354247858203094
2020-07-01,0.9998855336714776,0.00011446632852084404,0,0.00011446632852084404
2020-07-02,0.9998921289871642,0.00010787101283404223,0,0.00010787101283404223
2020-07-03,0.9998960156745332,0.00010398432546485811,0,0.00010398432546485811
2020-07-06,0.9999023871759385,9.761282405963432e-05,0,9.761282405963432e-05
2020-07-07,0.9999040582753573,9.594172464086891e-05,0,9.594172464086891e-05
2020-07-08,0.9999047783556496,9.522164434857977e-05,0,9.522164434857977e-05
2020-07-09,0.9999013622096693,9.863779032901593e-05,0,9.863779032901593e-05
2020-07-10,0.9998851935242219,0.0001148064757761987,0,0.0001148064757761987
2020-07-13,0.9998690744939391,0.00013092550605894667,0,0.00013092550605894667
2020-07-14,0.9998781861483192,0.00012181385167884845,0,0.00012181385167884845
2020-07-15,0.9998913111356155,0.00010868886438266663,0,0.00010868886438266663
2020-07-16,0.9998862854963184,0.00011371450367963611,0,0.00011371450367963611
2020-07-17,0.9998889505162702,0.00011104948372770451,0,0.00011104948372770451
2020-07-20,0.999890266237955,0.00010973376204277533,0,0.00010973376204277533
2020-07-21,0.9998929026218939,0.00010709737810385098,0,0.00010709737810385098
2020-07-22,0.9999025734341059,9.742656589198048e-05,0,9.742656589198048e-05
2020-07-23,0.9999003438135275,9.96561864702577e-05,0,9.96561864702577e-05
2020-07-24,0.9998826657892363,0.00011733421076153008,0,0.00011733421076153008
2020-07-27,0.9998504739881626,0.00014952601183543875,0,0.00014952601183543875
2020-07-28,0.9998222757670413,0.00017772423295680384,0,0.00017772423295680384
2020-07-29,0.9997683835010982,0.00023161649889984586,0,0.00023161649889984586
2020-07-30,0.9996562904773063,0.0003437095226916278,0,0.0003437095226916278
2020-07-31,0.9993045924189714,0.0006954075810266267,0,0.0006954075810266267
2020-08-03,0.9988506165837187,0.0011493834162793432,0,0.0011493834162793432
2020-08-04,0.9976404594714247,0.002359540528573462,0,0.002359540528573462
2020-08-05,0.9960869315319676,0.003913068468030615,0,0.003913068468030615
2020-08-06,0.994475036158284,0.0055249638417139485,0,0.0055249638417139485
2020-08-07,0.9936772575709183,0.006322742429079772,0,0.006322742429079772
2020-08-10,0.9954275673683464,0.004572432631651584,0,0.004572432631651584
2020-08-11,0.9981974804263185,0.0018025195736795863,0,0.0018025195736795863
2020-08-12,0.9991202921835595,0.0008797078164386687,0,0.0008797078164386687
2020-08-13,0.9993022526623457,0.0006977473376524436,0,0.0006977473376524436
2020-08-14,0.999615637290929,0.00038436270906900785,0,0.00038436270906900785
2020-08-17,0.999727285973248,0.0002727140267499615,0,0.0002727140267499615
2020-08-18,0.9998311266689225,0.00016887333107544315,0,0.00016887333107544315
2020-08-19,0.999887383996395,0.00011261600360290237,0,0.00011261600360290237
2020-08-20,0.9999009731558964,9.902684410138918e-05,0,9.902684410138918e-05
2020-08-21,0.9998991424791912,0.00010085752080667056,0,0.00010085752080667056
2020-08-24,0.9999033463694637,9.665363053445268e-05,0,9.665363053445268e-05
2020-08-25,0.9999070484181715,9.295158182663673e-05,0,9.295158182663673e-05
2020-08-26,0.9999074544875197,9.254551247838062e-05,0,9.254551247838062e-05
2020-08-27,0.9999076489142024,9.235108579584845e-05,0,9.235108579584845e-05
2020-08-28,0.9999075398888188,9.246011117954056e-05,0,9.246011117954056e-05
2020-08-31,0.9999069954347519,9.300456524637279e-05,0,9.300456524637279e-05
2020-09-01,0.9999069094426302,9.309055736792634e-05,0,9.309055736792634e-05
2020-09-02,0.9999033267922248,9.667320777314499e-05,0,9.667320777314499e-05
2020-09-03,0.9998999260826834,0.00010007391731461506,0,0.00010007391731461506
2020-09-04,0.9998791916884457,0.00012080831155229213,0,0.00012080831155229213
2020-09-07,0.9998769465118286,0.00012305348816937805,0,0.00012305348816937805
2020-09-08,0.9998914914132939,0.00010850858670403522,0,0.00010850858670403522
2020-09-09,0.9998947491861072,0.00010525081389069063,0,0.00010525081389069063
2020-09-10,0.9999009243010419,9.907569895577958e-05,0,9.907569895577958e-05
2020-09-11,0.9998915722678783,0.00010842773211935155,0,0.00010842773211935155
2020-09-14,0.9998861721293125,0.00011382787068510575,0,0.00011382787068510575
2020-09-15,0.9998857345145059,0.00011426548549163574,0,0.00011426548549163574
2020-09-16,0.9998816344797716,0.0001183655202257617,0,0.0001183655202257617
2020-09-17,0.9998572665083924,0.00014273349160518611,0,0.00014273349160518611
2020-09-18,0.9998267341256917,0.00017326587430583297,0,0.00017326587430583297
2020-09-21,0.9998057046971378,0.000194295302859797,0,0.000194295302859797
2020-09-22,0.9997681728907172,0.00023182710928027712,0,0.00023182710928027712
2020-09-23,0.9997685658051538,0.00023143419484373818,0,0.00023143419484373818
2020-09-24,0.999800564195158,0.00019943580483957626,0,0.00019943580483957626
2020-09-25,0.9997987170860186,0.00020128291397900717,0,0.00020128291397900717
2020-09-28,0.9998120856151718,0.00018791438482571108,0,0.00018791438482571108
2020-09-29,0.9998367909147656,0.0001632090852318879,0,0.0001632090852318879
2020-09-30,0.9998232508393994,0.00017674916059796315,0,0.00017674916059796315
2020-10-01,0.9998740627681111,0.00012593723188624673,0,0.00012593723188624673
2020-10-02,0.9998743319266234,0.00012566807337401398,0,0.00012566807337401398
2020-10-05,0.9998719441733972,0.00012805582660027122,0,0.00012805582660027122
2020-10-06,0.9998267750000916,0.00017322499990556965,0,0.00017322499990556965
2020-10-07,0.9996857115534952,0.00031428844650223376,0,0.00031428844650223376
2020-10-08,0.9995643044020038,0.00043569559799348226,0,0.00043569559799348226
2020-10-09,0.9994057135373982,0.0005942864625991971,0,0.0005942864625991971
2020-10-12,0.9990725826676126,0.0009274173323848309,0,0.0009274173323848309
2020-10-13,0.9981902615881528,0.0018097384118445875,0,0.0018097384118445875
2020-10-14,0.9965838781194134,0.0034161218805839255,0,0.0034161218805839255
2020-10-15,0.993180712952899,0.006819287047098535,0,0.006819287047098535
2020-10-16,0.9876942628674935,0.012305737132503911,0,0.012305737132503911
2020-10-19,0.9777429932495165,0.022257006750480694,0,0.022257006750480694
2020-10-20,0.9607878380158168,0.03921216198418037,0,0.03921216198418037
2020-10-21,0.9435052465105964,0.056494753489400945,0,0.056494753489400945
2020-10-22,0.9306096193904878,0.06939038060950956,0,0.06939038060950956
2020-10-23,0.9208127165286426,0.07918728347135491,0,0.07918728347135491
2020-10-26,0.9108523192708692,0.08914768072912825,0,0.08914768072912825
2020-10-27,0.8957938970224151,0.10420610297758227,0,0.10420610297758227
2020-10-28,0.8721831931773519,0.1278168068226454,0,0.1278168068226454
2020-10-29,0.8423422221624568,0.15765777783754076,0,0.15765777783754076
2020-10-30,0.8096190853864588,0.19038091461353884,0,0.19038091461353884
2020-11-02,0.763168535243121,0.23683146475687678,0,0.23683146475687678
2020-11-03,0.7034644360204113,0.29653556397958636,0,0.29653556397958636
2020-11-04,0.6159860670930289,0.3840139329069687,0,0.3840139329069687
2020-11-05,0.527140334000675,0.47285966599932294,0,0.47285966599932294
2020-11-06,0.3490883114082434,0.6509116885917542,1,0.6509116885917542
2020-11-09,0.08699192417985584,0.9130080758201418,1,0.9130080758201418
2020-11-10,0.03055914024414212,0.9694408597558556,1,0.9694408597558556
2020-11-11,0.010260836295651627,0.9897391637043462,1,0.9897391637043462
2020-11-12,0.0034288822684706943,0.9965711177315273,1,0.9965711177315273
2020-11-13,0.0009707309435986966,0.9990292690563994,1,0.9990292690563994
2020-11-16,0.00019609724336713794,0.9998039027566309,1,0.9998039027566309
2020-11-17,8.197341103470858e-05,0.9999180265889632,1,0.9999180265889632
2020-11-18,4.1615280403313274e-05,0.9999583847195946,1,0.9999583847195946
2020-11-19,2.1996813880609873e-05,0.9999780031861175,1,0.9999780031861175
2020-11-20,5.9992274241650855e-06,0.9999940007725739,1,0.9999940007725739
2020-11-23,3.274288746482786e-06,0.9999967257112515,1,0.9999967257112515
2020-11-24,4.269661037967853e-07,0.9999995730338943,1,0.9999995730338943
2020-11-25,3.2805537152868623e-07,0.9999996719446266,1,0.9999996719446266
2020-11-26,3.1808630038770756e-07,0.9999996819136978,1,0.9999996819136978
2020-11-27,1.5976316024181565e-08,0.9999999840236821,1,0.9999999840236821
2020-11-30,7.393749804116661e-09,0.9999999926062483,1,0.9999999926062483
2020-12-01,1.4112924871829259e-08,0.9999999858870732,1,0.9999999858870732
2020-12-02,1.9907285655910692e-08,0.9999999800927124,1,0.9999999800927124
2020-12-03,2.901393921909323e-08,0.999999970986059,1,0.999999970986059
2020-12-04,1.2500913096146497e-08,0.9999999874990851,1,0.9999999874990851
2020-12-07,4.2275234005866366e-08,0.9999999577247642,1,0.9999999577247642
2020-12-08,8.208264410117349e-08,0.9999999179173543,1,0.9999999179173543
2020-12-09,1.293156943838259e-08,0.9999999870684289,1,0.9999999870684289
2020-12-10,2.972636104378047e-09,0.9999999970273622,1,0.9999999970273622
2020-12-11,1.1980256078105832e-08,0.9999999880197423,1,0.9999999880197423
2020-12-14,7.827917106599888e-09,0.9999999921720812,1,0.9999999921720812
2020-12-15,1.5860815096110595e-08,0.9999999841391835,1,0.9999999841391835
2020-12-16,1.3520121649719484e-08,0.9999999864798768,1,0.9999999864798768
2020-12-17,2.0583545212080316e-08,0.9999999794164531,1,0.9999999794164531
2020-12-18,1.0277312083008355e-08,0.9999999897226862,1,0.9999999897226862
2020-12-21,2.752834836021662e-08,0.99999997247165,1,0.99999997247165
2020-12-22,5.7135057943959844e-08,0.9999999428649404,1,0.9999999428649404
2020-12-23,4.106701666337085e-08,0.9999999589329817,1,0.9999999589329817
2020-12-24,4.6001779693972965e-08,0.9999999539982187,1,0.9999999539982187
2020-12-25,4.867202536408313e-08,0.999999951327973,1,0.999999951327973
2020-12-28,3.7578807261150915e-08,0.9999999624211912,1,0.9999999624211912
2020-12-29,6.264709097316711e-08,0.9999999373529076,1,0.9999999373529076
2020-12-30,1.2123767871406062e-07,0.9999998787623198,1,0.9999998787623198
2020-12-31,2.33819484137533e-07,0.9999997661805143,1,0.9999997661805143
2021-01-01,2.3546644192765488e-07,0.9999997645335565,1,0.9999997645335565
2021-01-04,6.844585053572106e-07,0.999999315541493,1,0.999999315541493
2021-01-05,1.7523898192872603e-07,0.9999998247610167,1,0.9999998247610167
2021-01-06,2.6697163527132886e-08,0.999999973302835,1,0.999999973302835
2021-01-07,1.4116950836828555e-08,0.9999999858830474,1,0.9999999858830474
2021-01-08,9.668363520817981e-10,0.9999999990331621,1,0.9999999990331621
2021-01-11,2.3517465242331445e-08,0.9999999764825332,1,0.9999999764825332
2021-01-12,8.896734485983752e-09,0.999999991103264,1,0.999999991103264
2021-01-13,1.3067362661619306e-08,0.9999999869326359,1,0.9999999869326359
2021-01-14,4.963594114202651e-09,0.9999999950364042,1,0.9999999950364042
2021-01-15,1.0053128112916576e-08,0.9999999899468701,1,0.9999999899468701
2021-01-18,1.2528223193079911e-08,0.999999987471775,1,0.999999987471775
2021-01-19,1.2078938061212059e-08,0.9999999879210602,1,0.9999999879210602
2021-01-20,3.195080916884438e-08,0.9999999680491889,1,0.9999999680491889
2021-01-21,3.186069883982122e-08,0.9999999681392991,1,0.9999999681392991
2021-01-22,3.8240420062566835e-08,0.9999999617595781,1,0.9999999617595781
2021-01-25,3.9660537222773796e-08,0.9999999603394608,1,0.9999999603394608
2021-01-26,5.0364962596694255e-08,0.9999999496350354,1,0.9999999496350354
2021-01-27,1.2902325628625278e-07,0.9999998709767418,1,0.9999998709767418
2021-01-28,9.494480182232549e-08,0.9999999050551962,1,0.9999999050551962
2021-01-29,1.7243237360425421e-07,0.9999998275676246,1,0.9999998275676246
2021-02-01,3.5553861994488896e-07,0.9999996444613781,1,0.9999996444613781
2021-02-02,2.212518074248817e-07,0.9999997787481906,1,0.9999997787481906
2021-02-03,1.36307067695164e-07,0.9999998636929304,1,0.9999998636929304
2021-02-04,4.582984494631063e-08,0.9999999541701531,1,0.9999999541701531
2021-02-05,3.315955328295317e-08,0.9999999668404446,1,0.9999999668404446
2021-02-08,4.1121701281282e-08,0.9999999588782965,1,0.9999999588782965
2021-02-09,2.2746841191808024e-08,0.9999999772531565,1,0.9999999772531565
2021-02-10,1.4451330634089818e-08,0.9999999855486671,1,0.9999999855486671
2021-02-11,1.0393915009161159e-08,0.9999999896060828,1,0.9999999896060828
2021-02-12,9.346375812969986e-09,0.999999990653622,1,0.999999990653622
2021-02-15,1.1809693057559243e-08,0.9999999881903049,1,0.9999999881903049
2021-02-16,3.2585395782951435e-09,0.9999999967414585,1,0.9999999967414585
2021-02-17,2.144022911629138e-09,0.9999999978559749,1,0.9999999978559749
2021-02-18,9.117205379246914e-10,0.9999999990882771,1,0.9999999990882771
2021-02-19,1.0413174179554542e-10,0.999999999895866,1,0.999999999895866
2021-02-22,1.8297277199551204e-10,0.9999999998170248,1,0.9999999998170248
2021-02-23,1.580815861372539e-10,0.9999999998419161,1,0.9999999998419161
2021-02-24,4.039313481138398e-11,0.9999999999596045,1,0.9999999999596045
2021-02-25,5.2335896166599306e-11,0.9999999999476618,1,0.9999999999476618
2021-02-26,1.8773108638241338e-10,0.9999999998122665,1,0.9999999998122665
2021-03-01,1.719633868726071e-10,0.9999999998280344,1,0.9999999998280344
2021-03-02,8.674848774478131e-11,0.9999999999132494,1,0.9999999999132494
2021-03-03,2.0791693496157858e-10,0.999999999792081,1,0.999999999792081
2021-03-04,1.4482855057360411e-09,0.9999999985517124,1,0.9999999985517124
2021-03-05,5.868712921022058e-10,0.9999999994131265,1,0.9999999994131265
2021-03-08,3.869094789564478e-10,0.9999999996130882,1,0.9999999996130882
2021-03-09,4.285812537980588e-09,0.9999999957141852,1,0.9999999957141852
2021-03-10,4.804260973104799e-09,0.9999999951957368,1,0.9999999951957368
2021-03-11,2.004382569509396e-09,0.9999999979956152,1,0.9999999979956152
2021-03-12,2.380682289884184e-09,0.9999999976193154,1,0.9999999976193154
2021-03-15,3.849513764924949e-09,0.9999999961504836,1,0.9999999961504836
2021-03-16,1.036090980871955e-08,0.9999999896390878,1,0.9999999896390878
2021-03-17,6.906305253367059e-09,0.9999999930936923,1,0.9999999930936923
2021-03-18,1.118157806186795e-08,0.9999999888184194,1,0.9999999888184194
2021-03-19,1.615155425085019e-08,0.9999999838484435,1,0.9999999838484435
2021-03-22,1.4054787461722807e-08,0.9999999859452103,1,0.9999999859452103
2021-03-23,2.284184283507656e-08,0.9999999771581549,1,0.9999999771581549
2021-03-24,3.835741691499633e-08,0.999999961642581,1,0.999999961642581
2021-03-25,8.715260639611997e-08,0.9999999128473916,1,0.9999999128473916
2021-03-26,4.863206378761891e-08,0.9999999513679341,1,0.9999999513679341
2021-03-29,4.9874101150985307e-08,0.9999999501258967,1,0.9999999501258967
2021-03-30,5.367067711884733e-08,0.9999999463293209,1,0.9999999463293209
2021-03-31,9.941675186071745e-08,0.9999999005832463,1,0.9999999005832463
2021-04-01,1.478171629198874e-07,0.999999852182835,1,0.999999852182835
2021-04-02,1.6635622570876576e-07,0.9999998336437724,1,0.9999998336437724
2021-04-05,5.038731697150246e-08,0.9999999496126812,1,0.9999999496126812
2021-04-06,9.861812151352016e-08,0.9999999013818768,1,0.9999999013818768
2021-04-07,1.906748928975111e-07,0.9999998093251052,1,0.9999998093251052
2021-04-08,2.1302542124894548e-07,0.9999997869745767,1,0.9999997869745767
2021-04-09,2.85917688164012e-07,0.9999997140823098,1,0.9999997140823098
2021-04-12,2.9637421685495667e-07,0.9999997036257812,1,0.9999997036257812
2021-04-13,3.96777925872736e-07,0.999999603222072,1,0.999999603222072
2021-04-14,1.541403206061307e-07,0.9999998458596773,1,0.9999998458596773
2021-04-15,1.510191219108007e-07,0.9999998489808759,1,0.9999998489808759
2021-04-16,3.3849565625748604e-07,0.9999996615043417,1,0.9999996615043417
2021-04-19,1.777484233698447e-07,0.9999998222515745,1,0.9999998222515745
2021-04-20,2.867042964573044e-07,0.9999997132957015,1,0.9999997132957015
2021-04-21,2.569708208490482e-07,0.999999743029177,1,0.999999743029177
2021-04-22,2.431230388042768e-07,0.9999997568769589,1,0.9999997568769589
2021-04-23,1.5369565475851765e-07,0.9999998463043429,1,0.9999998463043429
2021-04-26,7.970488575053663e-08,0.9999999202951121,1,0.9999999202951121
2021-04-27,9.41263183522192e-09,0.9999999905873659,1,0.9999999905873659
2021-04-28,4.97204614241118e-08,0.9999999502795366,1,0.9999999502795366
2021-04-29,7.295887530355903e-08,0.9999999270411226,1,0.9999999270411226
2021-04-30,9.124317586779403e-08,0.9999999087568221,1,0.9999999087568221
2021-05-03,1.0076333177081991e-07,0.9999998992366662,1,0.9999998992366662
2021-05-04,8.83281971269834e-08,0.9999999116718008,1,0.9999999116718008
2021-05-05,1.1511985542712103e-07,0.9999998848801426,1,0.9999998848801426
2021-05-06,1.3036763691813953e-07,0.9999998696323612,1,0.9999998696323612
2021-05-07,7.019049599179914e-08,0.999999929809502,1,0.999999929809502
2021-05-10,1.1385731760032596e-07,0.9999998861426805,1,0.9999998861426805
2021-05-11,9.224178872266238e-08,0.9999999077582095,1,0.9999999077582095
2021-05-12,9.889967020317815e-08,0.999999901100328,1,0.999999901100328
2021-05-13,1.5917821165722533e-07,0.9999998408217865,1,0.9999998408217865
2021-05-14,3.009050218173069e-07,0.9999996990949764,1,0.9999996990949764
2021-05-17,3.749761375777671e-07,0.9999996250238604,1,0.9999996250238604
2021-05-18,3.8130748737122845e-07,0.9999996186925106,1,0.9999996186925106
2021-05-19,1.3301103858250351e-06,0.9999986698896122,1,0.9999986698896122
2021-05-20,1.540311103794526e-06,0.9999984596888942,1,0.9999984596888942
2021-05-21,2.6454326332682357e-06,0.9999973545673647,1,0.9999973545673647
2021-05-24,2.4344053133213046e-06,0.9999975655946846,1,0.9999975655946846
2021-05-25,3.6040319092665182e-06,0.9999963959680889,1,0.9999963959680889
2021-05-26,3.764362777082643e-06,0.999996235637221,1,0.999996235637221
2021-05-27,1.6658145711694564e-06,0.9999983341854269,1,0.9999983341854269
2021-05-28,1.8031379815365585e-06,0.9999981968620167,1,0.9999981968620167
2021-05-31,1.958069415504371e-06,0.9999980419305827,1,0.9999980419305827
2021-06-01,2.4261917742040165e-06,0.9999975738082241,1,0.9999975738082241
2021-06-02,4.038557979980573e-06,0.9999959614420183,1,0.9999959614420183
2021-06-03,5.510138105542118e-06,0.9999944898618925,1,0.9999944898618925
2021-06-04,5.233430589417027e-06,0.9999947665694087,1,0.9999947665694087
2021-06-07,6.174080695839331e-06,0.9999938259193021,1,0.9999938259193021
2021-06-08,5.304483904120708e-06,0.9999946955160938,1,0.9999946955160938
2021-06-09,6.695866955499629e-06,0.9999933041330424,1,0.9999933041330424
2021-06-10,9.222277614244936e-06,0.9999907777223839,1,0.9999907777223839
2021-06-11,5.881164518901066e-06,0.9999941188354792,1,0.9999941188354792
2021-06-14,5.6525376187646196e-06,0.9999943474623794,1,0.9999943474623794
2021-06-15,1.528590609467911e-05,0.9999847140939034,1,0.9999847140939034
2021-06-16,1.346718190407686e-05,0.9999865328180941,1,0.9999865328180941
2021-06-17,1.4566454193552096e-05,0.9999854335458047,1,0.9999854335458047
2021-06-18,1.616546941305837e-05,0.9999838345305853,1,0.9999838345305853
2021-06-21,1.7426721324667045e-05,0.9999825732786737,1,0.9999825732786737
2021-06-22,1.2792271461257828e-05,0.9999872077285371,1,0.9999872077285371
2021-06-23,8.251338870212713e-06,0.9999917486611284,1,0.9999917486611284
2021-06-24,8.749435034620387e-06,0.999991250564964,1,0.999991250564964
2021-06-25,1.0197640878921303e-05,0.9999898023591196,1,0.9999898023591196
2021-06-28,1.2577054809740361e-05,0.9999874229451887,1,0.9999874229451887
2021-06-29,1.0784915073303034e-05,0.9999892150849251,1,0.9999892150849251
2021-06-30,1.1559365330386374e-05,0.999988440634668,1,0.999988440634668
2021-07-01,1.7557674559272506e-05,0.999982442325439,1,0.999982442325439
2021-07-02,1.668452029905533e-05,0.9999833154796991,1,0.9999833154796991
2021-07-05,1.7899761709565356e-05,0.9999821002382885,1,0.9999821002382885
2021-07-06,2.410652228840529e-05,0.9999758934777095,1,0.9999758934777095
2021-07-07,2.027437550112199e-05,0.9999797256244967,1,0.9999797256244967
2021-07-08,2.6797398125789214e-05,0.9999732026018718,1,0.9999732026018718
2021-07-09,2.1816101093395888e-05,0.9999781838989042,1,0.9999781838989042
2021-07-12,2.5088345863605226e-05,0.9999749116541341,1,0.9999749116541341
2021-07-13,3.067219657042627e-05,0.9999693278034272,1,0.9999693278034272
2021-07-14,4.526447627114389e-05,0.9999547355237265,1,0.9999547355237265
2021-07-15,3.924210215232653e-05,0.9999607578978453,1,0.9999607578978453
2021-07-16,3.704120035417452e-05,0.9999629587996437,1,0.9999629587996437
2021-07-19,6.121231273476015e-05,0.9999387876872631,1,0.9999387876872631
2021-07-20,5.06834860788101e-05,0.9999493165139192,1,0.9999493165139192
2021-07-21,4.2081757178377614e-05,0.9999579182428197,1,0.9999579182428197
2021-07-22,2.9808283477763012e-05,0.9999701917165204,1,0.9999701917165204
2021-07-23,1.9530243423891695e-05,0.9999804697565744,1,0.9999804697565744
2021-07-26,6.978296460912951e-06,0.9999930217035372,1,0.9999930217035372
2021-07-27,8.874228420450752e-06,0.9999911257715776,1,0.9999911257715776
2021-07-28,1.360950697219342e-05,0.999986390493026,1,0.999986390493026
2021-07-29,1.777987981099969e-05,0.9999822201201873,1,0.9999822201201873
2021-07-30,1.8925667877194737e-05,0.9999810743321211,1,0.9999810743321211
2021-08-02,2.8098295973394188e-05,0.9999719017040247,1,0.9999719017040247
2021-08-03,3.683045321450531e-05,0.9999631695467837,1,0.9999631695467837
2021-08-04,5.000852692689583e-05,0.9999499914730713,1,0.9999499914730713
2021-08-05,4.355216831256827e-05,0.9999564478316857,1,0.9999564478316857
2021-08-06,2.414229832617871e-05,0.9999758577016721,1,0.9999758577016721
2021-08-09,1.8932262715196356e-05,0.9999810677372831,1,0.9999810677372831
2021-08-10,1.4605046447945555e-05,0.9999853949535502,1,0.9999853949535502
2021-08-11,1.905745095647573e-05,0.9999809425490416,1,0.9999809425490416
2021-08-12,2.1678336228953013e-05,0.999978321663769,1,0.999978321663769
2021-08-13,3.260077186306961e-05,0.9999673992281347,1,0.9999673992281347
2021-08-16,7.952516967977976e-05,0.9999204748303181,1,0.9999204748303181
2021-08-17,0.00020669540529816402,0.9997933045946996,1,0.9997933045946996
2021-08-18,0.0003846200838829099,0.9996153799161149,1,0.9996153799161149
2021-08-19,0.0005179863207133456,0.9994820136792845,1,0.9994820136792845
2021-08-20,0.00041349271463681533,0.999586507285361,1,0.999586507285361
2021-08-23,0.00029943897001020157,0.9997005610299879,1,0.9997005610299879
2021-08-24,0.00023010372885548107,0.9997698962711425,1,0.9997698962711425
2021-08-25,0.00017399237718445152,0.9998260076228134,1,0.9998260076228134
2021-08-26,0.00017416519131928273,0.9998258348086787,1,0.9998258348086787
2021-08-27,0.0001592074220905918,0.9998407925779073,1,0.9998407925779073
2021-08-30,0.00012890370233462355,0.9998710962976632,1,0.9998710962976632
2021-08-31,0.0001558025672181062,0.9998441974327799,1,0.9998441974327799
2021-09-01,0.0002425004586527733,0.9997574995413453,1,0.9997574995413453
2021-09-02,0.00025735870346977805,0.9997426412965283,1,0.9997426412965283
2021-09-03,0.0002845523562401345,0.9997154476437577,1,0.9997154476437577
2021-09-06,0.0002891148486144125,0.9997108851513837,1,0.9997108851513837
2021-09-07,0.00026184801120456713,0.9997381519887937,1,0.9997381519887937
2021-09-08,0.0002597305706405962,0.9997402694293578,1,0.9997402694293578
2021-09-09,0.00018961801793957996,0.9998103819820588,1,0.9998103819820588
2021-09-10,7.864391117587812e-05,0.9999213560888224,1,0.9999213560888224
2021-09-13,0.00010584646457949856,0.9998941535354188,1,0.9998941535354188
2021-09-14,0.00014860684775025896,0.9998513931522481,1,0.9998513931522481
2021-09-15,0.00010870687180138596,0.999891293128197,1,0.999891293128197
2021-09-16,0.00014784909200448297,0.9998521509079938,1,0.9998521509079938
2021-09-17,0.0002623102174213805,0.9997376897825768,1,0.9997376897825768
2021-09-20,0.0005543579673216761,0.9994456420326766,1,0.9994456420326766
2021-09-21,0.0006311339345717961,0.9993688660654266,1,0.9993688660654266
2021-09-22,0.00040866877911556086,0.9995913312208828,1,0.9995913312208828
2021-09-23,0.00024174896346030884,0.9997582510365381,1,0.9997582510365381
2021-09-24,0.0001487238475147261,0.9998512761524838,1,0.9998512761524838
2021-09-27,0.00013541201619379734,0.9998645879838047,1,0.9998645879838047
2021-09-28,0.0001811807896656383,0.9998188192103328,1,0.9998188192103328
2021-09-29,0.00031593065266644375,0.9996840693473321,1,0.9996840693473321
2021-09-30,0.0006794882233921888,0.9993205117766063,1,0.9993205117766063
2021-10-01,0.0006610669561832468,0.9993389330438152,1,0.9993389330438152
2021-10-04,0.000621025967147645,0.9993789740328509,1,0.9993789740328509
2021-10-05,0.0006589492716773918,0.9993410507283212,1,0.9993410507283212
2021-10-06,0.0006535394680241516,0.9993464605319745,1,0.9993464605319745
2021-10-07,0.00040632728576190844,0.9995936727142366,1,0.9995936727142366
2021-10-08,0.0002293069067839759,0.9997706930932146,1,0.9997706930932146
2021-10-11,0.00010485692782913846,0.9998951430721694,1,0.9998951430721694
2021-10-12,9.569623785560429e-05,0.999904303762143,1,0.999904303762143
2021-10-13,4.481388217994531e-05,0.9999551861178188,1,0.9999551861178188
2021-10-14,1.702249707044147e-05,0.999982977502928,1,0.999982977502928
2021-10-15,3.588471824300107e-06,0.9999964115281742,1,0.9999964115281742
2021-10-18,3.333724459175939e-06,0.9999966662755395,1,0.9999966662755395
2021-10-19,4.31609341159201e-06,0.9999956839065871,1,0.9999956839065871
2021-10-20,4.564335622452283e-06,0.9999954356643762,1,0.9999954356643762
2021-10-21,2.031119884997076e-05,0.9999796888011488,1,0.9999796888011488
2021-10-22,5.553211543890176e-05,0.9999444678845598,1,0.9999444678845598
2021-10-25,0.00011677343172093723,0.9998832265682777,1,0.9998832265682777
2021-10-26,0.00042755156774229206,0.9995724484322562,1,0.9995724484322562
2021-10-27,0.001701838617047674,0.998298161382951,1,0.998298161382951
2021-10-28,0.003881475794384163,0.9961185242056144,1,0.9961185242056144
2021-10-29,0.009267052751107677,0.9907329472488909,1,0.9907329472488909
2021-11-01,0.02087008849000599,0.9791299115099927,1,0.9791299115099927
2021-11-02,0.04503751219240398,0.9549624878075946,1,0.9549624878075946
2021-11-03,0.09045429527173102,0.9095457047282676,1,0.9095457047282676
2021-11-04,0.18345366928933715,0.8165463307106614,1,0.8165463307106614
2021-11-05,0.29568830522358797,0.7043116947764108,1,0.7043116947764108
2021-11-08,0.4027898517742108,0.5972101482257877,1,0.5972101482257877
2021-11-09,0.5247111037746816,0.4752888962253169,0,0.4752888962253169
2021-11-10,0.6353508995450807,0.3646491004549179,0,0.3646491004549179
2021-11-11,0.6930511880767006,0.30694881192329804,0,0.30694881192329804
2021-11-12,0.7291997843173708,0.270800215682628,0,0.270800215682628
2021-11-15,0.7572494756864718,0.24275052431352714,0,0.24275052431352714
2021-11-16,0.7729028957269819,0.22709710427301705,0,0.22709710427301705
2021-11-17,0.7788813658139276,0.22111863418607114,0,0.22111863418607114
2021-11-18,0.7715112901009462,0.22848870989905265,0,0.22848870989905265
2021-11-19,0.7457310154468831,0.2542689845531158,0,0.2542689845531158
2021-11-22,0.7077336057597567,0.29226639424024203,0,0.29226639424024203
2021-11-23,0.6793665105303983,0.3206334894696007,0,0.3206334894696007
2021-11-24,0.6713337560236263,0.3286662439763725,0,0.3286662439763725
2021-11-25,0.6800380737605469,0.319961926239452,0,0.319961926239452
2021-11-26,0.719324484575866,0.2806755154241326,0,0.2806755154241326
2021-11-29,0.748380033535876,0.2516199664641225,0,0.2516199664641225
2021-11-30,0.7825669312402765,0.21743306875972201,0,0.21743306875972201
2021-12-01,0.811683118802769,0.18831688119722959,0,0.18831688119722959
2021-12-02,0.8283982326141582,0.1716017673858404,0,0.1716017673858404
2021-12-03,0.8498223722505136,0.1501776277494851,0,0.1501776277494851
2021-12-06,0.8629989488991683,0.13700105110083063,0,0.13700105110083063
2021-12-07,0.8789379619049624,0.12106203809503646,0,0.12106203809503646
2021-12-08,0.8957522898466883,0.10424771015331066,0,0.10424771015331066
2021-12-09,0.923161404246434,0.07683859575356476,0,0.07683859575356476
2021-12-10,0.9533665080006104,0.046633491999388585,0,0.046633491999388585
2021-12-13,0.9728051355581983,0.02719486444180082,0,0.02719486444180082
2021-12-14,0.9841791378261937,0.01582086217380536,0,0.01582086217380536
2021-12-15,0.9913137834311945,0.008686216568804793,0,0.008686216568804793
2021-12-16,0.9942592695797605,0.005740730420238572,0,0.005740730420238572
2021-12-17,0.9957197151181956,0.004280284881803565,0,0.004280284881803565
2021-12-20,0.995950538395105,0.004049461604894133,0,0.004049461604894133
2021-12-21,0.9953171990647642,0.004682800935234822,0,0.004682800935234822
2021-12-22,0.9945601422039907,0.005439857796008596,0,0.005439857796008596
2021-12-23,0.9939438451500462,0.00605615484995306,0,0.00605615484995306
2021-12-24,0.992911225869982,0.0070887741300174455,0,0.0070887741300174455
2021-12-27,0.9912824920243825,0.008717507975617114,0,0.008717507975617114
2021-12-28,0.9912076349883823,0.008792365011617443,0,0.008792365011617443
2021-12-29,0.9912668679625443,0.008733132037455613,0,0.008733132037455613
2021-12-30,0.9912828264818957,0.008717173518104056,0,0.008717173518104056
2021-12-31,0.9903737891574056,0.009626210842594263,0,0.009626210842594263
2022-01-03,0.9892246546605394,0.010775345339460613,0,0.010775345339460613
2022-01-04,0.9885969397522754,0.011403060247724604,0,0.011403060247724604
2022-01-05,0.9889378692125681,0.011062130787431769,0,0.011062130787431769
2022-01-06,0.9877298118209308,0.01227018817906907,0,0.01227018817906907
2022-01-07,0.9854651569957056,0.014534843004294149,0,0.014534843004294149
2022-01-10,0.983286328872396,0.0167136711276037,0,0.0167136711276037
2022-01-11,0.9779659126012599,0.022034087398739927,0,0.022034087398739927
2022-01-12,0.9692640416695123,0.030735958330487347,0,0.030735958330487347
2022-01-13,0.9680787456374944,0.03192125436250547,0,0.03192125436250547
2022-01-14,0.9715141761314852,0.028485823868514715,0,0.028485823868514715
2022-01-17,0.9724005708054627,0.0275994291945373,0,0.0275994291945373
2022-01-18,0.9709459778601237,0.02905402213987621,0,0.02905402213987621
2022-01-19,0.9647925761476981,0.03520742385230189,0,0.03520742385230189
2022-01-20,0.9505350213176015,0.04946497868239856,0,0.04946497868239856
2022-01-21,0.9460649264226842,0.05393507357731571,0,0.05393507357731571
2022-01-24,0.9436069588525887,0.0563930411474113,0,0.0563930411474113
2022-01-25,0.9287353524750726,0.0712646475249273,0,0.0712646475249273
2022-01-26,0.8773677169592602,0.1226322830407397,0,0.1226322830407397
2022-01-27,0.8373451218648512,0.16265487813514862,0,0.16265487813514862
2022-01-28,0.8058549952653662,0.19414500473463367,0,0.19414500473463367
2022-01-31,0.7064669684429674,0.2935330315570324,0,0.2935330315570324
2022-02-01,0.36937454905511125,0.630625450944889,1,0.630625450944889
2022-02-02,0.10636992581118557,0.8936300741888148,1,0.8936300741888148
2022-02-03,0.04297909950464662,0.9570209004953538,1,0.9570209004953538
2022-02-04,0.023240002528865763,0.9767599974711347,1,0.9767599974711347
2022-02-07,0.019259310500927836,0.9807406894990727,1,0.9807406894990727
2022-02-08,0.013706680739222342,0.9862933192607782,1,0.9862933192607782
2022-02-09,0.002893810674982508,0.997106189325018,1,0.997106189325018
2022-02-10,0.0035485847262047097,0.996451415273796,1,0.996451415273796
2022-02-11,0.39498222470611916,0.6050177752938815,1,0.6050177752938815
2022-02-14,0.6512789269376307,0.34872107306237,0,0.34872107306237
2022-02-15,0.7233261414265317,0.27667385857346893,0,0.27667385857346893
2022-02-16,0.7628796722888779,0.23712032771112282,0,0.23712032771112282
2022-02-17,0.775141722332583,0.2248582776674176,0,0.2248582776674176
2022-02-18,0.7730593624130863,0.22694063758691455,0,0.22694063758691455
2022-02-21,0.753682028876231,0.24631797112376977,0,0.24631797112376977
2022-02-22,0.6896021816564891,0.31039781834351154,0,0.31039781834351154
2022-02-23,0.5504605278975664,0.4495394721024341,0,0.4495394721024341
2022-02-24,0.4081373994731197,0.5918626005268809,1,0.5918626005268809
2022-02-25,0.39526304391403166,0.6047369560859689,1,0.6047369560859689
2022-02-28,0.3569317550057847,0.6430682449942157,1,0.6430682449942157
2022-03-01,0.33023013451946315,0.6697698654805373,1,0.6697698654805373
2022-03-02,0.2768143847062497,0.7231856152937508,1,0.7231856152937508
2022-03-03,0.11562764376760779,0.8843723562323927,1,0.8843723562323927
2022-03-04,0.014220765503700382,0.9857792344963,1,0.9857792344963
2022-03-07,0.010603880199540333,0.98939611980046,1,0.98939611980046
2022-03-08,0.0006743935525085053,0.9993256064474918,1,0.9993256064474918
2022-03-09,0.00022609398186667097,0.9997739060181337,1,0.9997739060181337
2022-03-10,0.001909777345899694,0.9980902226541005,1,0.9980902226541005
2022-03-11,0.007603411368791177,0.992396588631209,1,0.992396588631209
2022-03-14,0.02217962954572419,0.9778203704542762,1,0.9778203704542762
2022-03-15,0.29586721728276555,0.7041327827172348,1,0.7041327827172348
2022-03-16,0.771272323845597,0.22872767615440295,0,0.22872767615440295
2022-03-17,0.8989042663266573,0.1010957336733426,0,0.1010957336733426
2022-03-18,0.9360420570964156,0.06395794290358427,0,0.06395794290358427
2022-03-21,0.9665676479475738,0.033432352052426194,0,0.033432352052426194
2022-03-22,0.9806146123489,0.019385387651099917,0,0.019385387651099917
2022-03-23,0.9876790344017282,0.012320965598271774,0,0.012320965598271774
2022-03-24,0.995207871578253,0.004792128421747029,0,0.004792128421747029
2022-03-25,0.9971304498048017,0.0028695501951982536,0,0.0028695501951982536
2022-03-28,0.9970930740610318,0.002906925938968006,0,0.002906925938968006
2022-03-29,0.9957659456027418,0.004234054397257974,0,0.004234054397257974
2022-03-30,0.9954523246206276,0.00454767537937217,0,0.00454767537937217
2022-03-31,0.9947693497485189,0.005230650251480965,0,0.005230650251480965
2022-04-01,0.9919101632478301,0.008089836752169835,0,0.008089836752169835
2022-04-04,0.9853252106847711,0.014674789315228733,0,0.014674789315228733
2022-04-05,0.9831829857270317,0.016817014272968195,0,0.016817014272968195
2022-04-06,0.9885251168114584,0.011474883188541382,0,0.011474883188541382
2022-04-07,0.9960764328363129,0.0039235671636867605,0,0.0039235671636867605
2022-04-08,0.9985266170235956,0.0014733829764040128,0,0.0014733829764040128
2022-04-11,0.9993679169973811,0.0006320830026183002,0,0.0006320830026183002
2022-04-12,0.9996722810614479,0.0003277189385515513,0,0.0003277189385515513
2022-04-13,0.9997323607602496,0.00026763923974990994,0,0.00026763923974990994
2022-04-14,0.999735116724586,0.0002648832754135817,0,0.0002648832754135817
2022-04-15,0.9994986859086548,0.0005013140913449985,0,0.0005013140913449985
2022-04-18,0.9985905269192348,0.0014094730807648328,0,0.0014094730807648328
2022-04-19,0.9954843256315888,0.004515674368410644,0,0.004515674368410644
2022-04-20,0.9840062939632613,0.01599370603673812,0,0.01599370603673812
2022-04-21,0.9500080075405933,0.049991992459406144,0,0.049991992459406144
2022-04-22,0.8358749811847659,0.1641250188152336,0,0.1641250188152336
2022-04-25,0.5599243480800405,0.4400756519199589,0,0.4400756519199589
2022-04-26,0.3068942600593375,0.6931057399406619,1,0.6931057399406619
2022-04-27,0.2168629388225153,0.7831370611774842,1,0.7831370611774842
2022-04-28,0.06347486946836868,0.9365251305316309,1,0.9365251305316309
2022-04-29,0.0009486810344784051,0.9990513189655211,1,0.9990513189655211
2022-05-02,2.332054816217471e-06,0.9999976679451834,1,0.9999976679451834
2022-05-03,4.967669745416308e-07,0.999999503233025,1,0.999999503233025
2022-05-04,2.174242623209256e-05,0.9999782575737675,1,0.9999782575737675
2022-05-05,7.43211536529657e-07,0.9999992567884631,1,0.9999992567884631
2022-05-06,4.075687442439607e-08,0.9999999592431251,1,0.9999999592431251
2022-05-09,1.827030439784615e-08,0.9999999817296951,1,0.9999999817296951
2022-05-10,2.7998245590963187e-08,0.9999999720017538,1,0.9999999720017538
2022-05-11,3.816433234213401e-07,0.9999996183566762,1,0.9999996183566762
2022-05-12,2.300765142749366e-08,0.9999999769923481,1,0.9999999769923481
2022-05-13,5.041420054253888e-05,0.9999495857994569,1,0.9999495857994569
2022-05-16,0.00010368620498156502,0.999896313795018,1,0.999896313795018
2022-05-17,0.0002771333720817681,0.9997228666279178,1,0.9997228666279178
2022-05-18,0.00021169622797363188,0.999788303772026,1,0.999788303772026
2022-05-19,0.001097020413762939,0.9989029795862366,1,0.9989029795862366
2022-05-20,0.0022202561091135436,0.997779743890886,1,0.997779743890886
2022-05-23,0.004150728723950473,0.9958492712760489,1,0.9958492712760489
2022-05-24,0.004155261841780451,0.9958447381582188,1,0.9958447381582188
2022-05-25,0.005467251051072785,0.9945327489489266,1,0.9945327489489266
2022-05-26,0.009768974293619892,0.9902310257063796,1,0.9902310257063796
2022-05-27,0.04157778188187849,0.958422218118121,1,0.958422218118121
2022-05-30,0.0885747798247739,0.9114252201752256,1,0.9114252201752256
2022-05-31,0.15671265760808745,0.843287342391912,1,0.843287342391912
2022-06-01,0.22585734352436992,0.7741426564756296,1,0.7741426564756296
2022-06-02,0.2572179773160417,0.742782022683958,1,0.742782022683958
2022-06-03,0.2879622226842181,0.7120377773157814,1,0.7120377773157814
2022-06-06,0.30366220131873956,0.69633779868126,1,0.69633779868126
2022-06-07,0.3046886793997828,0.6953113206002168,1,0.6953113206002168
2022-06-08,0.28773558058655985,0.7122644194134397,1,0.7122644194134397
2022-06-09,0.23067782736089673,0.7693221726391029,1,0.7693221726391029
2022-06-10,0.02628672118610758,0.9737132788138921,1,0.9737132788138921
2022-06-13,0.005344242360218225,0.9946557576397813,1,0.9946557576397813
2022-06-14,0.0007366642106438696,0.9992633357893557,1,0.9992633357893557
2022-06-15,9.095491014475878e-05,0.9999090450898546,1,0.9999090450898546
2022-06-16,1.1127565064337928e-08,0.9999999888724344,1,0.9999999888724344
2022-06-17,1.5555456967714375e-11,0.9999999999844439,1,0.9999999999844439
2022-06-20,3.96412400629017e-11,0.9999999999603582,1,0.9999999999603582
2022-06-21,1.1602542437575695e-09,0.9999999988397454,1,0.9999999988397454
2022-06-22,3.23200664624768e-13,0.9999999999996763,1,0.9999999999996763
2022-06-23,1.6873584686862624e-22,0.9999999999999996,1,0.9999999999999996
2022-06-24,1.3017722781664043e-20,0.9999999999999997,1,0.9999999999999997
2022-06-27,2.26482022381752e-17,0.9999999999999997,1,0.9999999999999997
2022-06-28,1.0749047698729704e-15,0.9999999999999986,1,0.9999999999999986
2022-06-29,1.0568931863471331e-14,0.999999999999989,1,0.999999999999989
2022-06-30,5.670957267704916e-16,0.9999999999999989,1,0.9999999999999989
2022-07-01,3.148012707484289e-19,0.9999999999999996,1,0.9999999999999996
2022-07-04,6.978049555773178e-18,0.9999999999999997,1,0.9999999999999997
2022-07-05,6.176902037103027e-23,0.9999999999999997,1,0.9999999999999997
2022-07-06,1.1397582133284593e-18,0.9999999999999997,1,0.9999999999999997
2022-07-07,2.943121128354143e-11,0.9999999999705685,1,0.9999999999705685
2022-07-08,1.0414326664832956e-12,0.9999999999989585,1,0.9999999999989585
2022-07-11,7.430406089156827e-15,0.9999999999999923,1,0.9999999999999923
2022-07-12,1.555378512029866e-19,0.9999999999999998,1,0.9999999999999998
2022-07-13,7.726441817540704e-18,0.9999999999999997,1,0.9999999999999997
2022-07-14,2.9398798563928037e-19,0.9999999999999997,1,0.9999999999999997
2022-07-15,9.330083236684433e-17,0.9999999999999997,1,0.9999999999999997
2022-07-18,2.5071640237195263e-12,0.9999999999974927,1,0.9999999999974927
2022-07-19,1.1814547987072573e-13,0.9999999999998817,1,0.9999999999998817
2022-07-20,2.6308826861824916e-11,0.9999999999736909,1,0.9999999999736909
2022-07-21,2.099045497278957e-12,0.9999999999979008,1,0.9999999999979008
2022-07-22,2.1407716032437284e-11,0.999999999978592,1,0.999999999978592
2022-07-25,1.5552793260911414e-10,0.9999999998444717,1,0.9999999998444717
2022-07-26,1.968574948569568e-09,0.9999999980314248,1,0.9999999980314248
2022-07-27,2.6368851448679577e-08,0.9999999736311483,1,0.9999999736311483
2022-07-28,1.8996256946963587e-08,0.9999999810037428,1,0.9999999810037428
2022-07-29,6.645200270954236e-07,0.9999993354799727,1,0.9999993354799727
2022-08-01,1.7793471732868033e-07,0.9999998220652823,1,0.9999998220652823
2022-08-02,7.218187717649624e-08,0.9999999278181225,1,0.9999999278181225
2022-08-03,3.222612658068582e-08,0.9999999677738731,1,0.9999999677738731
2022-08-04,6.8701639101054445e-09,0.9999999931298357,1,0.9999999931298357
2022-08-05,4.791883667258613e-07,0.9999995208116328,1,0.9999995208116328
2022-08-08,7.338711966992074e-07,0.9999992661288029,1,0.9999992661288029
2022-08-09,6.914694568409866e-07,0.9999993085305429,1,0.9999993085305429
2022-08-10,5.080309469822036e-06,0.99999491969053,1,0.99999491969053
2022-08-11,2.5249882475858367e-05,0.9999747501175238,1,0.9999747501175238
2022-08-12,9.488795889295384e-06,0.9999905112041104,1,0.9999905112041104
2022-08-15,7.742070032180582e-06,0.9999922579299675,1,0.9999922579299675
2022-08-16,1.5455550622930643e-05,0.9999845444493768,1,0.9999845444493768
2022-08-17,2.0261650877122833e-05,0.9999797383491226,1,0.9999797383491226
2022-08-18,0.00012853342013305013,0.9998714665798666,1,0.9998714665798666
2022-08-19,0.00043016742954838397,0.9995698325704513,1,0.9995698325704513
2022-08-22,0.000716806137350512,0.9992831938626492,1,0.9992831938626492
2022-08-23,0.0008589286939741688,0.9991410713060255,1,0.9991410713060255
2022-08-24,0.0007694132496389633,0.9992305867503606,1,0.9992305867503606
2022-08-25,0.0009237712337439765,0.9990762287662557,1,0.9990762287662557
2022-08-26,0.0009820394333573542,0.999017960566642,1,0.999017960566642
2022-08-29,0.00043478900380640955,0.999565210996193,1,0.999565210996193
2022-08-30,0.00011462409004933454,0.9998853759099503,1,0.9998853759099503
2022-08-31,5.1011546624461044e-05,0.9999489884533752,1,0.9999489884533752
2022-09-01,9.48076032276983e-06,0.9999905192396767,1,0.9999905192396767
2022-09-02,5.521975085562369e-06,0.9999944780249139,1,0.9999944780249139
2022-09-05,7.576569578917889e-06,0.9999924234304206,1,0.9999924234304206
2022-09-06,5.1859275586073885e-05,0.9999481407244134,1,0.9999481407244134
2022-09-07,0.0001589598289831777,0.9998410401710164,1,0.9998410401710164
2022-09-08,0.0030168133624198794,0.9969831866375797,1,0.9969831866375797
2022-09-09,0.009171839388672689,0.9908281606113267,1,0.9908281606113267
2022-09-12,0.017715499577837572,0.9822845004221618,1,0.9822845004221618
2022-09-13,0.026561418559270394,0.9734385814407288,1,0.9734385814407288
2022-09-14,0.03497585615369757,0.9650241438463015,1,0.9650241438463015
2022-09-15,0.044915269078557,0.9550847309214421,1,0.9550847309214421
2022-09-16,0.051080047970438615,0.9489199520295605,1,0.9489199520295605
2022-09-19,0.05262463284773833,0.9473753671522607,1,0.9473753671522607
2022-09-20,0.04957534916301379,0.9504246508369854,1,0.9504246508369854
2022-09-21,0.03990655968846859,0.9600934403115307,1,0.9600934403115307
2022-09-22,0.02564999316399079,0.9743500068360085,1,0.9743500068360085
2022-09-23,0.010193871342168023,0.9898061286578314,1,0.9898061286578314
2022-09-26,0.004348411399868268,0.9956515886001309,1,0.9956515886001309
2022-09-27,0.0026007701366206337,0.9973992298633785,1,0.9973992298633785
2022-09-28,0.002283247666982064,0.9977167523330173,1,0.9977167523330173
2022-09-29,0.0032089666702575957,0.9967910333297417,1,0.9967910333297417
2022-09-30,0.004063673303764052,0.9959363266962353,1,0.9959363266962353
2022-10-03,0.004965758202796293,0.9950342417972032,1,0.9950342417972032
2022-10-04,0.007753494211282756,0.9922465057887168,1,0.9922465057887168
2022-10-05,0.014070887740838086,0.9859291122591614,1,0.9859291122591614
2022-10-06,0.02204066024401464,0.9779593397559847,1,0.9779593397559847
2022-10-07,0.0465218652904772,0.9534781347095223,1,0.9534781347095223
2022-10-10,0.19269014939512089,0.8073098506048786,1,0.8073098506048786
2022-10-11,0.33824693728887506,0.6617530627111244,1,0.6617530627111244
2022-10-12,0.47765321629624224,0.5223467837037569,1,0.5223467837037569
2022-10-13,0.6367016565874652,0.3632983434125339,0,0.3632983434125339
2022-10-14,0.7686009691883122,0.23139903081168683,0,0.23139903081168683
2022-10-17,0.8382997718281583,0.16170022817184102,0,0.16170022817184102
2022-10-18,0.8851470294251143,0.11485297057488514,0,0.11485297057488514
2022-10-19,0.9297807521522323,0.07021924784776697,0,0.07021924784776697
2022-10-20,0.971981849719796,0.02801815028020339,0,0.02801815028020339
2022-10-21,0.9893275304459423,0.01067246955405714,0,0.01067246955405714
2022-10-24,0.9952021330749127,0.004797866925086748,0,0.004797866925086748
2022-10-25,0.997713046972297,0.0022869530277023,0,0.0022869530277023
2022-10-26,0.9992850311691681,0.0007149688308312907,0,0.0007149688308312907
2022-10-27,0.9996894729770086,0.0003105270229906566,0,0.0003105270229906566
2022-10-28,0.9997353564825999,0.0002646435173993703,0,0.0002646435173993703
2022-10-31,0.9997265982894884,0.0002734017105110154,0,0.0002734017105110154
2022-11-01,0.9998212676265016,0.00017873237349784118,0,0.00017873237349784118
2022-11-02,0.9998503428650709,0.0001496571349285585,0,0.0001496571349285585
2022-11-03,0.9998619626418374,0.0001380373581618821,0,0.0001380373581618821
2022-11-04,0.9998874800588834,0.00011251994111584806,0,0.00011251994111584806
2022-11-07,0.9998999579952152,0.00010004200478399255,0,0.00010004200478399255
2022-11-08,0.999903627981098,9.637201890125116e-05,0,9.637201890125116e-05
2022-11-09,0.9999054975901389,9.450240986037563e-05,0,9.450240986037563e-05
2022-11-10,0.9999013206800281,9.867931997098197e-05,0,9.867931997098197e-05
2022-11-11,0.9998862540005498,0.00011374599944954026,0,0.00011374599944954026
2022-11-14,0.9998970520721345,0.0001029479278644752,0,0.0001029479278644752
2022-11-15,0.9998859935604935,0.00011400643950579208,0,0.00011400643950579208
2022-11-16,0.9998355123303516,0.00016448766964751702,0,0.00016448766964751702
2022-11-17,0.9997006586044744,0.0002993413955247157,0,0.0002993413955247157
2022-11-18,0.9995178327669885,0.0004821672330106529,0,0.0004821672330106529
2022-11-21,0.9993803304233477,0.0006196695766512999,0,0.0006196695766512999
2022-11-22,0.9994562590580495,0.000543740941949592,0,0.000543740941949592
2022-11-23,0.9994785759607796,0.0005214240392192109,0,0.0005214240392192109
2022-11-24,0.9995064814675907,0.0004935185324083316,0,0.0004935185324083316
2022-11-25,0.9995382985272888,0.00046170147271046877,0,0.00046170147271046877
2022-11-28,0.9996201407851966,0.00037985921480261875,0,0.00037985921480261875
2022-11-29,0.9997128696348812,0.00028713036511814315,0,0.00028713036511814315
2022-11-30,0.9998415959025811,0.00015840409741812024,0,0.00015840409741812024
2022-12-01,0.9998719660633848,0.00012803393661447023,0,0.00012803393661447023
2022-12-02,0.9998950039742802,0.00010499602571919733,0,0.00010499602571919733
2022-12-05,0.9999024940144561,9.75059855431946e-05,0,9.75059855431946e-05
2022-12-06,0.9999065336880374,9.346631196196263e-05,0,9.346631196196263e-05
2022-12-07,0.9999078342187749,9.216578122441729e-05,0,9.216578122441729e-05
2022-12-08,0.9999074667128399,9.253328715946415e-05,0,9.253328715946415e-05
2022-12-09,0.9999060231559539,9.397684404532472e-05,0,9.397684404532472e-05
2022-12-12,0.9998996312511482,0.00010036874885106438,0,0.00010036874885106438
2022-12-13,0.9998921001004012,0.00010789989959801456,0,0.00010789989959801456
2022-12-14,0.9998976403411106,0.0001023596588887777,0,0.0001023596588887777
2022-12-15,0.9998860564357396,0.0001139435642598619,0,0.0001139435642598619
2022-12-16,0.9998722418378472,0.0001277581621523761,0,0.0001277581621523761
2022-12-19,0.9998746147714037,0.00012538522859580805,0,0.00012538522859580805
2022-12-20,0.9998552771708733,0.00014472282912605182,0,0.00014472282912605182
2022-12-21,0.9998588576385573,0.00014114236144222708,0,0.00014114236144222708
2022-12-22,0.9998694504459364,0.00013054955406319887,0,0.00013054955406319887
2022-12-23,0.9998868825940801,0.00011311740591968172,0,0.00011311740591968172
2022-12-26,0.9998915433521558,0.00010845664784391403,0,0.00010845664784391403
2022-12-27,0.999890024267769,0.00010997573223097227,0,0.00010997573223097227
2022-12-28,0.9998878008780742,0.00011219912192570662,0,0.00011219912192570662
2022-12-29,0.9998664633034464,0.00013353669655368178,0,0.00013353669655368178
2022-12-30,0.9998323389513741,0.00016766104862573272,0,0.00016766104862573272
2023-01-02,0.9997644589593383,0.00023554104066148435,0,0.00023554104066148435
2023-01-03,0.9995702577576134,0.0004297422423864393,0,0.0004297422423864393
2023-01-04,0.9994398671297695,0.0005601328702300758,0,0.0005601328702300758
2023-01-05,0.9997143468367948,0.0002856531632048643,0,0.0002856531632048643
2023-01-06,0.9998331480526732,0.0001668519473265772,0,0.0001668519473265772
2023-01-09,0.9998774415454708,0.00012255845452893905,0,0.00012255845452893905
2023-01-10,0.9998646277968913,0.00013537220310834978,0,0.00013537220310834978
2023-01-11,0.9998103293464579,0.00018967065354201623,0,0.00018967065354201623
2023-01-12,0.999808688380473,0.00019131161952670636,0,0.00019131161952670636
2023-01-13,0.9998250636735041,0.0001749363264955959,0,0.0001749363264955959
2023-01-16,0.9998163992609542,0.00018360073904535623,0,0.00018360073904535623
2023-01-17,0.9997762299267329,0.00022377007326679517,0,0.00022377007326679517
2023-01-18,0.9997483589978532,0.0002516410021464488,0,0.0002516410021464488
2023-01-19,0.9997786934559457,0.0002213065440539362,0,0.0002213065440539362
2023-01-20,0.9997762220177467,0.00022377798225273112,0,0.00022377798225273112
2023-01-23,0.9997778648636947,0.00022213513630495933,0,0.00022213513630495933
2023-01-24,0.9998019011180207,0.00019809888197899026,0,0.00019809888197899026
2023-01-25,0.999812785922487,0.00018721407751249471,0,0.00018721407751249471
2023-01-26,0.9997780592408654,0.00022194075913400116,0,0.00022194075913400116
2023-01-27,0.9998106408318754,0.00018935916812393556,0,0.00018935916812393556
2023-01-30,0.9998289764374354,0.00017102356256389439,0,0.00017102356256389439
2023-01-31,0.9998402670755436,0.0001597329244556595,0,0.0001597329244556595
2023-02-01,0.9998840218895579,0.00011597811044139939,0,0.00011597811044139939
2023-02-02,0.9998810948581041,0.00011890514189521468,0,0.00011890514189521468
2023-02-03,0.9998284545354643,0.0001715454645350042,0,0.0001715454645350042
2023-02-06,0.9997603679497948,0.00023963205020449734,0,0.00023963205020449734
2023-02-07,0.9995269552164437,0.00047304478355553875,0,0.00047304478355553875
2023-02-08,0.9989686336166612,0.0010313663833381391,0,0.0010313663833381391
2023-02-09,0.9969682498054425,0.003031750194556871,0,0.003031750194556871
2023-02-10,0.9928860947019887,0.007113905298010543,0,0.007113905298010543
2023-02-13,0.9796560363650223,0.020343963634977095,0,0.020343963634977095
2023-02-14,0.9552332748151918,0.04476672518480743,0,0.04476672518480743
2023-02-15,0.9175093574623556,0.08249064253764368,0,0.08249064253764368
2023-02-16,0.8513605068972155,0.14863949310278382,0,0.14863949310278382
2023-02-17,0.8138424999520177,0.1861575000479817,0,0.1861575000479817
2023-02-20,0.7753350757538033,0.22466492424619597,0,0.22466492424619597
2023-02-21,0.7369208186033325,0.2630791813966665,0,0.2630791813966665
2023-02-22,0.7398134870943788,0.2601865129056203,0,0.2601865129056203
2023-02-23,0.7771371403745242,0.22286285962547478,0,0.22286285962547478
2023-02-24,0.8211724495221422,0.17882755047785684,0,0.17882755047785684
2023-02-27,0.839123844943878,0.16087615505612085,0,0.16087615505612085
2023-02-28,0.8485764328261717,0.15142356717382735,0,0.15142356717382735
2023-03-01,0.8611490363553607,0.13885096364463845,0,0.13885096364463845
2023-03-02,0.8963381087120131,0.1036618912879862,0,0.1036618912879862
2023-03-03,0.9289204369167744,0.07107956308322486,0,0.07107956308322486
2023-03-06,0.9491249841696155,0.05087501583038393,0,0.05087501583038393
2023-03-07,0.965472787842223,0.034527212157776564,0,0.034527212157776564
2023-03-08,0.9742331717449217,0.02576682825507777,0,0.02576682825507777
2023-03-09,0.9840873752605864,0.01591262473941315,0,0.01591262473941315
2023-03-10,0.992404924211413,0.00759507578858642,0,0.00759507578858642
2023-03-13,0.9955622008447507,0.0044377991552487835,0,0.0044377991552487835
2023-03-14,0.9958767718486378,0.00412322815136166,0,0.00412322815136166
2023-03-15,0.9939367909005955,0.00606320909940391,0,0.00606320909940391
2023-03-16,0.9935249930546379,0.0064750069453614785,0,0.0064750069453614785
2023-03-17,0.9929588039861532,0.007041196013846177,0,0.007041196013846177
2023-03-20,0.9952178344566475,0.004782165543351991,0,0.004782165543351991
2023-03-21,0.9984487523540699,0.0015512476459295175,0,0.0015512476459295175
2023-03-22,0.9994743276980187,0.0005256723019806414,0,0.0005256723019806414
2023-03-23,0.9997434917235953,0.0002565082764040196,0,0.0002565082764040196
2023-03-24,0.9997917154237307,0.00020828457626860438,0,0.00020828457626860438
2023-03-27,0.9997425522898895,0.00025744771010976906,0,0.00025744771010976906
2023-03-28,0.9994027077526589,0.0005972922473402525,0,0.0005972922473402525
2023-03-29,0.9981694903610663,0.0018305096389329219,0,0.0018305096389329219
2023-03-30,0.993578980365487,0.0064210196345122796,0,0.0064210196345122796
2023-03-31,0.9796709597682042,0.020329040231795024,0,0.020329040231795024
2023-04-03,0.9295314270098536,0.07046857299014564,0,0.07046857299014564
2023-04-04,0.8142838328721789,0.18571616712782033,0,0.18571616712782033
2023-04-05,0.7956593874351563,0.2043406125648429,0,0.2043406125648429
2023-04-06,0.7958390399769038,0.20416096002309556,0,0.20416096002309556
2023-04-07,0.7999403280077959,0.20005967199220331,0,0.20005967199220331
2023-04-10,0.8080797523572478,0.19192024764275145,0,0.19192024764275145
2023-04-11,0.8189958776697267,0.18100412233027258,0,0.18100412233027258
2023-04-12,0.8308232193193074,0.16917678068069178,0,0.16917678068069178
2023-04-13,0.834591978743296,0.16540802125670317,0,0.16540802125670317
2023-04-14,0.8345999185219127,0.16540008147808635,0,0.16540008147808635
2023-04-17,0.8221771500853384,0.17782284991466069,0,0.17782284991466069
2023-04-18,0.7897868677885347,0.21021313221146448,0,0.21021313221146448
2023-04-19,0.7139995688899066,0.28600043111009266,0,0.28600043111009266
2023-04-20,0.5240124568944228,0.47598754310557645,0,0.47598754310557645
2023-04-21,0.3441792671252462,0.655820732874753,1,0.655820732874753
2023-04-24,0.12272400826609656,0.8772759917339026,1,0.8772759917339026
2023-04-25,0.002649579747577468,0.9973504202524218,1,0.9973504202524218
2023-04-26,0.00013760644747120473,0.999862393552528,1,0.999862393552528
2023-04-27,2.2599286195047084e-05,0.9999774007138043,1,0.9999774007138043
2023-04-28,2.4342377298140303e-05,0.9999756576227012,1,0.9999756576227012
2023-05-01,8.794355379885136e-05,0.9999120564462004,1,0.9999120564462004
2023-05-02,2.4772212725211407e-06,0.9999975227787269,1,0.9999975227787269
2023-05-03,3.264325994120821e-07,0.9999996735673999,1,0.9999996735673999
2023-05-04,1.792493361262831e-07,0.9999998207506633,1,0.9999998207506633
2023-05-05,5.425695901683927e-06,0.9999945743040977,1,0.9999945743040977
2023-05-08,1.475433732774719e-05,0.9999852456626717,1,0.9999852456626717
2023-05-09,3.382187408815194e-06,0.9999966178125907,1,0.9999966178125907
2023-05-10,4.905670843304236e-07,0.9999995094329153,1,0.9999995094329153
2023-05-11,3.8410027932789105e-09,0.9999999961589968,1,0.9999999961589968
2023-05-12,1.6492053910739023e-08,0.9999999835079457,1,0.9999999835079457
2023-05-15,4.82611676614777e-08,0.999999951738832,1,0.999999951738832
2023-05-16,1.4867600717070819e-08,0.9999999851323991,1,0.9999999851323991
2023-05-17,2.102433931287011e-06,0.9999978975660685,1,0.9999978975660685
2023-05-18,1.2854546339630933e-06,0.9999987145453657,1,0.9999987145453657
2023-05-19,1.3827951312646099e-06,0.9999986172048684,1,0.9999986172048684
2023-05-22,2.470008478940517e-07,0.9999997529991518,1,0.9999997529991518
2023-05-23,6.960119061805522e-08,0.9999999303988091,1,0.9999999303988091
2023-05-24,1.582982430288817e-09,0.9999999984170173,1,0.9999999984170173
2023-05-25,7.292970191732861e-08,0.9999999270702977,1,0.9999999270702977
2023-05-26,4.382168000843949e-06,0.9999956178319985,1,0.9999956178319985
2023-05-29,4.634900277846068e-06,0.9999953650997216,1,0.9999953650997216
2023-05-30,9.93219523065836e-07,0.9999990067804764,1,0.9999990067804764
2023-05-31,2.0874247417939015e-07,0.9999997912575253,1,0.9999997912575253
2023-06-01,3.6628573220957767e-06,0.9999963371426774,1,0.9999963371426774
2023-06-02,0.00014754214540870156,0.999852457854591,1,0.999852457854591
2023-06-05,0.0012386695158105303,0.998761330484189,1,0.998761330484189
2023-06-06,0.005099497791106478,0.9949005022088931,1,0.9949005022088931
2023-06-07,0.02242389961336106,0.9775761003866387,1,0.9775761003866387
2023-06-08,0.056511756424151405,0.9434882435758484,1,0.9434882435758484
2023-06-09,0.1188330487169057,0.881166951283094,1,0.881166951283094
2023-06-12,0.23998004099153958,0.7600199590084601,1,0.7600199590084601
2023-06-13,0.6467316171531712,0.35326838284682865,0,0.35326838284682865
2023-06-14,0.859364872300934,0.14063512769906594,0,0.14063512769906594
2023-06-15,0.9507501920826608,0.04924980791733899,0,0.04924980791733899
2023-06-16,0.9819090121224563,0.018090987877543516,0,0.018090987877543516
2023-06-19,0.9936425506426615,0.006357449357338405,0,0.006357449357338405
2023-06-20,0.9980583502589367,0.0019416497410629336,0,0.0019416497410629336
2023-06-21,0.9993343691792024,0.0006656308207974617,0,0.0006656308207974617
2023-06-22,0.9996293132143308,0.0003706867856692119,0,0.0003706867856692119
2023-06-23,0.9995457593935311,0.0004542406064688483,0,0.0004542406064688483
2023-06-26,0.9992202928964028,0.0007797071035972803,0,0.0007797071035972803
2023-06-27,0.9986691479734502,0.001330852026549948,0,0.001330852026549948
2023-06-28,0.9973495884725535,0.002650411527446758,0,0.002650411527446758
2023-06-29,0.9963226645838984,0.0036773354161017905,0,0.0036773354161017905
2023-06-30,0.9968694074495915,0.003130592550408816,0,0.003130592550408816
2023-07-03,0.9976415825431717,0.0023584174568285626,0,0.0023584174568285626
2023-07-04,0.9978995616239319,0.002100438376068449,0,0.002100438376068449
2023-07-05,0.9977639806918116,0.002236019308188849,0,0.002236019308188849
2023-07-06,0.9976141272038271,0.002385872796173167,0,0.002385872796173167
2023-07-07,0.9977207052332825,0.002279294766717759,0,0.002279294766717759
2023-07-10,0.997806080630385,0.002193919369615071,0,0.002193919369615071
2023-07-11,0.9977537019549392,0.00224629804506103,0,0.00224629804506103
2023-07-12,0.9982226128112786,0.00177738718872181,0,0.00177738718872181
2023-07-13,0.9984297825560552,0.0015702174439450995,0,0.0015702174439450995
2023-07-14,0.9975355298988305,0.0024644701011697573,0,0.0024644701011697573
2023-07-17,0.9941561074222492,0.0058438925777508696,0,0.0058438925777508696
2023-07-18,0.9888375049211345,0.011162495078865547,0,0.011162495078865547
2023-07-19,0.9867863378157924,0.013213662184207713,0,0.013213662184207713
2023-07-20,0.9882892771640825,0.011710722835917627,0,0.011710722835917627
2023-07-21,0.9908858351722362,0.009114164827763843,0,0.009114164827763843
2023-07-24,0.9952394448659764,0.004760555134023542,0,0.004760555134023542
2023-07-25,0.9981734571543084,0.0018265428456916532,0,0.0018265428456916532
2023-07-26,0.9991644787748745,0.0008355212251256923,0,0.0008355212251256923
2023-07-27,0.9996241789994308,0.00037582100056940133,0,0.00037582100056940133
2023-07-28,0.9998097729807138,0.00019022701928642218,0,0.00019022701928642218
2023-07-31,0.9998741112827161,0.0001258887172842436,0,0.0001258887172842436
2023-08-01,0.9998729929522537,0.0001270070477464569,0,0.0001270070477464569
2023-08-02,0.9998275139573853,0.0001724860426149744,0,0.0001724860426149744
2023-08-03,0.9998341594780826,0.0001658405219177569,0,0.0001658405219177569
2023-08-04,0.9997340149274403,0.00026598507256019396,0,0.00026598507256019396
2023-08-07,0.9995228699908038,0.00047713000919688916,0,0.00047713000919688916
2023-08-08,0.9991354585886887,0.000864541411312109,0,0.000864541411312109
2023-08-09,0.9989449533753156,0.0010550466246848792,0,0.0010550466246848792
2023-08-10,0.9984183302153256,0.0015816697846750402,0,0.0015816697846750402
2023-08-11,0.9975291095452038,0.002470890454797027,0,0.002470890454797027
2023-08-14,0.9968934179167692,0.003106582083231691,0,0.003106582083231691
2023-08-15,0.9960627229896314,0.003937277010369335,0,0.003937277010369335
2023-08-16,0.9964607145264296,0.0035392854735712526,0,0.0035392854735712526
2023-08-17,0.9979995991828691,0.002000400817131724,0,0.002000400817131724
2023-08-18,0.9989095925233412,0.0010904074766595678,0,0.0010904074766595678
2023-08-21,0.999380680547997,0.0006193194520039238,0,0.0006193194520039238
2023-08-22,0.999668244116216,0.00033175588378483225,0,0.00033175588378483225
2023-08-23,0.9997606724604066,0.00023932753959413905,0,0.00023932753959413905
2023-08-24,0.9997332413312974,0.0002667586687034048,0,0.0002667586687034048
2023-08-25,0.9997111837209437,0.00028881627905713884,0,0.00028881627905713884
2023-08-28,0.999642477143501,0.00035752285649974806,0,0.00035752285649974806
2023-08-29,0.9995922450348332,0.0004077549651676814,0,0.0004077549651676814
2023-08-30,0.9995105724799748,0.0004894275200263362,0,0.0004894275200263362
2023-08-31,0.9995376375662299,0.00046236243377115996,0,0.00046236243377115996
2023-09-01,0.999672242917589,0.0003277570824120237,0,0.0003277570824120237
2023-09-04,0.9997180120549141,0.0002819879450868995,0,0.0002819879450868995
2023-09-05,0.9997081166096741,0.0002918833903270698,0,0.0002918833903270698
2023-09-06,0.9995137418966853,0.0004862581033157659,0,0.0004862581033157659
2023-09-07,0.9992346026402541,0.000765397359746951,0,0.000765397359746951
2023-09-08,0.9989737828588332,0.0010262171411680007,0,0.0010262171411680007
2023-09-11,0.9993784820536579,0.0006215179463433615,0,0.0006215179463433615
2023-09-12,0.999508429619934,0.0004915703800670398,0,0.0004915703800670398
2023-09-13,0.9994277428439292,0.0005722571560719946,0,0.0005722571560719946
2023-09-14,0.9989923566336149,0.0010076433663862665,0,0.0010076433663862665
2023-09-15,0.9974038053466867,0.0025961946533144867,0,0.0025961946533144867
2023-09-18,0.9938731840323679,0.0061268159676333605,0,0.0061268159676333605
2023-09-19,0.9889599831548294,0.011040016845171707,0,0.011040016845171707
2023-09-20,0.9847462779924092,0.015253722007591914,0,0.015253722007591914
2023-09-21,0.9805116912118859,0.01948830878811545,0,0.01948830878811545
2023-09-22,0.9787600007679658,0.02123999923203562,0,0.02123999923203562
2023-09-25,0.9800525506312999,0.019947449368701402,0,0.019947449368701402
2023-09-26,0.9846769953603546,0.015323004639646575,0,0.015323004639646575
2023-09-27,0.9929198541718602,0.007080145828141063,0,0.007080145828141063
2023-09-28,0.9978477837772354,0.002152216222765868,0,0.002152216222765868
2023-09-29,0.9992061611684538,0.000793838831547205,0,0.000793838831547205
2023-10-02,0.9995139544845693,0.00048604551543183583,0,0.00048604551543183583
2023-10-03,0.9993708595787797,0.0006291404212214057,0,0.0006291404212214057
2023-10-04,0.9985345968942572,0.0014654031057440035,0,0.0014654031057440035
2023-10-05,0.9958078206458615,0.004192179354139821,0,0.004192179354139821
2023-10-06,0.9891549939658935,0.010845006034107856,0,0.010845006034107856
2023-10-09,0.9656865377742839,0.03431346222571755,0,0.03431346222571755
2023-10-10,0.8907409495656959,0.1092590504343054,0,0.1092590504343054
2023-10-11,0.7039709869206042,0.29602901307939694,0,0.29602901307939694
2023-10-12,0.4132361453216802,0.5867638546783212,1,0.5867638546783212
2023-10-13,0.033932561509658385,0.966067438490343,1,0.966067438490343
2023-10-16,0.004736239857080461,0.995263760142921,1,0.995263760142921
2023-10-17,0.0004752532117297798,0.9995247467882716,1,0.9995247467882716
2023-10-18,1.3325361035725222e-05,0.9999866746389657,1,0.9999866746389657
2023-10-19,2.756584134227313e-06,0.9999972434158674,1,0.9999972434158674
2023-10-20,1.4374129694799997e-07,0.9999998562587046,1,0.9999998562587046
2023-10-23,1.1358052465921673e-06,0.9999988641947548,1,0.9999988641947548
2023-10-24,5.384051318752141e-06,0.9999946159486827,1,0.9999946159486827
2023-10-25,8.663389752714003e-07,0.999999133661026,1,0.999999133661026
2023-10-26,7.486264304835865e-07,0.9999992513735708,1,0.9999992513735708
2023-10-27,8.40938430344492e-06,0.9999915906156978,1,0.9999915906156978
2023-10-30,1.0631875697802048e-05,0.9999893681243034,1,0.9999893681243034
2023-10-31,1.8476681116664626e-05,0.9999815233188847,1,0.9999815233188847
2023-11-01,4.196643989654322e-05,0.9999580335601049,1,0.9999580335601049
2023-11-02,0.0001273377808301764,0.9998726622191713,1,0.9998726622191713
2023-11-03,0.0005238391245042576,0.9994761608754971,1,0.9994761608754971
2023-11-06,0.002745754890681357,0.9972542451093201,1,0.9972542451093201
2023-11-07,0.006121449630669352,0.9938785503693321,1,0.9938785503693321
2023-11-08,0.012715480661984718,0.9872845193380171,1,0.9872845193380171
2023-11-09,0.029277971106129785,0.9707220288938719,1,0.9707220288938719
2023-11-10,0.08612656082725421,0.9138734391727475,1,0.9138734391727475
2023-11-13,0.24278893488865472,0.7572110651113473,1,0.7572110651113473
2023-11-14,0.38939985913946884,0.6106001408605332,1,0.6106001408605332
2023-11-15,0.547785686379959,0.45221431362004305,0,0.45221431362004305
2023-11-16,0.643704975712123,0.3562950242878786,0,0.3562950242878786
2023-11-17,0.7803674961628384,0.21963250383716357,0,0.21963250383716357
2023-11-20,0.8842750789773062,0.11572492102269563,0,0.11572492102269563
2023-11-21,0.918252668664152,0.08174733133584984,0,0.08174733133584984
2023-11-22,0.9328063902975989,0.06719360970240289,0,0.06719360970240289
2023-11-23,0.9414460432778377,0.058553956722164104,0,0.058553956722164104
2023-11-24,0.9448663272331717,0.055133672766829914,0,0.055133672766829914
2023-11-27,0.9445991081553655,0.05540089184463614,0,0.05540089184463614
2023-11-28,0.945116113958516,0.05488388604148561,0,0.05488388604148561
2023-11-29,0.9476785749556638,0.052321425044337885,0,0.052321425044337885
2023-11-30,0.9569571893212832,0.04304281067871837,0,0.04304281067871837
2023-12-01,0.9638728521719917,0.036127147828009784,0,0.036127147828009784
2023-12-04,0.9673274564081806,0.032672543591820855,0,0.032672543591820855
2023-12-05,0.9682121490966269,0.03178785090337449,0,0.03178785090337449
2023-12-06,0.9691499253947483,0.030850074605253013,0,0.030850074605253013
2023-12-07,0.9810088475055588,0.01899115249444251,0,0.01899115249444251
2023-12-08,0.9934005029757693,0.006599497024231954,0,0.006599497024231954
2023-12-11,0.9976663132176715,0.0023336867823297277,0,0.0023336867823297277
2023-12-12,0.9991389028185022,0.0008610971814989874,0,0.0008610971814989874
2023-12-13,0.9996183617265918,0.00038163827340936986,0,0.00038163827340936986
2023-12-14,0.9997919292292403,0.00020807077076082813,0,0.00020807077076082813
2023-12-15,0.9998471844798015,0.0001528155201995108,0,0.0001528155201995108
2023-12-18,0.9998362559438423,0.000163744056158685,0,0.000163744056158685
2023-12-19,0.9998588397611863,0.00014116023881444666,0,0.00014116023881444666
2023-12-20,0.9998702138862239,0.00012978611377674395,0,0.00012978611377674395
2023-12-21,0.9998591137149355,0.00014088628506520146,0,0.00014088628506520146
2023-12-22,0.9998093089032547,0.00019069109674592022,0,0.00019069109674592022
2023-12-25,0.9997884154461146,0.000211584553886108,0,0.000211584553886108
2023-12-26,0.9997740341840713,0.00022596581592942646,0,0.00022596581592942646
2023-12-27,0.9997567751481189,0.00024322485188190212,0,0.00024322485188190212
2023-12-28,0.9997036065286435,0.00029639347135732014,0,0.00029639347135732014
2023-12-29,0.9996349139504234,0.00036508604957751,0,0.00036508604957751
2024-01-01,0.9995622364991852,0.0004377635008156985,0,0.0004377635008156985
2024-01-02,0.999439685940029,0.0005603140599718844,0,0.0005603140599718844
2024-01-03,0.9993184537718622,0.0006815462281385741,0,0.0006815462281385741
2024-01-04,0.9988306298829038,0.001169370117096923,0,0.001169370117096923
2024-01-05,0.9980005678116076,0.001999432188392937,0,0.001999432188392937
2024-01-08,0.9973386273883786,0.0026613726116219575,0,0.0026613726116219575
2024-01-09,0.99594914832988,0.004050851670120622,0,0.004050851670120622
2024-01-10,0.9951168781127552,0.0048831218872454635,0,0.0048831218872454635
2024-01-11,0.9933942783437049,0.006605721656295759,0,0.006605721656295759
2024-01-12,0.9897032045278342,0.01029679547216648,0,0.01029679547216648
2024-01-15,0.9895866565225397,0.010413343477460948,0,0.010413343477460948
2024-01-16,0.9928062113546645,0.00719378864533625,0,0.00719378864533625
2024-01-17,0.9952381297683578,0.004761870231642832,0,0.004761870231642832
2024-01-18,0.9967567294854144,0.0032432705145862373,0,0.0032432705145862373
2024-01-19,0.9981518580818584,0.0018481419181423516,0,0.0018481419181423516
2024-01-22,0.9989087268705635,0.0010912731294371602,0,0.0010912731294371602
2024-01-23,0.9994599291148749,0.0005400708851258352,0,0.0005400708851258352
2024-01-24,0.9997866985394399,0.0002133014605608237,0,0.0002133014605608237
2024-01-25,0.9998727574373673,0.00012724256263348333,0,0.00012724256263348333
2024-01-26,0.9998899340917514,0.00011006590824939901,0,0.00011006590824939901
2024-01-29,0.9998814075400078,0.00011859245999316696,0,0.00011859245999316696
2024-01-30,0.9998244195953199,0.00017558040468106323,0,0.00017558040468106323
2024-01-31,0.9996002182606023,0.0003997817393984644,0,0.0003997817393984644
2024-02-01,0.9988048833404592,0.0011951166595414158,0,0.0011951166595414158
2024-02-02,0.9969856313887611,0.0030143686112395433,0,0.0030143686112395433
2024-02-05,0.992526868749147,0.007473131250853688,0,0.007473131250853688
2024-02-06,0.9851052656726669,0.014894734327333698,0,0.014894734327333698
2024-02-07,0.973651460501147,0.02634853949885363,0,0.02634853949885363
2024-02-08,0.96705644229909,0.03294355770091088,0,0.03294355770091088
2024-02-09,0.9676578997825228,0.03234210021747799,0,0.03234210021747799
2024-02-12,0.9778485697387308,0.022151430261269985,0,0.022151430261269985
2024-02-13,0.9883760243648083,0.011623975635192465,0,0.011623975635192465
2024-02-14,0.9941344832908298,0.00586551670917103,0,0.00586551670917103
2024-02-15,0.9978726241726074,0.0021273758273931864,0,0.0021273758273931864
2024-02-16,0.9993448455499602,0.000655154450040594,0,0.000655154450040594
2024-02-19,0.9997254595347417,0.0002745404652592751,0,0.0002745404652592751
2024-02-20,0.9997855263965054,0.00021447360349550202,0,0.00021447360349550202
2024-02-21,0.9996466684704993,0.0003533315295018614,0,0.0003533315295018614
2024-02-22,0.9990606902103757,0.0009393097896253455,0,0.0009393097896253455
2024-02-23,0.997356522836754,0.0026434771632469745,0,0.0026434771632469745
2024-02-26,0.9908823110981423,0.009117688901858446,0,0.009117688901858446
2024-02-27,0.9708619770279352,0.029138022972065573,0,0.029138022972065573
2024-02-28,0.910757152388078,0.0892428476119227,0,0.0892428476119227
2024-02-29,0.7324647761519432,0.26753522384805756,0,0.26753522384805756
2024-03-01,0.3067960445880489,0.6932039554119518,1,0.6932039554119518
2024-03-04,0.020754804954036806,0.9792451950459636,1,0.9792451950459636
2024-03-05,0.0002584062422358292,0.9997415937577647,1,0.9997415937577647
2024-03-06,5.507015791871422e-06,0.9999944929842086,1,0.9999944929842086
2024-03-07,1.4107743664089399e-05,0.9999858922563365,1,0.9999858922563365
2024-03-08,7.956319196719683e-07,0.9999992043680811,1,0.9999992043680811
2024-03-11,0.00031594770352924535,0.9996840522964715,1,0.9996840522964715
2024-03-12,0.0298850244307184,0.9701149755692823,1,0.9701149755692823
2024-03-13,0.33874299228831917,0.6612570077116817,1,0.6612570077116817
2024-03-14,0.4894288186257717,0.5105711813742292,1,0.5105711813742292
2024-03-15,0.5533042731876225,0.4466957268123783,0,0.4466957268123783
2024-03-18,0.5694611172258223,0.4305388827741787,0,0.4305388827741787
2024-03-19,0.5661133993717861,0.4338866006282148,0,0.4338866006282148
2024-03-20,0.537907917126201,0.46209208287379994,0,0.46209208287379994
2024-03-21,0.45574818333895906,0.5442518166610418,1,0.5442518166610418
2024-03-22,0.33790352405361196,0.662096475946389,1,0.662096475946389
2024-03-25,0.18651721328217827,0.8134827867178225,1,0.8134827867178225
2024-03-26,0.07132909548783128,0.9286709045121692,1,0.9286709045121692
2024-03-27,0.010549844912609385,0.9894501550873911,1,0.9894501550873911
2024-03-28,0.00031632605080774665,0.9996836739491928,1,0.9996836739491928
2024-03-29,1.653332317615745e-05,0.9999834666768243,1,0.9999834666768243
2024-04-01,1.1034106445042054e-05,0.9999889658935555,1,0.9999889658935555
2024-04-02,9.026287747223551e-06,0.9999909737122532,1,0.9999909737122532
2024-04-03,0.0002677339110472865,0.9997322660889532,1,0.9997322660889532
2024-04-04,0.000767515225048835,0.9992324847749517,1,0.9992324847749517
2024-04-05,0.0003618443405892994,0.9996381556594112,1,0.9996381556594112
2024-04-08,0.0004129085095702901,0.9995870914904302,1,0.9995870914904302
2024-04-09,0.0003458548249858494,0.9996541451750146,1,0.9996541451750146
2024-04-10,0.0003420974663502464,0.9996579025336503,1,0.9996579025336503
2024-04-11,3.441574294129479e-05,0.9999655842570592,1,0.9999655842570592
2024-04-12,7.322868207082548e-05,0.9999267713179296,1,0.9999267713179296
2024-04-15,0.0008621804092159423,0.9991378195907843,1,0.9991378195907843
2024-04-16,0.0006942404979154244,0.9993057595020849,1,0.9993057595020849
2024-04-17,0.006364097059030019,0.9936359029409704,1,0.9936359029409704
2024-04-18,0.01430287803319244,0.985697121966808,1,0.985697121966808
2024-04-19,0.01567543860421443,0.9843245613957861,1,0.9843245613957861
2024-04-22,0.011674711032083082,0.9883252889679176,1,0.9883252889679176
2024-04-23,0.00821722934563495,0.9917827706543657,1,0.9917827706543657
2024-04-24,0.005033698658712681,0.9949663013412879,1,0.9949663013412879
2024-04-25,0.00038913740874892605,0.9996108625912518,1,0.9996108625912518
2024-04-26,6.214942973036508e-05,0.9999378505702704,1,0.9999378505702704
2024-04-29,1.5261264375735397e-06,0.9999984738735631,1,0.9999984738735631
2024-04-30,6.749225370418342e-07,0.9999993250774637,1,0.9999993250774637
2024-05-01,3.494414674953083e-06,0.9999965055853257,1,0.9999965055853257
2024-05-02,3.3136596657077514e-05,0.9999668634033438,1,0.9999668634033438
2024-05-03,1.334654634313453e-06,0.9999986653453666,1,0.9999986653453666
2024-05-06,5.668127204375528e-07,0.9999994331872806,1,0.9999994331872806
2024-05-07,5.4527280096022e-07,0.9999994547272003,1,0.9999994547272003
2024-05-08,9.340761573368415e-06,0.999990659238428,1,0.999990659238428
2024-05-09,7.018552055242765e-06,0.999992981447946,1,0.999992981447946
2024-05-10,3.5825537629738854e-06,0.9999964174462384,1,0.9999964174462384
2024-05-13,2.434398942141744e-10,0.9999999997565616,1,0.9999999997565616
2024-05-14,1.2541959822477953e-13,0.9999999999998761,1,0.9999999999998761
2024-05-15,1.6709257727615626e-11,0.9999999999832923,1,0.9999999999832923
2024-05-16,1.1658333718656869e-09,0.9999999988341682,1,0.9999999988341682
2024-05-17,3.4628827214534238e-12,0.9999999999965387,1,0.9999999999965387
2024-05-20,1.682877314662911e-11,0.9999999999831729,1,0.9999999999831729
2024-05-21,7.866583105854425e-13,0.9999999999992149,1,0.9999999999992149
2024-05-22,5.266373872545472e-08,0.9999999473362627,1,0.9999999473362627
2024-05-23,2.8042121819340504e-09,0.9999999971957892,1,0.9999999971957892
2024-05-24,2.0416686190719215e-08,0.9999999795833153,1,0.9999999795833153
2024-05-27,2.460055195997414e-08,0.9999999753994494,1,0.9999999753994494
2024-05-28,2.2342342510864618e-09,0.9999999977657669,1,0.9999999977657669
2024-05-29,2.286173360693246e-08,0.9999999771382674,1,0.9999999771382674
2024-05-30,9.148258519790876e-06,0.9999908517414813,1,0.9999908517414813
2024-05-31,2.0023209622853544e-05,0.9999799767903782,1,0.9999799767903782
2024-06-03,1.9384424105614173e-05,0.9999806155758953,1,0.9999806155758953
2024-06-04,0.00018447038111745072,0.9998155296188835,1,0.9998155296188835
2024-06-05,0.00017080417420896945,0.9998291958257919,1,0.9998291958257919
2024-06-06,0.00011351971145192722,0.9998864802885488,1,0.9998864802885488
2024-06-07,0.000383879116035372,0.9996161208839652,1,0.9996161208839652
2024-06-10,0.0004101054952209462,0.9995898945047798,1,0.9995898945047798
2024-06-11,0.0013475739994665667,0.998652426000534,1,0.998652426000534
2024-06-12,0.0033473269452896073,0.9966526730547111,1,0.9966526730547111
2024-06-13,0.00822180651960483,0.9917781934803959,1,0.9917781934803959
2024-06-14,0.01908720171416395,0.9809127982858366,1,0.9809127982858366
2024-06-17,0.03476362208023347,0.965236377919767,1,0.965236377919767
2024-06-18,0.061900782053447206,0.9380992179465533,1,0.9380992179465533
2024-06-19,0.11527639062113346,0.8847236093788671,1,0.8847236093788671
2024-06-20,0.22048885084826614,0.7795111491517344,1,0.7795111491517344
2024-06-21,0.4887688839248619,0.5112311160751386,1,0.5112311160751386
2024-06-24,0.7074751911719325,0.2925248088280679,0,0.2925248088280679
2024-06-25,0.910456095995433,0.08954390400456737,0,0.08954390400456737
2024-06-26,0.9644326550729124,0.03556734492708786,0,0.03556734492708786
2024-06-27,0.979300514612361,0.020699485387639268,0,0.020699485387639268
2024-06-28,0.9846870509747205,0.015312949025279706,0,0.015312949025279706
2024-07-01,0.9847453625114609,0.015254637488539337,0,0.015254637488539337
2024-07-02,0.9800534364061125,0.019946563593887853,0,0.019946563593887853
2024-07-03,0.963747655006387,0.036252344993613336,0,0.036252344993613336
2024-07-04,0.9301289700922425,0.0698710299077579,0,0.0698710299077579
2024-07-05,0.8609828682354478,0.13901713176455263,0,0.13901713176455263
2024-07-08,0.8159479976956211,0.18405200230437935,0,0.18405200230437935
2024-07-09,0.8031522841663278,0.19684771583367283,0,0.19684771583367283
2024-07-10,0.7884447868414013,0.2115552131585994,0,0.2115552131585994
2024-07-11,0.7739641568422034,0.22603584315779712,0,0.22603584315779712
2024-07-12,0.7255498639659841,0.2744501360340165,0,0.2744501360340165
2024-07-15,0.5655130234839106,0.43448697651608986,0,0.43448697651608986
2024-07-16,0.0549493746805323,0.9450506253194682,1,0.9450506253194682
2024-07-17,0.0017280815839350986,0.9982719184160653,1,0.9982719184160653
2024-07-18,5.7313014281439584e-08,0.9999999426869862,1,0.9999999426869862
2024-07-19,2.2064710781125803e-07,0.9999997793528925,1,0.9999997793528925
2024-07-22,4.049765817367696e-08,0.999999959502342,1,0.999999959502342
2024-07-23,1.2562523949435765e-09,0.9999999987437476,1,0.9999999987437476
2024-07-24,1.8017557868095494e-11,0.9999999999819825,1,0.9999999999819825
2024-07-25,1.7137347923261793e-07,0.9999998286265208,1,0.9999998286265208
2024-07-26,7.01172657596598e-09,0.9999999929882735,1,0.9999999929882735
2024-07-29,8.315143313218946e-10,0.9999999991684857,1,0.9999999991684857
2024-07-30,5.0745162849699007e-11,0.9999999999492547,1,0.9999999999492547
2024-07-31,7.60086979325964e-09,0.9999999923991303,1,0.9999999923991303
2024-08-01,5.866950586578356e-12,0.9999999999941331,1,0.9999999999941331
2024-08-02,1.9429007650804146e-10,0.99999999980571,1,0.99999999980571
2024-08-05,4.678979278350139e-12,0.999999999995321,1,0.999999999995321
2024-08-06,4.459786739727371e-10,0.9999999995540214,1,0.9999999995540214
2024-08-07,3.4283159765223635e-12,0.9999999999965717,1,0.9999999999965717
2024-08-08,2.9274059822377187e-13,0.9999999999997073,1,0.9999999999997073
2024-08-09,4.505804229049201e-12,0.9999999999954944,1,0.9999999999954944
2024-08-12,7.330281102049296e-11,0.9999999999266972,1,0.9999999999266972
2024-08-13,2.922273456864909e-11,0.9999999999707773,1,0.9999999999707773
2024-08-14,5.915479270648819e-10,0.9999999994084519,1,0.9999999994084519
2024-08-15,1.2538287270946984e-07,0.999999874617127,1,0.999999874617127
2024-08-16,2.2384305253914825e-09,0.9999999977615692,1,0.9999999977615692
2024-08-19,2.14059863038319e-08,0.9999999785940135,1,0.9999999785940135
2024-08-20,6.376861043837411e-09,0.9999999936231387,1,0.9999999936231387
2024-08-21,5.7948803072247184e-08,0.9999999420511968,1,0.9999999420511968
2024-08-22,1.1815789631892958e-07,0.9999998818421039,1,0.9999998818421039
2024-08-23,1.905812952517208e-07,0.999999809418705,1,0.999999809418705
2024-08-26,2.681193574237328e-07,0.9999997318806427,1,0.9999997318806427
2024-08-27,7.893989055400323e-07,0.9999992106010946,1,0.9999992106010946
2024-08-28,9.312242162128759e-08,0.9999999068775786,1,0.9999999068775786
2024-08-29,2.435486480063015e-08,0.9999999756451353,1,0.9999999756451353
2024-08-30,2.8491582526262927e-07,0.9999997150841748,1,0.9999997150841748
2024-09-02,3.654641004178308e-07,0.9999996345358997,1,0.9999996345358997
2024-09-03,4.849594121175806e-09,0.9999999951504059,1,0.9999999951504059
2024-09-04,3.3132792578640753e-09,0.9999999966867206,1,0.9999999966867206
2024-09-05,2.1055490829999425e-08,0.9999999789445091,1,0.9999999789445091
2024-09-06,6.903207183492552e-09,0.9999999930967927,1,0.9999999930967927
2024-09-09,1.2015025368176074e-07,0.9999998798497465,1,0.9999998798497465
2024-09-10,1.3412634017006454e-08,0.9999999865873661,1,0.9999999865873661
2024-09-11,1.1723952192521266e-07,0.9999998827604782,1,0.9999998827604782
2024-09-12,9.631508491288626e-08,0.9999999036849153,1,0.9999999036849153
2024-09-13,1.0325904797875164e-07,0.9999998967409522,1,0.9999998967409522
2024-09-16,5.443917208191442e-07,0.9999994556082794,1,0.9999994556082794
2024-09-17,1.554208871256988e-06,0.999998445791129,1,0.999998445791129
2024-09-18,2.8156026163794872e-06,0.9999971843973837,1,0.9999971843973837
2024-09-19,5.424995136249098e-06,0.999994575004864,1,0.999994575004864
2024-09-20,1.3083016488068667e-06,0.9999986916983514,1,0.9999986916983514
2024-09-23,1.5988438030831712e-06,0.9999984011561972,1,0.9999984011561972
2024-09-24,2.7570780392847642e-05,0.9999724292196072,1,0.9999724292196072
2024-09-25,8.434092847512015e-05,0.9999156590715248,1,0.9999156590715248
2024-09-26,0.0007963959465794388,0.9992036040534206,1,0.9992036040534206
2024-09-27,0.001255973756397767,0.9987440262436024,1,0.9987440262436024
2024-09-30,0.001387149817219072,0.998612850182781,1,0.998612850182781
2024-10-01,0.0015778419562799606,0.9984221580437201,1,0.9984221580437201
2024-10-02,0.002055082817260765,0.9979449171827394,1,0.9979449171827394
2024-10-03,0.0014540843740263336,0.9985459156259737,1,0.9985459156259737
2024-10-04,0.0013199817311020123,0.9986800182688982,1,0.9986800182688982
2024-10-07,0.0009756533810224834,0.9990243466189778,1,0.9990243466189778
2024-10-08,0.00040970541526045185,0.9995902945847399,1,0.9995902945847399
2024-10-09,0.0001294721291457623,0.9998705278708545,1,0.9998705278708545
2024-10-10,8.405090880732726e-05,0.999915949091193,1,0.999915949091193
2024-10-11,7.042940912234459e-05,0.9999295705908778,1,0.9999295705908778
2024-10-14,1.737998605579807e-05,0.9999826200139444,1,0.9999826200139444
2024-10-15,1.958584666666627e-06,0.9999980414153335,1,0.9999980414153335
2024-10-16,2.797497431182656e-06,0.9999972025025692,1,0.9999972025025692
2024-10-17,4.4610611307520726e-07,0.9999995538938873,1,0.9999995538938873
2024-10-18,1.0765491540441893e-06,0.9999989234508464,1,0.9999989234508464
2024-10-21,4.523395793891471e-07,0.9999995476604211,1,0.9999995476604211
2024-10-22,4.4814967825388303e-07,0.9999995518503223,1,0.9999995518503223
2024-10-23,6.325004746910848e-07,0.9999993674995258,1,0.9999993674995258
2024-10-24,4.861055961351504e-07,0.9999995138944043,1,0.9999995138944043
2024-10-25,8.195751122399904e-07,0.9999991804248883,1,0.9999991804248883
2024-10-28,7.596944584717469e-07,0.9999992403055421,1,0.9999992403055421
2024-10-29,3.1602520991295126e-07,0.9999996839747906,1,0.9999996839747906
2024-10-30,1.4329640925470203e-07,0.9999998567035912,1,0.9999998567035912
2024-10-31,1.1438359719477302e-06,0.9999988561640286,1,0.9999988561640286
2024-11-01,3.346758114876653e-06,0.9999966532418857,1,0.9999966532418857
2024-11-04,1.5855598628175957e-05,0.9999841444013723,1,0.9999841444013723
2024-11-05,3.147767990887246e-05,0.9999685223200917,1,0.9999685223200917
2024-11-06,5.156877607749365e-06,0.9999948431223927,1,0.9999948431223927
2024-11-07,5.6891102537461704e-05,0.9999431088974629,1,0.9999431088974629
2024-11-08,1.2749669997544137e-05,0.9999872503300027,1,0.9999872503300027
2024-11-11,2.6197606948325797e-05,0.9999738023930519,1,0.9999738023930519
2024-11-12,6.988869566895729e-06,0.9999930111304333,1,0.9999930111304333
2024-11-13,4.415444112257297e-06,0.999995584555888,1,0.999995584555888
2024-11-14,8.985772316265143e-06,0.9999910142276841,1,0.9999910142276841
2024-11-15,6.981910131606388e-06,0.9999930180898688,1,0.9999930180898688
2024-11-18,5.8243776872041025e-06,0.9999941756223132,1,0.9999941756223132
2024-11-19,6.0234098905387645e-06,0.9999939765901098,1,0.9999939765901098
2024-11-20,4.42182028950452e-06,0.9999955781797109,1,0.9999955781797109
2024-11-21,1.0289226808376664e-06,0.9999989710773193,1,0.9999989710773193
2024-11-22,9.065197566627981e-08,0.9999999093480243,1,0.9999999093480243
2024-11-25,6.724856297942587e-06,0.9999932751437022,1,0.9999932751437022
2024-11-26,2.199557477895355e-06,0.9999978004425223,1,0.9999978004425223
2024-11-27,2.4223877931647635e-06,0.999997577612207,1,0.999997577612207
2024-11-28,2.852427849900811e-06,0.9999971475721502,1,0.9999971475721502
2024-11-29,2.555127744915901e-06,0.9999974448722551,1,0.9999974448722551
2024-12-02,6.009850905509136e-06,0.9999939901490945,1,0.9999939901490945
2024-12-03,1.9681634664927665e-05,0.999980318365335,1,0.999980318365335
2024-12-04,1.8024828546767615e-05,0.9999819751714532,1,0.9999819751714532
2024-12-05,3.574519741955652e-05,0.9999642548025806,1,0.9999642548025806
2024-12-06,3.623728044253849e-05,0.9999637627195574,1,0.9999637627195574
2024-12-09,6.583216504103883e-05,0.9999341678349589,1,0.9999341678349589
2024-12-10,3.3870470819075105e-05,0.9999661295291811,1,0.9999661295291811
2024-12-11,1.1496955071300659e-05,0.9999885030449288,1,0.9999885030449288
2024-12-12,2.9545327574219004e-05,0.9999704546724261,1,0.9999704546724261
2024-12-13,3.660479833409842e-05,0.9999633952016664,1,0.9999633952016664
2024-12-16,3.9070540055543326e-05,0.9999609294599449,1,0.9999609294599449
2024-12-17,2.292848829201372e-05,0.9999770715117084,1,0.9999770715117084
2024-12-18,3.248419489686418e-05,0.9999675158051036,1,0.9999675158051036
2024-12-19,2.9323743101989742e-05,0.9999706762568985,1,0.9999706762568985
2024-12-20,1.7453818515770493e-05,0.9999825461814846,1,0.9999825461814846
2024-12-23,2.157574222434576e-05,0.999978424257776,1,0.999978424257776
2024-12-24,3.1071176145413794e-05,0.999968928823855,1,0.999968928823855
2024-12-25,3.531202841081517e-05,0.9999646879715898,1,0.9999646879715898
2024-12-26,3.779845433120352e-05,0.9999622015456694,1,0.9999622015456694
2024-12-27,5.786322547175916e-05,0.9999421367745288,1,0.9999421367745288
2024-12-30,5.6709759596190853e-05,0.9999432902404044,1,0.9999432902404044
2024-12-31,1.3094485651885864e-05,0.9999869055143489,1,0.9999869055143489
2025-01-01,1.2443349220125392e-05,0.9999875566507807,1,0.9999875566507807
2025-01-02,1.8218517565544632e-05,0.9999817814824351,1,0.9999817814824351
2025-01-03,0.000421265448888123,0.9995787345511123,1,0.9995787345511123
2025-01-06,0.0036430559582743046,0.996356944041726,1,0.996356944041726
2025-01-07,0.00982255045099859,0.9901774495490018,1,0.9901774495490018
2025-01-08,0.020799359155928506,0.9792006408440719,1,0.9792006408440719
2025-01-09,0.03128270930922413,0.9687172906907761,1,0.9687172906907761
2025-01-10,0.03910232910570356,0.9608976708942967,1,0.9608976708942967
2025-01-13,0.04797868107051863,0.9520213189294816,1,0.9520213189294816
2025-01-14,0.05201973950388143,0.9479802604961187,1,0.9479802604961187
2025-01-15,0.05188923874396349,0.9481107612560367,1,0.9481107612560367
2025-01-16,0.047760357807966135,0.952239642192034,1,0.952239642192034
2025-01-17,0.038311092068832764,0.9616889079311673,1,0.9616889079311673
2025-01-20,0.027982224641881194,0.972017775358119,1,0.972017775358119
2025-01-21,0.01639653880114782,0.9836034611988521,1,0.9836034611988521
2025-01-22,0.00765281757179049,0.9923471824282094,1,0.9923471824282094
2025-01-23,0.0042120626802581145,0.9957879373197419,1,0.9957879373197419
2025-01-24,0.0019581017069584448,0.9980418982930415,1,0.9980418982930415
2025-01-27,0.0008922723229480849,0.9991077276770517,1,0.9991077276770517
2025-01-28,0.0005557142315864904,0.9994442857684133,1,0.9994442857684133
2025-01-29,0.0007718743843100783,0.9992281256156895,1,0.9992281256156895
2025-01-30,0.001359554306295203,0.9986404456937046,1,0.9986404456937046
2025-01-31,0.004267970463167837,0.995732029536832,1,0.995732029536832
2025-02-03,0.017718896721343254,0.9822811032786565,1,0.9822811032786565
2025-02-04,0.07572392068585462,0.924276079314145,1,0.924276079314145
2025-02-05,0.2599177733852892,0.7400822266147103,1,0.7400822266147103
2025-02-06,0.5335364546821635,0.46646354531783607,0,0.46646354531783607
2025-02-07,0.7975535876122177,0.20244641238778155,0,0.20244641238778155
2025-02-10,0.915830270284432,0.08416972971556702,0,0.08416972971556702
2025-02-11,0.958836196488834,0.04116380351116512,0,0.04116380351116512
2025-02-12,0.9852948525713289,0.01470514742867019,0,0.01470514742867019
2025-02-13,0.9945105037805692,0.005489496219430046,0,0.005489496219430046
2025-02-14,0.997230228599247,0.0027697714007519757,0,0.0027697714007519757
2025-02-17,0.9979849391165406,0.002015060883458554,0,0.002015060883458554
2025-02-18,0.9977107425107774,0.0022892574892217857,0,0.0022892574892217857
2025-02-19,0.9974104975230786,0.0025895024769205235,0,0.0025895024769205235
2025-02-20,0.99712143047793,0.0028785695220690955,0,0.0028785695220690955
2025-02-21,0.9965755644161023,0.0034244355838967556,0,0.0034244355838967556
2025-02-24,0.9962300313196873,0.003769968680311792,0,0.003769968680311792
2025-02-25,0.9969154200637907,0.003084579936208334,0,0.003084579936208334
2025-02-26,0.9980206161612148,0.0019793838387841627,0,0.0019793838387841627
2025-02-27,0.9990241253128396,0.0009758746871595739,0,0.0009758746871595739
2025-02-28,0.9994434383302995,0.0005565616696997511,0,0.0005565616696997511
2025-03-03,0.9995794330960699,0.0004205669039292556,0,0.0004205669039292556
2025-03-04,0.9996116555934917,0.00038834440650738526,0,0.00038834440650738526
2025-03-05,0.999822092599159,0.00017790740083997966,0,0.00017790740083997966
2025-03-06,0.9998774091867565,0.00012259081324231814,0,0.00012259081324231814
2025-03-07,0.9998792690583485,0.00012073094165045736,0,0.00012073094165045736
2025-03-10,0.9998790817224745,0.00012091827752431432,0,0.00012091827752431432
2025-03-11,0.9998960092950516,0.00010399070494736037,0,0.00010399070494736037
2025-03-12,0.999904271054189,9.572894580991884e-05,0,9.572894580991884e-05
2025-03-13,0.9999060100224703,9.39899775288289e-05,0,9.39899775288289e-05
2025-03-14,0.9999038334046575,9.616659534146611e-05,0,9.616659534146611e-05
2025-03-17,0.9999066613672891,9.333863270990405e-05,0,9.333863270990405e-05
2025-03-18,0.9999055442348348,9.445576516437423e-05,0,9.445576516437423e-05
2025-03-19,0.9998980577688099,0.00010194223118926198,0,0.00010194223118926198
2025-03-20,0.9998892710973786,0.00011072890262078028,0,0.00011072890262078028
2025-03-21,0.9998650731264591,0.0001349268735400678,0,0.0001349268735400678
2025-03-24,0.9998137946697282,0.00018620533027113783,0,0.00018620533027113783
2025-03-25,0.9996405295084896,0.0003594704915097605,0,0.0003594704915097605
2025-03-26,0.9993108175207264,0.0006891824792728892,0,0.0006891824792728892
2025-03-27,0.9987206812298194,0.0012793187701799805,0,0.0012793187701799805
2025-03-28,0.9963722502476712,0.003627749752328078,0,0.003627749752328078
2025-03-31,0.9876098252055036,0.012390174794495785,0,0.012390174794495785
2025-04-01,0.9585279943246682,0.04147200567533116,0,0.04147200567533116
2025-04-02,0.8603520463335991,0.13964795366640007,0,0.13964795366640007
2025-04-03,0.5499898572051696,0.45001014279482965,0,0.45001014279482965
2025-04-04,0.032777112898159544,0.9672228871018401,1,0.9672228871018401
2025-04-07,0.00019785741371370656,0.9998021425862861,1,0.9998021425862861
2025-04-08,6.108070945206584e-07,0.9999993891929053,1,0.9999993891929053
2025-04-09,5.715263804645142e-08,0.9999999428473619,1,0.9999999428473619
2025-04-10,1.0210485982183289e-07,0.9999998978951399,1,0.9999998978951399
2025-04-11,1.1504598072943213e-06,0.9999988495401924,1,0.9999988495401924
2025-04-14,1.2472362436381195e-05,0.9999875276375633,1,0.9999875276375633
2025-04-15,1.028081412706919e-05,0.9999897191858729,1,0.9999897191858729
2025-04-16,2.5630210653243818e-06,0.9999974369789345,1,0.9999974369789345
2025-04-17,1.0946745854632464e-05,0.999989053254145,1,0.999989053254145
2025-04-18,1.1783599827531217e-05,0.9999882164001721,1,0.9999882164001721
2025-04-21,1.1849534155937267e-06,0.9999988150465842,1,0.9999988150465842
2025-04-22,2.5641854925392036e-05,0.9999743581450743,1,0.9999743581450743
2025-04-23,0.0001388446966175027,0.999861155303382,1,0.999861155303382
2025-04-24,0.000114629189691954,0.9998853708103078,1,0.9998853708103078
2025-04-25,0.00016101160571976747,0.99983898839428,1,0.99983898839428
2025-04-28,9.072982427533647e-05,0.9999092701757243,1,0.9999092701757243
2025-04-29,6.682491009807604e-05,0.9999331750899015,1,0.9999331750899015
2025-04-30,1.5898133001221745e-06,0.9999984101866994,1,0.9999984101866994
2025-05-01,1.94323992587217e-05,0.999980567600741,1,0.999980567600741
2025-05-02,2.5180581574899895e-05,0.9999748194184249,1,0.9999748194184249
2025-05-05,7.092327227820643e-06,0.9999929076727719,1,0.9999929076727719
2025-05-06,2.349988372577589e-06,0.9999976500116271,1,0.9999976500116271
2025-05-07,5.284708353666316e-07,0.9999994715291642,1,0.9999994715291642
2025-05-08,2.0164916567055224e-06,0.9999979835083428,1,0.9999979835083428
2025-05-09,2.3710133447278266e-06,0.9999976289866547,1,0.9999976289866547
2025-05-12,2.971853484208466e-05,0.9999702814651574,1,0.9999702814651574
2025-05-13,9.510361455904466e-05,0.9999048963854407,1,0.9999048963854407
2025-05-14,0.0001258647305797936,0.9998741352694198,1,0.9998741352694198
2025-05-15,9.763359030331989e-05,0.9999023664096965,1,0.9999023664096965
2025-05-16,6.063223981757625e-05,0.9999393677601821,1,0.9999393677601821
2025-05-19,5.551987377097033e-05,0.9999444801262286,1,0.9999444801262286
2025-05-20,1.5311960098286077e-05,0.9999846880399014,1,0.9999846880399014
2025-05-21,9.761456160715595e-06,0.9999902385438391,1,0.9999902385438391
2025-05-22,2.0519151809227774e-05,0.9999794808481907,1,0.9999794808481907
2025-05-23,5.188122099009699e-05,0.9999481187790097,1,0.9999481187790097
2025-05-26,5.856446269820882e-05,0.9999414355373015,1,0.9999414355373015
2025-05-27,5.2548220221475176e-05,0.9999474517797782,1,0.9999474517797782
2025-05-28,2.2044676504142565e-05,0.9999779553234955,1,0.9999779553234955
2025-05-29,1.552350046259459e-05,0.9999844764995371,1,0.9999844764995371
2025-05-30,4.329212704134296e-05,0.9999567078729584,1,0.9999567078729584
2025-06-02,0.00016344108191876543,0.999836558918081,1,0.999836558918081
2025-06-03,0.00035789860650044177,0.9996421013934993,1,0.9996421013934993
2025-06-04,0.0008339088440438146,0.9991660911559558,1,0.9991660911559558
2025-06-05,0.0017357310912804725,0.9982642689087192,1,0.9982642689087192
2025-06-06,0.002136938198866782,0.9978630618011329,1,0.9978630618011329
2025-06-09,0.0025706012318672,0.9974293987681326,1,0.9974293987681326
2025-06-10,0.002185067766445965,0.9978149322335538,1,0.9978149322335538
2025-06-11,0.001042543863242646,0.9989574561367572,1,0.9989574561367572
2025-06-12,0.0002779951241017077,0.9997220048758982,1,0.9997220048758982
2025-06-13,6.184277962210426e-05,0.9999381572203777,1,0.9999381572203777
2025-06-16,0.0003141829303944863,0.9996858170696054,1,0.9996858170696054
2025-06-17,0.001434121978378171,0.9985658780216216,1,0.9985658780216216
2025-06-18,0.007795617868652055,0.9922043821313478,1,0.9922043821313478
2025-06-19,0.027096507192949034,0.9729034928070508,1,0.9729034928070508
2025-06-20,0.0848645071750127,0.9151354928249871,1,0.9151354928249871
2025-06-23,0.22951044508443103,0.7704895549155687,1,0.7704895549155687
2025-06-24,0.5726619110386749,0.42733808896132475,0,0.42733808896132475
2025-06-25,0.8079276103503982,0.1920723896496014,0,0.1920723896496014
2025-06-26,0.9324039461620119,0.06759605383798742,0,0.06759605383798742
2025-06-27,0.9666835150818492,0.03331648491815021,0,0.03331648491815021
2025-06-30,0.9759325123361954,0.024067487663804097,0,0.024067487663804097
2025-07-01,0.9771009412060164,0.022899058793982942,0,0.022899058793982942
2025-07-02,0.9729520765640814,0.027047923435917776,0,0.027047923435917776
2025-07-03,0.9550075493771202,0.04499245062287903,0,0.04499245062287903
2025-07-04,0.8868398495444607,0.11316015045553843,0,0.11316015045553843
2025-07-07,0.6612032358732054,0.33879676412679366,0,0.33879676412679366
2025-07-08,0.006585628134788455,0.9934143718652105,1,0.9934143718652105
2025-07-09,0.0013252238708728267,0.9986747761291263,1,0.9986747761291263
2025-07-10,8.837438488685792e-05,0.9999116256151124,1,0.9999116256151124
2025-07-11,3.675327342861998e-05,0.9999632467265706,1,0.9999632467265706
2025-07-14,4.583628396754499e-05,0.9999541637160316,1,0.9999541637160316
2025-07-15,2.074772560066351e-05,0.9999792522743985,1,0.9999792522743985
2025-07-16,6.061705154275097e-05,0.9999393829484565,1,0.9999393829484565
2025-07-17,5.361996170824671e-05,0.999946380038291,1,0.999946380038291
2025-07-18,1.9676303476595964e-05,0.9999803236965226,1,0.9999803236965226
2025-07-21,3.31295872424611e-05,0.9999668704127567,1,0.9999668704127567
2025-07-22,2.2103944161196164e-05,0.999977896055838,1,0.999977896055838
2025-07-23,1.121697045599214e-06,0.9999988783029536,1,0.9999988783029536
2025-07-24,6.819749462297219e-07,0.9999993180250532,1,0.9999993180250532
2025-07-25,2.689737649494624e-07,0.9999997310262344,1,0.9999997310262344
2025-07-28,3.2467283533540035e-06,0.999996753271646,1,0.999996753271646
2025-07-29,4.455584263764391e-06,0.9999955444157357,1,0.9999955444157357
2025-07-30,3.5788116027855836e-06,0.9999964211883966,1,0.9999964211883966
2025-07-31,4.482096903856128e-10,0.9999999995517898,1,0.9999999995517898
2025-08-01,1.3196311354445156e-09,0.9999999986803682,1,0.9999999986803682
2025-08-04,5.747044389351701e-10,0.999999999425295,1,0.999999999425295
2025-08-05,7.359460063179719e-11,0.9999999999264048,1,0.9999999999264048
2025-08-06,5.826787161640016e-10,0.9999999994173207,1,0.9999999994173207
2025-08-07,2.124708721494975e-10,0.9999999997875285,1,0.9999999997875285
2025-08-08,1.2799856155198417e-09,0.9999999987200139,1,0.9999999987200139
2025-08-11,4.0687895961543315e-08,0.9999999593121036,1,0.9999999593121036
2025-08-12,8.471772997282515e-07,0.9999991528226997,1,0.9999991528226997
2025-08-13,3.4947331267800674e-07,0.9999996505266868,1,0.9999996505266868
2025-08-14,6.482888733128385e-07,0.9999993517111262,1,0.9999993517111262
2025-08-15,1.1137743178077951e-06,0.9999988862256816,1,0.9999988862256816
2025-08-18,9.110268210750573e-07,0.9999990889731782,1,0.9999990889731782
2025-08-19,5.905391557130231e-07,0.9999994094608438,1,0.9999994094608438
2025-08-20,3.9179239238924715e-07,0.999999608207607,1,0.999999608207607
2025-08-21,7.290971937713331e-07,0.9999992709028056,1,0.9999992709028056
2025-08-22,3.697483118634892e-07,0.9999996302516877,1,0.9999996302516877
2025-08-25,7.932635433650833e-07,0.9999992067364561,1,0.9999992067364561
2025-08-26,3.8791132855296093e-07,0.9999996120886708,1,0.9999996120886708
2025-08-27,9.999176417884077e-08,0.9999999000082355,1,0.9999999000082355
2025-08-28,2.0164861713929512e-07,0.9999997983513826,1,0.9999997983513826
2025-08-29,2.69328756247096e-07,0.9999997306712435,1,0.9999997306712435
2025-09-01,3.495055937722314e-07,0.999999650494406,1,0.999999650494406
2025-09-02,1.2967656292787642e-07,0.9999998703234368,1,0.9999998703234368
2025-09-03,2.6248979491874467e-08,0.9999999737510201,1,0.9999999737510201
2025-09-04,1.3051706766116526e-08,0.999999986948293,1,0.999999986948293
2025-09-05,2.539883394195856e-09,0.9999999974601165,1,0.9999999974601165
2025-09-08,2.0258977774962242e-09,0.9999999979741021,1,0.9999999979741021
2025-09-09,3.986796579079115e-09,0.9999999960132034,1,0.9999999960132034
2025-09-10,2.7732380550761686e-08,0.9999999722676194,1,0.9999999722676194
2025-09-11,1.456516631148282e-07,0.9999998543483369,1,0.9999998543483369
2025-09-12,1.2362228828676057e-07,0.9999998763777118,1,0.9999998763777118
2025-09-15,2.9960105633645766e-07,0.9999997003989437,1,0.9999997003989437
2025-09-16,1.8018962513184332e-07,0.999999819810375,1,0.999999819810375
2025-09-17,6.133920232471704e-08,0.9999999386607977,1,0.9999999386607977
2025-09-18,1.2953567288934553e-07,0.9999998704643271,1,0.9999998704643271
2025-09-19,1.4158197446141796e-07,0.9999998584180256,1,0.9999998584180256
2025-09-22,2.2866353081661203e-08,0.999999977133647,1,0.999999977133647
2025-09-23,1.2043584469432096e-08,0.9999999879564156,1,0.9999999879564156
2025-09-24,3.064411470676451e-06,0.9999969355885294,1,0.9999969355885294
2025-09-25,1.1731824733251021e-06,0.999998826817527,1,0.999998826817527
2025-09-26,7.280870862245707e-07,0.9999992719129139,1,0.9999992719129139
2025-09-29,3.1940962731412372e-06,0.999996805903727,1,0.999996805903727
2025-09-30,1.2146665445503977e-06,0.9999987853334557,1,0.9999987853334557
2025-10-01,1.3039365110740342e-06,0.9999986960634893,1,0.9999986960634893
2025-10-02,1.0481894061091215e-05,0.9999895181059391,1,0.9999895181059391
2025-10-03,4.3098598541067275e-05,0.9999569014014591,1,0.9999569014014591
2025-10-06,6.236205195798677e-06,0.9999937637948045,1,0.9999937637948045
2025-10-07,8.60421842854692e-06,0.9999913957815718,1,0.9999913957815718
2025-10-08,2.837682307127656e-06,0.9999971623176931,1,0.9999971623176931
2025-10-09,2.6020739463279646e-05,0.999973979260537,1,0.999973979260537
2025-10-10,4.470764320444446e-07,0.9999995529235683,1,0.9999995529235683
2025-10-13,2.4742236444665887e-06,0.9999975257763558,1,0.9999975257763558
2025-10-14,1.634122325961572e-07,0.9999998365877677,1,0.9999998365877677
2025-10-15,6.868569744510051e-08,0.9999999313143029,1,0.9999999313143029
2025-10-16,4.167183315360213e-09,0.9999999958328171,1,0.9999999958328171
2025-10-17,4.3511853673348215e-08,0.9999999564881465,1,0.9999999564881465
2025-10-20,5.810716744419253e-09,0.9999999941892833,1,0.9999999941892833
2025-10-21,9.647377957245709e-07,0.9999990352622043,1,0.9999990352622043
2025-10-22,4.645395053414306e-06,0.9999953546049468,1,0.9999953546049468
2025-10-23,8.068587504015588e-06,0.9999919314124961,1,0.9999919314124961
2025-10-24,2.7573292307527608e-05,0.9999724267076926,1,0.9999724267076926
2025-10-27,0.000312211021125932,0.9996877889788739,1,0.9996877889788739
2025-10-28,0.0006207361307629468,0.9993792638692369,1,0.9993792638692369
2025-10-29,0.0007547499227412329,0.9992452500772584,1,0.9992452500772584
2025-10-30,0.0003335314394473245,0.9996664685605524,1,0.9996664685605524
2025-10-31,0.0002032982065494478,0.9997967017934503,1,0.9997967017934503
2025-11-03,0.00010717032181339767,0.9998928296781863,1,0.9998928296781863
2025-11-04,5.1052894583514496e-05,0.9999489471054163,1,0.9999489471054163
2025-11-05,4.277322526417328e-05,0.9999572267747355,1,0.9999572267747355
2025-11-06,3.572348796802617e-05,0.9999642765120318,1,0.9999642765120318
2025-11-07,2.6515437103097267e-05,0.9999734845628969,1,0.9999734845628969
2025-11-10,3.0123387689003296e-05,0.999969876612311,1,0.999969876612311
2025-11-11,2.166696709790256e-05,0.999978333032902,1,0.999978333032902
2025-11-12,8.826171492476102e-06,0.9999911738285073,1,0.9999911738285073
2025-11-13,1.3447250418575358e-05,0.9999865527495814,1,0.9999865527495814
2025-11-14,3.8972844501354364e-05,0.9999610271554983,1,0.9999610271554983
2025-11-17,3.438282788800187e-05,0.9999656171721119,1,0.9999656171721119
2025-11-18,2.762633704381146e-05,0.999972373662956,1,0.999972373662956
2025-11-19,3.811975430701913e-05,0.9999618802456928,1,0.9999618802456928
2025-11-20,3.4863988416628406e-05,0.9999651360115832,1,0.9999651360115832
2025-11-21,4.4372785725580934e-05,0.9999556272142742,1,0.9999556272142742
2025-11-24,2.4260969851319824e-05,0.9999757390301485,1,0.9999757390301485
2025-11-25,2.252211766100017e-05,0.9999774778823388,1,0.9999774778823388
2025-11-26,5.933074814309517e-05,0.9999406692518567,1,0.9999406692518567
2025-11-27,9.441472965232578e-05,0.9999055852703476,1,0.9999055852703476
2025-11-28,0.00020645241940400342,0.9997935475805959,1,0.9997935475805959
2025-12-01,0.0005448667224248625,0.9994551332775751,1,0.9994551332775751
2025-12-02,0.0015639097270712795,0.9984360902729287,1,0.9984360902729287
2025-12-03,0.004385331109878601,0.9956146688901211,1,0.9956146688901211
2025-12-04,0.006829288505583961,0.9931707114944158,1,0.9931707114944158
2025-12-05,0.009511562511683315,0.9904884374883165,1,0.9904884374883165
2025-12-08,0.010582204879534514,0.9894177951204652,1,0.9894177951204652
2025-12-09,0.009925941614852028,0.9900740583851477,1,0.9900740583851477
2025-12-10,0.010003629304864477,0.9899963706951352,1,0.9899963706951352
2025-12-11,0.009812052487022585,0.9901879475129772,1,0.9901879475129772
2025-12-12,0.0086222674682652,0.9913777325317347,1,0.9913777325317347
2025-12-15,0.009301911669613158,0.9906980883303868,1,0.9906980883303868
2025-12-16,0.010890881277265698,0.9891091187227342,1,0.9891091187227342
2025-12-17,0.015284557962428485,0.9847154420375714,1,0.9847154420375714
2025-12-18,0.023076695304389216,0.9769233046956108,1,0.9769233046956108
2025-12-19,0.034853643082455275,0.9651463569175449,1,0.9651463569175449
2025-12-22,0.047177993229060244,0.95282200677094,1,0.95282200677094
2025-12-23,0.07446543239065603,0.9255345676093442,1,0.9255345676093442
2025-12-24,0.13488173121484898,0.8651182687851512,1,0.8651182687851512
2025-12-25,0.24001787506965927,0.7599821249303407,1,0.7599821249303407
2025-12-26,0.415508034072291,0.5844919659277088,1,0.5844919659277088
2025-12-29,0.5052426622543775,0.49475733774562214,0,0.49475733774562214
2025-12-30,0.5531539492433057,0.4468460507566942,0,0.4468460507566942
2025-12-31,0.565235934345344,0.434764065654656,0,0.434764065654656
