date,rolling_sharpe,rolling_return,rolling_vol,n_trading_days
2001-12-07,1.1502,0.2956,0.2527,504
2001-12-10,1.1713,0.3026,0.2528,504
2001-12-11,1.1495,0.2949,0.2523,504
2001-12-12,1.1317,0.2891,0.2524,504
2001-12-13,1.1494,0.2947,0.2522,504
2001-12-14,1.2465,0.3248,0.2507,504
2001-12-17,1.2663,0.3315,0.2508,504
2001-12-18,1.2099,0.313,0.2509,504
2001-12-19,1.1362,0.2895,0.2514,504
2001-12-20,1.1947,0.3082,0.2511,504
2001-12-21,1.1692,0.2999,0.2511,504
2001-12-24,1.1912,0.3072,0.2512,504
2001-12-25,1.1912,0.3072,0.2512,504
2001-12-26,1.1848,0.3051,0.2512,504
2001-12-27,1.1791,0.3032,0.2512,504
2001-12-28,1.1541,0.2949,0.251,504
2001-12-31,1.1116,0.2803,0.2503,504
2002-01-01,1.1247,0.2847,0.2504,504
2002-01-02,1.1411,0.2898,0.2503,504
2002-01-03,1.1526,0.2935,0.2503,504
2002-01-04,1.1033,0.2769,0.2496,504
2002-01-07,1.1182,0.2816,0.2496,504
2002-01-08,1.0905,0.2728,0.2496,504
2002-01-09,1.0858,0.2714,0.2496,504
2002-01-10,1.0735,0.2675,0.2497,504
2002-01-11,1.0606,0.2636,0.2498,504
2002-01-14,0.9932,0.2425,0.2498,504
2002-01-15,1.0237,0.2521,0.2499,504
2002-01-16,1.0007,0.2448,0.2498,504
2002-01-17,1.0308,0.255,0.2506,504
2002-01-18,0.9983,0.2445,0.2502,504
2002-01-21,1.0453,0.259,0.25,504
2002-01-22,1.0819,0.2701,0.2496,504
2002-01-23,1.0887,0.2723,0.2496,504
2002-01-24,1.0869,0.2718,0.2496,504
2002-01-25,1.0626,0.2637,0.2493,504
2002-01-28,1.0897,0.2724,0.2494,504
2002-01-29,1.1223,0.2825,0.2491,504
2002-01-30,1.0242,0.253,0.2506,504
2002-01-31,0.9838,0.2404,0.2507,504
2002-02-01,0.9802,0.2393,0.2506,504
2002-02-04,0.9708,0.2364,0.2507,504
2002-02-05,0.8978,0.2155,0.2526,504
2002-02-06,0.859,0.2037,0.2528,504
2002-02-07,0.8808,0.2104,0.2528,504
2002-02-08,0.9139,0.2201,0.2522,504
2002-02-11,0.8935,0.2139,0.2522,504
2002-02-12,0.7745,0.1774,0.2512,504
2002-02-13,0.7784,0.1785,0.2512,504
2002-02-14,0.8206,0.191,0.2511,504
2002-02-15,0.8325,0.1946,0.2511,504
2002-02-18,0.7887,0.1814,0.251,504
2002-02-19,0.7778,0.1782,0.251,504
2002-02-20,0.8581,0.2009,0.2493,504
2002-02-21,0.9481,0.2258,0.2465,504
2002-02-22,0.9374,0.2226,0.2465,504
2002-02-25,0.9288,0.22,0.2466,504
2002-02-26,1.025,0.2494,0.2467,504
2002-02-27,1.0083,0.2443,0.2467,504
2002-02-28,1.0819,0.2666,0.2463,504
2002-03-01,1.0678,0.2624,0.2464,504
2002-03-04,1.0883,0.2692,0.2468,504
2002-03-05,1.1469,0.2889,0.2479,504
2002-03-06,1.1472,0.289,0.2479,504
2002-03-07,1.2173,0.3126,0.2487,504
2002-03-08,1.1959,0.3058,0.2488,504
2002-03-11,1.2179,0.313,0.2488,504
2002-03-12,1.2002,0.3071,0.2487,504
2002-03-13,1.1883,0.3033,0.2487,504
2002-03-14,1.1776,0.2999,0.2489,504
2002-03-15,1.2112,0.3105,0.2486,504
2002-03-18,1.216,0.3121,0.2486,504
2002-03-19,1.2333,0.3175,0.2484,504
2002-03-20,1.2201,0.313,0.2482,504
2002-03-21,1.2027,0.3075,0.2484,504
2002-03-22,1.0462,0.2538,0.2446,504
2002-03-25,1.1108,0.2731,0.244,504
2002-03-26,1.1502,0.2856,0.2442,504
2002-03-27,1.145,0.284,0.2442,504
2002-03-28,1.1483,0.285,0.2442,504
2002-03-29,1.1414,0.2829,0.2442,504
2002-04-01,1.1436,0.2836,0.2442,504
2002-04-02,1.2649,0.3182,0.2413,504
2002-04-03,1.2145,0.3021,0.2412,504
2002-04-04,1.1871,0.2939,0.2414,504
2002-04-05,1.1564,0.2844,0.2414,504
2002-04-08,1.1981,0.2966,0.2409,504
2002-04-09,1.1605,0.285,0.2409,504
2002-04-10,1.0978,0.2645,0.2398,504
2002-04-11,1.0501,0.2508,0.2404,504
2002-04-12,1.017,0.2416,0.2412,504
2002-04-15,1.0128,0.2404,0.2412,504
2002-04-16,0.9744,0.229,0.2412,504
2002-04-17,0.9892,0.2336,0.2414,504
2002-04-18,1.0286,0.2448,0.2408,504
2002-04-19,1.0387,0.2477,0.2407,504
2002-04-22,1.0627,0.2546,0.2404,504
2002-04-23,1.048,0.2504,0.2406,504
2002-04-24,1.0305,0.2451,0.2406,504
2002-04-25,1.003,0.237,0.2407,504
2002-04-26,0.9228,0.2129,0.2401,504
2002-04-29,0.9086,0.2086,0.2399,504
2002-04-30,0.9434,0.2191,0.2404,504
2002-05-01,1.0304,0.2454,0.2409,504
2002-05-02,0.9876,0.2324,0.2406,504
2002-05-03,0.9838,0.2312,0.2406,504
2002-05-06,0.983,0.231,0.2406,504
2002-05-07,1.077,0.2595,0.241,504
2002-05-08,1.09,0.2634,0.2409,504
2002-05-09,1.1846,0.2945,0.2425,504
2002-05-10,1.1635,0.2882,0.2428,504
2002-05-13,1.1282,0.2775,0.2431,504
2002-05-14,1.1264,0.277,0.2431,504
2002-05-15,1.1602,0.288,0.2435,504
2002-05-16,1.1366,0.2804,0.2433,504
2002-05-17,1.157,0.2868,0.2433,504
2002-05-20,1.1771,0.2931,0.2434,504
2002-05-21,1.2023,0.3011,0.2434,504
2002-05-22,1.2284,0.3096,0.2436,504
2002-05-23,1.2398,0.3131,0.2435,504
2002-05-24,1.1649,0.2896,0.2436,504
2002-05-27,1.1209,0.2759,0.2437,504
2002-05-28,1.0612,0.2566,0.2428,504
2002-05-29,1.0457,0.252,0.2429,504
2002-05-30,0.9787,0.2315,0.2426,504
2002-05-31,0.9927,0.2356,0.2425,504
2002-06-03,1.0614,0.2557,0.2419,504
2002-06-04,0.9864,0.2346,0.2434,504
2002-06-05,0.9961,0.2374,0.2433,504
2002-06-06,0.9951,0.2371,0.2433,504
2002-06-07,0.947,0.2232,0.2439,504
2002-06-10,0.975,0.2314,0.2437,504
2002-06-11,0.991,0.2363,0.2438,504
2002-06-12,0.9482,0.2236,0.2439,504
2002-06-13,0.9434,0.2221,0.2439,504
2002-06-14,0.9486,0.2236,0.2438,504
2002-06-17,0.9404,0.2212,0.2439,504
2002-06-18,1.036,0.2503,0.2442,504
2002-06-19,1.0627,0.2586,0.2443,504
2002-06-20,1.0634,0.2588,0.2443,504
2002-06-21,1.1003,0.2701,0.2442,504
2002-06-24,1.1611,0.2897,0.2447,504
2002-06-25,1.137,0.2824,0.2449,504
2002-06-26,1.0746,0.2634,0.2454,504
2002-06-27,1.0992,0.2709,0.2452,504
2002-06-28,1.1271,0.2798,0.2454,504
2002-07-01,1.1107,0.2746,0.2454,504
2002-07-02,1.0673,0.2617,0.2459,504
2002-07-03,1.0098,0.2442,0.2461,504
2002-07-04,0.9986,0.2407,0.246,504
2002-07-05,0.9344,0.2203,0.245,504
2002-07-08,1.0444,0.2551,0.2463,504
2002-07-09,1.0249,0.2493,0.2466,504
2002-07-10,0.9627,0.2309,0.2473,504
2002-07-11,0.9143,0.2168,0.2479,504
2002-07-12,0.9374,0.2236,0.2477,504
2002-07-15,1.0068,0.2439,0.2468,504
2002-07-16,1.0403,0.2542,0.2467,504
2002-07-17,1.0988,0.2727,0.247,504
2002-07-18,1.0686,0.2635,0.2472,504
2002-07-19,1.1473,0.289,0.2478,504
2002-07-22,1.2264,0.3155,0.2486,504
2002-07-23,1.2612,0.328,0.2494,504
2002-07-24,1.2948,0.3398,0.2499,504
2002-07-25,1.1836,0.3067,0.2528,504
2002-07-26,1.1757,0.3041,0.2528,504
2002-07-29,1.2356,0.3239,0.2528,504
2002-07-30,1.3357,0.3633,0.2565,504
2002-07-31,1.3482,0.3678,0.2566,504
2002-08-01,1.3661,0.3739,0.2565,504
2002-08-02,1.3289,0.3616,0.257,504
2002-08-05,1.4204,0.3955,0.2579,504
2002-08-06,1.4667,0.4139,0.2589,504
2002-08-07,1.3764,0.383,0.26,504
2002-08-08,1.3397,0.3708,0.2606,504
2002-08-09,1.2972,0.3568,0.2614,504
2002-08-12,1.2823,0.3516,0.2615,504
2002-08-13,1.2595,0.3438,0.2617,504
2002-08-14,1.2925,0.3561,0.2621,504
2002-08-15,1.3432,0.3747,0.2624,504
2002-08-16,1.3817,0.3885,0.2623,504
2002-08-19,1.3897,0.3913,0.2623,504
2002-08-20,1.438,0.4098,0.2627,504
2002-08-21,1.423,0.4043,0.2628,504
2002-08-22,1.4308,0.4072,0.2628,504
2002-08-23,1.5095,0.4356,0.2622,504
2002-08-26,1.4843,0.4269,0.2627,504
2002-08-27,1.5299,0.444,0.2626,504
2002-08-28,1.5027,0.4339,0.2627,504
2002-08-29,1.4576,0.4177,0.2631,504
2002-08-30,1.457,0.4175,0.2631,504
2002-09-02,1.4068,0.3977,0.2624,504
2002-09-03,1.4048,0.397,0.2624,504
2002-09-04,1.4499,0.4153,0.2634,504
2002-09-05,1.4571,0.4179,0.2633,504
2002-09-06,1.5031,0.4354,0.2635,504
2002-09-09,1.4588,0.419,0.2636,504
2002-09-10,1.4069,0.3994,0.2634,504
2002-09-11,1.4141,0.4021,0.2634,504
2002-09-12,1.4122,0.4014,0.2634,504
2002-09-13,1.4408,0.4111,0.2629,504
2002-09-16,1.3801,0.3897,0.2635,504
2002-09-17,1.425,0.406,0.2633,504
2002-09-18,1.4979,0.4332,0.2633,504
2002-09-19,1.4598,0.4182,0.2629,504
2002-09-20,1.5601,0.4547,0.2622,504
2002-09-23,1.5274,0.4421,0.2621,504
2002-09-24,1.6072,0.4713,0.2614,504
2002-09-25,1.6127,0.4736,0.2616,504
2002-09-26,1.616,0.4749,0.2616,504
2002-09-27,1.6616,0.4932,0.2619,504
2002-09-30,1.6031,0.4731,0.2632,504
2002-10-01,1.5553,0.4546,0.2631,504
2002-10-02,1.6653,0.4999,0.2644,504
2002-10-03,1.6031,0.4778,0.2656,504
2002-10-04,1.5882,0.4722,0.2657,504
2002-10-07,1.5146,0.4449,0.2663,504
2002-10-08,1.3981,0.4002,0.266,504
2002-10-09,1.4103,0.4048,0.266,504
2002-10-10,1.3446,0.3822,0.2671,504
2002-10-11,1.4191,0.4115,0.2681,504
2002-10-14,1.5124,0.4503,0.2698,504
2002-10-15,1.4942,0.4433,0.2699,504
2002-10-16,1.5846,0.4827,0.2718,504
2002-10-17,1.5239,0.4596,0.2725,504
2002-10-18,1.6219,0.4996,0.2727,504
2002-10-21,1.655,0.5124,0.2723,504
2002-10-22,1.6718,0.5203,0.2728,504
2002-10-23,1.6414,0.5082,0.273,504
2002-10-24,1.6692,0.5197,0.273,504
2002-10-25,1.6205,0.5006,0.2735,504
2002-10-28,1.6704,0.521,0.2734,504
2002-10-29,1.6215,0.5011,0.2735,504
2002-10-30,1.6373,0.5071,0.2733,504
2002-10-31,1.6391,0.5079,0.2733,504
2002-11-01,1.6243,0.5014,0.2731,504
2002-11-04,1.6439,0.5098,0.2733,504
2002-11-05,1.6701,0.5202,0.2731,504
2002-11-06,1.6726,0.5212,0.2731,504
2002-11-07,1.7337,0.5468,0.2731,504
2002-11-08,1.6753,0.5233,0.2735,504
2002-11-11,1.6554,0.5142,0.2731,504
2002-11-12,1.558,0.4731,0.2724,504
2002-11-13,1.5958,0.4875,0.272,504
2002-11-14,1.605,0.4912,0.272,504
2002-11-15,1.5993,0.4887,0.2719,504
2002-11-18,1.5793,0.4805,0.2718,504
2002-11-19,1.5941,0.4861,0.2716,504
2002-11-20,1.6312,0.5004,0.2713,504
2002-11-21,1.6997,0.5278,0.2709,504
2002-11-22,1.7981,0.5717,0.2721,504
2002-11-25,1.7568,0.5537,0.2718,504
2002-11-26,1.7872,0.5658,0.2715,504
2002-11-27,1.7047,0.5297,0.2709,504
2002-11-28,1.7613,0.5545,0.2714,504
2002-11-29,1.8094,0.5734,0.2708,504
2002-12-02,1.805,0.5716,0.2708,504
2002-12-03,1.839,0.5857,0.2706,504
2002-12-04,1.8386,0.5856,0.2706,504
2002-12-05,1.8064,0.5715,0.2705,504
2002-12-06,1.8374,0.5848,0.2705,504
2002-12-09,1.8383,0.5851,0.2705,504
2002-12-10,1.7951,0.5631,0.269,504
2002-12-11,1.7087,0.5239,0.2675,504
2002-12-12,1.7142,0.5261,0.2674,504
2002-12-13,1.7811,0.5515,0.2666,504
2002-12-16,1.8279,0.5713,0.2667,504
2002-12-17,1.7711,0.5492,0.2674,504
2002-12-18,1.7765,0.5516,0.2674,504
2002-12-19,1.757,0.5433,0.2673,504
2002-12-20,1.7761,0.5512,0.2673,504
2002-12-23,1.7448,0.5389,0.2676,504
2002-12-24,1.7361,0.5353,0.2675,504
2002-12-25,1.748,0.5401,0.2675,504
2002-12-26,1.7359,0.5351,0.2675,504
2002-12-27,1.7499,0.5406,0.2674,504
2002-12-30,1.788,0.557,0.2677,504
2002-12-31,1.7743,0.5511,0.2676,504
2003-01-01,1.8019,0.5626,0.2676,504
2003-01-02,1.801,0.5622,0.2676,504
2003-01-03,1.8785,0.5954,0.2678,504
2003-01-06,1.8769,0.5947,0.2678,504
2003-01-07,1.8644,0.589,0.2676,504
2003-01-08,1.8493,0.5828,0.2677,504
2003-01-09,1.8511,0.5834,0.2677,504
2003-01-10,1.8805,0.5962,0.2678,504
2003-01-13,1.8679,0.5908,0.2678,504
2003-01-14,1.8553,0.5855,0.2678,504
2003-01-15,1.8757,0.5939,0.2677,504
2003-01-16,1.8501,0.5836,0.2679,504
2003-01-17,1.8875,0.5981,0.2673,504
2003-01-20,1.8524,0.5832,0.2673,504
2003-01-21,1.8332,0.5749,0.2673,504
2003-01-22,1.8029,0.5635,0.2678,504
2003-01-23,1.7347,0.5356,0.268,504
2003-01-24,1.828,0.5728,0.2673,504
2003-01-27,1.7638,0.5484,0.2683,504
2003-01-28,1.7711,0.5515,0.2683,504
2003-01-29,1.737,0.5373,0.2683,504
2003-01-30,1.7178,0.5293,0.2682,504
2003-01-31,1.6806,0.5149,0.2686,504
2003-02-03,1.7505,0.543,0.2684,504
2003-02-04,1.7622,0.548,0.2684,504
2003-02-05,1.714,0.5278,0.2683,504
2003-02-06,1.7296,0.5341,0.2682,504
2003-02-07,1.734,0.5359,0.2682,504
2003-02-10,1.7292,0.5338,0.2682,504
2003-02-11,1.7052,0.5237,0.268,504
2003-02-12,1.6632,0.5068,0.2681,504
2003-02-13,1.6354,0.4958,0.2681,504
2003-02-14,1.5732,0.4708,0.268,504
2003-02-17,1.5269,0.4486,0.2658,504
2003-02-18,1.5296,0.4496,0.2658,504
2003-02-19,1.5124,0.4425,0.2655,504
2003-02-20,1.5123,0.4425,0.2655,504
2003-02-21,1.5555,0.4578,0.2648,504
2003-02-24,1.548,0.4547,0.2647,504
2003-02-25,1.5194,0.445,0.2654,504
2003-02-26,1.5026,0.4379,0.265,504
2003-02-27,1.4398,0.4133,0.2645,504
2003-02-28,1.4166,0.4042,0.2642,504
2003-03-03,1.4576,0.4189,0.2638,504
2003-03-04,1.42,0.4046,0.2637,504
2003-03-05,1.4196,0.4045,0.2637,504
2003-03-06,1.404,0.3989,0.2638,504
2003-03-07,1.4115,0.4016,0.2638,504
2003-03-10,1.4324,0.4093,0.2637,504
2003-03-11,1.5671,0.4578,0.2625,504
2003-03-12,1.5206,0.4409,0.2629,504
2003-03-13,1.4484,0.4088,0.2599,504
2003-03-14,1.4635,0.415,0.2603,504
2003-03-17,1.4603,0.4137,0.2602,504
2003-03-18,1.4585,0.413,0.2602,504
2003-03-19,1.5057,0.4304,0.2601,504
2003-03-20,1.4811,0.4207,0.2598,504
2003-03-21,1.4801,0.4204,0.2598,504
2003-03-24,1.5446,0.4463,0.2609,504
2003-03-25,1.4458,0.4116,0.2621,504
2003-03-26,1.3764,0.3836,0.2605,504
2003-03-27,1.3698,0.3812,0.2604,504
2003-03-28,1.38,0.3848,0.2604,504
2003-03-31,1.4316,0.4033,0.2603,504
2003-04-01,1.4809,0.4215,0.2603,504
2003-04-02,1.5011,0.4283,0.26,504
2003-04-03,1.4287,0.4024,0.2604,504
2003-04-04,1.4127,0.3965,0.2603,504
2003-04-07,1.4382,0.4056,0.2602,504
2003-04-08,1.4351,0.4044,0.2602,504
2003-04-09,1.4267,0.4014,0.2602,504
2003-04-10,1.4325,0.4034,0.2601,504
2003-04-11,1.4071,0.3939,0.2599,504
2003-04-14,1.4029,0.3923,0.2599,504
2003-04-15,1.4312,0.403,0.2602,504
2003-04-16,1.4363,0.4049,0.2602,504
2003-04-17,1.4308,0.403,0.2603,504
2003-04-18,1.4516,0.4109,0.2605,504
2003-04-21,1.4607,0.4142,0.2604,504
2003-04-22,1.4851,0.4233,0.2605,504
2003-04-23,1.3652,0.3796,0.2605,504
2003-04-24,1.3185,0.3628,0.2604,504
2003-04-25,1.3425,0.3714,0.2604,504
2003-04-28,1.3387,0.37,0.2604,504
2003-04-29,1.3776,0.3843,0.2606,504
2003-04-30,1.4138,0.3969,0.2604,504
2003-05-01,1.4366,0.4054,0.2604,504
2003-05-02,1.4364,0.4053,0.2604,504
2003-05-05,1.4088,0.3956,0.2607,504
2003-05-06,1.4201,0.3997,0.2606,504
2003-05-07,1.456,0.4121,0.2602,504
2003-05-08,1.4276,0.4015,0.2601,504
2003-05-09,1.4146,0.3969,0.2602,504
2003-05-12,1.4304,0.4029,0.2603,504
2003-05-13,1.4245,0.4007,0.2603,504
2003-05-14,1.4412,0.4066,0.2601,504
2003-05-15,1.4262,0.4011,0.2601,504
2003-05-16,1.4234,0.4001,0.2601,504
2003-05-19,1.3825,0.3849,0.2599,504
2003-05-20,1.342,0.3714,0.2606,504
2003-05-21,1.3238,0.365,0.2606,504
2003-05-22,1.3221,0.3644,0.2606,504
2003-05-23,1.3172,0.3627,0.2606,504
2003-05-26,1.3073,0.3592,0.2607,504
2003-05-27,1.3279,0.3664,0.2605,504
2003-05-28,1.3637,0.3799,0.261,504
2003-05-29,1.3482,0.3744,0.261,504
2003-05-30,1.3435,0.3728,0.2611,504
2003-06-02,1.412,0.3979,0.2613,504
2003-06-03,1.4256,0.403,0.2614,504
2003-06-04,1.4322,0.4054,0.2614,504
2003-06-05,1.4498,0.4121,0.2615,504
2003-06-06,1.4774,0.422,0.2614,504
2003-06-09,1.4664,0.4177,0.2613,504
2003-06-10,1.4284,0.404,0.2614,504
2003-06-11,1.4385,0.4078,0.2615,504
2003-06-12,1.4902,0.4273,0.2617,504
2003-06-13,1.5326,0.4425,0.2613,504
2003-06-16,1.5051,0.4325,0.2615,504
2003-06-17,1.579,0.4608,0.2617,504
2003-06-18,1.6002,0.4686,0.2615,504
2003-06-19,1.5467,0.4474,0.2611,504
2003-06-20,1.4941,0.4283,0.2614,504
2003-06-23,1.5375,0.444,0.2611,504
2003-06-24,1.476,0.4208,0.261,504
2003-06-25,1.471,0.4189,0.261,504
2003-06-26,1.4346,0.406,0.2612,504
2003-06-27,1.4474,0.4108,0.2613,504
2003-06-30,1.4076,0.3963,0.2614,504
2003-07-01,1.3633,0.3793,0.2608,504
2003-07-02,1.3461,0.3732,0.2607,504
2003-07-03,1.3327,0.3683,0.2607,504
2003-07-04,1.3166,0.3625,0.2606,504
2003-07-07,1.3206,0.3639,0.2606,504
2003-07-08,1.3455,0.3729,0.2607,504
2003-07-09,1.3491,0.3743,0.2608,504
2003-07-10,1.3249,0.3658,0.2609,504
2003-07-11,1.2893,0.3535,0.2611,504
2003-07-14,1.3526,0.3754,0.2607,504
2003-07-15,1.3602,0.378,0.2606,504
2003-07-16,1.3309,0.3675,0.2606,504
2003-07-17,1.3273,0.3663,0.2606,504
2003-07-18,1.3597,0.3773,0.2603,504
2003-07-21,1.3673,0.3801,0.2603,504
2003-07-22,1.3771,0.3837,0.2603,504
2003-07-23,1.3482,0.3736,0.2605,504
2003-07-24,1.3548,0.3759,0.2605,504
2003-07-25,1.3791,0.3844,0.2603,504
2003-07-28,1.3345,0.3692,0.2609,504
2003-07-29,1.3389,0.3708,0.2609,504
2003-07-30,1.3149,0.3625,0.2611,504
2003-07-31,1.3088,0.3604,0.2611,504
2003-08-01,1.2923,0.3542,0.2609,504
2003-08-04,1.2776,0.3492,0.261,504
2003-08-05,1.3204,0.3637,0.2606,504
2003-08-06,1.2994,0.3567,0.2608,504
2003-08-07,1.3333,0.3682,0.2604,504
2003-08-08,1.328,0.3662,0.2604,504
2003-08-11,1.3255,0.3653,0.2604,504
2003-08-12,1.2923,0.3536,0.2604,504
2003-08-13,1.2782,0.3488,0.2605,504
2003-08-14,1.2527,0.3396,0.2603,504
2003-08-15,1.1839,0.3153,0.2599,504
2003-08-18,1.1616,0.3079,0.26,504
2003-08-19,1.1894,0.3176,0.2602,504
2003-08-20,1.2006,0.3214,0.2602,504
2003-08-21,1.1892,0.3176,0.2603,504
2003-08-22,1.2112,0.3253,0.2604,504
2003-08-25,1.0475,0.2618,0.2523,504
2003-08-26,1.0015,0.2472,0.2522,504
2003-08-27,0.9423,0.2283,0.2517,504
2003-08-28,0.8409,0.1951,0.2485,504
2003-08-29,0.8227,0.1897,0.2486,504
2003-09-01,0.7016,0.1521,0.2442,504
2003-09-02,0.6884,0.1484,0.2441,504
2003-09-03,0.7548,0.167,0.244,504
2003-09-04,0.7493,0.1655,0.2439,504
2003-09-05,0.7005,0.1514,0.2434,504
2003-09-08,0.6595,0.14,0.2435,504
2003-09-09,0.6302,0.1317,0.2431,504
2003-09-10,0.5595,0.1123,0.2427,504
2003-09-11,0.5806,0.118,0.2428,504
2003-09-12,0.5993,0.1232,0.2428,504
2003-09-15,0.6233,0.1296,0.2427,504
2003-09-16,0.6335,0.1325,0.2427,504
2003-09-17,0.6229,0.1295,0.2425,504
2003-09-18,0.5551,0.1108,0.2416,504
2003-09-19,0.5994,0.1227,0.2417,504
2003-09-22,0.5767,0.1166,0.2417,504
2003-09-23,0.6084,0.1252,0.2418,504
2003-09-24,0.6507,0.1365,0.2412,504
2003-09-25,0.6984,0.1498,0.2416,504
2003-09-26,0.6945,0.1488,0.2416,504
2003-09-29,0.6299,0.1308,0.2413,504
2003-09-30,0.6619,0.1396,0.2414,504
2003-10-01,0.6322,0.1316,0.2415,504
2003-10-02,0.6403,0.1338,0.2416,504
2003-10-03,0.6121,0.126,0.2413,504
2003-10-06,0.7136,0.1532,0.2399,504
2003-10-07,0.7616,0.1662,0.2394,504
2003-10-08,0.7824,0.172,0.2394,504
2003-10-09,0.7308,0.1574,0.239,504
2003-10-10,0.7778,0.1703,0.2387,504
2003-10-13,0.7974,0.1757,0.2385,504
2003-10-14,0.8367,0.1866,0.2383,504
2003-10-15,0.8421,0.1881,0.2383,504
2003-10-16,0.8238,0.1829,0.2382,504
2003-10-17,0.832,0.1852,0.2382,504
2003-10-20,0.8422,0.188,0.2381,504
2003-10-21,0.7975,0.175,0.2375,504
2003-10-22,0.7836,0.1711,0.2375,504
2003-10-23,0.7485,0.1615,0.2376,504
2003-10-24,0.7372,0.1583,0.2376,504
2003-10-27,0.7175,0.1529,0.2375,504
2003-10-28,0.7455,0.1605,0.2373,504
2003-10-29,0.7657,0.1661,0.2374,504
2003-10-30,0.7794,0.1699,0.2374,504
2003-10-31,0.7706,0.1675,0.2374,504
2003-11-03,0.7639,0.1656,0.2373,504
2003-11-04,0.7883,0.1723,0.2373,504
2003-11-05,0.8282,0.1833,0.237,504
2003-11-06,0.8146,0.1794,0.237,504
2003-11-07,0.8296,0.1836,0.237,504
2003-11-10,0.8405,0.1867,0.2369,504
2003-11-11,0.8345,0.1849,0.2369,504
2003-11-12,0.7984,0.1746,0.2364,504
2003-11-13,0.7894,0.1721,0.2366,504
2003-11-14,0.7675,0.166,0.2365,504
2003-11-17,0.7515,0.1615,0.2363,504
2003-11-18,0.767,0.1658,0.2362,504
2003-11-19,0.7876,0.1714,0.2362,504
2003-11-20,0.7535,0.1621,0.2363,504
2003-11-21,0.7475,0.1604,0.2362,504
2003-11-24,0.7789,0.1689,0.236,504
2003-11-25,0.8572,0.1903,0.2355,504
2003-11-26,0.82,0.1799,0.2355,504
2003-11-27,0.8325,0.1833,0.2354,504
2003-11-28,0.8089,0.1767,0.2353,504
2003-12-01,0.8092,0.1768,0.2353,504
2003-12-02,0.8396,0.1854,0.2355,504
2003-12-03,0.8278,0.1821,0.2355,504
2003-12-04,0.8302,0.1828,0.2355,504
2003-12-05,0.8248,0.1812,0.2355,504
2003-12-08,0.7828,0.1696,0.2354,504
2003-12-09,0.8017,0.1749,0.2355,504
2003-12-10,0.8017,0.1749,0.2355,504
2003-12-11,0.7968,0.1735,0.2355,504
2003-12-12,0.8284,0.1824,0.2357,504
2003-12-15,0.8464,0.1874,0.2357,504
2003-12-16,0.8551,0.1898,0.2356,504
2003-12-17,0.8797,0.1967,0.2356,504
2003-12-18,0.9044,0.2036,0.2355,504
2003-12-19,0.964,0.2204,0.2353,504
2003-12-22,0.9421,0.2141,0.2352,504
2003-12-23,0.9573,0.2184,0.2352,504
2003-12-24,0.8945,0.1997,0.2341,504
2003-12-25,0.8781,0.1951,0.2341,504
2003-12-26,0.8631,0.1909,0.234,504
2003-12-29,0.8591,0.1897,0.234,504
2003-12-30,0.8735,0.1938,0.2342,504
2003-12-31,0.8715,0.1933,0.2342,504
2004-01-01,0.8551,0.1887,0.2341,504
2004-01-02,0.826,0.1805,0.2339,504
2004-01-05,0.8261,0.1805,0.2339,504
2004-01-06,0.9344,0.2095,0.2324,504
2004-01-07,0.9556,0.2153,0.2322,504
2004-01-08,0.9261,0.2068,0.232,504
2004-01-09,0.9564,0.2153,0.232,504
2004-01-12,1.0398,0.2369,0.2299,504
2004-01-13,1.0782,0.2477,0.2296,504
2004-01-14,1.0533,0.2405,0.2296,504
2004-01-15,1.1091,0.2565,0.2296,504
2004-01-16,1.1258,0.2613,0.2296,504
2004-01-19,1.2149,0.287,0.2293,504
2004-01-20,1.2343,0.2926,0.2292,504
2004-01-21,1.1838,0.2779,0.2293,504
2004-01-22,1.191,0.28,0.2294,504
2004-01-23,1.1963,0.2815,0.2293,504
2004-01-26,1.1883,0.2792,0.2293,504
2004-01-27,1.2214,0.2891,0.2295,504
2004-01-28,1.2328,0.2923,0.2293,504
2004-01-29,1.2058,0.2847,0.2296,504
2004-01-30,1.2285,0.2912,0.2295,504
2004-02-02,1.1707,0.2734,0.2288,504
2004-02-03,1.1749,0.2746,0.2288,504
2004-02-04,1.1411,0.2647,0.2287,504
2004-02-05,1.159,0.2697,0.2285,504
2004-02-06,1.1307,0.261,0.228,504
2004-02-09,1.0712,0.2427,0.2268,504
2004-02-10,1.0938,0.2489,0.2267,504
2004-02-11,1.0298,0.23,0.2257,504
2004-02-12,1.081,0.2442,0.2256,504
2004-02-13,1.0647,0.2396,0.2256,504
2004-02-16,1.0493,0.2353,0.2256,504
2004-02-17,1.054,0.2366,0.2256,504
2004-02-18,1.1024,0.25,0.2254,504
2004-02-19,1.0885,0.2461,0.2255,504
2004-02-20,1.0693,0.2408,0.2256,504
2004-02-23,1.0739,0.2421,0.2256,504
2004-02-24,1.0423,0.2332,0.2255,504
2004-02-25,1.0674,0.24,0.2253,504
2004-02-26,1.1084,0.251,0.2248,504
2004-02-27,1.0972,0.2478,0.2248,504
2004-03-01,1.0624,0.2379,0.2246,504
2004-03-02,1.0883,0.2451,0.2245,504
2004-03-03,1.096,0.2471,0.2245,504
2004-03-04,1.1026,0.249,0.2245,504
2004-03-05,1.1109,0.2513,0.2245,504
2004-03-08,1.1167,0.2529,0.2245,504
2004-03-09,1.175,0.2696,0.2246,504
2004-03-10,1.2217,0.2827,0.2244,504
2004-03-11,1.2793,0.2997,0.2247,504
2004-03-12,1.2543,0.2928,0.2249,504
2004-03-15,1.3088,0.309,0.2251,504
2004-03-16,1.2786,0.3005,0.2253,504
2004-03-17,1.3586,0.3233,0.2248,504
2004-03-18,1.4646,0.3533,0.2237,504
2004-03-19,1.4705,0.3551,0.2237,504
2004-03-22,1.4654,0.3536,0.2237,504
2004-03-23,1.4569,0.3508,0.2236,504
2004-03-24,1.4793,0.3575,0.2235,504
2004-03-25,1.4965,0.3625,0.2234,504
2004-03-26,1.4702,0.3551,0.2237,504
2004-03-29,1.4954,0.3622,0.2235,504
2004-03-30,1.5256,0.3717,0.2236,504
2004-03-31,1.5587,0.3817,0.2235,504
2004-04-01,1.5913,0.3914,0.2233,504
2004-04-02,1.5816,0.3883,0.2232,504
2004-04-05,1.5606,0.3811,0.2229,504
2004-04-06,1.4743,0.3538,0.2222,504
2004-04-07,1.4799,0.3554,0.2222,504
2004-04-08,1.4669,0.3515,0.2222,504
2004-04-09,1.4801,0.3555,0.2222,504
2004-04-12,1.4219,0.3368,0.2214,504
2004-04-13,1.4002,0.3306,0.2216,504
2004-04-14,1.2807,0.2938,0.22,504
2004-04-15,1.3198,0.3044,0.2197,504
2004-04-16,1.3625,0.3163,0.2194,504
2004-04-19,1.368,0.3179,0.2194,504
2004-04-20,1.3075,0.2999,0.219,504
2004-04-21,1.275,0.2909,0.2191,504
2004-04-22,1.2462,0.2828,0.2191,504
2004-04-23,1.173,0.2631,0.2197,504
2004-04-26,1.165,0.2608,0.2196,504
2004-04-27,1.1428,0.2544,0.2194,504
2004-04-28,1.151,0.2567,0.2194,504
2004-04-29,1.2252,0.2769,0.2191,504
2004-04-30,1.2303,0.2783,0.219,504
2004-05-03,1.2127,0.2734,0.2191,504
2004-05-04,1.2644,0.2879,0.2191,504
2004-05-05,1.3006,0.2979,0.2189,504
2004-05-06,1.3124,0.3012,0.2189,504
2004-05-07,1.2816,0.2924,0.2189,504
2004-05-10,1.3355,0.3058,0.2175,504
2004-05-11,1.3869,0.3207,0.2176,504
2004-05-12,1.364,0.3137,0.2174,504
2004-05-13,1.4428,0.3353,0.2167,504
2004-05-14,1.4428,0.3353,0.2167,504
2004-05-17,1.4205,0.3288,0.2167,504
2004-05-18,1.4742,0.3442,0.2166,504
2004-05-19,1.449,0.3371,0.2167,504
2004-05-20,1.4513,0.3378,0.2167,504
2004-05-21,1.4578,0.3396,0.2167,504
2004-05-24,1.4141,0.3257,0.2159,504
2004-05-25,1.4102,0.3246,0.2159,504
2004-05-26,1.4606,0.3392,0.216,504
2004-05-27,1.4482,0.3356,0.2159,504
2004-05-28,1.4104,0.3237,0.2153,504
2004-05-31,1.4445,0.333,0.215,504
2004-06-01,1.498,0.3474,0.2145,504
2004-06-02,1.499,0.3477,0.2145,504
2004-06-03,1.485,0.3434,0.2143,504
2004-06-04,1.4693,0.339,0.2144,504
2004-06-07,1.5124,0.3504,0.2138,504
2004-06-08,1.5891,0.3726,0.2137,504
2004-06-09,1.5809,0.3703,0.2138,504
2004-06-10,1.6006,0.3762,0.2138,504
2004-06-11,1.5005,0.3439,0.212,504
2004-06-14,1.5427,0.3553,0.2116,504
2004-06-15,1.6209,0.3763,0.2108,504
2004-06-16,1.6625,0.3871,0.2102,504
2004-06-17,1.6717,0.3898,0.2102,504
2004-06-18,1.666,0.3881,0.2102,504
2004-06-21,1.6616,0.3868,0.2101,504
2004-06-22,1.6061,0.3699,0.2097,504
2004-06-23,1.613,0.3717,0.2096,504
2004-06-24,1.5829,0.3618,0.2089,504
2004-06-25,1.5114,0.3398,0.2079,504
2004-06-28,1.4391,0.318,0.2067,504
2004-06-29,1.3699,0.2986,0.2063,504
2004-06-30,1.5461,0.3401,0.2027,504
2004-07-01,1.5639,0.345,0.2027,504
2004-07-02,1.487,0.3243,0.2027,504
2004-07-05,1.3423,0.2793,0.1981,504
2004-07-06,1.3138,0.2719,0.198,504
2004-07-07,1.3129,0.2717,0.198,504
2004-07-08,1.3783,0.2872,0.1973,504
2004-07-09,1.2816,0.2608,0.1958,504
2004-07-12,1.2262,0.2456,0.1945,504
2004-07-13,1.3285,0.2683,0.1929,504
2004-07-14,1.4053,0.2858,0.1921,504
2004-07-15,1.4852,0.3037,0.1909,504
2004-07-16,1.5188,0.312,0.1908,504
2004-07-19,1.5403,0.317,0.1906,504
2004-07-20,1.4726,0.2991,0.19,504
2004-07-21,1.4356,0.2892,0.1895,504
2004-07-22,1.3781,0.2756,0.1897,504
2004-07-23,1.3639,0.2722,0.1898,504
2004-07-26,1.2935,0.2545,0.1891,504
2004-07-27,1.2977,0.2554,0.1891,504
2004-07-28,1.3158,0.2599,0.1892,504
2004-07-29,1.2953,0.2547,0.189,504
2004-07-30,1.3654,0.2703,0.1882,504
2004-08-02,1.3299,0.2616,0.1881,504
2004-08-03,1.3663,0.2701,0.1879,504
2004-08-04,1.4072,0.2791,0.1874,504
2004-08-05,1.4283,0.284,0.1874,504
2004-08-06,1.3668,0.2702,0.188,504
2004-08-09,1.4176,0.2832,0.1885,504
2004-08-10,1.33,0.2601,0.187,504
2004-08-11,1.3094,0.2556,0.1872,504
2004-08-12,1.2679,0.2454,0.1869,504
2004-08-13,1.2621,0.2441,0.1869,504
2004-08-16,1.2802,0.2482,0.1868,504
2004-08-17,1.2986,0.2529,0.1871,504
2004-08-18,1.2967,0.2524,0.1871,504
2004-08-19,1.2904,0.2511,0.1872,504
2004-08-20,1.3272,0.2589,0.1866,504
2004-08-23,1.2737,0.2464,0.1866,504
2004-08-24,1.2228,0.234,0.1861,504
2004-08-25,1.2169,0.2326,0.1861,504
2004-08-26,1.1366,0.214,0.1858,504
2004-08-27,1.146,0.2161,0.1858,504
2004-08-30,1.1119,0.2082,0.1856,504
2004-08-31,1.0428,0.1923,0.1851,504
2004-09-01,1.0058,0.1838,0.1847,504
2004-09-02,0.9567,0.1726,0.1842,504
2004-09-03,1.1081,0.2037,0.1823,504
2004-09-06,1.1276,0.2079,0.1822,504
2004-09-07,1.0223,0.1824,0.1797,504
2004-09-08,1.1493,0.2077,0.178,504
2004-09-09,1.1679,0.2116,0.1779,504
2004-09-10,1.2415,0.2262,0.1769,504
2004-09-13,1.3336,0.2448,0.1758,504
2004-09-14,1.3155,0.2408,0.1757,504
2004-09-15,1.4328,0.2639,0.174,504
2004-09-16,1.3188,0.2369,0.1725,504
2004-09-17,1.2245,0.2132,0.1696,504
2004-09-20,1.2727,0.2233,0.1697,504
2004-09-21,1.1366,0.1915,0.1663,504
2004-09-22,1.2293,0.2087,0.1654,504
2004-09-23,1.0995,0.1819,0.1643,504
2004-09-24,1.0738,0.1771,0.1644,504
2004-09-27,1.0004,0.1617,0.1631,504
2004-09-28,1.0199,0.1652,0.1629,504
2004-09-29,1.0198,0.1651,0.1629,504
2004-09-30,1.1001,0.1797,0.1622,504
2004-10-01,1.0881,0.1772,0.162,504
2004-10-04,1.1751,0.1939,0.162,504
2004-10-05,1.1984,0.1982,0.1619,504
2004-10-06,1.1822,0.1951,0.1619,504
2004-10-07,1.1898,0.1967,0.162,504
2004-10-08,1.1139,0.1821,0.162,504
2004-10-11,1.0853,0.1768,0.1621,504
2004-10-12,1.0597,0.1717,0.162,504
2004-10-13,1.0043,0.1608,0.1615,504
2004-10-14,1.111,0.1803,0.1609,504
2004-10-15,1.0801,0.1741,0.1606,504
2004-10-18,1.1203,0.1812,0.1601,504
2004-10-19,1.1129,0.1798,0.1601,504
2004-10-20,1.1336,0.1838,0.1602,504
2004-10-21,1.0831,0.174,0.1599,504
2004-10-22,1.0986,0.177,0.16,504
2004-10-25,1.0933,0.176,0.16,504
2004-10-26,1.0887,0.1752,0.16,504
2004-10-27,0.9949,0.1577,0.1601,504
2004-10-28,0.9238,0.1426,0.1578,504
2004-10-29,0.9455,0.1465,0.1578,504
2004-11-01,0.9657,0.1502,0.1578,504
2004-11-02,1.0224,0.1601,0.1574,504
2004-11-03,0.9477,0.1456,0.1564,504
2004-11-04,0.9821,0.152,0.1565,504
2004-11-05,1.0396,0.1628,0.1569,504
2004-11-08,1.0435,0.1635,0.1569,504
2004-11-09,1.1082,0.1748,0.1565,504
2004-11-10,1.1305,0.1789,0.1565,504
2004-11-11,1.1081,0.1746,0.1563,504
2004-11-12,1.1423,0.1812,0.1565,504
2004-11-15,1.1062,0.1741,0.1562,504
2004-11-16,1.1313,0.1786,0.156,504
2004-11-17,1.127,0.1778,0.1561,504
2004-11-18,1.1376,0.1799,0.1561,504
2004-11-19,1.1031,0.1731,0.1557,504
2004-11-22,1.15,0.1807,0.1549,504
2004-11-23,1.1191,0.1749,0.1547,504
2004-11-24,1.1091,0.1731,0.1547,504
2004-11-25,1.101,0.1715,0.1547,504
2004-11-26,1.1552,0.1809,0.1542,504
2004-11-29,1.1398,0.178,0.1542,504
2004-11-30,1.137,0.1775,0.1542,504
2004-12-01,1.1294,0.1762,0.1542,504
2004-12-02,1.0829,0.1683,0.1547,504
2004-12-03,1.0346,0.159,0.1541,504
2004-12-06,1.0162,0.1557,0.1541,504
2004-12-07,0.9685,0.1472,0.154,504
2004-12-08,0.9943,0.1518,0.1541,504
2004-12-09,0.9083,0.1358,0.1531,504
2004-12-10,0.9175,0.1374,0.1532,504
2004-12-13,0.9005,0.1344,0.153,504
2004-12-14,0.9541,0.1438,0.1532,504
2004-12-15,1.0021,0.152,0.1529,504
2004-12-16,0.9658,0.1454,0.1527,504
2004-12-17,0.9527,0.1432,0.1527,504
2004-12-20,0.9553,0.1436,0.1527,504
2004-12-21,0.9513,0.1429,0.1527,504
2004-12-22,1.0177,0.1542,0.1524,504
2004-12-23,1.0474,0.1594,0.1523,504
2004-12-24,1.076,0.1644,0.1522,504
2004-12-27,1.076,0.1644,0.1522,504
2004-12-28,1.1456,0.1756,0.1512,504
2004-12-29,1.2309,0.1901,0.1506,504
2004-12-30,1.1658,0.1779,0.1501,504
2004-12-31,1.2847,0.1968,0.1485,504
2005-01-03,1.2474,0.1902,0.1484,504
2005-01-04,1.2384,0.1887,0.1485,504
2005-01-05,1.2815,0.1966,0.1487,504
2005-01-06,1.321,0.203,0.1483,504
2005-01-07,1.2795,0.195,0.1478,504
2005-01-10,1.2348,0.1871,0.1478,504
2005-01-11,1.2528,0.1901,0.1477,504
2005-01-12,1.2332,0.1867,0.1477,504
2005-01-13,1.2107,0.1827,0.1476,504
2005-01-14,1.1446,0.1713,0.1477,504
2005-01-17,1.1632,0.1746,0.1477,504
2005-01-18,1.2002,0.1807,0.1475,504
2005-01-19,1.2434,0.1881,0.1474,504
2005-01-20,1.2613,0.191,0.1472,504
2005-01-21,1.1575,0.1721,0.1465,504
2005-01-24,1.135,0.1684,0.1466,504
2005-01-25,1.0881,0.1602,0.1464,504
2005-01-26,1.136,0.1684,0.1465,504
2005-01-27,1.161,0.1727,0.1465,504
2005-01-28,1.1197,0.1652,0.1461,504
2005-01-31,1.2474,0.1845,0.1441,504
2005-02-01,1.2387,0.1828,0.144,504
2005-02-02,1.2773,0.1893,0.1438,504
2005-02-03,1.2541,0.1852,0.1438,504
2005-02-04,1.2553,0.1854,0.1438,504
2005-02-07,1.2981,0.1928,0.1438,504
2005-02-08,1.3655,0.2035,0.1432,504
2005-02-09,1.4139,0.2117,0.1431,504
2005-02-10,1.3501,0.2009,0.1432,504
2005-02-11,1.3531,0.2015,0.1433,504
2005-02-14,1.2963,0.1903,0.1422,504
2005-02-15,1.3642,0.2009,0.1416,504
2005-02-16,1.3364,0.1959,0.1414,504
2005-02-17,1.2566,0.1806,0.14,504
2005-02-18,1.169,0.166,0.1397,504
2005-02-21,1.0783,0.1498,0.1383,504
2005-02-22,1.0325,0.1422,0.138,504
2005-02-23,0.9493,0.1296,0.1385,504
2005-02-24,0.956,0.1306,0.1385,504
2005-02-25,0.788,0.1034,0.1367,504
2005-02-28,0.9026,0.1189,0.1345,504
2005-03-01,0.8728,0.1145,0.1345,504
2005-03-02,0.8849,0.1163,0.1346,504
2005-03-03,0.8865,0.1165,0.1346,504
2005-03-04,0.855,0.1116,0.1344,504
2005-03-07,0.8488,0.1106,0.1343,504
2005-03-08,0.9212,0.1212,0.1339,504
2005-03-09,1.0102,0.1336,0.1329,504
2005-03-10,0.9714,0.128,0.1331,504
2005-03-11,0.9705,0.1279,0.1331,504
2005-03-14,0.9527,0.1251,0.1331,504
2005-03-15,0.9467,0.1243,0.1331,504
2005-03-16,0.9727,0.128,0.1329,504
2005-03-17,0.9215,0.1205,0.1331,504
2005-03-18,0.9146,0.1195,0.1331,504
2005-03-21,0.8584,0.1108,0.1326,504
2005-03-22,0.8398,0.1079,0.1325,504
2005-03-23,0.8726,0.1125,0.1322,504
2005-03-24,0.7896,0.1001,0.1318,504
2005-03-25,0.8081,0.1028,0.1319,504
2005-03-28,0.7756,0.098,0.1317,504
2005-03-29,0.8979,0.1143,0.1299,504
2005-03-30,0.8632,0.1096,0.1304,504
2005-03-31,0.8964,0.1149,0.1309,504
2005-04-01,0.8577,0.1092,0.1308,504
2005-04-04,0.7553,0.0942,0.1304,504
2005-04-05,0.7406,0.0921,0.1304,504
2005-04-06,0.719,0.0889,0.1302,504
2005-04-07,0.7804,0.0973,0.1298,504
2005-04-08,0.8671,0.1095,0.1295,504
2005-04-11,0.8139,0.102,0.1297,504
2005-04-12,0.8325,0.1047,0.1297,504
2005-04-13,0.8678,0.1098,0.1298,504
2005-04-14,0.9682,0.1247,0.1301,504
2005-04-15,0.9677,0.1246,0.1301,504
2005-04-18,1.0098,0.1314,0.1307,504
2005-04-19,1.0103,0.1315,0.1307,504
2005-04-20,1.0055,0.1308,0.1308,504
2005-04-21,0.925,0.119,0.1308,504
2005-04-22,1.0347,0.1364,0.132,504
2005-04-25,1.0968,0.1446,0.131,504
2005-04-26,1.1627,0.1547,0.1312,504
2005-04-27,1.0897,0.1441,0.1315,504
2005-04-28,1.1145,0.1477,0.1313,504
2005-04-29,1.169,0.1561,0.1315,504
2005-05-02,1.2114,0.1629,0.1317,504
2005-05-03,1.1484,0.152,0.1307,504
2005-05-04,1.1345,0.15,0.1308,504
2005-05-05,1.2215,0.1632,0.1307,504
2005-05-06,1.121,0.1469,0.1298,504
2005-05-09,1.0994,0.1436,0.1297,504
2005-05-10,1.1196,0.1466,0.1297,504
2005-05-11,1.0241,0.1325,0.1297,504
2005-05-12,1.0408,0.135,0.1298,504
2005-05-13,0.9658,0.1242,0.1299,504
2005-05-16,0.9991,0.1288,0.1296,504
2005-05-17,1.0303,0.1336,0.1299,504
2005-05-18,0.9321,0.1187,0.1293,504
2005-05-19,0.9774,0.1257,0.1297,504
2005-05-20,1.0262,0.1326,0.1295,504
2005-05-23,0.9398,0.119,0.1284,504
2005-05-24,0.9646,0.1226,0.1285,504
2005-05-25,0.9746,0.124,0.1284,504
2005-05-26,1.0175,0.1297,0.1279,504
2005-05-27,1.0267,0.1311,0.1279,504
2005-05-30,1.0746,0.1377,0.1276,504
2005-05-31,1.0728,0.1374,0.1276,504
2005-06-01,1.1273,0.1448,0.1271,504
2005-06-02,1.0961,0.14,0.1269,504
2005-06-03,1.1364,0.1456,0.1267,504
2005-06-06,1.1107,0.1419,0.1267,504
2005-06-07,1.1222,0.1436,0.1267,504
2005-06-08,1.1285,0.1445,0.1267,504
2005-06-09,1.0995,0.1404,0.1268,504
2005-06-10,1.1008,0.1406,0.1268,504
2005-06-13,1.0456,0.1323,0.1265,504
2005-06-14,1.0234,0.1291,0.1264,504
2005-06-15,1.0593,0.1339,0.1262,504
2005-06-16,1.119,0.1421,0.1258,504
2005-06-17,1.0837,0.1368,0.1256,504
2005-06-20,1.1295,0.1435,0.1257,504
2005-06-21,1.1403,0.145,0.1256,504
2005-06-22,1.148,0.146,0.1256,504
2005-06-23,1.1385,0.1447,0.1257,504
2005-06-24,1.0001,0.1255,0.1262,504
2005-06-27,0.9566,0.1194,0.1263,504
2005-06-28,1.003,0.1257,0.1259,504
2005-06-29,0.9171,0.1141,0.1266,504
2005-06-30,0.9418,0.1177,0.1266,504
2005-07-01,1.064,0.1341,0.1257,504
2005-07-04,1.0468,0.1316,0.1257,504
2005-07-05,1.1052,0.1395,0.1253,504
2005-07-06,1.1173,0.1412,0.1253,504
2005-07-07,1.0351,0.1297,0.1254,504
2005-07-08,1.0768,0.1355,0.1253,504
2005-07-11,1.1325,0.1441,0.1258,504
2005-07-12,1.2124,0.1549,0.1252,504
2005-07-13,1.1975,0.1528,0.1253,504
2005-07-14,1.1853,0.151,0.1252,504
2005-07-15,1.2255,0.1569,0.1254,504
2005-07-18,1.2531,0.1608,0.1252,504
2005-07-19,1.2854,0.1652,0.125,504
2005-07-20,1.3039,0.168,0.1251,504
2005-07-21,1.3977,0.1817,0.1251,504
2005-07-22,1.416,0.1842,0.1249,504
2005-07-25,1.3727,0.1773,0.1246,504
2005-07-26,1.3195,0.1696,0.1246,504
2005-07-27,1.3632,0.1759,0.1246,504
2005-07-28,1.3345,0.1714,0.1244,504
2005-07-29,1.3969,0.1803,0.1242,504
2005-08-01,1.4059,0.1815,0.1241,504
2005-08-02,1.4279,0.1846,0.124,504
2005-08-03,1.4192,0.1833,0.124,504
2005-08-04,1.445,0.1869,0.1239,504
2005-08-05,1.469,0.1905,0.124,504
2005-08-08,1.4468,0.1874,0.124,504
2005-08-09,1.3828,0.1774,0.1237,504
2005-08-10,1.3198,0.1683,0.1237,504
2005-08-11,1.3204,0.1684,0.1237,504
2005-08-12,1.4002,0.1798,0.1235,504
2005-08-15,1.3627,0.1743,0.1235,504
2005-08-16,1.4168,0.1818,0.1233,504
2005-08-17,1.3223,0.1682,0.1233,504
2005-08-18,1.3004,0.1649,0.1232,504
2005-08-19,1.284,0.1626,0.1233,504
2005-08-22,1.295,0.1642,0.1233,504
2005-08-23,1.254,0.158,0.123,504
2005-08-24,1.2516,0.1576,0.123,504
2005-08-25,1.1716,0.1462,0.1229,504
2005-08-26,1.196,0.1496,0.1229,504
2005-08-29,1.123,0.139,0.1226,504
2005-08-30,1.1628,0.1446,0.1226,504
2005-08-31,1.0557,0.1291,0.1221,504
2005-09-01,1.1176,0.1376,0.122,504
2005-09-02,1.1467,0.1414,0.1218,504
2005-09-05,1.092,0.1336,0.1216,504
2005-09-06,1.1323,0.139,0.1214,504
2005-09-07,1.0063,0.1212,0.121,504
2005-09-08,1.0038,0.1209,0.121,504
2005-09-09,0.9865,0.1184,0.1208,504
2005-09-12,0.9608,0.115,0.1209,504
2005-09-13,0.9138,0.1087,0.121,504
2005-09-14,0.9504,0.1136,0.1209,504
2005-09-15,0.9542,0.1142,0.121,504
2005-09-16,0.9842,0.1181,0.1209,504
2005-09-19,0.9376,0.1119,0.121,504
2005-09-20,0.9696,0.1165,0.1213,504
2005-09-21,0.9343,0.1119,0.1214,504
2005-09-22,0.9184,0.1098,0.1214,504
2005-09-23,0.9646,0.1159,0.1213,504
2005-09-26,0.9844,0.1187,0.1214,504
2005-09-27,0.9856,0.1188,0.1214,504
2005-09-28,1.0575,0.1284,0.1212,504
2005-09-29,1.0486,0.1272,0.1212,504
2005-09-30,1.0694,0.13,0.1212,504
2005-10-03,1.09,0.1329,0.1212,504
2005-10-04,1.0189,0.123,0.1211,504
2005-10-05,0.9536,0.1143,0.1212,504
2005-10-06,0.8686,0.103,0.1214,504
2005-10-07,0.8894,0.1059,0.1215,504
2005-10-10,0.9049,0.1081,0.1216,504
2005-10-11,0.8607,0.1022,0.1217,504
2005-10-12,0.8413,0.0997,0.1218,504
2005-10-13,0.8202,0.0968,0.1217,504
2005-10-14,0.8295,0.0981,0.1217,504
2005-10-17,0.8281,0.0979,0.1217,504
2005-10-18,0.8216,0.097,0.1217,504
2005-10-19,0.8625,0.1021,0.1212,504
2005-10-20,0.9129,0.1091,0.1216,504
2005-10-21,0.8276,0.0979,0.1218,504
2005-10-24,0.7876,0.0926,0.1219,504
2005-10-25,0.8278,0.0983,0.1223,504
2005-10-26,0.8601,0.1025,0.1221,504
2005-10-27,0.7941,0.0937,0.1222,504
2005-10-28,0.8326,0.099,0.1224,504
2005-10-31,0.7155,0.0835,0.1226,504
2005-11-01,0.76,0.0894,0.1225,504
2005-11-02,0.7475,0.0877,0.1225,504
2005-11-03,0.7875,0.0932,0.1227,504
2005-11-04,0.8001,0.0949,0.1228,504
2005-11-07,0.7456,0.0873,0.1223,504
2005-11-08,0.7685,0.0904,0.1223,504
2005-11-09,0.739,0.0865,0.1224,504
2005-11-10,0.7358,0.0861,0.1224,504
2005-11-11,0.8177,0.0972,0.1226,504
2005-11-14,0.7898,0.0933,0.1225,504
2005-11-15,0.7978,0.0944,0.1225,504
2005-11-16,0.8045,0.0953,0.1225,504
2005-11-17,0.7583,0.0888,0.122,504
2005-11-18,0.7896,0.0931,0.1222,504
2005-11-21,0.8258,0.0981,0.1224,504
2005-11-22,0.8243,0.0979,0.1224,504
2005-11-23,0.8092,0.0959,0.1224,504
2005-11-24,0.7693,0.0904,0.1221,504
2005-11-25,0.7662,0.09,0.1221,504
2005-11-28,0.7432,0.0868,0.1221,504
2005-11-29,0.7116,0.0827,0.1221,504
2005-11-30,0.7179,0.0835,0.1221,504
2005-12-01,0.7244,0.0844,0.1221,504
2005-12-02,0.7762,0.0914,0.1224,504
2005-12-05,0.7101,0.0825,0.1221,504
2005-12-06,0.7566,0.0886,0.122,504
2005-12-07,0.7687,0.0902,0.1221,504
2005-12-08,0.7383,0.0863,0.1222,504
2005-12-09,0.7594,0.0891,0.1222,504
2005-12-12,0.698,0.0809,0.1221,504
2005-12-13,0.7028,0.0815,0.1221,504
2005-12-14,0.7006,0.0812,0.1221,504
2005-12-15,0.7096,0.0824,0.1222,504
2005-12-16,0.758,0.0887,0.1219,504
2005-12-19,0.7509,0.0878,0.1219,504
2005-12-20,0.7264,0.0846,0.1221,504
2005-12-21,0.6747,0.0776,0.1217,504
2005-12-22,0.6894,0.0795,0.1218,504
2005-12-23,0.647,0.0737,0.1212,504
2005-12-26,0.6548,0.0747,0.1212,504
2005-12-27,0.7071,0.0813,0.1209,504
2005-12-28,0.6417,0.0728,0.121,504
2005-12-29,0.6548,0.0745,0.1209,504
2005-12-30,0.6713,0.0766,0.1209,504
2006-01-02,0.6435,0.0729,0.1206,504
2006-01-03,0.685,0.0781,0.1204,504
2006-01-04,0.7247,0.083,0.12,504
2006-01-05,0.7125,0.0815,0.12,504
2006-01-06,0.7269,0.0833,0.12,504
2006-01-09,0.7186,0.0823,0.12,504
2006-01-10,0.6993,0.0798,0.1201,504
2006-01-11,0.7079,0.0809,0.1201,504
2006-01-12,0.6674,0.0756,0.1199,504
2006-01-13,0.6797,0.0772,0.12,504
2006-01-16,0.7049,0.0805,0.12,504
2006-01-17,0.708,0.0809,0.12,504
2006-01-18,0.6839,0.0776,0.1198,504
2006-01-19,0.6923,0.0787,0.1198,504
2006-01-20,0.7321,0.0839,0.1198,504
2006-01-23,0.6357,0.072,0.1208,504
2006-01-24,0.607,0.0682,0.1207,504
2006-01-25,0.6587,0.0749,0.1207,504
2006-01-26,0.69,0.0789,0.1206,504
2006-01-27,0.7427,0.086,0.1208,504
2006-01-30,0.7674,0.0892,0.1208,504
2006-01-31,0.7766,0.0904,0.1208,504
2006-02-01,0.7635,0.0887,0.1209,504
2006-02-02,0.7949,0.0929,0.121,504
2006-02-03,0.7603,0.0885,0.1212,504
2006-02-06,0.7298,0.0845,0.1211,504
2006-02-07,0.7581,0.0882,0.1211,504
2006-02-08,0.7288,0.0844,0.1213,504
2006-02-09,0.7331,0.085,0.1213,504
2006-02-10,0.7472,0.0869,0.1213,504
2006-02-13,0.7073,0.0813,0.1208,504
2006-02-14,0.6849,0.0783,0.1207,504
2006-02-15,0.6596,0.0748,0.1203,504
2006-02-16,0.7367,0.0845,0.1199,504
2006-02-17,0.6797,0.0768,0.1193,504
2006-02-20,0.7438,0.0848,0.1189,504
2006-02-21,0.6977,0.0787,0.1187,504
2006-02-22,0.6303,0.07,0.1184,504
2006-02-23,0.6685,0.075,0.1186,504
2006-02-24,0.7093,0.08,0.1183,504
2006-02-27,0.6567,0.073,0.1179,504
2006-02-28,0.6173,0.0681,0.118,504
2006-03-01,0.6648,0.0743,0.1183,504
2006-03-02,0.7035,0.0789,0.1178,504
2006-03-03,0.7151,0.0804,0.1178,504
2006-03-06,0.6765,0.0753,0.1175,504
2006-03-07,0.6285,0.0693,0.1175,504
2006-03-08,0.6231,0.0686,0.1175,504
2006-03-09,0.594,0.0649,0.1174,504
2006-03-10,0.5419,0.0583,0.1172,504
2006-03-13,0.6379,0.0702,0.1171,504
2006-03-14,0.6384,0.0703,0.1171,504
2006-03-15,0.6872,0.0765,0.1173,504
2006-03-16,0.7254,0.0816,0.1177,504
2006-03-17,0.7279,0.0819,0.1177,504
2006-03-20,0.8037,0.0915,0.1175,504
2006-03-21,0.8657,0.0991,0.117,504
2006-03-22,0.8521,0.0974,0.1171,504
2006-03-23,0.8705,0.0998,0.1172,504
2006-03-24,0.8155,0.0926,0.117,504
2006-03-27,0.8358,0.0952,0.117,504
2006-03-28,0.8842,0.1012,0.1167,504
2006-03-29,0.8808,0.1008,0.1168,504
2006-03-30,1.0262,0.1187,0.1159,504
2006-03-31,1.0076,0.1163,0.1158,504
2006-04-03,0.9846,0.1133,0.1158,504
2006-04-04,1.0029,0.1157,0.1158,504
2006-04-05,0.9773,0.1121,0.1156,504
2006-04-06,1.0202,0.1174,0.1154,504
2006-04-07,1.0477,0.1208,0.1152,504
2006-04-10,0.9784,0.1117,0.115,504
2006-04-11,0.9451,0.1075,0.115,504
2006-04-12,0.934,0.1061,0.1151,504
2006-04-13,0.9862,0.1128,0.1151,504
2006-04-14,1.0509,0.1204,0.1144,504
2006-04-17,0.9913,0.1124,0.114,504
2006-04-18,0.9421,0.1061,0.114,504
2006-04-19,1.001,0.1146,0.115,504
2006-04-20,1.0281,0.1182,0.1151,504
2006-04-21,1.0525,0.1214,0.1151,504
2006-04-24,1.0115,0.1158,0.1149,504
2006-04-25,1.0723,0.1234,0.1147,504
2006-04-26,1.0251,0.1177,0.115,504
2006-04-27,1.0586,0.122,0.115,504
2006-04-28,1.0049,0.1151,0.115,504
2006-05-01,0.9638,0.1098,0.1149,504
2006-05-02,0.9159,0.1033,0.1145,504
2006-05-03,0.8696,0.0976,0.1146,504
2006-05-04,0.8382,0.0936,0.1145,504
2006-05-05,0.8885,0.1001,0.1148,504
2006-05-08,0.93,0.1056,0.115,504
2006-05-09,0.9263,0.1051,0.115,504
2006-05-10,0.8875,0.1,0.1149,504
2006-05-11,0.9228,0.1044,0.1147,504
2006-05-12,0.9251,0.1047,0.1147,504
2006-05-15,0.7815,0.0866,0.1147,504
2006-05-16,0.7923,0.0879,0.1147,504
2006-05-17,0.7543,0.0831,0.1145,504
2006-05-18,0.6894,0.0756,0.1154,504
2006-05-19,0.653,0.0712,0.1155,504
2006-05-22,0.6438,0.07,0.1155,504
2006-05-23,0.6931,0.076,0.1153,504
2006-05-24,0.6615,0.0721,0.1153,504
2006-05-25,0.6468,0.0703,0.1154,504
2006-05-26,0.6516,0.0709,0.1154,504
2006-05-29,0.6927,0.076,0.1154,504
2006-05-30,0.7343,0.0811,0.1152,504
2006-05-31,0.7291,0.0804,0.1151,504
2006-06-01,0.7067,0.0777,0.1152,504
2006-06-02,0.6666,0.0728,0.1155,504
2006-06-05,0.693,0.076,0.1154,504
2006-06-06,0.7471,0.0834,0.1162,504
2006-06-07,0.7035,0.0779,0.1162,504
2006-06-08,0.7219,0.08,0.1159,504
2006-06-09,0.7623,0.085,0.1158,504
2006-06-12,0.7978,0.0895,0.1159,504
2006-06-13,0.8587,0.0975,0.1162,504
2006-06-14,0.8642,0.0982,0.1162,504
2006-06-15,0.8508,0.0966,0.1163,504
2006-06-16,0.9056,0.1044,0.1173,504
2006-06-19,0.8988,0.1035,0.1173,504
2006-06-20,0.8554,0.098,0.1174,504
2006-06-21,0.8578,0.0984,0.1174,504
2006-06-22,0.8853,0.1021,0.1176,504
2006-06-23,0.9271,0.1075,0.1176,504
2006-06-26,0.9339,0.1084,0.1176,504
2006-06-27,0.92,0.1066,0.1176,504
2006-06-28,0.9378,0.1087,0.1174,504
2006-06-29,0.9774,0.1138,0.1173,504
2006-06-30,1.0797,0.1282,0.1181,504
2006-07-03,1.0926,0.1298,0.1181,504
2006-07-04,1.0358,0.1221,0.118,504
2006-07-05,1.0104,0.1187,0.1179,504
2006-07-06,1.0362,0.1222,0.118,504
2006-07-07,1.0536,0.1245,0.118,504
2006-07-10,0.9673,0.1135,0.1184,504
2006-07-11,1.0019,0.1181,0.1184,504
2006-07-12,1.0132,0.1196,0.1184,504
2006-07-13,1.0629,0.1254,0.1177,504
2006-07-14,0.8923,0.1031,0.1177,504
2006-07-17,0.8385,0.0965,0.1181,504
2006-07-18,0.929,0.1077,0.1175,504
2006-07-19,0.944,0.1097,0.1176,504
2006-07-20,1.0897,0.1292,0.1179,504
2006-07-21,1.1762,0.1418,0.1187,504
2006-07-24,1.1445,0.1369,0.1182,504
2006-07-25,1.2115,0.1466,0.1188,504
2006-07-26,1.2959,0.1574,0.1182,504
2006-07-27,1.4006,0.1718,0.1182,504
2006-07-28,1.4371,0.1765,0.118,504
2006-07-31,1.4807,0.1829,0.1182,504
2006-08-01,1.4661,0.181,0.1182,504
2006-08-02,1.4878,0.1837,0.1181,504
2006-08-03,1.5152,0.1876,0.1181,504
2006-08-04,1.5498,0.1927,0.1182,504
2006-08-07,1.5613,0.1942,0.1182,504
2006-08-08,1.5242,0.189,0.1182,504
2006-08-09,1.4832,0.1836,0.1184,504
2006-08-10,1.358,0.1665,0.1186,504
2006-08-11,1.4027,0.1728,0.1187,504
2006-08-14,1.4262,0.1762,0.1187,504
2006-08-15,1.404,0.1729,0.1186,504
2006-08-16,1.4803,0.1846,0.1193,504
2006-08-17,1.3847,0.1728,0.1204,504
2006-08-18,1.3679,0.1704,0.1204,504
2006-08-21,1.353,0.1684,0.1204,504
2006-08-22,1.3038,0.1617,0.1206,504
2006-08-23,1.3566,0.1689,0.1204,504
2006-08-24,1.2986,0.1608,0.1204,504
2006-08-25,1.2328,0.1515,0.1203,504
2006-08-28,1.2566,0.1547,0.1202,504
2006-08-29,1.2574,0.1548,0.1202,504
2006-08-30,1.3309,0.1644,0.1198,504
2006-08-31,1.3695,0.1695,0.1196,504
2006-09-01,1.3638,0.1687,0.1196,504
2006-09-04,1.4273,0.1775,0.1195,504
2006-09-05,1.3872,0.1716,0.1193,504
2006-09-06,1.3814,0.1708,0.1193,504
2006-09-07,1.3005,0.1597,0.1194,504
2006-09-08,1.2349,0.1502,0.1191,504
2006-09-11,1.2471,0.1518,0.1191,504
2006-09-12,1.2691,0.1548,0.119,504
2006-09-13,1.2646,0.1541,0.119,504
2006-09-14,1.3565,0.1666,0.1188,504
2006-09-15,1.3723,0.1687,0.1187,504
2006-09-18,1.3891,0.1711,0.1188,504
2006-09-19,1.4008,0.1727,0.1188,504
2006-09-20,1.3376,0.1636,0.1186,504
2006-09-21,1.3425,0.1644,0.1186,504
2006-09-22,1.332,0.163,0.1187,504
2006-09-25,1.3228,0.1618,0.1187,504
2006-09-26,1.3347,0.1636,0.1189,504
2006-09-27,1.3962,0.1726,0.1191,504
2006-09-28,1.3856,0.1711,0.1191,504
2006-09-29,1.3949,0.1722,0.119,504
2006-10-02,1.3741,0.1694,0.1191,504
2006-10-03,1.4565,0.1801,0.1186,504
2006-10-04,1.3735,0.1682,0.1183,504
2006-10-05,1.2963,0.1582,0.1188,504
2006-10-06,1.298,0.1585,0.1188,504
2006-10-09,1.2762,0.1555,0.1188,504
2006-10-10,1.2767,0.1556,0.1188,504
2006-10-11,1.2385,0.15,0.1186,504
2006-10-12,1.1755,0.1408,0.118,504
2006-10-13,1.1781,0.1412,0.1181,504
2006-10-16,1.1766,0.141,0.118,504
2006-10-17,1.1886,0.1427,0.1181,504
2006-10-18,1.1521,0.1379,0.1182,504
2006-10-19,1.0942,0.1298,0.1179,504
2006-10-20,1.0691,0.1265,0.1179,504
2006-10-23,1.0529,0.1244,0.118,504
2006-10-24,1.1035,0.1311,0.1179,504
2006-10-25,1.0761,0.1273,0.1178,504
2006-10-26,1.0492,0.1237,0.1178,504
2006-10-27,1.1047,0.1307,0.1174,504
2006-10-30,1.1249,0.1335,0.1175,504
2006-10-31,1.118,0.1326,0.1175,504
2006-11-01,1.1086,0.1313,0.1175,504
2006-11-02,1.1293,0.1341,0.1176,504
2006-11-03,1.1441,0.1361,0.1176,504
2006-11-06,1.1363,0.135,0.1176,504
2006-11-07,1.1069,0.1313,0.1177,504
2006-11-08,1.1328,0.1344,0.1174,504
2006-11-09,1.1253,0.1334,0.1174,504
2006-11-10,1.1,0.1301,0.1175,504
2006-11-13,1.1179,0.1324,0.1174,504
2006-11-14,1.0497,0.1234,0.1174,504
2006-11-15,1.0474,0.1231,0.1174,504
2006-11-16,0.9781,0.1142,0.1176,504
2006-11-17,0.9433,0.1096,0.1176,504
2006-11-20,0.9007,0.1039,0.1174,504
2006-11-21,0.8779,0.101,0.1174,504
2006-11-22,0.8868,0.1021,0.1174,504
2006-11-23,0.9286,0.1075,0.1174,504
2006-11-24,0.9333,0.1081,0.1174,504
2006-11-27,0.922,0.1066,0.1174,504
2006-11-28,0.8265,0.0947,0.1179,504
2006-11-29,0.8081,0.0923,0.1179,504
2006-11-30,0.8358,0.096,0.118,504
2006-12-01,0.8334,0.0957,0.118,504
2006-12-04,0.8337,0.0957,0.118,504
2006-12-05,0.7539,0.0857,0.1183,504
2006-12-06,0.7743,0.0883,0.1183,504
2006-12-07,0.7571,0.0861,0.1183,504
2006-12-08,0.765,0.0871,0.1183,504
2006-12-11,0.8077,0.0925,0.1181,504
2006-12-12,0.7379,0.0833,0.1179,504
2006-12-13,0.7606,0.0862,0.1178,504
2006-12-14,0.761,0.0862,0.1178,504
2006-12-15,0.8048,0.0918,0.1178,504
2006-12-18,0.8435,0.0968,0.1178,504
2006-12-19,0.8683,0.1,0.1178,504
2006-12-20,0.8639,0.0994,0.1178,504
2006-12-21,0.9123,0.1055,0.1176,504
2006-12-22,0.8929,0.103,0.1175,504
2006-12-25,0.9189,0.1064,0.1175,504
2006-12-26,0.9022,0.1042,0.1175,504
2006-12-27,0.916,0.1059,0.1174,504
2006-12-28,0.9336,0.1081,0.1173,504
2006-12-29,0.9469,0.1098,0.1172,504
2007-01-01,0.9315,0.1078,0.1173,504
2007-01-02,0.8923,0.1026,0.1171,504
2007-01-03,0.8837,0.1015,0.1171,504
2007-01-04,0.8448,0.0965,0.1172,504
2007-01-05,0.867,0.0994,0.1172,504
2007-01-08,0.8281,0.0942,0.1169,504
2007-01-09,0.7993,0.0905,0.1169,504
2007-01-10,0.8018,0.0908,0.1169,504
2007-01-11,0.8036,0.0911,0.1169,504
2007-01-12,0.8035,0.091,0.1169,504
2007-01-15,0.8183,0.0929,0.117,504
2007-01-16,0.7948,0.0899,0.1169,504
2007-01-17,0.8638,0.0986,0.1167,504
2007-01-18,0.8407,0.0956,0.1167,504
2007-01-19,0.832,0.0944,0.1166,504
2007-01-22,0.8386,0.0953,0.1166,504
2007-01-23,0.8699,0.0995,0.1168,504
2007-01-24,0.8055,0.0914,0.1171,504
2007-01-25,0.8336,0.0949,0.117,504
2007-01-26,0.8102,0.092,0.117,504
2007-01-29,0.793,0.0898,0.1171,504
2007-01-30,0.8757,0.0999,0.1165,504
2007-01-31,0.8675,0.0989,0.1165,504
2007-02-01,0.987,0.1142,0.1164,504
2007-02-02,0.9849,0.1139,0.1164,504
2007-02-05,0.9937,0.115,0.1164,504
2007-02-06,0.9714,0.1121,0.1164,504
2007-02-07,0.9577,0.1103,0.1163,504
2007-02-08,0.9515,0.1095,0.1163,504
2007-02-09,0.9236,0.1057,0.116,504
2007-02-12,0.8862,0.1009,0.116,504
2007-02-13,0.8961,0.1021,0.116,504
2007-02-14,0.9789,0.1126,0.1159,504
2007-02-15,1.0285,0.1195,0.1163,504
2007-02-16,1.0268,0.1193,0.1163,504
2007-02-19,1.0332,0.12,0.1163,504
2007-02-20,1.0573,0.1231,0.1162,504
2007-02-21,1.1173,0.1306,0.1159,504
2007-02-22,1.1303,0.1323,0.1159,504
2007-02-23,1.1108,0.1298,0.1159,504
2007-02-26,1.0849,0.1264,0.1159,504
2007-02-27,1.084,0.1263,0.1159,504
2007-02-28,0.9659,0.1128,0.1178,504
2007-03-01,0.9501,0.1107,0.1178,504
2007-03-02,0.9428,0.1097,0.1178,504
2007-03-05,0.8914,0.1033,0.1181,504
2007-03-06,0.9547,0.1111,0.1176,504
2007-03-07,0.9264,0.107,0.1171,504
2007-03-08,0.9205,0.1062,0.1171,504
2007-03-09,0.9938,0.1156,0.117,504
2007-03-12,1.0195,0.119,0.117,504
2007-03-13,1.0187,0.1189,0.117,504
2007-03-14,0.9402,0.1093,0.1177,504
2007-03-15,0.9229,0.1069,0.1176,504
2007-03-16,0.9729,0.1132,0.1173,504
2007-03-19,0.9796,0.1141,0.1173,504
2007-03-20,0.9763,0.1137,0.1173,504
2007-03-21,0.9178,0.1055,0.1167,504
2007-03-22,0.913,0.1048,0.1166,504
2007-03-23,0.8429,0.0952,0.1158,504
2007-03-26,0.8811,0.1001,0.1159,504
2007-03-27,0.864,0.098,0.116,504
2007-03-28,0.8894,0.1011,0.1158,504
2007-03-29,0.7481,0.0823,0.1145,504
2007-03-30,0.8007,0.0886,0.1141,504
2007-04-02,0.7454,0.0815,0.1138,504
2007-04-03,0.8118,0.0894,0.1135,504
2007-04-04,0.8481,0.094,0.1136,504
2007-04-05,0.7842,0.086,0.1133,504
2007-04-06,0.7478,0.0813,0.1131,504
2007-04-09,0.724,0.0784,0.113,504
2007-04-10,0.7514,0.0816,0.1129,504
2007-04-11,0.7005,0.0752,0.1126,504
2007-04-12,0.7058,0.0759,0.1126,504
2007-04-13,0.7394,0.0801,0.1129,504
2007-04-16,0.7088,0.0764,0.1128,504
2007-04-17,0.798,0.0871,0.1126,504
2007-04-18,0.767,0.0832,0.1125,504
2007-04-19,0.8291,0.0906,0.1122,504
2007-04-20,0.867,0.0952,0.1122,504
2007-04-23,0.8372,0.0913,0.1118,504
2007-04-24,0.8851,0.0971,0.1118,504
2007-04-25,0.8344,0.0905,0.1113,504
2007-04-26,0.873,0.0954,0.1115,504
2007-04-27,0.8721,0.0953,0.1115,504
2007-04-30,0.8913,0.0978,0.1117,504
2007-05-01,0.8484,0.0928,0.112,504
2007-05-02,0.9151,0.1009,0.1119,504
2007-05-03,0.9113,0.1004,0.1119,504
2007-05-04,0.9454,0.1047,0.112,504
2007-05-07,0.9501,0.1053,0.112,504
2007-05-08,0.9738,0.1082,0.112,504
2007-05-09,0.9554,0.1059,0.1119,504
2007-05-10,0.967,0.1074,0.1119,504
2007-05-11,0.9567,0.1061,0.112,504
2007-05-14,0.9868,0.11,0.1121,504
2007-05-15,0.9875,0.1101,0.1121,504
2007-05-16,1.0044,0.1121,0.112,504
2007-05-17,0.9801,0.1091,0.1121,504
2007-05-18,0.9778,0.1089,0.1121,504
2007-05-21,0.9854,0.1098,0.1121,504
2007-05-22,1.0209,0.1143,0.1122,504
2007-05-23,1.0257,0.1149,0.1122,504
2007-05-24,0.9987,0.1116,0.1122,504
2007-05-25,0.9982,0.1115,0.1122,504
2007-05-28,1.0409,0.1169,0.1123,504
2007-05-29,1.0423,0.1171,0.1123,504
2007-05-30,1.0932,0.1235,0.1123,504
2007-05-31,1.2131,0.1375,0.1114,504
2007-06-01,1.2669,0.1443,0.1113,504
2007-06-04,1.2901,0.1473,0.1113,504
2007-06-05,1.3786,0.1575,0.1106,504
2007-06-06,1.3365,0.1521,0.1105,504
2007-06-07,1.2565,0.1423,0.1107,504
2007-06-08,1.192,0.1349,0.1113,504
2007-06-11,1.25,0.1427,0.1117,504
2007-06-12,1.2422,0.1417,0.1117,504
2007-06-13,1.2333,0.1407,0.1118,504
2007-06-14,1.315,0.1528,0.113,504
2007-06-15,1.2672,0.1458,0.1124,504
2007-06-18,1.2831,0.148,0.1125,504
2007-06-19,1.3055,0.1508,0.1124,504
2007-06-20,1.3056,0.1508,0.1124,504
2007-06-21,1.2414,0.1424,0.1123,504
2007-06-22,1.2564,0.1443,0.1123,504
2007-06-25,1.2385,0.1421,0.1124,504
2007-06-26,1.1912,0.1359,0.1123,504
2007-06-27,1.1029,0.1246,0.1122,504
2007-06-28,1.1687,0.1331,0.1123,504
2007-06-29,1.1322,0.1285,0.1124,504
2007-07-02,1.1815,0.1347,0.1123,504
2007-07-03,1.1908,0.1359,0.1123,504
2007-07-04,1.2042,0.1377,0.1124,504
2007-07-05,1.18,0.1346,0.1123,504
2007-07-06,1.2088,0.1381,0.1122,504
2007-07-09,1.238,0.1419,0.1123,504
2007-07-10,1.2763,0.1469,0.1124,504
2007-07-11,1.2038,0.1384,0.113,504
2007-07-12,1.2202,0.1407,0.1132,504
2007-07-13,1.1736,0.1353,0.1136,504
2007-07-16,1.2135,0.1405,0.1137,504
2007-07-17,1.2181,0.1411,0.1137,504
2007-07-18,1.2461,0.1448,0.1137,504
2007-07-19,1.2206,0.1413,0.1136,504
2007-07-20,1.2779,0.1489,0.1137,504
2007-07-23,1.2004,0.1394,0.1142,504
2007-07-24,1.2825,0.1498,0.114,504
2007-07-25,1.2054,0.1403,0.1144,504
2007-07-26,1.2355,0.1442,0.1144,504
2007-07-27,1.2994,0.1538,0.1152,504
2007-07-30,1.2019,0.1419,0.116,504
2007-07-31,1.3046,0.1568,0.1169,504
2007-08-01,1.2781,0.1536,0.1172,504
2007-08-02,1.3013,0.1568,0.1173,504
2007-08-03,1.3531,0.1639,0.1173,504
2007-08-06,1.4053,0.1722,0.118,504
2007-08-07,1.3714,0.1681,0.1184,504
2007-08-08,1.3411,0.1637,0.1183,504
2007-08-09,1.324,0.1615,0.1184,504
2007-08-10,1.4341,0.1789,0.1198,504
2007-08-13,1.4793,0.1857,0.1201,504
2007-08-14,1.5843,0.2008,0.1201,504
2007-08-15,1.657,0.2136,0.1213,504
2007-08-16,1.5814,0.2031,0.1216,504
2007-08-17,1.6035,0.2062,0.1215,504
2007-08-20,1.586,0.2038,0.1217,504
2007-08-21,1.5034,0.1925,0.1221,504
2007-08-22,1.4892,0.1904,0.122,504
2007-08-23,1.4019,0.1788,0.1228,504
2007-08-24,1.4089,0.1798,0.1227,504
2007-08-27,1.3906,0.1768,0.1225,504
2007-08-28,1.4098,0.1794,0.1224,504
2007-08-29,1.3125,0.1672,0.1236,504
2007-08-30,1.3798,0.1784,0.1246,504
2007-08-31,1.3253,0.1705,0.1247,504
2007-09-03,1.387,0.1801,0.1251,504
2007-09-04,1.366,0.177,0.125,504
2007-09-05,1.3458,0.1741,0.1251,504
2007-09-06,1.3658,0.1772,0.1252,504
2007-09-07,1.3133,0.1697,0.1253,504
2007-09-10,1.4111,0.1852,0.126,504
2007-09-11,1.4458,0.1901,0.1259,504
2007-09-12,1.4612,0.1921,0.1257,504
2007-09-13,1.4318,0.1876,0.1256,504
2007-09-14,1.4379,0.1886,0.1257,504
2007-09-17,1.4773,0.1943,0.1256,504
2007-09-18,1.4635,0.1924,0.1257,504
2007-09-19,1.5677,0.2115,0.1276,504
2007-09-20,1.6124,0.2188,0.1278,504
2007-09-21,1.5448,0.2084,0.1278,504
2007-09-24,1.5626,0.2112,0.1279,504
2007-09-25,1.5516,0.2097,0.128,504
2007-09-26,1.5188,0.2042,0.1277,504
2007-09-27,1.5993,0.2161,0.1274,504
2007-09-28,1.6445,0.2229,0.1273,504
2007-10-01,1.61,0.2169,0.127,504
2007-10-02,1.6625,0.2256,0.1272,504
2007-10-03,1.665,0.2259,0.1272,504
2007-10-04,1.6038,0.2164,0.1272,504
2007-10-05,1.6879,0.2284,0.1267,504
2007-10-08,1.7178,0.2334,0.1269,504
2007-10-09,1.7233,0.2343,0.1268,504
2007-10-10,1.6459,0.2223,0.1269,504
2007-10-11,1.6697,0.2263,0.1271,504
2007-10-12,1.6945,0.2303,0.1271,504
2007-10-15,1.6624,0.2254,0.1272,504
2007-10-16,1.6561,0.2245,0.1272,504
2007-10-17,1.6291,0.2204,0.1273,504
2007-10-18,1.5708,0.2109,0.127,504
2007-10-19,1.5523,0.2081,0.127,504
2007-10-22,1.6355,0.2236,0.1284,504
2007-10-23,1.6217,0.2215,0.1285,504
2007-10-24,1.5803,0.2152,0.1286,504
2007-10-25,1.5567,0.2113,0.1284,504
2007-10-26,1.5254,0.2061,0.1283,504
2007-10-29,1.5006,0.2022,0.1282,504
2007-10-30,1.4844,0.1998,0.1283,504
2007-10-31,1.5126,0.2044,0.1284,504
2007-11-01,1.4767,0.1991,0.1286,504
2007-11-02,1.5355,0.2091,0.1291,504
2007-11-05,1.52,0.2069,0.1292,504
2007-11-06,1.5449,0.2108,0.1292,504
2007-11-07,1.4719,0.2003,0.1298,504
2007-11-08,1.5121,0.2079,0.1306,504
2007-11-09,1.526,0.2101,0.1306,504
2007-11-12,1.5737,0.2188,0.1312,504
2007-11-13,1.5971,0.2228,0.1314,504
2007-11-14,1.5142,0.2116,0.1326,504
2007-11-15,1.4849,0.2069,0.1326,504
2007-11-16,1.449,0.2017,0.1329,504
2007-11-19,1.4512,0.202,0.1329,504
2007-11-20,1.3888,0.1928,0.1334,504
2007-11-21,1.3637,0.1886,0.1332,504
2007-11-22,1.4154,0.1976,0.1337,504
2007-11-23,1.4095,0.1966,0.1337,504
2007-11-26,1.3948,0.1945,0.1339,504
2007-11-27,1.4466,0.2035,0.1343,504
2007-11-28,1.3456,0.1884,0.1351,504
2007-11-29,1.3976,0.1982,0.136,504
2007-11-30,1.3907,0.197,0.136,504
2007-12-03,1.4046,0.1993,0.136,504
2007-12-04,1.3991,0.1985,0.1361,504
2007-12-05,1.3963,0.1981,0.1361,504
2007-12-06,1.4508,0.2077,0.1365,504
2007-12-07,1.386,0.1974,0.1367,504
2007-12-10,1.3573,0.1929,0.1369,504
2007-12-11,1.365,0.1941,0.1368,504
2007-12-12,1.2405,0.1764,0.1387,504
2007-12-13,1.2784,0.1829,0.139,504
2007-12-14,1.2737,0.1822,0.139,504
2007-12-17,1.3423,0.1936,0.1391,504
2007-12-18,1.4119,0.206,0.1396,504
2007-12-19,1.4038,0.2046,0.1396,504
2007-12-20,1.3654,0.1981,0.1395,504
2007-12-21,1.3817,0.201,0.1396,504
2007-12-24,1.4397,0.2115,0.1401,504
2007-12-25,1.4597,0.2152,0.1403,504
2007-12-26,1.4551,0.2144,0.1403,504
2007-12-27,1.4247,0.2093,0.1403,504
2007-12-28,1.4679,0.2156,0.1397,504
2007-12-31,1.4693,0.2158,0.1397,504
2008-01-01,1.4596,0.2141,0.1396,504
2008-01-02,1.4608,0.2143,0.1396,504
2008-01-03,1.4774,0.2175,0.1399,504
2008-01-04,1.4667,0.2157,0.1399,504
2008-01-07,1.3775,0.2018,0.1407,504
2008-01-08,1.3512,0.1977,0.1409,504
2008-01-09,1.2345,0.1793,0.1417,504
2008-01-10,1.2764,0.1861,0.1416,504
2008-01-11,1.3308,0.1957,0.1419,504
2008-01-14,1.2538,0.1834,0.1424,504
2008-01-15,1.3216,0.1951,0.1426,504
2008-01-16,1.3714,0.2046,0.1432,504
2008-01-17,1.3905,0.2081,0.1434,504
2008-01-18,1.2636,0.188,0.1446,504
2008-01-21,1.2522,0.1861,0.1447,504
2008-01-22,1.2128,0.1791,0.1444,504
2008-01-23,1.2151,0.1795,0.1444,504
2008-01-24,1.1007,0.1616,0.1458,504
2008-01-25,1.0717,0.1568,0.1458,504
2008-01-28,1.0867,0.1594,0.1459,504
2008-01-29,1.047,0.1531,0.1462,504
2008-01-30,1.0416,0.1521,0.1462,504
2008-01-31,1.0672,0.1564,0.1462,504
2008-02-01,1.0834,0.1592,0.1462,504
2008-02-04,1.1777,0.1762,0.147,504
2008-02-05,1.1014,0.1631,0.147,504
2008-02-06,1.0351,0.1529,0.148,504
2008-02-07,1.0389,0.1535,0.148,504
2008-02-08,1.0316,0.1523,0.148,504
2008-02-11,1.0238,0.151,0.1481,504
2008-02-12,1.0543,0.1563,0.1482,504
2008-02-13,1.0915,0.1629,0.1484,504
2008-02-14,1.1521,0.174,0.1489,504
2008-02-15,1.0651,0.1591,0.1491,504
2008-02-18,1.0458,0.1559,0.1492,504
2008-02-19,1.015,0.1505,0.1491,504
2008-02-20,0.9829,0.1447,0.1487,504
2008-02-21,0.9918,0.1462,0.1487,504
2008-02-22,0.9396,0.1374,0.1488,504
2008-02-25,0.9784,0.1441,0.1489,504
2008-02-26,1.0172,0.1508,0.149,504
2008-02-27,0.9955,0.147,0.1489,504
2008-02-28,1.0159,0.1504,0.1489,504
2008-02-29,0.994,0.1468,0.149,504
2008-03-03,0.8914,0.1305,0.1503,504
2008-03-04,0.9622,0.1428,0.1505,504
2008-03-05,0.8891,0.1304,0.1506,504
2008-03-06,0.9313,0.1378,0.1509,504
2008-03-07,0.8656,0.1271,0.1515,504
2008-03-10,0.8045,0.117,0.1518,504
2008-03-11,0.7277,0.1043,0.1522,504
2008-03-12,0.8273,0.1225,0.1541,504
2008-03-13,0.8384,0.1244,0.1541,504
2008-03-14,0.8082,0.1194,0.1543,504
2008-03-17,0.8689,0.1303,0.1547,504
2008-03-18,0.8906,0.1341,0.1547,504
2008-03-19,0.679,0.1001,0.1592,504
2008-03-20,0.5697,0.082,0.1613,504
2008-03-21,0.6017,0.0877,0.1614,504
2008-03-24,0.6174,0.0904,0.1614,504
2008-03-25,0.6135,0.0897,0.1613,504
2008-03-26,0.6128,0.0896,0.1613,504
2008-03-27,0.5761,0.0832,0.1614,504
2008-03-28,0.5379,0.0766,0.1616,504
2008-03-31,0.5155,0.0728,0.1616,504
2008-04-01,0.5984,0.0873,0.1617,504
2008-04-02,0.6488,0.0965,0.1624,504
2008-04-03,0.6794,0.102,0.1624,504
2008-04-04,0.6719,0.1007,0.1624,504
2008-04-07,0.6759,0.1014,0.1624,504
2008-04-08,0.6817,0.1024,0.1624,504
2008-04-09,0.6802,0.1021,0.1624,504
2008-04-10,0.6134,0.0902,0.1623,504
2008-04-11,0.5964,0.0872,0.1622,504
2008-04-14,0.4709,0.066,0.1646,504
2008-04-15,0.4726,0.0663,0.1646,504
2008-04-16,0.4566,0.0635,0.1647,504
2008-04-17,0.3846,0.0513,0.1658,504
2008-04-18,0.3974,0.0535,0.1656,504
2008-04-21,0.4835,0.0691,0.167,504
2008-04-22,0.4741,0.0674,0.167,504
2008-04-23,0.4888,0.0699,0.1667,504
2008-04-24,0.5153,0.0746,0.1666,504
2008-04-25,0.5245,0.0763,0.1667,504
2008-04-28,0.5595,0.0827,0.1669,504
2008-04-29,0.5907,0.0884,0.167,504
2008-04-30,0.5703,0.0847,0.1671,504
2008-05-01,0.571,0.0848,0.1671,504
2008-05-02,0.5737,0.0853,0.1671,504
2008-05-05,0.5852,0.0874,0.1671,504
2008-05-06,0.5397,0.0791,0.1669,504
2008-05-07,0.5728,0.085,0.1668,504
2008-05-08,0.6492,0.0991,0.167,504
2008-05-09,0.6637,0.1017,0.167,504
2008-05-12,0.6202,0.0934,0.1664,504
2008-05-13,0.5826,0.0868,0.1668,504
2008-05-14,0.5961,0.0892,0.1666,504
2008-05-15,0.5912,0.0883,0.1666,504
2008-05-16,0.5836,0.0869,0.1666,504
2008-05-19,0.5392,0.0788,0.1664,504
2008-05-20,0.4957,0.0711,0.1666,504
2008-05-21,0.5685,0.0843,0.1668,504
2008-05-22,0.5522,0.0812,0.1665,504
2008-05-23,0.5597,0.0825,0.1665,504
2008-05-26,0.6255,0.0945,0.1667,504
2008-05-27,0.6292,0.0952,0.1667,504
2008-05-28,0.6256,0.0945,0.1666,504
2008-05-29,0.628,0.095,0.1666,504
2008-05-30,0.6478,0.0986,0.1666,504
2008-06-02,0.6582,0.1005,0.1667,504
2008-06-03,0.6607,0.101,0.1667,504
2008-06-04,0.6414,0.0974,0.1667,504
2008-06-05,0.592,0.0882,0.166,504
2008-06-06,0.6146,0.0923,0.1661,504
2008-06-09,0.5012,0.0727,0.1684,504
2008-06-10,0.5312,0.0782,0.1686,504
2008-06-11,0.4919,0.0711,0.1685,504
2008-06-12,0.4268,0.0595,0.1691,504
2008-06-13,0.482,0.0694,0.1687,504
2008-06-16,0.5075,0.074,0.1689,504
2008-06-17,0.4834,0.0697,0.169,504
2008-06-18,0.5075,0.074,0.1688,504
2008-06-19,0.5237,0.0769,0.1685,504
2008-06-20,0.6046,0.0916,0.1685,504
2008-06-23,0.5435,0.0806,0.1689,504
2008-06-24,0.5354,0.0791,0.1689,504
2008-06-25,0.4409,0.0619,0.1685,504
2008-06-26,0.3595,0.0473,0.168,504
2008-06-27,0.2804,0.0335,0.1682,504
2008-06-30,0.1452,0.0103,0.1691,504
2008-07-01,0.1097,0.0042,0.1692,504
2008-07-02,0.0738,-0.0018,0.169,504
2008-07-03,-0.011,-0.0163,0.1703,504
2008-07-04,-0.0034,-0.015,0.1704,504
2008-07-07,0.0085,-0.013,0.1704,504
2008-07-08,0.0234,-0.0105,0.1704,504
2008-07-09,-0.0626,-0.0251,0.1711,504
2008-07-10,-0.0051,-0.0156,0.1721,504
2008-07-11,-0.0415,-0.0218,0.1725,504
2008-07-14,0.0227,-0.011,0.1729,504
2008-07-15,0.035,-0.0089,0.1728,504
2008-07-16,0.137,0.0088,0.173,504
2008-07-17,0.0471,-0.0069,0.1737,504
2008-07-18,-0.0485,-0.0235,0.1748,504
2008-07-21,-0.0498,-0.0237,0.1748,504
2008-07-22,-0.0997,-0.0321,0.1743,504
2008-07-23,-0.0007,-0.0151,0.1738,504
2008-07-24,0.0252,-0.0107,0.1739,504
2008-07-25,-0.039,-0.0219,0.1748,504
2008-07-28,0.0133,-0.0129,0.1748,504
2008-07-29,-0.0609,-0.0258,0.1755,504
2008-07-30,0.067,-0.0039,0.1774,504
2008-07-31,0.1148,0.0046,0.1776,504
2008-08-01,0.0278,-0.011,0.1789,504
2008-08-04,0.0139,-0.0134,0.1789,504
2008-08-05,0.0192,-0.0125,0.1789,504
2008-08-06,-0.0557,-0.0259,0.18,504
2008-08-07,-0.1145,-0.0363,0.1805,504
2008-08-08,-0.0409,-0.0237,0.182,504
2008-08-11,0.0534,-0.007,0.1836,504
2008-08-12,0.0543,-0.0069,0.1836,504
2008-08-13,0.0562,-0.0065,0.1836,504
2008-08-14,0.053,-0.0071,0.1836,504
2008-08-15,0.0579,-0.0062,0.1836,504
2008-08-18,0.0707,-0.0039,0.1837,504
2008-08-19,0.0148,-0.0141,0.1837,504
2008-08-20,-0.0468,-0.0252,0.1838,504
2008-08-21,-0.0562,-0.0269,0.1838,504
2008-08-22,-0.064,-0.0283,0.1838,504
2008-08-25,-0.0171,-0.02,0.1843,504
2008-08-26,-0.0486,-0.0257,0.1846,504
2008-08-27,-0.0643,-0.0285,0.1846,504
2008-08-28,-0.0309,-0.0225,0.1845,504
2008-08-29,-0.078,-0.0311,0.1851,504
2008-09-01,-0.081,-0.0316,0.1851,504
2008-09-02,-0.1149,-0.0376,0.1849,504
2008-09-03,-0.1222,-0.0389,0.1849,504
2008-09-04,-0.1235,-0.0391,0.1849,504
2008-09-05,-0.2017,-0.0535,0.1864,504
2008-09-08,-0.2089,-0.0548,0.1864,504
2008-09-09,-0.2346,-0.0594,0.1867,504
2008-09-10,-0.1154,-0.0385,0.1876,504
2008-09-11,-0.1175,-0.0389,0.1876,504
2008-09-12,-0.0505,-0.0269,0.1883,504
2008-09-15,-0.0606,-0.0287,0.1883,504
2008-09-16,-0.1692,-0.0491,0.1904,504
2008-09-17,-0.1619,-0.0478,0.1904,504
2008-09-18,-0.0946,-0.0359,0.1918,504
2008-09-19,-0.1536,-0.0469,0.1924,504
2008-09-22,-0.2428,-0.0636,0.1933,504
2008-09-23,-0.1592,-0.0486,0.1942,504
2008-09-24,-0.0955,-0.0369,0.1948,504
2008-09-25,-0.0839,-0.0347,0.1948,504
2008-09-26,-0.0523,-0.0288,0.1949,504
2008-09-29,-0.0552,-0.0293,0.1949,504
2008-09-30,0.03,-0.0133,0.1964,504
2008-10-01,0.0072,-0.0177,0.1965,504
2008-10-02,0.0665,-0.0063,0.1972,504
2008-10-03,0.1955,0.0193,0.2016,504
2008-10-06,0.2426,0.029,0.2019,504
2008-10-07,0.3006,0.0412,0.2027,504
2008-10-08,0.3679,0.0558,0.204,504
2008-10-09,0.3962,0.062,0.2043,504
2008-10-10,0.5208,0.0907,0.2082,504
2008-10-13,0.6158,0.113,0.2093,504
2008-10-14,0.3642,0.0577,0.2225,504
2008-10-15,0.3601,0.0568,0.2225,504
2008-10-16,0.1556,0.0089,0.2323,504
2008-10-17,0.1147,-0.0007,0.2327,504
2008-10-20,0.085,-0.0076,0.2332,504
2008-10-21,-0.0146,-0.031,0.2358,504
2008-10-22,0.025,-0.022,0.2358,504
2008-10-23,0.1312,0.0026,0.238,504
2008-10-24,0.1246,0.001,0.238,504
2008-10-27,0.2491,0.0312,0.2414,504
2008-10-28,0.3198,0.0491,0.2429,504
2008-10-29,0.0961,-0.0082,0.2536,504
2008-10-30,0.1046,-0.0061,0.2536,504
2008-10-31,0.1788,0.0127,0.2549,504
2008-11-03,0.2747,0.0378,0.2557,504
2008-11-04,0.2432,0.0295,0.256,504
2008-11-05,0.3106,0.0475,0.2578,504
2008-11-06,0.3903,0.0695,0.2594,504
2008-11-07,0.4878,0.0974,0.2615,504
2008-11-10,0.4931,0.0989,0.2614,504
2008-11-11,0.488,0.0974,0.2614,504
2008-11-12,0.5361,0.1114,0.2618,504
2008-11-13,0.6252,0.1386,0.2639,504
2008-11-14,0.5161,0.107,0.2667,504
2008-11-17,0.4425,0.0858,0.2684,504
2008-11-18,0.4824,0.0976,0.2687,504
2008-11-19,0.4778,0.0962,0.2687,504
2008-11-20,0.5793,0.1279,0.2725,504
2008-11-21,0.6169,0.1397,0.2731,504
2008-11-24,0.5591,0.1222,0.2739,504
2008-11-25,0.4634,0.0936,0.2763,504
2008-11-26,0.4345,0.0849,0.2765,504
2008-11-27,0.3728,0.0667,0.2774,504
2008-11-28,0.3616,0.0634,0.2774,504
2008-12-01,0.4001,0.0748,0.2778,504
2008-12-02,0.2552,0.0322,0.2838,504
2008-12-03,0.3434,0.0585,0.2857,504
2008-12-04,0.3191,0.0512,0.2859,504
2008-12-05,0.365,0.0651,0.2862,504
2008-12-08,0.3218,0.052,0.2867,504
2008-12-09,0.2758,0.0382,0.2874,504
2008-12-10,0.3172,0.0506,0.2876,504
2008-12-11,0.2814,0.0399,0.2878,504
2008-12-12,0.3484,0.0602,0.2894,504
2008-12-15,0.3501,0.0608,0.2894,504
2008-12-16,0.3499,0.0607,0.2894,504
2008-12-17,0.2568,0.0324,0.2915,504
2008-12-18,0.2419,0.0279,0.2914,504
2008-12-19,0.2962,0.0444,0.2925,504
2008-12-22,0.2772,0.0386,0.2926,504
2008-12-23,0.2944,0.0438,0.2928,504
2008-12-24,0.3012,0.0459,0.2928,504
2008-12-25,0.2828,0.0403,0.2928,504
2008-12-26,0.2818,0.04,0.2928,504
2008-12-29,0.2501,0.0304,0.2927,504
2008-12-30,0.3018,0.0461,0.2929,504
2008-12-31,0.3686,0.0668,0.2941,504
2009-01-01,0.4179,0.0825,0.2945,504
2009-01-02,0.4247,0.0846,0.2945,504
2009-01-05,0.4814,0.1031,0.2956,504
2009-01-06,0.469,0.0991,0.2957,504
2009-01-07,0.4833,0.1038,0.2959,504
2009-01-08,0.4201,0.0836,0.2976,504
2009-01-09,0.4429,0.091,0.2976,504
2009-01-12,0.4088,0.08,0.298,504
2009-01-13,0.3719,0.0682,0.2985,504
2009-01-14,0.3415,0.0586,0.2987,504
2009-01-15,0.2667,0.0352,0.2999,504
2009-01-16,0.2887,0.042,0.2999,504
2009-01-19,0.2951,0.044,0.2999,504
2009-01-20,0.2817,0.0398,0.2999,504
2009-01-21,0.3327,0.0559,0.3015,504
2009-01-22,0.2863,0.0412,0.302,504
2009-01-23,0.2985,0.0451,0.302,504
2009-01-26,0.3474,0.0607,0.3027,504
2009-01-27,0.3254,0.0536,0.3029,504
2009-01-28,0.2906,0.0426,0.3031,504
2009-01-29,0.3426,0.0591,0.3038,504
2009-01-30,0.2858,0.041,0.3049,504
2009-02-02,0.3298,0.0551,0.3052,504
2009-02-03,0.4167,0.0834,0.3049,504
2009-02-04,0.4446,0.0927,0.3052,504
2009-02-05,0.4386,0.0907,0.3052,504
2009-02-06,0.4784,0.104,0.3051,504
2009-02-09,0.5215,0.1187,0.3056,504
2009-02-10,0.5333,0.1228,0.3058,504
2009-02-11,0.4507,0.0952,0.308,504
2009-02-12,0.4259,0.0868,0.3081,504
2009-02-13,0.3993,0.078,0.3082,504
2009-02-16,0.3916,0.0754,0.3081,504
2009-02-17,0.4192,0.0846,0.3079,504
2009-02-18,0.4918,0.1095,0.3099,504
2009-02-19,0.4874,0.108,0.3099,504
2009-02-20,0.5169,0.1182,0.3103,504
2009-02-23,0.5299,0.1228,0.3104,504
2009-02-24,0.5859,0.1429,0.3116,504
2009-02-25,0.5984,0.1474,0.3118,504
2009-02-26,0.5558,0.1324,0.3123,504
2009-02-27,0.5183,0.1193,0.3126,504
2009-03-02,0.4906,0.1097,0.313,504
2009-03-03,0.3893,0.0753,0.3165,504
2009-03-04,0.3902,0.0756,0.3165,504
2009-03-05,0.4336,0.0906,0.317,504
2009-03-06,0.373,0.0699,0.3183,504
2009-03-09,0.3532,0.0632,0.3184,504
2009-03-10,0.328,0.0547,0.3184,504
2009-03-11,0.4466,0.0959,0.3228,504
2009-03-12,0.4267,0.0889,0.3228,504
2009-03-13,0.4757,0.1064,0.3236,504
2009-03-16,0.4801,0.108,0.3236,504
2009-03-17,0.4974,0.1142,0.3237,504
2009-03-18,0.5476,0.1326,0.3243,504
2009-03-19,0.5579,0.1365,0.3245,504
2009-03-20,0.543,0.131,0.3246,504
2009-03-23,0.4826,0.1092,0.3253,504
2009-03-24,0.5869,0.1487,0.3292,504
2009-03-25,0.5704,0.1425,0.3293,504
2009-03-26,0.5776,0.1452,0.3293,504
2009-03-27,0.6446,0.1715,0.3314,504
2009-03-30,0.6099,0.1582,0.3317,504
2009-03-31,0.5273,0.1274,0.3336,504
2009-04-01,0.5209,0.125,0.3336,504
2009-04-02,0.5545,0.1377,0.3339,504
2009-04-03,0.6138,0.1611,0.3359,504
2009-04-06,0.6329,0.1685,0.3358,504
2009-04-07,0.6275,0.1664,0.3358,504
2009-04-08,0.5743,0.1459,0.3364,504
2009-04-09,0.5767,0.1469,0.3364,504
2009-04-10,0.6449,0.1741,0.3381,504
2009-04-13,0.641,0.1726,0.3381,504
2009-04-14,0.6461,0.1746,0.3381,504
2009-04-15,0.6203,0.1644,0.3383,504
2009-04-16,0.6442,0.1739,0.3383,504
2009-04-17,0.6813,0.189,0.3391,504
2009-04-20,0.674,0.1861,0.3391,504
2009-04-21,0.6103,0.1612,0.3406,504
2009-04-22,0.6525,0.1782,0.3409,504
2009-04-23,0.6321,0.1701,0.3411,504
2009-04-24,0.6109,0.1617,0.3412,504
2009-04-27,0.5716,0.1463,0.3416,504
2009-04-28,0.5971,0.1564,0.3418,504
2009-04-29,0.6215,0.1661,0.3419,504
2009-04-30,0.5596,0.1419,0.3427,504
2009-05-01,0.5562,0.1406,0.3427,504
2009-05-04,0.5722,0.1468,0.3428,504
2009-05-05,0.6092,0.1617,0.3435,504
2009-05-06,0.6073,0.1609,0.3435,504
2009-05-07,0.6222,0.1669,0.3436,504
2009-05-08,0.5865,0.1528,0.3439,504
2009-05-11,0.6376,0.1736,0.3449,504
2009-05-12,0.684,0.1927,0.3455,504
2009-05-13,0.6837,0.1926,0.3455,504
2009-05-14,0.7648,0.2269,0.3464,504
2009-05-15,0.7342,0.214,0.3464,504
2009-05-18,0.7316,0.2129,0.3464,504
2009-05-19,0.8015,0.243,0.3471,504
2009-05-20,0.757,0.2239,0.3468,504
2009-05-21,0.751,0.2213,0.3468,504
2009-05-22,0.6981,0.1994,0.3475,504
2009-05-25,0.6935,0.1975,0.3475,504
2009-05-26,0.6892,0.1957,0.3475,504
2009-05-27,0.7477,0.2207,0.3484,504
2009-05-28,0.6966,0.1995,0.3492,504
2009-05-29,0.7187,0.2088,0.3492,504
2009-06-01,0.7561,0.2249,0.3496,504
2009-06-02,0.831,0.2582,0.351,504
2009-06-03,0.8196,0.2531,0.3509,504
2009-06-04,0.7985,0.244,0.3512,504
2009-06-05,0.8187,0.253,0.3514,504
2009-06-08,0.8206,0.2538,0.3514,504
2009-06-09,0.8141,0.251,0.3514,504
2009-06-10,0.8111,0.2497,0.3514,504
2009-06-11,0.8035,0.2463,0.3514,504
2009-06-12,0.7925,0.2415,0.3514,504
2009-06-15,0.7842,0.2379,0.3514,504
2009-06-16,0.7635,0.2292,0.3519,504
2009-06-17,0.7741,0.2339,0.352,504
2009-06-18,0.8063,0.2478,0.3519,504
2009-06-19,0.7952,0.243,0.3518,504
2009-06-22,0.8013,0.2456,0.3518,504
2009-06-23,0.8386,0.2625,0.3525,504
2009-06-24,0.8221,0.2552,0.3526,504
2009-06-25,0.8187,0.2537,0.3526,504
2009-06-26,0.8818,0.2822,0.353,504
2009-06-29,0.8667,0.2754,0.353,504
2009-06-30,0.9008,0.2907,0.3529,504
2009-07-01,0.8824,0.2824,0.353,504
2009-07-02,0.8593,0.2719,0.3528,504
2009-07-03,0.8401,0.2636,0.3532,504
2009-07-06,0.8104,0.2502,0.3529,504
2009-07-07,0.8305,0.2591,0.3528,504
2009-07-08,0.8667,0.2757,0.3535,504
2009-07-09,0.8626,0.2738,0.3535,504
2009-07-10,0.8472,0.2668,0.3533,504
2009-07-13,0.8669,0.2755,0.3531,504
2009-07-14,0.9021,0.2917,0.3535,504
2009-07-15,0.9335,0.3062,0.3536,504
2009-07-16,0.9393,0.309,0.3538,504
2009-07-17,0.9486,0.3134,0.3539,504
2009-07-20,0.9133,0.2972,0.3539,504
2009-07-21,0.906,0.2937,0.3537,504
2009-07-22,0.9236,0.3017,0.3536,504
2009-07-23,0.9287,0.304,0.3536,504
2009-07-24,0.9721,0.3243,0.3538,504
2009-07-27,0.9943,0.3346,0.3536,504
2009-07-28,0.9966,0.3357,0.3536,504
2009-07-29,1.0216,0.3473,0.3534,504
2009-07-30,1.0226,0.3477,0.3534,504
2009-07-31,1.0336,0.3531,0.3535,504
2009-08-03,1.0422,0.3572,0.3535,504
2009-08-04,1.1075,0.3887,0.3533,504
2009-08-05,1.0856,0.3777,0.353,504
2009-08-06,1.0827,0.3763,0.353,504
2009-08-07,1.0691,0.3696,0.3529,504
2009-08-10,1.1031,0.3865,0.3533,504
2009-08-11,1.0959,0.383,0.3533,504
2009-08-12,1.0625,0.3669,0.3534,504
2009-08-13,1.0985,0.3845,0.3536,504
2009-08-14,1.0765,0.3736,0.3533,504
2009-08-17,1.0567,0.3642,0.3535,504
2009-08-18,1.026,0.35,0.3541,504
2009-08-19,1.044,0.3587,0.3542,504
2009-08-20,1.0334,0.3536,0.3541,504
2009-08-21,1.0131,0.344,0.3542,504
2009-08-24,1.0608,0.3672,0.3546,504
2009-08-25,1.0198,0.3469,0.3539,504
2009-08-26,1.0128,0.3435,0.3539,504
2009-08-27,1.01,0.3422,0.3539,504
2009-08-28,1.0133,0.3438,0.3539,504
2009-08-31,1.0192,0.3466,0.3539,504
2009-09-01,1.0301,0.3518,0.3539,504
2009-09-02,1.0436,0.3584,0.3541,504
2009-09-03,1.0431,0.3582,0.3541,504
2009-09-04,1.0167,0.3457,0.3542,504
2009-09-07,0.97,0.3238,0.3544,504
2009-09-08,0.9817,0.3293,0.3544,504
2009-09-09,1.0035,0.3396,0.3544,504
2009-09-10,1.022,0.3485,0.3545,504
2009-09-11,1.0186,0.3469,0.3545,504
2009-09-14,1.0301,0.3524,0.3545,504
2009-09-15,1.03,0.3523,0.3545,504
2009-09-16,0.9973,0.3368,0.3546,504
2009-09-17,1.0048,0.3404,0.3546,504
2009-09-18,1.0136,0.3446,0.3546,504
2009-09-21,1.0327,0.3537,0.3546,504
2009-09-22,1.0305,0.3526,0.3546,504
2009-09-23,1.0509,0.3625,0.3547,504
2009-09-24,1.0666,0.3701,0.3547,504
2009-09-25,1.0515,0.3625,0.3543,504
2009-09-28,1.0366,0.3555,0.3545,504
2009-09-29,1.0746,0.374,0.3547,504
2009-09-30,1.0736,0.3735,0.3547,504
2009-10-01,1.0566,0.3654,0.3548,504
2009-10-02,1.0209,0.3487,0.3553,504
2009-10-05,1.0479,0.3617,0.3553,504
2009-10-06,1.0057,0.3417,0.3556,504
2009-10-07,1.0043,0.3411,0.3557,504
2009-10-08,0.9863,0.3323,0.3555,504
2009-10-09,1.0235,0.3502,0.3556,504
2009-10-12,1.0213,0.3491,0.3556,504
2009-10-13,1.0414,0.3586,0.3554,504
2009-10-14,1.0074,0.342,0.355,504
2009-10-15,1.0471,0.3615,0.3556,504
2009-10-16,1.0177,0.3472,0.3553,504
2009-10-19,0.9928,0.3353,0.3553,504
2009-10-20,1.045,0.3598,0.3549,504
2009-10-21,1.0397,0.3573,0.3549,504
2009-10-22,1.0499,0.3621,0.3548,504
2009-10-23,1.0594,0.3667,0.3548,504
2009-10-26,1.0546,0.3645,0.3549,504
2009-10-27,1.0411,0.3581,0.3549,504
2009-10-28,0.9984,0.3377,0.3549,504
2009-10-29,0.9684,0.3238,0.3553,504
2009-10-30,1.02,0.3484,0.3555,504
2009-11-02,0.9482,0.315,0.3562,504
2009-11-03,0.9606,0.3207,0.356,504
2009-11-04,0.9027,0.2937,0.3559,504
2009-11-05,0.9054,0.2949,0.3559,504
2009-11-06,0.8626,0.2757,0.3564,504
2009-11-09,0.8642,0.2764,0.3564,504
2009-11-10,0.8308,0.2616,0.3569,504
2009-11-11,0.7999,0.2477,0.3567,504
2009-11-12,0.8053,0.2501,0.3567,504
2009-11-13,0.7994,0.2475,0.3567,504
2009-11-16,0.8168,0.2553,0.3568,504
2009-11-17,0.8946,0.2903,0.3563,504
2009-11-18,0.8745,0.281,0.3562,504
2009-11-19,0.874,0.2808,0.3562,504
2009-11-20,0.8372,0.2642,0.3563,504
2009-11-23,0.8098,0.2518,0.3562,504
2009-11-24,0.8389,0.265,0.3563,504
2009-11-25,0.8551,0.2723,0.3564,504
2009-11-26,0.8318,0.2618,0.3564,504
2009-11-27,0.8075,0.2508,0.3562,504
2009-11-30,0.8186,0.2558,0.3564,504
2009-12-01,0.8232,0.2579,0.3564,504
2009-12-02,0.8511,0.2705,0.3565,504
2009-12-03,0.8635,0.2761,0.3564,504
2009-12-04,0.8555,0.2725,0.3564,504
2009-12-07,0.87,0.2792,0.3566,504
2009-12-08,0.8649,0.2769,0.3566,504
2009-12-09,0.8201,0.2567,0.3566,504
2009-12-10,0.8278,0.2601,0.3566,504
2009-12-11,0.8634,0.276,0.3563,504
2009-12-14,0.8951,0.2904,0.3562,504
2009-12-15,0.9461,0.3138,0.3559,504
2009-12-16,0.9379,0.31,0.3559,504
2009-12-17,0.9126,0.2982,0.3558,504
2009-12-18,0.9215,0.3022,0.3557,504
2009-12-21,0.9039,0.294,0.3556,504
2009-12-22,0.8857,0.2856,0.3554,504
2009-12-23,0.871,0.2788,0.3553,504
2009-12-24,0.9124,0.2973,0.3548,504
2009-12-25,0.9208,0.3012,0.3548,504
2009-12-28,0.9208,0.3012,0.3548,504
2009-12-29,0.9134,0.2978,0.3548,504
2009-12-30,0.9574,0.3177,0.3542,504
2009-12-31,0.9587,0.3184,0.3542,504
2010-01-01,0.9346,0.3072,0.3543,504
2010-01-04,0.956,0.317,0.3541,504
2010-01-05,0.9699,0.3237,0.3543,504
2010-01-06,0.9692,0.3233,0.3543,504
2010-01-07,0.9645,0.3211,0.3543,504
2010-01-08,0.9481,0.3133,0.354,504
2010-01-11,0.9406,0.3099,0.3541,504
2010-01-12,0.9931,0.3341,0.3537,504
2010-01-13,1.0068,0.3406,0.3537,504
2010-01-14,1.0006,0.3376,0.3537,504
2010-01-15,1.0112,0.3426,0.3537,504
2010-01-18,0.9787,0.3273,0.3538,504
2010-01-19,0.9645,0.3207,0.3537,504
2010-01-20,0.9551,0.3162,0.3536,504
2010-01-21,0.9545,0.3159,0.3536,504
2010-01-22,0.9296,0.3047,0.354,504
2010-01-25,0.9076,0.2947,0.3542,504
2010-01-26,0.9098,0.2957,0.3542,504
2010-01-27,0.8991,0.2909,0.3542,504
2010-01-28,0.9143,0.2978,0.3541,504
2010-01-29,0.9162,0.2987,0.3542,504
2010-02-01,0.9194,0.3002,0.3542,504
2010-02-02,0.8967,0.2899,0.3544,504
2010-02-03,0.8664,0.2763,0.3547,504
2010-02-04,0.8851,0.2848,0.3546,504
2010-02-05,0.9653,0.3218,0.3546,504
2010-02-08,0.9512,0.3151,0.3545,504
2010-02-09,0.9834,0.3301,0.3544,504
2010-02-10,0.9917,0.3342,0.3546,504
2010-02-11,1.0173,0.346,0.3543,504
2010-02-12,1.0589,0.3659,0.3542,504
2010-02-15,1.0708,0.3715,0.3541,504
2010-02-16,1.025,0.3488,0.3533,504
2010-02-17,1.0546,0.3633,0.3537,504
2010-02-18,1.0865,0.3787,0.3536,504
2010-02-19,1.0774,0.3741,0.3534,504
2010-02-22,1.0772,0.3741,0.3534,504
2010-02-23,1.1595,0.4122,0.3514,504
2010-02-24,1.1963,0.4295,0.3505,504
2010-02-25,1.1958,0.4292,0.3505,504
2010-02-26,1.1923,0.4275,0.3505,504
2010-03-01,1.1555,0.4089,0.3502,504
2010-03-02,1.1653,0.4138,0.3503,504
2010-03-03,1.1793,0.4207,0.3502,504
2010-03-04,1.1973,0.4295,0.3501,504
2010-03-05,1.2096,0.4356,0.3501,504
2010-03-08,1.2097,0.4357,0.3501,504
2010-03-09,1.1715,0.4163,0.3498,504
2010-03-10,1.1766,0.4189,0.3498,504
2010-03-11,1.1859,0.4235,0.3498,504
2010-03-12,1.1855,0.4233,0.3498,504
2010-03-15,1.204,0.4325,0.3497,504
2010-03-16,1.2052,0.433,0.3497,504
2010-03-17,1.2383,0.4497,0.3498,504
2010-03-18,1.2346,0.4478,0.3497,504
2010-03-19,1.3049,0.4822,0.3486,504
2010-03-22,1.2983,0.4788,0.3486,504
2010-03-23,1.3093,0.4844,0.3486,504
2010-03-24,1.3677,0.514,0.348,504
2010-03-25,1.3747,0.5176,0.3479,504
2010-03-26,1.3327,0.4948,0.3473,504
2010-03-29,1.3414,0.4992,0.3473,504
2010-03-30,1.3781,0.5181,0.3471,504
2010-03-31,1.3796,0.5189,0.3471,504
2010-04-01,1.3621,0.5098,0.3471,504
2010-04-02,1.3515,0.5041,0.3471,504
2010-04-05,1.3433,0.4998,0.347,504
2010-04-06,1.3675,0.5124,0.347,504
2010-04-07,1.3579,0.5073,0.347,504
2010-04-08,1.3567,0.5067,0.347,504
2010-04-09,1.3465,0.5014,0.347,504
2010-04-12,1.3419,0.499,0.347,504
2010-04-13,1.3331,0.4945,0.347,504
2010-04-14,1.3137,0.4843,0.3469,504
2010-04-15,1.327,0.4912,0.347,504
2010-04-16,1.3317,0.4937,0.347,504
2010-04-19,1.3313,0.4935,0.347,504
2010-04-20,1.3384,0.4971,0.347,504
2010-04-21,1.3563,0.5065,0.347,504
2010-04-22,1.3576,0.5072,0.347,504
2010-04-23,1.3744,0.5161,0.347,504
2010-04-26,1.3997,0.5292,0.3469,504
2010-04-27,1.3805,0.5189,0.3468,504
2010-04-28,1.3901,0.5242,0.347,504
2010-04-29,1.3762,0.517,0.347,504
2010-04-30,1.3217,0.4891,0.3474,504
2010-05-03,1.3544,0.5066,0.3477,504
2010-05-04,1.3094,0.4837,0.348,504
2010-05-05,1.3427,0.5018,0.3486,504
2010-05-06,1.355,0.5084,0.3487,504
2010-05-07,1.3908,0.5284,0.3494,504
2010-05-10,1.4338,0.5519,0.3496,504
2010-05-11,1.3471,0.5093,0.3521,504
2010-05-12,1.3456,0.5085,0.3521,504
2010-05-13,1.3024,0.4863,0.3525,504
2010-05-14,1.3394,0.5044,0.3515,504
2010-05-17,1.2937,0.4809,0.3518,504
2010-05-18,1.3058,0.4872,0.3518,504
2010-05-19,1.3513,0.5107,0.3516,504
2010-05-20,1.364,0.5176,0.3516,504
2010-05-21,1.4049,0.5415,0.3528,504
2010-05-24,1.4323,0.5565,0.3529,504
2010-05-25,1.4134,0.5465,0.3531,504
2010-05-26,1.4336,0.5573,0.3529,504
2010-05-27,1.4185,0.5489,0.3528,504
2010-05-28,1.488,0.5881,0.3532,504
2010-05-31,1.4657,0.5759,0.3534,504
2010-06-01,1.4832,0.5854,0.3533,504
2010-06-02,1.4605,0.5734,0.3536,504
2010-06-03,1.5197,0.6069,0.3538,504
2010-06-04,1.5566,0.6268,0.3532,504
2010-06-07,1.63,0.6722,0.3545,504
2010-06-08,1.6636,0.693,0.3549,504
2010-06-09,1.6951,0.7105,0.3542,504
2010-06-10,1.6758,0.6987,0.3541,504
2010-06-11,1.6159,0.6656,0.3553,504
2010-06-14,1.6225,0.6695,0.3553,504
2010-06-15,1.6556,0.6882,0.3548,504
2010-06-16,1.6585,0.6902,0.3549,504
2010-06-17,1.6774,0.701,0.3547,504
2010-06-18,1.6569,0.6884,0.3545,504
2010-06-21,1.6578,0.6889,0.3545,504
2010-06-22,1.6284,0.671,0.3543,504
2010-06-23,1.6264,0.6699,0.3544,504
2010-06-24,1.6736,0.6966,0.3537,504
2010-06-25,1.6456,0.6805,0.354,504
2010-06-28,1.6551,0.6862,0.354,504
2010-06-29,1.6281,0.6702,0.354,504
2010-06-30,1.6674,0.6956,0.3549,504
2010-07-01,1.6955,0.7114,0.3545,504
2010-07-02,1.6782,0.701,0.3545,504
2010-07-05,1.7299,0.7315,0.3541,504
2010-07-06,1.6809,0.6997,0.3532,504
2010-07-07,1.6672,0.6914,0.3531,504
2010-07-08,1.7597,0.7474,0.3531,504
2010-07-09,1.7788,0.7594,0.3532,504
2010-07-12,1.7864,0.7642,0.3532,504
2010-07-13,1.8216,0.7846,0.3526,504
2010-07-14,1.8745,0.8176,0.3524,504
2010-07-15,1.8334,0.7897,0.3517,504
2010-07-16,1.7875,0.7593,0.351,504
2010-07-19,1.828,0.7862,0.3517,504
2010-07-20,1.8505,0.8001,0.3516,504
2010-07-21,1.8774,0.8174,0.3517,504
2010-07-22,1.8686,0.8119,0.3517,504
2010-07-23,1.9013,0.8344,0.3523,504
2010-07-26,1.9452,0.8631,0.3523,504
2010-07-27,1.9863,0.8901,0.3523,504
2010-07-28,1.988,0.8912,0.3523,504
2010-07-29,1.9809,0.8865,0.3523,504
2010-07-30,1.9493,0.8652,0.3521,504
2010-08-02,1.9784,0.8836,0.3519,504
2010-08-03,2.0058,0.9024,0.3521,504
2010-08-04,1.9941,0.8948,0.3521,504
2010-08-05,2.0409,0.9248,0.3517,504
2010-08-06,2.0265,0.9149,0.3517,504
2010-08-09,2.0184,0.9097,0.3517,504
2010-08-10,2.0112,0.905,0.3518,504
2010-08-11,2.0317,0.9185,0.3517,504
2010-08-12,2.1344,0.9884,0.3516,504
2010-08-13,2.1441,0.9952,0.3516,504
2010-08-16,2.1703,1.0127,0.3513,504
2010-08-17,2.1343,0.9857,0.3508,504
2010-08-18,2.1522,0.9987,0.351,504
2010-08-19,2.1264,0.9797,0.3507,504
2010-08-20,2.0973,0.961,0.3511,504
2010-08-23,2.1551,0.9965,0.3498,504
2010-08-24,2.1342,0.9825,0.3499,504
2010-08-25,2.1179,0.9697,0.3495,504
2010-08-26,2.1522,0.9919,0.3491,504
2010-08-27,2.1947,1.0191,0.3484,504
2010-08-30,2.1868,1.0128,0.3482,504
2010-08-31,2.1333,0.9757,0.3482,504
2010-09-01,2.1243,0.9697,0.3482,504
2010-09-02,2.164,1.0005,0.3492,504
2010-09-03,2.1758,1.009,0.3492,504
2010-09-06,2.1526,0.9907,0.3486,504
2010-09-07,2.1674,1.0006,0.3485,504
2010-09-08,2.1213,0.9681,0.3483,504
2010-09-09,2.0639,0.9216,0.346,504
2010-09-10,2.0401,0.9055,0.3459,504
2010-09-13,1.991,0.8726,0.3456,504
2010-09-14,1.9608,0.8513,0.345,504
2010-09-15,1.9349,0.8346,0.3449,504
2010-09-16,1.8639,0.7844,0.3427,504
2010-09-17,1.8186,0.7554,0.3421,504
2010-09-20,2.0418,0.8663,0.3332,504
2010-09-21,2.0642,0.8806,0.3333,504
2010-09-22,2.2564,0.9777,0.3262,504
2010-09-23,2.2823,0.993,0.3258,504
2010-09-24,2.2942,0.9999,0.3256,504
2010-09-27,2.4252,1.0794,0.3239,504
2010-09-28,2.4013,1.0636,0.324,504
2010-09-29,2.3489,1.0231,0.3225,504
2010-09-30,2.3525,1.0254,0.3225,504
2010-10-01,2.2735,0.9657,0.3202,504
2010-10-04,2.2218,0.9299,0.3192,504
2010-10-05,2.4324,1.0265,0.3105,504
2010-10-06,2.4651,1.0491,0.311,504
2010-10-07,2.4234,1.0191,0.3101,504
2010-10-08,2.3718,0.9841,0.3094,504
2010-10-11,2.4154,1.0097,0.3091,504
2010-10-12,2.3504,0.9645,0.3078,504
2010-10-13,2.2906,0.9241,0.3065,504
2010-10-14,2.2516,0.896,0.3051,504
2010-10-15,2.2593,0.9002,0.305,504
2010-10-18,2.2495,0.8947,0.3051,504
2010-10-19,2.2142,0.8734,0.3048,504
2010-10-20,2.1244,0.8181,0.3033,504
2010-10-21,2.2548,0.882,0.3008,504
2010-10-22,2.3516,0.9309,0.2991,504
2010-10-25,2.3194,0.9115,0.2989,504
2010-10-26,2.3235,0.9139,0.2989,504
2010-10-27,2.2315,0.8506,0.2957,504
2010-10-28,2.1768,0.8196,0.2953,504
2010-10-29,2.2295,0.845,0.2944,504
2010-11-01,2.3305,0.8915,0.2921,504
2010-11-02,2.357,0.9052,0.2918,504
2010-11-03,2.4016,0.9265,0.291,504
2010-11-04,2.4043,0.928,0.2909,504
2010-11-05,2.4036,0.9276,0.2909,504
2010-11-08,2.6117,1.0181,0.2846,504
2010-11-09,2.5376,0.9689,0.283,504
2010-11-10,2.554,0.977,0.2828,504
2010-11-11,2.5204,0.9573,0.2826,504
2010-11-12,2.5588,0.9759,0.282,504
2010-11-15,2.5895,0.9905,0.2814,504
2010-11-16,2.5654,0.9762,0.2812,504
2010-11-17,2.6243,1.0083,0.281,504
2010-11-18,2.5619,0.967,0.2796,504
2010-11-19,2.6007,0.9896,0.2798,504
2010-11-22,2.6055,0.9922,0.2798,504
2010-11-23,2.7215,1.0455,0.2774,504
2010-11-24,2.7462,1.06,0.2775,504
2010-11-25,2.7295,1.0475,0.2769,504
2010-11-26,2.7512,1.059,0.2767,504
2010-11-29,2.7391,1.0515,0.2766,504
2010-11-30,2.7328,1.048,0.2766,504
2010-12-01,2.7403,1.052,0.2766,504
2010-12-02,2.7822,1.0782,0.277,504
2010-12-03,2.8237,1.1024,0.2771,504
2010-12-06,2.7959,1.0851,0.2768,504
2010-12-07,2.738,1.0468,0.2758,504
2010-12-08,2.7031,1.0253,0.2754,504
2010-12-09,2.6964,1.0217,0.2754,504
2010-12-10,2.6451,0.9885,0.2744,504
2010-12-13,2.6766,1.0054,0.2743,504
2010-12-14,2.6408,0.9843,0.274,504
2010-12-15,2.7516,1.0349,0.2719,504
2010-12-16,2.7262,1.0209,0.2719,504
2010-12-17,2.792,1.0546,0.2714,504
2010-12-20,2.8326,1.0745,0.2708,504
2010-12-21,2.8677,1.0922,0.2705,504
2010-12-22,2.9677,1.1408,0.269,504
2010-12-23,2.955,1.1334,0.269,504
2010-12-24,2.9408,1.1254,0.269,504
2010-12-27,2.9408,1.1254,0.269,504
2010-12-28,2.8766,1.0796,0.2672,504
2010-12-29,2.9314,1.106,0.2665,504
2010-12-30,2.9268,1.1035,0.2665,504
2010-12-31,2.8743,1.0707,0.2658,504
2011-01-03,2.9005,1.0841,0.2656,504
2011-01-04,2.9529,1.1109,0.2652,504
2011-01-05,2.9027,1.0797,0.2646,504
2011-01-06,2.9984,1.1243,0.2631,504
2011-01-07,2.9579,1.1001,0.2628,504
2011-01-10,2.9224,1.0787,0.2625,504
2011-01-11,2.8926,1.0613,0.2622,504
2011-01-12,2.9106,1.0706,0.2622,504
2011-01-13,2.9043,1.067,0.2621,504
2011-01-14,2.8649,1.0435,0.2617,504
2011-01-17,2.8388,1.0284,0.2614,504
2011-01-18,2.9728,1.0838,0.2585,504
2011-01-19,3.0031,1.0996,0.2584,504
2011-01-20,3.0046,1.1003,0.2584,504
2011-01-21,2.9942,1.095,0.2584,504
2011-01-24,3.0098,1.1035,0.2584,504
2011-01-25,2.9549,1.0619,0.2563,504
2011-01-26,2.9558,1.0624,0.2563,504
2011-01-27,2.9278,1.0457,0.2559,504
2011-01-28,2.9065,1.0338,0.2558,504
2011-01-31,2.8013,0.9761,0.255,504
2011-02-01,2.7841,0.9661,0.2547,504
2011-02-02,2.8656,1.0042,0.2541,504
2011-02-03,2.8975,1.0185,0.2538,504
2011-02-04,2.957,1.0448,0.253,504
2011-02-07,3.1519,1.119,0.2483,504
2011-02-08,3.1872,1.1371,0.2482,504
2011-02-09,3.1525,1.1152,0.2476,504
2011-02-10,3.2542,1.1576,0.2459,504
2011-02-11,3.2898,1.1752,0.2457,504
2011-02-14,3.3252,1.1932,0.2455,504
2011-02-15,3.2403,1.1137,0.2402,504
2011-02-16,3.2544,1.12,0.24,504
2011-02-17,3.2088,1.0915,0.2391,504
2011-02-18,3.1998,1.0872,0.2392,504
2011-02-21,3.1718,1.0731,0.2391,504
2011-02-22,3.1199,1.0434,0.2384,504
2011-02-23,3.1351,1.0534,0.2389,504
2011-02-24,3.1918,1.0816,0.2389,504
2011-02-25,3.2586,1.108,0.2378,504
2011-02-28,3.1533,1.0263,0.2328,504
2011-03-01,3.1827,1.0395,0.2327,504
2011-03-02,3.1114,1.0095,0.2333,504
2011-03-03,3.0434,0.9625,0.2305,504
2011-03-04,3.1369,1.0051,0.2305,504
2011-03-07,3.2589,1.0448,0.2277,504
2011-03-08,3.2655,1.048,0.2277,504
2011-03-09,3.1828,1.0098,0.2277,504
2011-03-10,3.1088,0.9601,0.2249,504
2011-03-11,3.1469,0.9788,0.2252,504
2011-03-14,3.1117,0.9646,0.2254,504
2011-03-15,3.2091,1.0017,0.2244,504
2011-03-16,3.2102,1.0023,0.2244,504
2011-03-17,3.0853,0.9365,0.2225,504
2011-03-18,3.1178,0.9515,0.2226,504
2011-03-21,3.1253,0.9549,0.2227,504
2011-03-22,3.2064,0.9908,0.2227,504
2011-03-23,3.1664,0.9737,0.2228,504
2011-03-24,3.1132,0.9444,0.2217,504
2011-03-25,3.1369,0.9549,0.2218,504
2011-03-28,3.281,1.003,0.2193,504
2011-03-29,3.2314,0.9783,0.2188,504
2011-03-30,3.2905,1.0018,0.2184,504
2011-03-31,3.3089,1.0088,0.2183,504
2011-04-01,3.3563,1.0259,0.2177,504
2011-04-04,3.2947,0.9979,0.2175,504
2011-04-05,3.2656,0.9849,0.2174,504
2011-04-06,3.3744,1.0226,0.2159,504
2011-04-07,3.3682,1.0199,0.2159,504
2011-04-08,3.3318,1.0041,0.2159,504
2011-04-11,3.2491,0.9634,0.215,504
2011-04-12,3.2399,0.9596,0.215,504
2011-04-13,3.1869,0.937,0.2149,504
2011-04-14,3.2359,0.9541,0.2144,504
2011-04-15,3.1704,0.9193,0.213,504
2011-04-18,3.1042,0.888,0.2122,504
2011-04-19,3.1645,0.912,0.2121,504
2011-04-20,3.0701,0.8655,0.2105,504
2011-04-21,3.1248,0.8876,0.2106,504
2011-04-22,3.133,0.8908,0.2106,504
2011-04-25,3.066,0.857,0.2092,504
2011-04-26,3.0782,0.8613,0.2092,504
2011-04-27,3.1171,0.8783,0.2095,504
2011-04-28,3.1977,0.9031,0.2082,504
2011-04-29,3.1984,0.9034,0.2082,504
2011-05-02,3.1877,0.8995,0.2083,504
2011-05-03,3.1247,0.8672,0.2069,504
2011-05-04,3.2365,0.9022,0.2054,504
2011-05-05,3.2467,0.9068,0.2055,504
2011-05-06,3.2082,0.8887,0.205,504
2011-05-09,3.1521,0.8546,0.2027,504
2011-05-10,3.1582,0.8569,0.2027,504
2011-05-11,3.1906,0.8667,0.2022,504
2011-05-12,3.1814,0.8623,0.2021,504
2011-05-13,3.1555,0.8525,0.2021,504
2011-05-16,3.1153,0.839,0.2023,504
2011-05-17,3.111,0.8375,0.2024,504
2011-05-18,3.0896,0.8308,0.2026,504
2011-05-19,3.1252,0.8447,0.2027,504
2011-05-20,3.1365,0.849,0.2027,504
2011-05-23,3.2036,0.8679,0.2016,504
2011-05-24,3.1224,0.8378,0.2016,504
2011-05-25,3.1167,0.8356,0.2016,504
2011-05-26,3.1395,0.8442,0.2016,504
2011-05-27,3.1553,0.8499,0.2016,504
2011-05-30,3.1028,0.8242,0.2004,504
2011-05-31,3.1286,0.8328,0.2003,504
2011-06-01,3.1344,0.8351,0.2003,504
2011-06-02,2.968,0.7777,0.2008,504
2011-06-03,2.9917,0.7859,0.2008,504
2011-06-06,2.93,0.7651,0.201,504
2011-06-07,2.9392,0.768,0.2009,504
2011-06-08,2.9275,0.7638,0.2009,504
2011-06-09,3.0027,0.7843,0.1997,504
2011-06-10,3.0213,0.7911,0.1997,504
2011-06-13,2.9741,0.7764,0.2001,504
2011-06-14,2.9079,0.747,0.1988,504
2011-06-15,2.9408,0.7602,0.1992,504
2011-06-16,2.8752,0.7389,0.1995,504
2011-06-17,2.8876,0.7431,0.1995,504
2011-06-20,2.8442,0.725,0.1988,504
2011-06-21,2.8314,0.72,0.1987,504
2011-06-22,2.7228,0.6806,0.198,504
2011-06-23,2.6945,0.6698,0.1977,504
2011-06-24,2.7208,0.6777,0.1975,504
2011-06-27,2.6435,0.6516,0.1973,504
2011-06-28,2.6618,0.6577,0.1974,504
2011-06-29,2.6904,0.668,0.1976,504
2011-06-30,2.6565,0.6551,0.1971,504
2011-07-01,2.6912,0.6674,0.1974,504
2011-07-04,2.7185,0.6777,0.1977,504
2011-07-05,2.7208,0.6784,0.1977,504
2011-07-06,2.7184,0.6777,0.1977,504
2011-07-07,2.694,0.6686,0.1975,504
2011-07-08,2.7099,0.6743,0.1975,504
2011-07-11,2.626,0.6459,0.1973,504
2011-07-12,2.6501,0.655,0.1976,504
2011-07-13,2.696,0.6698,0.1976,504
2011-07-14,2.6717,0.662,0.1976,504
2011-07-15,2.6437,0.6505,0.197,504
2011-07-18,2.6681,0.6578,0.1969,504
2011-07-19,2.733,0.6782,0.1967,504
2011-07-20,2.7236,0.6745,0.1965,504
2011-07-21,2.7173,0.6724,0.1965,504
2011-07-22,2.7939,0.6971,0.1964,504
2011-07-25,2.8582,0.7137,0.1953,504
2011-07-26,2.8275,0.703,0.1952,504
2011-07-27,2.7651,0.6848,0.1957,504
2011-07-28,2.7158,0.6721,0.1966,504
2011-07-29,2.6359,0.6437,0.196,504
2011-08-01,2.6176,0.6381,0.196,504
2011-08-02,2.5863,0.6284,0.1961,504
2011-08-03,2.685,0.665,0.1973,504
2011-08-04,2.6378,0.65,0.1974,504
2011-08-05,2.7422,0.6984,0.2007,504
2011-08-08,2.7142,0.6884,0.2005,504
2011-08-09,2.7723,0.7324,0.206,504
2011-08-10,2.6018,0.6856,0.2093,504
2011-08-11,2.7217,0.7395,0.2118,504
2011-08-12,2.6266,0.7146,0.2142,504
2011-08-15,2.5746,0.6978,0.2147,504
2011-08-16,2.5875,0.703,0.2148,504
2011-08-17,2.5148,0.6769,0.2149,504
2011-08-18,2.4878,0.6672,0.2149,504
2011-08-19,2.5626,0.7071,0.2181,504
2011-08-22,2.6195,0.7285,0.2182,504
2011-08-23,2.6407,0.7357,0.218,504
2011-08-24,2.5138,0.6942,0.2195,504
2011-08-25,2.5513,0.7096,0.2198,504
2011-08-26,2.49,0.6887,0.2203,504
2011-08-29,2.547,0.7112,0.2206,504
2011-08-30,2.5815,0.7278,0.2215,504
2011-08-31,2.5815,0.7278,0.2215,504
2011-09-01,2.5624,0.7197,0.2213,504
2011-09-02,2.6318,0.746,0.2212,504
2011-09-05,2.65,0.7557,0.2219,504
2011-09-06,2.6449,0.7537,0.2219,504
2011-09-07,2.6924,0.7718,0.2218,504
2011-09-08,2.8181,0.8221,0.2218,504
2011-09-09,2.7527,0.7969,0.222,504
2011-09-12,2.7341,0.7912,0.2224,504
2011-09-13,2.7624,0.8017,0.2223,504
2011-09-14,2.7918,0.8148,0.2225,504
2011-09-15,2.7104,0.7832,0.2227,504
2011-09-16,2.7458,0.7989,0.2231,504
2011-09-19,2.762,0.8053,0.2231,504
2011-09-20,2.7842,0.8145,0.2231,504
2011-09-21,2.7449,0.7952,0.2224,504
2011-09-22,2.8199,0.8333,0.224,504
2011-09-23,2.9028,0.8739,0.2253,504
2011-09-26,2.8546,0.8542,0.2254,504
2011-09-27,2.8046,0.8371,0.2262,504
2011-09-28,2.8572,0.8597,0.2263,504
2011-09-29,2.8908,0.8767,0.2269,504
2011-09-30,2.9655,0.9071,0.2266,504
2011-10-03,3.0443,0.9464,0.2275,504
2011-10-04,3.1303,0.9871,0.2279,504
2011-10-05,3.1088,0.9798,0.2283,504
2011-10-06,3.0082,0.9357,0.2285,504
2011-10-07,3.0506,0.9496,0.2276,504
2011-10-10,3.0734,0.9586,0.2274,504
2011-10-11,3.1784,1.0099,0.2281,504
2011-10-12,3.1805,1.0108,0.2281,504
2011-10-13,3.2764,1.0502,0.2272,504
2011-10-14,3.2778,1.0507,0.2272,504
2011-10-17,3.3826,1.0958,0.2266,504
2011-10-18,3.3174,1.0716,0.2276,504
2011-10-19,3.3885,1.1093,0.2282,504
2011-10-20,3.3871,1.1088,0.2282,504
2011-10-21,3.3498,1.0918,0.2284,504
2011-10-24,3.2557,1.0481,0.2285,504
2011-10-25,3.2969,1.069,0.2287,504
2011-10-26,3.2565,1.0532,0.2292,504
2011-10-27,3.3095,1.0761,0.2289,504
2011-10-28,3.3826,1.1228,0.2307,504
2011-10-31,3.3466,1.1037,0.2304,504
2011-11-01,3.2643,1.0693,0.2312,504
2011-11-02,3.2023,1.0463,0.2323,504
2011-11-03,3.2407,1.0664,0.2326,504
2011-11-04,3.1394,1.0215,0.2331,504
2011-11-07,3.1485,1.0259,0.2331,504
2011-11-08,3.1105,1.0071,0.233,504
2011-11-09,3.0901,0.9986,0.2331,504
2011-11-10,3.1653,1.0418,0.2344,504
2011-11-11,3.1058,1.0141,0.2345,504
2011-11-14,3.0533,0.9935,0.2353,504
2011-11-15,3.0761,1.0027,0.235,504
2011-11-16,3.0787,1.0039,0.235,504
2011-11-17,3.0339,0.9848,0.2353,504
2011-11-18,2.9709,0.9577,0.2357,504
2011-11-21,2.949,0.947,0.2356,504
2011-11-22,2.8976,0.9271,0.2362,504
2011-11-23,2.8922,0.9249,0.2363,504
2011-11-24,2.8602,0.9129,0.2368,504
2011-11-25,2.8609,0.9132,0.2368,504
2011-11-28,2.8417,0.9045,0.2368,504
2011-11-29,2.8982,0.9353,0.2378,504
2011-11-30,2.8964,0.9345,0.2378,504
2011-12-01,2.9652,0.9795,0.2403,504
2011-12-02,2.958,0.9763,0.2403,504
2011-12-05,2.9574,0.976,0.2403,504
2011-12-06,2.9729,0.9837,0.2404,504
2011-12-07,2.9832,0.9883,0.2403,504
2011-12-08,3.0114,1.0005,0.2401,504
2011-12-09,2.9505,0.9757,0.2409,504
2011-12-12,2.9566,0.9794,0.241,504
2011-12-13,2.9059,0.9578,0.2415,504
2011-12-14,2.871,0.9428,0.2417,504
2011-12-15,2.8222,0.9208,0.2419,504
2011-12-16,2.874,0.9432,0.2415,504
2011-12-19,2.8609,0.9367,0.2415,504
2011-12-20,2.8208,0.9189,0.2416,504
2011-12-21,2.8886,0.9555,0.2426,504
2011-12-22,2.8892,0.9558,0.2426,504
2011-12-23,2.938,0.978,0.2424,504
2011-12-26,2.9571,0.9873,0.2424,504
2011-12-27,2.9351,0.9765,0.2424,504
2011-12-28,2.9702,0.9915,0.242,504
2011-12-29,2.9895,0.9989,0.2417,504
2011-12-30,3.0499,1.0269,0.2414,504
2012-01-02,3.0228,1.0141,0.2415,504
2012-01-03,3.0322,1.0184,0.2415,504
2012-01-04,3.0669,1.0375,0.2418,504
2012-01-05,3.0538,1.0306,0.2418,504
2012-01-06,3.0328,1.0201,0.2417,504
2012-01-09,3.0722,1.0375,0.2414,504
2012-01-10,3.1011,1.0495,0.241,504
2012-01-11,3.0551,1.0286,0.2413,504
2012-01-12,3.0096,1.0025,0.2406,504
2012-01-13,3.0182,1.0068,0.2406,504
2012-01-16,2.9784,0.988,0.2407,504
2012-01-17,2.9416,0.9691,0.2404,504
2012-01-18,2.9554,0.9755,0.2404,504
2012-01-19,2.9443,0.9696,0.2403,504
2012-01-20,2.9835,0.9879,0.2402,504
2012-01-23,2.9706,0.9821,0.2403,504
2012-01-24,2.9245,0.9581,0.2398,504
2012-01-25,2.9095,0.9509,0.2398,504
2012-01-26,2.9131,0.9528,0.2398,504
2012-01-27,2.8987,0.9462,0.2399,504
2012-01-30,2.8955,0.9447,0.2399,504
2012-01-31,2.9327,0.9608,0.2396,504
2012-02-01,2.9185,0.9538,0.2396,504
2012-02-02,2.8991,0.9456,0.2397,504
2012-02-03,2.9064,0.9488,0.2397,504
2012-02-06,2.9135,0.9527,0.2398,504
2012-02-07,2.9046,0.9487,0.2398,504
2012-02-08,2.8993,0.9463,0.2398,504
2012-02-09,2.8939,0.9437,0.2398,504
2012-02-10,2.8696,0.9317,0.2397,504
2012-02-13,2.8593,0.9274,0.2397,504
2012-02-14,2.8671,0.9313,0.2398,504
2012-02-15,2.8552,0.926,0.2398,504
2012-02-16,2.8736,0.9351,0.24,504
2012-02-17,2.839,0.9198,0.2401,504
2012-02-20,2.8307,0.9161,0.2401,504
2012-02-21,2.804,0.9033,0.24,504
2012-02-22,2.8078,0.9051,0.24,504
2012-02-23,2.7915,0.8976,0.24,504
2012-02-24,2.7932,0.8984,0.24,504
2012-02-27,2.7865,0.8954,0.24,504
2012-02-28,2.7654,0.8855,0.2399,504
2012-02-29,2.7783,0.8909,0.2399,504
2012-03-01,2.766,0.8857,0.2399,504
2012-03-02,2.7679,0.8865,0.2399,504
2012-03-05,2.7365,0.8726,0.24,504
2012-03-06,2.7175,0.8645,0.2401,504
2012-03-07,2.6761,0.8487,0.2406,504
2012-03-08,2.6836,0.8523,0.2407,504
2012-03-09,2.6507,0.839,0.241,504
2012-03-12,2.6403,0.8343,0.2409,504
2012-03-13,2.6391,0.8337,0.2409,504
2012-03-14,2.6667,0.8475,0.2413,504
2012-03-15,2.6685,0.8482,0.2413,504
2012-03-16,2.7048,0.8645,0.2413,504
2012-03-19,2.7105,0.867,0.2413,504
2012-03-20,2.7072,0.8655,0.2413,504
2012-03-21,2.6554,0.8429,0.2414,504
2012-03-22,2.6349,0.8336,0.2413,504
2012-03-23,2.695,0.859,0.241,504
2012-03-26,2.6956,0.8593,0.241,504
2012-03-27,2.7015,0.8622,0.2411,504
2012-03-28,2.6806,0.853,0.2411,504
2012-03-29,2.6814,0.8534,0.2411,504
2012-03-30,2.67,0.8482,0.2411,504
2012-04-02,2.675,0.8505,0.2411,504
2012-04-03,2.6435,0.8344,0.2407,504
2012-04-04,2.6433,0.8344,0.2407,504
2012-04-05,2.6817,0.8488,0.2401,504
2012-04-06,2.6286,0.8236,0.2397,504
2012-04-09,2.6761,0.8421,0.2392,504
2012-04-10,2.6516,0.8283,0.2385,504
2012-04-11,2.665,0.8352,0.2387,504
2012-04-12,2.5807,0.7954,0.2379,504
2012-04-13,2.4874,0.7568,0.2381,504
2012-04-16,2.6756,0.8209,0.2344,504
2012-04-17,2.6634,0.8158,0.2345,504
2012-04-18,2.7508,0.8513,0.234,504
2012-04-19,2.7781,0.8617,0.2337,504
2012-04-20,2.8041,0.8711,0.2333,504
2012-04-23,2.8164,0.8766,0.2334,504
2012-04-24,2.7645,0.8546,0.2335,504
2012-04-25,2.7654,0.855,0.2335,504
2012-04-26,2.6972,0.8176,0.2317,504
2012-04-27,2.6811,0.8103,0.2315,504
2012-04-30,2.7305,0.8296,0.2312,504
2012-05-01,2.7101,0.8217,0.2314,504
2012-05-02,2.712,0.8225,0.2314,504
2012-05-03,2.6518,0.7927,0.2303,504
2012-05-04,2.6649,0.7975,0.2301,504
2012-05-07,2.6302,0.7845,0.2304,504
2012-05-08,2.68,0.8023,0.2298,504
2012-05-09,2.6248,0.7771,0.2292,504
2012-05-10,2.6079,0.7709,0.2294,504
2012-05-11,2.5327,0.732,0.2272,504
2012-05-14,2.4783,0.7085,0.2266,504
2012-05-15,2.4757,0.7076,0.2267,504
2012-05-16,2.4639,0.7033,0.2267,504
2012-05-17,2.5673,0.7361,0.2249,504
2012-05-18,2.6025,0.7516,0.2253,504
2012-05-21,2.6159,0.7568,0.2253,504
2012-05-22,2.5016,0.7115,0.2251,504
2012-05-23,2.4991,0.7106,0.2251,504
2012-05-24,2.4796,0.7034,0.2252,504
2012-05-25,2.4861,0.7058,0.2251,504
2012-05-28,2.4739,0.7014,0.2252,504
2012-05-29,2.5366,0.7224,0.2244,504
2012-05-30,2.5566,0.7307,0.2246,504
2012-05-31,2.5588,0.7314,0.2245,504
2012-06-01,2.5504,0.728,0.2245,504
2012-06-04,2.6202,0.7579,0.2251,504
2012-06-05,2.5734,0.7338,0.2237,504
2012-06-06,2.5819,0.7369,0.2237,504
2012-06-07,2.5188,0.7161,0.2246,504
2012-06-08,2.5046,0.7102,0.2245,504
2012-06-11,2.5211,0.7167,0.2245,504
2012-06-12,2.4853,0.704,0.2247,504
2012-06-13,2.4542,0.6885,0.2238,504
2012-06-14,2.4027,0.6693,0.2238,504
2012-06-15,2.3627,0.6546,0.2238,504
2012-06-18,2.3941,0.6662,0.2238,504
2012-06-19,2.3629,0.6537,0.2236,504
2012-06-20,2.3867,0.663,0.2237,504
2012-06-21,2.3749,0.6588,0.2238,504
2012-06-22,2.2625,0.6158,0.2232,504
2012-06-25,2.2576,0.614,0.2232,504
2012-06-26,2.1789,0.5867,0.2234,504
2012-06-27,2.1885,0.5901,0.2234,504
2012-06-28,2.1496,0.5737,0.2225,504
2012-06-29,2.1061,0.5575,0.2222,504
2012-07-02,2.1383,0.5716,0.2232,504
2012-07-03,2.1339,0.5702,0.2232,504
2012-07-04,2.1626,0.5805,0.2233,504
2012-07-05,2.1703,0.5831,0.2232,504
2012-07-06,2.1588,0.5791,0.2232,504
2012-07-09,2.0852,0.5531,0.2232,504
2012-07-10,2.096,0.5567,0.2231,504
2012-07-11,2.0372,0.5373,0.2234,504
2012-07-12,2.0167,0.5306,0.2235,504
2012-07-13,2.0207,0.5319,0.2235,504
2012-07-16,2.0728,0.5506,0.2238,504
2012-07-17,2.0418,0.5401,0.2238,504
2012-07-18,1.9805,0.5154,0.2224,504
2012-07-19,2.004,0.5241,0.2227,504
2012-07-20,2.0116,0.5267,0.2227,504
2012-07-23,1.9773,0.5157,0.223,504
2012-07-24,1.9288,0.4988,0.2227,504
2012-07-25,1.9447,0.5044,0.2228,504
2012-07-26,1.9899,0.5181,0.2223,504
2012-07-27,1.9647,0.5103,0.2225,504
2012-07-30,1.9364,0.502,0.223,504
2012-07-31,1.8875,0.4848,0.2226,504
2012-08-01,1.877,0.4814,0.2226,504
2012-08-02,1.8646,0.4775,0.2227,504
2012-08-03,1.8106,0.4591,0.2224,504
2012-08-06,1.8928,0.4863,0.2225,504
2012-08-07,1.9018,0.4892,0.2225,504
2012-08-08,1.8484,0.4679,0.2209,504
2012-08-09,1.8178,0.4577,0.2208,504
2012-08-10,1.787,0.4474,0.2206,504
2012-08-13,1.7975,0.4508,0.2206,504
2012-08-14,1.8146,0.4559,0.2204,504
2012-08-15,1.7886,0.4475,0.2204,504
2012-08-16,1.7959,0.4498,0.2204,504
2012-08-17,1.8395,0.4636,0.2203,504
2012-08-20,1.8287,0.46,0.2203,504
2012-08-21,1.8305,0.4606,0.2202,504
2012-08-22,1.8255,0.459,0.2203,504
2012-08-23,1.8171,0.4564,0.2203,504
2012-08-24,1.7771,0.4437,0.2203,504
2012-08-27,1.7552,0.4363,0.2201,504
2012-08-28,1.7438,0.4328,0.2202,504
2012-08-29,1.7469,0.4337,0.2201,504
2012-08-30,1.7823,0.4443,0.2198,504
2012-08-31,1.7056,0.4188,0.2192,504
2012-09-03,1.7344,0.4277,0.2191,504
2012-09-04,1.7221,0.4238,0.2191,504
2012-09-05,1.6977,0.4165,0.2193,504
2012-09-06,1.7002,0.4173,0.2193,504
2012-09-07,1.7455,0.4325,0.2198,504
2012-09-10,1.7896,0.4462,0.2197,504
2012-09-11,1.719,0.4226,0.219,504
2012-09-12,1.7178,0.4222,0.219,504
2012-09-13,1.7321,0.4266,0.219,504
2012-09-14,1.7382,0.4287,0.2191,504
2012-09-17,1.7586,0.435,0.2191,504
2012-09-18,1.7488,0.4321,0.2191,504
2012-09-19,1.7137,0.4206,0.2188,504
2012-09-20,1.733,0.4264,0.2188,504
2012-09-21,1.7246,0.424,0.2189,504
2012-09-24,1.7191,0.4223,0.2189,504
2012-09-25,1.7516,0.4319,0.2186,504
2012-09-26,1.6884,0.4124,0.2187,504
2012-09-27,1.6614,0.4041,0.2187,504
2012-09-28,1.6829,0.4108,0.2187,504
2012-10-01,1.6656,0.4056,0.2188,504
2012-10-02,1.687,0.4121,0.2187,504
2012-10-03,1.7008,0.4162,0.2187,504
2012-10-04,1.7176,0.4214,0.2187,504
2012-10-05,1.7341,0.4265,0.2187,504
2012-10-08,1.7415,0.4289,0.2187,504
2012-10-09,1.759,0.434,0.2185,504
2012-10-10,1.7274,0.4246,0.2187,504
2012-10-11,1.6601,0.4032,0.2184,504
2012-10-12,1.6534,0.4011,0.2184,504
2012-10-15,1.6658,0.4048,0.2184,504
2012-10-16,1.7029,0.416,0.2183,504
2012-10-17,1.7272,0.4237,0.2184,504
2012-10-18,1.7543,0.4321,0.2183,504
2012-10-19,1.7891,0.4426,0.2181,504
2012-10-22,1.7404,0.4282,0.2185,504
2012-10-23,1.6993,0.415,0.2183,504
2012-10-24,1.6736,0.4074,0.2185,504
2012-10-25,1.6152,0.3889,0.2181,504
2012-10-26,1.5951,0.3829,0.2182,504
2012-10-29,1.5921,0.382,0.2182,504
2012-10-30,1.5618,0.3726,0.218,504
2012-10-31,1.5134,0.3573,0.2175,504
2012-11-01,1.5024,0.3541,0.2175,504
2012-11-02,1.5227,0.3606,0.2178,504
2012-11-05,1.5035,0.3551,0.2179,504
2012-11-06,1.5216,0.3604,0.2179,504
2012-11-07,1.4913,0.3505,0.2173,504
2012-11-08,1.5073,0.3558,0.2176,504
2012-11-09,1.5258,0.3614,0.2177,504
2012-11-12,1.5207,0.3599,0.2177,504
2012-11-13,1.5081,0.3562,0.2178,504
2012-11-14,1.51,0.3568,0.2177,504
2012-11-15,1.4448,0.3388,0.2184,504
2012-11-16,1.4244,0.3328,0.2184,504
2012-11-19,1.4295,0.3342,0.2184,504
2012-11-20,1.4598,0.3437,0.2187,504
2012-11-21,1.4711,0.3469,0.2187,504
2012-11-22,1.4498,0.3405,0.2186,504
2012-11-23,1.4567,0.3425,0.2186,504
2012-11-26,1.486,0.3514,0.2187,504
2012-11-27,1.4697,0.3465,0.2187,504
2012-11-28,1.4593,0.3435,0.2187,504
2012-11-29,1.4829,0.3505,0.2187,504
2012-11-30,1.4958,0.3543,0.2187,504
2012-12-03,1.4868,0.3517,0.2188,504
2012-12-04,1.4624,0.3448,0.2189,504
2012-12-05,1.4691,0.3467,0.2189,504
2012-12-06,1.4966,0.355,0.219,504
2012-12-07,1.4934,0.3541,0.219,504
2012-12-10,1.4918,0.3536,0.219,504
2012-12-11,1.5065,0.358,0.219,504
2012-12-12,1.4998,0.3559,0.219,504
2012-12-13,1.5073,0.3582,0.219,504
2012-12-14,1.4954,0.3547,0.219,504
2012-12-17,1.4872,0.3523,0.219,504
2012-12-18,1.4996,0.356,0.2191,504
2012-12-19,1.5097,0.3592,0.2192,504
2012-12-20,1.4943,0.3547,0.2192,504
2012-12-21,1.4973,0.3556,0.2193,504
2012-12-24,1.4825,0.3514,0.2193,504
2012-12-25,1.4595,0.3445,0.2193,504
2012-12-26,1.4845,0.3517,0.2191,504
2012-12-27,1.4883,0.3527,0.2191,504
2012-12-28,1.4664,0.3462,0.2191,504
2012-12-31,1.4193,0.3325,0.2192,504
2013-01-01,1.4613,0.3454,0.2195,504
2013-01-02,1.4483,0.3415,0.2195,504
2013-01-03,1.4909,0.3551,0.2201,504
2013-01-04,1.5396,0.3688,0.2196,504
2013-01-07,1.5311,0.3661,0.2195,504
2013-01-08,1.4901,0.3537,0.2193,504
2013-01-09,1.4796,0.3506,0.2194,504
2013-01-10,1.5007,0.3571,0.2195,504
2013-01-11,1.5037,0.358,0.2195,504
2013-01-14,1.4742,0.3491,0.2195,504
2013-01-15,1.4501,0.342,0.2194,504
2013-01-16,1.443,0.34,0.2195,504
2013-01-17,1.4402,0.3391,0.2195,504
2013-01-18,1.398,0.327,0.2196,504
2013-01-21,1.4185,0.333,0.2196,504
2013-01-22,1.4271,0.3355,0.2196,504
2013-01-23,1.4254,0.335,0.2196,504
2013-01-24,1.4315,0.3368,0.2196,504
2013-01-25,1.451,0.3425,0.2196,504
2013-01-28,1.4584,0.3447,0.2196,504
2013-01-29,1.3998,0.3261,0.2187,504
2013-01-30,1.3666,0.3161,0.2184,504
2013-01-31,1.3585,0.3139,0.2185,504
2013-02-01,1.3718,0.3176,0.2184,504
2013-02-04,1.3825,0.3207,0.2184,504
2013-02-05,1.4146,0.3293,0.218,504
2013-02-06,1.424,0.3321,0.218,504
2013-02-07,1.3729,0.3164,0.2174,504
2013-02-08,1.3985,0.3235,0.2172,504
2013-02-11,1.3867,0.32,0.2172,504
2013-02-12,1.4231,0.3299,0.2168,504
2013-02-13,1.4283,0.3314,0.2169,504
2013-02-14,1.3966,0.3217,0.2165,504
2013-02-15,1.4287,0.3306,0.2163,504
2013-02-18,1.4106,0.3253,0.2162,504
2013-02-19,1.3895,0.3192,0.2161,504
2013-02-20,1.4522,0.3365,0.2157,504
2013-02-21,1.3859,0.3175,0.2157,504
2013-02-22,1.3538,0.3085,0.2158,504
2013-02-25,1.287,0.2892,0.2154,504
2013-02-26,1.3509,0.3076,0.2157,504
2013-02-27,1.3291,0.3015,0.2158,504
2013-02-28,1.2591,0.2825,0.2161,504
2013-03-01,1.2493,0.2798,0.2161,504
2013-03-04,1.2472,0.2792,0.2161,504
2013-03-05,1.2242,0.2729,0.2161,504
2013-03-06,1.2654,0.2844,0.2162,504
2013-03-07,1.2748,0.287,0.2162,504
2013-03-08,1.2961,0.2928,0.2161,504
2013-03-11,1.3205,0.2997,0.2162,504
2013-03-12,1.3197,0.2995,0.2162,504
2013-03-13,1.3037,0.2951,0.2162,504
2013-03-14,1.3259,0.3013,0.2162,504
2013-03-15,1.3578,0.3102,0.2161,504
2013-03-18,1.3614,0.3112,0.2161,504
2013-03-19,1.3935,0.3202,0.2161,504
2013-03-20,1.4027,0.3228,0.216,504
2013-03-21,1.3999,0.322,0.216,504
2013-03-22,1.4309,0.331,0.2161,504
2013-03-25,1.3806,0.3164,0.216,504
2013-03-26,1.3802,0.3163,0.216,504
2013-03-27,1.3559,0.3091,0.2158,504
2013-03-28,1.3492,0.3072,0.2158,504
2013-03-29,1.3657,0.3119,0.2158,504
2013-04-01,1.3726,0.3138,0.2158,504
2013-04-02,1.3008,0.2934,0.2156,504
2013-04-03,1.3039,0.2943,0.2156,504
2013-04-04,1.2974,0.2925,0.2156,504
2013-04-05,1.3174,0.2981,0.2156,504
2013-04-08,1.3092,0.2958,0.2156,504
2013-04-09,1.3131,0.2969,0.2156,504
2013-04-10,1.2879,0.2896,0.2154,504
2013-04-11,1.3068,0.2951,0.2156,504
2013-04-12,1.293,0.2911,0.2155,504
2013-04-15,1.2698,0.2847,0.2156,504
2013-04-16,1.2147,0.2709,0.2166,504
2013-04-17,1.2149,0.271,0.2166,504
2013-04-18,1.1796,0.2617,0.2169,504
2013-04-19,1.198,0.2665,0.2168,504
2013-04-22,1.2181,0.2721,0.2168,504
2013-04-23,1.248,0.28,0.2165,504
2013-04-24,1.2008,0.2669,0.2164,504
2013-04-25,1.1616,0.2563,0.2165,504
2013-04-26,1.1749,0.2598,0.2164,504
2013-04-29,1.2158,0.2707,0.2162,504
2013-04-30,1.2157,0.2706,0.2162,504
2013-05-01,1.197,0.2654,0.2161,504
2013-05-02,1.2169,0.2711,0.2163,504
2013-05-03,1.1758,0.2601,0.2165,504
2013-05-06,1.2137,0.2708,0.2168,504
2013-05-07,1.2077,0.2691,0.2167,504
2013-05-08,1.3119,0.2963,0.2155,504
2013-05-09,1.3143,0.297,0.2155,504
2013-05-10,1.3469,0.3058,0.2152,504
2013-05-13,1.3712,0.3125,0.2152,504
2013-05-14,1.3632,0.3103,0.2152,504
2013-05-15,1.4117,0.3241,0.2152,504
2013-05-16,1.4039,0.3218,0.2152,504
2013-05-17,1.4312,0.3291,0.2149,504
2013-05-20,1.4643,0.3389,0.2151,504
2013-05-21,1.4293,0.3283,0.2147,504
2013-05-22,1.4696,0.3393,0.2144,504
2013-05-23,1.4405,0.3312,0.2145,504
2013-05-24,1.4238,0.3264,0.2145,504
2013-05-27,1.4113,0.3228,0.2145,504
2013-05-28,1.45,0.3333,0.2142,504
2013-05-29,1.4495,0.3331,0.2142,504
2013-05-30,1.4679,0.3384,0.2142,504
2013-05-31,1.5095,0.3501,0.214,504
2013-06-03,1.4682,0.3383,0.2141,504
2013-06-04,1.4446,0.3312,0.2139,504
2013-06-05,1.4193,0.3241,0.2139,504
2013-06-06,1.3387,0.3018,0.2141,504
2013-06-07,1.3133,0.2943,0.2138,504
2013-06-10,1.3551,0.3064,0.2141,504
2013-06-11,1.3613,0.3081,0.2141,504
2013-06-12,1.3699,0.3106,0.2142,504
2013-06-13,1.3619,0.3083,0.2141,504
2013-06-14,1.4255,0.3262,0.2141,504
2013-06-17,1.3998,0.3184,0.2138,504
2013-06-18,1.3957,0.3172,0.2137,504
2013-06-19,1.432,0.3276,0.2138,504
2013-06-20,1.3698,0.3104,0.214,504
2013-06-21,1.3145,0.296,0.2147,504
2013-06-24,1.2905,0.2891,0.2146,504
2013-06-25,1.2199,0.27,0.2148,504
2013-06-26,1.2411,0.276,0.2149,504
2013-06-27,1.2297,0.2727,0.2148,504
2013-06-28,1.2775,0.2857,0.2147,504
2013-07-01,1.2648,0.2823,0.2148,504
2013-07-02,1.3335,0.3008,0.2144,504
2013-07-03,1.3768,0.3118,0.2136,504
2013-07-04,1.3986,0.3177,0.2135,504
2013-07-05,1.4103,0.3209,0.2135,504
2013-07-08,1.4607,0.3355,0.2137,504
2013-07-09,1.3944,0.3147,0.2123,504
2013-07-10,1.3816,0.3113,0.2125,504
2013-07-11,1.2745,0.2774,0.2092,504
2013-07-12,1.3108,0.2875,0.2095,504
2013-07-15,1.19,0.2481,0.2037,504
2013-07-16,1.3229,0.2779,0.2005,504
2013-07-17,1.2009,0.2431,0.1974,504
2013-07-18,1.3495,0.2757,0.1944,504
2013-07-19,1.4289,0.2948,0.194,504
2013-07-22,1.4177,0.2918,0.1938,504
2013-07-23,1.4547,0.3006,0.1935,504
2013-07-24,1.4648,0.3031,0.1935,504
2013-07-25,1.3278,0.2636,0.1898,504
2013-07-26,1.2899,0.2542,0.1895,504
2013-07-29,1.3088,0.2586,0.1895,504
2013-07-30,1.4075,0.2797,0.1877,504
2013-07-31,1.3458,0.2643,0.1873,504
2013-08-01,1.4093,0.2786,0.1868,504
2013-08-02,1.4006,0.2763,0.1866,504
2013-08-05,1.33,0.2577,0.1853,504
2013-08-06,1.2969,0.25,0.1853,504
2013-08-07,1.2581,0.2411,0.1853,504
2013-08-08,1.2119,0.2302,0.185,504
2013-08-09,1.146,0.2137,0.1837,504
2013-08-12,1.1369,0.2117,0.1837,504
2013-08-13,1.113,0.2063,0.1836,504
2013-08-14,1.0473,0.1905,0.1824,504
2013-08-15,1.0706,0.1953,0.1821,504
2013-08-16,1.1184,0.2048,0.1813,504
2013-08-19,1.1092,0.2028,0.1813,504
2013-08-20,1.0457,0.1887,0.1809,504
2013-08-21,1.0919,0.1982,0.1804,504
2013-08-22,1.0573,0.1902,0.18,504
2013-08-23,1.0795,0.1952,0.1802,504
2013-08-26,1.0535,0.1895,0.1801,504
2013-08-27,1.0398,0.1865,0.18,504
2013-08-28,0.9908,0.1744,0.1782,504
2013-08-29,0.8927,0.1525,0.1763,504
2013-08-30,0.9145,0.1567,0.1762,504
2013-09-02,1.0074,0.1749,0.1752,504
2013-09-03,0.9593,0.1647,0.1748,504
2013-09-04,0.9089,0.1538,0.174,504
2013-09-05,0.8974,0.1514,0.1738,504
2013-09-06,0.8157,0.134,0.1723,504
2013-09-09,0.7376,0.1181,0.1712,504
2013-09-10,0.8602,0.1411,0.1702,504
2013-09-11,0.9677,0.1617,0.1698,504
2013-09-12,1.0429,0.176,0.1692,504
2013-09-13,1.0375,0.175,0.1692,504
2013-09-16,0.9524,0.1566,0.1675,504
2013-09-17,0.9813,0.1624,0.1677,504
2013-09-18,0.9573,0.1576,0.1675,504
2013-09-19,1.0195,0.1698,0.1676,504
2013-09-20,0.9783,0.1613,0.1671,504
2013-09-23,1.0337,0.1711,0.1661,504
2013-09-24,0.9441,0.1527,0.1649,504
2013-09-25,0.9932,0.1619,0.1647,504
2013-09-26,1.0333,0.1694,0.1646,504
2013-09-27,1.1097,0.1836,0.164,504
2013-09-30,1.0359,0.1689,0.1636,504
2013-10-01,1.0848,0.1776,0.1629,504
2013-10-02,1.0824,0.1772,0.1629,504
2013-10-03,0.9507,0.1496,0.1601,504
2013-10-04,0.9152,0.1433,0.1603,504
2013-10-07,1.018,0.1613,0.1594,504
2013-10-08,1.1009,0.1752,0.158,504
2013-10-09,1.0769,0.1703,0.1576,504
2013-10-10,1.1607,0.1847,0.1566,504
2013-10-11,1.2113,0.1953,0.1575,504
2013-10-14,1.2338,0.1995,0.1575,504
2013-10-15,1.2836,0.2087,0.1573,504
2013-10-16,1.1441,0.18,0.1551,504
2013-10-17,1.2066,0.1912,0.1549,504
2013-10-18,1.3161,0.2103,0.154,504
2013-10-21,1.2999,0.2074,0.1542,504
2013-10-22,1.2727,0.2024,0.1541,504
2013-10-23,1.3013,0.2073,0.1538,504
2013-10-24,1.3611,0.2176,0.1533,504
2013-10-25,1.3279,0.2116,0.1534,504
2013-10-28,1.3943,0.2227,0.1525,504
2013-10-29,1.4212,0.2276,0.1524,504
2013-10-30,1.516,0.2438,0.1515,504
2013-10-31,1.5007,0.241,0.1516,504
2013-11-01,1.5068,0.2421,0.1515,504
2013-11-04,1.4357,0.2261,0.1498,504
2013-11-05,1.4447,0.2278,0.1498,504
2013-11-06,1.308,0.1969,0.1455,504
2013-11-07,1.3292,0.2006,0.1455,504
2013-11-08,1.2981,0.1954,0.1457,504
2013-11-11,1.307,0.1971,0.1458,504
2013-11-12,1.3052,0.1968,0.1458,504
2013-11-13,1.3076,0.1972,0.1458,504
2013-11-14,1.4228,0.2159,0.1448,504
2013-11-15,1.3648,0.2045,0.1439,504
2013-11-18,1.4223,0.2135,0.1433,504
2013-11-19,1.4662,0.2206,0.143,504
2013-11-20,1.535,0.2324,0.1428,504
2013-11-21,1.4949,0.2253,0.1428,504
2013-11-22,1.5076,0.2276,0.1428,504
2013-11-25,1.5762,0.2395,0.1427,504
2013-11-26,1.4684,0.2174,0.1408,504
2013-11-27,1.4744,0.2185,0.1408,504
2013-11-28,1.4558,0.2151,0.1406,504
2013-11-29,1.4234,0.2094,0.1405,504
2013-12-02,1.4134,0.2077,0.1405,504
2013-12-03,1.3992,0.2053,0.1406,504
2013-12-04,1.4285,0.2098,0.1402,504
2013-12-05,1.3715,0.1999,0.14,504
2013-12-06,1.3959,0.2038,0.1399,504
2013-12-09,1.4468,0.213,0.1403,504
2013-12-10,1.3857,0.2015,0.1395,504
2013-12-11,1.3614,0.1974,0.1395,504
2013-12-12,1.3017,0.1881,0.14,504
2013-12-13,1.2981,0.1875,0.14,504
2013-12-16,1.3368,0.1938,0.1399,504
2013-12-17,1.4246,0.2082,0.1396,504
2013-12-18,1.4121,0.206,0.1396,504
2013-12-19,1.4372,0.2108,0.1399,504
2013-12-20,1.4701,0.2162,0.1398,504
2013-12-23,1.4979,0.2211,0.1399,504
2013-12-24,1.4939,0.2203,0.1399,504
2013-12-25,1.4794,0.2177,0.1398,504
2013-12-26,1.4434,0.2114,0.1396,504
2013-12-27,1.4891,0.2191,0.1396,504
2013-12-30,1.489,0.2191,0.1396,504
2013-12-31,1.4815,0.2178,0.1396,504
2014-01-01,1.4647,0.2147,0.1395,504
2014-01-02,1.4717,0.2159,0.1395,504
2014-01-03,1.4207,0.2079,0.1398,504
2014-01-06,1.3981,0.2041,0.1399,504
2014-01-07,1.4077,0.2057,0.1399,504
2014-01-08,1.4254,0.2085,0.1397,504
2014-01-09,1.4336,0.2099,0.1397,504
2014-01-10,1.3589,0.1967,0.1393,504
2014-01-13,1.3733,0.1991,0.1393,504
2014-01-14,1.3308,0.1924,0.1396,504
2014-01-15,1.3592,0.1974,0.1398,504
2014-01-16,1.3744,0.2001,0.1398,504
2014-01-17,1.3997,0.2041,0.1397,504
2014-01-20,1.3399,0.1938,0.1395,504
2014-01-21,1.3527,0.1959,0.1395,504
2014-01-22,1.3116,0.1887,0.1392,504
2014-01-23,1.3575,0.196,0.139,504
2014-01-24,1.4121,0.2054,0.1392,504
2014-01-27,1.5061,0.224,0.1408,504
2014-01-28,1.4902,0.2213,0.1408,504
2014-01-29,1.4587,0.2162,0.141,504
2014-01-30,1.5065,0.2247,0.1412,504
2014-01-31,1.5408,0.2308,0.1413,504
2014-02-03,1.5197,0.2273,0.1414,504
2014-02-04,1.6083,0.245,0.1426,504
2014-02-05,1.6074,0.2449,0.1426,504
2014-02-06,1.5938,0.2425,0.1426,504
2014-02-07,1.6607,0.2548,0.1428,504
2014-02-10,1.7415,0.2701,0.1432,504
2014-02-11,1.809,0.2805,0.1423,504
2014-02-12,1.8118,0.2811,0.1424,504
2014-02-13,1.887,0.294,0.142,504
2014-02-14,1.8822,0.2931,0.142,504
2014-02-17,1.8591,0.2891,0.1421,504
2014-02-18,1.7946,0.2759,0.1414,504
2014-02-19,1.8004,0.2769,0.1414,504
2014-02-20,1.7254,0.2634,0.1414,504
2014-02-21,1.7557,0.2691,0.1415,504
2014-02-24,1.7598,0.2698,0.1415,504
2014-02-25,1.8302,0.2821,0.1413,504
2014-02-26,1.8201,0.2803,0.1413,504
2014-02-27,1.7793,0.2726,0.1411,504
2014-02-28,1.7636,0.2699,0.1412,504
2014-03-03,1.7083,0.2594,0.1409,504
2014-03-04,1.7431,0.2657,0.1409,504
2014-03-05,1.7581,0.2687,0.1411,504
2014-03-06,1.761,0.2692,0.1411,504
2014-03-07,1.7648,0.27,0.1411,504
2014-03-10,1.731,0.2639,0.1411,504
2014-03-11,1.773,0.2712,0.141,504
2014-03-12,1.8248,0.2804,0.1409,504
2014-03-13,1.8465,0.2842,0.1409,504
2014-03-14,1.8926,0.2933,0.1412,504
2014-03-17,1.8541,0.2854,0.1408,504
2014-03-18,1.7426,0.2647,0.1404,504
2014-03-19,1.7659,0.2684,0.1403,504
2014-03-20,1.8138,0.2755,0.1396,504
2014-03-21,1.7816,0.2693,0.1393,504
2014-03-24,1.7921,0.2711,0.1393,504
2014-03-25,1.7261,0.2587,0.1389,504
2014-03-26,1.7736,0.2672,0.139,504
2014-03-27,1.7774,0.2678,0.139,504
2014-03-28,1.7431,0.2615,0.1389,504
2014-03-31,1.8124,0.2733,0.1387,504
2014-04-01,1.8075,0.2723,0.1386,504
2014-04-02,1.8253,0.2756,0.1387,504
2014-04-03,1.8288,0.2763,0.1387,504
2014-04-04,1.8126,0.2733,0.1386,504
2014-04-07,1.8038,0.2719,0.1387,504
2014-04-08,1.7365,0.2609,0.1391,504
2014-04-09,1.7355,0.2608,0.1391,504
2014-04-10,1.809,0.2739,0.1392,504
2014-04-11,1.929,0.2959,0.1394,504
2014-04-14,1.9007,0.2912,0.1396,504
2014-04-15,1.8884,0.2891,0.1397,504
2014-04-16,1.9584,0.3012,0.1395,504
2014-04-17,2.0031,0.3103,0.1398,504
2014-04-18,2.0372,0.3167,0.1399,504
2014-04-21,2.0825,0.3243,0.1396,504
2014-04-22,2.112,0.3296,0.1396,504
2014-04-23,2.1182,0.3307,0.1395,504
2014-04-24,2.0658,0.3192,0.1388,504
2014-04-25,2.0413,0.3147,0.1388,504
2014-04-28,2.0979,0.323,0.138,504
2014-04-29,2.1142,0.3259,0.138,504
2014-04-30,2.1446,0.3313,0.1379,504
2014-05-01,2.1231,0.3276,0.138,504
2014-05-02,2.1585,0.3338,0.1379,504
2014-05-05,2.1529,0.3328,0.1379,504
2014-05-06,2.1158,0.3253,0.1376,504
2014-05-07,2.1558,0.3314,0.1372,504
2014-05-08,2.172,0.3346,0.1373,504
2014-05-09,2.0901,0.3164,0.136,504
2014-05-12,2.0571,0.3101,0.1358,504
2014-05-13,2.118,0.3218,0.1362,504
2014-05-14,2.2454,0.3409,0.1347,504
2014-05-15,2.1956,0.3322,0.1348,504
2014-05-16,2.1334,0.3214,0.1349,504
2014-05-19,2.1922,0.3309,0.1346,504
2014-05-20,2.1537,0.3229,0.1342,504
2014-05-21,2.139,0.3207,0.1343,504
2014-05-22,2.205,0.3325,0.1343,504
2014-05-23,2.1811,0.3279,0.1342,504
2014-05-26,2.1956,0.3306,0.1343,504
2014-05-27,2.1501,0.3218,0.134,504
2014-05-28,2.1903,0.3288,0.1339,504
2014-05-29,2.2797,0.3425,0.1331,504
2014-05-30,2.282,0.3429,0.1331,504
2014-06-02,2.3611,0.3549,0.1324,504
2014-06-03,2.3702,0.3566,0.1324,504
2014-06-04,2.3318,0.3494,0.1323,504
2014-06-05,2.3345,0.3498,0.1323,504
2014-06-06,2.2757,0.3336,0.1303,504
2014-06-09,2.2695,0.3327,0.1304,504
2014-06-10,2.2116,0.3225,0.1303,504
2014-06-11,2.2205,0.324,0.1303,504
2014-06-12,2.2521,0.3296,0.1303,504
2014-06-13,2.3575,0.3476,0.1302,504
2014-06-16,2.3456,0.3457,0.1302,504
2014-06-17,2.4142,0.3559,0.1297,504
2014-06-18,2.4591,0.3633,0.1295,504
2014-06-19,2.4959,0.3698,0.1295,504
2014-06-20,2.443,0.3585,0.1289,504
2014-06-23,2.4882,0.3661,0.1288,504
2014-06-24,2.4473,0.3591,0.1288,504
2014-06-25,2.342,0.3398,0.1285,504
2014-06-26,2.3274,0.3372,0.1285,504
2014-06-27,2.3792,0.3451,0.1281,504
2014-06-30,2.4099,0.3502,0.128,504
2014-07-01,2.3523,0.3398,0.1279,504
2014-07-02,2.3897,0.3463,0.1279,504
2014-07-03,2.4528,0.3555,0.1274,504
2014-07-04,2.5906,0.3763,0.1264,504
2014-07-07,2.6022,0.3782,0.1264,504
2014-07-08,2.5828,0.3752,0.1265,504
2014-07-09,2.5823,0.3751,0.1265,504
2014-07-10,2.6106,0.3797,0.1264,504
2014-07-11,2.5157,0.3609,0.1257,504
2014-07-14,2.5379,0.3649,0.1257,504
2014-07-15,2.5224,0.3618,0.1256,504
2014-07-16,2.5303,0.3631,0.1256,504
2014-07-17,2.5435,0.3654,0.1256,504
2014-07-18,2.4525,0.3516,0.1262,504
2014-07-21,2.4928,0.3588,0.1262,504
2014-07-22,2.5006,0.3601,0.1262,504
2014-07-23,2.5064,0.3611,0.1262,504
2014-07-24,2.4523,0.3515,0.1261,504
2014-07-25,2.4131,0.345,0.1262,504
2014-07-28,2.4113,0.3447,0.1262,504
2014-07-29,2.3989,0.3428,0.1262,504
2014-07-30,2.3629,0.3376,0.1265,504
2014-07-31,2.4021,0.3437,0.1264,504
2014-08-01,2.2877,0.327,0.1273,504
2014-08-04,2.2962,0.3283,0.1272,504
2014-08-05,2.3256,0.3332,0.1272,504
2014-08-06,2.3015,0.3294,0.1273,504
2014-08-07,2.3575,0.3384,0.1271,504
2014-08-08,2.3305,0.3337,0.1271,504
2014-08-11,2.2664,0.3242,0.1276,504
2014-08-12,2.2954,0.3285,0.1273,504
2014-08-13,2.3158,0.3319,0.1273,504
2014-08-14,2.2005,0.3107,0.1266,504
2014-08-15,2.1507,0.3023,0.1266,504
2014-08-18,2.1697,0.3052,0.1265,504
2014-08-19,2.2019,0.3115,0.1269,504
2014-08-20,2.1957,0.3104,0.1268,504
2014-08-21,2.1933,0.3099,0.1268,504
2014-08-22,2.1662,0.3053,0.1268,504
2014-08-25,2.1717,0.3062,0.1267,504
2014-08-26,2.1857,0.3085,0.1268,504
2014-08-27,2.1626,0.3048,0.1268,504
2014-08-28,2.2019,0.3107,0.1266,504
2014-08-29,2.22,0.3136,0.1265,504
2014-09-01,2.2237,0.3142,0.1265,504
2014-09-02,2.2834,0.323,0.1261,504
2014-09-03,2.3126,0.3278,0.1261,504
2014-09-04,2.2726,0.3208,0.126,504
2014-09-05,2.2912,0.3237,0.1259,504
2014-09-08,2.2862,0.3228,0.1259,504
2014-09-09,2.2892,0.3233,0.1259,504
2014-09-10,2.2561,0.3178,0.1259,504
2014-09-11,2.2371,0.3146,0.1259,504
2014-09-12,2.2259,0.3127,0.1258,504
2014-09-15,2.222,0.3121,0.1259,504
2014-09-16,2.2724,0.3195,0.1255,504
2014-09-17,2.3348,0.3294,0.1254,504
2014-09-18,2.338,0.3299,0.1254,504
2014-09-19,2.3522,0.3324,0.1254,504
2014-09-22,2.322,0.3272,0.1253,504
2014-09-23,2.2327,0.3128,0.1255,504
2014-09-24,2.2407,0.3142,0.1255,504
2014-09-25,2.2493,0.3157,0.1255,504
2014-09-26,2.2555,0.3165,0.1255,504
2014-09-29,2.3014,0.3244,0.1256,504
2014-09-30,2.34,0.3301,0.1253,504
2014-10-01,2.3612,0.3334,0.1252,504
2014-10-02,2.2952,0.3244,0.1259,504
2014-10-03,2.2872,0.3231,0.1259,504
2014-10-06,2.3356,0.3321,0.1263,504
2014-10-07,2.323,0.3301,0.1263,504
2014-10-08,2.2239,0.3169,0.1275,504
2014-10-09,2.2242,0.317,0.1275,504
2014-10-10,2.1497,0.3071,0.1285,504
2014-10-13,2.0642,0.294,0.1289,504
2014-10-14,1.957,0.277,0.1293,504
2014-10-15,1.9298,0.271,0.1286,504
2014-10-16,1.9012,0.266,0.1284,504
2014-10-17,1.8816,0.2631,0.1286,504
2014-10-20,1.8039,0.2522,0.1294,504
2014-10-21,1.8032,0.2521,0.1294,504
2014-10-22,1.8092,0.2528,0.1293,504
2014-10-23,1.7535,0.2446,0.1296,504
2014-10-24,1.8158,0.2565,0.1305,504
2014-10-27,1.7842,0.2503,0.13,504
2014-10-28,1.7795,0.2496,0.13,504
2014-10-29,1.8346,0.2597,0.1305,504
2014-10-30,1.8208,0.2575,0.1306,504
2014-10-31,1.7902,0.252,0.1303,504
2014-11-03,1.8228,0.2576,0.1305,504
2014-11-04,1.8265,0.2582,0.1305,504
2014-11-05,1.7934,0.2526,0.1304,504
2014-11-06,1.7952,0.2529,0.1304,504
2014-11-07,1.8413,0.2608,0.1305,504
2014-11-10,1.8919,0.2685,0.1303,504
2014-11-11,1.8962,0.2693,0.1303,504
2014-11-12,1.8532,0.2618,0.1301,504
2014-11-13,1.8598,0.2629,0.1301,504
2014-11-14,1.8466,0.2606,0.13,504
2014-11-17,1.8324,0.2582,0.13,504
2014-11-18,1.8187,0.256,0.13,504
2014-11-19,1.782,0.2503,0.1302,504
2014-11-20,1.806,0.2542,0.1301,504
2014-11-21,1.8245,0.2572,0.1301,504
2014-11-24,1.8259,0.2574,0.1301,504
2014-11-25,1.7697,0.2477,0.1299,504
2014-11-26,1.8031,0.253,0.1298,504
2014-11-27,1.7908,0.251,0.1298,504
2014-11-28,1.8164,0.2549,0.1297,504
2014-12-01,1.8587,0.262,0.1298,504
2014-12-02,1.9042,0.27,0.13,504
2014-12-03,1.9492,0.2777,0.1301,504
2014-12-04,1.8981,0.2701,0.1305,504
2014-12-05,1.9235,0.2738,0.1303,504
2014-12-08,1.8703,0.2638,0.1297,504
2014-12-09,1.8241,0.2568,0.13,504
2014-12-10,1.7462,0.2421,0.129,504
2014-12-11,1.6604,0.2299,0.1297,504
2014-12-12,1.651,0.2283,0.1297,504
2014-12-15,1.5902,0.2198,0.1303,504
2014-12-16,1.6085,0.2225,0.1302,504
2014-12-17,1.5752,0.2169,0.13,504
2014-12-18,1.5911,0.2196,0.1301,504
2014-12-19,1.6873,0.2371,0.1312,504
2014-12-22,1.7233,0.2429,0.1312,504
2014-12-23,1.7688,0.2506,0.1314,504
2014-12-24,1.7673,0.2504,0.1314,504
2014-12-25,1.8157,0.2578,0.1311,504
2014-12-26,1.7862,0.2527,0.131,504
2014-12-29,1.7862,0.2527,0.131,504
2014-12-30,1.765,0.2492,0.131,504
2014-12-31,1.786,0.2528,0.131,504
2015-01-01,1.7997,0.2553,0.1311,504
2015-01-02,1.7876,0.2532,0.1311,504
2015-01-05,1.7799,0.252,0.1311,504
2015-01-06,1.8471,0.2651,0.1321,504
2015-01-07,1.9275,0.2787,0.1321,504
2015-01-08,1.9107,0.2761,0.1322,504
2015-01-09,1.7889,0.2572,0.1329,504
2015-01-12,1.8617,0.2694,0.1329,504
2015-01-13,1.8536,0.2679,0.1329,504
2015-01-14,1.8602,0.269,0.1329,504
2015-01-15,1.885,0.2733,0.1329,504
2015-01-16,1.8879,0.2738,0.1329,504
2015-01-19,1.8643,0.27,0.133,504
2015-01-20,1.8479,0.2672,0.133,504
2015-01-21,1.7997,0.2593,0.1331,504
2015-01-22,1.7614,0.2532,0.1332,504
2015-01-23,1.6927,0.2429,0.1338,504
2015-01-26,1.7225,0.248,0.1339,504
2015-01-27,1.6914,0.2427,0.1338,504
2015-01-28,1.7906,0.2591,0.1337,504
2015-01-29,1.8508,0.2693,0.1337,504
2015-01-30,1.9225,0.2816,0.1338,504
2015-02-02,1.7871,0.2583,0.1336,504
2015-02-03,1.7491,0.2527,0.134,504
2015-02-04,1.8845,0.2749,0.1337,504
2015-02-05,1.8568,0.2705,0.1338,504
2015-02-06,1.8939,0.277,0.1339,504
2015-02-09,1.8925,0.2768,0.1339,504
2015-02-10,1.8337,0.2661,0.1336,504
2015-02-11,1.8538,0.2696,0.1336,504
2015-02-12,1.8525,0.2694,0.1336,504
2015-02-13,1.8524,0.2694,0.1336,504
2015-02-16,1.8568,0.2702,0.1337,504
2015-02-17,1.8793,0.2738,0.1336,504
2015-02-18,1.867,0.2717,0.1336,504
2015-02-19,1.8699,0.2722,0.1336,504
2015-02-20,1.8735,0.2728,0.1336,504
2015-02-23,1.8814,0.2743,0.1336,504
2015-02-24,1.861,0.2709,0.1337,504
2015-02-25,1.8802,0.2742,0.1337,504
2015-02-26,1.8367,0.2665,0.1335,504
2015-02-27,1.8502,0.2686,0.1335,504
2015-03-02,1.8677,0.2713,0.1333,504
2015-03-03,1.8818,0.2739,0.1334,504
2015-03-04,1.8565,0.2698,0.1335,504
2015-03-05,1.7992,0.2603,0.1336,504
2015-03-06,1.8019,0.2608,0.1336,504
2015-03-09,1.7956,0.2599,0.1337,504
2015-03-10,1.8411,0.2678,0.1338,504
2015-03-11,1.7868,0.2599,0.1344,504
2015-03-12,1.7666,0.2564,0.1344,504
2015-03-13,1.8185,0.2657,0.1346,504
2015-03-16,1.7607,0.2562,0.1348,504
2015-03-17,1.8045,0.2646,0.1352,504
2015-03-18,1.7435,0.2537,0.135,504
2015-03-19,1.7746,0.2595,0.1352,504
2015-03-20,1.7703,0.2588,0.1352,504
2015-03-23,1.9293,0.282,0.1334,504
2015-03-24,1.8487,0.268,0.1333,504
2015-03-25,1.9061,0.2765,0.1327,504
2015-03-26,1.8511,0.2684,0.1333,504
2015-03-27,1.8224,0.2636,0.1333,504
2015-03-30,1.8412,0.2667,0.1333,504
2015-03-31,1.9179,0.2802,0.1335,504
2015-04-01,1.9196,0.2804,0.1335,504
2015-04-02,1.9637,0.288,0.1335,504
2015-04-03,1.9508,0.2858,0.1335,504
2015-04-06,1.9322,0.2825,0.1334,504
2015-04-07,1.9009,0.2775,0.1336,504
2015-04-08,1.8469,0.2678,0.1333,504
2015-04-09,1.9112,0.2779,0.133,504
2015-04-10,1.8714,0.2701,0.1325,504
2015-04-13,1.8965,0.275,0.1328,504
2015-04-14,1.8251,0.2631,0.1329,504
2015-04-15,1.8067,0.2599,0.1328,504
2015-04-16,1.8134,0.261,0.1328,504
2015-04-17,1.7939,0.2578,0.1328,504
2015-04-20,1.7598,0.2527,0.1331,504
2015-04-21,1.7576,0.2523,0.1331,504
2015-04-22,1.7376,0.2489,0.1331,504
2015-04-23,1.7731,0.2547,0.133,504
2015-04-24,1.725,0.246,0.1326,504
2015-04-27,1.6974,0.2415,0.1327,504
2015-04-28,1.6909,0.2404,0.1327,504
2015-04-29,1.7331,0.247,0.1325,504
2015-04-30,1.7241,0.2456,0.1325,504
2015-05-01,1.677,0.2382,0.1327,504
2015-05-04,1.7211,0.246,0.133,504
2015-05-05,1.7078,0.2437,0.1329,504
2015-05-06,1.6315,0.2318,0.1333,504
2015-05-07,1.6077,0.2278,0.1332,504
2015-05-08,1.6652,0.2369,0.1331,504
2015-05-11,1.689,0.2412,0.1332,504
2015-05-12,1.7071,0.2441,0.1332,504
2015-05-13,1.7804,0.2549,0.1325,504
2015-05-14,1.7653,0.2523,0.1324,504
2015-05-15,1.6609,0.2344,0.1321,504
2015-05-18,1.6758,0.2367,0.132,504
2015-05-19,1.6353,0.2299,0.1319,504
2015-05-20,1.6203,0.2274,0.1319,504
2015-05-21,1.5829,0.2207,0.1315,504
2015-05-22,1.5786,0.22,0.1315,504
2015-05-25,1.5668,0.218,0.1314,504
2015-05-26,1.525,0.211,0.1312,504
2015-05-27,1.544,0.2136,0.131,504
2015-05-28,1.6682,0.2316,0.13,504
2015-05-29,1.6467,0.2282,0.13,504
2015-06-01,1.6779,0.2325,0.1296,504
2015-06-02,1.6539,0.2284,0.1295,504
2015-06-03,1.6104,0.2212,0.1293,504
2015-06-04,1.5541,0.2122,0.1292,504
2015-06-05,1.5312,0.2089,0.1294,504
2015-06-08,1.4969,0.2033,0.1292,504
2015-06-09,1.5113,0.2053,0.1291,504
2015-06-10,1.5088,0.2049,0.1291,504
2015-06-11,1.5453,0.2109,0.1293,504
2015-06-12,1.5111,0.2049,0.1289,504
2015-06-15,1.4767,0.1997,0.129,504
2015-06-16,1.5676,0.2133,0.1287,504
2015-06-17,1.5649,0.2129,0.1287,504
2015-06-18,1.4975,0.2018,0.1282,504
2015-06-19,1.4329,0.1921,0.1284,504
2015-06-22,1.4658,0.1972,0.1284,504
2015-06-23,1.4628,0.1967,0.1284,504
2015-06-24,1.4416,0.1935,0.1284,504
2015-06-25,1.3657,0.182,0.1285,504
2015-06-26,1.2961,0.1714,0.1284,504
2015-06-29,1.3058,0.1728,0.1284,504
2015-06-30,1.2226,0.1613,0.1292,504
2015-07-01,1.2559,0.1661,0.129,504
2015-07-02,1.2732,0.1688,0.1291,504
2015-07-03,1.2532,0.1658,0.1291,504
2015-07-06,1.2637,0.1673,0.129,504
2015-07-07,1.2954,0.1721,0.129,504
2015-07-08,1.2488,0.1652,0.1292,504
2015-07-09,1.2518,0.1658,0.1292,504
2015-07-10,1.2347,0.1632,0.1292,504
2015-07-13,1.2076,0.1594,0.1294,504
2015-07-14,1.2782,0.1701,0.1295,504
2015-07-15,1.2947,0.1726,0.1295,504
2015-07-16,1.2605,0.1675,0.1295,504
2015-07-17,1.2909,0.1721,0.1295,504
2015-07-20,1.2844,0.1711,0.1295,504
2015-07-21,1.2684,0.1686,0.1295,504
2015-07-22,1.2526,0.1664,0.1296,504
2015-07-23,1.2811,0.1704,0.1294,504
2015-07-24,1.2488,0.1658,0.1296,504
2015-07-27,1.2162,0.1613,0.1299,504
2015-07-28,1.2418,0.1652,0.1299,504
2015-07-29,1.1345,0.1499,0.1306,504
2015-07-30,1.1297,0.1491,0.1305,504
2015-07-31,1.127,0.1487,0.1305,504
2015-08-03,1.115,0.1469,0.1305,504
2015-08-04,1.0247,0.1327,0.1299,504
2015-08-05,1.026,0.1329,0.1299,504
2015-08-06,1.0586,0.1377,0.1299,504
2015-08-07,1.0169,0.1316,0.1299,504
2015-08-10,0.9979,0.1289,0.1299,504
2015-08-11,1.0436,0.1363,0.1306,504
2015-08-12,1.0509,0.1374,0.1307,504
2015-08-13,1.0409,0.1359,0.1307,504
2015-08-14,1.0397,0.1358,0.1307,504
2015-08-17,1.0177,0.1323,0.1304,504
2015-08-18,0.9453,0.1213,0.1301,504
2015-08-19,0.9366,0.1201,0.1301,504
2015-08-20,0.9875,0.1276,0.1302,504
2015-08-21,1.05,0.1376,0.131,504
2015-08-24,1.0966,0.1458,0.1321,504
2015-08-25,1.1945,0.1635,0.1344,504
2015-08-26,1.0983,0.1487,0.1344,504
2015-08-27,1.1868,0.1645,0.1362,504
2015-08-28,1.3136,0.1858,0.1369,504
2015-08-31,1.3269,0.1879,0.1368,504
2015-09-01,1.2797,0.1805,0.137,504
2015-09-02,1.1555,0.1621,0.1383,504
2015-09-03,1.2125,0.1723,0.1391,504
2015-09-04,1.2384,0.1764,0.139,504
2015-09-07,1.2065,0.1716,0.1393,504
2015-09-08,1.1846,0.168,0.1393,504
2015-09-09,1.289,0.1868,0.1405,504
2015-09-10,1.2904,0.187,0.1405,504
2015-09-11,1.2698,0.1835,0.1405,504
2015-09-14,1.3145,0.1909,0.1404,504
2015-09-15,1.2575,0.1812,0.1403,504
2015-09-16,1.3163,0.1917,0.1407,504
2015-09-17,1.26,0.1809,0.1397,504
2015-09-18,1.2273,0.1755,0.1397,504
2015-09-21,1.2852,0.1861,0.1405,504
2015-09-22,1.3047,0.1892,0.1404,504
2015-09-23,1.3299,0.1938,0.1406,504
2015-09-24,1.3275,0.1934,0.1406,504
2015-09-25,1.3898,0.2036,0.1404,504
2015-09-28,1.3916,0.2039,0.1404,504
2015-09-29,1.4799,0.2197,0.141,504
2015-09-30,1.4571,0.216,0.1411,504
2015-10-01,1.5344,0.2297,0.1413,504
2015-10-02,1.5454,0.2315,0.1413,504
2015-10-05,1.5824,0.2384,0.1415,504
2015-10-06,1.657,0.2541,0.1428,504
2015-10-07,1.6699,0.2563,0.1428,504
2015-10-08,1.7121,0.2644,0.143,504
2015-10-09,1.7328,0.2686,0.1433,504
2015-10-12,1.7318,0.2684,0.1433,504
2015-10-13,1.7361,0.2692,0.1432,504
2015-10-14,1.6862,0.2606,0.1435,504
2015-10-15,1.6852,0.2604,0.1435,504
2015-10-16,1.6773,0.2588,0.1434,504
2015-10-19,1.6976,0.2625,0.1434,504
2015-10-20,1.6915,0.2614,0.1434,504
2015-10-21,1.694,0.2619,0.1434,504
2015-10-22,1.6815,0.2596,0.1434,504
2015-10-23,1.7755,0.2793,0.1446,504
2015-10-26,1.7938,0.2827,0.1446,504
2015-10-27,1.7619,0.2767,0.1446,504
2015-10-28,1.7368,0.2724,0.1448,504
2015-10-29,1.7364,0.2724,0.1448,504
2015-10-30,1.7053,0.2664,0.1447,504
2015-11-02,1.7085,0.267,0.1447,504
2015-11-03,1.7394,0.2731,0.1449,504
2015-11-04,1.7284,0.271,0.1449,504
2015-11-05,1.7187,0.2693,0.1449,504
2015-11-06,1.733,0.2719,0.1449,504
2015-11-09,1.7479,0.2745,0.1448,504
2015-11-10,1.7514,0.2751,0.1448,504
2015-11-11,1.7664,0.2778,0.1447,504
2015-11-12,1.7605,0.2767,0.1448,504
2015-11-13,1.6605,0.2584,0.1448,504
2015-11-16,1.6668,0.2596,0.1448,504
2015-11-17,1.6263,0.2528,0.1451,504
2015-11-18,1.6929,0.264,0.1446,504
2015-11-19,1.6372,0.2546,0.145,504
2015-11-20,1.6112,0.25,0.145,504
2015-11-23,1.5618,0.2409,0.145,504
2015-11-24,1.5803,0.2443,0.145,504
2015-11-25,1.5329,0.2351,0.1446,504
2015-11-26,1.5295,0.2345,0.1446,504
2015-11-27,1.5026,0.2295,0.1445,504
2015-11-30,1.4955,0.2282,0.1445,504
2015-12-01,1.4561,0.2214,0.1445,504
2015-12-02,1.4722,0.2243,0.1446,504
2015-12-03,1.4115,0.2138,0.1447,504
2015-12-04,1.3695,0.2069,0.145,504
2015-12-07,1.4208,0.2164,0.1453,504
2015-12-08,1.3832,0.2098,0.1454,504
2015-12-09,1.4344,0.2195,0.1458,504
2015-12-10,1.4756,0.2262,0.1454,504
2015-12-11,1.501,0.2308,0.1454,504
2015-12-14,1.4184,0.2169,0.1459,504
2015-12-15,1.4529,0.2229,0.1458,504
2015-12-16,1.4476,0.2219,0.1458,504
2015-12-17,1.5207,0.2357,0.1463,504
2015-12-18,1.4536,0.2245,0.1468,504
2015-12-21,1.4415,0.2226,0.1469,504
2015-12-22,1.4328,0.2209,0.1469,504
2015-12-23,1.4533,0.2249,0.1471,504
2015-12-24,1.4998,0.2336,0.1473,504
2015-12-25,1.516,0.2365,0.1472,504
2015-12-28,1.516,0.2365,0.1472,504
2015-12-29,1.505,0.2345,0.1472,504
2015-12-30,1.5257,0.2385,0.1473,504
2015-12-31,1.4576,0.226,0.1473,504
2016-01-01,1.3404,0.203,0.1458,504
2016-01-04,1.3438,0.2036,0.1458,504
2016-01-05,1.3287,0.2012,0.146,504
2016-01-06,1.3026,0.1964,0.1458,504
2016-01-07,1.3198,0.1997,0.146,504
2016-01-08,1.4187,0.2189,0.1472,504
2016-01-11,1.369,0.2084,0.1461,504
2016-01-12,1.3895,0.2119,0.146,504
2016-01-13,1.3621,0.2072,0.1461,504
2016-01-14,1.3911,0.2133,0.1468,504
2016-01-15,1.3748,0.21,0.1465,504
2016-01-18,1.4525,0.2245,0.1469,504
2016-01-19,1.4163,0.2177,0.1467,504
2016-01-20,1.3965,0.2141,0.1467,504
2016-01-21,1.3467,0.2058,0.147,504
2016-01-22,1.3842,0.2123,0.1469,504
2016-01-25,1.4128,0.2176,0.147,504
2016-01-26,1.3708,0.2105,0.1473,504
2016-01-27,1.463,0.2277,0.1477,504
2016-01-28,1.3919,0.2151,0.1478,504
2016-01-29,1.4071,0.2179,0.1479,504
2016-02-01,1.4619,0.2295,0.1489,504
2016-02-02,1.465,0.23,0.1489,504
2016-02-03,1.3941,0.2182,0.1497,504
2016-02-04,1.4644,0.2316,0.15,504
2016-02-05,1.5241,0.2434,0.1504,504
2016-02-08,1.469,0.2334,0.1505,504
2016-02-09,1.4507,0.2297,0.1503,504
2016-02-10,1.4254,0.2251,0.1504,504
2016-02-11,1.4238,0.2248,0.1504,504
2016-02-12,1.494,0.2387,0.1509,504
2016-02-15,1.4063,0.2235,0.1516,504
2016-02-16,1.3832,0.2191,0.1516,504
2016-02-17,1.4375,0.2302,0.1522,504
2016-02-18,1.441,0.2309,0.1522,504
2016-02-19,1.4265,0.2282,0.1522,504
2016-02-22,1.463,0.2346,0.152,504
2016-02-23,1.5329,0.2484,0.1523,504
2016-02-24,1.5342,0.2486,0.1523,504
2016-02-25,1.5267,0.2472,0.1523,504
2016-02-26,1.567,0.2553,0.1525,504
2016-02-29,1.5825,0.2582,0.1525,504
2016-03-01,1.5322,0.2485,0.1525,504
2016-03-02,1.6259,0.2672,0.1529,504
2016-03-03,1.6329,0.2685,0.1529,504
2016-03-04,1.6322,0.2684,0.1528,504
2016-03-07,1.6094,0.2637,0.1527,504
2016-03-08,1.5966,0.2611,0.1526,504
2016-03-09,1.5243,0.2478,0.1529,504
2016-03-10,1.5298,0.2489,0.1529,504
2016-03-11,1.5649,0.2551,0.1527,504
2016-03-14,1.6599,0.2733,0.1526,504
2016-03-15,1.6629,0.2739,0.1526,504
2016-03-16,1.6217,0.2655,0.1524,504
2016-03-17,1.5741,0.2553,0.1518,504
2016-03-18,1.6732,0.2754,0.1523,504
2016-03-21,1.7199,0.2845,0.1524,504
2016-03-22,1.7165,0.2838,0.1523,504
2016-03-23,1.6502,0.2704,0.1521,504
2016-03-24,1.6031,0.2614,0.1521,504
2016-03-25,1.5933,0.2595,0.1521,504
2016-03-28,1.584,0.2578,0.1521,504
2016-03-29,1.5833,0.2576,0.1521,504
2016-03-30,1.5486,0.2512,0.1522,504
2016-03-31,1.5489,0.2512,0.1522,504
2016-04-01,1.5908,0.2589,0.152,504
2016-04-04,1.5729,0.2555,0.1521,504
2016-04-05,1.5995,0.2609,0.1522,504
2016-04-06,1.6422,0.269,0.1522,504
2016-04-07,1.6501,0.2706,0.1522,504
2016-04-08,1.6855,0.2777,0.1523,504
2016-04-11,1.6656,0.2739,0.1523,504
2016-04-12,1.6905,0.2785,0.1522,504
2016-04-13,1.6822,0.2768,0.1522,504
2016-04-14,1.7282,0.2864,0.1525,504
2016-04-15,1.7315,0.287,0.1525,504
2016-04-18,1.6909,0.2785,0.1522,504
2016-04-19,1.6883,0.278,0.1522,504
2016-04-20,1.7368,0.2873,0.1521,504
2016-04-21,1.7621,0.292,0.152,504
2016-04-22,1.7494,0.2895,0.152,504
2016-04-25,1.7447,0.2886,0.152,504
2016-04-26,1.7761,0.2941,0.1517,504
2016-04-27,1.7732,0.2935,0.1517,504
2016-04-28,1.7896,0.2968,0.1517,504
2016-04-29,1.7994,0.2989,0.1518,504
2016-05-02,1.8182,0.3027,0.1518,504
2016-05-03,1.7836,0.296,0.1519,504
2016-05-04,1.807,0.3008,0.152,504
2016-05-05,1.8318,0.3061,0.1521,504
2016-05-06,1.836,0.3069,0.1521,504
2016-05-09,1.7991,0.2998,0.1522,504
2016-05-10,1.8173,0.3034,0.1522,504
2016-05-11,1.7553,0.2923,0.1528,504
2016-05-12,1.75,0.2911,0.1527,504
2016-05-13,1.7922,0.2991,0.1525,504
2016-05-16,1.7649,0.2942,0.1528,504
2016-05-17,1.7952,0.3006,0.153,504
2016-05-18,1.7553,0.2927,0.153,504
2016-05-19,1.7026,0.2819,0.1527,504
2016-05-20,1.6817,0.2781,0.1529,504
2016-05-23,1.7018,0.2821,0.1529,504
2016-05-24,1.6867,0.2791,0.1529,504
2016-05-25,1.7009,0.2821,0.153,504
2016-05-26,1.7144,0.2849,0.1531,504
2016-05-27,1.6912,0.2803,0.1531,504
2016-05-30,1.7232,0.2865,0.153,504
2016-05-31,1.7584,0.293,0.1528,504
2016-06-01,1.7548,0.2923,0.1528,504
2016-06-02,1.7602,0.2934,0.1528,504
2016-06-03,1.7564,0.2926,0.1528,504
2016-06-06,1.7737,0.2959,0.1528,504
2016-06-07,1.7212,0.2859,0.1529,504
2016-06-08,1.7105,0.2839,0.153,504
2016-06-09,1.6627,0.2745,0.153,504
2016-06-10,1.6633,0.2746,0.153,504
2016-06-13,1.724,0.2867,0.153,504
2016-06-14,1.7809,0.298,0.1531,504
2016-06-15,1.7748,0.2968,0.1531,504
2016-06-16,1.7963,0.3009,0.153,504
2016-06-17,1.7837,0.2983,0.153,504
2016-06-20,1.7681,0.2952,0.1529,504
2016-06-21,1.795,0.3007,0.1531,504
2016-06-22,1.779,0.2975,0.153,504
2016-06-23,1.8256,0.3059,0.1526,504
2016-06-24,1.8351,0.308,0.1527,504
2016-06-27,1.6688,0.2807,0.1555,504
2016-06-28,1.5716,0.2632,0.1565,504
2016-06-29,1.6348,0.2764,0.1569,504
2016-06-30,1.5883,0.2681,0.1574,504
2016-07-01,1.5298,0.2575,0.158,504
2016-07-04,1.5564,0.2627,0.1579,504
2016-07-05,1.5989,0.2707,0.1577,504
2016-07-06,1.6236,0.2759,0.1578,504
2016-07-07,1.6788,0.2857,0.1571,504
2016-07-08,1.6732,0.2846,0.1571,504
2016-07-11,1.5916,0.2695,0.1578,504
2016-07-12,1.5905,0.2693,0.1578,504
2016-07-13,1.6029,0.272,0.1579,504
2016-07-14,1.6136,0.2741,0.1579,504
2016-07-15,1.6857,0.2881,0.1576,504
2016-07-18,1.6984,0.2906,0.1576,504
2016-07-19,1.6883,0.2885,0.1576,504
2016-07-20,1.723,0.2952,0.1574,504
2016-07-21,1.7433,0.2993,0.1573,504
2016-07-22,1.7154,0.294,0.1575,504
2016-07-25,1.6767,0.2855,0.1572,504
2016-07-26,1.6515,0.2805,0.1573,504
2016-07-27,1.6448,0.2791,0.1572,504
2016-07-28,1.6601,0.2822,0.1572,504
2016-07-29,1.6727,0.2846,0.1572,504
2016-08-01,1.6697,0.284,0.1572,504
2016-08-02,1.6844,0.2869,0.1571,504
2016-08-03,1.7147,0.2933,0.1572,504
2016-08-04,1.7252,0.2954,0.1573,504
2016-08-05,1.7211,0.2946,0.1573,504
2016-08-08,1.6871,0.2881,0.1575,504
2016-08-09,1.681,0.2868,0.1575,504
2016-08-10,1.6841,0.2875,0.1574,504
2016-08-11,1.6812,0.2869,0.1575,504
2016-08-12,1.6909,0.2889,0.1575,504
2016-08-15,1.685,0.2878,0.1575,504
2016-08-16,1.7159,0.2941,0.1575,504
2016-08-17,1.699,0.2907,0.1576,504
2016-08-18,1.707,0.2924,0.1576,504
2016-08-19,1.7275,0.2965,0.1576,504
2016-08-22,1.7276,0.2965,0.1576,504
2016-08-23,1.7075,0.2924,0.1575,504
2016-08-24,1.6981,0.2904,0.1575,504
2016-08-25,1.6928,0.2893,0.1575,504
2016-08-26,1.6954,0.2899,0.1575,504
2016-08-29,1.7427,0.299,0.1573,504
2016-08-30,1.6937,0.2891,0.1573,504
2016-08-31,1.6685,0.284,0.1573,504
2016-09-01,1.7045,0.2905,0.1569,504
2016-09-02,1.6788,0.2851,0.1568,504
2016-09-05,1.6992,0.2893,0.1568,504
2016-09-06,1.7041,0.2902,0.1568,504
2016-09-07,1.7804,0.3044,0.1562,504
2016-09-08,1.788,0.306,0.1562,504
2016-09-09,1.7444,0.2966,0.1559,504
2016-09-12,1.6493,0.2801,0.1573,504
2016-09-13,1.7764,0.3042,0.1565,504
2016-09-14,1.6728,0.2831,0.1564,504
2016-09-15,1.7545,0.2977,0.1555,504
2016-09-16,1.831,0.3125,0.1551,504
2016-09-19,1.8575,0.3172,0.1548,504
2016-09-20,1.8298,0.311,0.1546,504
2016-09-21,1.8249,0.31,0.1546,504
2016-09-22,1.8895,0.3234,0.1547,504
2016-09-23,1.9849,0.3415,0.154,504
2016-09-26,1.9747,0.3395,0.1541,504
2016-09-27,2.0442,0.3517,0.1532,504
2016-09-28,2.1135,0.3654,0.153,504
2016-09-29,2.0754,0.3558,0.1523,504
2016-09-30,2.02,0.3445,0.1524,504
2016-10-03,2.0494,0.3508,0.1525,504
2016-10-04,2.0001,0.3396,0.152,504
2016-10-05,1.9824,0.3363,0.1521,504
2016-10-06,1.9897,0.3378,0.1522,504
2016-10-07,1.9588,0.3313,0.152,504
2016-10-10,1.9167,0.3235,0.1524,504
2016-10-11,1.922,0.3246,0.1523,504
2016-10-12,1.8654,0.3136,0.1525,504
2016-10-13,1.8392,0.3081,0.1524,504
2016-10-14,1.8333,0.3069,0.1524,504
2016-10-17,1.8101,0.3023,0.1524,504
2016-10-18,1.8228,0.3048,0.1524,504
2016-10-19,1.8111,0.3025,0.1524,504
2016-10-20,1.7912,0.2986,0.1524,504
2016-10-21,1.7686,0.2943,0.1525,504
2016-10-24,1.7686,0.2943,0.1525,504
2016-10-25,1.8008,0.3004,0.1524,504
2016-10-26,1.7822,0.2968,0.1524,504
2016-10-27,1.7849,0.2973,0.1524,504
2016-10-28,1.7309,0.2866,0.1524,504
2016-10-31,1.759,0.2922,0.1524,504
2016-11-01,1.7556,0.2915,0.1524,504
2016-11-02,1.7195,0.2847,0.1525,504
2016-11-03,1.707,0.2824,0.1526,504
2016-11-04,1.6752,0.276,0.1525,504
2016-11-07,1.6385,0.2685,0.1523,504
2016-11-08,1.6822,0.2785,0.1531,504
2016-11-09,1.7492,0.2911,0.1528,504
2016-11-10,1.8373,0.3105,0.1537,504
2016-11-11,1.891,0.3229,0.1543,504
2016-11-14,1.9355,0.3314,0.1541,504
2016-11-15,1.9486,0.3341,0.1541,504
2016-11-16,2.0314,0.3495,0.1534,504
2016-11-17,1.9963,0.3424,0.1535,504
2016-11-18,2.0703,0.3562,0.1529,504
2016-11-21,2.0804,0.3582,0.1528,504
2016-11-22,2.0946,0.3612,0.1529,504
2016-11-23,2.0802,0.358,0.1528,504
2016-11-24,2.0338,0.3462,0.1519,504
2016-11-25,2.0157,0.3424,0.1519,504
2016-11-28,2.0034,0.3397,0.1518,504
2016-11-29,1.9674,0.3327,0.1519,504
2016-11-30,1.9666,0.3325,0.1519,504
2016-12-01,1.9709,0.3334,0.1519,504
2016-12-02,1.9919,0.3377,0.1519,504
2016-12-05,1.9967,0.3387,0.1519,504
2016-12-06,1.975,0.3342,0.1519,504
2016-12-07,1.9501,0.3289,0.1518,504
2016-12-08,2.0048,0.3412,0.1523,504
2016-12-09,1.9895,0.3382,0.1523,504
2016-12-12,1.9379,0.3259,0.1515,504
2016-12-13,1.8875,0.3154,0.1514,504
2016-12-14,1.9186,0.3213,0.1512,504
2016-12-15,1.9585,0.328,0.1507,504
2016-12-16,1.9286,0.3217,0.1506,504
2016-12-19,1.8996,0.3159,0.1505,504
2016-12-20,1.8735,0.3109,0.1506,504
2016-12-21,1.8743,0.311,0.1506,504
2016-12-22,1.8457,0.3055,0.1506,504
2016-12-23,1.8752,0.311,0.1505,504
2016-12-26,1.872,0.3104,0.1505,504
2016-12-27,1.897,0.3151,0.1504,504
2016-12-28,1.9329,0.3219,0.1503,504
2016-12-29,1.9549,0.3256,0.15,504
2016-12-30,1.9293,0.3203,0.1499,504
2017-01-02,1.9213,0.3188,0.1499,504
2017-01-03,1.8803,0.3102,0.1497,504
2017-01-04,1.8317,0.3007,0.1497,504
2017-01-05,1.8148,0.2971,0.1495,504
2017-01-06,1.8654,0.3059,0.1491,504
2017-01-09,1.9395,0.3194,0.1487,504
2017-01-10,1.862,0.3038,0.1484,504
2017-01-11,1.9031,0.3115,0.1483,504
2017-01-12,1.8927,0.3093,0.1482,504
2017-01-13,1.8863,0.3081,0.1483,504
2017-01-16,1.9083,0.3124,0.1483,504
2017-01-17,1.89,0.3087,0.1482,504
2017-01-18,1.861,0.3034,0.1484,504
2017-01-19,1.8435,0.2998,0.1483,504
2017-01-20,1.8023,0.2921,0.1484,504
2017-01-23,1.8017,0.292,0.1484,504
2017-01-24,1.8152,0.2947,0.1484,504
2017-01-25,1.8288,0.2975,0.1485,504
2017-01-26,1.8565,0.3032,0.1486,504
2017-01-27,1.8369,0.2992,0.1485,504
2017-01-30,1.8493,0.3015,0.1485,504
2017-01-31,1.8054,0.2933,0.1486,504
2017-02-01,1.7812,0.289,0.1488,504
2017-02-02,1.7909,0.2908,0.1488,504
2017-02-03,1.8007,0.2926,0.1487,504
2017-02-06,1.7446,0.2819,0.1487,504
2017-02-07,1.7622,0.2851,0.1486,504
2017-02-08,1.7841,0.289,0.1485,504
2017-02-09,1.7865,0.2895,0.1485,504
2017-02-10,1.8094,0.2933,0.1483,504
2017-02-13,1.8049,0.2924,0.1482,504
2017-02-14,1.9075,0.311,0.1477,504
2017-02-15,1.9128,0.312,0.1477,504
2017-02-16,1.8899,0.3071,0.1475,504
2017-02-17,1.9244,0.3134,0.1473,504
2017-02-20,1.8675,0.3015,0.1469,504
2017-02-21,1.8817,0.3042,0.1469,504
2017-02-22,1.8608,0.2998,0.1467,504
2017-02-23,1.8757,0.3024,0.1467,504
2017-02-24,1.8784,0.303,0.1467,504
2017-02-27,1.8939,0.3057,0.1466,504
2017-02-28,1.8928,0.3055,0.1466,504
2017-03-01,1.9721,0.3194,0.146,504
2017-03-02,2.0336,0.3323,0.1464,504
2017-03-03,1.9808,0.3226,0.1467,504
2017-03-06,1.9403,0.3141,0.1464,504
2017-03-07,1.9685,0.3191,0.1462,504
2017-03-08,1.9363,0.3129,0.1462,504
2017-03-09,1.9259,0.3109,0.1462,504
2017-03-10,1.9095,0.3079,0.1462,504
2017-03-13,1.9575,0.3169,0.1462,504
2017-03-14,1.9636,0.3181,0.1461,504
2017-03-15,1.9173,0.3096,0.1463,504
2017-03-16,1.9376,0.3139,0.1465,504
2017-03-17,1.877,0.3017,0.1462,504
2017-03-20,1.9302,0.3115,0.1461,504
2017-03-21,1.9195,0.3095,0.1461,504
2017-03-22,1.9611,0.3183,0.1464,504
2017-03-23,1.9559,0.3174,0.1465,504
2017-03-24,2.0058,0.3263,0.1462,504
2017-03-27,1.9774,0.3203,0.146,504
2017-03-28,1.9939,0.3235,0.146,504
2017-03-29,2.0137,0.3277,0.1461,504
2017-03-30,2.0095,0.3269,0.1461,504
2017-03-31,2.0432,0.3334,0.1461,504
2017-04-03,2.0297,0.3309,0.1461,504
2017-04-04,2.016,0.3282,0.1462,504
2017-04-05,2.0245,0.3298,0.1461,504
2017-04-06,2.0453,0.3335,0.146,504
2017-04-07,2.0147,0.327,0.1458,504
2017-04-10,2.0129,0.3267,0.1458,504
2017-04-11,2.0728,0.3373,0.1454,504
2017-04-12,2.0794,0.3386,0.1454,504
2017-04-13,2.1053,0.3443,0.1456,504
2017-04-14,2.0912,0.3412,0.1455,504
2017-04-17,2.0943,0.3418,0.1455,504
2017-04-18,2.0569,0.3351,0.1457,504
2017-04-19,2.0607,0.3359,0.1457,504
2017-04-20,2.1016,0.3433,0.1455,504
2017-04-21,2.1371,0.3508,0.1457,504
2017-04-24,2.1471,0.3527,0.1457,504
2017-04-25,2.182,0.3604,0.146,504
2017-04-26,2.1858,0.3612,0.146,504
2017-04-27,2.168,0.3576,0.146,504
2017-04-28,2.1516,0.3543,0.146,504
2017-05-01,2.1349,0.3511,0.146,504
2017-05-02,2.1652,0.3565,0.1458,504
2017-05-03,2.1602,0.3555,0.1458,504
2017-05-04,2.18,0.3592,0.1457,504
2017-05-05,2.221,0.3667,0.1455,504
2017-05-08,2.223,0.3672,0.1455,504
2017-05-09,2.2393,0.3703,0.1455,504
2017-05-10,2.2621,0.3747,0.1454,504
2017-05-11,2.2972,0.381,0.1452,504
2017-05-12,2.2936,0.3803,0.1452,504
2017-05-15,2.3005,0.3815,0.1451,504
2017-05-16,2.317,0.3849,0.1451,504
2017-05-17,2.2811,0.3773,0.145,504
2017-05-18,2.1812,0.3596,0.1458,504
2017-05-19,2.2074,0.3646,0.1457,504
2017-05-22,2.2214,0.3678,0.1458,504
2017-05-23,2.25,0.3737,0.1459,504
2017-05-24,2.2668,0.377,0.1459,504
2017-05-25,2.3089,0.3848,0.1457,504
2017-05-26,2.3144,0.386,0.1457,504
2017-05-29,2.3409,0.391,0.1456,504
2017-05-30,2.3499,0.3928,0.1456,504
2017-05-31,2.3839,0.3991,0.1454,504
2017-06-01,2.4196,0.4059,0.1452,504
2017-06-02,2.4341,0.409,0.1453,504
2017-06-05,2.525,0.4253,0.1446,504
2017-06-06,2.5102,0.4224,0.1446,504
2017-06-07,2.5159,0.4237,0.1446,504
2017-06-08,2.5266,0.4258,0.1446,504
2017-06-09,2.5379,0.4281,0.1446,504
2017-06-12,2.5378,0.4281,0.1446,504
2017-06-13,2.5814,0.4366,0.1445,504
2017-06-14,2.5415,0.4268,0.144,504
2017-06-15,2.5466,0.4278,0.144,504
2017-06-16,2.6075,0.4396,0.1438,504
2017-06-19,2.5598,0.4293,0.1437,504
2017-06-20,2.5709,0.4317,0.1437,504
2017-06-21,2.5447,0.4271,0.1439,504
2017-06-22,2.5037,0.419,0.144,504
2017-06-23,2.4975,0.4178,0.144,504
2017-06-26,2.5096,0.4203,0.144,504
2017-06-27,2.5524,0.4282,0.1438,504
2017-06-28,2.5403,0.426,0.1438,504
2017-06-29,2.6057,0.4391,0.1437,504
2017-06-30,2.625,0.4424,0.1435,504
2017-07-03,2.6357,0.4448,0.1436,504
2017-07-04,2.7385,0.4635,0.1429,504
2017-07-05,2.6992,0.4546,0.1427,504
2017-07-06,2.7128,0.4574,0.1427,504
2017-07-07,2.6821,0.4517,0.1428,504
2017-07-10,2.7262,0.4608,0.1428,504
2017-07-11,2.7384,0.4633,0.1428,504
2017-07-12,2.7162,0.4586,0.1428,504
2017-07-13,2.7546,0.4665,0.1428,504
2017-07-14,2.7702,0.4695,0.1427,504
2017-07-17,2.7275,0.4585,0.1422,504
2017-07-18,2.6861,0.4492,0.142,504
2017-07-19,2.6782,0.4477,0.142,504
2017-07-20,2.6846,0.4489,0.142,504
2017-07-21,2.6417,0.4403,0.142,504
2017-07-24,2.6535,0.4426,0.142,504
2017-07-25,2.639,0.4397,0.142,504
2017-07-26,2.6032,0.432,0.1419,504
2017-07-27,2.5466,0.4184,0.1412,504
2017-07-28,2.4484,0.3952,0.1401,504
2017-07-31,2.3655,0.3726,0.138,504
2017-08-01,2.4146,0.3808,0.1376,504
2017-08-02,2.3175,0.3577,0.136,504
2017-08-03,2.2608,0.3446,0.1351,504
2017-08-04,2.2773,0.3477,0.1351,504
2017-08-07,2.3205,0.355,0.1349,504
2017-08-08,2.4448,0.3733,0.1335,504
2017-08-09,2.3641,0.3562,0.1327,504
2017-08-10,2.363,0.356,0.1327,504
2017-08-11,2.3689,0.3569,0.1326,504
2017-08-14,2.3711,0.3573,0.1326,504
2017-08-15,2.2456,0.3319,0.1315,504
2017-08-16,2.2989,0.3405,0.1313,504
2017-08-17,2.3072,0.342,0.1313,504
2017-08-18,2.2099,0.3267,0.1319,504
2017-08-21,2.2143,0.3273,0.1319,504
2017-08-22,2.1628,0.317,0.1314,504
2017-08-23,2.1765,0.3198,0.1315,504
2017-08-24,2.1549,0.3164,0.1317,504
2017-08-25,2.0718,0.3001,0.1309,504
2017-08-28,2.1095,0.3064,0.1308,504
2017-08-29,2.0572,0.2967,0.1305,504
2017-08-30,2.0583,0.2969,0.1305,504
2017-08-31,2.0509,0.2955,0.1304,504
2017-09-01,2.0716,0.299,0.1304,504
2017-09-04,2.0099,0.287,0.1298,504
2017-09-05,2.0368,0.2912,0.1297,504
2017-09-06,1.9421,0.2751,0.1295,504
2017-09-07,1.9549,0.2772,0.1295,504
2017-09-08,1.9178,0.2705,0.1292,504
2017-09-11,1.8151,0.2507,0.1278,504
2017-09-12,1.7826,0.2459,0.128,504
2017-09-13,1.7157,0.2349,0.1278,504
2017-09-14,1.6713,0.2272,0.1274,504
2017-09-15,1.6386,0.2222,0.1275,504
2017-09-18,1.6539,0.2247,0.1275,504
2017-09-19,1.7207,0.2347,0.1273,504
2017-09-20,1.7708,0.242,0.127,504
2017-09-21,1.7582,0.2398,0.1269,504
2017-09-22,1.7502,0.2385,0.1269,504
2017-09-25,1.7655,0.2409,0.1269,504
2017-09-26,1.7402,0.2368,0.1268,504
2017-09-27,1.7395,0.2367,0.1268,504
2017-09-28,1.6528,0.2205,0.1253,504
2017-09-29,1.636,0.2179,0.1253,504
2017-10-02,1.6567,0.221,0.1253,504
2017-10-03,1.731,0.232,0.1251,504
2017-10-04,1.7176,0.2298,0.125,504
2017-10-05,1.7187,0.23,0.125,504
2017-10-06,1.7333,0.2322,0.125,504
2017-10-09,1.6895,0.225,0.1248,504
2017-10-10,1.6751,0.2229,0.1248,504
2017-10-11,1.6925,0.2255,0.1248,504
2017-10-12,1.6851,0.2244,0.1248,504
2017-10-13,1.7058,0.2276,0.1248,504
2017-10-16,1.731,0.2312,0.1247,504
2017-10-17,1.7348,0.2318,0.1247,504
2017-10-18,1.7291,0.231,0.1247,504
2017-10-19,1.7913,0.2397,0.1243,504
2017-10-20,1.7848,0.2386,0.1243,504
2017-10-23,1.8829,0.2534,0.1241,504
2017-10-24,1.8478,0.2482,0.1242,504
2017-10-25,1.9326,0.2605,0.1238,504
2017-10-26,1.9076,0.257,0.124,504
2017-10-27,1.9348,0.2611,0.1239,504
2017-10-30,1.9166,0.2582,0.1239,504
2017-10-31,1.8802,0.2528,0.124,504
2017-11-01,1.8962,0.2553,0.124,504
2017-11-02,1.8939,0.255,0.124,504
2017-11-03,1.909,0.2574,0.1241,504
2017-11-06,1.9331,0.2609,0.124,504
2017-11-07,1.9166,0.2583,0.1239,504
2017-11-08,1.9679,0.2657,0.1237,504
2017-11-09,2.0174,0.2726,0.1233,504
2017-11-10,2.0098,0.2712,0.1232,504
2017-11-13,2.0368,0.2752,0.1231,504
2017-11-14,1.9648,0.263,0.1227,504
2017-11-15,1.9661,0.2632,0.1227,504
2017-11-16,1.923,0.2566,0.1228,504
2017-11-17,2.038,0.2733,0.1223,504
2017-11-20,2.0453,0.2745,0.1223,504
2017-11-21,2.0627,0.2773,0.1223,504
2017-11-22,2.0277,0.2706,0.1218,504
2017-11-23,2.1112,0.282,0.1212,504
2017-11-24,2.184,0.2918,0.1206,504
2017-11-27,2.1536,0.2869,0.1205,504
2017-11-28,2.1092,0.2792,0.1202,504
2017-11-29,1.992,0.262,0.1205,504
2017-11-30,1.9538,0.2567,0.1207,504
2017-12-01,2.0155,0.2673,0.1212,504
2017-12-04,2.0715,0.2766,0.1215,504
2017-12-05,2.0675,0.2758,0.1214,504
2017-12-06,2.138,0.2866,0.1214,504
2017-12-07,2.1768,0.2923,0.1212,504
2017-12-08,2.2124,0.2983,0.1214,504
2017-12-11,2.2931,0.3099,0.121,504
2017-12-12,2.2734,0.3068,0.121,504
2017-12-13,2.2219,0.2975,0.1205,504
2017-12-14,2.1506,0.2828,0.1191,504
2017-12-15,2.0802,0.2719,0.1191,504
2017-12-18,2.1111,0.2768,0.1192,504
2017-12-19,2.1764,0.2865,0.1191,504
2017-12-20,2.0961,0.2715,0.1179,504
2017-12-21,2.0642,0.2661,0.1177,504
2017-12-22,2.003,0.2556,0.1171,504
2017-12-25,2.0041,0.2558,0.1171,504
2017-12-26,2.005,0.2559,0.1171,504
2017-12-27,2.0721,0.2648,0.1167,504
2017-12-28,2.064,0.2635,0.1167,504
2017-12-29,2.0374,0.2593,0.1166,504
2018-01-01,2.0889,0.266,0.1162,504
2018-01-02,2.0195,0.2542,0.1155,504
2018-01-03,2.0463,0.2575,0.1153,504
2018-01-04,1.9972,0.2505,0.1153,504
2018-01-05,1.8704,0.2295,0.114,504
2018-01-08,1.8491,0.2267,0.1141,504
2018-01-09,1.9343,0.2367,0.1132,504
2018-01-10,1.8988,0.2307,0.1127,504
2018-01-11,1.8312,0.2201,0.1121,504
2018-01-12,1.9291,0.2337,0.1122,504
2018-01-15,1.9326,0.2343,0.1122,504
2018-01-16,1.9614,0.2381,0.1121,504
2018-01-17,1.8952,0.2293,0.1123,504
2018-01-18,1.7946,0.2141,0.1116,504
2018-01-19,1.8758,0.2232,0.1107,504
2018-01-22,1.8888,0.2249,0.1107,504
2018-01-23,1.8117,0.2128,0.1099,504
2018-01-24,1.7471,0.2033,0.1094,504
2018-01-25,1.7457,0.2031,0.1094,504
2018-01-26,1.7594,0.2049,0.1094,504
2018-01-29,1.74,0.2017,0.109,504
2018-01-30,1.7572,0.2036,0.1089,504
2018-01-31,1.7157,0.1985,0.1091,504
2018-02-01,1.6746,0.1925,0.1087,504
2018-02-02,1.6601,0.1907,0.1087,504
2018-02-05,1.5838,0.1824,0.1096,504
2018-02-06,1.2427,0.1441,0.1136,504
2018-02-07,1.3119,0.1541,0.1142,504
2018-02-08,1.2897,0.151,0.1142,504
2018-02-09,1.0719,0.1263,0.1174,504
2018-02-12,1.011,0.1185,0.1177,504
2018-02-13,1.0012,0.1174,0.1178,504
2018-02-14,0.9973,0.1169,0.1178,504
2018-02-15,1.0546,0.1247,0.1181,504
2018-02-16,1.057,0.1251,0.1182,504
2018-02-19,1.0542,0.1247,0.1182,504
2018-02-20,1.0565,0.125,0.1182,504
2018-02-21,0.9971,0.1174,0.1184,504
2018-02-22,0.9132,0.1055,0.1174,504
2018-02-23,0.9055,0.1044,0.1173,504
2018-02-26,0.9151,0.1057,0.1174,504
2018-02-27,0.9955,0.1165,0.1177,504
2018-02-28,0.9675,0.1131,0.118,504
2018-03-01,1.0369,0.1226,0.1184,504
2018-03-02,1.1124,0.1336,0.1191,504
2018-03-05,1.112,0.1335,0.1191,504
2018-03-06,1.188,0.144,0.1193,504
2018-03-07,1.2141,0.1476,0.1193,504
2018-03-08,1.2038,0.1462,0.1193,504
2018-03-09,1.2014,0.1459,0.1193,504
2018-03-12,1.2388,0.1519,0.12,504
2018-03-13,1.1588,0.1413,0.1203,504
2018-03-14,1.1177,0.1357,0.1203,504
2018-03-15,1.0316,0.1241,0.1204,504
2018-03-16,1.0598,0.1279,0.1204,504
2018-03-19,1.0831,0.1311,0.1205,504
2018-03-20,1.0262,0.1234,0.1205,504
2018-03-21,0.982,0.1171,0.1201,504
2018-03-22,0.9696,0.1154,0.1201,504
2018-03-23,1.0814,0.1328,0.1223,504
2018-03-26,1.1338,0.1406,0.1227,504
2018-03-27,0.9968,0.1227,0.1239,504
2018-03-28,1.056,0.1314,0.1242,504
2018-03-29,1.0797,0.1347,0.1242,504
2018-03-30,1.125,0.1415,0.1246,504
2018-04-02,1.1447,0.1443,0.1245,504
2018-04-03,1.0201,0.1274,0.1253,504
2018-04-04,1.0451,0.1312,0.1256,504
2018-04-05,1.0251,0.1283,0.1254,504
2018-04-06,1.0411,0.1306,0.1256,504
2018-04-09,0.9402,0.1178,0.1271,504
2018-04-10,0.8969,0.1116,0.127,504
2018-04-11,0.9075,0.1132,0.1271,504
2018-04-12,0.8757,0.1088,0.1273,504
2018-04-13,0.9563,0.1205,0.1275,504
2018-04-16,0.9293,0.1167,0.1275,504
2018-04-17,1.0393,0.132,0.1271,504
2018-04-18,0.9731,0.1225,0.1271,504
2018-04-19,1.0039,0.1271,0.1273,504
2018-04-20,1.0449,0.1327,0.127,504
2018-04-23,0.981,0.1233,0.1268,504
2018-04-24,0.9958,0.1254,0.1267,504
2018-04-25,0.8881,0.1114,0.1283,504
2018-04-26,0.9373,0.1183,0.1281,504
2018-04-27,0.903,0.1134,0.1281,504
2018-04-30,0.9021,0.1133,0.1281,504
2018-05-01,0.8088,0.1002,0.1283,504
2018-05-02,0.7645,0.0939,0.1282,504
2018-05-03,0.7407,0.0907,0.1284,504
2018-05-04,0.7353,0.0899,0.1284,504
2018-05-07,0.7791,0.0962,0.1286,504
2018-05-08,0.8052,0.1,0.1287,504
2018-05-09,0.8289,0.1034,0.1288,504
2018-05-10,0.8645,0.1086,0.129,504
2018-05-11,0.8867,0.1119,0.129,504
2018-05-14,0.9331,0.1184,0.1289,504
2018-05-15,0.9452,0.1201,0.1288,504
2018-05-16,0.9572,0.1218,0.1288,504
2018-05-17,0.9705,0.1237,0.1288,504
2018-05-18,0.9417,0.1193,0.1285,504
2018-05-21,0.9236,0.1166,0.1284,504
2018-05-22,0.9801,0.1251,0.1288,504
2018-05-23,0.9287,0.118,0.1291,504
2018-05-24,0.9182,0.1165,0.1291,504
2018-05-25,0.9336,0.1187,0.1292,504
2018-05-28,0.892,0.1126,0.129,504
2018-05-29,0.8948,0.113,0.129,504
2018-05-30,0.9644,0.1235,0.1295,504
2018-05-31,0.9732,0.1249,0.1296,504
2018-06-01,1.0992,0.1402,0.1267,504
2018-06-04,1.2448,0.1602,0.1258,504
2018-06-05,1.1765,0.1496,0.1252,504
2018-06-06,1.2591,0.1607,0.1246,504
2018-06-07,1.3768,0.1768,0.1239,504
2018-06-08,1.3807,0.1774,0.1239,504
2018-06-11,1.3938,0.1794,0.1239,504
2018-06-12,1.3666,0.1752,0.1238,504
2018-06-13,1.3834,0.1775,0.1237,504
2018-06-14,1.3606,0.1744,0.1238,504
2018-06-15,1.4353,0.1841,0.123,504
2018-06-18,1.4721,0.1893,0.1229,504
2018-06-19,1.4529,0.1863,0.1228,504
2018-06-20,1.5187,0.1973,0.1236,504
2018-06-21,1.4865,0.1924,0.1236,504
2018-06-22,1.5345,0.2,0.1238,504
2018-06-25,1.5236,0.1984,0.1239,504
2018-06-26,1.5691,0.2057,0.1242,504
2018-06-27,1.5765,0.2068,0.1242,504
2018-06-28,1.5862,0.2081,0.1241,504
2018-06-29,1.5843,0.2078,0.1241,504
2018-07-02,1.6151,0.2123,0.124,504
2018-07-03,1.5921,0.2087,0.1239,504
2018-07-04,1.5893,0.2082,0.1239,504
2018-07-05,1.5879,0.208,0.1239,504
2018-07-06,1.5557,0.2033,0.124,504
2018-07-09,1.5363,0.2005,0.124,504
2018-07-10,1.417,0.1838,0.1246,504
2018-07-11,1.3849,0.1791,0.1246,504
2018-07-12,1.4465,0.1889,0.1251,504
2018-07-13,1.5334,0.2019,0.1251,504
2018-07-16,1.5481,0.2042,0.1251,504
2018-07-17,1.5327,0.2019,0.1252,504
2018-07-18,1.5503,0.2046,0.1252,504
2018-07-19,1.5664,0.2073,0.1253,504
2018-07-20,1.5759,0.2087,0.1253,504
2018-07-23,1.5458,0.204,0.1252,504
2018-07-24,1.5383,0.203,0.1253,504
2018-07-25,1.5432,0.2038,0.1253,504
2018-07-26,1.5866,0.211,0.1257,504
2018-07-27,1.6174,0.2159,0.1258,504
2018-07-30,1.6213,0.2165,0.1258,504
2018-07-31,1.5759,0.2099,0.126,504
2018-08-01,1.6398,0.2214,0.1269,504
2018-08-02,1.5822,0.2132,0.1273,504
2018-08-03,1.5656,0.2106,0.1273,504
2018-08-06,1.5989,0.2155,0.1272,504
2018-08-07,1.6156,0.2181,0.1272,504
2018-08-08,1.6656,0.2258,0.1272,504
2018-08-09,1.6441,0.2226,0.1272,504
2018-08-10,1.6024,0.2162,0.1273,504
2018-08-13,1.5654,0.2108,0.1274,504
2018-08-14,1.5346,0.2062,0.1275,504
2018-08-15,1.5563,0.2096,0.1276,504
2018-08-16,1.5781,0.213,0.1276,504
2018-08-17,1.656,0.2227,0.1263,504
2018-08-20,1.6324,0.2187,0.1261,504
2018-08-21,1.7228,0.2318,0.1256,504
2018-08-22,1.7547,0.2369,0.1257,504
2018-08-23,1.6831,0.2261,0.1258,504
2018-08-24,1.7069,0.2295,0.1257,504
2018-08-27,1.7065,0.2294,0.1257,504
2018-08-28,1.7495,0.2366,0.126,504
2018-08-29,1.6934,0.2274,0.1257,504
2018-08-30,1.6692,0.2235,0.1256,504
2018-08-31,1.6644,0.2228,0.1257,504
2018-09-03,1.685,0.2259,0.1256,504
2018-09-04,1.6582,0.2216,0.1255,504
2018-09-05,1.6316,0.2174,0.1254,504
2018-09-06,1.6349,0.2179,0.1254,504
2018-09-07,1.5881,0.2105,0.1253,504
2018-09-10,1.572,0.2082,0.1253,504
2018-09-11,1.6277,0.2164,0.1252,504
2018-09-12,1.6019,0.2124,0.1251,504
2018-09-13,1.6141,0.2142,0.1252,504
2018-09-14,1.6938,0.2258,0.1248,504
2018-09-17,1.7091,0.2282,0.1249,504
2018-09-18,1.7559,0.2348,0.1246,504
2018-09-19,1.7827,0.2393,0.1247,504
2018-09-20,1.7806,0.2389,0.1247,504
2018-09-21,1.7953,0.2412,0.1247,504
2018-09-24,1.8099,0.2435,0.1248,504
2018-09-25,1.7409,0.2341,0.1254,504
2018-09-26,1.7413,0.2342,0.1254,504
2018-09-27,1.7613,0.2372,0.1253,504
2018-09-28,1.7726,0.2389,0.1253,504
2018-10-01,1.7624,0.2373,0.1253,504
2018-10-02,1.8065,0.2444,0.1254,504
2018-10-03,1.8017,0.2436,0.1254,504
2018-10-04,1.847,0.2505,0.1253,504
2018-10-05,1.8103,0.2447,0.1253,504
2018-10-08,1.8227,0.2467,0.1253,504
2018-10-09,1.8696,0.2537,0.1252,504
2018-10-10,1.8157,0.2463,0.1257,504
2018-10-11,1.6653,0.227,0.1278,504
2018-10-12,1.5412,0.2102,0.1293,504
2018-10-15,1.4837,0.1995,0.1282,504
2018-10-16,1.4532,0.1948,0.1282,504
2018-10-17,1.2952,0.1701,0.1276,504
2018-10-18,1.2477,0.162,0.1269,504
2018-10-19,1.3031,0.171,0.1274,504
2018-10-22,1.2718,0.1663,0.1274,504
2018-10-23,1.2436,0.1622,0.1274,504
2018-10-24,1.1967,0.1559,0.1279,504
2018-10-25,1.0373,0.1349,0.1302,504
2018-10-26,1.0651,0.1391,0.1303,504
2018-10-29,1.0052,0.1304,0.1305,504
2018-10-30,0.9203,0.1184,0.131,504
2018-10-31,0.8086,0.1028,0.1318,504
2018-11-01,0.837,0.107,0.1318,504
2018-11-02,0.8797,0.1136,0.1324,504
2018-11-05,0.8998,0.1165,0.1323,504
2018-11-06,0.9162,0.119,0.1323,504
2018-11-07,0.9497,0.1241,0.1325,504
2018-11-08,0.9832,0.1295,0.1329,504
2018-11-09,0.9776,0.1287,0.1329,504
2018-11-12,1.0174,0.1348,0.1331,504
2018-11-13,0.9306,0.1225,0.1338,504
2018-11-14,0.8818,0.1147,0.1333,504
2018-11-15,0.8905,0.116,0.1332,504
2018-11-16,0.9212,0.1208,0.1335,504
2018-11-19,0.9338,0.1226,0.1335,504
2018-11-20,0.866,0.1129,0.134,504
2018-11-21,0.8222,0.1069,0.1346,504
2018-11-22,0.8438,0.1102,0.1347,504
2018-11-23,0.8513,0.1113,0.1347,504
2018-11-26,0.865,0.1133,0.1346,504
2018-11-27,0.8707,0.1142,0.1346,504
2018-11-28,0.8786,0.1153,0.1346,504
2018-11-29,0.9533,0.1276,0.1356,504
2018-11-30,0.9589,0.1284,0.1356,504
2018-12-03,0.9937,0.1339,0.1358,504
2018-12-04,1.0271,0.1393,0.136,504
2018-12-05,0.8886,0.1206,0.1392,504
2018-12-06,0.8874,0.1205,0.1392,504
2018-12-07,0.9199,0.1256,0.1392,504
2018-12-10,1.0059,0.1403,0.1404,504
2018-12-11,1.0186,0.1423,0.1403,504
2018-12-12,0.9765,0.1356,0.1403,504
2018-12-13,1.0065,0.1404,0.1404,504
2018-12-14,0.9763,0.1355,0.1403,504
2018-12-17,0.9531,0.132,0.1406,504
2018-12-18,0.8769,0.1204,0.1411,504
2018-12-19,0.8405,0.1147,0.1411,504
2018-12-20,0.9183,0.1275,0.1416,504
2018-12-21,0.9658,0.1356,0.1422,504
2018-12-24,1.0279,0.1462,0.1428,504
2018-12-25,1.1508,0.1682,0.1442,504
2018-12-26,1.1376,0.166,0.1442,504
2018-12-27,1.2931,0.1972,0.1477,504
2018-12-28,1.2487,0.1898,0.148,504
2018-12-31,1.2213,0.185,0.148,504
2019-01-01,1.1533,0.1731,0.148,504
2019-01-02,1.119,0.167,0.1479,504
2019-01-03,1.0934,0.1627,0.1479,504
2019-01-04,1.1869,0.1807,0.1494,504
2019-01-07,1.3233,0.208,0.1516,504
2019-01-08,1.3796,0.2183,0.1515,504
2019-01-09,1.4281,0.2277,0.1518,504
2019-01-10,1.4561,0.233,0.1518,504
2019-01-11,1.5239,0.246,0.1519,504
2019-01-14,1.5252,0.2462,0.1519,504
2019-01-15,1.5305,0.2472,0.1519,504
2019-01-16,1.5154,0.2444,0.152,504
2019-01-17,1.5453,0.2498,0.1518,504
2019-01-18,1.5719,0.2555,0.1522,504
2019-01-21,1.5972,0.2611,0.1526,504
2019-01-22,1.5957,0.2608,0.1526,504
2019-01-23,1.5033,0.2444,0.1533,504
2019-01-24,1.507,0.2451,0.1533,504
2019-01-25,1.5289,0.2493,0.1533,504
2019-01-28,1.5681,0.2572,0.1536,504
2019-01-29,1.5819,0.2601,0.1537,504
2019-01-30,1.6332,0.2705,0.1539,504
2019-01-31,1.6596,0.2762,0.1542,504
2019-02-01,1.6878,0.2817,0.1542,504
2019-02-04,1.705,0.2851,0.1541,504
2019-02-05,1.7313,0.2907,0.1544,504
2019-02-06,1.7081,0.2855,0.154,504
2019-02-07,1.7465,0.2926,0.1538,504
2019-02-08,1.7198,0.2876,0.1539,504
2019-02-11,1.7328,0.2901,0.1539,504
2019-02-12,1.7594,0.2954,0.1539,504
2019-02-13,1.8175,0.3077,0.1542,504
2019-02-14,1.8129,0.3068,0.1542,504
2019-02-15,1.7778,0.2998,0.1542,504
2019-02-18,1.8203,0.3088,0.1545,504
2019-02-19,1.853,0.3151,0.1543,504
2019-02-20,1.8168,0.3074,0.1541,504
2019-02-21,1.8474,0.3135,0.1541,504
2019-02-22,1.8163,0.3072,0.1541,504
2019-02-25,1.8432,0.3128,0.1542,504
2019-02-26,1.8102,0.3054,0.1538,504
2019-02-27,1.813,0.306,0.1538,504
2019-02-28,1.8211,0.3076,0.1539,504
2019-03-01,1.8012,0.3037,0.1539,504
2019-03-04,1.7927,0.302,0.1539,504
2019-03-05,1.745,0.2922,0.1538,504
2019-03-06,1.7235,0.2882,0.1539,504
2019-03-07,1.6734,0.2786,0.154,504
2019-03-08,1.6669,0.2774,0.154,504
2019-03-11,1.6674,0.2775,0.154,504
2019-03-12,1.7027,0.2845,0.1541,504
2019-03-13,1.685,0.2813,0.1542,504
2019-03-14,1.7034,0.2851,0.1543,504
2019-03-15,1.6888,0.2823,0.1543,504
2019-03-18,1.6691,0.2784,0.1544,504
2019-03-19,1.6948,0.2837,0.1545,504
2019-03-20,1.6409,0.2727,0.1543,504
2019-03-21,1.5952,0.2638,0.1543,504
2019-03-22,1.6251,0.2699,0.1544,504
2019-03-25,1.7279,0.2913,0.155,504
2019-03-26,1.7098,0.2877,0.155,504
2019-03-27,1.6841,0.2827,0.1551,504
2019-03-28,1.6437,0.2744,0.1549,504
2019-03-29,1.6637,0.2784,0.1549,504
2019-04-01,1.654,0.2763,0.1548,504
2019-04-02,1.6985,0.2863,0.1554,504
2019-04-03,1.6968,0.2859,0.1554,504
2019-04-04,1.6878,0.2842,0.1554,504
2019-04-05,1.7227,0.2912,0.1554,504
2019-04-08,1.7419,0.295,0.1554,504
2019-04-09,1.7123,0.2891,0.1554,504
2019-04-10,1.6625,0.2798,0.1558,504
2019-04-11,1.66,0.2793,0.1558,504
2019-04-12,1.6705,0.2815,0.1558,504
2019-04-15,1.7018,0.2883,0.1561,504
2019-04-16,1.6789,0.2838,0.1561,504
2019-04-17,1.7049,0.2891,0.1562,504
2019-04-18,1.71,0.2901,0.1562,504
2019-04-19,1.7634,0.3011,0.1563,504
2019-04-22,1.7487,0.2981,0.1562,504
2019-04-23,1.742,0.2968,0.1563,504
2019-04-24,1.8412,0.3156,0.1556,504
2019-04-25,1.8461,0.3166,0.1556,504
2019-04-26,1.7337,0.2948,0.1561,504
2019-04-29,1.7331,0.2947,0.1561,504
2019-04-30,1.7338,0.2949,0.1561,504
2019-05-01,1.7426,0.2967,0.1561,504
2019-05-02,1.7425,0.2966,0.1561,504
2019-05-03,1.7404,0.2962,0.1561,504
2019-05-06,1.6985,0.2883,0.1564,504
2019-05-07,1.7288,0.2946,0.1565,504
2019-05-08,1.7805,0.3064,0.1571,504
2019-05-09,1.7612,0.3024,0.1571,504
2019-05-10,1.744,0.2988,0.1571,504
2019-05-13,1.768,0.3037,0.1571,504
2019-05-14,1.8238,0.3177,0.1582,504
2019-05-15,1.7849,0.31,0.1584,504
2019-05-16,1.7703,0.307,0.1584,504
2019-05-17,1.7862,0.3105,0.1585,504
2019-05-20,1.7371,0.3008,0.1587,504
2019-05-21,1.7161,0.2965,0.1587,504
2019-05-22,1.7545,0.3048,0.1589,504
2019-05-23,1.7088,0.2956,0.159,504
2019-05-24,1.7638,0.3075,0.1593,504
2019-05-27,1.7437,0.3033,0.1592,504
2019-05-28,1.7798,0.3103,0.159,504
2019-05-29,1.7712,0.3087,0.1591,504
2019-05-30,1.7631,0.3071,0.1591,504
2019-05-31,1.7636,0.3072,0.1591,504
2019-06-03,1.8028,0.3159,0.1594,504
2019-06-04,1.8052,0.3163,0.1594,504
2019-06-05,1.6927,0.2947,0.1602,504
2019-06-06,1.6887,0.2939,0.1603,504
2019-06-07,1.6581,0.2875,0.1602,504
2019-06-10,1.6131,0.2784,0.1603,504
2019-06-11,1.6172,0.2793,0.1603,504
2019-06-12,1.58,0.2719,0.1604,504
2019-06-13,1.6153,0.2788,0.1603,504
2019-06-14,1.6072,0.2771,0.1602,504
2019-06-17,1.5855,0.2727,0.1603,504
2019-06-18,1.5772,0.2711,0.1603,504
2019-06-19,1.6155,0.2798,0.1608,504
2019-06-20,1.6153,0.2798,0.1608,504
2019-06-21,1.6501,0.2877,0.1612,504
2019-06-24,1.6347,0.2846,0.1612,504
2019-06-25,1.6481,0.2873,0.1612,504
2019-06-26,1.6677,0.2915,0.1613,504
2019-06-27,1.6779,0.2936,0.1612,504
2019-06-28,1.6867,0.2954,0.1612,504
2019-07-01,1.725,0.3036,0.1613,504
2019-07-02,1.7319,0.3051,0.1613,504
2019-07-03,1.7319,0.3051,0.1613,504
2019-07-04,1.7672,0.3124,0.1613,504
2019-07-05,1.7599,0.3109,0.1613,504
2019-07-08,1.7513,0.3091,0.1613,504
2019-07-09,1.7336,0.3056,0.1614,504
2019-07-10,1.7131,0.3013,0.1614,504
2019-07-11,1.6905,0.2966,0.1614,504
2019-07-12,1.7051,0.2997,0.1615,504
2019-07-15,1.7549,0.3111,0.1619,504
2019-07-16,1.7515,0.3104,0.1619,504
2019-07-17,1.77,0.3144,0.1619,504
2019-07-18,1.7378,0.3086,0.1624,504
2019-07-19,1.7416,0.3094,0.1624,504
2019-07-22,1.7925,0.3199,0.1623,504
2019-07-23,1.7882,0.3189,0.1622,504
2019-07-24,1.8164,0.3254,0.1624,504
2019-07-25,1.8891,0.34,0.1619,504
2019-07-26,1.8955,0.3413,0.1619,504
2019-07-29,1.8971,0.3416,0.1619,504
2019-07-30,1.8579,0.3328,0.1618,504
2019-07-31,1.9023,0.342,0.1616,504
2019-08-01,1.8749,0.3366,0.1618,504
2019-08-02,1.7932,0.3204,0.1624,504
2019-08-05,1.8144,0.3251,0.1625,504
2019-08-06,1.8655,0.3384,0.1635,504
2019-08-07,1.8026,0.3256,0.1639,504
2019-08-08,1.794,0.3237,0.1639,504
2019-08-09,1.7342,0.3119,0.1644,504
2019-08-12,1.7589,0.3174,0.1645,504
2019-08-13,1.7461,0.3149,0.1646,504
2019-08-14,1.7774,0.322,0.1648,504
2019-08-15,1.6631,0.3004,0.1663,504
2019-08-16,1.6702,0.3018,0.1663,504
2019-08-19,1.7506,0.3201,0.1666,504
2019-08-20,1.7927,0.3295,0.1667,504
2019-08-21,1.8056,0.3324,0.1667,504
2019-08-22,1.8386,0.3397,0.1667,504
2019-08-23,1.8307,0.3379,0.1667,504
2019-08-26,1.8834,0.3519,0.1676,504
2019-08-27,1.8572,0.3462,0.1678,504
2019-08-28,1.8511,0.3448,0.1677,504
2019-08-29,1.8028,0.3345,0.168,504
2019-08-30,1.842,0.3442,0.1684,504
2019-09-02,1.8541,0.347,0.1684,504
2019-09-03,1.8541,0.347,0.1684,504
2019-09-04,1.8069,0.337,0.1687,504
2019-09-05,1.8441,0.3459,0.1689,504
2019-09-06,1.884,0.3559,0.1693,504
2019-09-09,1.8702,0.3526,0.1693,504
2019-09-10,1.8663,0.3517,0.1692,504
2019-09-11,1.8933,0.3581,0.1693,504
2019-09-12,1.9128,0.3628,0.1694,504
2019-09-13,1.9151,0.3633,0.1694,504
2019-09-16,1.9394,0.369,0.1694,504
2019-09-17,1.9322,0.3673,0.1694,504
2019-09-18,1.9323,0.3673,0.1694,504
2019-09-19,1.9124,0.3627,0.1694,504
2019-09-20,1.9023,0.3605,0.1695,504
2019-09-23,1.9172,0.364,0.1695,504
2019-09-24,1.9309,0.3671,0.1695,504
2019-09-25,1.9461,0.3707,0.1695,504
2019-09-26,1.9566,0.3732,0.1695,504
2019-09-27,1.9304,0.3668,0.1694,504
2019-09-30,1.9378,0.3684,0.1694,504
2019-10-01,1.9256,0.3656,0.1693,504
2019-10-02,1.8756,0.3558,0.1701,504
2019-10-03,1.8097,0.342,0.1707,504
2019-10-04,1.8274,0.3462,0.1707,504
2019-10-07,1.8779,0.3579,0.1708,504
2019-10-08,1.8508,0.3517,0.1708,504
2019-10-09,1.8031,0.3416,0.1712,504
2019-10-10,1.8107,0.3435,0.1713,504
2019-10-11,1.8392,0.3502,0.1713,504
2019-10-14,1.8876,0.3625,0.1718,504
2019-10-15,1.8773,0.3601,0.1718,504
2019-10-16,1.9051,0.3668,0.1719,504
2019-10-17,1.8691,0.3579,0.1717,504
2019-10-18,1.8791,0.3603,0.1717,504
2019-10-21,1.8626,0.3567,0.1718,504
2019-10-22,1.8877,0.3626,0.1718,504
2019-10-23,1.9272,0.3719,0.1718,504
2019-10-24,1.9005,0.3654,0.1717,504
2019-10-25,1.8888,0.3626,0.1717,504
2019-10-28,1.8937,0.3638,0.1717,504
2019-10-29,1.8814,0.3608,0.1717,504
2019-10-30,1.8876,0.3623,0.1717,504
2019-10-31,1.8979,0.3647,0.1717,504
2019-11-01,1.8645,0.3573,0.1719,504
2019-11-04,1.9161,0.3709,0.1725,504
2019-11-05,1.9968,0.3894,0.1722,504
2019-11-06,2.0302,0.3971,0.1721,504
2019-11-07,1.9865,0.3857,0.1717,504
2019-11-08,1.9626,0.3796,0.1716,504
2019-11-11,1.9428,0.3748,0.1715,504
2019-11-12,1.9203,0.3693,0.1714,504
2019-11-13,1.9155,0.3682,0.1714,504
2019-11-14,1.877,0.3591,0.1714,504
2019-11-15,1.855,0.354,0.1714,504
2019-11-18,1.8818,0.3603,0.1714,504
2019-11-19,1.8896,0.3622,0.1714,504
2019-11-20,1.8758,0.359,0.1714,504
2019-11-21,1.8722,0.3582,0.1715,504
2019-11-22,1.851,0.3532,0.1714,504
2019-11-25,1.8457,0.3519,0.1714,504
2019-11-26,1.8654,0.3566,0.1714,504
2019-11-27,1.8642,0.3563,0.1714,504
2019-11-28,1.859,0.3551,0.1714,504
2019-11-29,1.8582,0.3549,0.1714,504
2019-12-02,1.8443,0.3518,0.1715,504
2019-12-03,1.7884,0.3399,0.172,504
2019-12-04,1.8118,0.3456,0.1721,504
2019-12-05,1.7944,0.3416,0.1721,504
2019-12-06,1.7991,0.3427,0.1721,504
2019-12-09,1.8325,0.3508,0.1723,504
2019-12-10,1.839,0.3522,0.1722,504
2019-12-11,1.8517,0.3551,0.1722,504
2019-12-12,1.8921,0.3643,0.1721,504
2019-12-13,1.9379,0.3751,0.1721,504
2019-12-16,1.9423,0.3761,0.1721,504
2019-12-17,1.9227,0.3714,0.1721,504
2019-12-18,1.9201,0.3708,0.1721,504
2019-12-19,1.8726,0.3593,0.1719,504
2019-12-20,1.8543,0.3548,0.1718,504
2019-12-23,1.8676,0.3579,0.1718,504
2019-12-24,1.9186,0.3697,0.1717,504
2019-12-25,1.9233,0.3707,0.1717,504
2019-12-26,1.9397,0.3744,0.1717,504
2019-12-27,1.938,0.374,0.1717,504
2019-12-30,1.9355,0.3735,0.1717,504
2019-12-31,1.9229,0.3706,0.1717,504
2020-01-01,1.9273,0.3716,0.1717,504
2020-01-02,1.9244,0.3709,0.1717,504
2020-01-03,1.8311,0.3502,0.1721,504
2020-01-06,1.8571,0.356,0.1721,504
2020-01-07,1.8802,0.3611,0.1719,504
2020-01-08,1.8774,0.3605,0.1719,504
2020-01-09,1.8924,0.364,0.1719,504
2020-01-10,1.9457,0.375,0.1713,504
2020-01-13,2.0957,0.4023,0.1682,504
2020-01-14,2.0702,0.3954,0.1678,504
2020-01-15,2.065,0.3942,0.1678,504
2020-01-16,2.2164,0.423,0.1654,504
2020-01-17,2.2807,0.4378,0.1653,504
2020-01-20,2.3365,0.4496,0.1648,504
2020-01-21,2.3296,0.448,0.1648,504
2020-01-22,2.3254,0.4468,0.1648,504
2020-01-23,2.2992,0.4398,0.1645,504
2020-01-24,2.2623,0.4318,0.1648,504
2020-01-27,2.2762,0.4351,0.1648,504
2020-01-28,2.3606,0.456,0.165,504
2020-01-29,2.3389,0.4511,0.1651,504
2020-01-30,2.3021,0.4424,0.1651,504
2020-01-31,2.2745,0.4357,0.1651,504
2020-02-03,2.2961,0.4423,0.1656,504
2020-02-04,2.3394,0.4517,0.1653,504
2020-02-05,2.3503,0.455,0.1655,504
2020-02-06,2.3437,0.4529,0.1653,504
2020-02-07,2.3526,0.4551,0.1653,504
2020-02-10,2.2952,0.4412,0.1653,504
2020-02-11,2.2985,0.442,0.1653,504
2020-02-12,2.3103,0.4449,0.1653,504
2020-02-13,2.3541,0.4554,0.1653,504
2020-02-14,2.2782,0.4356,0.1648,504
2020-02-17,2.3158,0.4436,0.1645,504
2020-02-18,2.3315,0.4472,0.1644,504
2020-02-19,2.3496,0.451,0.1643,504
2020-02-20,2.342,0.4492,0.1643,504
2020-02-21,2.3303,0.4463,0.1642,504
2020-02-24,2.3706,0.4556,0.1641,504
2020-02-25,2.4307,0.4736,0.1652,504
2020-02-26,2.5226,0.5042,0.1675,504
2020-02-27,2.4677,0.4856,0.1661,504
2020-02-28,2.5107,0.502,0.1677,504
2020-03-02,2.5345,0.5065,0.1673,504
2020-03-03,2.5759,0.5223,0.1688,504
2020-03-04,2.4786,0.501,0.1698,504
2020-03-05,2.5266,0.5207,0.1718,504
2020-03-06,2.3342,0.483,0.1755,504
2020-03-09,2.4266,0.505,0.1749,504
2020-03-10,2.4916,0.5621,0.186,504
2020-03-11,2.2935,0.5178,0.1899,504
2020-03-12,2.3698,0.5538,0.194,504
2020-03-13,2.04,0.492,0.2068,504
2020-03-16,2.1638,0.5515,0.2137,504
2020-03-17,1.7419,0.4498,0.2285,504
2020-03-18,1.842,0.4883,0.2306,504
2020-03-19,1.9257,0.5312,0.236,504
2020-03-20,1.9293,0.5325,0.2359,504
2020-03-23,1.9941,0.5626,0.2383,504
2020-03-24,2.0886,0.6032,0.2401,504
2020-03-25,1.6872,0.4907,0.2566,504
2020-03-26,1.5727,0.453,0.2594,504
2020-03-27,1.4374,0.4094,0.2634,504
2020-03-30,1.5107,0.4397,0.265,504
2020-03-31,1.595,0.4708,0.2643,504
2020-04-01,1.5651,0.4596,0.2645,504
2020-04-02,1.4755,0.429,0.2665,504
2020-04-03,1.5036,0.4399,0.2666,504
2020-04-06,1.5035,0.4399,0.2666,504
2020-04-07,1.6163,0.4923,0.2709,504
2020-04-08,1.6374,0.5006,0.2708,504
2020-04-09,1.6931,0.5258,0.2719,504
2020-04-10,1.6429,0.5055,0.272,504
2020-04-13,1.6308,0.5005,0.272,504
2020-04-14,1.559,0.4731,0.2729,504
2020-04-15,1.5025,0.4512,0.2732,504
2020-04-16,1.5375,0.4662,0.2738,504
2020-04-17,1.5168,0.4581,0.2739,504
2020-04-20,1.5948,0.4933,0.2757,504
2020-04-21,1.5487,0.4757,0.2764,504
2020-04-22,1.4963,0.4556,0.277,504
2020-04-23,1.5079,0.4603,0.2771,504
2020-04-24,1.5115,0.4618,0.2771,504
2020-04-27,1.4701,0.4451,0.277,504
2020-04-28,1.5354,0.472,0.2773,504
2020-04-29,1.5694,0.4864,0.2776,504
2020-04-30,1.5935,0.4969,0.2778,504
2020-05-01,1.5588,0.4833,0.2783,504
2020-05-04,1.4996,0.4607,0.2792,504
2020-05-05,1.4941,0.4583,0.2791,504
2020-05-06,1.4766,0.451,0.279,504
2020-05-07,1.4778,0.4515,0.2789,504
2020-05-08,1.4789,0.4519,0.279,504
2020-05-11,1.5235,0.4709,0.2794,504
2020-05-12,1.498,0.4608,0.2796,504
2020-05-13,1.429,0.4342,0.2804,504
2020-05-14,1.3736,0.4131,0.281,504
2020-05-15,1.3485,0.4034,0.2811,504
2020-05-18,1.3513,0.4045,0.2811,504
2020-05-19,1.4515,0.4508,0.2848,504
2020-05-20,1.4425,0.4473,0.2849,504
2020-05-21,1.4809,0.4635,0.2851,504
2020-05-22,1.4806,0.4634,0.2851,504
2020-05-25,1.472,0.4598,0.2851,504
2020-05-26,1.4366,0.4447,0.2848,504
2020-05-27,1.504,0.4752,0.2862,504
2020-05-28,1.5362,0.4903,0.287,504
2020-05-29,1.5253,0.4858,0.2871,504
2020-06-01,1.4928,0.4719,0.287,504
2020-06-02,1.4901,0.4707,0.287,504
2020-06-03,1.5266,0.4863,0.287,504
2020-06-04,1.5854,0.5139,0.2882,504
2020-06-05,1.5999,0.5204,0.2883,504
2020-06-08,1.6537,0.5463,0.2894,504
2020-06-09,1.6812,0.5592,0.2896,504
2020-06-10,1.6347,0.5397,0.2903,504
2020-06-11,1.5989,0.5249,0.2908,504
2020-06-12,1.462,0.4729,0.2952,504
2020-06-15,1.5267,0.5012,0.2951,504
2020-06-16,1.5486,0.5109,0.2951,504
2020-06-17,1.4866,0.4839,0.2954,504
2020-06-18,1.4793,0.4806,0.2953,504
2020-06-19,1.4642,0.4741,0.2953,504
2020-06-22,1.4496,0.468,0.2954,504
2020-06-23,1.4458,0.4663,0.2954,504
2020-06-24,1.4278,0.4584,0.2954,504
2020-06-25,1.3645,0.4332,0.2965,504
2020-06-26,1.3847,0.4419,0.2966,504
2020-06-29,1.3625,0.4329,0.2969,504
2020-06-30,1.4068,0.4531,0.2977,504
2020-07-01,1.3915,0.4463,0.2975,504
2020-07-02,1.371,0.4375,0.2975,504
2020-07-03,1.3851,0.4436,0.2976,504
2020-07-06,1.4022,0.4508,0.2975,504
2020-07-07,1.3903,0.4453,0.2972,504
2020-07-08,1.38,0.4412,0.2974,504
2020-07-09,1.3822,0.4422,0.2974,504
2020-07-10,1.3421,0.4258,0.2979,504
2020-07-13,1.3609,0.4339,0.298,504
2020-07-14,1.356,0.4318,0.298,504
2020-07-15,1.3984,0.4504,0.2983,504
2020-07-16,1.4483,0.4729,0.2987,504
2020-07-17,1.464,0.4797,0.2986,504
2020-07-20,1.4822,0.4877,0.2986,504
2020-07-21,1.4494,0.4734,0.2987,504
2020-07-22,1.463,0.4796,0.2988,504
2020-07-23,1.4984,0.4951,0.2987,504
2020-07-24,1.4934,0.4928,0.2987,504
2020-07-27,1.4956,0.4938,0.2987,504
2020-07-28,1.4761,0.4852,0.2987,504
2020-07-29,1.5044,0.4976,0.2986,504
2020-07-30,1.4826,0.4883,0.2988,504
2020-07-31,1.4919,0.4925,0.2989,504
2020-08-03,1.4775,0.4859,0.2988,504
2020-08-04,1.488,0.4906,0.2988,504
2020-08-05,1.4825,0.4881,0.2988,504
2020-08-06,1.4607,0.479,0.2991,504
2020-08-07,1.4531,0.4757,0.2991,504
2020-08-10,1.4232,0.4631,0.2994,504
2020-08-11,1.3781,0.4444,0.3,504
2020-08-12,1.3991,0.4534,0.2999,504
2020-08-13,1.4098,0.458,0.2999,504
2020-08-14,1.406,0.4564,0.2999,504
2020-08-17,1.4039,0.4555,0.2999,504
2020-08-18,1.3965,0.4523,0.2999,504
2020-08-19,1.3821,0.4461,0.3,504
2020-08-20,1.3677,0.4399,0.3,504
2020-08-21,1.3504,0.4325,0.3,504
2020-08-24,1.3565,0.4351,0.3,504
2020-08-25,1.3706,0.4415,0.3002,504
2020-08-26,1.3699,0.4412,0.3002,504
2020-08-27,1.3683,0.4405,0.3002,504
2020-08-28,1.3636,0.4384,0.3002,504
2020-08-31,1.409,0.4578,0.2999,504
2020-09-01,1.3927,0.4509,0.3001,504
2020-09-02,1.4104,0.4587,0.3001,504
2020-09-03,1.4348,0.4697,0.3003,504
2020-09-04,1.3858,0.4494,0.3011,504
2020-09-07,1.3752,0.4447,0.301,504
2020-09-08,1.3714,0.4431,0.301,504
2020-09-09,1.3318,0.4265,0.3014,504
2020-09-10,1.3623,0.4399,0.3015,504
2020-09-11,1.3318,0.427,0.3017,504
2020-09-14,1.3496,0.4348,0.3018,504
2020-09-15,1.3981,0.4557,0.3017,504
2020-09-16,1.4572,0.4802,0.3007,504
2020-09-17,1.521,0.5078,0.3001,504
2020-09-18,1.5134,0.5043,0.3001,504
2020-09-21,1.4973,0.4973,0.3002,504
2020-09-22,1.4665,0.4848,0.3009,504
2020-09-23,1.4707,0.4867,0.301,504
2020-09-24,1.4117,0.4608,0.3011,504
2020-09-25,1.4204,0.4646,0.3011,504
2020-09-28,1.4504,0.478,0.3012,504
2020-09-29,1.5079,0.5037,0.3011,504
2020-09-30,1.5842,0.5366,0.3001,504
2020-10-01,1.5682,0.5292,0.3001,504
2020-10-02,1.5902,0.5391,0.3,504
2020-10-05,1.6001,0.5434,0.2998,504
2020-10-06,1.6084,0.5469,0.2997,504
2020-10-07,1.5746,0.5317,0.2998,504
2020-10-08,1.5814,0.535,0.3,504
2020-10-09,1.6005,0.5439,0.3,504
2020-10-12,1.598,0.5428,0.3,504
2020-10-13,1.5903,0.5391,0.3,504
2020-10-14,1.5449,0.5183,0.2999,504
2020-10-15,1.557,0.5238,0.2999,504
2020-10-16,1.5464,0.5188,0.2999,504
2020-10-19,1.5934,0.5396,0.2995,504
2020-10-20,1.5644,0.5267,0.2997,504
2020-10-21,1.5788,0.5332,0.2997,504
2020-10-22,1.5397,0.5154,0.2997,504
2020-10-23,1.5538,0.5219,0.2997,504
2020-10-26,1.5882,0.5371,0.2994,504
2020-10-27,1.5801,0.5338,0.2996,504
2020-10-28,1.5296,0.5116,0.3001,504
2020-10-29,1.47,0.4866,0.3011,504
2020-10-30,1.4969,0.4988,0.3012,504
2020-11-02,1.4829,0.4925,0.3012,504
2020-11-03,1.528,0.5138,0.3017,504
2020-11-04,1.536,0.5179,0.3019,504
2020-11-05,1.5173,0.5096,0.302,504
2020-11-06,1.4599,0.4845,0.3025,504
2020-11-09,1.4428,0.4767,0.3024,504
2020-11-10,1.5733,0.5347,0.3017,504
2020-11-11,1.6014,0.5481,0.3019,504
2020-11-12,1.5779,0.5373,0.3019,504
2020-11-13,1.5171,0.5088,0.3016,504
2020-11-16,1.5563,0.5273,0.3019,504
2020-11-17,1.6045,0.5504,0.3023,504
2020-11-18,1.5908,0.544,0.3023,504
2020-11-19,1.588,0.5427,0.3023,504
2020-11-20,1.6161,0.5555,0.3021,504
2020-11-23,1.6293,0.5613,0.3019,504
2020-11-24,1.6645,0.5782,0.3021,504
2020-11-25,1.6624,0.5772,0.302,504
2020-11-26,1.6204,0.557,0.3019,504
2020-11-27,1.5903,0.5425,0.3016,504
2020-11-30,1.5401,0.5181,0.301,504
2020-12-01,1.5249,0.5113,0.3011,504
2020-12-02,1.4514,0.4755,0.2994,504
2020-12-03,1.4754,0.4858,0.2992,504
2020-12-04,1.4843,0.4897,0.2992,504
2020-12-07,1.5211,0.5061,0.2992,504
2020-12-08,1.5292,0.5098,0.2992,504
2020-12-09,1.5296,0.51,0.2992,504
2020-12-10,1.486,0.4892,0.2985,504
2020-12-11,1.4112,0.4548,0.2975,504
2020-12-14,1.4017,0.4506,0.2975,504
2020-12-15,1.3566,0.4314,0.2975,504
2020-12-16,1.3682,0.4365,0.2976,504
2020-12-17,1.3353,0.4224,0.2976,504
2020-12-18,1.3266,0.4188,0.2976,504
2020-12-21,1.327,0.419,0.2976,504
2020-12-22,1.3219,0.4169,0.2976,504
2020-12-23,1.3122,0.4128,0.2977,504
2020-12-24,1.2931,0.4046,0.2975,504
2020-12-25,1.2624,0.3915,0.2972,504
2020-12-28,1.2624,0.3915,0.2972,504
2020-12-29,1.3011,0.4069,0.2968,504
2020-12-30,1.2883,0.4017,0.2968,504
2020-12-31,1.2905,0.4026,0.2969,504
2021-01-01,1.2773,0.397,0.2968,504
2021-01-04,1.2614,0.3904,0.2967,504
2021-01-05,1.2775,0.3974,0.297,504
2021-01-06,1.2682,0.3935,0.2969,504
2021-01-07,1.2992,0.4069,0.2973,504
2021-01-08,1.3058,0.4097,0.2973,504
2021-01-11,1.2804,0.3989,0.2972,504
2021-01-12,1.2654,0.3927,0.2972,504
2021-01-13,1.2814,0.3994,0.2972,504
2021-01-14,1.2783,0.3981,0.2973,504
2021-01-15,1.2815,0.3995,0.2973,504
2021-01-18,1.25,0.3867,0.2974,504
2021-01-19,1.2246,0.376,0.2973,504
2021-01-20,1.2402,0.3824,0.2972,504
2021-01-21,1.2585,0.3899,0.2972,504
2021-01-22,1.223,0.3752,0.2972,504
2021-01-25,1.2141,0.3717,0.2972,504
2021-01-26,1.2032,0.3673,0.2973,504
2021-01-27,1.1794,0.3578,0.2974,504
2021-01-28,1.1514,0.347,0.2977,504
2021-01-29,1.1648,0.3525,0.2978,504
2021-02-01,1.1203,0.3352,0.2983,504
2021-02-02,1.1072,0.3301,0.2984,504
2021-02-03,1.1349,0.3415,0.2987,504
2021-02-04,1.1418,0.3442,0.2987,504
2021-02-05,1.158,0.3508,0.2988,504
2021-02-08,1.1753,0.3578,0.2987,504
2021-02-09,1.2004,0.368,0.2987,504
2021-02-10,1.2208,0.3762,0.2986,504
2021-02-11,1.2285,0.3793,0.2986,504
2021-02-12,1.2283,0.3792,0.2986,504
2021-02-15,1.2263,0.3784,0.2986,504
2021-02-16,1.2405,0.3841,0.2985,504
2021-02-17,1.2243,0.3774,0.2985,504
2021-02-18,1.2253,0.3778,0.2985,504
2021-02-19,1.2227,0.3768,0.2985,504
2021-02-22,1.2334,0.3814,0.2986,504
2021-02-23,1.2449,0.3861,0.2986,504
2021-02-24,1.2617,0.393,0.2985,504
2021-02-25,1.2764,0.3994,0.2987,504
2021-02-26,1.2079,0.371,0.2987,504
2021-03-01,1.194,0.3654,0.2988,504
2021-03-02,1.2462,0.3875,0.2992,504
2021-03-03,1.2431,0.3862,0.2992,504
2021-03-04,1.2328,0.3819,0.2992,504
2021-03-05,1.241,0.3854,0.2993,504
2021-03-08,1.2456,0.3875,0.2994,504
2021-03-09,1.2635,0.395,0.2995,504
2021-03-10,1.2755,0.4,0.2995,504
2021-03-11,1.2397,0.3853,0.2997,504
2021-03-12,1.2361,0.3838,0.2997,504
2021-03-15,1.2653,0.3961,0.2998,504
2021-03-16,1.3025,0.4115,0.2996,504
2021-03-17,1.2774,0.4012,0.2998,504
2021-03-18,1.2821,0.4033,0.2999,504
2021-03-19,1.259,0.3934,0.2998,504
2021-03-22,1.2554,0.392,0.2998,504
2021-03-23,1.2444,0.3874,0.2998,504
2021-03-24,1.2118,0.3743,0.3001,504
2021-03-25,1.2051,0.3715,0.3,504
2021-03-26,1.1775,0.3605,0.3003,504
2021-03-29,1.2106,0.3743,0.3005,504
2021-03-30,1.1966,0.3685,0.3004,504
2021-03-31,1.199,0.3695,0.3004,504
2021-04-01,1.2286,0.3812,0.3,504
2021-04-02,1.2217,0.3783,0.3,504
2021-04-05,1.2179,0.3767,0.3,504
2021-04-06,1.2314,0.3825,0.3001,504
2021-04-07,1.2166,0.3763,0.3001,504
2021-04-08,1.2079,0.3728,0.3001,504
2021-04-09,1.2328,0.3829,0.3,504
2021-04-12,1.2331,0.383,0.3,504
2021-04-13,1.1943,0.3667,0.2997,504
2021-04-14,1.2024,0.37,0.2997,504
2021-04-15,1.207,0.3719,0.2997,504
2021-04-16,1.207,0.3719,0.2997,504
2021-04-19,1.1656,0.3543,0.2991,504
2021-04-20,1.1764,0.3585,0.299,504
2021-04-21,1.1597,0.3519,0.2991,504
2021-04-22,1.1668,0.3549,0.2992,504
2021-04-23,1.1773,0.359,0.2991,504
2021-04-26,1.1996,0.3682,0.2992,504
2021-04-27,1.1753,0.3582,0.2991,504
2021-04-28,1.203,0.3694,0.2991,504
2021-04-29,1.1747,0.3577,0.2989,504
2021-04-30,1.1871,0.3628,0.2989,504
2021-05-03,1.1758,0.3583,0.299,504
2021-05-04,1.2086,0.3716,0.299,504
2021-05-05,1.2088,0.3717,0.299,504
2021-05-06,1.204,0.3697,0.299,504
2021-05-07,1.1932,0.3652,0.2989,504
2021-05-10,1.2221,0.377,0.2989,504
2021-05-11,1.2659,0.3944,0.2983,504
2021-05-12,1.2569,0.3908,0.2984,504
2021-05-13,1.2174,0.3753,0.299,504
2021-05-14,1.2614,0.3937,0.2992,504
2021-05-17,1.2352,0.3831,0.2994,504
2021-05-18,1.2447,0.3869,0.2993,504
2021-05-19,1.2649,0.3955,0.2994,504
2021-05-20,1.2659,0.3959,0.2994,504
2021-05-21,1.2688,0.3971,0.2994,504
2021-05-24,1.2663,0.3961,0.2994,504
2021-05-25,1.2244,0.3784,0.2992,504
2021-05-26,1.2308,0.381,0.2992,504
2021-05-27,1.1982,0.3674,0.299,504
2021-05-28,1.2296,0.3804,0.2991,504
2021-05-31,1.2264,0.3791,0.2991,504
2021-06-01,1.2139,0.3739,0.2991,504
2021-06-02,1.2246,0.3783,0.2991,504
2021-06-03,1.2183,0.3757,0.2991,504
2021-06-04,1.2045,0.37,0.299,504
2021-06-07,1.1975,0.3672,0.299,504
2021-06-08,1.2068,0.371,0.2991,504
2021-06-09,1.2019,0.369,0.2991,504
2021-06-10,1.1844,0.362,0.2992,504
2021-06-11,1.1828,0.3614,0.2992,504
2021-06-14,1.2003,0.3684,0.2991,504
2021-06-15,1.1964,0.3668,0.2991,504
2021-06-16,1.1931,0.3655,0.2991,504
2021-06-17,1.1656,0.3544,0.2992,504
2021-06-18,1.1105,0.3323,0.2992,504
2021-06-21,1.1387,0.3437,0.2993,504
2021-06-22,1.0897,0.3246,0.2997,504
2021-06-23,1.1288,0.3397,0.2993,504
2021-06-24,1.1219,0.337,0.2993,504
2021-06-25,1.1257,0.3385,0.2993,504
2021-06-28,1.1277,0.3393,0.2993,504
2021-06-29,1.098,0.3274,0.2993,504
2021-06-30,1.0875,0.3232,0.2993,504
2021-07-01,1.1038,0.3297,0.2993,504
2021-07-02,1.112,0.333,0.2993,504
2021-07-05,1.1176,0.3352,0.2993,504
2021-07-06,1.1104,0.3323,0.2993,504
2021-07-07,1.1454,0.3463,0.2992,504
2021-07-08,1.1956,0.3663,0.2989,504
2021-07-09,1.1609,0.3524,0.2991,504
2021-07-12,1.1426,0.3445,0.2987,504
2021-07-13,1.1709,0.3557,0.2985,504
2021-07-14,1.1535,0.3488,0.2986,504
2021-07-15,1.1832,0.3604,0.2983,504
2021-07-16,1.1725,0.3561,0.2983,504
2021-07-19,1.1812,0.3595,0.2982,504
2021-07-20,1.1953,0.3655,0.2984,504
2021-07-21,1.2945,0.4061,0.2981,504
2021-07-22,1.3122,0.4135,0.2982,504
2021-07-23,1.2746,0.3975,0.2979,504
2021-07-26,1.2662,0.3939,0.2979,504
2021-07-27,1.2556,0.3895,0.2979,504
2021-07-28,1.2359,0.3814,0.2979,504
2021-07-29,1.2295,0.3788,0.2979,504
2021-07-30,1.1998,0.3661,0.2974,504
2021-08-02,1.2092,0.3698,0.2973,504
2021-08-03,1.212,0.371,0.2973,504
2021-08-04,1.2107,0.3705,0.2974,504
2021-08-05,1.205,0.3681,0.2973,504
2021-08-06,1.1901,0.3621,0.2973,504
2021-08-09,1.1979,0.3652,0.2973,504
2021-08-10,1.2148,0.3719,0.2971,504
2021-08-11,1.2107,0.3702,0.2971,504
2021-08-12,1.2028,0.3668,0.297,504
2021-08-13,1.1961,0.3641,0.297,504
2021-08-16,1.1857,0.3599,0.297,504
2021-08-17,1.1646,0.3514,0.297,504
2021-08-18,1.167,0.3524,0.297,504
2021-08-19,1.1841,0.3593,0.2971,504
2021-08-20,1.1866,0.3604,0.2971,504
2021-08-23,1.1836,0.3592,0.2971,504
2021-08-24,1.1704,0.3539,0.2972,504
2021-08-25,1.1814,0.3584,0.2972,504
2021-08-26,1.2008,0.3662,0.2972,504
2021-08-27,1.1827,0.3589,0.2972,504
2021-08-30,1.191,0.3623,0.2972,504
2021-08-31,1.1796,0.3577,0.2972,504
2021-09-01,1.1641,0.3514,0.2972,504
2021-09-02,1.1552,0.3479,0.2972,504
2021-09-03,1.1798,0.3578,0.2973,504
2021-09-06,1.167,0.3527,0.2973,504
2021-09-07,1.2095,0.3692,0.2968,504
2021-09-08,1.2123,0.3703,0.2967,504
2021-09-09,1.2036,0.3667,0.2967,504
2021-09-10,1.178,0.3564,0.2966,504
2021-09-13,1.1789,0.3567,0.2966,504
2021-09-14,1.2103,0.3691,0.2964,504
2021-09-15,1.1752,0.3551,0.2965,504
2021-09-16,1.1783,0.3564,0.2965,504
2021-09-17,1.1358,0.3392,0.2963,504
2021-09-20,1.1568,0.3476,0.2964,504
2021-09-21,1.1623,0.3498,0.2965,504
2021-09-22,1.172,0.3537,0.2965,504
2021-09-23,1.1501,0.3451,0.2965,504
2021-09-24,1.1902,0.3612,0.2966,504
2021-09-27,1.1837,0.3586,0.2966,504
2021-09-28,1.1722,0.3539,0.2966,504
2021-09-29,1.1523,0.3462,0.2967,504
2021-09-30,1.1518,0.3459,0.2967,504
2021-10-01,1.1747,0.3554,0.297,504
2021-10-04,1.1462,0.3442,0.2972,504
2021-10-05,1.1313,0.3384,0.2972,504
2021-10-06,1.1061,0.3285,0.2973,504
2021-10-07,1.1171,0.3328,0.2972,504
2021-10-08,1.0947,0.3236,0.2969,504
2021-10-11,1.0754,0.3159,0.2968,504
2021-10-12,1.058,0.3093,0.2969,504
2021-10-13,1.0514,0.3067,0.2969,504
2021-10-14,1.0492,0.3058,0.2969,504
2021-10-15,1.0778,0.3172,0.2972,504
2021-10-18,1.0929,0.3232,0.2972,504
2021-10-19,1.0943,0.3238,0.2972,504
2021-10-20,1.1112,0.3304,0.2972,504
2021-10-21,1.1272,0.3367,0.2972,504
2021-10-22,1.1183,0.3332,0.2972,504
2021-10-25,1.106,0.3283,0.2972,504
2021-10-26,1.1035,0.3274,0.2972,504
2021-10-27,1.1275,0.3368,0.2972,504
2021-10-28,1.1474,0.3448,0.2973,504
2021-10-29,1.1171,0.333,0.2974,504
2021-11-01,1.1046,0.328,0.2974,504
2021-11-02,1.095,0.3242,0.2974,504
2021-11-03,1.091,0.3226,0.2974,504
2021-11-04,1.0872,0.3212,0.2974,504
2021-11-05,1.0883,0.3216,0.2974,504
2021-11-08,1.0994,0.3258,0.2973,504
2021-11-09,1.0883,0.3214,0.2972,504
2021-11-10,1.0906,0.3223,0.2972,504
2021-11-11,1.1004,0.3261,0.2972,504
2021-11-12,1.0734,0.3155,0.2971,504
2021-11-15,1.0931,0.3232,0.2971,504
2021-11-16,1.092,0.3228,0.2971,504
2021-11-17,1.0818,0.3187,0.2971,504
2021-11-18,1.077,0.3168,0.2971,504
2021-11-19,1.085,0.32,0.2971,504
2021-11-22,1.0774,0.317,0.2971,504
2021-11-23,1.0836,0.3195,0.2971,504
2021-11-24,1.0936,0.3233,0.2971,504
2021-11-25,1.0871,0.3208,0.2971,504
2021-11-26,1.0794,0.3178,0.2971,504
2021-11-29,1.0179,0.2945,0.2977,504
2021-11-30,1.0276,0.2982,0.2977,504
2021-12-01,1.0684,0.3146,0.2982,504
2021-12-02,1.0874,0.3222,0.2983,504
2021-12-03,1.0362,0.3029,0.2991,504
2021-12-06,1.0421,0.3052,0.2991,504
2021-12-07,1.0687,0.3158,0.2993,504
2021-12-08,1.0855,0.3225,0.2993,504
2021-12-09,1.1225,0.3368,0.299,504
2021-12-10,1.1139,0.3334,0.299,504
2021-12-13,1.1214,0.3364,0.299,504
2021-12-14,1.1002,0.3281,0.2991,504
2021-12-15,1.0784,0.3196,0.2992,504
2021-12-16,1.0706,0.3166,0.2993,504
2021-12-17,1.0835,0.3216,0.2992,504
2021-12-20,1.0404,0.3049,0.2995,504
2021-12-21,1.0126,0.2943,0.2997,504
2021-12-22,1.0422,0.3061,0.3,504
2021-12-23,1.0306,0.3015,0.3,504
2021-12-24,1.0497,0.3091,0.3,504
2021-12-27,1.0497,0.3091,0.3,504
2021-12-28,1.049,0.3088,0.3,504
2021-12-29,1.0486,0.3087,0.3,504
2021-12-30,1.0701,0.317,0.2999,504
2021-12-31,1.0563,0.3116,0.2999,504
2022-01-03,1.0328,0.3021,0.2997,504
2022-01-04,1.0298,0.301,0.2997,504
2022-01-05,1.0713,0.3175,0.3,504
2022-01-06,1.0569,0.3119,0.3,504
2022-01-07,1.0274,0.3,0.2997,504
2022-01-10,1.0263,0.2996,0.2997,504
2022-01-11,0.9765,0.2802,0.2995,504
2022-01-12,0.9591,0.2735,0.2993,504
2022-01-13,0.9591,0.2735,0.2993,504
2022-01-14,0.975,0.2795,0.2993,504
2022-01-17,0.9555,0.2721,0.2993,504
2022-01-18,0.9492,0.2697,0.2993,504
2022-01-19,0.9141,0.2565,0.2994,504
2022-01-20,0.942,0.267,0.2994,504
2022-01-21,0.9224,0.2597,0.2996,504
2022-01-24,0.9068,0.2539,0.2997,504
2022-01-25,0.9258,0.2611,0.2997,504
2022-01-26,0.9086,0.2547,0.2998,504
2022-01-27,0.8914,0.2483,0.2998,504
2022-01-28,0.868,0.2396,0.2999,504
2022-01-31,0.8105,0.2181,0.2993,504
2022-02-01,0.763,0.2002,0.2981,504
2022-02-02,0.7732,0.2039,0.2982,504
2022-02-03,0.7252,0.1863,0.2971,504
2022-02-04,0.7293,0.1877,0.297,504
2022-02-07,0.6539,0.161,0.2961,504
2022-02-08,0.6978,0.1759,0.2956,504
2022-02-09,0.6477,0.1581,0.2943,504
2022-02-10,0.7592,0.1956,0.2923,504
2022-02-11,0.7157,0.1807,0.2925,504
2022-02-14,0.5452,0.1211,0.2855,504
2022-02-15,0.6348,0.1492,0.2831,504
2022-02-16,0.5633,0.1252,0.2803,504
2022-02-17,0.7655,0.1853,0.2704,504
2022-02-18,0.668,0.1519,0.2651,504
2022-02-21,0.9423,0.2285,0.2525,504
2022-02-22,0.858,0.2011,0.2505,504
2022-02-23,0.746,0.1648,0.2452,504
2022-02-24,0.784,0.1759,0.2455,504
2022-02-25,0.6622,0.1401,0.2432,504
2022-02-28,0.6247,0.1292,0.2418,504
2022-03-01,0.9719,0.2128,0.2245,504
2022-03-02,1.0698,0.2367,0.2215,504
2022-03-03,1.2849,0.2912,0.2173,504
2022-03-04,1.2013,0.2656,0.2154,504
2022-03-07,1.1634,0.2551,0.2152,504
2022-03-08,1.1263,0.2459,0.2159,504
2022-03-09,1.2592,0.2788,0.2134,504
2022-03-10,1.1842,0.2588,0.2137,504
2022-03-11,1.2198,0.2681,0.2134,504
2022-03-14,1.1047,0.2313,0.2079,504
2022-03-15,1.0909,0.2278,0.208,504
2022-03-16,1.0481,0.2157,0.2067,504
2022-03-17,1.1173,0.233,0.2066,504
2022-03-18,1.1475,0.2409,0.2068,504
2022-03-21,1.234,0.2619,0.2057,504
2022-03-22,1.2889,0.2755,0.2052,504
2022-03-23,1.2399,0.2616,0.2043,504
2022-03-24,1.238,0.2612,0.2043,504
2022-03-25,1.1563,0.2373,0.2018,504
2022-03-28,1.2121,0.2502,0.2009,504
2022-03-29,1.2764,0.2654,0.2002,504
2022-03-30,1.2735,0.2646,0.2001,504
2022-03-31,1.2511,0.2589,0.2001,504
2022-04-01,1.2313,0.2542,0.2003,504
2022-04-04,1.1534,0.2341,0.1997,504
2022-04-05,1.1056,0.2219,0.1993,504
2022-04-06,1.0226,0.2018,0.1992,504
2022-04-07,1.0554,0.2092,0.1987,504
2022-04-08,1.1469,0.23,0.1975,504
2022-04-11,1.1014,0.2188,0.1974,504
2022-04-12,1.0996,0.2184,0.1974,504
2022-04-13,1.1402,0.2279,0.1971,504
2022-04-14,1.0869,0.215,0.1971,504
2022-04-15,1.0248,0.1995,0.1964,504
2022-04-18,1.0579,0.2071,0.1961,504
2022-04-19,1.1266,0.2223,0.1951,504
2022-04-20,1.2406,0.2491,0.1946,504
2022-04-21,1.2825,0.2591,0.1945,504
2022-04-22,1.2462,0.2505,0.1946,504
2022-04-25,1.0386,0.1962,0.1899,504
2022-04-26,1.0736,0.2039,0.1897,504
2022-04-27,1.081,0.2058,0.1899,504
2022-04-28,1.0846,0.2066,0.1899,504
2022-04-29,1.0559,0.2003,0.1901,504
2022-05-02,1.1205,0.2161,0.1909,504
2022-05-03,1.0169,0.1901,0.1887,504
2022-05-04,0.9175,0.1668,0.1873,504
2022-05-05,1.0151,0.1892,0.1883,504
2022-05-06,1.0962,0.2084,0.1891,504
2022-05-09,1.0721,0.203,0.1891,504
2022-05-10,0.9706,0.1807,0.1898,504
2022-05-11,0.8591,0.1545,0.1879,504
2022-05-12,0.8067,0.1432,0.1879,504
2022-05-13,0.7206,0.1238,0.1861,504
2022-05-16,0.7021,0.1198,0.1858,504
2022-05-17,0.7689,0.1332,0.1849,504
2022-05-18,0.8957,0.1599,0.1848,504
2022-05-19,1.0121,0.1804,0.1798,504
2022-05-20,0.9351,0.1638,0.1795,504
2022-05-23,0.8771,0.1518,0.1796,504
2022-05-24,0.9785,0.1728,0.1793,504
2022-05-25,0.9572,0.1683,0.1793,504
2022-05-26,0.9837,0.1738,0.1793,504
2022-05-27,1.0727,0.193,0.1796,504
2022-05-30,1.1218,0.2042,0.1801,504
2022-05-31,1.1214,0.2041,0.1801,504
2022-06-01,1.2066,0.2206,0.1785,504
2022-06-02,1.1588,0.2102,0.1784,504
2022-06-03,1.2648,0.2332,0.1783,504
2022-06-06,1.1713,0.2111,0.1769,504
2022-06-07,1.1671,0.2102,0.1769,504
2022-06-08,1.2166,0.221,0.1771,504
2022-06-09,1.1384,0.2048,0.1775,504
2022-06-10,1.1905,0.2166,0.178,504
2022-06-13,1.2269,0.2256,0.1789,504
2022-06-14,1.3596,0.256,0.1795,504
2022-06-15,1.3666,0.2575,0.1795,504
2022-06-16,1.4045,0.2652,0.179,504
2022-06-17,1.4513,0.2779,0.1802,504
2022-06-20,1.4471,0.2769,0.1802,504
2022-06-21,1.3915,0.2633,0.1796,504
2022-06-22,1.272,0.2361,0.1793,504
2022-06-23,1.2865,0.2393,0.1793,504
2022-06-24,1.284,0.2388,0.1793,504
2022-06-27,1.2102,0.2244,0.1809,504
2022-06-28,1.1815,0.2178,0.1806,504
2022-06-29,1.1908,0.22,0.1807,504
2022-06-30,1.1984,0.2217,0.1808,504
2022-07-01,1.1852,0.2187,0.1807,504
2022-07-04,1.1721,0.2159,0.1808,504
2022-07-05,1.1533,0.2118,0.1807,504
2022-07-06,1.2374,0.2302,0.1807,504
2022-07-07,1.194,0.2205,0.1806,504
2022-07-08,1.2153,0.2254,0.1808,504
2022-07-11,1.191,0.2201,0.1808,504
2022-07-12,1.1789,0.2175,0.1808,504
2022-07-13,1.2268,0.2274,0.1803,504
2022-07-14,1.2701,0.2372,0.1805,504
2022-07-15,1.3363,0.2515,0.18,504
2022-07-18,1.3651,0.2572,0.1795,504
2022-07-19,1.3333,0.2501,0.1796,504
2022-07-20,1.4106,0.2702,0.1812,504
2022-07-21,1.4464,0.2784,0.1812,504
2022-07-22,1.4552,0.2805,0.1813,504
2022-07-25,1.4594,0.2815,0.1812,504
2022-07-26,1.4879,0.288,0.1812,504
2022-07-27,1.4798,0.2862,0.1812,504
2022-07-28,1.5354,0.2996,0.1815,504
2022-07-29,1.5772,0.3105,0.182,504
2022-08-01,1.5831,0.3121,0.1821,504
2022-08-02,1.5896,0.3137,0.1821,504
2022-08-03,1.5576,0.3064,0.1823,504
2022-08-04,1.5728,0.3101,0.1824,504
2022-08-05,1.5576,0.3064,0.1823,504
2022-08-08,1.5982,0.3156,0.1821,504
2022-08-09,1.5704,0.3088,0.1819,504
2022-08-10,1.5174,0.2957,0.1816,504
2022-08-11,1.6602,0.3286,0.1811,504
2022-08-12,1.6683,0.3306,0.1811,504
2022-08-15,1.7074,0.3405,0.1814,504
2022-08-16,1.7711,0.3549,0.1808,504
2022-08-17,1.7434,0.3476,0.1805,504
2022-08-18,1.7582,0.3509,0.1804,504
2022-08-19,1.7336,0.3445,0.1802,504
2022-08-22,1.6597,0.3268,0.1802,504
2022-08-23,1.6001,0.3137,0.1808,504
2022-08-24,1.5781,0.3083,0.1807,504
2022-08-25,1.5816,0.3092,0.1807,504
2022-08-26,1.6542,0.3266,0.1808,504
2022-08-29,1.6489,0.3256,0.1809,504
2022-08-30,1.6097,0.3161,0.1809,504
2022-08-31,1.7014,0.3375,0.1806,504
2022-09-01,1.6728,0.3309,0.1807,504
2022-09-02,1.6298,0.3201,0.1805,504
2022-09-05,1.6092,0.3147,0.1802,504
2022-09-06,1.5853,0.3089,0.1801,504
2022-09-07,1.5972,0.3117,0.1801,504
2022-09-08,1.5409,0.2992,0.1805,504
2022-09-09,1.582,0.3085,0.1803,504
2022-09-12,1.6647,0.3277,0.18,504
2022-09-13,1.7172,0.3398,0.1798,504
2022-09-14,1.5384,0.3001,0.1813,504
2022-09-15,1.5065,0.2924,0.1812,504
2022-09-16,1.466,0.2832,0.1814,504
2022-09-19,1.388,0.2662,0.182,504
2022-09-20,1.4556,0.2819,0.182,504
2022-09-21,1.4043,0.2703,0.1823,504
2022-09-22,1.356,0.2596,0.1825,504
2022-09-23,1.2927,0.2456,0.1828,504
2022-09-26,1.3765,0.265,0.183,504
2022-09-27,1.3902,0.2684,0.1831,504
2022-09-28,1.4282,0.277,0.183,504
2022-09-29,1.3407,0.2577,0.1836,504
2022-09-30,1.2797,0.2443,0.184,504
2022-10-03,1.3167,0.2518,0.1834,504
2022-10-04,1.455,0.2847,0.1838,504
2022-10-05,1.6391,0.3288,0.1838,504
2022-10-06,1.5863,0.3157,0.1836,504
2022-10-07,1.6196,0.324,0.1838,504
2022-10-10,1.6023,0.3189,0.1833,504
2022-10-11,1.5406,0.3022,0.1822,504
2022-10-12,1.5699,0.3088,0.182,504
2022-10-13,1.6195,0.3193,0.1813,504
2022-10-14,1.6721,0.3331,0.1819,504
2022-10-17,1.5246,0.2965,0.1811,504
2022-10-18,1.5344,0.2992,0.1814,504
2022-10-19,1.6188,0.3204,0.182,504
2022-10-20,1.6318,0.3232,0.1818,504
2022-10-21,1.5169,0.2959,0.1818,504
2022-10-24,1.5236,0.2978,0.182,504
2022-10-25,1.5658,0.3082,0.1822,504
2022-10-26,1.6135,0.3199,0.1824,504
2022-10-27,1.6161,0.3205,0.1824,504
2022-10-28,1.6729,0.3343,0.1824,504
2022-10-31,1.6877,0.3385,0.1827,504
2022-11-01,1.6351,0.3251,0.1824,504
2022-11-02,1.6542,0.3295,0.1823,504
2022-11-03,1.6991,0.3412,0.1827,504
2022-11-04,1.6734,0.3353,0.1828,504
2022-11-07,1.74,0.3519,0.183,504
2022-11-08,1.7752,0.3609,0.1831,504
2022-11-09,1.7946,0.3659,0.1832,504
2022-11-10,1.7464,0.3546,0.1835,504
2022-11-11,1.8077,0.3745,0.1856,504
2022-11-14,1.7932,0.3708,0.1856,504
2022-11-15,1.7895,0.3699,0.1856,504
2022-11-16,1.8016,0.3731,0.1856,504
2022-11-17,1.8478,0.3846,0.1855,504
2022-11-18,1.846,0.3842,0.1855,504
2022-11-21,1.8628,0.3881,0.1853,504
2022-11-22,1.8183,0.3763,0.1852,504
2022-11-23,1.8139,0.3752,0.1852,504
2022-11-24,1.8206,0.3769,0.1852,504
2022-11-25,1.8203,0.3768,0.1852,504
2022-11-28,1.8477,0.3836,0.1851,504
2022-11-29,1.8066,0.3742,0.1856,504
2022-11-30,1.8089,0.3748,0.1856,504
2022-12-01,1.85,0.386,0.1859,504
2022-12-02,1.8508,0.3862,0.1859,504
2022-12-05,1.8625,0.3893,0.1859,504
2022-12-06,1.8301,0.3818,0.1863,504
2022-12-07,1.7793,0.3692,0.1865,504
2022-12-08,1.7634,0.3652,0.1865,504
2022-12-09,1.7791,0.3692,0.1865,504
2022-12-12,1.6976,0.3474,0.1859,504
2022-12-13,1.715,0.3523,0.1861,504
2022-12-14,1.6672,0.339,0.1855,504
2022-12-15,1.6475,0.3341,0.1854,504
2022-12-16,1.7129,0.3517,0.1861,504
2022-12-19,1.7251,0.3548,0.1861,504
2022-12-20,1.6847,0.3446,0.1861,504
2022-12-21,1.7124,0.3513,0.186,504
2022-12-22,1.6478,0.3362,0.1865,504
2022-12-23,1.6486,0.3364,0.1865,504
2022-12-26,1.6643,0.3403,0.1865,504
2022-12-27,1.6555,0.3382,0.1865,504
2022-12-28,1.6474,0.3361,0.1865,504
2022-12-29,1.6319,0.3325,0.1867,504
2022-12-30,1.6777,0.3442,0.1868,504
2023-01-02,1.6857,0.3461,0.1867,504
2023-01-03,1.7117,0.3523,0.1866,504
2023-01-04,1.7648,0.3645,0.186,504
2023-01-05,1.702,0.3485,0.1859,504
2023-01-06,1.7359,0.3559,0.1854,504
2023-01-09,1.8305,0.3815,0.1861,504
2023-01-10,1.7661,0.364,0.1856,504
2023-01-11,1.7788,0.3673,0.1856,504
2023-01-12,1.776,0.3665,0.1856,504
2023-01-13,1.776,0.3665,0.1856,504
2023-01-16,1.7504,0.3599,0.1855,504
2023-01-17,1.7435,0.3582,0.1855,504
2023-01-18,1.7237,0.3535,0.1857,504
2023-01-19,1.674,0.3421,0.1862,504
2023-01-20,1.5943,0.3234,0.1868,504
2023-01-23,1.6297,0.3326,0.187,504
2023-01-24,1.6605,0.3406,0.1871,504
2023-01-25,1.6854,0.3468,0.1871,504
2023-01-26,1.6838,0.3465,0.1871,504
2023-01-27,1.6571,0.3392,0.1869,504
2023-01-30,1.6597,0.3399,0.1869,504
2023-01-31,1.6239,0.3312,0.187,504
2023-02-01,1.6195,0.33,0.1869,504
2023-02-02,1.6531,0.3375,0.1865,504
2023-02-03,1.6607,0.3393,0.1864,504
2023-02-06,1.5843,0.319,0.1857,504
2023-02-07,1.5857,0.3193,0.1857,504
2023-02-08,1.5911,0.3206,0.1857,504
2023-02-09,1.5349,0.3065,0.1855,504
2023-02-10,1.4512,0.2855,0.1849,504
2023-02-13,1.4426,0.2834,0.1848,504
2023-02-14,1.4554,0.2865,0.1849,504
2023-02-15,1.4907,0.2944,0.1846,504
2023-02-16,1.5052,0.2979,0.1846,504
2023-02-17,1.4412,0.2827,0.1846,504
2023-02-20,1.4365,0.2815,0.1846,504
2023-02-21,1.4776,0.2907,0.1842,504
2023-02-22,1.3794,0.2685,0.1849,504
2023-02-23,1.3751,0.2676,0.1849,504
2023-02-24,1.409,0.2754,0.1848,504
2023-02-27,1.4258,0.2794,0.1848,504
2023-02-28,1.5002,0.2964,0.1844,504
2023-03-01,1.487,0.2932,0.1844,504
2023-03-02,1.5443,0.3062,0.184,504
2023-03-03,1.5309,0.3027,0.1838,504
2023-03-06,1.5587,0.3096,0.1839,504
2023-03-07,1.5419,0.3055,0.1839,504
2023-03-08,1.5138,0.2992,0.1842,504
2023-03-09,1.5111,0.2986,0.1842,504
2023-03-10,1.4684,0.289,0.1845,504
2023-03-13,1.3818,0.2691,0.1849,504
2023-03-14,1.4035,0.2742,0.1849,504
2023-03-15,1.3863,0.2704,0.185,504
2023-03-16,1.4405,0.2844,0.1858,504
2023-03-17,1.3784,0.2699,0.1859,504
2023-03-20,1.4302,0.2826,0.1862,504
2023-03-21,1.3797,0.271,0.1865,504
2023-03-22,1.4061,0.2775,0.1866,504
2023-03-23,1.3403,0.2627,0.1871,504
2023-03-24,1.3266,0.2595,0.1872,504
2023-03-27,1.349,0.2648,0.1871,504
2023-03-28,1.4017,0.2771,0.187,504
2023-03-29,1.3802,0.2717,0.1868,504
2023-03-30,1.4312,0.2842,0.187,504
2023-03-31,1.4086,0.2785,0.1869,504
2023-04-03,1.4505,0.2889,0.1871,504
2023-04-04,1.424,0.2824,0.187,504
2023-04-05,1.4846,0.298,0.1876,504
2023-04-06,1.4994,0.3019,0.1877,504
2023-04-07,1.5185,0.3064,0.1877,504
2023-04-10,1.4919,0.2997,0.1876,504
2023-04-11,1.4785,0.2966,0.1877,504
2023-04-12,1.4916,0.2999,0.1877,504
2023-04-13,1.4823,0.2975,0.1876,504
2023-04-14,1.4649,0.2931,0.1875,504
2023-04-17,1.4591,0.2917,0.1875,504
2023-04-18,1.5219,0.3065,0.1873,504
2023-04-19,1.6057,0.3256,0.1864,504
2023-04-20,1.5568,0.3129,0.186,504
2023-04-21,1.5917,0.3209,0.1857,504
2023-04-24,1.5939,0.3214,0.1857,504
2023-04-25,1.5501,0.3103,0.1855,504
2023-04-26,1.5814,0.3186,0.1859,504
2023-04-27,1.6347,0.3325,0.1863,504
2023-04-28,1.5901,0.3225,0.1868,504
2023-05-01,1.5801,0.3202,0.1869,504
2023-05-02,1.5864,0.3218,0.1869,504
2023-05-03,1.5657,0.317,0.1871,504
2023-05-04,1.541,0.3105,0.1869,504
2023-05-05,1.5691,0.3177,0.187,504
2023-05-08,1.6072,0.3276,0.1873,504
2023-05-09,1.6065,0.3274,0.1873,504
2023-05-10,1.6202,0.3307,0.1872,504
2023-05-11,1.6044,0.3269,0.1873,504
2023-05-12,1.6292,0.3331,0.1873,504
2023-05-15,1.6091,0.328,0.1872,504
2023-05-16,1.5888,0.323,0.1873,504
2023-05-17,1.6519,0.3388,0.1873,504
2023-05-18,1.7083,0.3536,0.1876,504
2023-05-19,1.7218,0.3571,0.1877,504
2023-05-22,1.7278,0.3586,0.1876,504
2023-05-23,1.739,0.3614,0.1876,504
2023-05-24,1.7314,0.3596,0.1877,504
2023-05-25,1.8087,0.379,0.1875,504
2023-05-26,1.7667,0.3679,0.1873,504
2023-05-29,1.8521,0.3883,0.1866,504
2023-05-30,1.8492,0.3876,0.1866,504
2023-05-31,1.8512,0.3881,0.1866,504
2023-06-01,1.7914,0.3733,0.1869,504
2023-06-02,1.8187,0.3807,0.1871,504
2023-06-05,1.9007,0.4043,0.188,504
2023-06-06,1.8867,0.4008,0.1881,504
2023-06-07,1.883,0.3998,0.1881,504
2023-06-08,1.9043,0.406,0.1883,504
2023-06-09,1.9048,0.4061,0.1883,504
2023-06-12,1.8976,0.4042,0.1883,504
2023-06-13,1.8916,0.4025,0.1883,504
2023-06-14,1.8956,0.4037,0.1883,504
2023-06-15,1.9284,0.4117,0.188,504
2023-06-16,1.9268,0.4112,0.188,504
2023-06-19,1.9188,0.4091,0.188,504
2023-06-20,1.9461,0.4159,0.1879,504
2023-06-21,1.9251,0.4106,0.188,504
2023-06-22,1.9344,0.4132,0.188,504
2023-06-23,1.9391,0.4143,0.188,504
2023-06-26,1.8673,0.3944,0.1876,504
2023-06-27,1.8235,0.381,0.1867,504
2023-06-28,1.8295,0.3827,0.1867,504
2023-06-29,1.8396,0.3853,0.1867,504
2023-06-30,1.8008,0.3756,0.1869,504
2023-07-03,1.8243,0.3818,0.1869,504
2023-07-04,1.8402,0.3858,0.1869,504
2023-07-05,1.8465,0.3874,0.1868,504
2023-07-06,1.811,0.3782,0.1868,504
2023-07-07,1.7952,0.3744,0.1869,504
2023-07-10,1.7833,0.3712,0.1869,504
2023-07-11,1.8568,0.39,0.1868,504
2023-07-12,1.8526,0.3888,0.1868,504
2023-07-13,1.8608,0.3909,0.1868,504
2023-07-14,1.8519,0.3885,0.1867,504
2023-07-17,1.8548,0.3892,0.1867,504
2023-07-18,1.8386,0.3848,0.1866,504
2023-07-19,1.8204,0.3798,0.1865,504
2023-07-20,1.8268,0.3814,0.1865,504
2023-07-21,1.8231,0.3805,0.1865,504
2023-07-24,1.8451,0.3861,0.1865,504
2023-07-25,1.8233,0.3802,0.1863,504
2023-07-26,1.7917,0.3719,0.1862,504
2023-07-27,1.7918,0.3719,0.1862,504
2023-07-28,1.7747,0.3678,0.1863,504
2023-07-31,1.8142,0.3777,0.1863,504
2023-08-01,1.8072,0.3759,0.1862,504
2023-08-02,1.7982,0.3735,0.1862,504
2023-08-03,1.7805,0.3693,0.1863,504
2023-08-04,1.7448,0.3603,0.1864,504
2023-08-07,1.731,0.3569,0.1864,504
2023-08-08,1.7034,0.3504,0.1867,504
2023-08-09,1.7261,0.3561,0.1867,504
2023-08-10,1.6968,0.3485,0.1865,504
2023-08-11,1.7211,0.3545,0.1865,504
2023-08-14,1.7166,0.3534,0.1865,504
2023-08-15,1.7684,0.3655,0.186,504
2023-08-16,1.728,0.3558,0.1863,504
2023-08-17,1.7562,0.3629,0.1862,504
2023-08-18,1.7449,0.3602,0.1863,504
2023-08-21,1.7429,0.3597,0.1863,504
2023-08-22,1.7741,0.3671,0.1861,504
2023-08-23,1.7393,0.3581,0.186,504
2023-08-24,1.7852,0.3697,0.186,504
2023-08-25,1.7227,0.3542,0.1861,504
2023-08-28,1.7152,0.3522,0.1861,504
2023-08-29,1.7226,0.3541,0.1861,504
2023-08-30,1.765,0.3647,0.186,504
2023-08-31,1.7383,0.3574,0.1858,504
2023-09-01,1.7202,0.3529,0.1858,504
2023-09-04,1.7315,0.3558,0.1859,504
2023-09-05,1.7647,0.3638,0.1856,504
2023-09-06,1.7124,0.3515,0.1861,504
2023-09-07,1.6498,0.335,0.1856,504
2023-09-08,1.6803,0.342,0.1853,504
2023-09-11,1.7088,0.349,0.1853,504
2023-09-12,1.7416,0.3568,0.1851,504
2023-09-13,1.7439,0.3573,0.1851,504
2023-09-14,1.7047,0.3476,0.1851,504
2023-09-15,1.7306,0.3543,0.1852,504
2023-09-18,1.7372,0.3558,0.1852,504
2023-09-19,1.7493,0.3588,0.1851,504
2023-09-20,1.7549,0.3602,0.1851,504
2023-09-21,1.7183,0.3502,0.1847,504
2023-09-22,1.7346,0.3547,0.1849,504
2023-09-25,1.742,0.3566,0.185,504
2023-09-26,1.7396,0.3559,0.1849,504
2023-09-27,1.6783,0.3414,0.1853,504
2023-09-28,1.6925,0.345,0.1853,504
2023-09-29,1.7137,0.3502,0.1853,504
2023-10-02,1.7052,0.3482,0.1854,504
2023-10-03,1.661,0.3375,0.1855,504
2023-10-04,1.6112,0.3251,0.1854,504
2023-10-05,1.6558,0.3356,0.1852,504
2023-10-06,1.6401,0.3318,0.1852,504
2023-10-09,1.6828,0.3428,0.1854,504
2023-10-10,1.7317,0.3555,0.1857,504
2023-10-11,1.7538,0.3611,0.1857,504
2023-10-12,1.748,0.3597,0.1857,504
2023-10-13,1.7512,0.3605,0.1857,504
2023-10-16,1.7633,0.3637,0.1858,504
2023-10-17,1.74,0.3581,0.1859,504
2023-10-18,1.7165,0.3522,0.1859,504
2023-10-19,1.7862,0.3713,0.1866,504
2023-10-20,1.7895,0.3722,0.1866,504
2023-10-23,1.8212,0.3805,0.1867,504
2023-10-24,1.8331,0.3836,0.1867,504
2023-10-25,1.837,0.3847,0.1868,504
2023-10-26,1.7946,0.3744,0.187,504
2023-10-27,1.7968,0.3749,0.187,504
2023-10-30,1.7646,0.367,0.1871,504
2023-10-31,1.7917,0.3743,0.1873,504
2023-11-01,1.814,0.3801,0.1874,504
2023-11-02,1.8227,0.3823,0.1874,504
2023-11-03,1.9559,0.4158,0.1868,504
2023-11-06,1.9742,0.4208,0.1868,504
2023-11-07,1.9068,0.4012,0.1861,504
2023-11-08,1.8648,0.3899,0.1859,504
2023-11-09,1.9646,0.4126,0.1846,504
2023-11-10,1.9618,0.4119,0.1846,504
2023-11-13,1.9561,0.4102,0.1845,504
2023-11-14,1.9319,0.4037,0.1844,504
2023-11-15,1.9746,0.4159,0.1849,504
2023-11-16,1.989,0.4196,0.1848,504
2023-11-17,1.9785,0.4169,0.1848,504
2023-11-20,2.0255,0.4288,0.1847,504
2023-11-21,2.0612,0.4378,0.1845,504
2023-11-22,2.0843,0.4436,0.1844,504
2023-11-23,2.0889,0.4448,0.1844,504
2023-11-24,2.1407,0.4573,0.1839,504
2023-11-27,2.1959,0.4709,0.1835,504
2023-11-28,2.1622,0.4606,0.1831,504
2023-11-29,2.1609,0.4602,0.1831,504
2023-11-30,2.1196,0.4489,0.1829,504
2023-12-01,2.1481,0.4569,0.1831,504
2023-12-04,2.1604,0.4606,0.1832,504
2023-12-05,2.1513,0.4581,0.1832,504
2023-12-06,2.1229,0.4509,0.1833,504
2023-12-07,2.1451,0.4568,0.1833,504
2023-12-08,2.1361,0.4543,0.1833,504
2023-12-11,2.1686,0.4626,0.1832,504
2023-12-12,2.1442,0.455,0.1828,504
2023-12-13,2.1846,0.4653,0.1826,504
2023-12-14,2.201,0.4701,0.1828,504
2023-12-15,2.235,0.4797,0.1829,504
2023-12-18,2.2649,0.4872,0.1827,504
2023-12-19,2.2486,0.4827,0.1827,504
2023-12-20,2.2604,0.486,0.1827,504
2023-12-21,2.2051,0.4724,0.1832,504
2023-12-22,2.2494,0.4844,0.1832,504
2023-12-25,2.2624,0.488,0.1832,504
2023-12-26,2.2967,0.4966,0.183,504
2023-12-27,2.2866,0.4936,0.1829,504
2023-12-28,2.3292,0.5043,0.1826,504
2023-12-29,2.3571,0.5115,0.1824,504
2024-01-01,2.3382,0.5063,0.1824,504
2024-01-02,2.3675,0.5137,0.1822,504
2024-01-03,2.3632,0.5127,0.1823,504
2024-01-04,2.3439,0.5081,0.1825,504
2024-01-05,2.3678,0.5144,0.1824,504
2024-01-08,2.3438,0.5074,0.1823,504
2024-01-09,2.326,0.502,0.1821,504
2024-01-10,2.2985,0.4945,0.1821,504
2024-01-11,2.3616,0.5104,0.1817,504
2024-01-12,2.3874,0.5168,0.1815,504
2024-01-15,2.3849,0.5161,0.1815,504
2024-01-16,2.3586,0.5086,0.1814,504
2024-01-17,2.2931,0.4908,0.1814,504
2024-01-18,2.3241,0.4981,0.1811,504
2024-01-19,2.4063,0.5198,0.1809,504
2024-01-22,2.4348,0.5276,0.1809,504
2024-01-23,2.4172,0.5221,0.1807,504
2024-01-24,2.4304,0.5255,0.1806,504
2024-01-25,2.3664,0.5071,0.1803,504
2024-01-26,2.3697,0.508,0.1803,504
2024-01-29,2.3652,0.5069,0.1803,504
2024-01-30,2.3572,0.5045,0.1803,504
2024-01-31,2.3122,0.4911,0.1799,504
2024-02-01,2.3161,0.492,0.1799,504
2024-02-02,2.2051,0.462,0.1797,504
2024-02-05,2.2026,0.4613,0.1796,504
2024-02-06,2.2638,0.4763,0.1793,504
2024-02-07,2.184,0.4542,0.1789,504
2024-02-08,2.1613,0.4486,0.179,504
2024-02-09,2.1671,0.4501,0.179,504
2024-02-12,2.2517,0.4688,0.1778,504
2024-02-13,2.2389,0.4653,0.1778,504
2024-02-14,2.2655,0.4712,0.1775,504
2024-02-15,2.3048,0.4825,0.1778,504
2024-02-16,2.3034,0.4821,0.1778,504
2024-02-19,2.2954,0.4801,0.1778,504
2024-02-20,2.2544,0.4685,0.1775,504
2024-02-21,2.2103,0.4566,0.1774,504
2024-02-22,2.1875,0.4503,0.1772,504
2024-02-23,2.2097,0.4564,0.1774,504
2024-02-26,2.2179,0.4586,0.1774,504
2024-02-27,2.1984,0.4536,0.1774,504
2024-02-28,2.2319,0.4617,0.1772,504
2024-02-29,2.2206,0.4586,0.1772,504
2024-03-01,2.2301,0.4609,0.1771,504
2024-03-04,2.2166,0.4576,0.1771,504
2024-03-05,2.1809,0.4482,0.1771,504
2024-03-06,2.2066,0.455,0.1772,504
2024-03-07,2.2397,0.4625,0.1768,504
2024-03-08,2.2387,0.4623,0.1768,504
2024-03-11,2.2487,0.4648,0.1768,504
2024-03-12,2.278,0.4715,0.1765,504
2024-03-13,2.3141,0.4806,0.1764,504
2024-03-14,2.3121,0.48,0.1764,504
2024-03-15,2.3162,0.481,0.1764,504
2024-03-18,2.3076,0.4788,0.1764,504
2024-03-19,2.3081,0.4789,0.1764,504
2024-03-20,2.3605,0.4923,0.1763,504
2024-03-21,2.3958,0.5021,0.1764,504
2024-03-22,2.4226,0.5095,0.1765,504
2024-03-25,2.4427,0.5147,0.1765,504
2024-03-26,2.4143,0.506,0.1761,504
2024-03-27,2.4094,0.5046,0.1761,504
2024-03-28,2.3894,0.5002,0.1764,504
2024-03-29,2.4724,0.5188,0.1754,504
2024-04-01,2.4724,0.5188,0.1754,504
2024-04-02,2.3944,0.4967,0.1749,504
2024-04-03,2.3697,0.4904,0.175,504
2024-04-04,2.4197,0.5028,0.1747,504
2024-04-05,2.3285,0.4767,0.174,504
2024-04-08,2.3717,0.4885,0.1742,504
2024-04-09,2.3868,0.4921,0.1741,504
2024-04-10,2.311,0.4693,0.1731,504
2024-04-11,2.2201,0.4442,0.1723,504
2024-04-12,2.2376,0.4483,0.1723,504
2024-04-15,2.2867,0.4583,0.1715,504
2024-04-16,2.2847,0.4578,0.1715,504
2024-04-17,2.3063,0.4628,0.1714,504
2024-04-18,2.285,0.4577,0.1715,504
2024-04-19,2.2396,0.446,0.1713,504
2024-04-22,2.2383,0.4457,0.1713,504
2024-04-23,2.2019,0.4349,0.1707,504
2024-04-24,2.3795,0.4725,0.1687,504
2024-04-25,2.3829,0.4733,0.1687,504
2024-04-26,2.4272,0.4835,0.1685,504
2024-04-29,2.388,0.4727,0.1681,504
2024-04-30,2.409,0.4781,0.1682,504
2024-05-01,2.3386,0.462,0.1686,504
2024-05-02,2.2779,0.4456,0.1681,504
2024-05-03,2.2408,0.4352,0.1676,504
2024-05-06,2.2611,0.4402,0.1676,504
2024-05-07,2.3156,0.4533,0.1676,504
2024-05-08,2.3433,0.4597,0.1675,504
2024-05-09,2.2925,0.446,0.167,504
2024-05-10,2.333,0.456,0.1671,504
2024-05-13,2.3228,0.4535,0.1671,504
2024-05-14,2.2721,0.4408,0.1669,504
2024-05-15,2.3337,0.4538,0.1664,504
2024-05-16,2.3005,0.4444,0.1659,504
2024-05-17,2.2084,0.4193,0.1648,504
2024-05-20,2.1369,0.3992,0.1635,504
2024-05-21,2.1351,0.3988,0.1635,504
2024-05-22,2.1567,0.4034,0.1634,504
2024-05-23,2.0708,0.3797,0.1618,504
2024-05-24,2.0231,0.3698,0.1621,504
2024-05-27,2.0067,0.3663,0.1621,504
2024-05-28,2.0704,0.3789,0.1616,504
2024-05-29,2.0891,0.3835,0.1617,504
2024-05-30,2.0252,0.3702,0.1621,504
2024-05-31,2.1376,0.39,0.1601,504
2024-06-03,2.0886,0.3799,0.1604,504
2024-06-04,2.0902,0.3803,0.1604,504
2024-06-05,2.0801,0.378,0.1604,504
2024-06-06,2.0364,0.3689,0.1606,504
2024-06-07,2.046,0.3708,0.1605,504
2024-06-10,2.0493,0.3715,0.1605,504
2024-06-11,2.016,0.3635,0.1602,504
2024-06-12,2.0162,0.3635,0.1602,504
2024-06-13,2.0098,0.362,0.1602,504
2024-06-14,2.0035,0.3607,0.1602,504
2024-06-17,1.9918,0.3584,0.1603,504
2024-06-18,2.0344,0.368,0.1604,504
2024-06-19,2.0152,0.3634,0.1603,504
2024-06-20,1.9978,0.3595,0.1602,504
2024-06-21,2.0545,0.3708,0.1598,504
2024-06-24,2.0675,0.3734,0.1597,504
2024-06-25,1.9922,0.3524,0.1579,504
2024-06-26,1.9946,0.353,0.1579,504
2024-06-27,1.981,0.3499,0.1578,504
2024-06-28,1.988,0.3514,0.1578,504
2024-07-01,1.9718,0.3479,0.1578,504
2024-07-02,2.022,0.3588,0.1579,504
2024-07-03,1.994,0.3521,0.1576,504
2024-07-04,1.9467,0.3406,0.157,504
2024-07-05,1.8883,0.327,0.1564,504
2024-07-08,1.8729,0.3239,0.1564,504
2024-07-09,1.9133,0.3318,0.1562,504
2024-07-10,1.87,0.3227,0.1561,504
2024-07-11,1.8858,0.3261,0.1562,504
2024-07-12,1.8365,0.3166,0.1565,504
2024-07-15,1.8183,0.3131,0.1566,504
2024-07-16,1.8062,0.3107,0.1567,504
2024-07-17,1.6525,0.2803,0.157,504
2024-07-18,1.6742,0.2851,0.1572,504
2024-07-19,1.6538,0.2805,0.157,504
2024-07-22,1.6633,0.2825,0.157,504
2024-07-23,1.6148,0.2731,0.1572,504
2024-07-24,1.6475,0.2794,0.1571,504
2024-07-25,1.6962,0.2905,0.1577,504
2024-07-26,1.7651,0.3041,0.1575,504
2024-07-29,1.7726,0.3054,0.1574,504
2024-07-30,1.7722,0.3053,0.1574,504
2024-07-31,1.7711,0.3051,0.1574,504
2024-08-01,1.7598,0.3024,0.1572,504
2024-08-02,1.9484,0.3378,0.1557,504
2024-08-05,2.0252,0.3555,0.1563,504
2024-08-06,2.0328,0.3575,0.1564,504
2024-08-07,2.0978,0.3714,0.1565,504
2024-08-08,2.1176,0.3757,0.1565,504
2024-08-09,2.0023,0.3532,0.1573,504
2024-08-12,2.0018,0.3531,0.1573,504
2024-08-13,1.9797,0.3486,0.1574,504
2024-08-14,2.0005,0.3523,0.1571,504
2024-08-15,2.0039,0.3531,0.1571,504
2024-08-16,2.0053,0.3534,0.1571,504
2024-08-19,1.982,0.3484,0.1571,504
2024-08-20,2.1541,0.3787,0.1547,504
2024-08-21,2.1514,0.3782,0.1547,504
2024-08-22,2.2073,0.3896,0.1545,504
2024-08-23,2.2824,0.4034,0.1537,504
2024-08-26,2.2726,0.401,0.1536,504
2024-08-27,2.3141,0.409,0.1533,504
2024-08-28,2.3649,0.4189,0.153,504
2024-08-29,2.4195,0.4294,0.1525,504
2024-08-30,2.3881,0.4211,0.1521,504
2024-09-02,2.3886,0.4212,0.1521,504
2024-09-03,2.3776,0.4189,0.1521,504
2024-09-04,2.5262,0.4505,0.1519,504
2024-09-05,2.5898,0.4625,0.1513,504
2024-09-06,2.5957,0.4636,0.1512,504
2024-09-09,2.5504,0.4493,0.15,504
2024-09-10,2.5113,0.4356,0.1485,504
2024-09-11,2.5368,0.4408,0.1484,504
2024-09-12,2.5069,0.4338,0.1482,504
2024-09-13,2.4762,0.4258,0.1477,504
2024-09-16,2.4965,0.4305,0.1479,504
2024-09-17,2.5144,0.4343,0.1479,504
2024-09-18,2.5615,0.4439,0.1478,504
2024-09-19,2.496,0.4277,0.1471,504
2024-09-20,2.6384,0.4559,0.1465,504
2024-09-23,2.5501,0.4353,0.146,504
2024-09-24,2.5048,0.423,0.1451,504
2024-09-25,2.5553,0.4332,0.145,504
2024-09-26,2.6196,0.4441,0.1443,504
2024-09-27,2.5623,0.4282,0.1432,504
2024-09-30,2.5252,0.4198,0.1429,504
2024-10-01,2.498,0.4135,0.1427,504
2024-10-02,2.4876,0.4114,0.1427,504
2024-10-03,2.443,0.4019,0.1425,504
2024-10-04,2.3563,0.3824,0.1418,504
2024-10-07,2.3906,0.3892,0.1418,504
2024-10-08,2.3851,0.3882,0.1418,504
2024-10-09,2.3386,0.3776,0.1413,504
2024-10-10,2.345,0.3787,0.1413,504
2024-10-11,2.2752,0.3643,0.141,504
2024-10-14,2.2951,0.3691,0.1413,504
2024-10-15,2.2431,0.359,0.1413,504
2024-10-16,2.3251,0.3739,0.1409,504
2024-10-17,2.1928,0.3407,0.1381,504
2024-10-18,2.2054,0.343,0.1381,504
2024-10-21,2.2177,0.3451,0.138,504
2024-10-22,2.2063,0.3429,0.138,504
2024-10-23,2.1323,0.3299,0.1383,504
2024-10-24,2.1366,0.3307,0.1383,504
2024-10-25,2.1387,0.3311,0.1382,504
2024-10-28,2.1409,0.3314,0.1382,504
2024-10-29,2.1817,0.3386,0.1381,504
2024-10-30,2.1911,0.3402,0.1381,504
2024-10-31,2.1973,0.3414,0.1381,504
2024-11-01,2.1372,0.331,0.1383,504
2024-11-04,2.2186,0.3442,0.1377,504
2024-11-05,2.1928,0.3394,0.1376,504
2024-11-06,2.1935,0.3395,0.1376,504
2024-11-07,2.2916,0.3653,0.1402,504
2024-11-08,2.2489,0.3573,0.1403,504
2024-11-11,2.3537,0.3761,0.1399,504
2024-11-12,2.4278,0.3897,0.1396,504
2024-11-13,2.4618,0.3966,0.1397,504
2024-11-14,2.4487,0.3939,0.1397,504
2024-11-15,2.5337,0.4114,0.1399,504
2024-11-18,2.4596,0.3957,0.1396,504
2024-11-19,2.4512,0.394,0.1396,504
2024-11-20,2.455,0.3947,0.1396,504
2024-11-21,2.3883,0.3789,0.1386,504
2024-11-22,2.3223,0.3674,0.139,504
2024-11-25,2.2855,0.3614,0.1393,504
2024-11-26,2.3027,0.3648,0.1393,504
2024-11-27,2.387,0.3786,0.1386,504
2024-11-28,2.425,0.3849,0.1383,504
2024-11-29,2.4042,0.3808,0.1383,504
2024-12-02,2.4241,0.3847,0.1383,504
2024-12-03,2.3842,0.3775,0.1384,504
2024-12-04,2.4134,0.3822,0.1382,504
2024-12-05,2.3881,0.3768,0.1379,504
2024-12-06,2.3538,0.3711,0.1382,504
2024-12-09,2.3441,0.3694,0.1382,504
2024-12-10,2.3178,0.3649,0.1384,504
2024-12-11,2.3437,0.3693,0.1382,504
2024-12-12,2.3784,0.3751,0.138,504
2024-12-13,2.2747,0.3523,0.1369,504
2024-12-16,2.282,0.3536,0.1368,504
2024-12-17,2.2657,0.3505,0.1368,504
2024-12-18,2.196,0.3379,0.1369,504
2024-12-19,2.0484,0.315,0.1384,504
2024-12-20,2.048,0.3149,0.1384,504
2024-12-23,2.0873,0.3226,0.1386,504
2024-12-24,2.1196,0.3281,0.1384,504
2024-12-25,2.2261,0.346,0.1378,504
2024-12-26,2.3153,0.36,0.1369,504
2024-12-27,2.272,0.3512,0.1366,504
2024-12-30,2.2054,0.3388,0.1366,504
2024-12-31,2.1417,0.3277,0.1368,504
2025-01-01,2.1587,0.3306,0.1367,504
2025-01-02,2.1391,0.327,0.1367,504
2025-01-03,2.1367,0.3265,0.1367,504
2025-01-06,2.2129,0.3403,0.1366,504
2025-01-07,2.1497,0.3276,0.1362,504
2025-01-08,2.1747,0.3318,0.1361,504
2025-01-09,2.22,0.3396,0.1359,504
2025-01-10,2.2404,0.3431,0.1359,504
2025-01-13,2.2039,0.3372,0.1361,504
2025-01-14,2.2323,0.3429,0.1363,504
2025-01-15,2.2943,0.3547,0.1364,504
2025-01-16,2.3529,0.3651,0.1363,504
2025-01-17,2.3686,0.3685,0.1364,504
2025-01-20,2.3585,0.3664,0.1364,504
2025-01-21,2.3689,0.3682,0.1363,504
2025-01-22,2.257,0.3499,0.1372,504
2025-01-23,2.3074,0.3585,0.1369,504
2025-01-24,2.2435,0.3472,0.1371,504
2025-01-27,2.2587,0.3501,0.1371,504
2025-01-28,2.4051,0.3749,0.1363,504
2025-01-29,2.438,0.3812,0.1363,504
2025-01-30,2.4081,0.3756,0.1364,504
2025-01-31,2.3417,0.364,0.1366,504
2025-02-03,2.2832,0.3532,0.1366,504
2025-02-04,2.235,0.345,0.1369,504
2025-02-05,2.2218,0.3425,0.1368,504
2025-02-06,2.1848,0.3352,0.1366,504
2025-02-07,2.1641,0.331,0.1365,504
2025-02-10,2.1597,0.3303,0.1365,504
2025-02-11,2.2437,0.3449,0.1363,504
2025-02-12,2.2364,0.3435,0.1363,504
2025-02-13,2.2739,0.3493,0.1359,504
2025-02-14,2.3589,0.3628,0.1352,504
2025-02-17,2.329,0.3573,0.1351,504
2025-02-18,2.3726,0.3645,0.1349,504
2025-02-19,2.3266,0.3533,0.134,504
2025-02-20,2.3774,0.3614,0.1336,504
2025-02-21,2.3472,0.3548,0.1332,504
2025-02-24,2.4717,0.3787,0.1336,504
2025-02-25,2.4485,0.3739,0.1334,504
2025-02-26,2.5541,0.3908,0.1327,504
2025-02-27,2.5679,0.3932,0.1326,504
2025-02-28,2.5386,0.3879,0.1327,504
2025-03-03,2.5541,0.3914,0.1329,504
2025-03-04,2.4733,0.3779,0.1333,504
2025-03-05,2.3371,0.3546,0.1338,504
2025-03-06,2.3812,0.3638,0.1342,504
2025-03-07,2.3014,0.3491,0.1341,504
2025-03-10,2.3484,0.3581,0.1343,504
2025-03-11,2.2118,0.3326,0.1339,504
2025-03-12,2.102,0.3138,0.1342,504
2025-03-13,2.1005,0.3136,0.1342,504
2025-03-14,2.0588,0.3068,0.1344,504
2025-03-17,2.1549,0.3248,0.1348,504
2025-03-18,2.1798,0.3299,0.135,504
2025-03-19,2.1357,0.3224,0.1352,504
2025-03-20,2.1669,0.3287,0.1354,504
2025-03-21,2.1518,0.3261,0.1355,504
2025-03-24,2.103,0.3174,0.1355,504
2025-03-25,2.1454,0.3264,0.136,504
2025-03-26,2.1539,0.3279,0.136,504
2025-03-27,2.1346,0.3247,0.1361,504
2025-03-28,2.1226,0.3227,0.1362,504
2025-03-31,2.043,0.3105,0.137,504
2025-04-01,1.956,0.294,0.1366,504
2025-04-02,1.8731,0.2783,0.1361,504
2025-04-03,1.9196,0.2851,0.1355,504
2025-04-04,2.08,0.3258,0.1404,504
2025-04-07,2.1821,0.3632,0.147,504
2025-04-08,2.2368,0.3735,0.1468,504
2025-04-09,2.2508,0.3766,0.1468,504
2025-04-10,1.7549,0.3069,0.1599,504
2025-04-11,1.7811,0.3138,0.1606,504
2025-04-14,1.7091,0.2998,0.1611,504
2025-04-15,1.7332,0.3051,0.1612,504
2025-04-16,1.7288,0.3042,0.1613,504
2025-04-17,1.6644,0.2914,0.1616,504
2025-04-18,1.6833,0.2953,0.1616,504
2025-04-21,1.6989,0.2985,0.1615,504
2025-04-22,1.7215,0.3042,0.162,504
2025-04-23,1.7221,0.3044,0.162,504
2025-04-24,1.7368,0.3078,0.1621,504
2025-04-25,1.8058,0.3239,0.1628,504
2025-04-28,1.8062,0.324,0.1628,504
2025-04-29,1.8564,0.3343,0.1626,504
2025-04-30,1.8386,0.33,0.1624,504
2025-05-01,1.8256,0.3274,0.1625,504
2025-05-02,1.8258,0.3275,0.1625,504
2025-05-05,1.7646,0.3155,0.163,504
2025-05-06,1.7677,0.3162,0.163,504
2025-05-07,1.8393,0.331,0.1628,504
2025-05-08,1.8177,0.326,0.1626,504
2025-05-09,1.6949,0.2981,0.1617,504
2025-05-12,1.7148,0.3021,0.1616,504
2025-05-13,1.7761,0.3178,0.163,504
2025-05-14,1.7514,0.3119,0.1627,504
2025-05-15,1.7306,0.3076,0.1627,504
2025-05-16,1.7714,0.3166,0.1628,504
2025-05-19,1.7833,0.3194,0.163,504
2025-05-20,1.7598,0.314,0.1628,504
2025-05-21,1.7793,0.3181,0.1628,504
2025-05-22,1.7839,0.3193,0.1629,504
2025-05-23,1.7897,0.3205,0.1629,504
2025-05-26,1.7794,0.3184,0.1629,504
2025-05-27,1.8034,0.3233,0.1628,504
2025-05-28,1.836,0.3312,0.1632,504
2025-05-29,1.8437,0.3327,0.1631,504
2025-05-30,1.8711,0.3384,0.163,504
2025-06-02,1.8484,0.3333,0.1629,504
2025-06-03,1.8095,0.3245,0.1627,504
2025-06-04,1.8325,0.3296,0.1628,504
2025-06-05,1.866,0.3365,0.1626,504
2025-06-06,1.8385,0.3303,0.1625,504
2025-06-09,1.8629,0.3358,0.1626,504
2025-06-10,1.8601,0.3352,0.1626,504
2025-06-11,1.8636,0.3359,0.1626,504
2025-06-12,1.8894,0.3413,0.1625,504
2025-06-13,1.8906,0.3415,0.1625,504
2025-06-16,1.8748,0.3377,0.1623,504
2025-06-17,1.8181,0.3253,0.1622,504
2025-06-18,1.8461,0.3314,0.1623,504
2025-06-19,1.8346,0.329,0.1623,504
2025-06-20,1.8439,0.3309,0.1623,504
2025-06-23,1.8358,0.3292,0.1623,504
2025-06-24,1.858,0.3344,0.1625,504
2025-06-25,1.8813,0.3397,0.1626,504
2025-06-26,1.8667,0.3367,0.1627,504
2025-06-27,1.8841,0.3408,0.1628,504
2025-06-30,1.9064,0.3459,0.1629,504
2025-07-01,1.9254,0.3501,0.1629,504
2025-07-02,1.9146,0.3477,0.1629,504
2025-07-03,1.9459,0.3542,0.1627,504
2025-07-04,1.9525,0.3557,0.1628,504
2025-07-07,1.9452,0.3541,0.1628,504
2025-07-08,1.9467,0.3545,0.1628,504
2025-07-09,1.9806,0.3614,0.1626,504
2025-07-10,2.0219,0.3705,0.1625,504
2025-07-11,2.0585,0.3785,0.1625,504
2025-07-14,2.0885,0.3846,0.1622,504
2025-07-15,2.0909,0.3851,0.1622,504
2025-07-16,2.115,0.3907,0.1623,504
2025-07-17,2.1174,0.3912,0.1623,504
2025-07-18,2.1499,0.3988,0.1624,504
2025-07-21,2.1416,0.397,0.1624,504
2025-07-22,2.1678,0.4023,0.1621,504
2025-07-23,2.1583,0.4,0.1621,504
2025-07-24,2.2359,0.4185,0.1624,504
2025-07-25,2.2246,0.416,0.1624,504
2025-07-28,2.2575,0.4239,0.1625,504
2025-07-29,2.2551,0.4233,0.1625,504
2025-07-30,2.1866,0.408,0.1626,504
2025-07-31,2.2119,0.4131,0.1624,504
2025-08-01,2.1867,0.4072,0.1623,504
2025-08-04,2.2047,0.4119,0.1626,504
2025-08-05,2.1514,0.4,0.1627,504
2025-08-06,2.1439,0.3983,0.1627,504
2025-08-07,2.156,0.4009,0.1626,504
2025-08-08,2.1446,0.3982,0.1626,504
2025-08-11,2.147,0.3988,0.1626,504
2025-08-12,2.1952,0.4084,0.1621,504
2025-08-13,2.2395,0.4188,0.1622,504
2025-08-14,2.2618,0.4238,0.1622,504
2025-08-15,2.2171,0.414,0.1623,504
2025-08-18,2.2014,0.4105,0.1624,504
2025-08-19,2.225,0.4159,0.1623,504
2025-08-20,2.2536,0.4221,0.1622,504
2025-08-21,2.2218,0.4145,0.1621,504
2025-08-22,2.2291,0.4161,0.1621,504
2025-08-25,2.2713,0.4268,0.1624,504
2025-08-26,2.225,0.4167,0.1626,504
2025-08-27,2.243,0.4212,0.1627,504
2025-08-28,2.1977,0.4098,0.1624,504
2025-08-29,2.1816,0.4061,0.1624,504
2025-09-01,2.1359,0.3962,0.1625,504
2025-09-02,2.1885,0.4069,0.1621,504
2025-09-03,2.1344,0.395,0.1622,504
2025-09-04,2.1368,0.3956,0.1623,504
2025-09-05,2.1161,0.3914,0.1624,504
2025-09-08,2.1599,0.4008,0.1622,504
2025-09-09,2.1757,0.4041,0.1622,504
2025-09-10,2.186,0.4066,0.1622,504
2025-09-11,2.2274,0.416,0.1622,504
2025-09-12,2.2163,0.4131,0.162,504
2025-09-15,2.1457,0.3965,0.1619,504
2025-09-16,2.1415,0.3955,0.1618,504
2025-09-17,2.1517,0.3976,0.1618,504
2025-09-18,2.1672,0.4008,0.1617,504
2025-09-19,2.1721,0.4021,0.1617,504
2025-09-22,2.2155,0.4113,0.1615,504
2025-09-23,2.2147,0.4111,0.1615,504
2025-09-24,2.1498,0.3942,0.1607,504
2025-09-25,2.1054,0.3842,0.1607,504
2025-09-26,2.0525,0.3725,0.1606,504
2025-09-29,2.0651,0.3754,0.1607,504
2025-09-30,2.0519,0.3724,0.1607,504
2025-10-01,2.1191,0.3866,0.1604,504
2025-10-02,2.1238,0.3876,0.1604,504
2025-10-03,2.1616,0.3955,0.1602,504
2025-10-06,2.1296,0.3879,0.16,504
2025-10-07,2.1216,0.386,0.16,504
2025-10-08,2.0928,0.3798,0.1601,504
2025-10-09,2.0621,0.3718,0.1596,504
2025-10-10,1.9842,0.3556,0.1599,504
2025-10-13,2.0532,0.3724,0.1605,504
2025-10-14,2.0919,0.3812,0.1607,504
2025-10-15,2.0449,0.3715,0.1609,504
2025-10-16,2.0647,0.3758,0.1609,504
2025-10-17,2.0431,0.3705,0.1607,504
2025-10-20,2.0376,0.3693,0.1607,504
2025-10-21,1.9419,0.3477,0.1604,504
2025-10-22,1.9618,0.3523,0.1605,504
2025-10-23,1.9171,0.3433,0.1608,504
2025-10-24,1.9342,0.3474,0.161,504
2025-10-27,1.9274,0.3459,0.161,504
2025-10-28,1.9471,0.3503,0.161,504
2025-10-29,1.917,0.344,0.1611,504
2025-10-30,1.925,0.3457,0.1611,504
2025-10-31,1.9094,0.3424,0.1611,504
2025-11-03,1.8996,0.3402,0.1611,504
2025-11-04,1.8785,0.3358,0.1611,504
2025-11-05,1.9247,0.3461,0.1613,504
2025-11-06,1.88,0.3362,0.1612,504
2025-11-07,1.8471,0.3284,0.1608,504
2025-11-10,1.8262,0.3241,0.1609,504
2025-11-11,1.8701,0.3332,0.1608,504
2025-11-12,1.8573,0.3304,0.1608,504
2025-11-13,1.8513,0.3292,0.1608,504
2025-11-14,1.8861,0.3373,0.1611,504
2025-11-17,1.8579,0.331,0.161,504
2025-11-18,1.8114,0.3215,0.1612,504
2025-11-19,1.7642,0.3113,0.161,504
2025-11-20,1.7368,0.3051,0.1608,504
2025-11-21,1.6837,0.2949,0.1613,504
2025-11-24,1.7196,0.3028,0.1615,504
2025-11-25,1.704,0.2994,0.1614,504
2025-11-26,1.7965,0.3184,0.1612,504
2025-11-27,1.7835,0.3154,0.1611,504
2025-11-28,1.7688,0.3123,0.1611,504
2025-12-01,1.7865,0.3161,0.1611,504
2025-12-02,1.7156,0.3019,0.1614,504
2025-12-03,1.7371,0.3065,0.1615,504
2025-12-04,1.7645,0.3126,0.1616,504
2025-12-05,1.7841,0.3168,0.1617,504
2025-12-08,1.7753,0.3149,0.1617,504
2025-12-09,1.8048,0.3208,0.1615,504
2025-12-10,1.8315,0.3259,0.1612,504
2025-12-11,1.879,0.3371,0.1617,504
2025-12-12,1.9068,0.3434,0.1618,504
2025-12-15,1.906,0.3433,0.1618,504
2025-12-16,1.9109,0.3443,0.1618,504
2025-12-17,1.8762,0.3369,0.1618,504
2025-12-18,1.8282,0.3275,0.1623,504
2025-12-19,1.8074,0.3233,0.1624,504
2025-12-22,1.833,0.329,0.1625,504
2025-12-23,1.8987,0.3431,0.1624,504
2025-12-24,1.9194,0.3474,0.1623,504
2025-12-25,1.8904,0.3406,0.1621,504
2025-12-26,1.8707,0.3362,0.162,504
2025-12-29,1.8418,0.3298,0.162,504
2025-12-30,1.8374,0.3289,0.162,504
2025-12-31,1.8483,0.3311,0.1619,504
