signal,threshold,threshold_value,threshold_rule,strategy,lead_days,lead_months,oos_sharpe,oos_ann_return,oos_max_drawdown,annual_turnover,oos_n,valid
gold_copper_roc_5d,Tp75_lo,2.0649,lte,P2_long_short,0,0,1.5101,36.09,-22.7,89.15,1566,True
gold_copper_roc_5d,Tfix03_lo,0.3,lte,P1_long_cash,0,0,1.5036,24.63,-19.2,54.23,1566,True
gold_copper_roc_5d,Tfix03_lo,0.3,lte,P2_long_short,0,0,1.449,34.29,-37.73,108.46,1566,False
gold_copper_roc_5d,Tp50_lo,0.0074,lte,P1_long_cash,0,0,1.3724,21.22,-21.09,54.87,1566,True
gold_copper_roc_5d,Tp75_lo,2.0649,lte,P1_long_cash,0,0,1.372,25.06,-18.5,44.57,1566,True
gold_copper_zscore_126d,Tp90_lo,2.0703,lte,P2_long_short,0,0,1.3368,31.03,-28.31,17.38,1566,True
gold_copper_roc_63d,Tfix03_lo,0.3,lte,P1_long_cash,0,0,1.3036,15.46,-9.48,22.85,1566,True
gold_copper_mom_63d,Tfix03_lo,0.3,lte,P1_long_cash,0,0,1.2755,14.76,-9.48,21.56,1566,True
gold_copper_zscore_126d,Tp50_lo,-0.0334,lte,P1_long_cash,0,0,1.273,13.45,-8.25,16.41,1566,True
gold_copper_roc_5d,Tzn1_lo,-1.0,lte,P1_long_cash,0,0,1.2621,16.06,-16.45,48.11,1566,True
gold_copper_roc_5d,Tz1_lo,-1.0,lte,P1_long_cash,0,0,1.2621,16.06,-16.45,48.11,1566,True
gold_copper_roc_63d,Tp50_lo,0.2018,lte,P1_long_cash,0,0,1.2546,14.73,-9.48,21.89,1566,True
gold_copper_zscore_126d,Tp50_hi,-0.0334,gte,P1_long_cash,231,11,1.2412,18.49,-12.92,16.41,1566,True
gold_copper_roc_5d,Tp25_lo,-2.0781,lte,P1_long_cash,0,0,1.2354,13.37,-12.44,43.61,1566,True
gold_copper_roc_5d,Trp25_lo,-2.0781,lte,P1_long_cash,0,0,1.2354,13.37,-12.44,43.61,1566,True
gold_copper_pctrank_1260d,Tp50_hi,0.5612,gte,P1_long_cash,231,11,1.2301,18.18,-12.92,6.76,1566,True
gold_copper_roc_21d,Tfix03_lo,0.3,lte,P1_long_cash,210,10,1.2258,14.98,-12.84,30.57,1566,True
gold_copper_pctrank_1260d,Tfix07_hi,0.7,gte,P1_long_cash,210,10,1.2212,17.87,-12.92,5.31,1566,True
gold_copper_roc_21d,Tp50_lo,0.0209,lte,P1_long_cash,0,0,1.2205,15.88,-19.15,31.54,1566,True
gold_copper_mom_21d,Tp50_lo,0.098,lte,P1_long_cash,0,0,1.2205,15.88,-19.15,31.54,1566,True
gold_copper_mom_21d,Tp75_hi,16.087,gte,P1_long_cash,252,12,1.2184,12.49,-12.92,21.72,1566,True
gold_copper_zscore_126d,Tp90_lo,2.0703,lte,P1_long_cash,0,0,1.2162,22.56,-18.16,8.69,1566,True
gold_copper_zscore_252d,Tp50_hi,0.0526,gte,P1_long_cash,231,11,1.2138,19.87,-13.08,7.72,1566,True
gold_copper_pctrank_504d,Tp75_hi,0.841,gte,P1_long_cash,231,11,1.2136,15.86,-12.92,8.53,1566,True
gold_copper_mom_63d,Tp50_lo,0.758,lte,P1_long_cash,0,0,1.2127,14.05,-9.48,20.6,1566,True
gold_copper_mom_21d,Tfix03_lo,0.3,lte,P1_long_cash,0,0,1.2111,15.76,-20.36,31.54,1566,True
gold_copper_zscore_504d,Tfix07_hi,0.7,gte,P1_long_cash,231,11,1.2052,17.56,-12.92,9.33,1566,True
gold_copper_mom_63d,Tfix03_lo,0.3,lte,P1_long_cash,105,5,1.1929,16.2,-11.51,20.6,1566,True
gold_copper_roc_21d,Tp75_hi,4.3669,gte,P1_long_cash,252,12,1.188,11.18,-11.51,17.22,1566,True
gold_copper_roc_5d,Tp50_lo,0.0074,lte,P2_long_short,0,0,1.1875,26.8,-45.35,109.75,1566,False
gold_copper_roc_5d,Tz1_hi,1.0,gte,P1_long_cash,105,5,1.1776,12.94,-11.9,55.03,1566,True
gold_copper_mom_21d,Tp25_lo,-15.533,lte,P1_long_cash,0,0,1.176,12.0,-12.92,24.94,1566,True
gold_copper_mom_21d,Trp25_lo,-15.533,lte,P1_long_cash,0,0,1.176,12.0,-12.92,24.94,1566,True
gold_copper_pctrank_504d,Tfix07_hi,0.7,gte,P1_long_cash,231,11,1.1735,18.52,-12.92,6.44,1566,True
gold_copper_mom_63d,Tfix07_hi,0.7,gte,P1_long_cash,252,12,1.1708,15.32,-18.32,18.34,1566,True
gold_copper_mom_63d,Tp50_hi,0.758,gte,P1_long_cash,252,12,1.1708,15.32,-18.32,18.34,1566,True
gold_copper_roc_21d,Tz1_lo,-1.0,lte,P1_long_cash,0,0,1.1674,14.14,-18.15,38.3,1566,True
gold_copper_roc_21d,Tzn1_lo,-1.0,lte,P1_long_cash,0,0,1.1674,14.14,-18.15,38.3,1566,True
gold_copper_mom_63d,Tz1_lo,-1.0,lte,P1_long_cash,0,0,1.165,13.15,-9.48,22.21,1566,True
gold_copper_mom_63d,Tzn1_lo,-1.0,lte,P1_long_cash,0,0,1.165,13.15,-9.48,22.21,1566,True
gold_copper_mom_63d,Tz1_hi,1.0,gte,P1_long_cash,252,12,1.1644,15.21,-18.32,18.99,1566,True
gold_copper_pctrank_504d,Tp50_hi,0.5268,gte,P1_long_cash,231,11,1.1627,20.2,-18.46,4.83,1566,True
gold_copper_acceleration,Tz1_lo,-1.0,lte,P1_long_cash,42,2,1.1619,15.13,-9.74,34.28,1566,True
gold_copper_acceleration,Tzn1_lo,-1.0,lte,P1_long_cash,42,2,1.1619,15.13,-9.74,34.28,1566,True
gold_copper_zscore_504d,Tp50_hi,-0.0203,gte,P1_long_cash,231,11,1.1618,20.06,-18.46,3.22,1566,True
gold_copper_roc_63d,Tp50_hi,0.2018,gte,P1_long_cash,252,12,1.1613,15.16,-19.23,19.31,1566,True
gold_copper_roc_5d,Tp90_lo,4.3297,lte,P2_long_short,0,0,1.1599,26.04,-23.3,33.47,1566,True
gold_copper_mom_252d,Tp90_hi,132.6641,gte,P1_long_cash,231,11,1.1571,5.96,-6.3,4.51,1566,True
gold_copper_mom_63d,Tp90_lo,61.1186,lte,P2_long_short,126,6,1.1557,25.99,-21.64,19.63,1566,True
gold_copper_roc_63d,Tfix07_hi,0.7,gte,P1_long_cash,252,12,1.1518,14.74,-19.12,21.56,1566,True
gold_copper_mom_63d,Tp50_lo,0.758,lte,P1_long_cash,105,5,1.1506,15.61,-11.51,19.63,1566,True
gold_copper_mom_21d,Tz1_lo,-1.0,lte,P1_long_cash,0,0,1.1499,14.74,-20.49,33.15,1566,True
gold_copper_mom_21d,Tzn1_lo,-1.0,lte,P1_long_cash,0,0,1.1499,14.74,-20.49,33.15,1566,True
gold_copper_roc_126d,Tz1_lo,-1.0,lte,P1_long_cash,0,0,1.1479,10.1,-8.25,12.87,1566,True
gold_copper_roc_126d,Tzn1_lo,-1.0,lte,P1_long_cash,0,0,1.1479,10.1,-8.25,12.87,1566,True
gold_copper_roc_21d,Tp50_lo,0.0209,lte,P1_long_cash,210,10,1.1453,13.58,-14.76,30.57,1566,True
gold_copper_mom_21d,Tp50_lo,0.098,lte,P1_long_cash,210,10,1.1453,13.58,-14.76,30.57,1566,True
gold_copper_roc_63d,Tp50_lo,0.2018,lte,P1_long_cash,105,5,1.144,15.51,-11.51,20.6,1566,True
gold_copper_mom_63d,Tz1_lo,-1.0,lte,P1_long_cash,105,5,1.1433,15.22,-11.51,21.24,1566,True
gold_copper_mom_63d,Tzn1_lo,-1.0,lte,P1_long_cash,105,5,1.1433,15.22,-11.51,21.24,1566,True
gold_copper_pctrank_504d,Tp50_hi,0.5268,gte,P2_long_short,231,11,1.1408,25.57,-20.77,9.66,1566,True
gold_copper_roc_21d,Trp25_lo,-4.0484,lte,P1_long_cash,210,10,1.1406,7.76,-8.19,20.76,1566,True
gold_copper_roc_21d,Tp25_lo,-4.0484,lte,P1_long_cash,210,10,1.1406,7.76,-8.19,20.76,1566,True
gold_copper_roc_21d,Tfix03_lo,0.3,lte,P1_long_cash,0,0,1.1372,14.96,-23.21,31.54,1566,True
gold_copper_roc_126d,Tp75_hi,11.28,gte,P1_long_cash,210,10,1.1338,11.0,-12.92,7.72,1566,True
gold_copper_mom_21d,Tfix03_lo,0.3,lte,P1_long_cash,210,10,1.1338,13.46,-14.76,30.25,1566,True
gold_copper_roc_63d,Tzn1_lo,-1.0,lte,P1_long_cash,0,0,1.1332,12.27,-9.28,19.47,1566,True
gold_copper_roc_63d,Tz1_lo,-1.0,lte,P1_long_cash,0,0,1.1332,12.27,-9.28,19.47,1566,True
gold_copper_zscore_126d,Tp75_lo,1.18,lte,P1_long_cash,0,0,1.1305,17.17,-20.97,16.74,1566,True
gold_copper_zscore_504d,Tp50_hi,-0.0203,gte,P2_long_short,231,11,1.1285,25.23,-21.85,6.44,1566,True
gold_copper_roc_126d,Tp90_lo,26.555,lte,P2_long_short,105,5,1.1222,25.06,-21.64,12.23,1566,True
gold_copper_roc_21d,Tfix03_lo,0.3,lte,P1_long_cash,42,2,1.1208,14.97,-14.6,30.41,1566,True
gold_copper_roc_63d,Tfix03_lo,0.3,lte,P1_long_cash,105,5,1.1153,15.15,-12.2,21.56,1566,True
gold_copper_zscore_252d,Tp90_lo,2.0171,lte,P1_long_cash,147,7,1.1069,18.42,-21.64,8.85,1566,True
gold_copper_roc_63d,Tz1_hi,1.0,gte,P1_long_cash,252,12,1.1052,13.86,-20.3,20.11,1566,True
gold_copper_pctrank_504d,Tp90_lo,0.9722,lte,P1_long_cash,0,0,1.1036,19.0,-21.64,14.48,1566,True
gold_copper_mom_21d,Tz1_hi,1.0,gte,P1_long_cash,231,11,1.099,17.24,-15.39,29.13,1566,True
gold_copper_zscore_252d,Tp50_hi,0.0526,gte,P2_long_short,231,11,1.0989,24.42,-19.92,15.45,1566,True
gold_copper_roc_21d,Tz1_lo,-1.0,lte,P1_long_cash,210,10,1.0987,11.89,-13.4,35.72,1566,True
gold_copper_roc_21d,Tzn1_lo,-1.0,lte,P1_long_cash,210,10,1.0987,11.89,-13.4,35.72,1566,True
gold_copper_mom_63d,Tp75_lo,28.7156,lte,P1_long_cash,105,5,1.0932,18.65,-15.89,8.69,1566,True
gold_copper_roc_63d,Tp75_hi,7.5433,gte,P1_long_cash,231,11,1.0932,10.95,-12.92,7.4,1566,True
gold_copper_acceleration,Tp50_lo,-0.0707,lte,P1_long_cash,42,2,1.0863,14.53,-12.5,34.28,1566,True
gold_copper_mom_21d,Tzn1_lo,-1.0,lte,P1_long_cash,210,10,1.086,12.57,-16.26,32.51,1566,True
gold_copper_mom_21d,Tz1_lo,-1.0,lte,P1_long_cash,210,10,1.086,12.57,-16.26,32.51,1566,True
gold_copper_roc_21d,Tz1_hi,1.0,gte,P1_long_cash,252,12,1.0855,15.92,-16.59,30.74,1566,True
gold_copper_acceleration,Tfix07_hi,0.7,gte,P1_long_cash,189,9,1.0842,14.31,-15.01,34.11,1566,True
gold_copper_mom_63d,Tp90_lo,61.1186,lte,P1_long_cash,126,6,1.0833,20.1,-21.64,9.82,1566,True
gold_copper_zscore_252d,Tp75_lo,1.0726,lte,P1_long_cash,105,5,1.0829,16.83,-19.81,16.09,1566,True
gold_copper_zscore_504d,Tz1_hi,1.0,gte,P1_long_cash,231,11,1.0785,14.1,-12.92,8.53,1566,True
gold_copper_roc_63d,Tp25_hi,-6.739,gte,P2_long_short,231,11,1.0785,23.86,-22.11,18.67,1566,True
gold_copper_acceleration,Tz1_hi,1.0,gte,P1_long_cash,189,9,1.078,14.12,-15.01,33.47,1566,True
gold_copper_roc_5d,Tp25_lo,-2.0781,lte,P1_long_cash,84,4,1.0773,12.33,-12.57,44.41,1566,True
gold_copper_roc_5d,Trp25_lo,-2.0781,lte,P1_long_cash,84,4,1.0773,12.33,-12.57,44.41,1566,True
gold_copper_roc_126d,Tp90_lo,26.555,lte,P1_long_cash,105,5,1.0701,19.68,-21.64,6.11,1566,True
gold_copper_zscore_252d,Tfix07_hi,0.7,gte,P1_long_cash,231,11,1.0694,13.92,-12.92,14.48,1566,True
gold_copper_acceleration,Tp50_hi,-0.0707,gte,P1_long_cash,126,6,1.0692,13.94,-12.71,34.44,1566,True
gold_copper_roc_126d,Tp75_hi,11.28,gte,P1_long_cash,231,11,1.0627,8.74,-10.37,7.72,1566,True
gold_copper_zscore_126d,Tfix03_lo,0.3,lte,P1_long_cash,105,5,1.0623,15.31,-19.99,18.34,1566,True
gold_copper_roc_21d,Tp90_lo,8.7798,lte,P2_long_short,147,7,1.0622,23.4,-21.0,17.7,1566,True
gold_copper_roc_63d,Tp75_hi,7.5433,gte,P1_long_cash,210,10,1.0618,13.87,-15.8,7.08,1566,True
gold_copper_roc_63d,Tp25_hi,-6.739,gte,P1_long_cash,231,11,1.0578,19.16,-19.2,9.33,1566,True
gold_copper_pctrank_504d,Tp90_lo,0.9722,lte,P2_long_short,0,0,1.0518,23.09,-25.83,28.97,1566,True
gold_copper_roc_21d,Tp90_lo,8.7798,lte,P1_long_cash,147,7,1.0516,18.95,-18.15,8.85,1566,True
gold_copper_roc_5d,Tp90_lo,4.3297,lte,P1_long_cash,0,0,1.0509,19.99,-25.11,16.74,1566,True
gold_copper_mom_63d,Tp75_hi,28.7156,gte,P1_long_cash,252,12,1.0478,10.26,-12.92,9.49,1566,True
gold_copper_roc_5d,Tfix07_hi,0.7,gte,P1_long_cash,105,5,1.0476,11.9,-16.04,55.36,1566,True
gold_copper_roc_21d,Tz1_lo,-1.0,lte,P1_long_cash,42,2,1.0443,12.65,-14.26,36.85,1566,True
gold_copper_roc_21d,Tzn1_lo,-1.0,lte,P1_long_cash,42,2,1.0443,12.65,-14.26,36.85,1566,True
gold_copper_roc_63d,Tfix07_hi,0.7,gte,P1_long_cash,231,11,1.0442,13.28,-15.0,22.05,1566,True
gold_copper_mom_21d,Tp75_hi,16.087,gte,P1_long_cash,63,3,1.044,11.59,-10.79,21.89,1566,True
gold_copper_roc_63d,Tp90_lo,17.0212,lte,P1_long_cash,168,8,1.0377,16.69,-21.64,4.51,1566,True
gold_copper_mom_63d,Tp25_hi,-25.5664,gte,P1_long_cash,231,11,1.0358,17.78,-19.08,13.2,1566,True
gold_copper_zscore_126d,Tp75_hi,1.18,gte,P1_long_cash,252,12,1.0343,10.1,-12.92,15.93,1566,True
gold_copper_roc_126d,Tp75_hi,11.28,gte,P1_long_cash,252,12,1.0313,8.6,-9.2,7.72,1566,True
gold_copper_acceleration,Tfix07_hi,0.7,gte,P1_long_cash,126,6,1.0312,12.75,-12.63,32.18,1566,True
gold_copper_mom_21d,Trp25_lo,-15.533,lte,P1_long_cash,42,2,1.031,9.18,-9.11,24.94,1566,True
gold_copper_mom_21d,Tp25_lo,-15.533,lte,P1_long_cash,42,2,1.031,9.18,-9.11,24.94,1566,True
gold_copper_zscore_504d,Tp75_hi,1.0903,gte,P1_long_cash,231,11,1.0261,12.67,-12.92,9.82,1566,True
gold_copper_pctrank_1260d,Tp75_hi,0.8221,gte,P1_long_cash,210,10,1.0255,9.21,-12.92,5.47,1566,True
gold_copper_mom_63d,Tp75_lo,28.7156,lte,P2_long_short,105,5,1.0212,22.31,-22.86,17.38,1566,True
gold_copper_roc_5d,Tp50_hi,0.0074,gte,P1_long_cash,105,5,1.0163,14.75,-16.99,55.36,1566,True
gold_copper_mom_63d,Tp75_hi,28.7156,gte,P1_long_cash,231,11,1.0159,10.41,-12.92,8.69,1566,True
gold_copper_mom_21d,Tp75_hi,16.087,gte,P1_long_cash,231,11,1.0127,11.31,-10.49,21.56,1566,True
gold_copper_zscore_126d,Tp90_hi,2.0703,gte,P1_long_cash,231,11,1.0088,6.6,-6.43,9.66,1566,True
gold_copper_zscore_252d,Tp90_hi,2.0171,gte,P1_long_cash,252,12,1.0068,7.67,-12.92,8.21,1566,True
gold_copper_mom_63d,Tp25_lo,-25.5664,lte,P1_long_cash,0,0,1.005,8.67,-9.08,12.71,1566,True
gold_copper_mom_63d,Trp25_lo,-25.5664,lte,P1_long_cash,0,0,1.005,8.67,-9.08,12.71,1566,True
gold_copper_acceleration,Trp25_lo,-6.2874,lte,P1_long_cash,210,10,1.0047,8.46,-8.0,24.46,1566,True
gold_copper_acceleration,Tp25_lo,-6.2874,lte,P1_long_cash,210,10,1.0047,8.46,-8.0,24.46,1566,True
gold_copper_mom_21d,Tfix03_lo,0.3,lte,P1_long_cash,42,2,1.0025,12.87,-14.28,30.74,1566,True
gold_copper_mom_21d,Tp75_lo,16.087,lte,P1_long_cash,0,0,1.0016,16.03,-20.81,23.49,1566,True
gold_copper_acceleration,Tfix03_lo,0.3,lte,P1_long_cash,42,2,1.0003,13.66,-14.18,32.34,1566,True
gold_copper_mom_21d,Tzn1_lo,-1.0,lte,P1_long_cash,42,2,0.9998,12.75,-14.28,32.34,1566,True
gold_copper_mom_21d,Tz1_lo,-1.0,lte,P1_long_cash,42,2,0.9998,12.75,-14.28,32.34,1566,True
gold_copper_mom_21d,Tp50_lo,0.098,lte,P1_long_cash,42,2,0.9992,12.82,-14.28,30.74,1566,True
gold_copper_mom_252d,Tp75_hi,65.8527,gte,P1_long_cash,252,12,0.9992,11.06,-12.92,14.32,1566,True
gold_copper_roc_21d,Tp50_lo,0.0209,lte,P1_long_cash,42,2,0.9992,12.82,-14.28,30.74,1566,True
gold_copper_zscore_252d,Tp90_lo,2.0171,lte,P2_long_short,147,7,0.9972,21.64,-22.47,17.7,1566,True
gold_copper_mom_21d,Tp50_hi,0.098,gte,P1_long_cash,231,11,0.9967,15.78,-20.82,30.09,1566,True
gold_copper_roc_21d,Tp50_hi,0.0209,gte,P1_long_cash,231,11,0.9967,15.78,-20.82,30.09,1566,True
gold_copper_mom_21d,Tfix07_hi,0.7,gte,P1_long_cash,231,11,0.9931,15.64,-20.21,28.8,1566,True
gold_copper_zscore_504d,Tp90_hi,2.084,gte,P1_long_cash,210,10,0.9928,11.96,-12.92,7.4,1566,True
gold_copper_roc_21d,Tfix07_hi,0.7,gte,P1_long_cash,231,11,0.99,14.83,-20.01,30.74,1566,True
gold_copper_pctrank_504d,Tfix07_hi,0.7,gte,P2_long_short,231,11,0.9892,21.45,-24.4,12.87,1566,True
gold_copper_zscore_504d,Tp90_lo,2.084,lte,P1_long_cash,0,0,0.9865,16.25,-21.64,10.3,1566,True
gold_copper_zscore_126d,Tp75_hi,1.18,gte,P1_long_cash,231,11,0.9861,10.03,-12.92,15.77,1566,True
gold_copper_mom_21d,Trp25_lo,-15.533,lte,P1_long_cash,210,10,0.9859,7.81,-7.48,24.78,1566,True
gold_copper_acceleration,Tp90_lo,12.3637,lte,P2_long_short,210,10,0.9859,21.36,-22.26,22.53,1566,True
gold_copper_mom_21d,Tp25_lo,-15.533,lte,P1_long_cash,210,10,0.9859,7.81,-7.48,24.78,1566,True
gold_copper_zscore_126d,Tfix03_lo,0.3,lte,P1_long_cash,0,0,0.9838,11.53,-12.92,17.06,1566,True
gold_copper_roc_21d,Tp75_lo,4.3669,lte,P1_long_cash,0,0,0.9751,15.97,-19.59,17.38,1566,True
gold_copper_zscore_126d,Tp50_hi,-0.0334,gte,P2_long_short,231,11,0.9744,21.03,-20.47,32.83,1566,True
gold_copper_roc_63d,Tfix03_lo,0.3,lte,P1_long_cash,21,1,0.9729,12.03,-16.4,21.4,1566,True
gold_copper_roc_126d,Tfix03_lo,0.3,lte,P1_long_cash,0,0,0.9723,9.24,-8.25,11.26,1566,True
gold_copper_mom_252d,Tp90_hi,132.6641,gte,P1_long_cash,210,10,0.9723,5.66,-6.3,4.51,1566,True
gold_copper_roc_21d,Tp25_lo,-4.0484,lte,P1_long_cash,0,0,0.9721,8.46,-12.92,19.47,1566,True
gold_copper_roc_21d,Trp25_lo,-4.0484,lte,P1_long_cash,0,0,0.9721,8.46,-12.92,19.47,1566,True
gold_copper_roc_63d,Tz1_hi,1.0,gte,P1_long_cash,231,11,0.9716,12.08,-14.78,20.44,1566,True
gold_copper_acceleration,Tz1_hi,1.0,gte,P1_long_cash,126,6,0.9688,11.49,-12.36,31.86,1566,True
gold_copper_acceleration,Tp75_lo,6.1247,lte,P1_long_cash,147,7,0.9682,16.67,-24.03,18.83,1566,True
gold_copper_zscore_126d,Tp25_hi,-1.0407,gte,P1_long_cash,231,11,0.9676,17.47,-18.46,9.98,1566,True
gold_copper_zscore_126d,Tp50_lo,-0.0334,lte,P1_long_cash,105,5,0.9661,11.51,-11.67,17.06,1566,True
gold_copper_pctrank_504d,Tp90_lo,0.9722,lte,P1_long_cash,147,7,0.9639,15.47,-21.64,12.71,1566,True
gold_copper_mom_63d,Tp25_hi,-25.5664,gte,P2_long_short,231,11,0.9579,20.62,-22.92,26.39,1566,True
gold_copper_mom_21d,Tp90_lo,32.7891,lte,P1_long_cash,147,7,0.9573,16.38,-18.15,11.75,1566,True
gold_copper_pctrank_504d,Tp25_hi,0.1605,gte,P2_long_short,84,4,0.9562,20.54,-42.33,16.74,1566,True
gold_copper_roc_5d,Tp50_lo,0.0074,lte,P1_long_cash,189,9,0.9538,12.45,-23.35,56.0,1566,True
gold_copper_zscore_126d,Tp25_hi,-1.0407,gte,P2_long_short,231,11,0.9523,20.47,-18.52,19.95,1566,True
gold_copper_mom_63d,Tfix03_lo,0.3,lte,P1_long_cash,21,1,0.9508,11.58,-16.76,20.44,1566,True
gold_copper_roc_63d,Tp50_lo,0.2018,lte,P1_long_cash,21,1,0.9507,11.66,-16.76,20.44,1566,True
gold_copper_pctrank_504d,Tp75_lo,0.841,lte,P1_long_cash,84,4,0.9498,13.95,-21.64,9.98,1566,True
gold_copper_pctrank_1260d,Tp50_hi,0.5612,gte,P2_long_short,231,11,0.9495,20.37,-21.85,13.52,1566,True
gold_copper_zscore_126d,Tz1_hi,1.0,gte,P1_long_cash,63,3,0.9486,10.58,-14.67,15.61,1566,True
gold_copper_mom_252d,Tp75_hi,65.8527,gte,P1_long_cash,231,11,0.946,10.64,-12.92,14.32,1566,True
gold_copper_mom_252d,Tp50_hi,7.1738,gte,P1_long_cash,231,11,0.9452,16.48,-26.1,7.4,1566,True
gold_copper_mom_21d,Tp90_hi,32.7891,gte,P1_long_cash,84,4,0.9448,6.77,-11.51,10.3,1566,True
gold_copper_roc_126d,Tp75_hi,11.28,gte,P1_long_cash,189,9,0.9434,9.84,-12.92,7.89,1566,True
gold_copper_roc_63d,Tp50_hi,0.2018,gte,P1_long_cash,231,11,0.9419,12.28,-18.32,19.95,1566,True
gold_copper_mom_21d,Tp90_hi,32.7891,gte,P1_long_cash,252,12,0.9417,6.95,-11.51,13.2,1566,True
gold_copper_mom_63d,Tp50_lo,0.758,lte,P1_long_cash,21,1,0.9415,11.52,-16.76,19.47,1566,True
gold_copper_roc_63d,Tz1_lo,-1.0,lte,P1_long_cash,105,5,0.9401,11.6,-12.69,18.99,1566,True
gold_copper_roc_63d,Tzn1_lo,-1.0,lte,P1_long_cash,105,5,0.9401,11.6,-12.69,18.99,1566,True
gold_copper_zscore_126d,Tp75_hi,1.18,gte,P1_long_cash,63,3,0.9399,9.78,-13.22,15.61,1566,True
gold_copper_roc_63d,Tp90_hi,17.0212,gte,P1_long_cash,252,12,0.9396,4.97,-6.25,3.86,1566,True
gold_copper_zscore_504d,Tp25_hi,-1.0311,gte,P2_long_short,210,10,0.9298,19.84,-42.33,7.08,1566,True
gold_copper_roc_21d,Tz1_hi,1.0,gte,P1_long_cash,231,11,0.9272,13.43,-18.09,30.74,1566,True
gold_copper_roc_63d,Tp75_lo,7.5433,lte,P1_long_cash,0,0,0.9249,13.29,-24.67,9.01,1566,True
gold_copper_pctrank_1260d,Tp90_hi,0.9349,gte,P1_long_cash,210,10,0.9248,4.27,-6.3,3.22,1566,True
gold_copper_zscore_126d,Tz1_hi,1.0,gte,P1_long_cash,252,12,0.9239,9.37,-12.99,15.61,1566,True
gold_copper_pctrank_1260d,Tfix07_hi,0.7,gte,P2_long_short,210,10,0.9232,19.7,-33.69,10.62,1566,True
gold_copper_pctrank_1260d,Tp90_hi,0.9349,gte,P1_long_cash,189,9,0.9226,5.2,-6.3,3.38,1566,True
gold_copper_roc_21d,Tp75_hi,4.3669,gte,P1_long_cash,231,11,0.9219,9.15,-9.86,17.06,1566,True
gold_copper_zscore_252d,Tp75_lo,1.0726,lte,P1_long_cash,0,0,0.9196,11.79,-17.89,16.09,1566,True
gold_copper_zscore_126d,Tp50_hi,-0.0334,gte,P1_long_cash,252,12,0.9195,13.51,-21.8,16.09,1566,True
gold_copper_pctrank_504d,Tp90_hi,0.9722,gte,P1_long_cash,252,12,0.9193,7.98,-12.92,10.94,1566,True
gold_copper_pctrank_1260d,Tp25_hi,0.3169,gte,P2_long_short,231,11,0.9189,19.57,-24.46,7.08,1566,True
gold_copper_acceleration,Tp90_hi,12.3637,gte,P1_long_cash,84,4,0.9183,4.8,-7.29,10.62,1566,True
gold_copper_roc_63d,Tp90_lo,17.0212,lte,P1_long_cash,147,7,0.9181,15.12,-21.64,4.51,1566,True
gold_copper_mom_21d,Tp90_lo,32.7891,lte,P1_long_cash,21,1,0.9157,15.32,-27.91,11.26,1566,True
gold_copper_roc_63d,Tp75_hi,7.5433,gte,P1_long_cash,252,12,0.9149,8.52,-12.92,7.89,1566,True
gold_copper_mom_63d,Tz1_hi,1.0,gte,P1_long_cash,231,11,0.913,11.83,-20.33,19.63,1566,True
gold_copper_roc_63d,Tp90_lo,17.0212,lte,P1_long_cash,0,0,0.9124,15.23,-22.84,4.83,1566,True
gold_copper_pctrank_1260d,Tp75_hi,0.8221,gte,P1_long_cash,231,11,0.9113,7.35,-11.39,4.67,1566,True
gold_copper_roc_126d,Tfix07_hi,0.7,gte,P2_long_short,147,7,0.9113,19.35,-42.33,23.17,1566,True
gold_copper_acceleration,Tp90_hi,12.3637,gte,P1_long_cash,252,12,0.91,3.74,-4.53,11.26,1566,True
gold_copper_mom_63d,Tfix07_hi,0.7,gte,P1_long_cash,231,11,0.9094,11.82,-18.32,18.99,1566,True
gold_copper_mom_63d,Tp50_hi,0.758,gte,P1_long_cash,231,11,0.9094,11.82,-18.32,18.99,1566,True
gold_copper_zscore_126d,Tp25_lo,-1.0407,lte,P1_long_cash,105,5,0.9089,6.47,-8.01,9.98,1566,True
gold_copper_zscore_126d,Trp25_lo,-1.0407,lte,P1_long_cash,105,5,0.9089,6.47,-8.01,9.98,1566,True
gold_copper_acceleration,Tp90_lo,12.3637,lte,P1_long_cash,210,10,0.905,17.52,-19.72,11.26,1566,True
gold_copper_pctrank_504d,Tp90_hi,0.9722,gte,P1_long_cash,63,3,0.9039,7.29,-9.16,12.71,1566,True
gold_copper_roc_5d,Tp50_lo,0.0074,lte,P1_long_cash,168,8,0.9037,12.69,-24.97,56.0,1566,True
gold_copper_zscore_504d,Tfix07_hi,0.7,gte,P2_long_short,231,11,0.8996,19.06,-27.01,18.67,1566,True
gold_copper_roc_5d,Tp75_lo,2.0649,lte,P1_long_cash,189,9,0.8985,15.96,-33.1,43.77,1566,True
gold_copper_zscore_504d,Tp25_hi,-1.0311,gte,P2_long_short,189,9,0.8963,18.96,-42.33,7.08,1566,True
gold_copper_pctrank_504d,Tp25_hi,0.1605,gte,P2_long_short,252,12,0.8957,18.94,-42.33,16.74,1566,True
gold_copper_zscore_252d,Tp50_hi,0.0526,gte,P2_long_short,147,7,0.8948,18.92,-42.33,13.52,1566,True
gold_copper_zscore_252d,Tz1_hi,1.0,gte,P1_long_cash,231,11,0.8939,10.14,-12.92,15.29,1566,True
gold_copper_pctrank_1260d,Tp25_hi,0.3169,gte,P1_long_cash,231,11,0.8937,16.78,-31.61,3.54,1566,True
gold_copper_roc_63d,Trp25_lo,-6.739,lte,P1_long_cash,21,1,0.8933,5.87,-6.3,9.49,1566,True
gold_copper_roc_63d,Tp25_lo,-6.739,lte,P1_long_cash,21,1,0.8933,5.87,-6.3,9.49,1566,True
gold_copper_acceleration,Tp25_hi,-6.2874,gte,P1_long_cash,126,6,0.8923,14.78,-19.96,25.75,1566,True
gold_copper_mom_21d,Tz1_hi,1.0,gte,P2_long_short,231,11,0.8914,18.87,-30.62,58.25,1566,True
gold_copper_roc_63d,Tp90_hi,17.0212,gte,P1_long_cash,21,1,0.8908,8.66,-11.51,4.83,1566,True
gold_copper_zscore_252d,Tp90_lo,2.0171,lte,P1_long_cash,168,8,0.8897,13.89,-21.64,8.85,1566,True
gold_copper_pctrank_1260d,Tp75_hi,0.8221,gte,P1_long_cash,189,9,0.8892,10.4,-15.64,5.63,1566,True
gold_copper_zscore_252d,Tp90_hi,2.0171,gte,P1_long_cash,21,1,0.8881,8.07,-9.86,9.66,1566,True
gold_copper_zscore_126d,Tfix07_hi,0.7,gte,P1_long_cash,231,11,0.8855,10.01,-12.92,15.93,1566,True
gold_copper_zscore_504d,Tp90_hi,2.084,gte,P1_long_cash,252,12,0.8836,7.6,-12.92,6.76,1566,True
gold_copper_roc_21d,Tp90_hi,8.7798,gte,P1_long_cash,84,4,0.8832,5.83,-11.51,8.05,1566,True
gold_copper_roc_21d,Tp90_lo,8.7798,lte,P1_long_cash,21,1,0.8825,15.46,-27.83,8.37,1566,True
gold_copper_acceleration,Tfix03_lo,0.3,lte,P1_long_cash,210,10,0.8823,11.05,-19.27,34.11,1566,True
gold_copper_zscore_126d,Tp25_hi,-1.0407,gte,P1_long_cash,63,3,0.882,15.43,-18.49,9.98,1566,True
gold_copper_zscore_126d,Tp75_lo,1.18,lte,P1_long_cash,147,7,0.8816,12.71,-16.91,15.93,1566,True
gold_copper_roc_21d,Tp75_lo,4.3669,lte,P1_long_cash,147,7,0.8812,14.45,-20.48,17.54,1566,True
gold_copper_roc_126d,Tp90_hi,26.555,gte,P1_long_cash,252,12,0.8808,3.85,-6.06,6.11,1566,True
gold_copper_zscore_126d,Tp90_lo,2.0703,lte,P2_long_short,147,7,0.8806,18.57,-21.47,20.28,1566,True
gold_copper_mom_63d,Tp75_lo,28.7156,lte,P1_long_cash,0,0,0.8804,12.16,-22.63,9.33,1566,True
gold_copper_roc_5d,Tz1_lo,-1.0,lte,P1_long_cash,84,4,0.8799,11.25,-13.2,48.6,1566,True
gold_copper_roc_5d,Tzn1_lo,-1.0,lte,P1_long_cash,84,4,0.8799,11.25,-13.2,48.6,1566,True
gold_copper_zscore_126d,Tp75_lo,1.18,lte,P2_long_short,0,0,0.8799,18.54,-28.88,33.47,1566,True
gold_copper_roc_126d,Tp50_hi,0.8514,gte,P1_long_cash,189,9,0.8798,16.3,-42.33,11.26,1566,True
gold_copper_roc_126d,Tp50_hi,0.8514,gte,P2_long_short,189,9,0.8788,18.5,-43.31,22.53,1566,True
gold_copper_mom_63d,Tz1_lo,-1.0,lte,P1_long_cash,21,1,0.8774,10.37,-16.76,21.08,1566,True
gold_copper_mom_63d,Tzn1_lo,-1.0,lte,P1_long_cash,21,1,0.8774,10.37,-16.76,21.08,1566,True
gold_copper_acceleration,Tp75_lo,6.1247,lte,P2_long_short,147,7,0.877,18.47,-33.58,37.66,1566,True
gold_copper_zscore_252d,Tp75_hi,1.0726,gte,P1_long_cash,63,3,0.8763,10.99,-16.98,16.41,1566,True
gold_copper_mom_21d,Tp75_lo,16.087,lte,P1_long_cash,210,10,0.8758,12.48,-17.38,21.56,1566,True
gold_copper_mom_252d,Tp25_hi,-53.7187,gte,P2_long_short,168,8,0.8745,18.39,-42.33,1.93,1566,True
gold_copper_roc_126d,Tfix07_hi,0.7,gte,P1_long_cash,147,7,0.8716,16.58,-42.33,11.59,1566,True
gold_copper_roc_5d,Tfix03_lo,0.3,lte,P1_long_cash,189,9,0.8703,11.59,-23.94,54.39,1566,True
gold_copper_pctrank_504d,Tz1_hi,1.0,gte,P1_long_cash,252,12,0.8689,2.9,-6.34,11.91,1566,True
gold_copper_pctrank_504d,Tz1_hi,1.0,gte,P1_long_cash,63,3,0.8684,2.76,-5.81,10.62,1566,True
gold_copper_pctrank_504d,Trp25_lo,0.1605,lte,P1_long_cash,0,0,0.8682,4.63,-5.91,8.37,1566,True
gold_copper_pctrank_504d,Tp25_lo,0.1605,lte,P1_long_cash,0,0,0.8682,4.63,-5.91,8.37,1566,True
gold_copper_zscore_252d,Tz1_hi,1.0,gte,P1_long_cash,63,3,0.868,11.03,-17.66,16.09,1566,True
gold_copper_mom_252d,Tp50_hi,7.1738,gte,P2_long_short,231,11,0.8676,18.23,-20.07,14.8,1566,True
gold_copper_mom_63d,Tp90_lo,61.1186,lte,P1_long_cash,168,8,0.8674,13.07,-21.64,9.49,1566,True
gold_copper_roc_5d,Tzn1_lo,-1.0,lte,P1_long_cash,189,9,0.865,8.79,-10.56,47.31,1566,True
gold_copper_roc_5d,Tz1_lo,-1.0,lte,P1_long_cash,189,9,0.865,8.79,-10.56,47.31,1566,True
gold_copper_zscore_252d,Tp50_hi,0.0526,gte,P2_long_short,168,8,0.8649,18.13,-42.33,13.52,1566,True
gold_copper_roc_126d,Tfix07_hi,0.7,gte,P1_long_cash,252,12,0.8634,15.09,-36.05,11.59,1566,True
gold_copper_pctrank_1260d,Tfix07_hi,0.7,gte,P1_long_cash,231,11,0.862,9.87,-12.92,5.31,1566,True
gold_copper_roc_126d,Tp50_hi,0.8514,gte,P2_long_short,147,7,0.8605,18.02,-42.33,21.24,1566,True
gold_copper_zscore_126d,Tp90_lo,2.0703,lte,P1_long_cash,147,7,0.8604,16.23,-21.21,10.14,1566,True
gold_copper_zscore_252d,Tp75_lo,1.0726,lte,P2_long_short,105,5,0.8581,18.0,-26.48,32.18,1566,True
gold_copper_roc_63d,Tp90_lo,17.0212,lte,P2_long_short,168,8,0.8581,17.96,-30.52,9.01,1566,True
gold_copper_mom_252d,Tp75_lo,65.8527,lte,P1_long_cash,0,0,0.858,10.15,-27.28,14.97,1566,True
gold_copper_zscore_252d,Tp50_hi,0.0526,gte,P1_long_cash,147,7,0.8579,16.34,-42.33,6.76,1566,True
gold_copper_roc_126d,Tz1_hi,1.0,gte,P1_long_cash,189,9,0.8571,15.78,-42.33,11.91,1566,True
gold_copper_pctrank_1260d,Tp25_hi,0.3169,gte,P2_long_short,126,6,0.8558,17.9,-42.33,5.79,1566,True
gold_copper_pctrank_504d,Tp25_hi,0.1605,gte,P2_long_short,231,11,0.8558,17.9,-42.33,16.74,1566,True
gold_copper_mom_252d,Tfix07_hi,0.7,gte,P1_long_cash,231,11,0.8549,15.53,-39.37,6.76,1566,True
gold_copper_zscore_252d,Tp75_hi,1.0726,gte,P1_long_cash,231,11,0.8547,9.48,-12.92,15.93,1566,True
gold_copper_mom_21d,Tp90_lo,32.7891,lte,P2_long_short,147,7,0.854,17.87,-28.95,23.49,1566,True
gold_copper_roc_126d,Tfix07_hi,0.7,gte,P1_long_cash,189,9,0.8535,15.77,-42.33,12.23,1566,True
gold_copper_zscore_252d,Tp50_hi,0.0526,gte,P1_long_cash,168,8,0.8535,16.03,-42.33,6.76,1566,True
gold_copper_acceleration,Tp50_lo,-0.0707,lte,P1_long_cash,210,10,0.8514,10.45,-18.21,34.44,1566,True
gold_copper_pctrank_504d,Tp25_hi,0.1605,gte,P2_long_short,126,6,0.8512,17.78,-42.33,16.74,1566,True
gold_copper_roc_126d,Tz1_hi,1.0,gte,P1_long_cash,231,11,0.851,12.51,-20.0,11.91,1566,True
gold_copper_mom_252d,Tp90_lo,132.6641,lte,P1_long_cash,0,0,0.8495,12.52,-21.19,3.7,1566,True
gold_copper_zscore_126d,Tz1_hi,1.0,gte,P1_long_cash,231,11,0.8494,8.72,-12.92,15.77,1566,True
gold_copper_zscore_504d,Tp25_hi,-1.0311,gte,P1_long_cash,210,10,0.8491,16.64,-42.33,3.54,1566,True
gold_copper_roc_5d,Tp50_lo,0.0074,lte,P1_long_cash,126,6,0.8474,12.37,-21.27,55.84,1566,True
gold_copper_mom_252d,Tfix07_hi,0.7,gte,P2_long_short,126,6,0.8469,17.67,-42.33,12.23,1566,True
gold_copper_mom_252d,Tz1_hi,1.0,gte,P2_long_short,126,6,0.8465,17.66,-42.33,10.94,1566,True
gold_copper_roc_126d,Tp50_hi,0.8514,gte,P1_long_cash,147,7,0.8455,15.94,-42.33,10.62,1566,True
gold_copper_roc_126d,Tp75_hi,11.28,gte,P1_long_cash,21,1,0.8453,9.44,-17.21,9.49,1566,True
gold_copper_zscore_126d,Tp50_hi,-0.0334,gte,P1_long_cash,63,3,0.8447,12.24,-18.49,17.06,1566,True
gold_copper_pctrank_1260d,Tp75_lo,0.8221,lte,P1_long_cash,147,7,0.8425,11.97,-21.64,5.31,1566,True
gold_copper_pctrank_504d,Tp25_hi,0.1605,gte,P1_long_cash,84,4,0.8421,16.85,-42.33,8.37,1566,True
gold_copper_roc_5d,Tfix07_hi,0.7,gte,P1_long_cash,21,1,0.8416,11.67,-27.11,53.91,1566,True
gold_copper_pctrank_1260d,Tp90_lo,0.9349,lte,P1_long_cash,0,0,0.8414,12.3,-21.64,3.22,1566,True
gold_copper_roc_21d,Tp25_lo,-4.0484,lte,P1_long_cash,42,2,0.8413,5.95,-8.11,19.31,1566,True
gold_copper_roc_21d,Trp25_lo,-4.0484,lte,P1_long_cash,42,2,0.8413,5.95,-8.11,19.31,1566,True
gold_copper_roc_126d,Tp75_lo,11.28,lte,P1_long_cash,105,5,0.8405,12.08,-23.23,8.69,1566,True
gold_copper_pctrank_504d,Tp90_hi,0.9722,gte,P1_long_cash,42,2,0.8395,8.44,-13.12,12.87,1566,True
gold_copper_roc_126d,Tfix07_hi,0.7,gte,P2_long_short,189,9,0.8389,17.46,-43.31,24.46,1566,True
gold_copper_roc_126d,Tz1_hi,1.0,gte,P2_long_short,189,9,0.8381,17.44,-43.31,23.82,1566,True
gold_copper_pctrank_504d,Tp75_hi,0.841,gte,P1_long_cash,42,2,0.8379,11.71,-21.95,9.66,1566,True
gold_copper_zscore_504d,Tp90_hi,2.084,gte,P1_long_cash,63,3,0.8378,6.56,-9.57,9.82,1566,True
gold_copper_roc_126d,Tp25_lo,-9.8165,lte,P1_long_cash,0,0,0.8363,5.9,-8.25,3.54,1566,True
gold_copper_roc_126d,Trp25_lo,-9.8165,lte,P1_long_cash,0,0,0.8363,5.9,-8.25,3.54,1566,True
gold_copper_roc_5d,Tp75_lo,2.0649,lte,P2_long_short,189,9,0.8358,17.39,-34.5,87.54,1566,True
gold_copper_pctrank_504d,Tp25_hi,0.1605,gte,P1_long_cash,252,12,0.8355,16.22,-42.33,8.37,1566,True
gold_copper_zscore_126d,Tz1_lo,-1.0,lte,P1_long_cash,105,5,0.8344,6.02,-8.51,10.94,1566,True
gold_copper_zscore_126d,Tzn1_lo,-1.0,lte,P1_long_cash,105,5,0.8344,6.02,-8.51,10.94,1566,True
gold_copper_mom_252d,Tz1_hi,1.0,gte,P1_long_cash,231,11,0.8333,15.0,-41.77,6.11,1566,True
gold_copper_zscore_504d,Tp90_lo,2.084,lte,P2_long_short,0,0,0.8327,17.29,-28.93,20.6,1566,True
gold_copper_roc_5d,Tp90_hi,4.3297,gte,P1_long_cash,42,2,0.8321,7.43,-11.43,16.74,1566,True
gold_copper_acceleration,Tp75_lo,6.1247,lte,P1_long_cash,210,10,0.8319,13.01,-22.02,19.95,1566,True
gold_copper_zscore_504d,Tp90_lo,2.084,lte,P1_long_cash,105,5,0.8308,15.12,-21.91,9.66,1566,True
gold_copper_mom_63d,Tp90_hi,61.1186,gte,P1_long_cash,231,11,0.83,6.87,-12.92,8.37,1566,True
gold_copper_roc_5d,Tfix03_lo,0.3,lte,P1_long_cash,126,6,0.8296,12.35,-21.27,54.87,1566,True
gold_copper_pctrank_504d,Tp25_hi,0.1605,gte,P2_long_short,168,8,0.8295,17.22,-42.33,16.74,1566,True
gold_copper_mom_63d,Tp90_lo,61.1186,lte,P1_long_cash,0,0,0.8288,12.58,-27.13,9.98,1566,True
gold_copper_pctrank_1260d,Tp90_hi,0.9349,gte,P1_long_cash,147,7,0.8287,5.59,-8.25,3.38,1566,True
gold_copper_zscore_504d,Tp25_hi,-1.0311,gte,P1_long_cash,189,9,0.8285,16.19,-42.33,3.54,1566,True
gold_copper_roc_63d,Tp75_hi,7.5433,gte,P1_long_cash,63,3,0.8269,8.15,-13.2,8.69,1566,True
gold_copper_zscore_252d,Tp25_hi,-0.9767,gte,P2_long_short,147,7,0.8266,17.14,-42.33,5.79,1566,True
gold_copper_pctrank_504d,Tp25_hi,0.1605,gte,P2_long_short,147,7,0.8265,17.14,-42.33,16.74,1566,True
gold_copper_mom_252d,Tfix07_hi,0.7,gte,P1_long_cash,126,6,0.8256,15.7,-42.33,6.11,1566,True
gold_copper_mom_252d,Tz1_hi,1.0,gte,P1_long_cash,126,6,0.8254,15.69,-42.33,5.47,1566,True
gold_copper_zscore_504d,Tp90_lo,2.084,lte,P1_long_cash,126,6,0.8254,13.02,-21.64,9.49,1566,True
gold_copper_roc_21d,Tfix07_hi,0.7,gte,P1_long_cash,63,3,0.8252,11.01,-15.59,31.54,1566,True
gold_copper_roc_21d,Tp75_lo,4.3669,lte,P1_long_cash,189,9,0.825,12.49,-23.58,17.22,1566,True
gold_copper_mom_252d,Tp25_hi,-53.7187,gte,P2_long_short,105,5,0.8249,17.1,-42.33,1.93,1566,True
gold_copper_mom_252d,Tp25_hi,-53.7187,gte,P1_long_cash,168,8,0.8245,15.96,-42.33,0.97,1566,True
gold_copper_roc_126d,Tz1_hi,1.0,gte,P1_long_cash,147,7,0.8234,15.41,-42.33,11.26,1566,True
gold_copper_pctrank_1260d,Tp25_hi,0.3169,gte,P1_long_cash,126,6,0.8228,15.77,-42.33,2.9,1566,True
gold_copper_pctrank_1260d,Tfix07_hi,0.7,gte,P1_long_cash,252,12,0.8228,9.27,-17.63,5.95,1566,True
gold_copper_roc_21d,Trp25_lo,-4.0484,lte,P1_long_cash,168,8,0.8211,5.81,-17.03,20.28,1566,True
gold_copper_roc_21d,Tp25_lo,-4.0484,lte,P1_long_cash,168,8,0.8211,5.81,-17.03,20.28,1566,True
gold_copper_pctrank_1260d,Tp25_hi,0.3169,gte,P2_long_short,105,5,0.8206,16.99,-42.33,5.79,1566,True
gold_copper_zscore_504d,Tfix07_hi,0.7,gte,P1_long_cash,147,7,0.8204,14.8,-42.33,9.01,1566,True
gold_copper_zscore_504d,Tfix07_hi,0.7,gte,P1_long_cash,252,12,0.82,11.4,-19.64,9.33,1566,True
gold_copper_zscore_504d,Tz1_hi,1.0,gte,P1_long_cash,252,12,0.8194,10.15,-21.37,9.01,1566,True
gold_copper_roc_126d,Tz1_hi,1.0,gte,P2_long_short,147,7,0.8183,16.93,-42.33,22.53,1566,True
gold_copper_pctrank_504d,Tp25_hi,0.1605,gte,P2_long_short,63,3,0.8178,16.92,-42.33,16.74,1566,True
gold_copper_roc_5d,Tz1_lo,-1.0,lte,P1_long_cash,168,8,0.8177,8.61,-18.68,47.31,1566,True
gold_copper_roc_5d,Tzn1_lo,-1.0,lte,P1_long_cash,168,8,0.8177,8.61,-18.68,47.31,1566,True
gold_copper_mom_252d,Tfix07_hi,0.7,gte,P2_long_short,231,11,0.8145,16.83,-36.4,13.52,1566,True
gold_copper_roc_63d,Trp25_lo,-6.739,lte,P1_long_cash,0,0,0.8143,5.94,-7.76,8.85,1566,True
gold_copper_roc_63d,Tp25_lo,-6.739,lte,P1_long_cash,0,0,0.8143,5.94,-7.76,8.85,1566,True
gold_copper_zscore_126d,Tp25_lo,-1.0407,lte,P1_long_cash,0,0,0.8142,5.94,-8.25,9.66,1566,True
gold_copper_zscore_126d,Trp25_lo,-1.0407,lte,P1_long_cash,0,0,0.8142,5.94,-8.25,9.66,1566,True
gold_copper_zscore_126d,Tfix07_hi,0.7,gte,P1_long_cash,252,12,0.8133,9.14,-16.73,15.93,1566,True
gold_copper_roc_5d,Tfix03_lo,0.3,lte,P1_long_cash,210,10,0.8119,11.19,-18.83,55.52,1566,True
gold_copper_mom_21d,Tp50_hi,0.098,gte,P1_long_cash,252,12,0.8113,12.72,-26.68,29.77,1566,True
gold_copper_roc_21d,Tp50_hi,0.0209,gte,P1_long_cash,252,12,0.8113,12.72,-26.68,29.77,1566,True
gold_copper_roc_21d,Tfix03_lo,0.3,lte,P1_long_cash,168,8,0.8112,10.31,-13.38,29.45,1566,True
gold_copper_mom_252d,Tp50_hi,7.1738,gte,P1_long_cash,126,6,0.8105,15.25,-42.33,5.79,1566,True
gold_copper_roc_21d,Tp75_lo,4.3669,lte,P2_long_short,0,0,0.8094,16.69,-26.96,34.76,1566,True
gold_copper_roc_21d,Tp75_lo,4.3669,lte,P1_long_cash,210,10,0.8092,11.97,-19.36,17.06,1566,True
gold_copper_mom_252d,Tp50_hi,7.1738,gte,P2_long_short,126,6,0.8091,16.69,-42.33,11.59,1566,True
gold_copper_zscore_252d,Tp90_hi,2.0171,gte,P1_long_cash,231,11,0.809,6.78,-12.92,7.72,1566,True
gold_copper_roc_126d,Tp90_lo,26.555,lte,P1_long_cash,147,7,0.8087,13.58,-21.64,6.11,1566,True
gold_copper_roc_5d,Tz1_hi,1.0,gte,P1_long_cash,63,3,0.8087,9.68,-18.67,53.75,1566,True
gold_copper_zscore_504d,Tp25_hi,-1.0311,gte,P2_long_short,84,4,0.8084,16.67,-42.33,7.08,1566,True
gold_copper_mom_21d,Tp75_lo,16.087,lte,P1_long_cash,147,7,0.8084,12.54,-19.55,22.05,1566,True
gold_copper_pctrank_504d,Tp25_hi,0.1605,gte,P1_long_cash,231,11,0.8083,15.68,-42.33,8.37,1566,True
gold_copper_roc_21d,Tz1_hi,1.0,gte,P1_long_cash,63,3,0.8078,10.55,-14.3,30.25,1566,True
gold_copper_mom_21d,Tp75_lo,16.087,lte,P2_long_short,0,0,0.8078,16.65,-27.43,46.99,1566,True
gold_copper_mom_63d,Tp75_hi,28.7156,gte,P1_long_cash,42,2,0.8063,10.34,-17.59,8.69,1566,True
gold_copper_zscore_504d,Tfix07_hi,0.7,gte,P1_long_cash,168,8,0.805,14.47,-42.33,9.01,1566,True
gold_copper_roc_21d,Tfix07_hi,0.7,gte,P1_long_cash,252,12,0.8041,11.92,-19.34,30.74,1566,True
gold_copper_zscore_126d,Tzn1_lo,-1.0,lte,P1_long_cash,0,0,0.804,5.92,-8.25,10.62,1566,True
gold_copper_zscore_126d,Tz1_lo,-1.0,lte,P1_long_cash,0,0,0.804,5.92,-8.25,10.62,1566,True
gold_copper_zscore_504d,Tp90_lo,2.084,lte,P1_long_cash,168,8,0.804,11.63,-21.64,8.21,1566,True
gold_copper_zscore_252d,Tzn1_lo,-1.0,lte,P1_long_cash,0,0,0.803,4.35,-6.3,5.15,1566,True
gold_copper_zscore_252d,Tz1_lo,-1.0,lte,P1_long_cash,0,0,0.803,4.35,-6.3,5.15,1566,True
gold_copper_roc_21d,Tp50_hi,0.0209,gte,P1_long_cash,63,3,0.8024,11.1,-19.33,30.57,1566,True
gold_copper_mom_21d,Tp50_hi,0.098,gte,P1_long_cash,63,3,0.8024,11.1,-19.33,30.57,1566,True
gold_copper_roc_21d,Tp75_hi,4.3669,gte,P1_long_cash,84,4,0.8019,7.05,-11.62,16.41,1566,True
gold_copper_mom_21d,Tp90_lo,32.7891,lte,P1_long_cash,0,0,0.8018,13.24,-24.99,11.26,1566,True
gold_copper_roc_126d,Tp50_lo,0.8514,lte,P1_long_cash,0,0,0.8007,7.58,-8.5,10.3,1566,True
gold_copper_zscore_126d,Tp50_hi,-0.0334,gte,P1_long_cash,42,2,0.8002,12.49,-21.3,17.06,1566,True
gold_copper_pctrank_504d,Tp50_hi,0.5268,gte,P1_long_cash,126,6,0.8,14.98,-42.33,3.22,1566,True
gold_copper_pctrank_1260d,Tp25_hi,0.3169,gte,P1_long_cash,105,5,0.7983,15.29,-42.33,2.9,1566,True
gold_copper_roc_63d,Tp75_lo,7.5433,lte,P1_long_cash,105,5,0.7981,13.96,-25.41,7.89,1566,True
gold_copper_zscore_126d,Tfix03_lo,0.3,lte,P1_long_cash,147,7,0.7977,9.17,-16.81,18.02,1566,True
gold_copper_mom_63d,Tp25_hi,-25.5664,gte,P1_long_cash,63,3,0.7969,12.65,-21.55,13.84,1566,True
gold_copper_roc_126d,Tp50_hi,0.8514,gte,P1_long_cash,252,12,0.7964,13.56,-36.05,11.26,1566,True
gold_copper_zscore_252d,Tp75_lo,1.0726,lte,P1_long_cash,147,7,0.796,10.22,-19.81,15.61,1566,True
gold_copper_pctrank_1260d,Tp90_hi,0.9349,gte,P1_long_cash,231,11,0.7948,3.74,-6.3,3.22,1566,True
gold_copper_zscore_504d,Tp75_hi,1.0903,gte,P1_long_cash,252,12,0.7942,9.52,-17.08,10.3,1566,True
gold_copper_pctrank_504d,Tp25_hi,0.1605,gte,P1_long_cash,168,8,0.7935,15.34,-42.33,8.37,1566,True
gold_copper_roc_21d,Tp90_lo,8.7798,lte,P2_long_short,21,1,0.7931,16.3,-33.69,16.74,1566,True
gold_copper_roc_63d,Tp90_hi,17.0212,gte,P1_long_cash,231,11,0.7924,5.85,-14.59,3.86,1566,True
gold_copper_zscore_504d,Tp90_lo,2.084,lte,P1_long_cash,147,7,0.7909,11.73,-21.64,9.17,1566,True
gold_copper_mom_252d,Tp75_hi,65.8527,gte,P1_long_cash,63,3,0.7909,10.87,-17.61,15.13,1566,True
gold_copper_acceleration,Tp75_lo,6.1247,lte,P1_long_cash,105,5,0.7909,14.92,-36.48,18.67,1566,True
gold_copper_zscore_126d,Tp25_hi,-1.0407,gte,P2_long_short,63,3,0.7904,16.23,-24.24,19.95,1566,True
gold_copper_pctrank_1260d,Tp75_hi,0.8221,gte,P1_long_cash,84,4,0.7903,8.78,-18.48,4.51,1566,True
gold_copper_mom_252d,Tp90_hi,132.6641,gte,P1_long_cash,168,8,0.7902,6.39,-8.25,4.67,1566,True
gold_copper_mom_252d,Tp25_hi,-53.7187,gte,P1_long_cash,105,5,0.789,15.27,-42.33,0.97,1566,True
gold_copper_pctrank_504d,Tp25_hi,0.1605,gte,P1_long_cash,126,6,0.7884,15.51,-42.33,8.37,1566,True
gold_copper_mom_252d,Tz1_hi,1.0,gte,P1_long_cash,189,9,0.7874,14.68,-42.33,5.79,1566,True
gold_copper_pctrank_504d,Tp50_hi,0.5268,gte,P2_long_short,126,6,0.7874,16.13,-42.33,6.44,1566,True
gold_copper_pctrank_1260d,Tp90_hi,0.9349,gte,P1_long_cash,42,2,0.7868,7.53,-12.92,3.06,1566,True
gold_copper_roc_63d,Tp75_lo,7.5433,lte,P1_long_cash,126,6,0.7865,11.3,-19.8,7.89,1566,True
gold_copper_zscore_504d,Tp90_hi,2.084,gte,P1_long_cash,231,11,0.7861,7.03,-12.92,7.4,1566,True
gold_copper_acceleration,Tp75_lo,6.1247,lte,P2_long_short,105,5,0.7852,16.09,-30.98,37.33,1566,True
gold_copper_mom_252d,Tfix07_hi,0.7,gte,P1_long_cash,189,9,0.7848,14.63,-42.33,6.44,1566,True
gold_copper_roc_21d,Tp50_hi,0.0209,gte,P2_long_short,231,11,0.7841,16.08,-33.32,60.18,1566,True
gold_copper_mom_21d,Tp50_hi,0.098,gte,P2_long_short,231,11,0.7841,16.08,-33.32,60.18,1566,True
gold_copper_zscore_126d,Tp75_lo,1.18,lte,P1_long_cash,189,9,0.7838,10.75,-18.25,15.93,1566,True
gold_copper_zscore_504d,Tp90_lo,2.084,lte,P2_long_short,105,5,0.7836,16.06,-25.6,19.31,1566,True
gold_copper_mom_63d,Tp90_hi,61.1186,gte,P1_long_cash,252,12,0.7835,5.73,-10.7,8.37,1566,True
gold_copper_pctrank_1260d,Tp50_hi,0.5612,gte,P1_long_cash,147,7,0.7835,14.28,-42.33,6.11,1566,True
gold_copper_mom_63d,Tfix03_lo,0.3,lte,P2_long_short,105,5,0.7821,16.01,-24.69,41.2,1566,True
gold_copper_zscore_504d,Tp25_hi,-1.0311,gte,P2_long_short,105,5,0.7818,15.99,-42.33,7.08,1566,True
gold_copper_mom_252d,Tp75_lo,65.8527,lte,P1_long_cash,105,5,0.7818,10.05,-21.64,15.13,1566,True
gold_copper_mom_252d,Tp90_lo,132.6641,lte,P1_long_cash,126,6,0.7812,13.1,-21.64,5.15,1566,True
gold_copper_roc_21d,Tp90_hi,8.7798,gte,P1_long_cash,42,2,0.7805,8.01,-16.54,8.37,1566,True
gold_copper_pctrank_1260d,Tp25_hi,0.3169,gte,P2_long_short,63,3,0.7805,15.96,-42.33,5.79,1566,True
gold_copper_mom_63d,Tp90_hi,61.1186,gte,P1_long_cash,84,4,0.7802,5.45,-12.16,10.3,1566,True
gold_copper_pctrank_504d,Tp25_hi,0.1605,gte,P1_long_cash,147,7,0.7793,15.22,-42.33,8.37,1566,True
gold_copper_zscore_252d,Tfix07_hi,0.7,gte,P1_long_cash,42,2,0.7776,12.08,-18.49,14.8,1566,True
gold_copper_zscore_252d,Tp50_hi,0.0526,gte,P1_long_cash,126,6,0.7775,14.47,-42.33,6.92,1566,True
gold_copper_pctrank_1260d,Tp90_hi,0.9349,gte,P1_long_cash,63,3,0.7773,6.68,-12.92,3.06,1566,True
gold_copper_pctrank_1260d,Tp75_lo,0.8221,lte,P1_long_cash,0,0,0.777,10.06,-21.64,3.7,1566,True
gold_copper_roc_21d,Tz1_hi,1.0,gte,P2_long_short,252,12,0.7762,15.86,-37.4,61.47,1566,True
gold_copper_zscore_126d,Tzn1_lo,-1.0,lte,P1_long_cash,84,4,0.776,6.1,-9.42,10.94,1566,True
gold_copper_zscore_126d,Tz1_lo,-1.0,lte,P1_long_cash,84,4,0.776,6.1,-9.42,10.94,1566,True
gold_copper_acceleration,Tp50_lo,-0.0707,lte,P1_long_cash,105,5,0.7758,11.35,-32.59,34.44,1566,True
gold_copper_roc_5d,Tfix07_hi,0.7,gte,P1_long_cash,252,12,0.7754,11.1,-19.42,57.29,1566,True
gold_copper_pctrank_1260d,Tp50_hi,0.5612,gte,P1_long_cash,210,10,0.7748,13.42,-39.48,6.6,1566,True
gold_copper_roc_126d,Tz1_hi,1.0,gte,P1_long_cash,168,8,0.7743,14.12,-42.33,11.26,1566,True
gold_copper_roc_126d,Tp75_lo,11.28,lte,P1_long_cash,84,4,0.7728,12.18,-29.52,8.69,1566,True
gold_copper_mom_63d,Tp90_lo,61.1186,lte,P1_long_cash,147,7,0.7726,11.63,-21.64,10.3,1566,True
gold_copper_mom_21d,Tfix07_hi,0.7,gte,P2_long_short,231,11,0.7721,15.78,-29.9,57.61,1566,True
gold_copper_roc_21d,Tp75_hi,4.3669,gte,P1_long_cash,63,3,0.772,7.37,-9.91,16.74,1566,True
gold_copper_roc_63d,Tz1_hi,1.0,gte,P1_long_cash,63,3,0.7719,10.01,-17.94,20.6,1566,True
gold_copper_roc_21d,Tfix07_hi,0.7,gte,P1_long_cash,126,6,0.7716,9.05,-17.74,31.7,1566,True
gold_copper_pctrank_1260d,Tp50_hi,0.5612,gte,P1_long_cash,252,12,0.7715,10.98,-19.64,6.76,1566,True
gold_copper_mom_252d,Tz1_hi,1.0,gte,P2_long_short,231,11,0.7714,15.72,-41.45,12.23,1566,True
gold_copper_roc_5d,Tp50_hi,0.0074,gte,P1_long_cash,231,11,0.7706,12.3,-30.33,56.32,1566,True
gold_copper_roc_21d,Tzn1_lo,-1.0,lte,P1_long_cash,105,5,0.7704,11.46,-22.25,37.66,1566,True
gold_copper_roc_21d,Tz1_lo,-1.0,lte,P1_long_cash,105,5,0.7704,11.46,-22.25,37.66,1566,True
gold_copper_zscore_126d,Tp90_lo,2.0703,lte,P1_long_cash,168,8,0.7702,14.47,-36.05,10.46,1566,True
gold_copper_zscore_252d,Tp75_hi,1.0726,gte,P1_long_cash,42,2,0.7692,10.62,-19.24,16.41,1566,True
gold_copper_zscore_504d,Tp25_hi,-1.0311,gte,P2_long_short,63,3,0.769,15.66,-42.33,7.08,1566,True
gold_copper_pctrank_504d,Tfix07_hi,0.7,gte,P1_long_cash,168,8,0.7687,13.89,-42.33,6.11,1566,True
gold_copper_mom_63d,Tp90_hi,61.1186,gte,P1_long_cash,21,1,0.7677,9.63,-13.2,9.98,1566,True
gold_copper_zscore_252d,Tp25_hi,-0.9767,gte,P1_long_cash,147,7,0.7673,15.14,-42.33,2.9,1566,True
gold_copper_roc_21d,Tz1_hi,1.0,gte,P1_long_cash,84,4,0.7673,8.88,-17.91,30.25,1566,True
gold_copper_mom_21d,Tp90_lo,32.7891,lte,P2_long_short,21,1,0.7669,15.62,-33.84,22.53,1566,True
gold_copper_mom_63d,Tp75_lo,28.7156,lte,P1_long_cash,147,7,0.7665,10.43,-25.95,8.05,1566,True
gold_copper_zscore_504d,Tp25_hi,-1.0311,gte,P1_long_cash,252,12,0.7665,14.58,-42.33,3.54,1566,True
gold_copper_roc_5d,Tp90_hi,4.3297,gte,P1_long_cash,147,7,0.7664,4.39,-10.01,15.77,1566,True
gold_copper_pctrank_1260d,Tp25_hi,0.3169,gte,P1_long_cash,63,3,0.766,14.71,-42.33,2.9,1566,True
gold_copper_zscore_504d,Tp25_hi,-1.0311,gte,P2_long_short,252,12,0.7658,15.58,-42.33,7.08,1566,True
gold_copper_roc_126d,Tp50_hi,0.8514,gte,P1_long_cash,231,11,0.7656,11.14,-21.46,10.94,1566,True
gold_copper_roc_126d,Tfix07_hi,0.7,gte,P2_long_short,252,12,0.7656,15.57,-36.05,23.17,1566,True
gold_copper_pctrank_504d,Tp90_lo,0.9722,lte,P2_long_short,147,7,0.7655,15.58,-22.7,25.43,1566,True
gold_copper_roc_5d,Tfix07_hi,0.7,gte,P1_long_cash,63,3,0.7654,10.19,-15.68,54.07,1566,True
gold_copper_mom_63d,Tp75_hi,28.7156,gte,P1_long_cash,210,10,0.7652,10.66,-33.08,8.37,1566,True
gold_copper_acceleration,Tp50_hi,-0.0707,gte,P1_long_cash,189,9,0.765,10.37,-19.16,35.4,1566,True
gold_copper_pctrank_1260d,Tp75_hi,0.8221,gte,P1_long_cash,42,2,0.7645,10.42,-18.06,4.18,1566,True
gold_copper_pctrank_504d,Tp25_hi,0.1605,gte,P1_long_cash,63,3,0.7644,15.04,-42.33,8.37,1566,True
gold_copper_acceleration,Tp25_lo,-6.2874,lte,P1_long_cash,42,2,0.7641,6.56,-12.3,26.07,1566,True
gold_copper_acceleration,Trp25_lo,-6.2874,lte,P1_long_cash,42,2,0.7641,6.56,-12.3,26.07,1566,True
gold_copper_zscore_504d,Tp75_hi,1.0903,gte,P1_long_cash,63,3,0.7639,10.53,-18.49,11.26,1566,True
gold_copper_mom_252d,Tz1_hi,1.0,gte,P2_long_short,189,9,0.7637,15.53,-42.33,11.59,1566,True
gold_copper_roc_21d,Tfix03_lo,0.3,lte,P1_long_cash,147,7,0.7636,9.86,-16.05,30.09,1566,True
gold_copper_mom_252d,Tp50_hi,7.1738,gte,P1_long_cash,147,7,0.7633,14.15,-42.33,5.79,1566,True
gold_copper_roc_5d,Tzn1_lo,-1.0,lte,P1_long_cash,210,10,0.7626,7.75,-10.81,47.31,1566,True
gold_copper_roc_5d,Tz1_lo,-1.0,lte,P1_long_cash,210,10,0.7626,7.75,-10.81,47.31,1566,True
gold_copper_pctrank_504d,Tp50_hi,0.5268,gte,P1_long_cash,105,5,0.7621,14.26,-42.33,3.54,1566,True
gold_copper_zscore_126d,Tfix07_hi,0.7,gte,P1_long_cash,63,3,0.7619,9.09,-18.46,16.74,1566,True
gold_copper_roc_5d,Tp50_hi,0.0074,gte,P1_long_cash,63,3,0.7617,10.72,-19.59,54.23,1566,True
gold_copper_roc_5d,Tz1_lo,-1.0,lte,P2_long_short,0,0,0.7615,15.46,-37.36,96.23,1566,True
gold_copper_roc_5d,Tzn1_lo,-1.0,lte,P2_long_short,0,0,0.7615,15.46,-37.36,96.23,1566,True
gold_copper_pctrank_504d,Tfix07_hi,0.7,gte,P1_long_cash,147,7,0.7615,13.72,-42.33,6.11,1566,True
gold_copper_zscore_126d,Tp90_hi,2.0703,gte,P1_long_cash,84,4,0.7608,4.53,-6.32,8.37,1566,True
gold_copper_roc_126d,Tp50_hi,0.8514,gte,P1_long_cash,168,8,0.76,13.82,-42.33,10.62,1566,True
gold_copper_roc_63d,Tp90_lo,17.0212,lte,P2_long_short,0,0,0.7595,15.43,-25.6,9.66,1566,True
gold_copper_zscore_504d,Tp25_hi,-1.0311,gte,P1_long_cash,84,4,0.7594,14.92,-42.33,3.54,1566,True
gold_copper_pctrank_1260d,Tp50_hi,0.5612,gte,P1_long_cash,126,6,0.7593,13.74,-42.33,6.11,1566,True
gold_copper_mom_252d,Tfix07_hi,0.7,gte,P2_long_short,189,9,0.7592,15.41,-42.33,12.87,1566,True
gold_copper_acceleration,Tp50_hi,-0.0707,gte,P1_long_cash,84,4,0.7589,11.6,-21.91,34.44,1566,True
gold_copper_zscore_252d,Tp25_hi,-0.9767,gte,P1_long_cash,231,11,0.7583,14.33,-42.33,2.9,1566,True
gold_copper_roc_126d,Tp75_lo,11.28,lte,P1_long_cash,147,7,0.7581,10.04,-21.64,9.49,1566,True
gold_copper_pctrank_504d,Tp90_lo,0.9722,lte,P1_long_cash,21,1,0.7574,12.5,-21.64,14.16,1566,True
gold_copper_zscore_504d,Tfix07_hi,0.7,gte,P2_long_short,147,7,0.7573,15.37,-42.33,18.02,1566,True
gold_copper_mom_252d,Tp25_hi,-53.7187,gte,P2_long_short,147,7,0.7569,15.35,-42.33,1.93,1566,True
gold_copper_mom_252d,Tp25_hi,-53.7187,gte,P1_long_cash,147,7,0.7568,14.43,-42.33,0.97,1566,True
gold_copper_zscore_252d,Tfix03_lo,0.3,lte,P1_long_cash,0,0,0.7562,7.06,-8.25,10.62,1566,True
gold_copper_mom_252d,Tp25_hi,-53.7187,gte,P1_long_cash,189,9,0.7559,14.2,-42.33,0.97,1566,True
gold_copper_roc_126d,Tfix07_hi,0.7,gte,P1_long_cash,231,11,0.7557,10.98,-22.06,11.26,1566,True
gold_copper_roc_126d,Tp25_hi,-9.8165,gte,P2_long_short,168,8,0.7553,15.31,-42.33,6.44,1566,True
gold_copper_mom_252d,Tp50_hi,7.1738,gte,P1_long_cash,189,9,0.7549,13.83,-42.33,6.44,1566,True
gold_copper_mom_252d,Tfix07_hi,0.7,gte,P1_long_cash,105,5,0.7539,14.18,-42.33,6.44,1566,True
gold_copper_mom_21d,Tfix07_hi,0.7,gte,P1_long_cash,63,3,0.7525,10.23,-19.33,29.61,1566,True
gold_copper_zscore_126d,Tp90_lo,2.0703,lte,P2_long_short,168,8,0.7522,15.23,-39.81,20.92,1566,True
gold_copper_acceleration,Tp75_lo,6.1247,lte,P1_long_cash,252,12,0.7517,13.28,-27.85,20.11,1566,True
gold_copper_roc_21d,Tfix07_hi,0.7,gte,P1_long_cash,84,4,0.7516,9.23,-14.28,31.54,1566,True
gold_copper_zscore_504d,Tp25_hi,-1.0311,gte,P1_long_cash,105,5,0.7515,14.63,-42.33,3.54,1566,True
gold_copper_roc_21d,Tp50_hi,0.0209,gte,P1_long_cash,84,4,0.751,9.73,-16.56,31.22,1566,True
gold_copper_mom_21d,Tp50_hi,0.098,gte,P1_long_cash,84,4,0.751,9.73,-16.56,31.22,1566,True
gold_copper_mom_21d,Tp50_lo,0.098,lte,P2_long_short,0,0,0.7508,15.2,-27.55,63.08,1566,True
gold_copper_roc_21d,Tp50_lo,0.0209,lte,P2_long_short,0,0,0.7508,15.2,-27.55,63.08,1566,True
gold_copper_pctrank_504d,Tp75_hi,0.841,gte,P2_long_short,231,11,0.7497,15.19,-33.85,17.06,1566,True
gold_copper_roc_63d,Tp25_hi,-6.739,gte,P1_long_cash,42,2,0.7495,14.13,-28.66,9.98,1566,True
gold_copper_mom_252d,Tp50_hi,7.1738,gte,P1_long_cash,63,3,0.7493,14.03,-42.33,6.11,1566,True
gold_copper_roc_5d,Tp90_lo,4.3297,lte,P2_long_short,105,5,0.7487,15.15,-42.18,31.54,1566,True
gold_copper_roc_63d,Tp90_lo,17.0212,lte,P2_long_short,147,7,0.747,15.11,-25.75,9.01,1566,True
gold_copper_mom_63d,Tp75_lo,28.7156,lte,P1_long_cash,126,6,0.7468,10.46,-20.16,8.53,1566,True
gold_copper_zscore_252d,Tp50_hi,0.0526,gte,P2_long_short,126,6,0.7465,15.09,-42.33,13.84,1566,True
gold_copper_roc_126d,Tfix07_hi,0.7,gte,P1_long_cash,168,8,0.745,13.5,-42.33,11.59,1566,True
gold_copper_zscore_504d,Tfix07_hi,0.7,gte,P1_long_cash,126,6,0.7448,13.18,-42.33,9.17,1566,True
gold_copper_zscore_252d,Tp25_hi,-0.9767,gte,P2_long_short,231,11,0.7447,15.04,-42.33,5.79,1566,True
gold_copper_roc_126d,Tp25_hi,-9.8165,gte,P2_long_short,147,7,0.7444,15.04,-42.33,6.44,1566,True
gold_copper_roc_21d,Tp25_hi,-4.0484,gte,P1_long_cash,252,12,0.7436,14.02,-35.4,21.24,1566,True
gold_copper_pctrank_504d,Tp90_lo,0.9722,lte,P1_long_cash,168,8,0.7431,11.08,-21.64,12.07,1566,True
gold_copper_mom_21d,Tfix03_lo,0.3,lte,P2_long_short,0,0,0.7418,14.98,-27.55,63.08,1566,True
gold_copper_zscore_504d,Tp50_hi,-0.0203,gte,P1_long_cash,147,7,0.7417,13.5,-42.33,1.61,1566,True
gold_copper_pctrank_1260d,Tp25_hi,0.3169,gte,P1_long_cash,252,12,0.7415,13.72,-42.33,3.54,1566,True
gold_copper_roc_5d,Tz1_hi,1.0,gte,P1_long_cash,21,1,0.741,9.7,-27.11,53.75,1566,True
gold_copper_pctrank_1260d,Tp75_hi,0.8221,gte,P1_long_cash,168,8,0.7406,10.16,-22.42,5.63,1566,True
gold_copper_roc_5d,Tp50_lo,0.0074,lte,P1_long_cash,147,7,0.7401,11.22,-17.92,56.48,1566,True
gold_copper_mom_252d,Tp25_hi,-53.7187,gte,P1_long_cash,210,10,0.7398,13.77,-42.33,0.97,1566,True
gold_copper_mom_21d,Tp25_hi,-15.533,gte,P1_long_cash,231,11,0.7391,12.67,-27.83,24.78,1566,True
gold_copper_mom_252d,Tz1_hi,1.0,gte,P1_long_cash,105,5,0.7387,13.82,-42.33,5.79,1566,True
gold_copper_pctrank_504d,Tp75_hi,0.841,gte,P1_long_cash,189,9,0.738,12.26,-42.33,9.17,1566,True
gold_copper_roc_5d,Tp90_hi,4.3297,gte,P1_long_cash,21,1,0.7379,6.0,-13.01,16.74,1566,True
gold_copper_zscore_504d,Tp25_hi,-1.0311,gte,P1_long_cash,63,3,0.7376,14.41,-42.33,3.54,1566,True
gold_copper_zscore_126d,Tp75_lo,1.18,lte,P1_long_cash,168,8,0.7365,10.18,-22.17,15.93,1566,True
gold_copper_mom_63d,Tp50_lo,0.758,lte,P2_long_short,105,5,0.7365,14.85,-24.69,39.26,1566,True
gold_copper_roc_126d,Tp25_hi,-9.8165,gte,P1_long_cash,168,8,0.7362,14.28,-42.33,3.22,1566,True
gold_copper_zscore_504d,Tp75_hi,1.0903,gte,P1_long_cash,189,9,0.7357,12.34,-42.33,10.46,1566,True
gold_copper_acceleration,Tp50_lo,-0.0707,lte,P1_long_cash,147,7,0.7347,9.81,-23.35,35.24,1566,True
gold_copper_pctrank_504d,Tp50_hi,0.5268,gte,P2_long_short,105,5,0.7346,14.79,-42.33,7.08,1566,True
gold_copper_roc_126d,Trp25_lo,-9.8165,lte,P1_long_cash,21,1,0.7346,4.82,-8.25,3.54,1566,True
gold_copper_roc_126d,Tp25_lo,-9.8165,lte,P1_long_cash,21,1,0.7346,4.82,-8.25,3.54,1566,True
gold_copper_roc_5d,Tp50_hi,0.0074,gte,P1_long_cash,21,1,0.7345,10.62,-24.38,54.23,1566,True
gold_copper_pctrank_1260d,Tp50_hi,0.5612,gte,P1_long_cash,168,8,0.7342,13.18,-42.33,6.11,1566,True
gold_copper_pctrank_504d,Tfix07_hi,0.7,gte,P1_long_cash,252,12,0.734,10.71,-19.7,6.44,1566,True
gold_copper_roc_63d,Tp75_lo,7.5433,lte,P1_long_cash,21,1,0.7335,10.52,-18.49,9.01,1566,True
gold_copper_mom_21d,Tfix07_hi,0.7,gte,P1_long_cash,252,12,0.7333,11.13,-26.68,28.48,1566,True
gold_copper_roc_63d,Tp25_hi,-6.739,gte,P1_long_cash,63,3,0.7328,12.09,-21.55,9.98,1566,True
gold_copper_mom_252d,Tp25_hi,-53.7187,gte,P2_long_short,189,9,0.7325,14.73,-42.33,1.93,1566,True
gold_copper_zscore_504d,Tp75_lo,1.0903,lte,P1_long_cash,84,4,0.7323,9.23,-21.64,11.26,1566,True
gold_copper_roc_5d,Tfix03_lo,0.3,lte,P1_long_cash,168,8,0.7323,10.51,-26.99,54.39,1566,True
gold_copper_zscore_504d,Tfix07_hi,0.7,gte,P2_long_short,168,8,0.7316,14.71,-42.33,18.02,1566,True
gold_copper_zscore_504d,Tp50_hi,-0.0203,gte,P1_long_cash,189,9,0.7312,13.25,-42.33,2.25,1566,True
gold_copper_zscore_126d,Tp90_lo,2.0703,lte,P1_long_cash,189,9,0.7311,12.16,-21.68,9.82,1566,True
gold_copper_mom_252d,Tfix07_hi,0.7,gte,P2_long_short,105,5,0.7311,14.7,-42.33,12.87,1566,True
gold_copper_roc_126d,Tp90_hi,26.555,gte,P1_long_cash,231,11,0.7307,3.53,-4.41,6.11,1566,True
gold_copper_mom_21d,Tp25_hi,-15.533,gte,P1_long_cash,63,3,0.7305,11.82,-20.13,24.3,1566,True
gold_copper_roc_5d,Tp90_lo,4.3297,lte,P2_long_short,231,11,0.7304,14.68,-39.78,31.54,1566,True
gold_copper_roc_126d,Tp25_hi,-9.8165,gte,P2_long_short,189,9,0.7302,14.68,-42.33,6.44,1566,True
gold_copper_zscore_252d,Tp90_hi,2.0171,gte,P1_long_cash,210,10,0.7293,8.13,-12.92,7.72,1566,True
gold_copper_zscore_252d,Tfix07_hi,0.7,gte,P1_long_cash,189,9,0.7291,12.37,-42.33,14.64,1566,True
gold_copper_roc_126d,Tp25_hi,-9.8165,gte,P1_long_cash,147,7,0.7289,14.13,-42.33,3.22,1566,True
gold_copper_roc_63d,Tp50_lo,0.2018,lte,P2_long_short,105,5,0.7287,14.65,-24.69,41.2,1566,True
gold_copper_zscore_504d,Tp25_hi,-1.0311,gte,P2_long_short,126,6,0.7286,14.64,-42.33,7.08,1566,True
gold_copper_roc_63d,Tp75_hi,7.5433,gte,P1_long_cash,42,2,0.7284,7.97,-17.2,8.05,1566,True
gold_copper_acceleration,Tp25_lo,-6.2874,lte,P1_long_cash,231,11,0.7284,6.81,-17.54,24.94,1566,True
gold_copper_acceleration,Trp25_lo,-6.2874,lte,P1_long_cash,231,11,0.7284,6.81,-17.54,24.94,1566,True
gold_copper_roc_63d,Tp25_hi,-6.739,gte,P2_long_short,42,2,0.7281,14.64,-29.16,19.95,1566,True
gold_copper_roc_5d,Tp50_lo,0.0074,lte,P1_long_cash,210,10,0.728,9.28,-20.8,56.16,1566,True
gold_copper_pctrank_1260d,Tz1_hi,1.0,gte,P1_long_cash,252,12,0.7276,0.98,0.0,1.29,1566,True
gold_copper_roc_21d,Tz1_hi,1.0,gte,P1_long_cash,126,6,0.727,8.24,-17.74,31.38,1566,True
gold_copper_roc_126d,Tp25_hi,-9.8165,gte,P1_long_cash,189,9,0.7269,13.99,-42.33,3.22,1566,True
gold_copper_roc_5d,Tp75_lo,2.0649,lte,P1_long_cash,42,2,0.7269,12.08,-27.92,44.41,1566,True
gold_copper_zscore_252d,Tz1_hi,1.0,gte,P1_long_cash,210,10,0.7268,11.12,-28.96,16.09,1566,True
gold_copper_roc_126d,Tp90_hi,26.555,gte,P1_long_cash,210,10,0.7265,4.37,-12.92,6.11,1566,True
gold_copper_zscore_252d,Tp75_hi,1.0726,gte,P1_long_cash,210,10,0.7264,10.93,-28.96,16.09,1566,True
gold_copper_pctrank_504d,Tp50_hi,0.5268,gte,P1_long_cash,147,7,0.7253,13.23,-42.33,3.22,1566,True
gold_copper_zscore_504d,Tp75_hi,1.0903,gte,P1_long_cash,210,10,0.7252,11.68,-36.05,9.98,1566,True
gold_copper_mom_21d,Tfix07_hi,0.7,gte,P1_long_cash,84,4,0.725,9.29,-16.56,29.93,1566,True
gold_copper_zscore_126d,Tfix03_lo,0.3,lte,P2_long_short,105,5,0.7249,14.58,-36.95,36.69,1566,True
gold_copper_zscore_504d,Tp25_hi,-1.0311,gte,P1_long_cash,126,6,0.7248,13.96,-42.33,3.54,1566,True
gold_copper_zscore_504d,Tp50_hi,-0.0203,gte,P1_long_cash,0,0,0.7248,13.45,-42.33,1.93,1566,True
gold_copper_zscore_126d,Tp90_hi,2.0703,gte,P1_long_cash,210,10,0.7242,5.42,-8.99,9.66,1566,True
gold_copper_mom_21d,Tz1_hi,1.0,gte,P1_long_cash,252,12,0.7242,10.9,-26.68,29.13,1566,True
gold_copper_roc_126d,Tp75_lo,11.28,lte,P1_long_cash,126,6,0.7238,10.0,-21.64,9.33,1566,True
gold_copper_mom_252d,Tp90_lo,132.6641,lte,P1_long_cash,21,1,0.7236,10.86,-22.81,3.38,1566,True
gold_copper_pctrank_1260d,Tp50_hi,0.5612,gte,P2_long_short,147,7,0.7229,14.49,-42.33,12.23,1566,True
gold_copper_acceleration,Tp25_hi,-6.2874,gte,P2_long_short,126,6,0.7227,14.5,-28.95,51.49,1566,True
gold_copper_pctrank_1260d,Tp75_hi,0.8221,gte,P1_long_cash,63,3,0.7225,8.27,-19.23,4.51,1566,True
gold_copper_zscore_504d,Tp50_hi,-0.0203,gte,P1_long_cash,84,4,0.7223,13.19,-42.33,1.93,1566,True
gold_copper_mom_252d,Tp50_hi,7.1738,gte,P2_long_short,147,7,0.722,14.47,-42.33,11.59,1566,True
gold_copper_mom_252d,Tz1_hi,1.0,gte,P1_long_cash,147,7,0.7217,13.33,-42.33,5.47,1566,True
gold_copper_mom_21d,Tz1_hi,1.0,gte,P1_long_cash,84,4,0.7214,9.21,-16.56,29.93,1566,True
gold_copper_roc_21d,Tzn1_lo,-1.0,lte,P1_long_cash,147,7,0.7211,8.4,-15.72,36.85,1566,True
gold_copper_roc_21d,Tz1_lo,-1.0,lte,P1_long_cash,147,7,0.7211,8.4,-15.72,36.85,1566,True
gold_copper_roc_21d,Tp25_hi,-4.0484,gte,P2_long_short,252,12,0.7207,14.44,-32.16,42.48,1566,True
gold_copper_mom_252d,Tfix07_hi,0.7,gte,P1_long_cash,147,7,0.7207,13.31,-42.33,6.11,1566,True
gold_copper_roc_5d,Tp25_hi,-2.0781,gte,P1_long_cash,231,11,0.7207,13.41,-40.82,41.03,1566,True
gold_copper_roc_5d,Tz1_hi,1.0,gte,P1_long_cash,252,12,0.72,9.77,-18.64,56.32,1566,True
gold_copper_roc_21d,Tp50_lo,0.0209,lte,P1_long_cash,147,7,0.7198,9.09,-12.92,30.74,1566,True
gold_copper_mom_21d,Tp50_lo,0.098,lte,P1_long_cash,147,7,0.7198,9.09,-12.92,30.74,1566,True
gold_copper_roc_5d,Tp75_lo,2.0649,lte,P1_long_cash,126,6,0.7197,12.58,-32.37,43.77,1566,True
gold_copper_mom_21d,Tp90_hi,32.7891,gte,P1_long_cash,231,11,0.7185,5.36,-8.81,12.87,1566,True
gold_copper_roc_5d,Tp90_lo,4.3297,lte,P1_long_cash,105,5,0.7185,14.1,-42.26,15.77,1566,True
gold_copper_mom_252d,Tp25_hi,-53.7187,gte,P1_long_cash,231,11,0.7185,13.26,-42.33,0.97,1566,True
gold_copper_zscore_126d,Tfix07_hi,0.7,gte,P1_long_cash,42,2,0.718,9.81,-18.3,16.57,1566,True
gold_copper_mom_252d,Tp50_hi,7.1738,gte,P2_long_short,63,3,0.7174,14.36,-42.33,12.23,1566,True
gold_copper_mom_21d,Tzn1_lo,-1.0,lte,P1_long_cash,147,7,0.7166,8.98,-12.25,32.99,1566,True
gold_copper_mom_21d,Tz1_lo,-1.0,lte,P1_long_cash,147,7,0.7166,8.98,-12.25,32.99,1566,True
gold_copper_roc_5d,Tp90_lo,4.3297,lte,P1_long_cash,189,9,0.7162,13.59,-37.81,16.25,1566,True
gold_copper_mom_21d,Tfix03_lo,0.3,lte,P1_long_cash,147,7,0.7159,9.04,-12.92,30.41,1566,True
gold_copper_pctrank_504d,Tp90_lo,0.9722,lte,P1_long_cash,189,9,0.7157,10.53,-21.64,11.75,1566,True
gold_copper_zscore_504d,Tz1_hi,1.0,gte,P1_long_cash,126,6,0.7153,12.02,-42.33,8.85,1566,True
gold_copper_zscore_252d,Tp25_hi,-0.9767,gte,P2_long_short,189,9,0.7147,14.28,-42.33,5.79,1566,True
gold_copper_mom_21d,Tz1_hi,1.0,gte,P1_long_cash,63,3,0.7142,9.59,-19.5,29.61,1566,True
gold_copper_mom_252d,Tz1_hi,1.0,gte,P1_long_cash,63,3,0.7142,13.36,-42.33,5.79,1566,True
gold_copper_roc_126d,Tfix03_lo,0.3,lte,P1_long_cash,63,3,0.7136,7.77,-15.52,12.23,1566,True
gold_copper_roc_5d,Tp90_lo,4.3297,lte,P1_long_cash,231,11,0.7133,13.9,-39.74,15.77,1566,True
gold_copper_zscore_252d,Tp25_hi,-0.9767,gte,P1_long_cash,189,9,0.7129,13.76,-42.33,2.9,1566,True
gold_copper_mom_252d,Tp25_hi,-53.7187,gte,P1_long_cash,84,4,0.7125,13.54,-42.33,0.97,1566,True
gold_copper_pctrank_504d,Tp75_hi,0.841,gte,P1_long_cash,63,3,0.7124,8.89,-18.49,9.66,1566,True
gold_copper_roc_126d,Tz1_hi,1.0,gte,P2_long_short,168,8,0.7116,14.21,-42.33,22.53,1566,True
gold_copper_roc_126d,Tp90_hi,26.555,gte,P1_long_cash,84,4,0.7112,3.31,-5.54,6.11,1566,True
gold_copper_zscore_504d,Tp25_hi,-1.0311,gte,P1_long_cash,168,8,0.7105,13.44,-42.33,3.54,1566,True
gold_copper_zscore_504d,Tp90_lo,2.084,lte,P1_long_cash,189,9,0.7104,10.09,-21.64,7.56,1566,True
gold_copper_zscore_504d,Tp25_hi,-1.0311,gte,P1_long_cash,147,7,0.7096,13.57,-42.33,3.54,1566,True
gold_copper_zscore_252d,Tp90_lo,2.0171,lte,P1_long_cash,0,0,0.7096,12.03,-29.58,9.66,1566,True
gold_copper_mom_21d,Tz1_hi,1.0,gte,P1_long_cash,126,6,0.7091,8.7,-20.52,29.77,1566,True
gold_copper_mom_252d,Tfix07_hi,0.7,gte,P1_long_cash,63,3,0.7089,13.24,-42.33,6.44,1566,True
gold_copper_mom_252d,Tp25_hi,-53.7187,gte,P1_long_cash,252,12,0.7085,13.05,-42.33,0.97,1566,True
gold_copper_mom_63d,Tp50_hi,0.758,gte,P2_long_short,252,12,0.7081,14.12,-50.18,36.69,1566,True
gold_copper_mom_63d,Tfix07_hi,0.7,gte,P2_long_short,252,12,0.7081,14.12,-50.18,36.69,1566,True
gold_copper_pctrank_1260d,Tp25_hi,0.3169,gte,P1_long_cash,21,1,0.7072,13.39,-42.33,2.9,1566,True
gold_copper_roc_21d,Tp90_lo,8.7798,lte,P1_long_cash,0,0,0.7071,12.49,-33.11,8.37,1566,True
gold_copper_pctrank_1260d,Tp90_hi,0.9349,gte,P1_long_cash,105,5,0.707,4.64,-8.25,4.02,1566,True
gold_copper_roc_21d,Tp25_hi,-4.0484,gte,P1_long_cash,63,3,0.7067,12.46,-29.91,19.95,1566,True
gold_copper_acceleration,Tz1_lo,-1.0,lte,P1_long_cash,147,7,0.7059,8.99,-20.11,34.6,1566,True
gold_copper_acceleration,Tzn1_lo,-1.0,lte,P1_long_cash,147,7,0.7059,8.99,-20.11,34.6,1566,True
gold_copper_zscore_252d,Tfix07_hi,0.7,gte,P1_long_cash,252,12,0.7057,9.2,-19.07,14.48,1566,True
gold_copper_roc_5d,Tp75_lo,2.0649,lte,P1_long_cash,231,11,0.7056,12.09,-26.76,44.09,1566,True
gold_copper_roc_63d,Tfix03_lo,0.3,lte,P2_long_short,0,0,0.704,14.02,-35.99,45.7,1566,True
gold_copper_zscore_252d,Tp25_hi,-0.9767,gte,P1_long_cash,168,8,0.7038,13.49,-42.33,2.9,1566,True
gold_copper_zscore_504d,Tp50_hi,-0.0203,gte,P1_long_cash,126,6,0.7034,12.64,-42.33,1.61,1566,True
gold_copper_mom_63d,Tzn1_lo,-1.0,lte,P2_long_short,105,5,0.7034,14.02,-24.69,42.48,1566,True
gold_copper_mom_63d,Tz1_lo,-1.0,lte,P2_long_short,105,5,0.7034,14.02,-24.69,42.48,1566,True
gold_copper_roc_5d,Tp75_hi,2.0649,gte,P1_long_cash,63,3,0.7032,6.84,-13.88,43.77,1566,True
gold_copper_roc_5d,Tp90_lo,4.3297,lte,P1_long_cash,126,6,0.7028,13.2,-34.96,15.77,1566,True
gold_copper_mom_252d,Tz1_hi,1.0,gte,P2_long_short,105,5,0.7026,13.98,-42.33,11.59,1566,True
gold_copper_zscore_126d,Tp50_lo,-0.0334,lte,P1_long_cash,84,4,0.7025,9.27,-25.21,17.06,1566,True
gold_copper_roc_21d,Tp25_lo,-4.0484,lte,P1_long_cash,84,4,0.7021,5.81,-7.36,21.24,1566,True
gold_copper_roc_21d,Trp25_lo,-4.0484,lte,P1_long_cash,84,4,0.7021,5.81,-7.36,21.24,1566,True
gold_copper_mom_252d,Tp75_hi,65.8527,gte,P1_long_cash,210,10,0.7021,10.52,-24.53,14.32,1566,True
gold_copper_pctrank_1260d,Tp25_hi,0.3169,gte,P1_long_cash,42,2,0.702,13.19,-42.33,2.9,1566,True
gold_copper_mom_252d,Tfix07_hi,0.7,gte,P1_long_cash,210,10,0.7017,12.55,-42.73,6.6,1566,True
gold_copper_roc_63d,Tfix03_lo,0.3,lte,P2_long_short,105,5,0.7013,13.96,-25.94,43.13,1566,True
gold_copper_mom_252d,Tp75_hi,65.8527,gte,P1_long_cash,189,9,0.7009,11.43,-42.33,14.97,1566,True
gold_copper_mom_63d,Tz1_hi,1.0,gte,P2_long_short,252,12,0.7001,13.92,-50.18,37.98,1566,True
gold_copper_acceleration,Tp75_lo,6.1247,lte,P1_long_cash,42,2,0.6992,10.87,-20.24,17.86,1566,True
gold_copper_pctrank_504d,Tfix07_hi,0.7,gte,P1_long_cash,126,6,0.6991,12.41,-42.33,6.28,1566,True
gold_copper_pctrank_504d,Tp25_hi,0.1605,gte,P1_long_cash,189,9,0.6981,13.17,-42.33,8.37,1566,True
gold_copper_mom_21d,Trp25_lo,-15.533,lte,P1_long_cash,189,9,0.698,5.34,-11.05,25.43,1566,True
gold_copper_mom_21d,Tp25_lo,-15.533,lte,P1_long_cash,189,9,0.698,5.34,-11.05,25.43,1566,True
gold_copper_roc_126d,Tp25_hi,-9.8165,gte,P1_long_cash,231,11,0.6979,13.01,-42.33,3.22,1566,True
gold_copper_roc_126d,Tp25_hi,-9.8165,gte,P1_long_cash,252,12,0.6977,13.09,-42.33,3.22,1566,True
gold_copper_mom_63d,Trp25_lo,-25.5664,lte,P1_long_cash,21,1,0.6973,6.0,-11.97,12.71,1566,True
gold_copper_mom_63d,Tp25_lo,-25.5664,lte,P1_long_cash,21,1,0.6973,6.0,-11.97,12.71,1566,True
gold_copper_roc_126d,Tz1_hi,1.0,gte,P1_long_cash,252,12,0.6972,11.49,-36.32,12.23,1566,True
gold_copper_roc_21d,Tfix07_hi,0.7,gte,P2_long_short,231,11,0.697,13.88,-40.51,61.47,1566,True
gold_copper_zscore_504d,Tp25_hi,-1.0311,gte,P2_long_short,147,7,0.6967,13.83,-42.33,7.08,1566,True
gold_copper_mom_63d,Tp50_lo,0.758,lte,P1_long_cash,189,9,0.6966,7.37,-19.45,19.79,1566,True
gold_copper_mom_63d,Tp75_lo,28.7156,lte,P1_long_cash,21,1,0.6966,9.49,-19.7,9.01,1566,True
gold_copper_acceleration,Tfix03_lo,0.3,lte,P1_long_cash,147,7,0.6964,9.36,-23.98,34.28,1566,True
gold_copper_roc_21d,Tp25_hi,-4.0484,gte,P1_long_cash,21,1,0.6962,13.04,-42.33,19.31,1566,True
gold_copper_roc_63d,Tp50_hi,0.2018,gte,P2_long_short,252,12,0.6962,13.82,-51.28,38.62,1566,True
gold_copper_zscore_504d,Tp25_lo,-1.0311,lte,P1_long_cash,0,0,0.6962,3.85,-6.99,3.54,1566,True
gold_copper_zscore_504d,Trp25_lo,-1.0311,lte,P1_long_cash,0,0,0.6962,3.85,-6.99,3.54,1566,True
gold_copper_mom_252d,Tp25_hi,-53.7187,gte,P2_long_short,210,10,0.6959,13.81,-42.33,1.93,1566,True
gold_copper_roc_21d,Tp75_lo,4.3669,lte,P2_long_short,147,7,0.6948,13.8,-28.95,35.08,1566,True
gold_copper_mom_252d,Tp25_hi,-53.7187,gte,P1_long_cash,126,6,0.6936,12.94,-42.33,0.97,1566,True
gold_copper_roc_5d,Tp90_lo,4.3297,lte,P2_long_short,189,9,0.6936,13.75,-36.91,32.51,1566,True
gold_copper_mom_252d,Tp50_hi,7.1738,gte,P1_long_cash,210,10,0.6933,12.01,-43.17,7.24,1566,True
gold_copper_acceleration,Tp25_hi,-6.2874,gte,P1_long_cash,189,9,0.693,12.83,-42.33,25.1,1566,True
gold_copper_mom_252d,Tp50_hi,7.1738,gte,P2_long_short,189,9,0.6926,13.73,-42.64,12.87,1566,True
gold_copper_pctrank_1260d,Tp50_hi,0.5612,gte,P1_long_cash,84,4,0.6925,12.37,-42.33,6.11,1566,True
gold_copper_acceleration,Tz1_lo,-1.0,lte,P2_long_short,42,2,0.6923,13.74,-32.79,68.55,1566,True
gold_copper_acceleration,Tzn1_lo,-1.0,lte,P2_long_short,42,2,0.6923,13.74,-32.79,68.55,1566,True
gold_copper_zscore_252d,Tp25_hi,-0.9767,gte,P2_long_short,168,8,0.6921,13.72,-42.33,5.79,1566,True
gold_copper_pctrank_1260d,Tp25_hi,0.3169,gte,P1_long_cash,189,9,0.692,12.63,-42.33,3.54,1566,True
gold_copper_mom_252d,Tz1_hi,1.0,gte,P1_long_cash,210,10,0.692,12.33,-43.79,5.95,1566,True
gold_copper_acceleration,Tz1_lo,-1.0,lte,P1_long_cash,210,10,0.6918,7.99,-17.23,34.11,1566,True
gold_copper_acceleration,Tzn1_lo,-1.0,lte,P1_long_cash,210,10,0.6918,7.99,-17.23,34.11,1566,True
gold_copper_zscore_504d,Tp50_hi,-0.0203,gte,P1_long_cash,210,10,0.6917,12.28,-42.9,2.9,1566,True
gold_copper_pctrank_1260d,Tp25_hi,0.3169,gte,P1_long_cash,168,8,0.6914,12.67,-42.33,2.9,1566,True
gold_copper_pctrank_504d,Tfix07_hi,0.7,gte,P1_long_cash,189,9,0.6909,12.14,-42.33,6.28,1566,True
gold_copper_roc_126d,Tp25_hi,-9.8165,gte,P1_long_cash,210,10,0.6907,13.06,-42.33,3.22,1566,True
gold_copper_mom_63d,Tfix07_hi,0.7,gte,P1_long_cash,42,2,0.6905,10.06,-23.38,19.47,1566,True
gold_copper_mom_63d,Tp50_hi,0.758,gte,P1_long_cash,42,2,0.6905,10.06,-23.38,19.47,1566,True
gold_copper_mom_252d,Tp25_hi,-53.7187,gte,P2_long_short,84,4,0.6904,13.67,-42.33,1.93,1566,True
gold_copper_pctrank_504d,Tfix07_hi,0.7,gte,P2_long_short,168,8,0.6902,13.67,-42.33,12.23,1566,True
gold_copper_roc_5d,Tp25_hi,-2.0781,gte,P1_long_cash,105,5,0.6902,12.12,-28.87,44.09,1566,True
gold_copper_pctrank_1260d,Tp25_hi,0.3169,gte,P2_long_short,252,12,0.6897,13.66,-42.33,7.08,1566,True
gold_copper_zscore_504d,Tp25_hi,-1.0311,gte,P1_long_cash,42,2,0.6895,13.29,-42.33,3.54,1566,True
gold_copper_zscore_126d,Tp25_hi,-1.0407,gte,P1_long_cash,147,7,0.6888,13.11,-42.33,9.66,1566,True
gold_copper_pctrank_504d,Tp75_lo,0.841,lte,P1_long_cash,0,0,0.6888,8.51,-21.64,9.66,1566,True
gold_copper_roc_63d,Tp90_lo,17.0212,lte,P1_long_cash,126,6,0.6884,13.11,-36.05,4.67,1566,True
gold_copper_pctrank_1260d,Tp25_hi,0.3169,gte,P1_long_cash,84,4,0.688,12.78,-42.33,2.9,1566,True
gold_copper_roc_126d,Tp50_hi,0.8514,gte,P2_long_short,168,8,0.6879,13.61,-42.33,21.24,1566,True
gold_copper_zscore_252d,Tz1_hi,1.0,gte,P1_long_cash,42,2,0.687,9.44,-19.85,16.09,1566,True
gold_copper_acceleration,Tp90_lo,12.3637,lte,P1_long_cash,168,8,0.6869,13.26,-42.33,11.91,1566,True
gold_copper_acceleration,Tp50_hi,-0.0707,gte,P1_long_cash,252,12,0.6868,11.01,-34.93,32.99,1566,True
gold_copper_zscore_252d,Tp75_hi,1.0726,gte,P1_long_cash,252,12,0.6868,7.46,-22.48,15.93,1566,True
gold_copper_roc_5d,Tp75_lo,2.0649,lte,P1_long_cash,147,7,0.6866,12.13,-22.81,43.93,1566,True
gold_copper_mom_252d,Tfix07_hi,0.7,gte,P1_long_cash,168,8,0.6865,12.46,-42.33,6.11,1566,True
gold_copper_zscore_252d,Tp25_hi,-0.9767,gte,P1_long_cash,210,10,0.6864,13.05,-42.33,2.9,1566,True
gold_copper_roc_63d,Tp50_hi,0.2018,gte,P1_long_cash,42,2,0.6859,9.98,-23.38,20.44,1566,True
gold_copper_pctrank_504d,Tp50_hi,0.5268,gte,P1_long_cash,189,9,0.6857,12.31,-42.33,3.86,1566,True
gold_copper_zscore_126d,Tp75_lo,1.18,lte,P1_long_cash,126,6,0.6857,10.87,-20.18,16.25,1566,True
gold_copper_pctrank_504d,Tp25_hi,0.1605,gte,P1_long_cash,42,2,0.6852,13.16,-42.33,8.37,1566,True
gold_copper_zscore_126d,Tp90_lo,2.0703,lte,P1_long_cash,105,5,0.6851,13.16,-42.33,9.33,1566,True
gold_copper_mom_252d,Tz1_hi,1.0,gte,P1_long_cash,168,8,0.6849,12.43,-42.33,5.47,1566,True
gold_copper_mom_252d,Tp50_hi,7.1738,gte,P1_long_cash,168,8,0.6848,12.36,-42.33,5.79,1566,True
gold_copper_mom_63d,Tp50_hi,0.758,gte,P1_long_cash,210,10,0.6847,11.26,-33.82,19.63,1566,True
gold_copper_mom_63d,Tfix07_hi,0.7,gte,P1_long_cash,210,10,0.6847,11.26,-33.82,19.63,1566,True
gold_copper_roc_126d,Tz1_lo,-1.0,lte,P1_long_cash,42,2,0.6846,5.88,-9.25,12.87,1566,True
gold_copper_roc_126d,Tzn1_lo,-1.0,lte,P1_long_cash,42,2,0.6846,5.88,-9.25,12.87,1566,True
gold_copper_roc_21d,Tfix03_lo,0.3,lte,P2_long_short,42,2,0.6846,13.54,-37.48,60.83,1566,True
gold_copper_zscore_126d,Tfix03_lo,0.3,lte,P1_long_cash,21,1,0.6841,8.25,-19.74,17.22,1566,True
gold_copper_roc_5d,Tp50_hi,0.0074,gte,P2_long_short,105,5,0.6841,13.53,-32.7,110.71,1566,False
gold_copper_pctrank_504d,Tp90_hi,0.9722,gte,P1_long_cash,210,10,0.684,7.9,-15.8,11.91,1566,True
gold_copper_roc_63d,Tp75_lo,7.5433,lte,P1_long_cash,147,7,0.6838,9.25,-25.93,7.72,1566,True
gold_copper_roc_5d,Tp90_hi,4.3297,gte,P1_long_cash,252,12,0.6829,3.22,-9.84,15.77,1566,True
gold_copper_roc_21d,Tp50_hi,0.0209,gte,P1_long_cash,126,6,0.6827,8.46,-17.72,31.06,1566,True
gold_copper_mom_21d,Tp50_hi,0.098,gte,P1_long_cash,126,6,0.6827,8.46,-17.72,31.06,1566,True
gold_copper_zscore_504d,Tp50_hi,-0.0203,gte,P1_long_cash,105,5,0.6827,12.23,-42.33,1.93,1566,True
gold_copper_pctrank_504d,Tp25_hi,0.1605,gte,P1_long_cash,105,5,0.6825,12.98,-42.33,8.37,1566,True
gold_copper_roc_21d,Tp90_lo,8.7798,lte,P1_long_cash,105,5,0.6824,13.17,-42.33,8.05,1566,True
gold_copper_roc_21d,Tfix03_lo,0.3,lte,P2_long_short,0,0,0.6819,13.46,-30.89,63.08,1566,True
gold_copper_roc_126d,Tp75_hi,11.28,gte,P1_long_cash,63,3,0.6818,6.8,-20.98,8.85,1566,True
gold_copper_zscore_126d,Tzn1_lo,-1.0,lte,P1_long_cash,210,10,0.6815,4.74,-10.7,11.1,1566,True
gold_copper_zscore_126d,Tz1_lo,-1.0,lte,P1_long_cash,210,10,0.6815,4.74,-10.7,11.1,1566,True
gold_copper_zscore_504d,Tp25_hi,-1.0311,gte,P2_long_short,168,8,0.6813,13.45,-42.33,7.08,1566,True
gold_copper_roc_21d,Tfix03_lo,0.3,lte,P1_long_cash,21,1,0.681,8.74,-21.85,31.38,1566,True
gold_copper_pctrank_1260d,Tp25_hi,0.3169,gte,P1_long_cash,147,7,0.681,12.47,-42.33,2.9,1566,True
gold_copper_roc_63d,Tp50_lo,0.2018,lte,P1_long_cash,189,9,0.6809,7.21,-19.45,20.76,1566,True
gold_copper_zscore_252d,Tp50_hi,0.0526,gte,P1_long_cash,189,9,0.6809,12.11,-42.33,7.08,1566,True
gold_copper_roc_63d,Tz1_hi,1.0,gte,P1_long_cash,42,2,0.6808,9.78,-21.92,20.76,1566,True
gold_copper_pctrank_1260d,Tp50_hi,0.5612,gte,P2_long_short,126,6,0.6807,13.43,-42.33,12.23,1566,True
gold_copper_zscore_504d,Tp25_hi,-1.0311,gte,P2_long_short,42,2,0.6806,13.43,-42.33,7.08,1566,True
gold_copper_roc_63d,Tp75_lo,7.5433,lte,P2_long_short,105,5,0.6805,13.44,-34.45,15.77,1566,True
gold_copper_acceleration,Tp90_lo,12.3637,lte,P2_long_short,168,8,0.6794,13.4,-43.14,23.82,1566,True
gold_copper_zscore_252d,Tp75_lo,1.0726,lte,P1_long_cash,21,1,0.6787,8.66,-18.83,15.29,1566,True
gold_copper_roc_63d,Trp25_lo,-6.739,lte,P1_long_cash,84,4,0.6785,7.33,-15.8,9.98,1566,True
gold_copper_roc_63d,Tp25_lo,-6.739,lte,P1_long_cash,84,4,0.6785,7.33,-15.8,9.98,1566,True
gold_copper_zscore_252d,Tfix07_hi,0.7,gte,P1_long_cash,126,6,0.6782,11.46,-42.33,14.64,1566,True
gold_copper_roc_21d,Trp25_lo,-4.0484,lte,P1_long_cash,105,5,0.6778,6.17,-17.75,21.24,1566,True
gold_copper_roc_21d,Tp25_lo,-4.0484,lte,P1_long_cash,105,5,0.6778,6.17,-17.75,21.24,1566,True
gold_copper_roc_5d,Tp25_hi,-2.0781,gte,P1_long_cash,147,7,0.6777,12.47,-42.33,42.64,1566,True
gold_copper_pctrank_1260d,Tp25_hi,0.3169,gte,P2_long_short,21,1,0.6777,13.36,-42.33,5.79,1566,True
gold_copper_roc_5d,Tp75_hi,2.0649,gte,P1_long_cash,105,5,0.6776,5.55,-12.27,43.77,1566,True
gold_copper_roc_21d,Tp90_hi,8.7798,gte,P1_long_cash,252,12,0.6774,3.98,-9.25,9.66,1566,True
gold_copper_pctrank_1260d,Tp90_hi,0.9349,gte,P1_long_cash,168,8,0.677,4.01,-8.25,3.38,1566,True
gold_copper_pctrank_504d,Tfix07_hi,0.7,gte,P2_long_short,147,7,0.6766,13.33,-42.33,12.23,1566,True
gold_copper_zscore_126d,Tp75_lo,1.18,lte,P1_long_cash,21,1,0.6766,9.52,-24.11,16.74,1566,True
gold_copper_zscore_252d,Tp90_lo,2.0171,lte,P1_long_cash,189,9,0.6761,10.0,-21.64,7.89,1566,True
gold_copper_roc_63d,Tp50_hi,0.2018,gte,P1_long_cash,210,10,0.6754,11.06,-33.82,20.6,1566,True
gold_copper_zscore_252d,Tp75_lo,1.0726,lte,P1_long_cash,168,8,0.6747,8.2,-21.64,15.93,1566,True
gold_copper_acceleration,Tp50_lo,-0.0707,lte,P1_long_cash,21,1,0.6745,9.45,-27.66,34.6,1566,True
gold_copper_mom_63d,Tp25_hi,-25.5664,gte,P1_long_cash,84,4,0.6738,10.45,-21.69,13.84,1566,True
gold_copper_roc_21d,Tp90_lo,8.7798,lte,P2_long_short,105,5,0.6734,13.25,-42.69,16.09,1566,True
gold_copper_pctrank_504d,Tp50_hi,0.5268,gte,P1_long_cash,168,8,0.6732,12.07,-42.33,3.22,1566,True
gold_copper_mom_63d,Tz1_hi,1.0,gte,P1_long_cash,42,2,0.6721,9.73,-23.38,20.11,1566,True
gold_copper_roc_21d,Tfix03_lo,0.3,lte,P2_long_short,210,10,0.6714,13.2,-39.58,61.15,1566,True
gold_copper_zscore_504d,Tp50_hi,-0.0203,gte,P2_long_short,0,0,0.671,13.19,-42.33,3.86,1566,True
gold_copper_acceleration,Tp75_lo,6.1247,lte,P1_long_cash,21,1,0.6706,11.21,-29.07,18.67,1566,True
gold_copper_mom_63d,Tp25_hi,-25.5664,gte,P1_long_cash,189,9,0.6704,12.44,-42.33,13.68,1566,True
gold_copper_zscore_126d,Tp90_lo,2.0703,lte,P2_long_short,105,5,0.6696,13.15,-42.33,18.67,1566,True
gold_copper_pctrank_504d,Tp25_hi,0.1605,gte,P2_long_short,42,2,0.6694,13.15,-42.33,16.74,1566,True
gold_copper_pctrank_504d,Tp75_lo,0.841,lte,P1_long_cash,105,5,0.6691,8.6,-21.64,9.98,1566,True
gold_copper_roc_5d,Tp25_hi,-2.0781,gte,P2_long_short,231,11,0.6691,13.15,-39.55,82.07,1566,True
gold_copper_mom_252d,Tz1_hi,1.0,gte,P2_long_short,63,3,0.6687,13.13,-42.33,11.59,1566,True
gold_copper_roc_5d,Tzn1_lo,-1.0,lte,P1_long_cash,126,6,0.6686,8.26,-30.2,48.44,1566,True
gold_copper_roc_5d,Tz1_lo,-1.0,lte,P1_long_cash,126,6,0.6686,8.26,-30.2,48.44,1566,True
gold_copper_pctrank_504d,Tp75_hi,0.841,gte,P1_long_cash,252,12,0.6683,7.73,-20.69,9.01,1566,True
gold_copper_roc_63d,Tp25_hi,-6.739,gte,P1_long_cash,189,9,0.6683,12.62,-42.33,9.82,1566,True
gold_copper_pctrank_1260d,Tp50_hi,0.5612,gte,P1_long_cash,21,1,0.668,11.92,-42.33,6.11,1566,True
gold_copper_mom_21d,Tfix07_hi,0.7,gte,P1_long_cash,126,6,0.6678,8.18,-20.52,29.77,1566,True
gold_copper_zscore_504d,Tp50_hi,-0.0203,gte,P1_long_cash,21,1,0.6672,12.09,-42.33,1.93,1566,True
gold_copper_acceleration,Trp25_lo,-6.2874,lte,P1_long_cash,0,0,0.6671,6.88,-16.49,26.55,1566,True
gold_copper_acceleration,Tp25_lo,-6.2874,lte,P1_long_cash,0,0,0.6671,6.88,-16.49,26.55,1566,True
gold_copper_zscore_504d,Tp50_hi,-0.0203,gte,P1_long_cash,63,3,0.6671,12.01,-42.33,1.93,1566,True
gold_copper_pctrank_1260d,Tz1_hi,1.0,gte,P1_long_cash,210,10,0.6669,0.79,-0.03,1.29,1566,True
gold_copper_zscore_126d,Tp25_lo,-1.0407,lte,P1_long_cash,84,4,0.6667,5.06,-10.77,9.98,1566,True
gold_copper_zscore_126d,Trp25_lo,-1.0407,lte,P1_long_cash,84,4,0.6667,5.06,-10.77,9.98,1566,True
gold_copper_pctrank_1260d,Tp75_lo,0.8221,lte,P1_long_cash,21,1,0.6663,8.97,-21.64,4.02,1566,True
gold_copper_zscore_252d,Tp25_hi,-0.9767,gte,P1_long_cash,252,12,0.6654,12.33,-42.33,2.9,1566,True
gold_copper_pctrank_1260d,Tp50_hi,0.5612,gte,P1_long_cash,63,3,0.6654,11.78,-42.33,6.11,1566,True
gold_copper_zscore_504d,Tp50_hi,-0.0203,gte,P2_long_short,147,7,0.6649,13.03,-42.33,3.22,1566,True
gold_copper_roc_126d,Tp50_lo,0.8514,lte,P1_long_cash,63,3,0.6646,7.31,-19.61,11.26,1566,True
gold_copper_mom_252d,Tp50_hi,7.1738,gte,P1_long_cash,252,12,0.6644,11.05,-30.28,7.4,1566,True
gold_copper_mom_252d,Tp75_hi,65.8527,gte,P1_long_cash,42,2,0.6644,10.15,-21.17,15.13,1566,True
gold_copper_roc_63d,Tfix07_hi,0.7,gte,P1_long_cash,42,2,0.6642,9.54,-22.78,22.05,1566,True
gold_copper_zscore_252d,Tfix07_hi,0.7,gte,P1_long_cash,168,8,0.6637,11.26,-42.33,14.48,1566,True
gold_copper_mom_21d,Tp90_hi,32.7891,gte,P1_long_cash,63,3,0.6632,5.45,-10.0,10.62,1566,True
gold_copper_roc_126d,Tfix07_hi,0.7,gte,P2_long_short,168,8,0.6629,12.98,-42.33,23.17,1566,True
gold_copper_roc_21d,Tp75_lo,4.3669,lte,P1_long_cash,21,1,0.6627,9.87,-22.73,17.38,1566,True
gold_copper_zscore_504d,Tp75_hi,1.0903,gte,P1_long_cash,168,8,0.6617,11.01,-42.33,10.46,1566,True
gold_copper_zscore_504d,Tz1_hi,1.0,gte,P1_long_cash,189,9,0.6612,11.02,-42.33,8.53,1566,True
gold_copper_acceleration,Tz1_lo,-1.0,lte,P1_long_cash,0,0,0.6608,9.49,-30.24,35.56,1566,True
gold_copper_acceleration,Tzn1_lo,-1.0,lte,P1_long_cash,0,0,0.6608,9.49,-30.24,35.56,1566,True
gold_copper_zscore_504d,Tz1_hi,1.0,gte,P1_long_cash,210,10,0.6606,10.6,-36.43,8.21,1566,True
gold_copper_zscore_126d,Tp25_hi,-1.0407,gte,P2_long_short,147,7,0.6606,12.93,-42.33,19.31,1566,True
gold_copper_roc_63d,Tp90_lo,17.0212,lte,P2_long_short,126,6,0.6605,12.93,-36.05,9.33,1566,True
gold_copper_roc_63d,Tfix07_hi,0.7,gte,P2_long_short,252,12,0.6603,12.92,-54.3,43.13,1566,True
gold_copper_mom_252d,Tz1_hi,1.0,gte,P2_long_short,147,7,0.6602,12.92,-42.33,10.94,1566,True
gold_copper_pctrank_504d,Tp25_hi,0.1605,gte,P2_long_short,189,9,0.6602,12.92,-42.33,16.74,1566,True
gold_copper_mom_21d,Tz1_lo,-1.0,lte,P2_long_short,0,0,0.6601,12.92,-27.55,66.3,1566,True
gold_copper_mom_21d,Tzn1_lo,-1.0,lte,P2_long_short,0,0,0.6601,12.92,-27.55,66.3,1566,True
gold_copper_mom_63d,Tp75_lo,28.7156,lte,P1_long_cash,168,8,0.66,8.52,-24.14,8.85,1566,True
gold_copper_zscore_504d,Tzn1_lo,-1.0,lte,P1_long_cash,0,0,0.6597,3.74,-6.99,3.54,1566,True
gold_copper_zscore_504d,Tz1_lo,-1.0,lte,P1_long_cash,0,0,0.6597,3.74,-6.99,3.54,1566,True
gold_copper_pctrank_1260d,Tp25_hi,0.3169,gte,P2_long_short,42,2,0.6595,12.9,-42.33,5.79,1566,True
gold_copper_pctrank_1260d,Tp50_hi,0.5612,gte,P1_long_cash,189,9,0.6595,11.5,-42.33,6.28,1566,True
gold_copper_mom_252d,Tfix07_hi,0.7,gte,P2_long_short,63,3,0.6592,12.89,-42.33,12.87,1566,True
gold_copper_roc_5d,Tp90_lo,4.3297,lte,P2_long_short,126,6,0.6591,12.9,-37.52,31.54,1566,True
gold_copper_mom_21d,Tp90_hi,32.7891,gte,P1_long_cash,42,2,0.6591,7.04,-15.4,10.94,1566,True
gold_copper_mom_252d,Tfix07_hi,0.7,gte,P2_long_short,147,7,0.6584,12.87,-42.33,12.23,1566,True
gold_copper_roc_126d,Tp90_lo,26.555,lte,P1_long_cash,126,6,0.6583,11.16,-21.64,6.11,1566,True
gold_copper_roc_5d,Tp90_lo,4.3297,lte,P1_long_cash,84,4,0.658,12.41,-38.74,15.77,1566,True
gold_copper_zscore_504d,Tfix07_hi,0.7,gte,P1_long_cash,189,9,0.658,11.18,-42.33,9.49,1566,True
gold_copper_mom_63d,Tfix07_hi,0.7,gte,P1_long_cash,63,3,0.658,8.57,-18.49,19.63,1566,True
gold_copper_mom_63d,Tp50_hi,0.758,gte,P1_long_cash,63,3,0.658,8.57,-18.49,19.63,1566,True
gold_copper_zscore_504d,Tp90_hi,2.084,gte,P1_long_cash,42,2,0.6572,6.29,-12.92,9.66,1566,True
gold_copper_roc_21d,Tp25_hi,-4.0484,gte,P1_long_cash,147,7,0.6571,12.28,-42.33,20.44,1566,True
gold_copper_mom_63d,Tz1_hi,1.0,gte,P1_long_cash,63,3,0.6571,8.54,-18.49,20.28,1566,True
gold_copper_roc_63d,Tz1_lo,-1.0,lte,P1_long_cash,21,1,0.6566,7.21,-16.08,18.51,1566,True
gold_copper_roc_63d,Tzn1_lo,-1.0,lte,P1_long_cash,21,1,0.6566,7.21,-16.08,18.51,1566,True
gold_copper_acceleration,Tp90_lo,12.3637,lte,P1_long_cash,0,0,0.6562,12.21,-42.33,10.62,1566,True
gold_copper_pctrank_504d,Tp50_hi,0.5268,gte,P1_long_cash,63,3,0.6562,11.87,-42.33,3.54,1566,True
gold_copper_roc_21d,Tp90_lo,8.7798,lte,P1_long_cash,210,10,0.656,11.14,-23.66,9.66,1566,True
gold_copper_zscore_252d,Tp25_hi,-0.9767,gte,P2_long_short,210,10,0.656,12.81,-42.33,5.79,1566,True
gold_copper_mom_252d,Tfix07_hi,0.7,gte,P1_long_cash,21,1,0.6556,12.06,-42.33,6.44,1566,True
gold_copper_mom_252d,Tp25_hi,-53.7187,gte,P2_long_short,231,11,0.6547,12.78,-42.33,1.93,1566,True
gold_copper_roc_126d,Tp25_hi,-9.8165,gte,P2_long_short,210,10,0.6539,12.76,-42.33,6.44,1566,True
gold_copper_acceleration,Tp90_hi,12.3637,gte,P1_long_cash,231,11,0.6535,3.36,-9.36,11.26,1566,True
gold_copper_roc_5d,Tp25_hi,-2.0781,gte,P1_long_cash,21,1,0.6526,11.36,-35.77,43.45,1566,True
gold_copper_roc_63d,Tz1_lo,-1.0,lte,P1_long_cash,189,9,0.6515,6.34,-17.55,19.15,1566,True
gold_copper_pctrank_504d,Tp50_hi,0.5268,gte,P1_long_cash,252,12,0.6515,11.16,-39.88,4.83,1566,True
gold_copper_roc_63d,Tzn1_lo,-1.0,lte,P1_long_cash,189,9,0.6515,6.34,-17.55,19.15,1566,True
gold_copper_mom_252d,Tz1_hi,1.0,gte,P1_long_cash,21,1,0.6512,11.96,-42.33,5.79,1566,True
gold_copper_mom_252d,Tp50_hi,7.1738,gte,P1_long_cash,21,1,0.651,11.88,-42.33,6.11,1566,True
gold_copper_roc_126d,Tp25_hi,-9.8165,gte,P2_long_short,252,12,0.651,12.69,-42.33,6.44,1566,True
gold_copper_roc_21d,Tp90_lo,8.7798,lte,P1_long_cash,168,8,0.6509,11.88,-42.45,9.98,1566,True
gold_copper_pctrank_504d,Tp25_hi,0.1605,gte,P2_long_short,105,5,0.6509,12.69,-42.33,16.74,1566,True
gold_copper_roc_63d,Tfix07_hi,0.7,gte,P1_long_cash,210,10,0.6506,10.46,-32.16,21.89,1566,True
gold_copper_mom_21d,Tp25_hi,-15.533,gte,P1_long_cash,21,1,0.6505,11.51,-42.33,24.46,1566,True
gold_copper_acceleration,Tp50_lo,-0.0707,lte,P2_long_short,42,2,0.6503,12.69,-33.55,68.55,1566,True
gold_copper_pctrank_504d,Tp50_hi,0.5268,gte,P1_long_cash,210,10,0.6503,11.46,-42.9,4.51,1566,True
gold_copper_roc_126d,Trp25_lo,-9.8165,lte,P1_long_cash,105,5,0.6501,3.87,-7.23,3.54,1566,True
gold_copper_roc_126d,Tp25_lo,-9.8165,lte,P1_long_cash,105,5,0.6501,3.87,-7.23,3.54,1566,True
gold_copper_zscore_252d,Tfix07_hi,0.7,gte,P1_long_cash,63,3,0.6497,8.77,-18.49,14.8,1566,True
gold_copper_pctrank_504d,Tfix07_hi,0.7,gte,P1_long_cash,84,4,0.6496,11.34,-42.33,6.44,1566,True
gold_copper_pctrank_504d,Tp90_hi,0.9722,gte,P1_long_cash,231,11,0.6487,5.63,-12.92,11.59,1566,True
gold_copper_acceleration,Tp90_hi,12.3637,gte,P1_long_cash,63,3,0.6479,3.43,-7.02,10.62,1566,True
gold_copper_zscore_252d,Tzn1_lo,-1.0,lte,P1_long_cash,84,4,0.6479,3.45,-6.99,5.15,1566,True
gold_copper_zscore_252d,Tz1_lo,-1.0,lte,P1_long_cash,84,4,0.6479,3.45,-6.99,5.15,1566,True
gold_copper_roc_5d,Tp25_lo,-2.0781,lte,P1_long_cash,210,10,0.6476,5.48,-9.91,41.52,1566,True
gold_copper_roc_5d,Trp25_lo,-2.0781,lte,P1_long_cash,210,10,0.6476,5.48,-9.91,41.52,1566,True
gold_copper_zscore_504d,Tfix07_hi,0.7,gte,P1_long_cash,21,1,0.6473,11.01,-42.33,9.33,1566,True
gold_copper_mom_63d,Tfix03_lo,0.3,lte,P2_long_short,0,0,0.6471,12.6,-39.58,43.13,1566,True
gold_copper_roc_21d,Tp25_hi,-4.0484,gte,P2_long_short,21,1,0.6468,12.59,-42.33,38.62,1566,True
gold_copper_roc_63d,Tp50_lo,0.2018,lte,P2_long_short,0,0,0.6466,12.59,-35.99,43.77,1566,True
gold_copper_zscore_252d,Tp25_hi,-0.9767,gte,P1_long_cash,126,6,0.6464,12.24,-42.33,3.06,1566,True
gold_copper_pctrank_504d,Tp50_hi,0.5268,gte,P2_long_short,147,7,0.6462,12.57,-42.33,6.44,1566,True
gold_copper_zscore_126d,Tp50_hi,-0.0334,gte,P1_long_cash,168,8,0.646,11.16,-42.33,16.41,1566,True
gold_copper_roc_126d,Tp90_hi,26.555,gte,P1_long_cash,168,8,0.6457,4.71,-12.02,6.11,1566,True
gold_copper_roc_21d,Tp90_hi,8.7798,gte,P1_long_cash,126,6,0.6455,3.39,-5.88,8.05,1566,True
gold_copper_zscore_252d,Tz1_lo,-1.0,lte,P1_long_cash,42,2,0.6454,3.54,-6.23,5.15,1566,True
gold_copper_zscore_252d,Tzn1_lo,-1.0,lte,P1_long_cash,42,2,0.6454,3.54,-6.23,5.15,1566,True
gold_copper_zscore_504d,Tz1_hi,1.0,gte,P1_long_cash,168,8,0.6453,10.75,-42.33,8.37,1566,True
gold_copper_zscore_126d,Tp25_hi,-1.0407,gte,P1_long_cash,168,8,0.6451,11.97,-42.33,9.66,1566,True
gold_copper_zscore_126d,Tz1_hi,1.0,gte,P1_long_cash,210,10,0.6448,8.52,-24.51,16.09,1566,True
gold_copper_zscore_504d,Tp50_hi,-0.0203,gte,P2_long_short,189,9,0.6448,12.53,-43.65,4.51,1566,True
gold_copper_mom_252d,Tp25_hi,-53.7187,gte,P1_long_cash,63,3,0.6446,12.02,-42.33,0.97,1566,True
gold_copper_zscore_504d,Tp50_hi,-0.0203,gte,P2_long_short,84,4,0.6439,12.51,-42.33,3.86,1566,True
gold_copper_roc_21d,Tp25_hi,-4.0484,gte,P1_long_cash,126,6,0.6437,11.3,-38.77,21.08,1566,True
gold_copper_roc_126d,Tp25_hi,-9.8165,gte,P2_long_short,231,11,0.6421,12.46,-42.33,6.44,1566,True
gold_copper_pctrank_504d,Tp50_hi,0.5268,gte,P1_long_cash,21,1,0.6416,11.67,-42.33,3.54,1566,True
gold_copper_roc_5d,Tfix03_lo,0.3,lte,P1_long_cash,147,7,0.6414,9.69,-21.82,55.2,1566,True
gold_copper_roc_126d,Tp50_hi,0.8514,gte,P2_long_short,252,12,0.6414,12.44,-36.05,22.53,1566,True
gold_copper_mom_252d,Tfix07_hi,0.7,gte,P1_long_cash,252,12,0.6409,11.02,-41.07,6.76,1566,True
gold_copper_roc_5d,Tp25_hi,-2.0781,gte,P1_long_cash,252,12,0.6404,11.23,-36.87,41.36,1566,True
gold_copper_mom_252d,Tp75_hi,65.8527,gte,P1_long_cash,168,8,0.6403,10.55,-42.33,14.97,1566,True
gold_copper_roc_126d,Tzn1_lo,-1.0,lte,P1_long_cash,105,5,0.6394,5.26,-11.0,12.87,1566,True
gold_copper_roc_126d,Tz1_lo,-1.0,lte,P1_long_cash,105,5,0.6394,5.26,-11.0,12.87,1566,True
gold_copper_roc_126d,Tp90_lo,26.555,lte,P1_long_cash,21,1,0.6392,11.9,-42.33,6.76,1566,True
gold_copper_mom_252d,Tz1_hi,1.0,gte,P1_long_cash,252,12,0.639,10.97,-41.07,6.11,1566,True
gold_copper_mom_252d,Tp25_hi,-53.7187,gte,P2_long_short,252,12,0.6389,12.39,-42.33,1.93,1566,True
gold_copper_roc_21d,Tp25_hi,-4.0484,gte,P1_long_cash,189,9,0.6387,11.91,-42.33,20.92,1566,True
gold_copper_zscore_126d,Tz1_hi,1.0,gte,P1_long_cash,105,5,0.6386,6.69,-15.2,16.09,1566,True
gold_copper_mom_252d,Tp50_hi,7.1738,gte,P1_long_cash,105,5,0.6382,11.44,-42.33,6.11,1566,True
gold_copper_mom_63d,Trp25_lo,-25.5664,lte,P1_long_cash,168,8,0.6376,4.8,-9.39,13.52,1566,True
gold_copper_mom_63d,Tp25_lo,-25.5664,lte,P1_long_cash,168,8,0.6376,4.8,-9.39,13.52,1566,True
gold_copper_pctrank_1260d,Tp50_hi,0.5612,gte,P2_long_short,210,10,0.6376,12.35,-39.68,13.2,1566,True
gold_copper_zscore_252d,Tp90_lo,2.0171,lte,P2_long_short,168,8,0.6372,12.35,-33.68,17.7,1566,True
gold_copper_mom_252d,Tp25_hi,-53.7187,gte,P2_long_short,126,6,0.6371,12.34,-42.33,1.93,1566,True
gold_copper_roc_21d,Tp75_hi,4.3669,gte,P1_long_cash,42,2,0.637,7.72,-17.61,17.06,1566,True
gold_copper_roc_126d,Tp90_lo,26.555,lte,P2_long_short,147,7,0.6369,12.35,-25.65,12.23,1566,True
gold_copper_roc_63d,Tp25_hi,-6.739,gte,P1_long_cash,147,7,0.6364,11.87,-42.33,9.66,1566,True
gold_copper_mom_63d,Tz1_hi,1.0,gte,P1_long_cash,84,4,0.6363,8.25,-20.44,20.28,1566,True
gold_copper_zscore_126d,Tp50_hi,-0.0334,gte,P1_long_cash,189,9,0.6362,11.06,-42.33,16.9,1566,True
gold_copper_acceleration,Tfix03_lo,0.3,lte,P1_long_cash,105,5,0.6359,9.51,-43.12,33.15,1566,True
gold_copper_pctrank_1260d,Tp25_hi,0.3169,gte,P1_long_cash,0,0,0.6359,11.77,-42.33,2.9,1566,True
gold_copper_zscore_126d,Tp25_lo,-1.0407,lte,P1_long_cash,21,1,0.6354,4.45,-9.56,9.98,1566,True
gold_copper_zscore_126d,Trp25_lo,-1.0407,lte,P1_long_cash,21,1,0.6354,4.45,-9.56,9.98,1566,True
gold_copper_pctrank_1260d,Tp50_hi,0.5612,gte,P2_long_short,168,8,0.635,12.29,-42.33,12.23,1566,True
gold_copper_pctrank_504d,Tfix07_hi,0.7,gte,P1_long_cash,210,10,0.6349,10.55,-41.6,6.28,1566,True
gold_copper_roc_63d,Tp50_hi,0.2018,gte,P1_long_cash,63,3,0.6336,8.19,-18.49,20.6,1566,True
gold_copper_mom_252d,Tz1_lo,-1.0,lte,P1_long_cash,0,0,0.6335,4.55,-7.53,6.11,1566,True
gold_copper_mom_252d,Tp90_hi,132.6641,gte,P1_long_cash,63,3,0.6335,5.05,-12.92,3.54,1566,True
gold_copper_mom_252d,Tzn1_lo,-1.0,lte,P1_long_cash,0,0,0.6335,4.55,-7.53,6.11,1566,True
gold_copper_zscore_126d,Tz1_hi,1.0,gte,P1_long_cash,42,2,0.6334,7.49,-17.48,16.09,1566,True
gold_copper_acceleration,Tp75_lo,6.1247,lte,P2_long_short,252,12,0.6332,12.28,-38.21,40.23,1566,True
gold_copper_roc_21d,Tzn1_lo,-1.0,lte,P1_long_cash,168,8,0.6325,6.99,-19.07,35.4,1566,True
gold_copper_roc_21d,Tz1_lo,-1.0,lte,P1_long_cash,168,8,0.6325,6.99,-19.07,35.4,1566,True
gold_copper_mom_63d,Tz1_hi,1.0,gte,P1_long_cash,210,10,0.6317,10.18,-33.82,20.28,1566,True
gold_copper_pctrank_1260d,Tp25_hi,0.3169,gte,P1_long_cash,210,10,0.6311,11.28,-42.66,3.54,1566,True
gold_copper_roc_63d,Tp25_hi,-6.739,gte,P1_long_cash,210,10,0.631,11.67,-41.93,9.33,1566,True
gold_copper_acceleration,Tfix07_hi,0.7,gte,P2_long_short,189,9,0.631,12.21,-33.8,68.23,1566,True
gold_copper_zscore_504d,Tp50_hi,-0.0203,gte,P1_long_cash,168,8,0.6306,11.04,-42.33,1.61,1566,True
gold_copper_roc_126d,Tp90_lo,26.555,lte,P1_long_cash,63,3,0.6304,11.99,-42.33,6.28,1566,True
gold_copper_zscore_126d,Trp25_lo,-1.0407,lte,P1_long_cash,210,10,0.6302,4.24,-10.7,10.14,1566,True
gold_copper_zscore_126d,Tp25_lo,-1.0407,lte,P1_long_cash,210,10,0.6302,4.24,-10.7,10.14,1566,True
gold_copper_mom_21d,Tp90_lo,32.7891,lte,P1_long_cash,189,9,0.6301,10.04,-26.49,13.03,1566,True
gold_copper_mom_252d,Tp75_lo,65.8527,lte,P1_long_cash,84,4,0.6297,7.92,-22.19,15.13,1566,True
gold_copper_pctrank_504d,Tp75_hi,0.841,gte,P1_long_cash,168,8,0.6296,10.25,-42.33,9.01,1566,True
gold_copper_zscore_252d,Tp90_hi,2.0171,gte,P1_long_cash,84,4,0.629,3.69,-10.82,9.01,1566,True
gold_copper_zscore_504d,Tfix07_hi,0.7,gte,P2_long_short,126,6,0.6286,12.13,-42.33,18.34,1566,True
gold_copper_roc_63d,Tp75_hi,7.5433,gte,P1_long_cash,84,4,0.6285,5.65,-14.42,8.69,1566,True
gold_copper_zscore_252d,Tp90_lo,2.0171,lte,P1_long_cash,126,6,0.6284,11.23,-30.52,8.85,1566,True
gold_copper_roc_5d,Tp50_hi,0.0074,gte,P1_long_cash,252,12,0.6271,9.54,-28.11,56.97,1566,True
gold_copper_roc_21d,Tp75_lo,4.3669,lte,P1_long_cash,105,5,0.6268,11.42,-42.33,16.41,1566,True
gold_copper_roc_63d,Tfix07_hi,0.7,gte,P1_long_cash,84,4,0.6265,8.0,-19.31,21.89,1566,True
gold_copper_roc_126d,Tfix03_lo,0.3,lte,P1_long_cash,210,10,0.6264,6.77,-15.89,11.59,1566,True
gold_copper_mom_63d,Tp90_hi,61.1186,gte,P1_long_cash,210,10,0.625,5.48,-12.92,8.37,1566,True
gold_copper_roc_63d,Tp75_lo,7.5433,lte,P1_long_cash,168,8,0.625,8.22,-24.26,7.89,1566,True
gold_copper_pctrank_504d,Tp75_lo,0.841,lte,P2_long_short,84,4,0.6248,12.08,-34.12,19.95,1566,True
gold_copper_acceleration,Tp25_hi,-6.2874,gte,P2_long_short,189,9,0.6248,12.04,-42.33,50.21,1566,True
gold_copper_pctrank_1260d,Tp25_hi,0.3169,gte,P2_long_short,84,4,0.6235,12.01,-42.33,5.79,1566,True
gold_copper_zscore_126d,Tp25_hi,-1.0407,gte,P1_long_cash,189,9,0.6224,11.52,-42.33,10.3,1566,True
gold_copper_zscore_504d,Tp25_hi,-1.0311,gte,P1_long_cash,231,11,0.6221,11.13,-42.33,3.54,1566,True
gold_copper_roc_63d,Tp50_hi,0.2018,gte,P1_long_cash,147,7,0.6216,10.39,-42.33,20.28,1566,True
gold_copper_roc_63d,Tp25_hi,-6.739,gte,P2_long_short,189,9,0.6213,11.95,-43.82,19.63,1566,True
gold_copper_acceleration,Tz1_lo,-1.0,lte,P1_long_cash,21,1,0.6212,7.91,-30.05,34.76,1566,True
gold_copper_acceleration,Tzn1_lo,-1.0,lte,P1_long_cash,21,1,0.6212,7.91,-30.05,34.76,1566,True
gold_copper_roc_126d,Tp25_hi,-9.8165,gte,P1_long_cash,126,6,0.621,11.6,-42.33,3.22,1566,True
gold_copper_zscore_504d,Tp50_hi,-0.0203,gte,P1_long_cash,252,12,0.6208,10.44,-39.52,3.22,1566,True
gold_copper_roc_5d,Tp90_lo,4.3297,lte,P1_long_cash,168,8,0.6208,11.52,-42.33,16.41,1566,True
gold_copper_mom_21d,Tfix03_lo,0.3,lte,P1_long_cash,168,8,0.6208,7.46,-15.82,29.77,1566,True
gold_copper_mom_252d,Tfix03_lo,0.3,lte,P1_long_cash,0,0,0.6206,4.47,-7.53,6.44,1566,True
gold_copper_roc_63d,Tfix03_lo,0.3,lte,P1_long_cash,189,9,0.6205,6.52,-20.89,21.72,1566,True
gold_copper_roc_126d,Tz1_hi,1.0,gte,P1_long_cash,126,6,0.6204,10.95,-42.33,11.75,1566,True
gold_copper_acceleration,Tz1_lo,-1.0,lte,P1_long_cash,105,5,0.6203,8.2,-35.63,34.44,1566,True
gold_copper_mom_252d,Tp90_hi,132.6641,gte,P1_long_cash,189,9,0.6203,4.76,-16.4,4.67,1566,True
gold_copper_acceleration,Tzn1_lo,-1.0,lte,P1_long_cash,105,5,0.6203,8.2,-35.63,34.44,1566,True
gold_copper_mom_63d,Tp50_hi,0.758,gte,P1_long_cash,84,4,0.6196,8.0,-20.44,19.63,1566,True
gold_copper_mom_63d,Tfix07_hi,0.7,gte,P1_long_cash,84,4,0.6196,8.0,-20.44,19.63,1566,True
gold_copper_roc_5d,Trp25_lo,-2.0781,lte,P1_long_cash,126,6,0.6189,6.72,-26.28,43.61,1566,True
gold_copper_roc_5d,Tp25_lo,-2.0781,lte,P1_long_cash,126,6,0.6189,6.72,-26.28,43.61,1566,True
gold_copper_roc_63d,Tp90_lo,17.0212,lte,P1_long_cash,84,4,0.6184,11.6,-42.33,4.51,1566,True
gold_copper_pctrank_504d,Tfix07_hi,0.7,gte,P1_long_cash,21,1,0.618,10.68,-42.33,6.44,1566,True
gold_copper_mom_21d,Tp75_lo,16.087,lte,P1_long_cash,105,5,0.6179,10.92,-44.62,21.56,1566,True
gold_copper_mom_21d,Tp25_hi,-15.533,gte,P1_long_cash,252,12,0.6178,10.74,-34.93,24.94,1566,True
gold_copper_mom_21d,Tp90_lo,32.7891,lte,P1_long_cash,105,5,0.6175,11.48,-42.33,10.3,1566,True
gold_copper_zscore_252d,Trp25_lo,-0.9767,lte,P1_long_cash,42,2,0.6173,3.4,-6.45,4.51,1566,True
gold_copper_zscore_252d,Tp25_lo,-0.9767,lte,P1_long_cash,42,2,0.6173,3.4,-6.45,4.51,1566,True
gold_copper_zscore_252d,Tp25_lo,-0.9767,lte,P1_long_cash,0,0,0.617,3.36,-6.3,4.51,1566,True
gold_copper_zscore_252d,Trp25_lo,-0.9767,lte,P1_long_cash,0,0,0.617,3.36,-6.3,4.51,1566,True
gold_copper_roc_126d,Tp50_hi,0.8514,gte,P1_long_cash,126,6,0.6168,10.88,-42.33,11.1,1566,True
gold_copper_pctrank_1260d,Tp90_lo,0.9349,lte,P1_long_cash,21,1,0.6168,9.42,-24.2,3.06,1566,True
gold_copper_zscore_504d,Tfix07_hi,0.7,gte,P1_long_cash,0,0,0.6167,10.42,-42.33,9.33,1566,True
gold_copper_pctrank_1260d,Tp90_hi,0.9349,gte,P1_long_cash,126,6,0.6163,3.76,-8.25,3.86,1566,True
gold_copper_zscore_126d,Tfix07_hi,0.7,gte,P1_long_cash,210,10,0.616,9.12,-28.96,16.09,1566,True
gold_copper_acceleration,Tp90_lo,12.3637,lte,P1_long_cash,105,5,0.6159,11.59,-42.33,11.1,1566,True
gold_copper_mom_252d,Tp75_hi,65.8527,gte,P1_long_cash,126,6,0.6147,9.67,-42.33,14.97,1566,True
gold_copper_acceleration,Tz1_hi,1.0,gte,P2_long_short,189,9,0.6146,11.81,-33.8,66.94,1566,True
gold_copper_acceleration,Tp90_lo,12.3637,lte,P1_long_cash,126,6,0.6144,11.54,-42.31,10.94,1566,True
gold_copper_acceleration,Tp25_hi,-6.2874,gte,P1_long_cash,252,12,0.6143,10.98,-42.01,25.43,1566,True
gold_copper_zscore_252d,Tfix03_lo,0.3,lte,P1_long_cash,84,4,0.6139,6.19,-20.5,11.26,1566,True
gold_copper_roc_63d,Tp50_hi,0.2018,gte,P1_long_cash,84,4,0.6137,7.91,-20.44,20.6,1566,True
gold_copper_zscore_504d,Tz1_hi,1.0,gte,P2_long_short,231,11,0.6133,11.76,-28.95,17.06,1566,True
gold_copper_zscore_126d,Tp90_lo,2.0703,lte,P1_long_cash,42,2,0.6127,11.15,-42.33,8.69,1566,True
gold_copper_acceleration,Tp25_hi,-6.2874,gte,P1_long_cash,147,7,0.6127,10.84,-42.83,25.43,1566,True
gold_copper_pctrank_1260d,Tp50_hi,0.5612,gte,P1_long_cash,0,0,0.6121,10.67,-42.33,6.11,1566,True
gold_copper_roc_63d,Tfix07_hi,0.7,gte,P1_long_cash,63,3,0.6117,7.8,-17.91,21.89,1566,True
gold_copper_zscore_252d,Tp90_lo,2.0171,lte,P1_long_cash,105,5,0.6114,11.34,-41.92,9.01,1566,True
gold_copper_zscore_126d,Tp90_hi,2.0703,gte,P1_long_cash,63,3,0.611,3.94,-13.51,8.37,1566,True
gold_copper_zscore_252d,Tz1_hi,1.0,gte,P1_long_cash,252,12,0.6109,6.61,-24.72,14.97,1566,True
gold_copper_roc_5d,Tp75_hi,2.0649,gte,P1_long_cash,21,1,0.6103,6.78,-20.87,44.41,1566,True
gold_copper_mom_252d,Tfix07_hi,0.7,gte,P1_long_cash,84,4,0.61,10.88,-42.33,6.44,1566,True
gold_copper_pctrank_1260d,Tp25_hi,0.3169,gte,P2_long_short,168,8,0.608,11.62,-42.33,5.79,1566,True
gold_copper_pctrank_504d,Tfix07_hi,0.7,gte,P1_long_cash,0,0,0.6076,10.5,-42.33,6.44,1566,True
gold_copper_zscore_126d,Tp90_lo,2.0703,lte,P1_long_cash,126,6,0.6074,11.32,-41.83,9.49,1566,True
gold_copper_acceleration,Tp90_hi,12.3637,gte,P1_long_cash,189,9,0.6072,3.11,-9.45,11.43,1566,True
gold_copper_roc_5d,Tp90_lo,4.3297,lte,P2_long_short,84,4,0.6063,11.58,-35.16,31.54,1566,True
gold_copper_mom_21d,Tp90_lo,32.7891,lte,P2_long_short,0,0,0.606,11.57,-28.48,22.53,1566,True
gold_copper_pctrank_504d,Tz1_hi,1.0,gte,P1_long_cash,231,11,0.6057,2.05,-4.02,11.91,1566,True
gold_copper_mom_21d,Tp25_hi,-15.533,gte,P1_long_cash,84,4,0.6051,9.93,-30.12,25.43,1566,True
gold_copper_zscore_504d,Tfix07_hi,0.7,gte,P1_long_cash,84,4,0.605,10.21,-42.33,9.33,1566,True
gold_copper_acceleration,Tp75_lo,6.1247,lte,P1_long_cash,126,6,0.605,10.92,-41.85,18.67,1566,True
gold_copper_roc_21d,Tz1_lo,-1.0,lte,P2_long_short,0,0,0.6047,11.55,-25.6,76.6,1566,True
gold_copper_mom_63d,Tp50_hi,0.758,gte,P1_long_cash,147,7,0.6047,10.04,-42.33,19.31,1566,True
gold_copper_mom_63d,Tfix07_hi,0.7,gte,P1_long_cash,147,7,0.6047,10.04,-42.33,19.31,1566,True
gold_copper_roc_21d,Tzn1_lo,-1.0,lte,P2_long_short,0,0,0.6047,11.55,-25.6,76.6,1566,True
gold_copper_roc_126d,Tfix07_hi,0.7,gte,P1_long_cash,126,6,0.6046,10.62,-42.33,12.07,1566,True
gold_copper_roc_5d,Tp75_lo,2.0649,lte,P1_long_cash,168,8,0.6044,10.47,-37.0,44.25,1566,True
gold_copper_roc_63d,Tp75_lo,7.5433,lte,P1_long_cash,189,9,0.6043,7.94,-19.81,7.24,1566,True
gold_copper_pctrank_504d,Tp75_hi,0.841,gte,P1_long_cash,210,10,0.6036,9.32,-39.48,9.01,1566,True
gold_copper_mom_21d,Tp90_lo,32.7891,lte,P1_long_cash,126,6,0.6036,11.06,-37.07,10.62,1566,True
gold_copper_pctrank_1260d,Tp25_hi,0.3169,gte,P2_long_short,189,9,0.603,11.5,-42.35,7.08,1566,True
gold_copper_acceleration,Tp90_lo,12.3637,lte,P1_long_cash,21,1,0.6029,11.11,-36.05,10.62,1566,True
gold_copper_mom_63d,Tp50_lo,0.758,lte,P1_long_cash,126,6,0.6027,6.93,-15.93,19.47,1566,True
gold_copper_pctrank_504d,Tp50_hi,0.5268,gte,P1_long_cash,42,2,0.602,10.69,-42.33,3.54,1566,True
gold_copper_mom_63d,Tz1_hi,1.0,gte,P1_long_cash,147,7,0.602,9.98,-42.33,19.95,1566,True
gold_copper_roc_5d,Tp90_lo,4.3297,lte,P1_long_cash,63,3,0.6012,11.16,-42.33,15.77,1566,True
gold_copper_mom_252d,Tp90_hi,132.6641,gte,P1_long_cash,42,2,0.6011,5.81,-12.92,3.38,1566,True
gold_copper_mom_252d,Tp90_lo,132.6641,lte,P2_long_short,126,6,0.6007,11.45,-27.89,10.3,1566,True
gold_copper_pctrank_1260d,Tfix07_hi,0.7,gte,P1_long_cash,126,6,0.6003,9.8,-42.33,5.15,1566,True
gold_copper_acceleration,Tp50_hi,-0.0707,gte,P2_long_short,126,6,0.6003,11.45,-32.63,68.87,1566,True
gold_copper_acceleration,Tp75_hi,6.1247,gte,P1_long_cash,231,11,0.5999,5.24,-10.95,19.95,1566,True
gold_copper_roc_126d,Tp25_lo,-9.8165,lte,P1_long_cash,63,3,0.5992,3.47,-6.99,3.54,1566,True
gold_copper_roc_126d,Trp25_lo,-9.8165,lte,P1_long_cash,63,3,0.5992,3.47,-6.99,3.54,1566,True
gold_copper_zscore_252d,Tfix07_hi,0.7,gte,P2_long_short,231,11,0.5988,11.41,-28.95,28.97,1566,True
gold_copper_roc_63d,Tp90_lo,17.0212,lte,P1_long_cash,42,2,0.5988,10.79,-42.33,4.83,1566,True
gold_copper_acceleration,Tfix03_lo,0.3,lte,P1_long_cash,231,11,0.5988,8.9,-23.65,33.63,1566,True
gold_copper_mom_63d,Tp25_hi,-25.5664,gte,P2_long_short,189,9,0.5987,11.4,-43.84,27.36,1566,True
gold_copper_pctrank_504d,Tz1_hi,1.0,gte,P1_long_cash,210,10,0.5985,2.51,-7.84,11.91,1566,True
gold_copper_mom_21d,Tz1_hi,1.0,gte,P1_long_cash,105,5,0.598,7.63,-17.92,29.93,1566,True
gold_copper_mom_21d,Tp50_lo,0.098,lte,P1_long_cash,168,8,0.598,7.12,-15.82,30.09,1566,True
gold_copper_roc_21d,Tp50_lo,0.0209,lte,P1_long_cash,168,8,0.598,7.12,-15.82,30.09,1566,True
gold_copper_acceleration,Tfix07_hi,0.7,gte,P1_long_cash,231,11,0.598,7.64,-19.89,32.67,1566,True
gold_copper_roc_63d,Tz1_hi,1.0,gte,P1_long_cash,210,10,0.5979,9.33,-32.16,20.28,1566,True
gold_copper_roc_63d,Tp25_hi,-6.739,gte,P1_long_cash,252,12,0.5971,9.74,-31.5,9.33,1566,True
gold_copper_mom_21d,Tp75_lo,16.087,lte,P1_long_cash,84,4,0.5969,10.26,-42.85,21.89,1566,True
gold_copper_zscore_504d,Tp50_hi,-0.0203,gte,P2_long_short,126,6,0.5964,11.34,-42.33,3.22,1566,True
gold_copper_zscore_252d,Tp50_hi,0.0526,gte,P1_long_cash,105,5,0.5964,10.43,-42.33,7.08,1566,True
gold_copper_zscore_252d,Tp25_hi,-0.9767,gte,P2_long_short,126,6,0.596,11.33,-42.33,6.11,1566,True
gold_copper_roc_5d,Tp25_hi,-2.0781,gte,P2_long_short,147,7,0.5959,11.32,-42.33,85.29,1566,True
gold_copper_pctrank_504d,Tp75_hi,0.841,gte,P1_long_cash,126,6,0.5959,9.41,-42.33,9.49,1566,True
gold_copper_roc_63d,Trp25_lo,-6.739,lte,P1_long_cash,168,8,0.5958,3.96,-9.39,9.66,1566,True
gold_copper_roc_63d,Tp25_lo,-6.739,lte,P1_long_cash,168,8,0.5958,3.96,-9.39,9.66,1566,True
gold_copper_zscore_504d,Tp75_hi,1.0903,gte,P1_long_cash,42,2,0.5958,9.24,-31.12,11.26,1566,True
gold_copper_zscore_504d,Tp90_hi,2.084,gte,P1_long_cash,84,4,0.5957,4.76,-15.35,9.66,1566,True
gold_copper_mom_63d,Tp90_hi,61.1186,gte,P1_long_cash,63,3,0.5952,4.99,-12.92,9.01,1566,True
gold_copper_pctrank_504d,Tp50_hi,0.5268,gte,P1_long_cash,0,0,0.595,10.68,-42.33,3.54,1566,True
gold_copper_zscore_504d,Tz1_hi,1.0,gte,P1_long_cash,63,3,0.5948,8.4,-27.36,9.01,1566,True
gold_copper_roc_63d,Tp90_lo,17.0212,lte,P1_long_cash,210,10,0.5947,10.73,-42.33,3.86,1566,True
gold_copper_roc_63d,Tfix03_lo,0.3,lte,P1_long_cash,126,6,0.5943,6.84,-17.19,21.4,1566,True
gold_copper_pctrank_1260d,Tfix07_hi,0.7,gte,P1_long_cash,21,1,0.5943,9.57,-42.33,5.15,1566,True
gold_copper_roc_126d,Tp90_hi,26.555,gte,P1_long_cash,0,0,0.5942,5.31,-12.05,6.92,1566,True
gold_copper_roc_63d,Tp75_hi,7.5433,gte,P2_long_short,210,10,0.594,11.31,-19.68,14.16,1566,True
gold_copper_pctrank_1260d,Tp25_hi,0.3169,gte,P2_long_short,147,7,0.5929,11.25,-42.33,5.79,1566,True
gold_copper_acceleration,Tp25_hi,-6.2874,gte,P1_long_cash,21,1,0.5926,10.22,-42.33,25.75,1566,True
gold_copper_zscore_126d,Tp50_hi,-0.0334,gte,P2_long_short,252,12,0.5923,11.23,-47.4,32.18,1566,True
gold_copper_zscore_504d,Tz1_hi,1.0,gte,P1_long_cash,147,7,0.5923,9.72,-42.33,8.37,1566,True
gold_copper_acceleration,Tp25_hi,-6.2874,gte,P1_long_cash,84,4,0.5921,10.66,-46.5,24.62,1566,True
gold_copper_mom_21d,Tfix03_lo,0.3,lte,P1_long_cash,21,1,0.5921,7.27,-21.37,31.38,1566,True
gold_copper_zscore_504d,Tp75_lo,1.0903,lte,P1_long_cash,105,5,0.5915,6.96,-21.64,11.26,1566,True
gold_copper_mom_63d,Tp50_lo,0.758,lte,P2_long_short,0,0,0.5914,11.22,-39.58,41.2,1566,True
gold_copper_mom_252d,Tp90_hi,132.6641,gte,P1_long_cash,84,4,0.5913,4.3,-12.92,4.18,1566,True
gold_copper_roc_21d,Tp25_hi,-4.0484,gte,P2_long_short,147,7,0.5913,11.21,-42.33,40.87,1566,True
gold_copper_mom_63d,Tp25_hi,-25.5664,gte,P1_long_cash,147,7,0.5912,10.51,-42.33,13.52,1566,True
gold_copper_mom_252d,Tp25_hi,-53.7187,gte,P1_long_cash,42,2,0.5906,10.77,-42.33,0.97,1566,True
gold_copper_zscore_252d,Tp25_hi,-0.9767,gte,P2_long_short,252,12,0.5902,11.19,-42.33,5.79,1566,True
gold_copper_roc_126d,Tp90_hi,26.555,gte,P1_long_cash,42,2,0.5901,3.57,-11.51,6.76,1566,True
gold_copper_mom_21d,Tp25_hi,-15.533,gte,P1_long_cash,126,6,0.5897,9.53,-41.84,25.26,1566,True
gold_copper_mom_21d,Tp75_lo,16.087,lte,P1_long_cash,21,1,0.5891,8.39,-24.5,23.33,1566,True
gold_copper_mom_63d,Tzn1_lo,-1.0,lte,P1_long_cash,189,9,0.5891,5.94,-19.45,21.4,1566,True
gold_copper_mom_63d,Tz1_lo,-1.0,lte,P1_long_cash,189,9,0.5891,5.94,-19.45,21.4,1566,True
gold_copper_mom_252d,Tfix07_hi,0.7,gte,P2_long_short,168,8,0.5884,11.14,-42.33,12.23,1566,True
gold_copper_mom_252d,Tz1_hi,1.0,gte,P1_long_cash,84,4,0.5884,10.39,-42.33,5.79,1566,True
gold_copper_roc_63d,Tz1_hi,1.0,gte,P2_long_short,252,12,0.588,11.14,-55.98,40.23,1566,True
gold_copper_pctrank_504d,Tp90_lo,0.9722,lte,P1_long_cash,126,6,0.5879,10.27,-30.52,13.03,1566,True
gold_copper_mom_63d,Tp90_hi,61.1186,gte,P1_long_cash,105,5,0.5876,3.99,-8.02,9.82,1566,True
gold_copper_mom_252d,Tfix07_hi,0.7,gte,P2_long_short,210,10,0.5875,11.12,-43.82,13.2,1566,True
gold_copper_acceleration,Tfix03_lo,0.3,lte,P2_long_short,42,2,0.5874,11.13,-33.55,64.69,1566,True
gold_copper_roc_126d,Tzn1_lo,-1.0,lte,P1_long_cash,21,1,0.5867,5.03,-11.65,12.87,1566,True
gold_copper_roc_126d,Tz1_lo,-1.0,lte,P1_long_cash,21,1,0.5867,5.03,-11.65,12.87,1566,True
gold_copper_mom_252d,Tp50_hi,7.1738,gte,P1_long_cash,42,2,0.5865,10.39,-42.33,6.11,1566,True
gold_copper_acceleration,Tz1_hi,1.0,gte,P1_long_cash,252,12,0.5865,8.86,-34.93,31.38,1566,True
gold_copper_acceleration,Tp75_lo,6.1247,lte,P1_long_cash,168,8,0.5863,10.31,-42.33,19.31,1566,True
gold_copper_zscore_252d,Tp75_lo,1.0726,lte,P1_long_cash,126,6,0.586,7.4,-21.14,15.93,1566,True
gold_copper_mom_21d,Tp90_lo,32.7891,lte,P1_long_cash,210,10,0.586,9.09,-22.99,12.87,1566,True
gold_copper_mom_252d,Tz1_hi,1.0,gte,P2_long_short,168,8,0.5856,11.07,-42.33,10.94,1566,True
gold_copper_mom_63d,Tp25_hi,-25.5664,gte,P1_long_cash,252,12,0.5849,9.28,-31.5,13.2,1566,True
gold_copper_zscore_126d,Tp75_hi,1.18,gte,P1_long_cash,42,2,0.5849,6.51,-25.01,16.41,1566,True
gold_copper_mom_252d,Tp25_hi,-53.7187,gte,P1_long_cash,0,0,0.5842,10.65,-42.33,0.97,1566,True
gold_copper_roc_126d,Tp90_lo,26.555,lte,P1_long_cash,189,9,0.5841,10.58,-42.33,6.11,1566,True
gold_copper_acceleration,Tp90_lo,12.3637,lte,P2_long_short,0,0,0.584,11.03,-42.33,21.24,1566,True
gold_copper_zscore_126d,Tp75_hi,1.18,gte,P1_long_cash,84,4,0.584,5.27,-14.42,16.41,1566,True
gold_copper_roc_63d,Tp25_lo,-6.739,lte,P1_long_cash,105,5,0.5836,4.31,-7.92,9.98,1566,True
gold_copper_roc_63d,Trp25_lo,-6.739,lte,P1_long_cash,105,5,0.5836,4.31,-7.92,9.98,1566,True
gold_copper_roc_126d,Tp75_hi,11.28,gte,P1_long_cash,168,8,0.5824,7.67,-21.26,9.17,1566,True
gold_copper_pctrank_1260d,Tfix07_hi,0.7,gte,P1_long_cash,189,9,0.582,9.21,-41.6,5.31,1566,True
gold_copper_roc_63d,Tp50_lo,0.2018,lte,P1_long_cash,126,6,0.5816,6.66,-15.93,20.44,1566,True
gold_copper_zscore_252d,Tp50_lo,0.0526,lte,P1_long_cash,0,0,0.5816,4.97,-10.67,7.08,1566,True
gold_copper_roc_126d,Tp90_lo,26.555,lte,P2_long_short,63,3,0.5812,10.97,-43.84,12.55,1566,True
gold_copper_roc_21d,Tz1_hi,1.0,gte,P2_long_short,231,11,0.5811,11.0,-40.05,61.47,1566,True
gold_copper_pctrank_504d,Tfix07_hi,0.7,gte,P1_long_cash,42,2,0.5811,9.92,-42.33,6.44,1566,True
gold_copper_mom_63d,Tfix03_lo,0.3,lte,P1_long_cash,189,9,0.581,5.94,-19.45,20.76,1566,True
gold_copper_pctrank_1260d,Tp50_hi,0.5612,gte,P1_long_cash,105,5,0.5808,9.83,-42.33,6.11,1566,True
gold_copper_mom_252d,Tp25_hi,-53.7187,gte,P1_long_cash,21,1,0.5805,10.53,-42.33,0.97,1566,True
gold_copper_pctrank_1260d,Tp90_lo,0.9349,lte,P1_long_cash,252,12,0.5804,10.76,-42.33,2.57,1566,True
gold_copper_zscore_504d,Tp75_lo,1.0903,lte,P1_long_cash,0,0,0.5799,6.82,-21.64,10.94,1566,True
gold_copper_mom_21d,Tp75_lo,16.087,lte,P1_long_cash,189,9,0.5797,7.65,-24.62,21.72,1566,True
gold_copper_acceleration,Tfix07_hi,0.7,gte,P1_long_cash,252,12,0.5789,8.75,-34.93,31.38,1566,True
gold_copper_zscore_252d,Tp25_hi,-0.9767,gte,P1_long_cash,21,1,0.5787,10.62,-42.33,4.51,1566,True
gold_copper_zscore_126d,Tp50_hi,-0.0334,gte,P1_long_cash,147,7,0.5786,9.89,-42.33,16.41,1566,True
gold_copper_roc_21d,Tp90_lo,8.7798,lte,P2_long_short,0,0,0.5782,10.86,-42.98,16.74,1566,True
gold_copper_mom_252d,Tp50_hi,7.1738,gte,P2_long_short,168,8,0.578,10.89,-42.33,11.59,1566,True
gold_copper_acceleration,Tp75_hi,6.1247,gte,P1_long_cash,189,9,0.578,5.0,-18.49,19.31,1566,True
gold_copper_roc_5d,Tp75_lo,2.0649,lte,P2_long_short,126,6,0.5778,10.9,-35.18,87.54,1566,True
gold_copper_mom_252d,Tp50_hi,7.1738,gte,P1_long_cash,84,4,0.5775,10.09,-42.33,6.11,1566,True
gold_copper_mom_252d,Tp90_lo,132.6641,lte,P1_long_cash,252,12,0.5774,10.64,-42.33,4.18,1566,True
gold_copper_zscore_252d,Tp75_lo,1.0726,lte,P1_long_cash,84,4,0.5767,9.24,-32.06,16.09,1566,True
gold_copper_zscore_126d,Tp50_lo,-0.0334,lte,P1_long_cash,21,1,0.5766,6.27,-17.37,16.57,1566,True
gold_copper_roc_21d,Tp75_lo,4.3669,lte,P1_long_cash,126,6,0.5763,10.2,-37.07,17.06,1566,True
gold_copper_zscore_252d,Tp50_lo,0.0526,lte,P1_long_cash,84,4,0.576,5.1,-18.93,7.08,1566,True
gold_copper_pctrank_504d,Tfix07_hi,0.7,gte,P1_long_cash,63,3,0.5756,9.77,-42.33,6.44,1566,True
gold_copper_zscore_126d,Tp50_lo,-0.0334,lte,P1_long_cash,210,10,0.5752,6.43,-18.63,17.06,1566,True
gold_copper_acceleration,Tz1_hi,1.0,gte,P1_long_cash,84,4,0.575,8.01,-22.02,31.54,1566,True
gold_copper_mom_21d,Tp25_hi,-15.533,gte,P2_long_short,231,11,0.5746,10.84,-38.72,49.56,1566,True
gold_copper_zscore_252d,Tp25_hi,-0.9767,gte,P1_long_cash,63,3,0.5741,10.48,-42.33,4.51,1566,True
gold_copper_zscore_504d,Tp90_lo,2.084,lte,P2_long_short,126,6,0.574,10.8,-30.46,18.99,1566,True
gold_copper_pctrank_1260d,Tp50_hi,0.5612,gte,P2_long_short,84,4,0.5737,10.78,-42.33,12.23,1566,True
gold_copper_mom_63d,Tfix03_lo,0.3,lte,P1_long_cash,126,6,0.5737,6.54,-17.06,20.44,1566,True
gold_copper_pctrank_504d,Tfix07_hi,0.7,gte,P2_long_short,126,6,0.5733,10.77,-42.33,12.55,1566,True
gold_copper_roc_126d,Tz1_hi,1.0,gte,P1_long_cash,105,5,0.5732,9.78,-42.33,11.91,1566,True
gold_copper_acceleration,Tp90_lo,12.3637,lte,P1_long_cash,147,7,0.5731,10.55,-44.91,10.94,1566,True
gold_copper_mom_21d,Tfix07_hi,0.7,gte,P1_long_cash,105,5,0.5728,7.28,-18.72,29.93,1566,True
gold_copper_roc_21d,Tp25_hi,-4.0484,gte,P2_long_short,63,3,0.572,10.77,-28.37,39.91,1566,True
gold_copper_pctrank_504d,Tp50_hi,0.5268,gte,P2_long_short,189,9,0.5718,10.73,-43.65,7.72,1566,True
gold_copper_mom_63d,Tp25_lo,-25.5664,lte,P1_long_cash,105,5,0.5714,4.99,-9.75,13.84,1566,True
gold_copper_mom_63d,Trp25_lo,-25.5664,lte,P1_long_cash,105,5,0.5714,4.99,-9.75,13.84,1566,True
gold_copper_mom_252d,Tp25_hi,-53.7187,gte,P2_long_short,63,3,0.5713,10.72,-42.33,1.93,1566,True
gold_copper_mom_252d,Tp90_lo,132.6641,lte,P1_long_cash,105,5,0.5709,10.18,-38.0,5.31,1566,True
gold_copper_roc_21d,Tz1_lo,-1.0,lte,P1_long_cash,189,9,0.5705,5.76,-22.64,35.4,1566,True
gold_copper_roc_21d,Tzn1_lo,-1.0,lte,P1_long_cash,189,9,0.5705,5.76,-22.64,35.4,1566,True
gold_copper_zscore_504d,Tp25_hi,-1.0311,gte,P1_long_cash,21,1,0.5701,10.42,-42.33,3.54,1566,True
gold_copper_acceleration,Tp75_lo,6.1247,lte,P2_long_short,210,10,0.5699,10.7,-23.36,39.91,1566,True
gold_copper_mom_63d,Tp90_lo,61.1186,lte,P1_long_cash,42,2,0.5699,9.81,-42.33,8.69,1566,True
gold_copper_roc_63d,Tp75_lo,7.5433,lte,P2_long_short,0,0,0.5693,10.68,-32.7,18.02,1566,True
gold_copper_mom_252d,Tz1_hi,1.0,gte,P2_long_short,210,10,0.5692,10.67,-45.9,11.91,1566,True
gold_copper_acceleration,Tp90_lo,12.3637,lte,P1_long_cash,42,2,0.5686,9.94,-42.34,10.62,1566,True
gold_copper_pctrank_1260d,Tp75_hi,0.8221,gte,P1_long_cash,252,12,0.5678,4.08,-7.85,4.67,1566,True
gold_copper_pctrank_504d,Tp25_hi,0.1605,gte,P1_long_cash,210,10,0.5678,10.11,-42.33,8.37,1566,True
gold_copper_roc_5d,Tp75_lo,2.0649,lte,P1_long_cash,84,4,0.5676,9.62,-43.18,43.61,1566,True
gold_copper_mom_252d,Tfix07_hi,0.7,gte,P2_long_short,21,1,0.567,10.62,-42.33,12.87,1566,True
gold_copper_zscore_252d,Tp90_lo,2.0171,lte,P1_long_cash,42,2,0.5659,10.0,-42.33,9.66,1566,True
gold_copper_roc_5d,Tp75_lo,2.0649,lte,P1_long_cash,210,10,0.5659,9.02,-35.76,44.09,1566,True
gold_copper_zscore_126d,Tp25_hi,-1.0407,gte,P2_long_short,168,8,0.5656,10.58,-42.33,19.31,1566,True
gold_copper_roc_63d,Tp25_hi,-6.739,gte,P1_long_cash,126,6,0.5655,10.01,-42.33,9.82,1566,True
gold_copper_zscore_252d,Tfix07_hi,0.7,gte,P1_long_cash,210,10,0.5646,8.76,-36.43,14.8,1566,True
gold_copper_zscore_504d,Tp50_hi,-0.0203,gte,P2_long_short,105,5,0.5643,10.55,-42.33,3.86,1566,True
gold_copper_acceleration,Tfix07_hi,0.7,gte,P1_long_cash,84,4,0.5642,7.86,-21.97,32.18,1566,True
gold_copper_mom_63d,Tp90_lo,61.1186,lte,P2_long_short,168,8,0.5639,10.55,-29.15,18.99,1566,True
gold_copper_mom_63d,Tp75_hi,28.7156,gte,P1_long_cash,84,4,0.5637,5.31,-16.09,8.69,1566,True
gold_copper_roc_21d,Tp25_hi,-4.0484,gte,P2_long_short,189,9,0.5636,10.54,-42.33,41.84,1566,True
gold_copper_zscore_504d,Tp50_hi,-0.0203,gte,P2_long_short,210,10,0.5635,10.53,-45.05,5.79,1566,True
gold_copper_mom_21d,Tp90_hi,32.7891,gte,P1_long_cash,168,8,0.5635,4.97,-13.44,13.2,1566,True
gold_copper_zscore_126d,Tp75_hi,1.18,gte,P1_long_cash,105,5,0.5626,5.07,-13.42,16.41,1566,True
gold_copper_zscore_504d,Tfix07_hi,0.7,gte,P1_long_cash,42,2,0.5625,9.27,-42.33,9.33,1566,True
gold_copper_roc_126d,Tp50_hi,0.8514,gte,P1_long_cash,105,5,0.5623,9.56,-42.33,11.26,1566,True
gold_copper_roc_126d,Tp90_lo,26.555,lte,P2_long_short,21,1,0.5623,10.5,-42.33,13.52,1566,True
gold_copper_roc_5d,Tp25_hi,-2.0781,gte,P1_long_cash,42,2,0.5613,9.3,-37.29,44.41,1566,True
gold_copper_zscore_252d,Tp50_hi,0.0526,gte,P1_long_cash,210,10,0.5611,9.14,-41.6,7.24,1566,True
gold_copper_roc_63d,Tp25_hi,-6.739,gte,P2_long_short,147,7,0.5607,10.46,-42.33,19.31,1566,True
gold_copper_roc_5d,Tp25_hi,-2.0781,gte,P1_long_cash,63,3,0.5605,9.34,-35.41,44.57,1566,True
gold_copper_zscore_504d,Tp50_hi,-0.0203,gte,P2_long_short,21,1,0.5604,10.46,-42.33,3.86,1566,True
gold_copper_pctrank_1260d,Tp50_hi,0.5612,gte,P1_long_cash,42,2,0.5604,9.53,-42.33,6.11,1566,True
gold_copper_mom_63d,Tz1_lo,-1.0,lte,P1_long_cash,126,6,0.5586,6.22,-17.34,21.08,1566,True
gold_copper_mom_63d,Tzn1_lo,-1.0,lte,P1_long_cash,126,6,0.5586,6.22,-17.34,21.08,1566,True
gold_copper_roc_126d,Tp50_lo,0.8514,lte,P1_long_cash,210,10,0.5585,6.01,-15.89,10.94,1566,True
gold_copper_mom_252d,Tz1_hi,1.0,gte,P2_long_short,21,1,0.5583,10.4,-42.33,11.59,1566,True
gold_copper_roc_63d,Tfix07_hi,0.7,gte,P1_long_cash,147,7,0.5583,9.01,-42.33,21.56,1566,True
gold_copper_roc_21d,Tp50_lo,0.0209,lte,P2_long_short,210,10,0.5575,10.39,-44.67,61.15,1566,True
gold_copper_mom_21d,Tp50_lo,0.098,lte,P2_long_short,210,10,0.5575,10.39,-44.67,61.15,1566,True
gold_copper_pctrank_1260d,Tp75_lo,0.8221,lte,P1_long_cash,105,5,0.5575,8.56,-21.91,4.51,1566,True
gold_copper_roc_21d,Tp25_lo,-4.0484,lte,P1_long_cash,231,11,0.5572,5.15,-17.68,20.6,1566,True
gold_copper_roc_21d,Trp25_lo,-4.0484,lte,P1_long_cash,231,11,0.5572,5.15,-17.68,20.6,1566,True
gold_copper_mom_21d,Tz1_lo,-1.0,lte,P1_long_cash,168,8,0.5569,6.48,-15.82,32.02,1566,True
gold_copper_mom_21d,Tzn1_lo,-1.0,lte,P1_long_cash,168,8,0.5569,6.48,-15.82,32.02,1566,True
gold_copper_mom_252d,Tz1_hi,1.0,gte,P1_long_cash,42,2,0.5564,9.8,-42.33,5.79,1566,True
gold_copper_mom_63d,Tp25_hi,-25.5664,gte,P1_long_cash,126,6,0.5555,9.62,-42.33,13.68,1566,True
gold_copper_roc_126d,Tz1_lo,-1.0,lte,P1_long_cash,210,10,0.5554,5.57,-15.89,12.71,1566,True
gold_copper_roc_126d,Tzn1_lo,-1.0,lte,P1_long_cash,210,10,0.5554,5.57,-15.89,12.71,1566,True
gold_copper_roc_126d,Tp75_lo,11.28,lte,P1_long_cash,42,2,0.5553,9.27,-42.33,9.49,1566,True
gold_copper_acceleration,Tz1_hi,1.0,gte,P1_long_cash,231,11,0.5548,6.97,-20.05,32.34,1566,True
gold_copper_mom_252d,Tp75_lo,65.8527,lte,P1_long_cash,147,7,0.5547,6.39,-21.64,14.8,1566,True
gold_copper_acceleration,Tp50_lo,-0.0707,lte,P1_long_cash,231,11,0.5544,7.67,-28.33,33.95,1566,True
gold_copper_mom_63d,Tp25_hi,-25.5664,gte,P1_long_cash,210,10,0.5541,9.6,-41.6,13.68,1566,True
gold_copper_roc_63d,Tp90_hi,17.0212,gte,P1_long_cash,189,9,0.5538,5.62,-15.8,4.02,1566,True
gold_copper_pctrank_504d,Tp50_hi,0.5268,gte,P2_long_short,168,8,0.5537,10.29,-42.33,6.44,1566,True
gold_copper_roc_126d,Tp50_hi,0.8514,gte,P1_long_cash,84,4,0.5535,9.4,-42.33,11.26,1566,True
gold_copper_zscore_504d,Tp90_lo,2.084,lte,P1_long_cash,21,1,0.5534,8.56,-25.26,10.3,1566,True
gold_copper_acceleration,Tfix07_hi,0.7,gte,P1_long_cash,63,3,0.5531,6.69,-19.96,32.51,1566,True
gold_copper_roc_63d,Tp90_lo,17.0212,lte,P1_long_cash,105,5,0.5528,10.06,-42.33,4.34,1566,True
gold_copper_zscore_504d,Tp50_hi,-0.0203,gte,P1_long_cash,42,2,0.5526,9.51,-42.33,1.93,1566,True
gold_copper_zscore_252d,Tp50_hi,0.0526,gte,P2_long_short,189,9,0.5524,10.26,-43.84,14.16,1566,True
gold_copper_mom_21d,Tp25_hi,-15.533,gte,P1_long_cash,105,5,0.552,8.57,-25.54,25.43,1566,True
gold_copper_acceleration,Tp25_lo,-6.2874,lte,P1_long_cash,105,5,0.5517,4.34,-15.2,24.46,1566,True
gold_copper_acceleration,Trp25_lo,-6.2874,lte,P1_long_cash,105,5,0.5517,4.34,-15.2,24.46,1566,True
gold_copper_pctrank_504d,Tfix03_lo,0.3,lte,P1_long_cash,42,2,0.5517,3.91,-10.57,6.11,1566,True
gold_copper_zscore_252d,Tz1_hi,1.0,gte,P1_long_cash,189,9,0.551,8.53,-42.33,16.25,1566,True
gold_copper_zscore_504d,Tp50_hi,-0.0203,gte,P2_long_short,63,3,0.5507,10.22,-42.33,3.86,1566,True
gold_copper_zscore_252d,Tfix07_hi,0.7,gte,P2_long_short,189,9,0.5501,10.21,-42.33,29.29,1566,True
gold_copper_acceleration,Tz1_hi,1.0,gte,P1_long_cash,63,3,0.55,6.6,-19.33,31.86,1566,True
gold_copper_roc_21d,Tp90_lo,8.7798,lte,P2_long_short,168,8,0.5498,10.2,-43.72,19.95,1566,True
gold_copper_mom_252d,Tp50_lo,7.1738,lte,P1_long_cash,0,0,0.5496,4.1,-7.53,6.11,1566,True
gold_copper_pctrank_504d,Tp25_hi,0.1605,gte,P1_long_cash,21,1,0.5493,9.89,-42.33,8.37,1566,True
gold_copper_acceleration,Tfix03_lo,0.3,lte,P1_long_cash,21,1,0.5492,7.53,-27.14,32.67,1566,True
gold_copper_roc_5d,Tp75_lo,2.0649,lte,P2_long_short,147,7,0.5492,10.2,-33.93,87.86,1566,True
gold_copper_pctrank_1260d,Tp25_hi,0.3169,gte,P2_long_short,0,0,0.5491,10.18,-42.33,5.79,1566,True
gold_copper_pctrank_504d,Tp90_lo,0.9722,lte,P2_long_short,21,1,0.549,10.18,-31.69,28.32,1566,True
gold_copper_mom_21d,Tp50_hi,0.098,gte,P2_long_short,252,12,0.549,10.18,-34.51,59.54,1566,True
gold_copper_roc_21d,Tp50_hi,0.0209,gte,P2_long_short,252,12,0.549,10.18,-34.51,59.54,1566,True
gold_copper_mom_252d,Tp50_hi,7.1738,gte,P2_long_short,21,1,0.5488,10.17,-42.33,12.23,1566,True
gold_copper_pctrank_504d,Tfix07_hi,0.7,gte,P2_long_short,189,9,0.5487,10.17,-43.84,12.55,1566,True
gold_copper_mom_21d,Tfix03_lo,0.3,lte,P2_long_short,210,10,0.5483,10.17,-44.67,60.51,1566,True
gold_copper_zscore_126d,Tp25_hi,-1.0407,gte,P1_long_cash,252,12,0.5473,9.4,-39.29,9.98,1566,True
gold_copper_acceleration,Tp90_lo,12.3637,lte,P2_long_short,105,5,0.5472,10.13,-42.33,22.21,1566,True
gold_copper_mom_252d,Tfix07_hi,0.7,gte,P1_long_cash,42,2,0.5471,9.59,-42.33,6.44,1566,True
gold_copper_roc_63d,Tp90_lo,17.0212,lte,P1_long_cash,63,3,0.547,9.72,-42.33,4.67,1566,True
gold_copper_roc_63d,Tp90_lo,17.0212,lte,P2_long_short,84,4,0.5466,10.12,-42.33,9.01,1566,True
gold_copper_roc_5d,Tp25_hi,-2.0781,gte,P2_long_short,105,5,0.5464,10.13,-35.05,88.18,1566,True
gold_copper_mom_21d,Tfix07_hi,0.7,gte,P1_long_cash,189,9,0.5464,8.73,-42.33,28.97,1566,True
gold_copper_mom_63d,Tp25_hi,-25.5664,gte,P2_long_short,63,3,0.5464,10.13,-37.09,27.68,1566,True
gold_copper_roc_126d,Tp25_hi,-9.8165,gte,P1_long_cash,42,2,0.5461,9.77,-42.33,3.54,1566,True
gold_copper_zscore_504d,Tfix07_hi,0.7,gte,P1_long_cash,210,10,0.5446,8.57,-39.59,9.17,1566,True
gold_copper_roc_63d,Tfix07_hi,0.7,gte,P2_long_short,231,11,0.5443,10.07,-33.11,44.09,1566,True
gold_copper_mom_21d,Tp50_lo,0.098,lte,P1_long_cash,21,1,0.5443,6.57,-21.37,31.38,1566,True
gold_copper_roc_21d,Tp50_lo,0.0209,lte,P1_long_cash,21,1,0.5443,6.57,-21.37,31.38,1566,True
gold_copper_pctrank_504d,Tp50_hi,0.5268,gte,P2_long_short,63,3,0.5438,10.05,-42.33,7.08,1566,True
gold_copper_roc_63d,Tz1_hi,1.0,gte,P1_long_cash,84,4,0.5437,6.69,-20.56,20.6,1566,True
gold_copper_zscore_504d,Tp75_hi,1.0903,gte,P2_long_short,189,9,0.5434,10.05,-42.33,20.92,1566,True
gold_copper_acceleration,Tp90_lo,12.3637,lte,P2_long_short,126,6,0.5431,10.03,-42.29,21.89,1566,True
gold_copper_roc_126d,Tfix07_hi,0.7,gte,P1_long_cash,105,5,0.543,9.15,-42.33,12.23,1566,True
gold_copper_roc_126d,Tp25_hi,-9.8165,gte,P2_long_short,126,6,0.5426,10.02,-42.33,6.44,1566,True
gold_copper_roc_21d,Tp90_lo,8.7798,lte,P1_long_cash,63,3,0.5421,9.58,-42.33,8.37,1566,True
gold_copper_roc_63d,Tp25_hi,-6.739,gte,P2_long_short,210,10,0.5414,9.99,-44.42,18.67,1566,True
gold_copper_zscore_252d,Tp25_hi,-0.9767,gte,P1_long_cash,105,5,0.5405,9.72,-42.33,4.51,1566,True
gold_copper_pctrank_1260d,Tp50_hi,0.5612,gte,P2_long_short,21,1,0.5399,9.96,-42.33,12.23,1566,True
gold_copper_zscore_126d,Tp90_lo,2.0703,lte,P1_long_cash,252,12,0.5398,9.66,-42.33,9.82,1566,True
gold_copper_roc_5d,Tp75_lo,2.0649,lte,P1_long_cash,252,12,0.5396,8.93,-39.74,43.77,1566,True
gold_copper_pctrank_504d,Tp90_lo,0.9722,lte,P1_long_cash,105,5,0.5391,9.36,-41.0,12.87,1566,True
gold_copper_roc_126d,Tfix07_hi,0.7,gte,P1_long_cash,84,4,0.539,9.1,-42.33,12.23,1566,True
gold_copper_zscore_252d,Tp25_hi,-0.9767,gte,P1_long_cash,84,4,0.5385,9.67,-42.33,4.51,1566,True
gold_copper_roc_5d,Tp25_hi,-2.0781,gte,P1_long_cash,189,9,0.5381,9.4,-42.33,41.84,1566,True
gold_copper_roc_126d,Tp25_hi,-9.8165,gte,P1_long_cash,84,4,0.5377,9.6,-42.33,3.54,1566,True
gold_copper_roc_21d,Tp90_lo,8.7798,lte,P1_long_cash,231,11,0.537,9.6,-42.33,9.66,1566,True
gold_copper_zscore_252d,Tp50_hi,0.0526,gte,P1_long_cash,63,3,0.5368,9.17,-42.33,7.08,1566,True
gold_copper_mom_21d,Tp25_lo,-15.533,lte,P1_long_cash,168,8,0.5365,4.41,-16.02,24.46,1566,True
gold_copper_roc_126d,Tz1_hi,1.0,gte,P1_long_cash,42,2,0.5365,8.98,-37.46,11.91,1566,True
gold_copper_mom_21d,Trp25_lo,-15.533,lte,P1_long_cash,168,8,0.5365,4.41,-16.02,24.46,1566,True
gold_copper_pctrank_504d,Tp50_hi,0.5268,gte,P1_long_cash,84,4,0.5356,9.17,-42.33,3.54,1566,True
gold_copper_roc_21d,Tfix03_lo,0.3,lte,P1_long_cash,189,9,0.5351,6.05,-21.05,29.61,1566,True
gold_copper_zscore_252d,Tp90_lo,2.0171,lte,P1_long_cash,63,3,0.5349,9.41,-42.33,9.01,1566,True
gold_copper_pctrank_504d,Tp75_hi,0.841,gte,P2_long_short,189,9,0.5343,9.83,-42.69,18.34,1566,True
gold_copper_zscore_252d,Tp50_hi,0.0526,gte,P1_long_cash,252,12,0.5343,7.9,-32.99,7.72,1566,True
gold_copper_zscore_252d,Tp25_lo,-0.9767,lte,P1_long_cash,84,4,0.5341,2.86,-6.99,4.51,1566,True
gold_copper_zscore_252d,Trp25_lo,-0.9767,lte,P1_long_cash,84,4,0.5341,2.86,-6.99,4.51,1566,True
gold_copper_roc_126d,Tfix07_hi,0.7,gte,P1_long_cash,42,2,0.534,8.97,-40.01,12.23,1566,True
gold_copper_roc_5d,Tp75_lo,2.0649,lte,P2_long_short,231,11,0.5339,9.8,-25.2,88.18,1566,True
gold_copper_zscore_126d,Tp50_lo,-0.0334,lte,P2_long_short,0,0,0.5338,9.81,-39.58,32.83,1566,True
gold_copper_roc_5d,Tp90_lo,4.3297,lte,P2_long_short,168,8,0.5337,9.8,-42.77,32.83,1566,True
gold_copper_mom_252d,Tp50_hi,7.1738,gte,P2_long_short,210,10,0.5331,9.79,-45.48,14.48,1566,True
gold_copper_pctrank_504d,Tp50_hi,0.5268,gte,P2_long_short,21,1,0.5323,9.77,-42.33,7.08,1566,True
gold_copper_zscore_126d,Tp25_hi,-1.0407,gte,P2_long_short,189,9,0.5321,9.77,-43.65,20.6,1566,True
gold_copper_mom_21d,Tp90_lo,32.7891,lte,P2_long_short,105,5,0.5321,9.77,-42.33,20.6,1566,True
gold_copper_pctrank_504d,Tfix07_hi,0.7,gte,P1_long_cash,105,5,0.532,8.78,-42.33,6.44,1566,True
gold_copper_mom_21d,Tp75_lo,16.087,lte,P2_long_short,147,7,0.5309,9.75,-22.97,44.09,1566,True
gold_copper_pctrank_1260d,Tp90_lo,0.9349,lte,P1_long_cash,84,4,0.5306,9.29,-42.33,3.06,1566,True
gold_copper_acceleration,Tzn1_lo,-1.0,lte,P1_long_cash,231,11,0.5301,7.03,-27.27,33.95,1566,True
gold_copper_acceleration,Tz1_lo,-1.0,lte,P1_long_cash,231,11,0.5301,7.03,-27.27,33.95,1566,True
gold_copper_roc_5d,Tp25_lo,-2.0781,lte,P2_long_short,0,0,0.53,9.71,-27.09,87.22,1566,True
gold_copper_roc_5d,Trp25_lo,-2.0781,lte,P2_long_short,0,0,0.53,9.71,-27.09,87.22,1566,True
gold_copper_mom_21d,Tz1_lo,-1.0,lte,P1_long_cash,21,1,0.5297,6.33,-20.46,32.99,1566,True
gold_copper_mom_21d,Tzn1_lo,-1.0,lte,P1_long_cash,21,1,0.5297,6.33,-20.46,32.99,1566,True
gold_copper_acceleration,Tp25_hi,-6.2874,gte,P1_long_cash,168,8,0.5292,8.6,-33.14,24.94,1566,True
gold_copper_zscore_126d,Tp50_hi,-0.0334,gte,P2_long_short,42,2,0.5288,9.72,-31.38,34.11,1566,True
gold_copper_zscore_504d,Tp75_hi,1.0903,gte,P1_long_cash,126,6,0.5285,8.2,-42.33,11.1,1566,True
gold_copper_mom_63d,Tp90_lo,61.1186,lte,P2_long_short,0,0,0.5284,9.68,-32.87,19.95,1566,True
gold_copper_roc_21d,Tp50_hi,0.0209,gte,P1_long_cash,105,5,0.5276,6.65,-19.7,31.22,1566,True
gold_copper_mom_21d,Tp50_hi,0.098,gte,P1_long_cash,105,5,0.5276,6.65,-19.7,31.22,1566,True
gold_copper_zscore_126d,Tp90_lo,2.0703,lte,P2_long_short,189,9,0.5273,9.65,-35.6,19.63,1566,True
gold_copper_roc_5d,Tp50_hi,0.0074,gte,P1_long_cash,42,2,0.5271,7.41,-35.74,54.71,1566,True
gold_copper_pctrank_1260d,Tp50_hi,0.5612,gte,P2_long_short,63,3,0.5264,9.63,-42.33,12.23,1566,True
gold_copper_zscore_252d,Tp90_lo,2.0171,lte,P2_long_short,0,0,0.5264,9.6,-37.8,19.31,1566,True
gold_copper_acceleration,Tp50_hi,-0.0707,gte,P1_long_cash,168,8,0.5263,6.31,-28.23,35.24,1566,True
gold_copper_acceleration,Tp90_lo,12.3637,lte,P1_long_cash,189,9,0.526,9.4,-43.4,11.43,1566,True
gold_copper_pctrank_504d,Tp75_hi,0.841,gte,P1_long_cash,147,7,0.5259,8.25,-42.33,9.01,1566,True
gold_copper_zscore_126d,Tp75_lo,1.18,lte,P2_long_short,147,7,0.5249,9.6,-31.76,31.86,1566,True
gold_copper_zscore_252d,Tp25_lo,-0.9767,lte,P1_long_cash,105,5,0.5246,2.82,-7.23,4.51,1566,True
gold_copper_zscore_252d,Trp25_lo,-0.9767,lte,P1_long_cash,105,5,0.5246,2.82,-7.23,4.51,1566,True
gold_copper_mom_21d,Tp50_hi,0.098,gte,P1_long_cash,189,9,0.5235,8.28,-42.33,30.25,1566,True
gold_copper_roc_21d,Tp50_hi,0.0209,gte,P1_long_cash,189,9,0.5235,8.28,-42.33,30.25,1566,True
gold_copper_zscore_252d,Tp50_hi,0.0526,gte,P1_long_cash,21,1,0.523,8.81,-42.33,7.08,1566,True
gold_copper_zscore_126d,Trp25_lo,-1.0407,lte,P1_long_cash,126,6,0.5228,3.63,-11.51,9.82,1566,True
gold_copper_zscore_126d,Tp25_lo,-1.0407,lte,P1_long_cash,126,6,0.5228,3.63,-11.51,9.82,1566,True
gold_copper_roc_63d,Tp90_hi,17.0212,gte,P1_long_cash,105,5,0.5227,2.49,-9.02,4.34,1566,True
gold_copper_pctrank_504d,Tp90_lo,0.9722,lte,P1_long_cash,84,4,0.5222,8.92,-42.92,12.87,1566,True
gold_copper_zscore_126d,Tp90_lo,2.0703,lte,P2_long_short,126,6,0.5221,9.52,-43.08,18.99,1566,True
gold_copper_roc_5d,Tfix07_hi,0.7,gte,P1_long_cash,231,11,0.5221,7.07,-26.82,57.61,1566,True
gold_copper_roc_5d,Tp50_hi,0.0074,gte,P2_long_short,231,11,0.5213,9.53,-28.24,112.64,1566,False
gold_copper_roc_5d,Tp75_lo,2.0649,lte,P2_long_short,42,2,0.521,9.48,-41.4,88.83,1566,True
gold_copper_roc_21d,Tp75_lo,4.3669,lte,P2_long_short,189,9,0.5208,9.5,-27.87,34.44,1566,True
gold_copper_acceleration,Tzn1_lo,-1.0,lte,P1_long_cash,63,3,0.5207,7.29,-28.96,34.76,1566,True
gold_copper_acceleration,Tz1_lo,-1.0,lte,P1_long_cash,63,3,0.5207,7.29,-28.96,34.76,1566,True
gold_copper_zscore_504d,Tz1_hi,1.0,gte,P2_long_short,126,6,0.5206,9.49,-42.33,17.7,1566,True
gold_copper_zscore_252d,Tp90_lo,2.0171,lte,P2_long_short,105,5,0.5203,9.48,-41.51,18.02,1566,True
gold_copper_roc_5d,Tp90_lo,4.3297,lte,P1_long_cash,252,12,0.5195,9.29,-42.33,15.77,1566,True
gold_copper_roc_126d,Tfix03_lo,0.3,lte,P1_long_cash,42,2,0.5194,4.65,-15.93,12.23,1566,True
gold_copper_roc_5d,Tp90_lo,4.3297,lte,P1_long_cash,210,10,0.5186,8.92,-42.94,16.09,1566,True
gold_copper_roc_63d,Tp25_hi,-6.739,gte,P2_long_short,63,3,0.5182,9.44,-38.25,19.95,1566,True
gold_copper_roc_21d,Tp90_hi,8.7798,gte,P1_long_cash,231,11,0.518,2.92,-9.08,9.66,1566,True
gold_copper_zscore_252d,Tzn1_lo,-1.0,lte,P1_long_cash,105,5,0.5179,2.66,-6.99,5.15,1566,True
gold_copper_zscore_252d,Tz1_lo,-1.0,lte,P1_long_cash,105,5,0.5179,2.66,-6.99,5.15,1566,True
gold_copper_mom_63d,Tzn1_lo,-1.0,lte,P2_long_short,0,0,0.5176,9.42,-39.58,44.41,1566,True
gold_copper_mom_63d,Tz1_lo,-1.0,lte,P2_long_short,0,0,0.5176,9.42,-39.58,44.41,1566,True
gold_copper_roc_5d,Tp25_hi,-2.0781,gte,P1_long_cash,168,8,0.5175,8.81,-42.33,42.48,1566,True
gold_copper_zscore_126d,Tz1_lo,-1.0,lte,P1_long_cash,126,6,0.5174,3.64,-11.51,10.78,1566,True
gold_copper_zscore_126d,Tzn1_lo,-1.0,lte,P1_long_cash,126,6,0.5174,3.64,-11.51,10.78,1566,True
gold_copper_roc_5d,Tp50_lo,0.0074,lte,P2_long_short,168,8,0.517,9.42,-41.67,112.0,1566,False
gold_copper_zscore_252d,Tp50_hi,0.0526,gte,P1_long_cash,42,2,0.5162,8.71,-42.33,7.08,1566,True
gold_copper_mom_252d,Tp90_lo,132.6641,lte,P2_long_short,0,0,0.5161,9.38,-39.58,7.4,1566,True
gold_copper_roc_126d,Tp75_lo,11.28,lte,P1_long_cash,0,0,0.516,7.11,-23.37,9.49,1566,True
gold_copper_zscore_252d,Tp25_hi,-0.9767,gte,P1_long_cash,0,0,0.5159,9.14,-42.33,4.51,1566,True
gold_copper_roc_126d,Tp90_lo,26.555,lte,P1_long_cash,84,4,0.5155,9.2,-41.6,6.11,1566,True
gold_copper_roc_21d,Tp75_lo,4.3669,lte,P2_long_short,105,5,0.5154,9.37,-42.33,32.83,1566,True
gold_copper_acceleration,Tp90_lo,12.3637,lte,P1_long_cash,231,11,0.5147,9.14,-42.33,11.26,1566,True
gold_copper_zscore_252d,Tp25_hi,-0.9767,gte,P1_long_cash,42,2,0.5146,9.1,-42.33,4.51,1566,True
gold_copper_zscore_126d,Tp75_lo,1.18,lte,P1_long_cash,210,10,0.5143,7.67,-26.97,15.77,1566,True
gold_copper_roc_126d,Tz1_hi,1.0,gte,P2_long_short,231,11,0.5141,9.34,-25.02,23.82,1566,True
gold_copper_mom_21d,Tfix03_lo,0.3,lte,P2_long_short,42,2,0.5141,9.34,-34.83,61.47,1566,True
gold_copper_roc_21d,Tp90_lo,8.7798,lte,P1_long_cash,126,6,0.5138,9.11,-41.23,8.05,1566,True
gold_copper_zscore_504d,Tp75_hi,1.0903,gte,P1_long_cash,147,7,0.5129,8.05,-42.33,10.3,1566,True
gold_copper_roc_126d,Tp25_hi,-9.8165,gte,P1_long_cash,63,3,0.5124,9.02,-42.33,3.54,1566,True
gold_copper_acceleration,Tp90_lo,12.3637,lte,P1_long_cash,63,3,0.5121,9.06,-42.33,10.62,1566,True
gold_copper_roc_126d,Tp50_hi,0.8514,gte,P1_long_cash,42,2,0.5117,8.48,-40.01,11.26,1566,True
gold_copper_zscore_126d,Tp25_hi,-1.0407,gte,P1_long_cash,126,6,0.5113,8.86,-42.33,9.82,1566,True
gold_copper_acceleration,Trp25_lo,-6.2874,lte,P1_long_cash,63,3,0.511,3.99,-11.22,24.62,1566,True
gold_copper_acceleration,Tp25_lo,-6.2874,lte,P1_long_cash,63,3,0.511,3.99,-11.22,24.62,1566,True
gold_copper_roc_63d,Tz1_lo,-1.0,lte,P1_long_cash,126,6,0.5109,5.42,-18.67,18.83,1566,True
gold_copper_roc_63d,Tzn1_lo,-1.0,lte,P1_long_cash,126,6,0.5109,5.42,-18.67,18.83,1566,True
gold_copper_mom_63d,Tz1_hi,1.0,gte,P1_long_cash,168,8,0.5103,8.12,-42.33,20.44,1566,True
gold_copper_mom_21d,Tp50_lo,0.098,lte,P2_long_short,42,2,0.5101,9.25,-34.83,61.47,1566,True
gold_copper_roc_21d,Tp50_lo,0.0209,lte,P2_long_short,42,2,0.5101,9.25,-34.83,61.47,1566,True
gold_copper_mom_21d,Tp75_lo,16.087,lte,P1_long_cash,168,8,0.51,7.87,-28.87,21.24,1566,True
gold_copper_roc_126d,Tp90_lo,26.555,lte,P1_long_cash,42,2,0.5091,8.92,-42.33,6.76,1566,True
gold_copper_roc_63d,Tz1_hi,1.0,gte,P1_long_cash,189,9,0.5089,8.12,-42.33,20.44,1566,True
gold_copper_roc_5d,Tp90_lo,4.3297,lte,P2_long_short,63,3,0.5082,9.19,-42.33,31.54,1566,True
gold_copper_roc_126d,Tp50_lo,0.8514,lte,P1_long_cash,21,1,0.5078,5.15,-20.13,11.26,1566,True
gold_copper_mom_252d,Tp50_hi,7.1738,gte,P2_long_short,105,5,0.5077,9.18,-42.33,12.23,1566,True
gold_copper_zscore_126d,Tp25_hi,-1.0407,gte,P1_long_cash,42,2,0.5075,8.66,-32.83,9.98,1566,True
gold_copper_mom_63d,Tp75_lo,28.7156,lte,P1_long_cash,63,3,0.5074,8.2,-42.33,8.69,1566,True
gold_copper_roc_126d,Tp75_lo,11.28,lte,P2_long_short,84,4,0.5074,9.21,-54.87,17.38,1566,True
gold_copper_zscore_252d,Tfix03_lo,0.3,lte,P1_long_cash,21,1,0.5073,4.83,-16.56,11.26,1566,True
gold_copper_roc_63d,Tfix03_lo,0.3,lte,P1_long_cash,168,8,0.5073,5.47,-22.82,21.72,1566,True
gold_copper_mom_21d,Tp25_hi,-15.533,gte,P1_long_cash,147,7,0.5067,8.54,-42.33,24.94,1566,True
gold_copper_roc_126d,Tp90_lo,26.555,lte,P1_long_cash,231,11,0.5061,8.97,-42.33,6.11,1566,True
gold_copper_mom_21d,Tp25_hi,-15.533,gte,P2_long_short,21,1,0.5055,9.13,-42.33,48.92,1566,True
gold_copper_roc_126d,Tz1_hi,1.0,gte,P1_long_cash,84,4,0.5051,8.32,-42.33,11.91,1566,True
gold_copper_mom_21d,Tp75_lo,16.087,lte,P2_long_short,210,10,0.5042,9.1,-34.48,43.13,1566,True
gold_copper_roc_5d,Tfix03_lo,0.3,lte,P2_long_short,126,6,0.5042,9.12,-32.58,109.75,1566,False
gold_copper_acceleration,Tp75_lo,6.1247,lte,P1_long_cash,63,3,0.5041,8.36,-46.5,18.02,1566,True
gold_copper_mom_21d,Tz1_lo,-1.0,lte,P2_long_short,42,2,0.5036,9.09,-35.97,64.69,1566,True
gold_copper_mom_21d,Tzn1_lo,-1.0,lte,P2_long_short,42,2,0.5036,9.09,-35.97,64.69,1566,True
gold_copper_zscore_126d,Tp90_hi,2.0703,gte,P1_long_cash,252,12,0.5032,2.87,-12.25,9.82,1566,True
gold_copper_acceleration,Tfix03_lo,0.3,lte,P1_long_cash,0,0,0.503,7.22,-40.4,32.83,1566,True
gold_copper_zscore_252d,Tp90_lo,2.0171,lte,P1_long_cash,84,4,0.5029,8.8,-42.33,9.01,1566,True
gold_copper_zscore_126d,Tp50_hi,-0.0334,gte,P1_long_cash,126,6,0.5025,8.08,-42.33,16.9,1566,True
gold_copper_roc_5d,Tp50_lo,0.0074,lte,P2_long_short,126,6,0.5013,9.05,-37.01,111.68,1566,False
gold_copper_roc_126d,Tp25_lo,-9.8165,lte,P1_long_cash,84,4,0.501,2.93,-7.23,3.54,1566,True
gold_copper_roc_126d,Trp25_lo,-9.8165,lte,P1_long_cash,84,4,0.501,2.93,-7.23,3.54,1566,True
gold_copper_pctrank_504d,Tp50_hi,0.5268,gte,P2_long_short,210,10,0.5009,9.01,-45.05,9.01,1566,True
gold_copper_mom_63d,Tp90_lo,61.1186,lte,P1_long_cash,189,9,0.5007,7.42,-26.4,8.53,1566,True
gold_copper_roc_21d,Tp75_hi,4.3669,gte,P1_long_cash,168,8,0.5005,5.43,-19.47,17.38,1566,True
gold_copper_pctrank_1260d,Tp90_lo,0.9349,lte,P1_long_cash,126,6,0.5005,8.72,-41.87,3.54,1566,True
gold_copper_acceleration,Tp90_lo,12.3637,lte,P2_long_short,21,1,0.5004,9.0,-38.65,21.24,1566,True
gold_copper_acceleration,Tp50_hi,-0.0707,gte,P1_long_cash,0,0,0.5002,6.53,-23.6,34.92,1566,True
gold_copper_acceleration,Tp25_hi,-6.2874,gte,P1_long_cash,63,3,0.4997,8.48,-42.33,24.62,1566,True
gold_copper_pctrank_1260d,Tp90_lo,0.9349,lte,P1_long_cash,231,11,0.4991,8.81,-42.33,2.9,1566,True
gold_copper_acceleration,Tp75_lo,6.1247,lte,P1_long_cash,0,0,0.4989,7.89,-40.38,18.02,1566,True
gold_copper_zscore_504d,Tp75_lo,1.0903,lte,P1_long_cash,21,1,0.4988,5.89,-21.64,11.26,1566,True
gold_copper_pctrank_1260d,Tp50_hi,0.5612,gte,P2_long_short,189,9,0.4983,8.95,-42.69,12.55,1566,True
gold_copper_acceleration,Tfix07_hi,0.7,gte,P2_long_short,126,6,0.4981,8.96,-34.57,64.37,1566,True
gold_copper_mom_21d,Tp75_hi,16.087,gte,P1_long_cash,126,6,0.498,4.21,-13.53,22.37,1566,True
gold_copper_mom_63d,Tp25_hi,-25.5664,gte,P1_long_cash,42,2,0.4978,8.07,-31.36,13.84,1566,True
gold_copper_roc_5d,Tz1_hi,1.0,gte,P2_long_short,105,5,0.4972,8.93,-35.36,110.07,1566,False
gold_copper_roc_21d,Tp90_lo,8.7798,lte,P1_long_cash,189,9,0.497,8.14,-32.15,9.82,1566,True
gold_copper_pctrank_1260d,Tp90_lo,0.9349,lte,P2_long_short,0,0,0.4966,8.91,-39.58,6.44,1566,True
gold_copper_acceleration,Tp75_hi,6.1247,gte,P1_long_cash,84,4,0.4964,4.18,-12.72,18.02,1566,True
gold_copper_zscore_126d,Tp90_lo,2.0703,lte,P2_long_short,42,2,0.4957,8.89,-42.33,17.38,1566,True
gold_copper_acceleration,Tp75_lo,6.1247,lte,P1_long_cash,84,4,0.4955,8.28,-42.33,18.02,1566,True
gold_copper_mom_63d,Tp75_lo,28.7156,lte,P1_long_cash,189,9,0.4953,6.19,-24.26,8.53,1566,True
gold_copper_zscore_252d,Tfix07_hi,0.7,gte,P2_long_short,42,2,0.4953,8.92,-40.94,29.61,1566,True
gold_copper_roc_126d,Tp25_hi,-9.8165,gte,P1_long_cash,105,5,0.4949,8.61,-42.33,3.54,1566,True
gold_copper_pctrank_1260d,Tp25_hi,0.3169,gte,P2_long_short,210,10,0.4949,8.87,-43.54,7.08,1566,True
gold_copper_zscore_252d,Tp75_lo,1.0726,lte,P1_long_cash,189,9,0.4947,5.9,-21.64,15.93,1566,True
gold_copper_acceleration,Tp90_lo,12.3637,lte,P1_long_cash,252,12,0.4946,8.74,-42.33,11.26,1566,True
gold_copper_mom_21d,Tp75_lo,16.087,lte,P1_long_cash,126,6,0.4944,8.26,-36.05,22.37,1566,True
gold_copper_mom_21d,Tp90_lo,32.7891,lte,P2_long_short,126,6,0.4943,8.85,-36.43,21.24,1566,True
gold_copper_zscore_126d,Tp90_lo,2.0703,lte,P1_long_cash,63,3,0.4942,8.54,-42.33,8.37,1566,True
gold_copper_zscore_504d,Tp25_hi,-1.0311,gte,P1_long_cash,0,0,0.4941,8.63,-42.33,3.54,1566,True
gold_copper_roc_5d,Tp50_hi,0.0074,gte,P1_long_cash,84,4,0.494,6.88,-33.37,54.23,1566,True
gold_copper_roc_63d,Tp25_hi,-6.739,gte,P1_long_cash,168,8,0.494,8.51,-42.33,9.66,1566,True
gold_copper_mom_63d,Tp90_lo,61.1186,lte,P1_long_cash,105,5,0.4936,8.48,-42.42,9.82,1566,True
gold_copper_mom_252d,Tp75_hi,65.8527,gte,P1_long_cash,21,1,0.4935,7.59,-42.03,15.13,1566,True
gold_copper_zscore_126d,Tp25_lo,-1.0407,lte,P1_long_cash,42,2,0.4928,3.82,-16.15,9.98,1566,True
gold_copper_zscore_126d,Trp25_lo,-1.0407,lte,P1_long_cash,42,2,0.4928,3.82,-16.15,9.98,1566,True
gold_copper_mom_21d,Tz1_lo,-1.0,lte,P1_long_cash,105,5,0.4927,7.12,-34.63,33.47,1566,True
gold_copper_mom_21d,Tzn1_lo,-1.0,lte,P1_long_cash,105,5,0.4927,7.12,-34.63,33.47,1566,True
gold_copper_mom_252d,Tp50_hi,7.1738,gte,P1_long_cash,0,0,0.4921,8.36,-42.33,6.11,1566,True
gold_copper_zscore_252d,Tfix07_hi,0.7,gte,P1_long_cash,147,7,0.492,7.83,-42.33,14.48,1566,True
gold_copper_zscore_504d,Tp75_hi,1.0903,gte,P2_long_short,231,11,0.4918,8.8,-32.37,19.63,1566,True
gold_copper_zscore_252d,Tp90_lo,2.0171,lte,P2_long_short,126,6,0.491,8.77,-30.74,17.7,1566,True
gold_copper_pctrank_504d,Tp75_hi,0.841,gte,P1_long_cash,21,1,0.4907,7.13,-41.6,9.33,1566,True
gold_copper_zscore_126d,Tp90_lo,2.0703,lte,P1_long_cash,21,1,0.4905,8.04,-37.73,8.69,1566,True
gold_copper_mom_21d,Tp25_hi,-15.533,gte,P2_long_short,63,3,0.4904,8.77,-23.58,48.6,1566,True
gold_copper_roc_126d,Tp90_lo,26.555,lte,P1_long_cash,252,12,0.4902,8.63,-42.33,6.11,1566,True
gold_copper_roc_21d,Tp90_lo,8.7798,lte,P1_long_cash,252,12,0.4896,8.5,-42.33,9.66,1566,True
gold_copper_zscore_126d,Tp50_hi,-0.0334,gte,P2_long_short,63,3,0.4894,8.75,-32.21,34.11,1566,True
gold_copper_roc_63d,Tp50_hi,0.2018,gte,P1_long_cash,168,8,0.4887,7.69,-42.33,20.76,1566,True
gold_copper_zscore_252d,Tfix03_lo,0.3,lte,P1_long_cash,42,2,0.4881,4.48,-10.7,11.26,1566,True
gold_copper_roc_21d,Tp25_hi,-4.0484,gte,P2_long_short,126,6,0.4876,8.68,-45.31,42.16,1566,True
gold_copper_pctrank_1260d,Tz1_hi,1.0,gte,P1_long_cash,147,7,0.4874,0.59,-1.14,1.93,1566,True
gold_copper_roc_5d,Tp25_hi,-2.0781,gte,P2_long_short,21,1,0.4872,8.69,-29.77,86.9,1566,True
gold_copper_roc_5d,Tfix03_lo,0.3,lte,P1_long_cash,42,2,0.487,6.65,-19.57,53.75,1566,True
gold_copper_roc_21d,Tz1_lo,-1.0,lte,P2_long_short,42,2,0.4867,8.68,-38.65,73.7,1566,True
gold_copper_roc_21d,Tzn1_lo,-1.0,lte,P2_long_short,42,2,0.4867,8.68,-38.65,73.7,1566,True
gold_copper_pctrank_504d,Tfix07_hi,0.7,gte,P2_long_short,84,4,0.4866,8.67,-42.33,12.87,1566,True
gold_copper_pctrank_504d,Tp90_hi,0.9722,gte,P1_long_cash,84,4,0.4865,3.97,-16.25,12.87,1566,True
gold_copper_pctrank_1260d,Tp90_lo,0.9349,lte,P1_long_cash,210,10,0.4865,8.53,-42.33,2.9,1566,True
gold_copper_mom_252d,Tp90_hi,132.6641,gte,P1_long_cash,147,7,0.4857,5.16,-16.63,4.67,1566,True
gold_copper_mom_21d,Tp75_hi,16.087,gte,P1_long_cash,42,2,0.4852,6.4,-24.21,22.69,1566,True
gold_copper_roc_126d,Tz1_hi,1.0,gte,P1_long_cash,21,1,0.485,7.72,-44.87,11.91,1566,True
gold_copper_zscore_126d,Tp90_hi,2.0703,gte,P1_long_cash,21,1,0.4848,4.42,-15.58,8.69,1566,True
gold_copper_zscore_504d,Tp25_hi,-1.0311,gte,P2_long_short,231,11,0.4847,8.61,-42.33,7.08,1566,True
gold_copper_roc_5d,Tp50_lo,0.0074,lte,P2_long_short,189,9,0.4839,8.61,-30.42,112.0,1566,False
gold_copper_acceleration,Tp25_hi,-6.2874,gte,P1_long_cash,105,5,0.4836,8.12,-37.53,24.46,1566,True
gold_copper_mom_21d,Tp25_hi,-15.533,gte,P1_long_cash,168,8,0.4825,8.04,-42.33,24.46,1566,True
gold_copper_roc_63d,Tp25_hi,-6.739,gte,P1_long_cash,105,5,0.482,8.15,-42.33,9.98,1566,True
gold_copper_mom_252d,Tp90_lo,132.6641,lte,P1_long_cash,84,4,0.4815,8.16,-42.33,4.18,1566,True
gold_copper_zscore_126d,Tp25_hi,-1.0407,gte,P1_long_cash,210,10,0.4814,8.22,-42.9,10.14,1566,True
gold_copper_roc_5d,Tp25_hi,-2.0781,gte,P2_long_short,252,12,0.4812,8.53,-38.07,82.71,1566,True
gold_copper_zscore_252d,Tfix07_hi,0.7,gte,P2_long_short,126,6,0.4808,8.53,-42.33,29.29,1566,True
gold_copper_zscore_252d,Tzn1_lo,-1.0,lte,P1_long_cash,21,1,0.4803,2.5,-7.29,5.15,1566,True
gold_copper_zscore_252d,Tz1_lo,-1.0,lte,P1_long_cash,21,1,0.4803,2.5,-7.29,5.15,1566,True
gold_copper_pctrank_1260d,Tp90_lo,0.9349,lte,P2_long_short,252,12,0.4802,8.51,-42.33,5.15,1566,True
gold_copper_mom_63d,Tp50_hi,0.758,gte,P1_long_cash,168,8,0.4796,7.51,-42.33,19.79,1566,True
gold_copper_mom_63d,Tfix07_hi,0.7,gte,P1_long_cash,168,8,0.4796,7.51,-42.33,19.79,1566,True
gold_copper_zscore_504d,Tp75_hi,1.0903,gte,P2_long_short,210,10,0.4788,8.48,-39.33,19.95,1566,True
gold_copper_roc_63d,Tfix07_hi,0.7,gte,P1_long_cash,189,9,0.4778,7.53,-43.02,22.05,1566,True
gold_copper_roc_126d,Tfix07_hi,0.7,gte,P1_long_cash,21,1,0.4771,7.57,-44.87,12.23,1566,True
gold_copper_pctrank_1260d,Tp75_lo,0.8221,lte,P1_long_cash,126,6,0.4762,6.31,-21.64,5.15,1566,True
gold_copper_mom_252d,Tz1_hi,1.0,gte,P1_long_cash,0,0,0.4757,8.04,-42.33,5.79,1566,True
gold_copper_acceleration,Tp50_hi,-0.0707,gte,P1_long_cash,63,3,0.4753,5.93,-24.92,34.76,1566,True
gold_copper_roc_126d,Tp75_lo,11.28,lte,P2_long_short,105,5,0.4753,8.4,-29.16,17.38,1566,True
gold_copper_acceleration,Tp75_lo,6.1247,lte,P2_long_short,126,6,0.4751,8.39,-42.03,37.33,1566,True
gold_copper_roc_21d,Tp75_lo,4.3669,lte,P2_long_short,210,10,0.4746,8.39,-36.88,34.11,1566,True
gold_copper_mom_21d,Tz1_lo,-1.0,lte,P2_long_short,210,10,0.4744,8.38,-47.89,65.01,1566,True
gold_copper_mom_21d,Tzn1_lo,-1.0,lte,P2_long_short,210,10,0.4744,8.38,-47.89,65.01,1566,True
gold_copper_zscore_126d,Tfix07_hi,0.7,gte,P1_long_cash,168,8,0.4742,7.06,-42.33,16.25,1566,True
gold_copper_zscore_504d,Tz1_hi,1.0,gte,P1_long_cash,42,2,0.474,7.22,-39.8,9.01,1566,True
gold_copper_mom_21d,Trp25_lo,-15.533,lte,P1_long_cash,147,7,0.4738,3.94,-20.33,24.94,1566,True
gold_copper_mom_21d,Tp25_lo,-15.533,lte,P1_long_cash,147,7,0.4738,3.94,-20.33,24.94,1566,True
gold_copper_acceleration,Tp25_hi,-6.2874,gte,P2_long_short,252,12,0.4736,8.35,-42.01,50.85,1566,True
gold_copper_roc_126d,Tz1_hi,1.0,gte,P2_long_short,252,12,0.4734,8.34,-39.55,24.46,1566,True
gold_copper_zscore_126d,Tp25_hi,-1.0407,gte,P1_long_cash,21,1,0.4732,8.0,-42.33,9.98,1566,True
gold_copper_mom_252d,Tfix07_hi,0.7,gte,P1_long_cash,0,0,0.4732,7.98,-42.33,6.44,1566,True
gold_copper_mom_21d,Tz1_hi,1.0,gte,P1_long_cash,189,9,0.4731,7.25,-42.33,29.29,1566,True
gold_copper_mom_63d,Tp75_lo,28.7156,lte,P2_long_short,0,0,0.473,8.35,-35.31,18.67,1566,True
gold_copper_zscore_504d,Tfix07_hi,0.7,gte,P1_long_cash,63,3,0.4728,7.41,-42.33,9.33,1566,True
gold_copper_zscore_126d,Tfix07_hi,0.7,gte,P1_long_cash,126,6,0.4728,6.88,-42.33,16.57,1566,True
gold_copper_pctrank_1260d,Tp75_lo,0.8221,lte,P1_long_cash,252,12,0.4727,7.98,-42.33,4.34,1566,True
gold_copper_roc_5d,Tp90_hi,4.3297,gte,P1_long_cash,210,10,0.4726,3.57,-13.43,16.09,1566,True
gold_copper_acceleration,Tfix07_hi,0.7,gte,P1_long_cash,168,8,0.4724,5.38,-25.64,32.99,1566,True
gold_copper_pctrank_504d,Tp25_lo,0.1605,lte,P1_long_cash,21,1,0.4721,2.66,-8.09,8.37,1566,True
gold_copper_pctrank_504d,Trp25_lo,0.1605,lte,P1_long_cash,21,1,0.4721,2.66,-8.09,8.37,1566,True
gold_copper_roc_126d,Tp90_lo,26.555,lte,P1_long_cash,210,10,0.4721,8.08,-42.33,6.11,1566,True
gold_copper_roc_21d,Tfix07_hi,0.7,gte,P2_long_short,252,12,0.4714,8.3,-35.38,61.47,1566,True
gold_copper_mom_252d,Tp25_hi,-53.7187,gte,P2_long_short,42,2,0.471,8.29,-42.33,1.93,1566,True
gold_copper_mom_63d,Tp50_lo,0.758,lte,P1_long_cash,168,8,0.4707,4.92,-22.52,19.79,1566,True
gold_copper_roc_5d,Tp90_lo,4.3297,lte,P1_long_cash,147,7,0.4703,8.06,-38.1,15.77,1566,True
gold_copper_roc_63d,Tp50_hi,0.2018,gte,P2_long_short,231,11,0.47,8.28,-33.9,39.91,1566,True
gold_copper_mom_252d,Tp90_lo,132.6641,lte,P1_long_cash,147,7,0.4692,7.28,-39.63,4.67,1566,True
gold_copper_zscore_126d,Tp50_hi,-0.0334,gte,P2_long_short,168,8,0.4687,8.24,-42.33,32.83,1566,True
gold_copper_zscore_252d,Tfix07_hi,0.7,gte,P2_long_short,168,8,0.4686,8.24,-42.33,28.97,1566,True
gold_copper_mom_252d,Tp90_lo,132.6641,lte,P2_long_short,252,12,0.4684,8.23,-42.33,8.37,1566,True
gold_copper_pctrank_1260d,Tp90_lo,0.9349,lte,P1_long_cash,168,8,0.4666,7.97,-42.33,3.06,1566,True
gold_copper_zscore_504d,Tp50_hi,-0.0203,gte,P2_long_short,168,8,0.4666,8.19,-42.33,3.22,1566,True
gold_copper_acceleration,Tfix03_lo,0.3,lte,P1_long_cash,168,8,0.4662,6.95,-43.96,34.28,1566,True
gold_copper_mom_252d,Tfix07_hi,0.7,gte,P2_long_short,84,4,0.4652,8.15,-42.33,12.87,1566,True
gold_copper_roc_21d,Tp90_hi,8.7798,gte,P1_long_cash,189,9,0.4652,4.32,-20.26,9.82,1566,True
gold_copper_zscore_126d,Tp90_lo,2.0703,lte,P1_long_cash,84,4,0.4651,7.92,-42.33,8.37,1566,True
gold_copper_pctrank_504d,Tp50_hi,0.5268,gte,P2_long_short,252,12,0.465,8.15,-39.28,9.66,1566,True
gold_copper_zscore_126d,Tp50_hi,-0.0334,gte,P2_long_short,189,9,0.465,8.15,-44.53,33.79,1566,True
gold_copper_roc_63d,Tp90_lo,17.0212,lte,P2_long_short,42,2,0.4649,8.15,-42.33,9.66,1566,True
gold_copper_zscore_252d,Tp25_hi,-0.9767,gte,P2_long_short,21,1,0.4648,8.15,-42.33,9.01,1566,True
gold_copper_mom_252d,Tp75_hi,65.8527,gte,P2_long_short,189,9,0.4645,8.14,-44.15,29.93,1566,True
gold_copper_roc_126d,Tz1_hi,1.0,gte,P2_long_short,126,6,0.4644,8.14,-42.33,23.49,1566,True
gold_copper_zscore_504d,Tp90_lo,2.084,lte,P1_long_cash,84,4,0.4644,7.69,-42.33,9.66,1566,True
gold_copper_acceleration,Tfix07_hi,0.7,gte,P1_long_cash,0,0,0.4641,5.82,-19.56,32.18,1566,True
gold_copper_pctrank_1260d,Tp75_lo,0.8221,lte,P2_long_short,147,7,0.4641,8.14,-46.43,10.62,1566,True
gold_copper_roc_126d,Tp50_hi,0.8514,gte,P1_long_cash,21,1,0.4635,7.29,-44.87,11.26,1566,True
gold_copper_zscore_252d,Tp75_hi,1.0726,gte,P1_long_cash,189,9,0.4633,6.83,-42.33,16.25,1566,True
gold_copper_mom_21d,Tp75_lo,16.087,lte,P2_long_short,105,5,0.4632,8.11,-46.91,43.13,1566,True
gold_copper_zscore_504d,Tfix07_hi,0.7,gte,P2_long_short,189,9,0.4631,8.11,-44.53,18.99,1566,True
gold_copper_pctrank_1260d,Tp90_hi,0.9349,gte,P1_long_cash,84,4,0.463,3.22,-8.92,3.06,1566,True
gold_copper_roc_126d,Tp90_lo,26.555,lte,P1_long_cash,168,8,0.4624,7.73,-42.33,6.11,1566,True
gold_copper_roc_126d,Tp25_lo,-9.8165,lte,P1_long_cash,42,2,0.4623,2.77,-12.2,3.54,1566,True
gold_copper_roc_126d,Trp25_lo,-9.8165,lte,P1_long_cash,42,2,0.4623,2.77,-12.2,3.54,1566,True
gold_copper_pctrank_1260d,Tp90_lo,0.9349,lte,P1_long_cash,105,5,0.4623,7.81,-42.33,3.7,1566,True
gold_copper_roc_63d,Tfix07_hi,0.7,gte,P1_long_cash,168,8,0.4622,7.1,-42.33,22.05,1566,True
gold_copper_mom_252d,Tp90_lo,132.6641,lte,P1_long_cash,189,9,0.4622,7.68,-42.33,4.67,1566,True
gold_copper_mom_252d,Tp25_hi,-53.7187,gte,P2_long_short,0,0,0.4621,8.08,-42.33,1.93,1566,True
gold_copper_acceleration,Tp90_lo,12.3637,lte,P2_long_short,147,7,0.4617,8.07,-47.49,21.89,1566,True
gold_copper_roc_63d,Tp90_lo,17.0212,lte,P2_long_short,210,10,0.4611,8.06,-42.33,7.72,1566,True
gold_copper_zscore_252d,Tp90_hi,2.0171,gte,P1_long_cash,63,3,0.4605,3.1,-13.51,9.01,1566,True
gold_copper_roc_126d,Tp90_lo,26.555,lte,P2_long_short,126,6,0.4604,8.03,-25.42,12.23,1566,True
gold_copper_acceleration,Tp75_hi,6.1247,gte,P1_long_cash,63,3,0.4599,4.11,-17.9,18.02,1566,True
gold_copper_mom_21d,Tp90_lo,32.7891,lte,P1_long_cash,168,8,0.4599,7.47,-40.49,13.2,1566,True
gold_copper_roc_21d,Tp90_lo,8.7798,lte,P2_long_short,210,10,0.4596,8.02,-35.46,19.31,1566,True
gold_copper_roc_126d,Tp50_hi,0.8514,gte,P2_long_short,126,6,0.4595,8.02,-42.33,22.21,1566,True
gold_copper_mom_63d,Tp25_hi,-25.5664,gte,P1_long_cash,168,8,0.4595,7.64,-42.33,13.52,1566,True
gold_copper_mom_63d,Tp25_hi,-25.5664,gte,P1_long_cash,105,5,0.4585,7.45,-42.33,13.84,1566,True
gold_copper_pctrank_504d,Tp25_hi,0.1605,gte,P1_long_cash,0,0,0.4581,7.81,-42.33,8.37,1566,True
gold_copper_zscore_252d,Tp50_hi,0.0526,gte,P1_long_cash,0,0,0.458,7.47,-42.33,7.08,1566,True
gold_copper_acceleration,Tp25_hi,-6.2874,gte,P2_long_short,147,7,0.4576,7.97,-43.9,50.85,1566,True
gold_copper_acceleration,Tp75_lo,6.1247,lte,P1_long_cash,189,9,0.4574,7.44,-36.05,19.31,1566,True
gold_copper_roc_21d,Tp75_lo,4.3669,lte,P1_long_cash,168,8,0.4573,7.0,-34.89,17.38,1566,True
gold_copper_acceleration,Tp50_lo,-0.0707,lte,P1_long_cash,63,3,0.4568,6.49,-32.68,34.76,1566,True
gold_copper_zscore_126d,Tp75_lo,1.18,lte,P1_long_cash,105,5,0.4567,7.37,-38.11,16.41,1566,True
gold_copper_mom_252d,Tfix07_hi,0.7,gte,P2_long_short,252,12,0.4564,7.94,-39.95,13.52,1566,True
gold_copper_zscore_504d,Tp90_lo,2.084,lte,P2_long_short,147,7,0.4561,7.94,-29.28,18.34,1566,True
gold_copper_mom_63d,Tp90_lo,61.1186,lte,P1_long_cash,63,3,0.4558,7.45,-42.33,9.01,1566,True
gold_copper_roc_5d,Tp25_lo,-2.0781,lte,P1_long_cash,168,8,0.4557,3.67,-15.1,42.48,1566,True
gold_copper_roc_5d,Trp25_lo,-2.0781,lte,P1_long_cash,168,8,0.4557,3.67,-15.1,42.48,1566,True
gold_copper_acceleration,Tp75_lo,6.1247,lte,P2_long_short,21,1,0.4555,7.96,-42.7,37.33,1566,True
gold_copper_roc_63d,Tp50_lo,0.2018,lte,P1_long_cash,168,8,0.4555,4.75,-22.52,20.76,1566,True
gold_copper_pctrank_504d,Tp50_hi,0.5268,gte,P2_long_short,0,0,0.4553,7.92,-42.33,7.08,1566,True
gold_copper_zscore_126d,Tfix03_lo,0.3,lte,P1_long_cash,84,4,0.4552,6.6,-32.06,18.34,1566,True
gold_copper_roc_126d,Tz1_hi,1.0,gte,P1_long_cash,210,10,0.4551,7.0,-41.32,11.91,1566,True
gold_copper_acceleration,Tp25_hi,-6.2874,gte,P2_long_short,84,4,0.455,7.91,-50.52,49.24,1566,True
gold_copper_mom_21d,Tp75_hi,16.087,gte,P2_long_short,252,12,0.4547,7.91,-35.53,43.45,1566,True
gold_copper_mom_63d,Tp50_hi,0.758,gte,P2_long_short,210,10,0.4546,7.9,-32.87,39.26,1566,True
gold_copper_mom_63d,Tfix07_hi,0.7,gte,P2_long_short,210,10,0.4546,7.9,-32.87,39.26,1566,True
gold_copper_acceleration,Tp50_hi,-0.0707,gte,P2_long_short,84,4,0.4543,7.91,-35.81,68.87,1566,True
gold_copper_roc_21d,Tp25_hi,-4.0484,gte,P1_long_cash,231,11,0.4542,7.28,-32.21,20.6,1566,True
gold_copper_roc_126d,Tp25_hi,-9.8165,gte,P1_long_cash,21,1,0.454,7.62,-42.33,3.54,1566,True
gold_copper_zscore_252d,Tp50_hi,0.0526,gte,P1_long_cash,84,4,0.4539,7.34,-42.33,7.08,1566,True
gold_copper_mom_63d,Tp25_lo,-25.5664,lte,P1_long_cash,42,2,0.4537,4.39,-24.2,13.84,1566,True
gold_copper_mom_63d,Trp25_lo,-25.5664,lte,P1_long_cash,42,2,0.4537,4.39,-24.2,13.84,1566,True
gold_copper_zscore_504d,Tfix07_hi,0.7,gte,P1_long_cash,105,5,0.4536,7.05,-42.33,9.33,1566,True
gold_copper_roc_21d,Tz1_hi,1.0,gte,P1_long_cash,189,9,0.4534,6.71,-42.33,30.57,1566,True
gold_copper_pctrank_1260d,Tp90_lo,0.9349,lte,P1_long_cash,147,7,0.4533,7.61,-42.38,3.06,1566,True
gold_copper_roc_126d,Tp90_lo,26.555,lte,P2_long_short,189,9,0.4533,7.87,-42.33,12.23,1566,True
gold_copper_roc_5d,Tp25_lo,-2.0781,lte,P2_long_short,84,4,0.4532,7.9,-42.69,88.83,1566,True
gold_copper_roc_5d,Trp25_lo,-2.0781,lte,P2_long_short,84,4,0.4532,7.9,-42.69,88.83,1566,True
gold_copper_mom_63d,Tp90_lo,61.1186,lte,P2_long_short,147,7,0.4528,7.87,-29.45,20.6,1566,True
gold_copper_mom_252d,Tz1_hi,1.0,gte,P2_long_short,252,12,0.4525,7.84,-39.95,12.23,1566,True
gold_copper_zscore_252d,Tp25_hi,-0.9767,gte,P2_long_short,63,3,0.452,7.84,-42.33,9.01,1566,True
gold_copper_mom_252d,Tp25_hi,-53.7187,gte,P2_long_short,21,1,0.4512,7.82,-42.33,1.93,1566,True
gold_copper_zscore_126d,Tz1_hi,1.0,gte,P1_long_cash,84,4,0.4512,4.52,-18.01,16.09,1566,True
gold_copper_pctrank_1260d,Tp75_hi,0.8221,gte,P1_long_cash,126,6,0.4507,6.1,-42.33,5.31,1566,True
gold_copper_acceleration,Tp90_lo,12.3637,lte,P1_long_cash,84,4,0.4505,7.65,-42.33,10.62,1566,True
gold_copper_zscore_504d,Tfix07_hi,0.7,gte,P2_long_short,21,1,0.4504,7.8,-42.33,18.67,1566,True
gold_copper_mom_252d,Tp90_lo,132.6641,lte,P1_long_cash,63,3,0.4502,7.38,-42.33,3.54,1566,True
gold_copper_pctrank_504d,Tp50_hi,0.5268,gte,P2_long_short,42,2,0.4495,7.78,-42.33,7.08,1566,True
gold_copper_zscore_504d,Tp25_hi,-1.0311,gte,P2_long_short,21,1,0.4486,7.76,-42.33,7.08,1566,True
gold_copper_zscore_126d,Tp25_hi,-1.0407,gte,P1_long_cash,84,4,0.448,7.38,-42.33,9.98,1566,True
gold_copper_mom_63d,Tp75_lo,28.7156,lte,P1_long_cash,84,4,0.448,7.12,-41.58,8.69,1566,True
gold_copper_zscore_504d,Tz1_hi,1.0,gte,P1_long_cash,0,0,0.4477,6.71,-42.33,8.37,1566,True
gold_copper_zscore_252d,Tp50_lo,0.0526,lte,P1_long_cash,42,2,0.4473,3.77,-11.76,7.08,1566,True
gold_copper_zscore_126d,Tp75_lo,1.18,lte,P1_long_cash,84,4,0.4468,7.16,-42.33,16.41,1566,True
gold_copper_pctrank_1260d,Tfix07_hi,0.7,gte,P1_long_cash,147,7,0.4467,6.71,-42.33,5.15,1566,True
gold_copper_roc_63d,Tz1_hi,1.0,gte,P2_long_short,231,11,0.4466,7.72,-32.03,40.87,1566,True
gold_copper_pctrank_504d,Tp75_lo,0.841,lte,P1_long_cash,21,1,0.4464,5.48,-21.64,9.66,1566,True
gold_copper_acceleration,Tp75_lo,6.1247,lte,P1_long_cash,231,11,0.4463,7.2,-39.15,19.95,1566,True
gold_copper_pctrank_504d,Tfix03_lo,0.3,lte,P1_long_cash,0,0,0.4461,2.9,-8.06,6.11,1566,True
gold_copper_zscore_504d,Tp75_hi,1.0903,gte,P1_long_cash,21,1,0.4457,6.53,-42.33,11.26,1566,True
gold_copper_pctrank_1260d,Tp90_hi,0.9349,gte,P1_long_cash,252,12,0.4448,1.94,-7.02,2.9,1566,True
gold_copper_roc_126d,Tp90_lo,26.555,lte,P1_long_cash,0,0,0.4445,7.12,-42.65,6.92,1566,True
gold_copper_mom_252d,Tp50_hi,7.1738,gte,P2_long_short,252,12,0.4443,7.65,-35.45,14.8,1566,True
gold_copper_mom_21d,Tp75_lo,16.087,lte,P1_long_cash,42,2,0.4436,6.02,-33.47,22.69,1566,True
gold_copper_pctrank_1260d,Tfix07_hi,0.7,gte,P1_long_cash,105,5,0.4434,6.66,-42.33,5.15,1566,True
gold_copper_roc_63d,Tp90_lo,17.0212,lte,P1_long_cash,252,12,0.4431,7.47,-42.33,3.86,1566,True
gold_copper_zscore_504d,Tz1_hi,1.0,gte,P2_long_short,189,9,0.4425,7.61,-42.33,17.06,1566,True
gold_copper_zscore_504d,Tp90_lo,2.084,lte,P2_long_short,168,8,0.4425,7.62,-35.65,16.41,1566,True
gold_copper_roc_63d,Tzn1_lo,-1.0,lte,P2_long_short,0,0,0.4421,7.61,-39.58,38.94,1566,True
gold_copper_roc_63d,Tz1_lo,-1.0,lte,P2_long_short,0,0,0.4421,7.61,-39.58,38.94,1566,True
gold_copper_mom_21d,Tp25_hi,-15.533,gte,P2_long_short,252,12,0.442,7.59,-41.22,49.89,1566,True
gold_copper_pctrank_1260d,Tp90_lo,0.9349,lte,P1_long_cash,189,9,0.4416,7.41,-42.33,3.06,1566,True
gold_copper_roc_63d,Tfix03_lo,0.3,lte,P2_long_short,21,1,0.441,7.59,-39.58,42.8,1566,True
gold_copper_roc_21d,Tp90_hi,8.7798,gte,P1_long_cash,63,3,0.4408,2.95,-13.09,8.37,1566,True
gold_copper_mom_63d,Tp75_hi,28.7156,gte,P1_long_cash,189,9,0.4407,6.23,-42.01,8.53,1566,True
gold_copper_zscore_504d,Tp75_hi,1.0903,gte,P2_long_short,168,8,0.4406,7.57,-42.33,20.92,1566,True
gold_copper_pctrank_1260d,Tfix07_hi,0.7,gte,P1_long_cash,168,8,0.4402,6.55,-42.33,5.31,1566,True
gold_copper_roc_126d,Tp50_lo,0.8514,lte,P1_long_cash,42,2,0.4397,3.99,-16.78,11.26,1566,True
gold_copper_acceleration,Tp75_hi,6.1247,gte,P1_long_cash,0,0,0.4395,4.55,-17.41,18.02,1566,True
gold_copper_zscore_126d,Tp50_lo,-0.0334,lte,P1_long_cash,126,6,0.4393,4.38,-20.34,16.9,1566,True
gold_copper_pctrank_504d,Tp75_hi,0.841,gte,P2_long_short,42,2,0.4393,7.57,-38.29,19.31,1566,True
gold_copper_roc_63d,Tp90_lo,17.0212,lte,P1_long_cash,189,9,0.4393,6.81,-34.53,4.02,1566,True
gold_copper_mom_252d,Tp75_lo,65.8527,lte,P1_long_cash,21,1,0.4387,4.85,-20.61,15.13,1566,True
gold_copper_zscore_252d,Tfix07_hi,0.7,gte,P1_long_cash,21,1,0.4386,6.53,-41.6,14.16,1566,True
gold_copper_roc_63d,Tp50_hi,0.2018,gte,P2_long_short,210,10,0.4386,7.52,-32.87,41.2,1566,True
gold_copper_roc_126d,Tfix07_hi,0.7,gte,P2_long_short,126,6,0.4385,7.52,-42.33,24.14,1566,True
gold_copper_pctrank_1260d,Tp50_hi,0.5612,gte,P2_long_short,0,0,0.4382,7.51,-42.33,12.23,1566,True
gold_copper_mom_63d,Tp25_hi,-25.5664,gte,P2_long_short,147,7,0.4377,7.5,-42.33,27.03,1566,True
gold_copper_mom_63d,Tfix03_lo,0.3,lte,P1_long_cash,168,8,0.4376,4.52,-22.52,20.76,1566,True
gold_copper_acceleration,Tfix03_lo,0.3,lte,P1_long_cash,63,3,0.4375,6.21,-32.68,33.47,1566,True
gold_copper_acceleration,Tz1_hi,1.0,gte,P1_long_cash,168,8,0.4373,4.82,-22.23,32.34,1566,True
gold_copper_roc_126d,Tfix07_hi,0.7,gte,P1_long_cash,210,10,0.4372,6.67,-40.87,11.59,1566,True
gold_copper_roc_21d,Tz1_lo,-1.0,lte,P2_long_short,105,5,0.4358,7.48,-29.2,75.31,1566,True
gold_copper_roc_21d,Tzn1_lo,-1.0,lte,P2_long_short,105,5,0.4358,7.48,-29.2,75.31,1566,True
gold_copper_acceleration,Tp90_hi,12.3637,gte,P1_long_cash,147,7,0.4358,2.04,-12.21,10.94,1566,True
gold_copper_mom_21d,Tp25_hi,-15.533,gte,P1_long_cash,189,9,0.435,7.09,-42.33,25.43,1566,True
gold_copper_mom_63d,Tp90_lo,61.1186,lte,P1_long_cash,210,10,0.4348,6.95,-42.33,8.37,1566,True
gold_copper_roc_5d,Tfix07_hi,0.7,gte,P2_long_short,21,1,0.4343,7.45,-42.95,107.82,1566,False
gold_copper_pctrank_504d,Tfix07_hi,0.7,gte,P2_long_short,21,1,0.434,7.41,-42.33,12.87,1566,True
gold_copper_mom_63d,Tp50_hi,0.758,gte,P2_long_short,231,11,0.4337,7.41,-33.9,37.98,1566,True
gold_copper_mom_63d,Tfix07_hi,0.7,gte,P2_long_short,231,11,0.4337,7.41,-33.9,37.98,1566,True
gold_copper_mom_63d,Tz1_hi,1.0,gte,P2_long_short,231,11,0.4335,7.41,-37.14,39.26,1566,True
gold_copper_mom_21d,Tp90_lo,32.7891,lte,P1_long_cash,231,11,0.4333,7.07,-42.33,12.87,1566,True
gold_copper_mom_21d,Tp90_lo,32.7891,lte,P1_long_cash,63,3,0.4329,6.98,-42.33,10.62,1566,True
gold_copper_roc_5d,Tp25_hi,-2.0781,gte,P1_long_cash,210,10,0.4327,6.95,-37.94,41.52,1566,True
gold_copper_mom_63d,Tp75_hi,28.7156,gte,P1_long_cash,63,3,0.4323,4.26,-18.67,8.69,1566,True
gold_copper_zscore_252d,Tfix03_lo,0.3,lte,P1_long_cash,210,10,0.4322,4.63,-21.64,10.78,1566,True
gold_copper_roc_63d,Tp90_hi,17.0212,gte,P1_long_cash,63,3,0.4317,2.82,-12.92,4.67,1566,True
gold_copper_acceleration,Tp50_lo,-0.0707,lte,P1_long_cash,0,0,0.4316,5.89,-40.4,34.92,1566,True
gold_copper_roc_5d,Tp50_lo,0.0074,lte,P1_long_cash,84,4,0.4316,5.55,-18.35,54.23,1566,True
gold_copper_zscore_504d,Tp90_hi,2.084,gte,P2_long_short,210,10,0.4311,7.38,-39.27,14.8,1566,True
gold_copper_zscore_126d,Tp90_lo,2.0703,lte,P1_long_cash,210,10,0.4306,7.01,-39.69,9.66,1566,True
gold_copper_roc_5d,Tp25_lo,-2.0781,lte,P1_long_cash,189,9,0.4291,3.12,-11.98,41.84,1566,True
gold_copper_roc_5d,Trp25_lo,-2.0781,lte,P1_long_cash,189,9,0.4291,3.12,-11.98,41.84,1566,True
gold_copper_zscore_252d,Tp75_lo,1.0726,lte,P2_long_short,0,0,0.429,7.29,-36.36,32.18,1566,True
gold_copper_roc_5d,Tp75_lo,2.0649,lte,P1_long_cash,105,5,0.4282,6.88,-41.93,43.77,1566,True
gold_copper_roc_63d,Tp75_lo,7.5433,lte,P1_long_cash,84,4,0.4279,6.77,-41.99,8.69,1566,True
gold_copper_zscore_126d,Tzn1_lo,-1.0,lte,P1_long_cash,21,1,0.4276,3.06,-15.55,10.94,1566,True
gold_copper_zscore_126d,Tz1_lo,-1.0,lte,P1_long_cash,21,1,0.4276,3.06,-15.55,10.94,1566,True
gold_copper_mom_63d,Tp90_lo,61.1186,lte,P1_long_cash,84,4,0.4269,6.97,-42.85,10.3,1566,True
gold_copper_mom_252d,Tp50_hi,7.1738,gte,P2_long_short,42,2,0.4265,7.23,-42.33,12.23,1566,True
gold_copper_acceleration,Tp50_hi,-0.0707,gte,P2_long_short,252,12,0.4265,7.23,-37.7,65.98,1566,True
gold_copper_zscore_252d,Tp50_lo,0.0526,lte,P1_long_cash,21,1,0.4262,3.67,-13.79,7.08,1566,True
gold_copper_mom_252d,Tp90_lo,132.6641,lte,P1_long_cash,42,2,0.4253,6.62,-42.33,3.38,1566,True
gold_copper_roc_126d,Tp50_hi,0.8514,gte,P1_long_cash,210,10,0.4249,6.41,-41.25,10.94,1566,True
gold_copper_roc_21d,Tfix07_hi,0.7,gte,P1_long_cash,189,9,0.4248,6.22,-42.33,30.9,1566,True
gold_copper_mom_252d,Tz1_hi,1.0,gte,P2_long_short,84,4,0.4245,7.19,-42.33,11.59,1566,True
gold_copper_acceleration,Tp50_lo,-0.0707,lte,P1_long_cash,168,8,0.4243,6.11,-43.64,35.24,1566,True
gold_copper_acceleration,Tp50_lo,-0.0707,lte,P2_long_short,105,5,0.4242,7.17,-38.45,68.87,1566,True
gold_copper_mom_63d,Tp90_hi,61.1186,gte,P1_long_cash,189,9,0.4235,5.02,-22.9,8.53,1566,True
gold_copper_acceleration,Tz1_hi,1.0,gte,P1_long_cash,0,0,0.4232,5.15,-21.18,30.9,1566,True
gold_copper_zscore_252d,Tp50_hi,0.0526,gte,P2_long_short,105,5,0.4221,7.13,-42.33,14.16,1566,True
gold_copper_roc_63d,Tp90_lo,17.0212,lte,P2_long_short,105,5,0.4219,7.13,-42.33,8.69,1566,True
gold_copper_zscore_504d,Tz1_hi,1.0,gte,P2_long_short,168,8,0.4217,7.12,-42.33,16.74,1566,True
gold_copper_roc_5d,Tp50_lo,0.0074,lte,P2_long_short,147,7,0.4216,7.15,-38.07,112.97,1566,False
gold_copper_zscore_504d,Tz1_hi,1.0,gte,P1_long_cash,21,1,0.4213,6.18,-42.33,9.01,1566,True
gold_copper_pctrank_504d,Tfix07_hi,0.7,gte,P2_long_short,0,0,0.421,7.1,-42.33,12.87,1566,True
gold_copper_roc_5d,Tp75_lo,2.0649,lte,P2_long_short,168,8,0.4201,7.09,-33.41,88.51,1566,True
gold_copper_zscore_126d,Tfix07_hi,0.7,gte,P1_long_cash,84,4,0.4201,4.51,-20.44,16.74,1566,True
gold_copper_roc_5d,Tfix03_lo,0.3,lte,P2_long_short,189,9,0.4195,7.08,-31.91,108.78,1566,False
gold_copper_roc_5d,Tfix07_hi,0.7,gte,P2_long_short,105,5,0.4184,7.05,-35.58,110.71,1566,False
gold_copper_zscore_252d,Tz1_hi,1.0,gte,P2_long_short,210,10,0.4182,7.04,-32.23,32.18,1566,True
gold_copper_mom_21d,Tfix07_hi,0.7,gte,P2_long_short,252,12,0.4177,7.02,-37.04,56.97,1566,True
gold_copper_pctrank_504d,Tp90_lo,0.9722,lte,P1_long_cash,231,11,0.4174,6.59,-42.33,11.26,1566,True
gold_copper_acceleration,Tp75_lo,6.1247,lte,P2_long_short,168,8,0.4167,7.0,-43.73,38.62,1566,True
gold_copper_mom_252d,Tp90_lo,132.6641,lte,P2_long_short,105,5,0.4164,6.99,-39.4,10.62,1566,True
gold_copper_zscore_504d,Tp25_lo,-1.0311,lte,P1_long_cash,21,1,0.4163,2.16,-7.23,3.54,1566,True
gold_copper_zscore_504d,Trp25_lo,-1.0311,lte,P1_long_cash,21,1,0.4163,2.16,-7.23,3.54,1566,True
gold_copper_roc_21d,Tp25_hi,-4.0484,gte,P1_long_cash,84,4,0.4161,6.61,-38.34,21.24,1566,True
gold_copper_mom_63d,Tp90_lo,61.1186,lte,P1_long_cash,252,12,0.4155,6.7,-42.33,8.37,1566,True
gold_copper_zscore_504d,Tfix07_hi,0.7,gte,P2_long_short,252,12,0.4151,6.95,-38.23,18.67,1566,True
gold_copper_roc_21d,Tp50_lo,0.0209,lte,P1_long_cash,105,5,0.4145,5.78,-38.47,31.22,1566,True
gold_copper_mom_21d,Tp25_lo,-15.533,lte,P2_long_short,0,0,0.4145,6.95,-28.79,49.89,1566,True
gold_copper_mom_21d,Tp50_lo,0.098,lte,P1_long_cash,105,5,0.4145,5.78,-38.47,31.22,1566,True
gold_copper_mom_21d,Trp25_lo,-15.533,lte,P2_long_short,0,0,0.4145,6.95,-28.79,49.89,1566,True
gold_copper_roc_63d,Tp75_lo,7.5433,lte,P2_long_short,126,6,0.4142,6.95,-34.91,15.77,1566,True
gold_copper_mom_21d,Tp75_hi,16.087,gte,P1_long_cash,168,8,0.4141,4.58,-20.92,21.24,1566,True
gold_copper_zscore_252d,Tz1_hi,1.0,gte,P1_long_cash,126,6,0.4137,5.87,-42.33,15.93,1566,True
gold_copper_mom_252d,Tp90_lo,132.6641,lte,P1_long_cash,210,10,0.4136,6.76,-42.33,4.51,1566,True
gold_copper_pctrank_1260d,Tfix07_hi,0.7,gte,P1_long_cash,42,2,0.4135,6.04,-42.33,5.15,1566,True
gold_copper_mom_252d,Tp75_hi,65.8527,gte,P1_long_cash,147,7,0.4134,6.04,-42.33,14.8,1566,True
gold_copper_roc_21d,Tp75_lo,4.3669,lte,P2_long_short,126,6,0.4129,6.91,-36.43,34.11,1566,True
gold_copper_zscore_504d,Tp75_lo,1.0903,lte,P1_long_cash,147,7,0.4125,4.4,-21.64,10.3,1566,True
gold_copper_zscore_126d,Tp50_hi,-0.0334,gte,P1_long_cash,21,1,0.4125,6.15,-41.5,16.57,1566,True
gold_copper_roc_21d,Tzn1_lo,-1.0,lte,P2_long_short,210,10,0.4119,6.9,-43.94,71.45,1566,True
gold_copper_roc_21d,Tz1_lo,-1.0,lte,P2_long_short,210,10,0.4119,6.9,-43.94,71.45,1566,True
gold_copper_roc_63d,Tp50_lo,0.2018,lte,P2_long_short,21,1,0.4112,6.88,-39.58,40.87,1566,True
gold_copper_roc_21d,Tp25_hi,-4.0484,gte,P1_long_cash,168,8,0.4111,6.62,-42.33,20.28,1566,True
gold_copper_mom_21d,Tp50_hi,0.098,gte,P1_long_cash,21,1,0.4107,5.86,-42.33,31.38,1566,True
gold_copper_zscore_126d,Tp75_lo,1.18,lte,P2_long_short,126,6,0.4107,6.88,-32.58,32.51,1566,True
gold_copper_roc_21d,Tp50_hi,0.0209,gte,P1_long_cash,21,1,0.4107,5.86,-42.33,31.38,1566,True
gold_copper_pctrank_504d,Tp25_hi,0.1605,gte,P2_long_short,210,10,0.4106,6.86,-42.33,16.74,1566,True
gold_copper_roc_126d,Tp75_hi,11.28,gte,P1_long_cash,0,0,0.4105,5.32,-25.36,9.49,1566,True
gold_copper_pctrank_504d,Tp90_lo,0.9722,lte,P2_long_short,126,6,0.4104,6.85,-30.74,26.07,1566,True
gold_copper_roc_63d,Tp90_lo,17.0212,lte,P1_long_cash,231,11,0.4104,6.58,-42.33,3.86,1566,True
gold_copper_pctrank_1260d,Tp75_lo,0.8221,lte,P1_long_cash,231,11,0.4093,6.53,-42.33,4.34,1566,True
gold_copper_mom_252d,Tp90_hi,132.6641,gte,P1_long_cash,252,12,0.4093,1.96,-9.95,4.18,1566,True
gold_copper_zscore_504d,Tz1_hi,1.0,gte,P1_long_cash,84,4,0.4092,5.94,-42.33,9.01,1566,True
gold_copper_mom_63d,Tp25_hi,-25.5664,gte,P1_long_cash,21,1,0.409,6.42,-42.1,12.71,1566,True
gold_copper_zscore_126d,Tz1_lo,-1.0,lte,P1_long_cash,42,2,0.409,3.2,-20.58,10.94,1566,True
gold_copper_zscore_126d,Tzn1_lo,-1.0,lte,P1_long_cash,42,2,0.409,3.2,-20.58,10.94,1566,True
gold_copper_roc_21d,Tp90_lo,8.7798,lte,P1_long_cash,84,4,0.4086,6.6,-42.33,8.05,1566,True
gold_copper_pctrank_504d,Tp90_lo,0.9722,lte,P2_long_short,168,8,0.4078,6.79,-32.29,24.14,1566,True
gold_copper_roc_5d,Tp90_lo,4.3297,lte,P1_long_cash,21,1,0.4073,6.43,-39.87,16.74,1566,True
gold_copper_zscore_126d,Tp50_hi,-0.0334,gte,P1_long_cash,210,10,0.4073,5.99,-39.59,17.06,1566,True
gold_copper_roc_126d,Tp25_hi,-9.8165,gte,P1_long_cash,0,0,0.407,6.53,-42.33,3.54,1566,True
gold_copper_roc_63d,Tzn1_lo,-1.0,lte,P2_long_short,105,5,0.4066,6.78,-31.84,37.98,1566,True
gold_copper_roc_63d,Tz1_lo,-1.0,lte,P2_long_short,105,5,0.4066,6.78,-31.84,37.98,1566,True
gold_copper_roc_63d,Tp25_hi,-6.739,gte,P1_long_cash,21,1,0.4065,6.55,-42.33,9.49,1566,True
gold_copper_zscore_126d,Tp75_hi,1.18,gte,P1_long_cash,210,10,0.4065,4.77,-24.51,15.77,1566,True
gold_copper_pctrank_504d,Tfix07_hi,0.7,gte,P2_long_short,210,10,0.4061,6.75,-43.79,12.55,1566,True
gold_copper_zscore_126d,Tp25_hi,-1.0407,gte,P1_long_cash,0,0,0.406,6.49,-42.33,9.66,1566,True
gold_copper_roc_63d,Tp25_hi,-6.739,gte,P1_long_cash,0,0,0.406,6.49,-42.33,8.85,1566,True
gold_copper_roc_126d,Tp50_hi,0.8514,gte,P2_long_short,231,11,0.405,6.74,-26.82,21.89,1566,True
gold_copper_roc_21d,Tp25_hi,-4.0484,gte,P1_long_cash,42,2,0.4048,6.48,-41.03,19.31,1566,True
gold_copper_roc_63d,Tz1_hi,1.0,gte,P1_long_cash,168,8,0.4045,5.94,-42.33,20.44,1566,True
gold_copper_zscore_504d,Tp50_hi,-0.0203,gte,P2_long_short,252,12,0.4042,6.7,-39.28,6.44,1566,True
gold_copper_pctrank_1260d,Tfix07_hi,0.7,gte,P1_long_cash,63,3,0.4042,5.86,-42.33,5.15,1566,True
gold_copper_zscore_504d,Tfix07_hi,0.7,gte,P2_long_short,0,0,0.4039,6.7,-42.33,18.67,1566,True
gold_copper_zscore_504d,Tfix03_lo,0.3,lte,P1_long_cash,42,2,0.4037,3.57,-19.81,5.47,1566,True
gold_copper_roc_21d,Tp25_hi,-4.0484,gte,P1_long_cash,105,5,0.4036,6.25,-32.07,21.24,1566,True
gold_copper_acceleration,Tp75_lo,6.1247,lte,P2_long_short,42,2,0.4035,6.71,-28.42,35.72,1566,True
gold_copper_mom_252d,Tfix03_lo,0.3,lte,P1_long_cash,42,2,0.4034,2.94,-11.69,6.44,1566,True
gold_copper_mom_63d,Tfix03_lo,0.3,lte,P2_long_short,21,1,0.4032,6.69,-39.58,40.87,1566,True
gold_copper_roc_126d,Tfix03_lo,0.3,lte,P1_long_cash,84,4,0.4032,3.51,-29.78,12.23,1566,True
gold_copper_pctrank_504d,Tp25_hi,0.1605,gte,P2_long_short,21,1,0.4027,6.67,-42.33,16.74,1566,True
gold_copper_zscore_252d,Tp50_lo,0.0526,lte,P1_long_cash,63,3,0.4027,3.34,-16.38,7.08,1566,True
gold_copper_zscore_126d,Tp75_lo,1.18,lte,P1_long_cash,42,2,0.4024,5.91,-42.33,16.41,1566,True
gold_copper_mom_252d,Tp75_hi,65.8527,gte,P2_long_short,168,8,0.4023,6.66,-42.5,29.93,1566,True
gold_copper_roc_21d,Tzn1_lo,-1.0,lte,P1_long_cash,126,6,0.4015,5.1,-16.63,37.49,1566,True
gold_copper_roc_21d,Tz1_lo,-1.0,lte,P1_long_cash,126,6,0.4015,5.1,-16.63,37.49,1566,True
gold_copper_acceleration,Tzn1_lo,-1.0,lte,P1_long_cash,189,9,0.4014,5.05,-28.6,34.76,1566,True
gold_copper_acceleration,Tz1_lo,-1.0,lte,P1_long_cash,189,9,0.4014,5.05,-28.6,34.76,1566,True
gold_copper_roc_21d,Tfix07_hi,0.7,gte,P1_long_cash,105,5,0.401,4.59,-21.7,31.54,1566,True
gold_copper_zscore_252d,Tp75_hi,1.0726,gte,P1_long_cash,126,6,0.4009,5.59,-42.33,16.25,1566,True
gold_copper_mom_21d,Tp75_lo,16.087,lte,P2_long_short,84,4,0.4008,6.63,-43.93,43.77,1566,True
gold_copper_zscore_504d,Tp90_lo,2.084,lte,P1_long_cash,42,2,0.4007,6.13,-42.33,9.66,1566,True
gold_copper_acceleration,Tp25_hi,-6.2874,gte,P2_long_short,21,1,0.3999,6.61,-43.34,51.49,1566,True
gold_copper_roc_63d,Tp25_hi,-6.739,gte,P2_long_short,126,6,0.3996,6.6,-42.33,19.63,1566,True
gold_copper_mom_63d,Tp50_lo,0.758,lte,P2_long_short,21,1,0.3993,6.6,-39.58,38.94,1566,True
gold_copper_zscore_252d,Tp75_hi,1.0726,gte,P2_long_short,210,10,0.3992,6.59,-33.83,32.18,1566,True
gold_copper_roc_126d,Tz1_lo,-1.0,lte,P1_long_cash,63,3,0.3991,3.12,-18.48,12.87,1566,True
gold_copper_roc_126d,Tzn1_lo,-1.0,lte,P1_long_cash,63,3,0.3991,3.12,-18.48,12.87,1566,True
gold_copper_mom_252d,Tp90_lo,132.6641,lte,P1_long_cash,231,11,0.3987,6.46,-42.33,4.51,1566,True
gold_copper_zscore_252d,Tp90_lo,2.0171,lte,P2_long_short,42,2,0.3983,6.57,-47.47,19.31,1566,True
gold_copper_roc_63d,Tp50_hi,0.2018,gte,P1_long_cash,126,6,0.3979,5.77,-42.33,20.44,1566,True
gold_copper_mom_252d,Tp50_hi,7.1738,gte,P2_long_short,84,4,0.3978,6.56,-42.33,12.23,1566,True
gold_copper_roc_5d,Tfix07_hi,0.7,gte,P2_long_short,252,12,0.3975,6.57,-43.67,114.57,1566,False
gold_copper_roc_5d,Tp50_lo,0.0074,lte,P1_long_cash,42,2,0.3974,5.03,-22.6,54.71,1566,True
gold_copper_mom_21d,Tz1_hi,1.0,gte,P2_long_short,252,12,0.3971,6.54,-38.6,58.25,1566,True
gold_copper_roc_21d,Tp50_lo,0.0209,lte,P1_long_cash,189,9,0.3969,4.18,-24.78,30.25,1566,True
gold_copper_mom_21d,Tp50_lo,0.098,lte,P1_long_cash,189,9,0.3969,4.18,-24.78,30.25,1566,True
gold_copper_roc_63d,Tp50_hi,0.2018,gte,P2_long_short,147,7,0.3968,6.53,-44.32,40.55,1566,True
gold_copper_roc_5d,Tfix03_lo,0.3,lte,P2_long_short,210,10,0.3964,6.52,-39.05,111.03,1566,False
gold_copper_zscore_126d,Tfix07_hi,0.7,gte,P1_long_cash,189,9,0.3963,5.61,-42.33,16.25,1566,True
gold_copper_zscore_504d,Tz1_hi,1.0,gte,P2_long_short,210,10,0.3962,6.52,-37.56,16.41,1566,True
gold_copper_zscore_126d,Tzn1_lo,-1.0,lte,P1_long_cash,252,12,0.3955,3.3,-11.49,10.94,1566,True
gold_copper_zscore_126d,Tz1_lo,-1.0,lte,P1_long_cash,252,12,0.3955,3.3,-11.49,10.94,1566,True
gold_copper_roc_63d,Tz1_hi,1.0,gte,P1_long_cash,147,7,0.395,5.72,-42.33,20.28,1566,True
gold_copper_roc_5d,Tfix07_hi,0.7,gte,P1_long_cash,84,4,0.3944,4.72,-35.61,54.23,1566,True
gold_copper_zscore_126d,Tp50_lo,-0.0334,lte,P2_long_short,105,5,0.3943,6.48,-29.84,34.11,1566,True
gold_copper_zscore_126d,Tfix03_lo,0.3,lte,P1_long_cash,210,10,0.3934,4.43,-21.6,18.34,1566,True
gold_copper_zscore_126d,Tfix03_lo,0.3,lte,P2_long_short,0,0,0.3934,6.46,-41.14,34.11,1566,True
gold_copper_acceleration,Trp25_lo,-6.2874,lte,P1_long_cash,168,8,0.3927,3.87,-19.28,24.94,1566,True
gold_copper_mom_63d,Tz1_hi,1.0,gte,P1_long_cash,126,6,0.3927,5.67,-42.33,20.11,1566,True
gold_copper_acceleration,Tp25_lo,-6.2874,lte,P1_long_cash,168,8,0.3927,3.87,-19.28,24.94,1566,True
gold_copper_zscore_504d,Tp75_hi,1.0903,gte,P1_long_cash,0,0,0.3926,5.61,-42.33,10.94,1566,True
gold_copper_roc_126d,Tfix07_hi,0.7,gte,P2_long_short,231,11,0.3926,6.44,-27.76,22.53,1566,True
gold_copper_pctrank_1260d,Tfix07_hi,0.7,gte,P1_long_cash,0,0,0.3922,5.66,-42.33,5.15,1566,True
gold_copper_mom_252d,Tp90_lo,132.6641,lte,P2_long_short,21,1,0.3921,6.43,-40.59,6.76,1566,True
gold_copper_acceleration,Tz1_hi,1.0,gte,P2_long_short,126,6,0.3921,6.43,-33.16,63.72,1566,True
gold_copper_mom_21d,Tp75_hi,16.087,gte,P2_long_short,63,3,0.3911,6.41,-36.31,43.77,1566,True
gold_copper_roc_126d,Tp25_hi,-9.8165,gte,P2_long_short,42,2,0.3907,6.39,-42.33,7.08,1566,True
gold_copper_zscore_252d,Tp25_hi,-0.9767,gte,P2_long_short,105,5,0.39,6.37,-42.33,9.01,1566,True
gold_copper_roc_21d,Tp50_hi,0.0209,gte,P2_long_short,63,3,0.3894,6.37,-36.17,61.15,1566,True
gold_copper_mom_21d,Tp50_hi,0.098,gte,P2_long_short,63,3,0.3894,6.37,-36.17,61.15,1566,True
gold_copper_roc_5d,Tp25_hi,-2.0781,gte,P1_long_cash,126,6,0.3891,5.7,-37.6,43.61,1566,True
gold_copper_zscore_252d,Tz1_hi,1.0,gte,P1_long_cash,84,4,0.3889,4.38,-21.26,16.09,1566,True
gold_copper_pctrank_504d,Tp90_hi,0.9722,gte,P1_long_cash,105,5,0.3887,2.95,-16.98,12.87,1566,True
gold_copper_mom_252d,Tp90_lo,132.6641,lte,P1_long_cash,168,8,0.3885,6.03,-42.33,4.67,1566,True
gold_copper_roc_5d,Tp75_lo,2.0649,lte,P1_long_cash,21,1,0.3885,5.64,-37.95,44.41,1566,True
gold_copper_acceleration,Tp90_lo,12.3637,lte,P2_long_short,42,2,0.3885,6.31,-55.29,21.24,1566,True
gold_copper_zscore_504d,Tfix07_hi,0.7,gte,P2_long_short,84,4,0.3884,6.34,-42.33,18.67,1566,True
gold_copper_pctrank_1260d,Tp50_hi,0.5612,gte,P2_long_short,252,12,0.3882,6.32,-47.58,13.52,1566,True
gold_copper_zscore_504d,Tp75_lo,1.0903,lte,P1_long_cash,126,6,0.3879,4.26,-21.64,11.1,1566,True
gold_copper_zscore_252d,Tp25_lo,-0.9767,lte,P1_long_cash,63,3,0.387,2.1,-10.71,4.51,1566,True
gold_copper_zscore_252d,Trp25_lo,-0.9767,lte,P1_long_cash,63,3,0.387,2.1,-10.71,4.51,1566,True
gold_copper_zscore_252d,Tp25_hi,-0.9767,gte,P2_long_short,84,4,0.3865,6.29,-42.33,9.01,1566,True
gold_copper_roc_63d,Tfix07_hi,0.7,gte,P2_long_short,210,10,0.386,6.27,-33.37,43.77,1566,True
gold_copper_zscore_126d,Tfix03_lo,0.3,lte,P1_long_cash,168,8,0.3859,3.95,-21.87,18.18,1566,True
gold_copper_zscore_504d,Tp75_hi,1.0903,gte,P1_long_cash,105,5,0.3853,5.47,-42.33,11.26,1566,True
gold_copper_roc_63d,Tfix07_hi,0.7,gte,P1_long_cash,126,6,0.3852,5.49,-42.33,21.72,1566,True
gold_copper_roc_5d,Tzn1_lo,-1.0,lte,P2_long_short,84,4,0.3846,6.27,-39.21,97.2,1566,True
gold_copper_roc_5d,Tz1_lo,-1.0,lte,P2_long_short,84,4,0.3846,6.27,-39.21,97.2,1566,True
gold_copper_mom_21d,Tzn1_lo,-1.0,lte,P1_long_cash,189,9,0.3845,3.97,-24.45,32.18,1566,True
gold_copper_mom_21d,Tz1_lo,-1.0,lte,P1_long_cash,189,9,0.3845,3.97,-24.45,32.18,1566,True
gold_copper_mom_63d,Tp50_hi,0.758,gte,P1_long_cash,126,6,0.3838,5.5,-42.33,19.47,1566,True
gold_copper_mom_63d,Tfix07_hi,0.7,gte,P1_long_cash,126,6,0.3838,5.5,-42.33,19.47,1566,True
gold_copper_zscore_126d,Tp90_lo,2.0703,lte,P2_long_short,252,12,0.3836,6.23,-42.33,19.63,1566,True
gold_copper_zscore_252d,Tp50_lo,0.0526,lte,P1_long_cash,252,12,0.3832,4.55,-21.87,7.72,1566,True
gold_copper_acceleration,Tp25_hi,-6.2874,gte,P1_long_cash,42,2,0.3825,5.86,-42.33,26.07,1566,True
gold_copper_roc_63d,Tp90_lo,17.0212,lte,P2_long_short,63,3,0.3819,6.18,-42.33,9.33,1566,True
gold_copper_mom_252d,Tz1_hi,1.0,gte,P2_long_short,42,2,0.3819,6.18,-42.33,11.59,1566,True
gold_copper_zscore_252d,Tp25_lo,-0.9767,lte,P1_long_cash,21,1,0.3813,1.98,-9.08,4.51,1566,True
gold_copper_zscore_252d,Trp25_lo,-0.9767,lte,P1_long_cash,21,1,0.3813,1.98,-9.08,4.51,1566,True
gold_copper_zscore_126d,Tp25_hi,-1.0407,gte,P1_long_cash,105,5,0.3811,5.95,-42.33,9.98,1566,True
gold_copper_roc_21d,Tzn1_lo,-1.0,lte,P1_long_cash,84,4,0.381,5.01,-43.34,37.66,1566,True
gold_copper_roc_21d,Tz1_lo,-1.0,lte,P1_long_cash,84,4,0.381,5.01,-43.34,37.66,1566,True
gold_copper_zscore_126d,Tp25_lo,-1.0407,lte,P1_long_cash,252,12,0.3801,3.12,-12.91,9.98,1566,True
gold_copper_zscore_126d,Trp25_lo,-1.0407,lte,P1_long_cash,252,12,0.3801,3.12,-12.91,9.98,1566,True
gold_copper_zscore_504d,Tp90_lo,2.084,lte,P1_long_cash,63,3,0.3794,5.86,-42.33,9.82,1566,True
gold_copper_roc_21d,Tp90_lo,8.7798,lte,P2_long_short,231,11,0.3793,6.12,-42.33,19.31,1566,True
gold_copper_roc_126d,Tp75_lo,11.28,lte,P1_long_cash,63,3,0.3785,5.63,-40.99,8.85,1566,True
gold_copper_mom_63d,Tz1_hi,1.0,gte,P1_long_cash,189,9,0.3781,5.55,-43.04,20.44,1566,True
gold_copper_mom_63d,Tz1_lo,-1.0,lte,P1_long_cash,63,3,0.3781,5.09,-42.33,21.24,1566,True
gold_copper_mom_63d,Tzn1_lo,-1.0,lte,P1_long_cash,63,3,0.3781,5.09,-42.33,21.24,1566,True
gold_copper_mom_21d,Tp50_hi,0.098,gte,P1_long_cash,168,8,0.378,5.31,-42.33,30.09,1566,True
gold_copper_roc_5d,Tp75_hi,2.0649,gte,P1_long_cash,252,12,0.378,3.57,-21.79,43.77,1566,True
gold_copper_roc_21d,Tp50_hi,0.0209,gte,P1_long_cash,168,8,0.378,5.31,-42.33,30.09,1566,True
gold_copper_roc_126d,Tp25_hi,-9.8165,gte,P2_long_short,84,4,0.3775,6.08,-42.33,7.08,1566,True
gold_copper_pctrank_1260d,Tp90_lo,0.9349,lte,P1_long_cash,63,3,0.3769,5.74,-42.33,3.06,1566,True
gold_copper_acceleration,Tp25_hi,-6.2874,gte,P1_long_cash,0,0,0.3766,5.55,-33.61,26.55,1566,True
gold_copper_mom_21d,Tfix03_lo,0.3,lte,P1_long_cash,105,5,0.376,5.09,-38.47,30.9,1566,True
gold_copper_pctrank_504d,Tp75_hi,0.841,gte,P2_long_short,168,8,0.3756,6.03,-42.33,18.02,1566,True
gold_copper_pctrank_504d,Tz1_hi,1.0,gte,P1_long_cash,126,6,0.3755,0.98,-4.29,11.26,1566,True
gold_copper_roc_5d,Tp75_lo,2.0649,lte,P1_long_cash,63,3,0.3752,5.59,-41.5,43.77,1566,True
gold_copper_roc_63d,Tzn1_lo,-1.0,lte,P1_long_cash,63,3,0.3749,4.95,-42.33,18.99,1566,True
gold_copper_roc_63d,Tz1_lo,-1.0,lte,P1_long_cash,63,3,0.3749,4.95,-42.33,18.99,1566,True
gold_copper_roc_21d,Tfix07_hi,0.7,gte,P2_long_short,63,3,0.3746,6.02,-28.48,63.08,1566,True
gold_copper_acceleration,Tp50_hi,-0.0707,gte,P1_long_cash,231,11,0.3741,4.78,-25.85,33.95,1566,True
gold_copper_pctrank_504d,Tfix07_hi,0.7,gte,P2_long_short,252,12,0.3741,5.99,-38.23,12.87,1566,True
gold_copper_zscore_126d,Tp90_lo,2.0703,lte,P1_long_cash,231,11,0.374,5.83,-42.33,9.66,1566,True
gold_copper_acceleration,Tp25_hi,-6.2874,gte,P1_long_cash,231,11,0.3738,5.61,-35.81,24.94,1566,True
gold_copper_pctrank_504d,Tfix07_hi,0.7,gte,P2_long_short,42,2,0.3729,5.97,-42.33,12.87,1566,True
gold_copper_zscore_126d,Tp50_hi,-0.0334,gte,P2_long_short,147,7,0.372,5.95,-42.33,32.83,1566,True
gold_copper_zscore_252d,Tp90_lo,2.0171,lte,P1_long_cash,231,11,0.3716,5.65,-42.33,7.72,1566,True
gold_copper_mom_21d,Tp90_lo,32.7891,lte,P1_long_cash,42,2,0.3716,5.39,-41.63,10.94,1566,True
gold_copper_mom_63d,Tp25_hi,-25.5664,gte,P2_long_short,84,4,0.3714,5.95,-34.41,27.68,1566,True
gold_copper_roc_21d,Tfix03_lo,0.3,lte,P1_long_cash,105,5,0.3712,5.03,-38.47,30.57,1566,True
gold_copper_zscore_504d,Tz1_hi,1.0,gte,P1_long_cash,105,5,0.3705,5.22,-42.33,9.01,1566,True
gold_copper_roc_21d,Tp90_lo,8.7798,lte,P2_long_short,63,3,0.3701,5.9,-42.33,16.74,1566,True
gold_copper_mom_63d,Tp90_lo,61.1186,lte,P2_long_short,42,2,0.3699,5.9,-42.33,17.38,1566,True
gold_copper_mom_21d,Tp75_hi,16.087,gte,P2_long_short,231,11,0.3695,5.9,-36.63,43.13,1566,True
gold_copper_mom_252d,Tp75_hi,65.8527,gte,P2_long_short,63,3,0.3694,5.9,-39.03,30.25,1566,True
gold_copper_pctrank_504d,Tp75_lo,0.841,lte,P1_long_cash,147,7,0.3693,3.92,-21.64,9.33,1566,True
gold_copper_mom_63d,Trp25_lo,-25.5664,lte,P1_long_cash,210,10,0.3691,2.93,-12.55,13.68,1566,True
gold_copper_mom_63d,Tp25_lo,-25.5664,lte,P1_long_cash,210,10,0.3691,2.93,-12.55,13.68,1566,True
gold_copper_mom_21d,Tfix03_lo,0.3,lte,P1_long_cash,189,9,0.369,3.83,-24.78,29.93,1566,True
gold_copper_mom_63d,Tfix07_hi,0.7,gte,P2_long_short,147,7,0.3686,5.87,-44.98,38.62,1566,True
gold_copper_mom_63d,Tp50_hi,0.758,gte,P2_long_short,147,7,0.3686,5.87,-44.98,38.62,1566,True
gold_copper_roc_63d,Tz1_hi,1.0,gte,P1_long_cash,126,6,0.3685,5.13,-42.33,20.44,1566,True
gold_copper_zscore_504d,Tp50_lo,-0.0203,lte,P1_long_cash,42,2,0.3678,3.01,-19.81,1.93,1566,True
gold_copper_mom_21d,Tp90_lo,32.7891,lte,P1_long_cash,84,4,0.3677,5.65,-42.33,10.3,1566,True
gold_copper_mom_63d,Tp90_lo,61.1186,lte,P1_long_cash,231,11,0.367,5.56,-42.33,8.37,1566,True
gold_copper_zscore_252d,Tz1_hi,1.0,gte,P2_long_short,63,3,0.3668,5.84,-26.56,32.18,1566,True
gold_copper_pctrank_504d,Tp75_lo,0.841,lte,P1_long_cash,126,6,0.3662,4.07,-21.64,9.82,1566,True
gold_copper_acceleration,Tfix03_lo,0.3,lte,P2_long_short,210,10,0.3662,5.82,-43.7,68.23,1566,True
gold_copper_roc_5d,Tfix07_hi,0.7,gte,P1_long_cash,42,2,0.366,4.47,-35.72,54.07,1566,True
gold_copper_acceleration,Tp90_lo,12.3637,lte,P2_long_short,189,9,0.3658,5.8,-45.01,22.85,1566,True
gold_copper_pctrank_504d,Tp90_lo,0.9722,lte,P1_long_cash,63,3,0.3654,5.55,-42.33,12.71,1566,True
gold_copper_mom_63d,Tz1_hi,1.0,gte,P2_long_short,210,10,0.3654,5.79,-33.08,40.55,1566,True
gold_copper_zscore_252d,Tfix07_hi,0.7,gte,P1_long_cash,105,5,0.3654,5.12,-42.33,14.8,1566,True
gold_copper_mom_252d,Tp75_hi,65.8527,gte,P2_long_short,210,10,0.3653,5.8,-39.32,28.64,1566,True
gold_copper_mom_252d,Tfix07_hi,0.7,gte,P2_long_short,42,2,0.3651,5.79,-42.33,12.87,1566,True
gold_copper_mom_252d,Tz1_lo,-1.0,lte,P1_long_cash,42,2,0.3647,2.6,-11.69,6.11,1566,True
gold_copper_mom_252d,Tzn1_lo,-1.0,lte,P1_long_cash,42,2,0.3647,2.6,-11.69,6.11,1566,True
gold_copper_mom_63d,Tp25_lo,-25.5664,lte,P1_long_cash,126,6,0.3645,2.91,-15.99,13.68,1566,True
gold_copper_mom_63d,Trp25_lo,-25.5664,lte,P1_long_cash,126,6,0.3645,2.91,-15.99,13.68,1566,True
gold_copper_mom_21d,Tp75_hi,16.087,gte,P1_long_cash,189,9,0.3642,4.79,-42.33,21.72,1566,True
gold_copper_roc_126d,Tz1_hi,1.0,gte,P2_long_short,105,5,0.3634,5.75,-42.33,23.82,1566,True
gold_copper_roc_126d,Tp75_lo,11.28,lte,P1_long_cash,168,8,0.3631,4.77,-30.55,9.17,1566,True
gold_copper_mom_63d,Tz1_hi,1.0,gte,P2_long_short,147,7,0.3625,5.73,-43.1,39.91,1566,True
gold_copper_pctrank_504d,Tp50_lo,0.5268,lte,P1_long_cash,84,4,0.3625,2.91,-19.81,4.18,1566,True
gold_copper_roc_5d,Tp50_hi,0.0074,gte,P2_long_short,21,1,0.3624,5.75,-48.49,108.46,1566,False
gold_copper_pctrank_1260d,Tp50_hi,0.5612,gte,P2_long_short,105,5,0.3622,5.72,-42.33,12.23,1566,True
gold_copper_roc_63d,Tp50_hi,0.2018,gte,P1_long_cash,189,9,0.3621,5.23,-43.04,20.76,1566,True
gold_copper_roc_5d,Tp50_hi,0.0074,gte,P2_long_short,63,3,0.362,5.75,-49.7,108.46,1566,False
gold_copper_zscore_504d,Tp90_lo,2.084,lte,P1_long_cash,231,11,0.3619,5.39,-42.33,7.4,1566,True
gold_copper_zscore_252d,Tp75_hi,1.0726,gte,P2_long_short,63,3,0.3614,5.71,-33.09,32.83,1566,True
gold_copper_pctrank_504d,Tp90_lo,0.9722,lte,P2_long_short,189,9,0.3614,5.7,-34.96,23.49,1566,True
gold_copper_roc_21d,Tp75_lo,4.3669,lte,P1_long_cash,84,4,0.3608,5.38,-42.33,16.41,1566,True
gold_copper_mom_21d,Tp90_lo,32.7891,lte,P1_long_cash,252,12,0.3605,5.48,-42.33,13.2,1566,True
gold_copper_roc_126d,Tp50_hi,0.8514,gte,P1_long_cash,63,3,0.3604,5.12,-46.52,11.26,1566,True
gold_copper_zscore_126d,Tp75_lo,1.18,lte,P2_long_short,189,9,0.3602,5.67,-38.28,31.86,1566,True
gold_copper_pctrank_504d,Tfix07_hi,0.7,gte,P2_long_short,63,3,0.36,5.67,-42.33,12.87,1566,True
gold_copper_mom_63d,Tp25_hi,-25.5664,gte,P2_long_short,126,6,0.3596,5.66,-42.33,27.36,1566,True
gold_copper_zscore_252d,Tfix03_lo,0.3,lte,P1_long_cash,105,5,0.3594,3.29,-20.37,11.26,1566,True
gold_copper_mom_63d,Tp25_hi,-25.5664,gte,P2_long_short,210,10,0.3594,5.65,-43.79,27.36,1566,True
gold_copper_roc_126d,Tp50_lo,0.8514,lte,P1_long_cash,84,4,0.3587,3.11,-31.46,11.26,1566,True
gold_copper_roc_5d,Tp90_lo,4.3297,lte,P2_long_short,252,12,0.3585,5.63,-42.33,31.54,1566,True
gold_copper_roc_63d,Tp25_hi,-6.739,gte,P1_long_cash,84,4,0.3579,5.1,-44.48,9.98,1566,True
gold_copper_mom_63d,Tp75_hi,28.7156,gte,P2_long_short,210,10,0.3574,5.61,-41.15,16.74,1566,True
gold_copper_mom_63d,Tzn1_lo,-1.0,lte,P1_long_cash,42,2,0.3571,4.38,-38.01,21.08,1566,True
gold_copper_mom_63d,Tz1_lo,-1.0,lte,P1_long_cash,42,2,0.3571,4.38,-38.01,21.08,1566,True
gold_copper_mom_21d,Tp25_lo,-15.533,lte,P1_long_cash,105,5,0.3563,3.9,-28.69,25.43,1566,True
gold_copper_pctrank_504d,Trp25_lo,0.1605,lte,P1_long_cash,210,10,0.3563,2.45,-15.68,8.37,1566,True
gold_copper_pctrank_504d,Tp25_lo,0.1605,lte,P1_long_cash,210,10,0.3563,2.45,-15.68,8.37,1566,True
gold_copper_mom_21d,Trp25_lo,-15.533,lte,P1_long_cash,105,5,0.3563,3.9,-28.69,25.43,1566,True
gold_copper_pctrank_1260d,Tfix07_hi,0.7,gte,P1_long_cash,84,4,0.3562,4.97,-42.33,5.15,1566,True
gold_copper_acceleration,Tfix07_hi,0.7,gte,P1_long_cash,21,1,0.3561,4.44,-44.56,31.7,1566,True
gold_copper_roc_63d,Tp25_lo,-6.739,lte,P1_long_cash,126,6,0.356,2.55,-14.16,9.82,1566,True
gold_copper_roc_63d,Trp25_lo,-6.739,lte,P1_long_cash,126,6,0.356,2.55,-14.16,9.82,1566,True
gold_copper_zscore_252d,Tp90_lo,2.0171,lte,P2_long_short,63,3,0.356,5.57,-42.33,18.02,1566,True
gold_copper_zscore_504d,Tp90_hi,2.084,gte,P1_long_cash,21,1,0.3547,3.91,-27.64,10.3,1566,True
gold_copper_mom_21d,Tp25_hi,-15.533,gte,P2_long_short,84,4,0.3543,5.55,-44.62,50.85,1566,True
gold_copper_mom_63d,Tp50_hi,0.758,gte,P1_long_cash,189,9,0.3538,5.06,-43.04,19.79,1566,True
gold_copper_mom_63d,Tfix07_hi,0.7,gte,P1_long_cash,189,9,0.3538,5.06,-43.04,19.79,1566,True
gold_copper_pctrank_1260d,Tp75_hi,0.8221,gte,P1_long_cash,105,5,0.3537,3.96,-31.5,4.51,1566,True
gold_copper_zscore_252d,Tp75_lo,1.0726,lte,P1_long_cash,252,12,0.3536,5.02,-43.04,15.61,1566,True
gold_copper_roc_63d,Tp75_lo,7.5433,lte,P2_long_short,21,1,0.3532,5.52,-39.58,18.02,1566,True
gold_copper_zscore_252d,Tp90_hi,2.0171,gte,P1_long_cash,42,2,0.3531,2.55,-22.39,9.66,1566,True
gold_copper_roc_5d,Tfix03_lo,0.3,lte,P2_long_short,168,8,0.3528,5.51,-41.18,108.78,1566,False
gold_copper_roc_126d,Tp90_lo,26.555,lte,P2_long_short,84,4,0.3513,5.46,-43.79,12.23,1566,True
gold_copper_roc_126d,Tp75_hi,11.28,gte,P1_long_cash,42,2,0.3503,3.24,-24.37,9.49,1566,True
gold_copper_zscore_252d,Tp75_hi,1.0726,gte,P2_long_short,42,2,0.3503,5.47,-48.2,32.83,1566,True
gold_copper_mom_21d,Tp90_lo,32.7891,lte,P2_long_short,189,9,0.3503,5.44,-32.26,26.07,1566,True
gold_copper_zscore_252d,Tzn1_lo,-1.0,lte,P1_long_cash,63,3,0.3501,1.84,-11.36,5.15,1566,True
gold_copper_zscore_252d,Tz1_lo,-1.0,lte,P1_long_cash,63,3,0.3501,1.84,-11.36,5.15,1566,True
gold_copper_roc_5d,Tp25_hi,-2.0781,gte,P2_long_short,189,9,0.3498,5.43,-42.33,83.68,1566,True
gold_copper_roc_21d,Tp75_lo,4.3669,lte,P1_long_cash,63,3,0.349,5.07,-42.33,16.74,1566,True
gold_copper_zscore_504d,Tp50_hi,-0.0203,gte,P2_long_short,42,2,0.3489,5.41,-42.33,3.86,1566,True
gold_copper_mom_252d,Tp75_hi,65.8527,gte,P2_long_short,252,12,0.3488,5.41,-48.39,28.64,1566,True
gold_copper_roc_5d,Tp75_lo,2.0649,lte,P2_long_short,84,4,0.3481,5.38,-44.57,87.22,1566,True
gold_copper_roc_21d,Tp75_lo,4.3669,lte,P1_long_cash,42,2,0.348,4.73,-39.57,17.06,1566,True
gold_copper_mom_252d,Tp90_hi,132.6641,gte,P1_long_cash,105,5,0.3475,2.38,-14.26,5.31,1566,True
gold_copper_roc_63d,Tp75_hi,7.5433,gte,P1_long_cash,189,9,0.3464,4.51,-41.93,7.24,1566,True
gold_copper_roc_5d,Tfix03_lo,0.3,lte,P1_long_cash,84,4,0.3452,4.33,-26.01,53.59,1566,True
gold_copper_zscore_252d,Tz1_hi,1.0,gte,P1_long_cash,21,1,0.345,4.62,-41.5,14.97,1566,True
gold_copper_roc_63d,Tp50_lo,0.2018,lte,P1_long_cash,84,4,0.3449,4.54,-39.48,20.6,1566,True
gold_copper_roc_126d,Tp50_hi,0.8514,gte,P2_long_short,105,5,0.3449,5.32,-42.33,22.53,1566,True
gold_copper_roc_126d,Tfix03_lo,0.3,lte,P1_long_cash,105,5,0.3448,2.97,-18.1,12.23,1566,True
gold_copper_pctrank_1260d,Tp50_lo,0.5612,lte,P1_long_cash,42,2,0.3445,2.99,-19.81,6.11,1566,True
gold_copper_acceleration,Tp90_lo,12.3637,lte,P2_long_short,231,11,0.344,5.29,-42.33,22.53,1566,True
gold_copper_roc_5d,Tp90_lo,4.3297,lte,P1_long_cash,42,2,0.3439,5.01,-44.71,16.74,1566,True
gold_copper_pctrank_1260d,Tp50_hi,0.5612,gte,P2_long_short,42,2,0.3437,5.29,-42.33,12.23,1566,True
gold_copper_pctrank_1260d,Tp90_lo,0.9349,lte,P2_long_short,84,4,0.3435,5.29,-42.33,6.11,1566,True
gold_copper_roc_21d,Tz1_lo,-1.0,lte,P1_long_cash,21,1,0.3435,3.49,-24.34,36.85,1566,True
gold_copper_roc_21d,Tzn1_lo,-1.0,lte,P1_long_cash,21,1,0.3435,3.49,-24.34,36.85,1566,True
gold_copper_pctrank_504d,Tp90_lo,0.9722,lte,P2_long_short,105,5,0.3434,5.27,-40.19,25.75,1566,True
gold_copper_mom_21d,Tfix07_hi,0.7,gte,P1_long_cash,168,8,0.3434,4.65,-42.33,28.8,1566,True
gold_copper_zscore_504d,Tp75_hi,1.0903,gte,P2_long_short,63,3,0.3432,5.29,-35.92,22.53,1566,True
gold_copper_pctrank_1260d,Tfix07_hi,0.7,gte,P2_long_short,126,6,0.3431,5.27,-42.33,10.3,1566,True
gold_copper_mom_252d,Tp75_hi,65.8527,gte,P2_long_short,42,2,0.3426,5.29,-39.36,30.25,1566,True
gold_copper_mom_63d,Tp75_lo,28.7156,lte,P2_long_short,126,6,0.3425,5.27,-37.23,17.06,1566,True
gold_copper_zscore_252d,Tp25_hi,-0.9767,gte,P2_long_short,0,0,0.3424,5.26,-42.33,9.01,1566,True
gold_copper_mom_63d,Tzn1_lo,-1.0,lte,P1_long_cash,84,4,0.342,4.46,-39.48,21.24,1566,True
gold_copper_mom_63d,Tz1_lo,-1.0,lte,P1_long_cash,84,4,0.342,4.46,-39.48,21.24,1566,True
gold_copper_pctrank_1260d,Tp90_lo,0.9349,lte,P1_long_cash,42,2,0.3413,4.91,-42.33,3.06,1566,True
gold_copper_roc_21d,Tp75_hi,4.3669,gte,P2_long_short,252,12,0.3412,5.23,-34.82,34.44,1566,True
gold_copper_mom_252d,Tp75_hi,65.8527,gte,P1_long_cash,84,4,0.3411,4.53,-42.33,15.13,1566,True
gold_copper_roc_21d,Tp90_lo,8.7798,lte,P2_long_short,126,6,0.341,5.22,-40.82,16.09,1566,True
gold_copper_roc_5d,Tp25_lo,-2.0781,lte,P1_long_cash,63,3,0.3405,3.18,-23.05,44.57,1566,True
gold_copper_roc_5d,Trp25_lo,-2.0781,lte,P1_long_cash,63,3,0.3405,3.18,-23.05,44.57,1566,True
gold_copper_roc_126d,Tp50_lo,0.8514,lte,P1_long_cash,105,5,0.3402,2.97,-18.93,11.26,1566,True
gold_copper_zscore_126d,Tp25_hi,-1.0407,gte,P2_long_short,252,12,0.3402,5.2,-36.56,19.95,1566,True
gold_copper_mom_63d,Tp50_lo,0.758,lte,P1_long_cash,84,4,0.3401,4.45,-39.48,19.63,1566,True
gold_copper_zscore_504d,Tz1_hi,1.0,gte,P2_long_short,147,7,0.3398,5.2,-42.33,16.74,1566,True
gold_copper_mom_63d,Tfix03_lo,0.3,lte,P1_long_cash,63,3,0.3395,4.43,-42.33,20.6,1566,True
gold_copper_zscore_252d,Tp50_lo,0.0526,lte,P1_long_cash,210,10,0.3393,3.36,-21.64,7.24,1566,True
gold_copper_zscore_252d,Tp25_hi,-0.9767,gte,P2_long_short,42,2,0.3392,5.18,-42.33,9.01,1566,True
gold_copper_mom_252d,Trp25_lo,-53.7187,lte,P1_long_cash,21,1,0.3391,2.06,-10.7,0.97,1566,True
gold_copper_mom_252d,Tp25_lo,-53.7187,lte,P1_long_cash,21,1,0.3391,2.06,-10.7,0.97,1566,True
gold_copper_roc_63d,Tp25_hi,-6.739,gte,P2_long_short,252,12,0.339,5.17,-34.42,18.67,1566,True
gold_copper_roc_5d,Tp25_lo,-2.0781,lte,P1_long_cash,42,2,0.3389,3.21,-20.46,44.41,1566,True
gold_copper_roc_5d,Trp25_lo,-2.0781,lte,P1_long_cash,42,2,0.3389,3.21,-20.46,44.41,1566,True
gold_copper_pctrank_504d,Tp75_lo,0.841,lte,P1_long_cash,252,12,0.3382,4.64,-42.33,9.33,1566,True
gold_copper_roc_126d,Tp50_hi,0.8514,gte,P1_long_cash,0,0,0.3382,4.86,-42.33,10.3,1566,True
gold_copper_acceleration,Tz1_hi,1.0,gte,P1_long_cash,21,1,0.3378,4.1,-42.02,30.74,1566,True
gold_copper_acceleration,Tp90_hi,12.3637,gte,P1_long_cash,42,2,0.3371,2.61,-19.98,10.62,1566,True
gold_copper_zscore_252d,Tp75_hi,1.0726,gte,P1_long_cash,84,4,0.337,3.51,-18.79,16.41,1566,True
gold_copper_acceleration,Tp90_lo,12.3637,lte,P2_long_short,63,3,0.337,5.13,-42.33,21.24,1566,True
gold_copper_roc_21d,Tz1_hi,1.0,gte,P1_long_cash,105,5,0.3363,3.62,-18.98,30.25,1566,True
gold_copper_mom_21d,Tp75_hi,16.087,gte,P1_long_cash,21,1,0.3358,4.08,-42.43,23.33,1566,True
gold_copper_zscore_504d,Tp90_lo,2.084,lte,P1_long_cash,252,12,0.3343,4.84,-42.33,6.76,1566,True
gold_copper_roc_5d,Tp75_hi,2.0649,gte,P1_long_cash,210,10,0.3342,3.48,-25.87,44.09,1566,True
gold_copper_pctrank_1260d,Tz1_hi,1.0,gte,P1_long_cash,84,4,0.334,0.52,-1.47,3.06,1566,True
gold_copper_roc_126d,Tp50_hi,0.8514,gte,P2_long_short,84,4,0.3339,5.06,-42.33,22.53,1566,True
gold_copper_roc_21d,Tz1_hi,1.0,gte,P2_long_short,63,3,0.3336,5.06,-33.11,60.51,1566,True
gold_copper_mom_63d,Tp75_lo,28.7156,lte,P2_long_short,147,7,0.3332,5.05,-30.68,16.09,1566,True
gold_copper_mom_252d,Tp25_lo,-53.7187,lte,P1_long_cash,0,0,0.3326,1.95,-7.51,0.97,1566,True
gold_copper_mom_252d,Trp25_lo,-53.7187,lte,P1_long_cash,0,0,0.3326,1.95,-7.51,0.97,1566,True
gold_copper_roc_63d,Tz1_lo,-1.0,lte,P1_long_cash,210,10,0.3318,3.33,-18.59,19.31,1566,True
gold_copper_roc_63d,Tzn1_lo,-1.0,lte,P1_long_cash,210,10,0.3318,3.33,-18.59,19.31,1566,True
gold_copper_zscore_126d,Tz1_hi,1.0,gte,P1_long_cash,168,8,0.3316,4.3,-42.33,16.25,1566,True
gold_copper_roc_126d,Tp90_lo,26.555,lte,P2_long_short,231,11,0.3313,5.0,-42.33,12.23,1566,True
gold_copper_pctrank_1260d,Tp75_hi,0.8221,gte,P2_long_short,42,2,0.3311,5.03,-51.83,8.37,1566,True
gold_copper_roc_63d,Tzn1_lo,-1.0,lte,P1_long_cash,168,8,0.3309,3.04,-19.69,18.83,1566,True
gold_copper_roc_63d,Tz1_lo,-1.0,lte,P1_long_cash,168,8,0.3309,3.04,-19.69,18.83,1566,True
gold_copper_roc_126d,Tp25_hi,-9.8165,gte,P2_long_short,63,3,0.3308,4.99,-42.33,7.08,1566,True
gold_copper_roc_63d,Tp75_hi,7.5433,gte,P1_long_cash,168,8,0.3305,4.24,-42.33,7.89,1566,True
gold_copper_zscore_126d,Tfix07_hi,0.7,gte,P1_long_cash,21,1,0.3303,4.31,-41.2,16.57,1566,True
gold_copper_roc_63d,Tp50_lo,0.2018,lte,P1_long_cash,63,3,0.3296,4.27,-42.33,20.6,1566,True
gold_copper_roc_5d,Tz1_hi,1.0,gte,P1_long_cash,231,11,0.3296,3.68,-22.88,56.64,1566,True
gold_copper_roc_126d,Tp75_hi,11.28,gte,P2_long_short,210,10,0.3292,4.96,-35.62,15.45,1566,True
gold_copper_roc_5d,Tp75_hi,2.0649,gte,P1_long_cash,84,4,0.3292,2.91,-17.94,43.61,1566,True
gold_copper_zscore_252d,Tp90_lo,2.0171,lte,P1_long_cash,252,12,0.3286,4.77,-42.33,8.21,1566,True
gold_copper_roc_63d,Tfix03_lo,0.3,lte,P1_long_cash,84,4,0.3285,4.25,-39.48,21.56,1566,True
gold_copper_roc_63d,Tp75_hi,7.5433,gte,P2_long_short,231,11,0.3282,4.93,-27.75,14.8,1566,True
gold_copper_pctrank_504d,Tp90_hi,0.9722,gte,P1_long_cash,126,6,0.3278,2.67,-22.99,13.03,1566,True
gold_copper_mom_63d,Tp90_hi,61.1186,gte,P1_long_cash,42,2,0.3274,2.73,-18.09,8.69,1566,True
gold_copper_roc_126d,Tfix07_hi,0.7,gte,P1_long_cash,63,3,0.327,4.47,-46.52,12.23,1566,True
gold_copper_acceleration,Tp50_hi,-0.0707,gte,P2_long_short,189,9,0.3267,4.91,-36.87,70.8,1566,True
gold_copper_roc_63d,Tp75_lo,7.5433,lte,P1_long_cash,42,2,0.3266,4.48,-42.33,8.05,1566,True
gold_copper_mom_63d,Tz1_lo,-1.0,lte,P1_long_cash,147,7,0.3262,3.17,-28.76,20.92,1566,True
gold_copper_mom_63d,Tzn1_lo,-1.0,lte,P1_long_cash,147,7,0.3262,3.17,-28.76,20.92,1566,True
gold_copper_mom_21d,Tz1_hi,1.0,gte,P1_long_cash,21,1,0.3258,4.25,-42.33,30.41,1566,True
gold_copper_pctrank_504d,Tp90_lo,0.9722,lte,P1_long_cash,252,12,0.3239,4.62,-42.33,10.94,1566,True
gold_copper_roc_21d,Tp75_hi,4.3669,gte,P1_long_cash,126,6,0.3239,2.37,-15.95,17.06,1566,True
gold_copper_mom_21d,Tp25_hi,-15.533,gte,P1_long_cash,210,10,0.3231,4.64,-43.31,24.78,1566,True
gold_copper_roc_21d,Tp25_hi,-4.0484,gte,P1_long_cash,210,10,0.3231,4.69,-43.79,20.76,1566,True
gold_copper_pctrank_504d,Tp50_hi,0.5268,gte,P2_long_short,84,4,0.3229,4.8,-42.33,7.08,1566,True
gold_copper_roc_126d,Tp90_hi,26.555,gte,P1_long_cash,189,9,0.3219,2.02,-8.72,6.11,1566,True
gold_copper_roc_21d,Tp90_lo,8.7798,lte,P1_long_cash,42,2,0.3216,4.44,-47.13,8.37,1566,True
gold_copper_zscore_252d,Tp90_lo,2.0171,lte,P2_long_short,189,9,0.3214,4.77,-36.4,15.77,1566,True
gold_copper_pctrank_1260d,Tfix07_hi,0.7,gte,P2_long_short,21,1,0.3207,4.75,-42.33,10.3,1566,True
gold_copper_zscore_252d,Tp50_hi,0.0526,gte,P2_long_short,63,3,0.3206,4.75,-42.33,14.16,1566,True
gold_copper_mom_63d,Tp50_hi,0.758,gte,P2_long_short,42,2,0.3205,4.78,-47.6,38.94,1566,True
gold_copper_mom_63d,Tfix07_hi,0.7,gte,P2_long_short,42,2,0.3205,4.78,-47.6,38.94,1566,True
gold_copper_roc_126d,Tp90_lo,26.555,lte,P2_long_short,42,2,0.3205,4.75,-42.34,13.52,1566,True
gold_copper_zscore_252d,Tp90_lo,2.0171,lte,P1_long_cash,210,10,0.3199,4.32,-37.6,7.72,1566,True
gold_copper_roc_126d,Tz1_lo,-1.0,lte,P1_long_cash,84,4,0.3196,2.38,-25.94,12.87,1566,True
gold_copper_roc_126d,Tzn1_lo,-1.0,lte,P1_long_cash,84,4,0.3196,2.38,-25.94,12.87,1566,True
gold_copper_pctrank_1260d,Tp90_lo,0.9349,lte,P2_long_short,231,11,0.319,4.71,-42.33,5.79,1566,True
gold_copper_mom_21d,Tp25_hi,-15.533,gte,P2_long_short,126,6,0.3188,4.7,-51.0,50.53,1566,True
gold_copper_roc_63d,Tfix03_lo,0.3,lte,P1_long_cash,63,3,0.3186,4.07,-42.33,21.56,1566,True
gold_copper_roc_5d,Tp25_hi,-2.0781,gte,P2_long_short,63,3,0.3183,4.7,-35.58,89.15,1566,True
gold_copper_mom_21d,Tz1_hi,1.0,gte,P1_long_cash,147,7,0.3183,4.13,-42.33,29.45,1566,True
gold_copper_mom_252d,Tp75_hi,65.8527,gte,P2_long_short,126,6,0.3175,4.69,-42.33,29.93,1566,True
gold_copper_pctrank_504d,Tp75_lo,0.841,lte,P1_long_cash,210,10,0.3174,3.5,-21.64,9.33,1566,True
gold_copper_roc_126d,Tz1_hi,1.0,gte,P1_long_cash,0,0,0.3174,4.42,-42.33,10.94,1566,True
gold_copper_mom_21d,Tfix07_hi,0.7,gte,P2_long_short,63,3,0.3171,4.68,-36.17,59.22,1566,True
gold_copper_mom_21d,Tfix07_hi,0.7,gte,P1_long_cash,21,1,0.3171,4.1,-42.33,30.41,1566,True
gold_copper_zscore_126d,Tp75_lo,1.18,lte,P2_long_short,168,8,0.3169,4.67,-28.54,31.86,1566,True
gold_copper_zscore_504d,Tp90_lo,2.084,lte,P2_long_short,189,9,0.3169,4.67,-39.58,15.13,1566,True
gold_copper_mom_63d,Tzn1_lo,-1.0,lte,P1_long_cash,168,8,0.3165,3.0,-22.44,21.4,1566,True
gold_copper_mom_252d,Tp75_hi,65.8527,gte,P2_long_short,231,11,0.3165,4.66,-38.47,28.64,1566,True
gold_copper_mom_63d,Tz1_lo,-1.0,lte,P1_long_cash,168,8,0.3165,3.0,-22.44,21.4,1566,True
gold_copper_roc_126d,Tfix03_lo,0.3,lte,P1_long_cash,126,6,0.3162,2.49,-10.05,12.07,1566,True
gold_copper_acceleration,Tp90_lo,12.3637,lte,P2_long_short,252,12,0.316,4.65,-42.76,22.53,1566,True
gold_copper_zscore_252d,Tp75_hi,1.0726,gte,P1_long_cash,168,8,0.315,4.12,-42.33,16.25,1566,True
gold_copper_roc_126d,Tp75_lo,11.28,lte,P2_long_short,42,2,0.3149,4.62,-54.53,18.99,1566,True
gold_copper_zscore_252d,Tp90_lo,2.0171,lte,P1_long_cash,21,1,0.3149,4.39,-42.33,9.66,1566,True
gold_copper_mom_21d,Tp90_hi,32.7891,gte,P1_long_cash,210,10,0.3146,3.41,-40.13,12.87,1566,True
gold_copper_pctrank_504d,Tp75_hi,0.841,gte,P1_long_cash,0,0,0.3145,4.1,-42.33,9.33,1566,True
gold_copper_mom_252d,Tp50_lo,7.1738,lte,P1_long_cash,84,4,0.3144,2.47,-23.46,6.11,1566,True
gold_copper_acceleration,Tp50_lo,-0.0707,lte,P2_long_short,210,10,0.3143,4.61,-42.45,68.87,1566,True
gold_copper_pctrank_1260d,Tp75_lo,0.8221,lte,P1_long_cash,63,3,0.3142,4.19,-41.38,4.51,1566,True
gold_copper_roc_5d,Tp25_hi,-2.0781,gte,P2_long_short,42,2,0.314,4.59,-34.95,88.83,1566,True
gold_copper_roc_63d,Tp50_hi,0.2018,gte,P2_long_short,42,2,0.314,4.63,-47.81,40.87,1566,True
gold_copper_roc_5d,Tfix03_lo,0.3,lte,P1_long_cash,231,11,0.3139,3.6,-20.96,55.68,1566,True
gold_copper_roc_21d,Tp75_lo,4.3669,lte,P2_long_short,21,1,0.3138,4.6,-39.34,34.76,1566,True
gold_copper_mom_21d,Tfix03_lo,0.3,lte,P1_long_cash,126,6,0.3129,4.07,-32.76,30.74,1566,True
gold_copper_roc_5d,Tzn1_lo,-1.0,lte,P1_long_cash,147,7,0.3128,2.87,-26.97,47.79,1566,True
gold_copper_roc_63d,Tp75_lo,7.5433,lte,P1_long_cash,63,3,0.3128,4.3,-42.33,8.69,1566,True
gold_copper_roc_5d,Tz1_lo,-1.0,lte,P1_long_cash,147,7,0.3128,2.87,-26.97,47.79,1566,True
gold_copper_roc_126d,Tfix07_hi,0.7,gte,P2_long_short,105,5,0.3125,4.56,-42.33,24.46,1566,True
gold_copper_pctrank_1260d,Tp75_hi,0.8221,gte,P2_long_short,168,8,0.3124,4.6,-47.1,11.26,1566,True
gold_copper_mom_63d,Tp75_hi,28.7156,gte,P2_long_short,42,2,0.3122,4.59,-49.97,17.38,1566,True
gold_copper_zscore_252d,Tp90_lo,2.0171,lte,P2_long_short,84,4,0.3118,4.55,-42.33,18.02,1566,True
gold_copper_roc_126d,Tfix07_hi,0.7,gte,P1_long_cash,0,0,0.3116,4.3,-42.33,11.26,1566,True
gold_copper_pctrank_504d,Tp50_lo,0.5268,lte,P1_long_cash,0,0,0.3112,2.18,-10.7,4.18,1566,True
gold_copper_mom_63d,Tp75_hi,28.7156,gte,P1_long_cash,168,8,0.3111,3.95,-42.33,8.85,1566,True
gold_copper_zscore_126d,Tz1_hi,1.0,gte,P2_long_short,63,3,0.3107,4.53,-35.74,31.22,1566,True
gold_copper_roc_21d,Tp50_lo,0.0209,lte,P1_long_cash,126,6,0.3103,4.01,-32.94,31.06,1566,True
gold_copper_mom_21d,Tp50_lo,0.098,lte,P1_long_cash,126,6,0.3103,4.01,-32.94,31.06,1566,True
gold_copper_mom_63d,Tfix03_lo,0.3,lte,P1_long_cash,84,4,0.31,3.91,-39.48,20.6,1566,True
gold_copper_mom_63d,Trp25_lo,-25.5664,lte,P1_long_cash,252,12,0.3099,3.23,-21.91,13.2,1566,True
gold_copper_mom_63d,Tp25_lo,-25.5664,lte,P1_long_cash,252,12,0.3099,3.23,-21.91,13.2,1566,True
gold_copper_roc_5d,Tp90_lo,4.3297,lte,P2_long_short,210,10,0.3095,4.47,-52.19,32.18,1566,True
gold_copper_zscore_504d,Tfix07_hi,0.7,gte,P2_long_short,42,2,0.3094,4.49,-42.33,18.67,1566,True
gold_copper_mom_63d,Tp50_lo,0.758,lte,P1_long_cash,63,3,0.3094,3.9,-42.33,19.63,1566,True
gold_copper_zscore_126d,Tp25_hi,-1.0407,gte,P2_long_short,126,6,0.3092,4.49,-42.33,19.63,1566,True
gold_copper_roc_21d,Tfix03_lo,0.3,lte,P2_long_short,168,8,0.3092,4.49,-33.36,58.9,1566,True
gold_copper_roc_126d,Tfix07_hi,0.7,gte,P2_long_short,84,4,0.3091,4.48,-42.33,24.46,1566,True
gold_copper_zscore_126d,Tp50_lo,-0.0334,lte,P1_long_cash,147,7,0.3085,2.65,-24.52,16.41,1566,True
gold_copper_roc_5d,Tfix07_hi,0.7,gte,P2_long_short,63,3,0.3082,4.5,-46.35,108.14,1566,False
gold_copper_mom_252d,Trp25_lo,-53.7187,lte,P1_long_cash,42,2,0.3076,1.84,-10.7,0.97,1566,True
gold_copper_mom_252d,Tp25_lo,-53.7187,lte,P1_long_cash,42,2,0.3076,1.84,-10.7,0.97,1566,True
gold_copper_roc_5d,Tzn1_lo,-1.0,lte,P1_long_cash,21,1,0.3052,3.11,-29.27,48.11,1566,True
gold_copper_roc_5d,Tz1_lo,-1.0,lte,P1_long_cash,21,1,0.3052,3.11,-29.27,48.11,1566,True
gold_copper_roc_126d,Tp90_lo,26.555,lte,P2_long_short,252,12,0.3052,4.39,-42.33,12.23,1566,True
gold_copper_pctrank_504d,Tp90_lo,0.9722,lte,P2_long_short,84,4,0.3048,4.38,-50.04,25.75,1566,True
gold_copper_pctrank_1260d,Tp75_lo,0.8221,lte,P1_long_cash,210,10,0.3046,4.2,-42.33,5.15,1566,True
gold_copper_zscore_252d,Tp75_lo,1.0726,lte,P2_long_short,147,7,0.3044,4.38,-39.16,31.22,1566,True
gold_copper_pctrank_1260d,Tp50_lo,0.5612,lte,P1_long_cash,105,5,0.3044,2.71,-21.64,6.11,1566,True
gold_copper_mom_63d,Tfix03_lo,0.3,lte,P1_long_cash,147,7,0.3036,2.91,-31.35,20.28,1566,True
gold_copper_pctrank_1260d,Tp90_lo,0.9349,lte,P2_long_short,126,6,0.3036,4.36,-41.41,7.08,1566,True
gold_copper_zscore_504d,Tp75_lo,1.0903,lte,P1_long_cash,42,2,0.3035,3.27,-22.97,11.26,1566,True
gold_copper_roc_126d,Tp75_lo,11.28,lte,P2_long_short,126,6,0.3033,4.35,-34.71,18.67,1566,True
gold_copper_roc_5d,Tfix03_lo,0.3,lte,P2_long_short,147,7,0.3027,4.37,-44.11,110.39,1566,False
gold_copper_roc_21d,Tfix03_lo,0.3,lte,P1_long_cash,84,4,0.3022,3.84,-42.33,30.57,1566,True
gold_copper_zscore_252d,Tp75_hi,1.0726,gte,P1_long_cash,21,1,0.3022,3.82,-41.2,15.61,1566,True
gold_copper_pctrank_1260d,Tp75_hi,0.8221,gte,P2_long_short,189,9,0.3021,4.35,-47.1,11.26,1566,True
gold_copper_mom_63d,Tzn1_lo,-1.0,lte,P2_long_short,21,1,0.3018,4.32,-39.58,42.16,1566,True
gold_copper_mom_63d,Tz1_lo,-1.0,lte,P2_long_short,21,1,0.3018,4.32,-39.58,42.16,1566,True
gold_copper_mom_21d,Tzn1_lo,-1.0,lte,P1_long_cash,126,6,0.301,3.81,-28.76,33.31,1566,True
gold_copper_mom_21d,Tz1_lo,-1.0,lte,P1_long_cash,126,6,0.301,3.81,-28.76,33.31,1566,True
gold_copper_pctrank_504d,Tp75_hi,0.841,gte,P2_long_short,126,6,0.2999,4.28,-42.33,18.99,1566,True
gold_copper_zscore_504d,Tp25_hi,-1.0311,gte,P2_long_short,0,0,0.2996,4.26,-42.79,7.08,1566,True
gold_copper_roc_21d,Tfix03_lo,0.3,lte,P1_long_cash,126,6,0.2992,3.84,-32.76,30.41,1566,True
gold_copper_roc_5d,Tz1_hi,1.0,gte,P1_long_cash,147,7,0.299,3.16,-36.08,55.52,1566,True
gold_copper_mom_21d,Trp25_lo,-15.533,lte,P1_long_cash,126,6,0.2989,3.0,-15.42,25.26,1566,True
gold_copper_mom_21d,Tp25_lo,-15.533,lte,P1_long_cash,126,6,0.2989,3.0,-15.42,25.26,1566,True
gold_copper_roc_126d,Tz1_lo,-1.0,lte,P1_long_cash,252,12,0.2973,2.74,-24.87,12.87,1566,True
gold_copper_roc_126d,Tfix07_hi,0.7,gte,P2_long_short,42,2,0.2973,4.21,-39.48,24.46,1566,True
gold_copper_roc_126d,Tzn1_lo,-1.0,lte,P1_long_cash,252,12,0.2973,2.74,-24.87,12.87,1566,True
gold_copper_mom_252d,Tp50_lo,7.1738,lte,P1_long_cash,42,2,0.2968,2.19,-10.7,6.11,1566,True
gold_copper_pctrank_1260d,Tp75_lo,0.8221,lte,P1_long_cash,84,4,0.2966,3.89,-39.31,4.51,1566,True
gold_copper_roc_126d,Tz1_hi,1.0,gte,P2_long_short,42,2,0.2966,4.2,-37.66,23.82,1566,True
gold_copper_roc_126d,Tp75_lo,11.28,lte,P2_long_short,147,7,0.2965,4.2,-43.45,18.99,1566,True
gold_copper_pctrank_1260d,Tp90_lo,0.9349,lte,P2_long_short,210,10,0.2963,4.19,-42.33,5.79,1566,True
gold_copper_pctrank_1260d,Tp75_hi,0.8221,gte,P1_long_cash,21,1,0.2958,3.61,-41.5,4.02,1566,True
gold_copper_roc_126d,Tp25_hi,-9.8165,gte,P2_long_short,105,5,0.2954,4.17,-42.33,7.08,1566,True
gold_copper_acceleration,Tp75_hi,6.1247,gte,P1_long_cash,168,8,0.2954,2.27,-12.6,19.31,1566,True
gold_copper_roc_21d,Tp25_hi,-4.0484,gte,P1_long_cash,0,0,0.2951,4.01,-42.33,19.47,1566,True
gold_copper_acceleration,Tp25_hi,-6.2874,gte,P1_long_cash,210,10,0.2949,4.01,-42.85,24.46,1566,True
gold_copper_roc_5d,Tp50_hi,0.0074,gte,P2_long_short,252,12,0.2949,4.17,-47.33,113.93,1566,False
gold_copper_roc_5d,Tz1_lo,-1.0,lte,P1_long_cash,63,3,0.2948,3.31,-42.31,49.08,1566,True
gold_copper_roc_5d,Tp25_hi,-2.0781,gte,P2_long_short,168,8,0.2948,4.15,-42.33,84.97,1566,True
gold_copper_roc_5d,Tzn1_lo,-1.0,lte,P1_long_cash,63,3,0.2948,3.31,-42.31,49.08,1566,True
gold_copper_pctrank_1260d,Tz1_hi,1.0,gte,P1_long_cash,63,3,0.2947,0.64,-5.6,3.54,1566,True
gold_copper_zscore_252d,Tp50_hi,0.0526,gte,P2_long_short,210,10,0.2945,4.14,-43.79,14.48,1566,True
gold_copper_roc_63d,Tz1_hi,1.0,gte,P2_long_short,42,2,0.2945,4.18,-49.5,41.52,1566,True
gold_copper_pctrank_504d,Tp50_lo,0.5268,lte,P1_long_cash,42,2,0.2942,2.22,-16.34,4.18,1566,True
gold_copper_roc_63d,Tp75_lo,7.5433,lte,P1_long_cash,252,12,0.294,3.95,-42.33,7.89,1566,True
gold_copper_roc_5d,Tp90_hi,4.3297,gte,P1_long_cash,63,3,0.2939,1.49,-15.99,15.77,1566,True
gold_copper_pctrank_1260d,Tp75_lo,0.8221,lte,P2_long_short,0,0,0.2933,4.13,-45.17,7.4,1566,True
gold_copper_mom_63d,Tz1_hi,1.0,gte,P2_long_short,42,2,0.2932,4.15,-49.28,40.23,1566,True
gold_copper_mom_21d,Tfix07_hi,0.7,gte,P1_long_cash,147,7,0.2932,3.68,-42.33,29.45,1566,True
gold_copper_zscore_252d,Tp75_lo,1.0726,lte,P2_long_short,84,4,0.2931,4.12,-28.18,32.18,1566,True
gold_copper_mom_63d,Tp25_hi,-25.5664,gte,P2_long_short,252,12,0.2925,4.09,-31.5,26.39,1566,True
gold_copper_zscore_504d,Tz1_hi,1.0,gte,P2_long_short,252,12,0.2922,4.1,-51.65,18.02,1566,True
gold_copper_pctrank_504d,Tp90_lo,0.9722,lte,P1_long_cash,42,2,0.292,3.87,-42.33,12.87,1566,True
gold_copper_mom_252d,Tp75_lo,65.8527,lte,P2_long_short,105,5,0.2907,4.07,-52.88,30.25,1566,True
gold_copper_roc_63d,Tz1_hi,1.0,gte,P2_long_short,63,3,0.2899,4.05,-39.42,41.2,1566,True
gold_copper_roc_63d,Tz1_hi,1.0,gte,P2_long_short,210,10,0.2895,4.03,-35.64,40.55,1566,True
gold_copper_roc_63d,Tp90_lo,17.0212,lte,P1_long_cash,21,1,0.2892,3.82,-42.33,4.83,1566,True
gold_copper_acceleration,Tp25_lo,-6.2874,lte,P1_long_cash,84,4,0.2891,1.94,-9.97,24.62,1566,True
gold_copper_acceleration,Trp25_lo,-6.2874,lte,P1_long_cash,84,4,0.2891,1.94,-9.97,24.62,1566,True
gold_copper_roc_126d,Tfix03_lo,0.3,lte,P1_long_cash,21,1,0.2889,2.45,-25.29,12.23,1566,True
gold_copper_zscore_126d,Tfix03_lo,0.3,lte,P1_long_cash,126,6,0.2888,2.84,-25.29,18.18,1566,True
gold_copper_roc_126d,Tp75_lo,11.28,lte,P1_long_cash,252,12,0.2885,3.88,-42.33,7.72,1566,True
gold_copper_zscore_252d,Tp50_hi,0.0526,gte,P2_long_short,21,1,0.2884,4.01,-42.33,14.16,1566,True
gold_copper_acceleration,Tfix03_lo,0.3,lte,P2_long_short,105,5,0.2883,3.99,-53.4,66.3,1566,True
gold_copper_pctrank_1260d,Tp90_lo,0.9349,lte,P2_long_short,21,1,0.2877,3.99,-39.58,6.11,1566,True
gold_copper_zscore_126d,Tfix03_lo,0.3,lte,P1_long_cash,252,12,0.2877,3.62,-41.76,17.22,1566,True
gold_copper_roc_21d,Tfix07_hi,0.7,gte,P1_long_cash,21,1,0.2872,3.52,-42.33,32.67,1566,True
gold_copper_mom_63d,Tp75_hi,28.7156,gte,P2_long_short,231,11,0.2868,3.98,-33.88,17.38,1566,True
gold_copper_roc_21d,Tp90_lo,8.7798,lte,P2_long_short,252,12,0.2866,3.97,-42.33,19.31,1566,True
gold_copper_zscore_126d,Tp90_lo,2.0703,lte,P2_long_short,63,3,0.2865,3.96,-50.91,16.74,1566,True
gold_copper_mom_63d,Trp25_lo,-25.5664,lte,P1_long_cash,147,7,0.2864,2.08,-12.01,13.52,1566,True
gold_copper_mom_63d,Tp25_lo,-25.5664,lte,P1_long_cash,147,7,0.2864,2.08,-12.01,13.52,1566,True
gold_copper_pctrank_1260d,Tfix07_hi,0.7,gte,P2_long_short,189,9,0.2861,3.96,-44.63,10.62,1566,True
gold_copper_roc_63d,Tp25_lo,-6.739,lte,P1_long_cash,252,12,0.286,2.79,-21.91,9.33,1566,True
gold_copper_roc_63d,Trp25_lo,-6.739,lte,P1_long_cash,252,12,0.286,2.79,-21.91,9.33,1566,True
gold_copper_mom_63d,Tp25_hi,-25.5664,gte,P1_long_cash,0,0,0.2857,3.81,-42.33,12.71,1566,True
gold_copper_pctrank_1260d,Tp90_hi,0.9349,gte,P1_long_cash,21,1,0.2854,3.1,-29.44,3.06,1566,True
gold_copper_roc_5d,Tp75_lo,2.0649,lte,P2_long_short,252,12,0.2852,3.95,-48.04,87.54,1566,True
gold_copper_pctrank_504d,Tp75_hi,0.841,gte,P2_long_short,210,10,0.2849,3.92,-39.68,18.02,1566,True
gold_copper_zscore_126d,Tp25_hi,-1.0407,gte,P2_long_short,42,2,0.2849,3.94,-38.45,19.95,1566,True
gold_copper_zscore_126d,Tfix07_hi,0.7,gte,P2_long_short,42,2,0.2843,3.94,-50.78,33.15,1566,True
gold_copper_mom_252d,Tp75_lo,65.8527,lte,P2_long_short,0,0,0.2842,3.92,-42.65,29.93,1566,True
gold_copper_zscore_252d,Tz1_hi,1.0,gte,P1_long_cash,168,8,0.2832,3.54,-42.33,16.25,1566,True
gold_copper_roc_63d,Tp90_hi,17.0212,gte,P1_long_cash,210,10,0.2829,1.88,-16.12,3.86,1566,True
gold_copper_roc_63d,Tp25_hi,-6.739,gte,P2_long_short,168,8,0.2828,3.88,-42.33,19.31,1566,True
gold_copper_zscore_252d,Tp50_hi,0.0526,gte,P2_long_short,42,2,0.2828,3.88,-42.33,14.16,1566,True
gold_copper_roc_126d,Tp75_lo,11.28,lte,P1_long_cash,231,11,0.2818,3.74,-42.33,7.72,1566,True
gold_copper_acceleration,Trp25_lo,-6.2874,lte,P1_long_cash,21,1,0.2812,2.35,-24.45,25.75,1566,True
gold_copper_acceleration,Tp25_lo,-6.2874,lte,P1_long_cash,21,1,0.2812,2.35,-24.45,25.75,1566,True
gold_copper_roc_63d,Tfix07_hi,0.7,gte,P2_long_short,147,7,0.2803,3.82,-43.86,43.13,1566,True
gold_copper_roc_5d,Tz1_hi,1.0,gte,P2_long_short,252,12,0.2803,3.84,-48.65,112.64,1566,False
gold_copper_roc_126d,Tz1_hi,1.0,gte,P1_long_cash,63,3,0.2799,3.52,-47.9,11.91,1566,True
gold_copper_mom_63d,Tp90_lo,61.1186,lte,P2_long_short,105,5,0.2796,3.8,-45.52,19.63,1566,True
gold_copper_acceleration,Tp50_lo,-0.0707,lte,P2_long_short,147,7,0.2795,3.82,-51.77,70.48,1566,True
gold_copper_zscore_504d,Tp75_hi,1.0903,gte,P2_long_short,42,2,0.2792,3.81,-36.68,22.53,1566,True
gold_copper_mom_21d,Tp50_hi,0.098,gte,P1_long_cash,147,7,0.2786,3.41,-42.33,30.74,1566,True
gold_copper_roc_21d,Tp50_hi,0.0209,gte,P1_long_cash,147,7,0.2786,3.41,-42.33,30.74,1566,True
gold_copper_zscore_252d,Tz1_hi,1.0,gte,P2_long_short,231,11,0.2772,3.76,-29.61,30.57,1566,True
gold_copper_roc_21d,Tfix03_lo,0.3,lte,P2_long_short,147,7,0.277,3.75,-39.24,60.18,1566,True
gold_copper_mom_252d,Tp75_lo,65.8527,lte,P1_long_cash,126,6,0.2765,2.86,-22.14,14.97,1566,True
gold_copper_roc_5d,Tp50_lo,0.0074,lte,P1_long_cash,252,12,0.2764,2.99,-33.78,56.97,1566,True
gold_copper_roc_63d,Tfix07_hi,0.7,gte,P2_long_short,42,2,0.276,3.75,-51.29,44.09,1566,True
gold_copper_roc_5d,Tp75_lo,2.0649,lte,P2_long_short,210,10,0.2759,3.7,-44.18,88.18,1566,True
gold_copper_roc_63d,Tp75_hi,7.5433,gte,P1_long_cash,147,7,0.2756,3.26,-42.33,7.72,1566,True
gold_copper_zscore_126d,Tz1_hi,1.0,gte,P1_long_cash,126,6,0.2756,3.01,-36.48,15.93,1566,True
gold_copper_acceleration,Tzn1_lo,-1.0,lte,P2_long_short,0,0,0.2752,3.68,-49.05,71.13,1566,True
gold_copper_acceleration,Tz1_lo,-1.0,lte,P2_long_short,0,0,0.2752,3.68,-49.05,71.13,1566,True
gold_copper_pctrank_504d,Tfix07_hi,0.7,gte,P2_long_short,105,5,0.2749,3.7,-42.33,12.87,1566,True
gold_copper_pctrank_504d,Tp75_hi,0.841,gte,P1_long_cash,105,5,0.2746,3.31,-42.33,9.66,1566,True
gold_copper_roc_63d,Tfix03_lo,0.3,lte,P1_long_cash,147,7,0.2746,2.58,-31.85,21.24,1566,True
gold_copper_mom_21d,Tp75_hi,16.087,gte,P1_long_cash,84,4,0.2736,2.31,-17.14,21.89,1566,True
gold_copper_acceleration,Tp90_hi,12.3637,gte,P1_long_cash,21,1,0.2734,1.53,-15.17,10.62,1566,True
gold_copper_mom_21d,Tp25_lo,-15.533,lte,P1_long_cash,84,4,0.2734,2.62,-31.12,25.43,1566,True
gold_copper_mom_21d,Trp25_lo,-15.533,lte,P1_long_cash,84,4,0.2734,2.62,-31.12,25.43,1566,True
gold_copper_acceleration,Tfix07_hi,0.7,gte,P1_long_cash,105,5,0.2729,2.97,-27.18,32.18,1566,True
gold_copper_zscore_126d,Tp90_hi,2.0703,gte,P1_long_cash,126,6,0.2726,1.34,-8.69,9.49,1566,True
gold_copper_zscore_126d,Tp50_hi,-0.0334,gte,P1_long_cash,84,4,0.2726,3.23,-38.95,17.06,1566,True
gold_copper_zscore_252d,Tp50_lo,0.0526,lte,P1_long_cash,105,5,0.2725,2.16,-20.66,7.08,1566,True
gold_copper_pctrank_504d,Tz1_hi,1.0,gte,P1_long_cash,21,1,0.2722,1.66,-7.24,11.26,1566,True
gold_copper_roc_21d,Tfix07_hi,0.7,gte,P1_long_cash,147,7,0.2716,3.24,-42.31,31.38,1566,True
gold_copper_roc_21d,Tz1_hi,1.0,gte,P1_long_cash,147,7,0.271,3.21,-40.29,30.74,1566,True
gold_copper_roc_63d,Tzn1_lo,-1.0,lte,P1_long_cash,147,7,0.2709,2.39,-31.3,18.67,1566,True
gold_copper_roc_63d,Tz1_lo,-1.0,lte,P1_long_cash,147,7,0.2709,2.39,-31.3,18.67,1566,True
gold_copper_zscore_504d,Tp75_hi,1.0903,gte,P1_long_cash,84,4,0.2709,3.28,-42.33,11.26,1566,True
gold_copper_mom_63d,Tp75_hi,28.7156,gte,P2_long_short,252,12,0.2703,3.6,-41.95,18.99,1566,True
gold_copper_roc_63d,Tp90_hi,17.0212,gte,P1_long_cash,42,2,0.2702,1.82,-17.65,4.83,1566,True
gold_copper_mom_21d,Tp25_hi,-15.533,gte,P2_long_short,147,7,0.2701,3.58,-45.78,49.89,1566,True
gold_copper_acceleration,Tp25_hi,-6.2874,gte,P2_long_short,63,3,0.27,3.59,-42.33,49.24,1566,True
gold_copper_mom_63d,Tp50_lo,0.758,lte,P1_long_cash,147,7,0.2699,2.51,-32.97,19.31,1566,True
gold_copper_zscore_126d,Tp75_lo,1.18,lte,P2_long_short,21,1,0.2693,3.58,-42.16,33.47,1566,True
gold_copper_roc_5d,Tp50_hi,0.0074,gte,P1_long_cash,210,10,0.2689,3.23,-39.53,56.16,1566,True
gold_copper_mom_21d,Tp90_lo,32.7891,lte,P2_long_short,210,10,0.2686,3.55,-46.13,25.75,1566,True
gold_copper_acceleration,Tp50_hi,-0.0707,gte,P1_long_cash,21,1,0.2686,3.07,-46.04,34.6,1566,True
gold_copper_zscore_126d,Tzn1_lo,-1.0,lte,P1_long_cash,189,9,0.268,1.57,-13.6,11.26,1566,True
gold_copper_zscore_126d,Tz1_lo,-1.0,lte,P1_long_cash,189,9,0.268,1.57,-13.6,11.26,1566,True
gold_copper_pctrank_1260d,Tp75_lo,0.8221,lte,P1_long_cash,168,8,0.2676,3.13,-30.0,5.31,1566,True
gold_copper_roc_21d,Tp50_hi,0.0209,gte,P2_long_short,84,4,0.267,3.53,-33.74,62.44,1566,True
gold_copper_mom_21d,Tp50_hi,0.098,gte,P2_long_short,84,4,0.267,3.53,-33.74,62.44,1566,True
gold_copper_zscore_126d,Tfix07_hi,0.7,gte,P2_long_short,231,11,0.267,3.52,-34.28,31.86,1566,True
gold_copper_zscore_504d,Tfix03_lo,0.3,lte,P1_long_cash,105,5,0.2663,2.24,-21.64,5.47,1566,True
gold_copper_roc_21d,Tp75_lo,4.3669,lte,P1_long_cash,231,11,0.2661,3.35,-42.33,17.06,1566,True
gold_copper_roc_5d,Tfix07_hi,0.7,gte,P1_long_cash,147,7,0.2659,2.76,-33.56,56.16,1566,True
gold_copper_roc_5d,Tz1_hi,1.0,gte,P2_long_short,21,1,0.2658,3.51,-47.14,107.49,1566,False
gold_copper_mom_21d,Tp90_hi,32.7891,gte,P1_long_cash,126,6,0.2655,1.57,-9.89,10.62,1566,True
gold_copper_acceleration,Tz1_lo,-1.0,lte,P1_long_cash,168,8,0.2646,3.1,-42.51,34.6,1566,True
gold_copper_acceleration,Tzn1_lo,-1.0,lte,P1_long_cash,168,8,0.2646,3.1,-42.51,34.6,1566,True
gold_copper_zscore_126d,Tp75_hi,1.18,gte,P1_long_cash,21,1,0.2646,3.01,-39.48,16.74,1566,True
gold_copper_mom_252d,Tp50_hi,7.1738,gte,P2_long_short,0,0,0.2639,3.45,-42.33,12.23,1566,True
gold_copper_mom_21d,Tz1_hi,1.0,gte,P2_long_short,63,3,0.2637,3.45,-36.49,59.22,1566,True
gold_copper_roc_63d,Tzn1_lo,-1.0,lte,P1_long_cash,84,4,0.2636,3.05,-39.02,18.99,1566,True
gold_copper_roc_63d,Tz1_lo,-1.0,lte,P1_long_cash,84,4,0.2636,3.05,-39.02,18.99,1566,True
gold_copper_mom_21d,Tp25_hi,-15.533,gte,P1_long_cash,42,2,0.2628,3.32,-40.68,24.94,1566,True
gold_copper_mom_21d,Tz1_hi,1.0,gte,P1_long_cash,168,8,0.2627,3.14,-42.33,28.8,1566,True
gold_copper_mom_63d,Tp75_hi,28.7156,gte,P1_long_cash,21,1,0.2627,3.03,-41.2,9.01,1566,True
gold_copper_roc_21d,Tz1_hi,1.0,gte,P1_long_cash,21,1,0.2622,3.05,-42.33,31.06,1566,True
gold_copper_acceleration,Tp50_lo,-0.0707,lte,P2_long_short,21,1,0.2616,3.42,-55.23,69.2,1566,True
gold_copper_pctrank_1260d,Tfix03_lo,0.3,lte,P1_long_cash,0,0,0.2601,1.59,-10.37,2.25,1566,True
gold_copper_roc_5d,Tfix03_lo,0.3,lte,P1_long_cash,63,3,0.2596,2.98,-44.4,53.59,1566,True
gold_copper_mom_63d,Tp75_lo,28.7156,lte,P2_long_short,21,1,0.2591,3.34,-39.58,18.02,1566,True
gold_copper_roc_5d,Tp75_hi,2.0649,gte,P1_long_cash,168,8,0.2581,2.12,-16.12,44.25,1566,True
gold_copper_zscore_126d,Tp25_hi,-1.0407,gte,P2_long_short,210,10,0.2579,3.31,-45.05,20.28,1566,True
gold_copper_zscore_126d,Tp75_hi,1.18,gte,P2_long_short,252,12,0.2572,3.3,-45.95,31.86,1566,True
gold_copper_pctrank_1260d,Tfix07_hi,0.7,gte,P2_long_short,231,11,0.2569,3.29,-53.79,10.62,1566,True
gold_copper_acceleration,Tp90_hi,12.3637,gte,P1_long_cash,126,6,0.2564,1.13,-7.99,10.94,1566,True
gold_copper_roc_126d,Tz1_lo,-1.0,lte,P1_long_cash,126,6,0.2562,1.75,-9.4,12.71,1566,True
gold_copper_roc_126d,Tzn1_lo,-1.0,lte,P1_long_cash,126,6,0.2562,1.75,-9.4,12.71,1566,True
gold_copper_roc_126d,Tp50_hi,0.8514,gte,P2_long_short,42,2,0.2561,3.27,-39.48,22.53,1566,True
gold_copper_zscore_252d,Tz1_hi,1.0,gte,P2_long_short,42,2,0.2559,3.29,-49.89,32.18,1566,True
gold_copper_zscore_126d,Tp75_hi,1.18,gte,P2_long_short,231,11,0.2555,3.26,-37.83,31.54,1566,True
gold_copper_roc_126d,Tp75_lo,11.28,lte,P1_long_cash,21,1,0.2552,3.08,-42.33,9.49,1566,True
gold_copper_mom_21d,Tfix07_hi,0.7,gte,P2_long_short,189,9,0.2552,3.25,-43.82,57.93,1566,True
gold_copper_zscore_252d,Tz1_hi,1.0,gte,P1_long_cash,147,7,0.255,2.99,-42.33,15.77,1566,True
gold_copper_zscore_126d,Tfix07_hi,0.7,gte,P2_long_short,210,10,0.254,3.22,-40.72,32.18,1566,True
gold_copper_acceleration,Tp25_hi,-6.2874,gte,P2_long_short,168,8,0.2539,3.22,-35.9,49.89,1566,True
gold_copper_acceleration,Tp75_hi,6.1247,gte,P1_long_cash,126,6,0.2536,1.7,-15.74,18.67,1566,True
gold_copper_mom_21d,Tp90_hi,32.7891,gte,P1_long_cash,189,9,0.2534,2.52,-33.14,13.03,1566,True
gold_copper_zscore_504d,Tp75_lo,1.0903,lte,P1_long_cash,252,12,0.2531,3.0,-42.33,10.3,1566,True
gold_copper_roc_5d,Tfix03_lo,0.3,lte,P1_long_cash,252,12,0.253,2.7,-36.1,56.0,1566,True
gold_copper_mom_21d,Tfix03_lo,0.3,lte,P1_long_cash,84,4,0.2524,2.92,-42.33,30.9,1566,True
gold_copper_acceleration,Tp90_hi,12.3637,gte,P1_long_cash,105,5,0.2521,1.09,-6.26,11.1,1566,True
gold_copper_mom_63d,Tp90_hi,61.1186,gte,P2_long_short,21,1,0.2519,3.2,-45.01,19.95,1566,True
gold_copper_roc_5d,Tp90_lo,4.3297,lte,P2_long_short,147,7,0.2517,3.16,-37.32,31.54,1566,True
gold_copper_roc_126d,Tp90_lo,26.555,lte,P2_long_short,210,10,0.2512,3.16,-42.33,12.23,1566,True
gold_copper_pctrank_504d,Tp90_lo,0.9722,lte,P1_long_cash,210,10,0.2507,2.97,-36.56,11.59,1566,True
gold_copper_roc_21d,Tp75_hi,4.3669,gte,P1_long_cash,21,1,0.2506,2.67,-41.7,17.38,1566,True
gold_copper_mom_63d,Tp90_lo,61.1186,lte,P1_long_cash,21,1,0.2502,2.9,-37.75,9.98,1566,True
gold_copper_acceleration,Tfix03_lo,0.3,lte,P1_long_cash,252,12,0.2493,2.52,-28.15,32.34,1566,True
gold_copper_mom_252d,Tp90_lo,132.6641,lte,P2_long_short,84,4,0.2487,3.1,-46.06,8.37,1566,True
gold_copper_roc_63d,Tfix03_lo,0.3,lte,P1_long_cash,42,2,0.2487,2.69,-41.28,21.4,1566,True
gold_copper_acceleration,Tp75_lo,6.1247,lte,P2_long_short,63,3,0.2485,3.09,-52.29,36.05,1566,True
gold_copper_roc_126d,Tzn1_lo,-1.0,lte,P2_long_short,0,0,0.2483,3.09,-42.86,25.75,1566,True
gold_copper_roc_126d,Tz1_lo,-1.0,lte,P2_long_short,0,0,0.2483,3.09,-42.86,25.75,1566,True
gold_copper_acceleration,Tp75_lo,6.1247,lte,P2_long_short,84,4,0.2482,3.08,-42.33,36.05,1566,True
gold_copper_roc_5d,Tz1_hi,1.0,gte,P2_long_short,63,3,0.2477,3.09,-47.27,107.49,1566,False
gold_copper_roc_63d,Tp25_hi,-6.739,gte,P2_long_short,105,5,0.2475,3.07,-42.33,19.95,1566,True
gold_copper_zscore_252d,Tp90_hi,2.0171,gte,P1_long_cash,105,5,0.2474,1.32,-9.72,9.01,1566,True
gold_copper_roc_21d,Tp50_lo,0.0209,lte,P1_long_cash,84,4,0.2461,2.81,-42.33,31.22,1566,True
gold_copper_mom_21d,Tp50_lo,0.098,lte,P1_long_cash,84,4,0.2461,2.81,-42.33,31.22,1566,True
gold_copper_mom_21d,Tp75_lo,16.087,lte,P2_long_short,126,6,0.2456,3.03,-36.05,44.74,1566,True
gold_copper_acceleration,Tfix03_lo,0.3,lte,P2_long_short,147,7,0.2451,3.03,-53.03,68.55,1566,True
gold_copper_zscore_252d,Tfix07_hi,0.7,gte,P2_long_short,210,10,0.2447,3.0,-36.43,29.61,1566,True
gold_copper_pctrank_504d,Tp90_hi,0.9722,gte,P1_long_cash,189,9,0.2445,2.63,-41.93,12.07,1566,True
gold_copper_zscore_252d,Tp75_lo,1.0726,lte,P1_long_cash,231,11,0.2444,2.87,-42.33,15.61,1566,True
gold_copper_acceleration,Tp50_hi,-0.0707,gte,P1_long_cash,147,7,0.2437,2.73,-41.85,35.24,1566,True
gold_copper_roc_63d,Tp50_lo,0.2018,lte,P1_long_cash,147,7,0.2431,2.19,-32.97,20.28,1566,True
gold_copper_pctrank_1260d,Tp90_lo,0.9349,lte,P2_long_short,168,8,0.2428,2.96,-42.33,6.11,1566,True
gold_copper_roc_126d,Tp75_hi,11.28,gte,P2_long_short,189,9,0.2426,2.97,-27.19,15.77,1566,True
gold_copper_pctrank_1260d,Tp75_hi,0.8221,gte,P1_long_cash,0,0,0.2424,2.74,-42.33,3.7,1566,True
gold_copper_roc_126d,Tz1_hi,1.0,gte,P2_long_short,84,4,0.2424,2.95,-42.33,23.82,1566,True
gold_copper_acceleration,Tz1_hi,1.0,gte,P2_long_short,252,12,0.2421,2.94,-41.13,62.76,1566,True
gold_copper_pctrank_1260d,Tp50_lo,0.5612,lte,P1_long_cash,0,0,0.242,1.93,-22.16,6.11,1566,True
gold_copper_zscore_252d,Tp90_hi,2.0171,gte,P1_long_cash,189,9,0.2417,2.56,-41.58,7.89,1566,True
gold_copper_mom_21d,Tz1_lo,-1.0,lte,P1_long_cash,84,4,0.2417,2.72,-42.33,33.47,1566,True
gold_copper_mom_21d,Tzn1_lo,-1.0,lte,P1_long_cash,84,4,0.2417,2.72,-42.33,33.47,1566,True
gold_copper_zscore_504d,Tzn1_lo,-1.0,lte,P1_long_cash,21,1,0.2415,1.22,-8.15,3.54,1566,True
gold_copper_zscore_504d,Tz1_lo,-1.0,lte,P1_long_cash,21,1,0.2415,1.22,-8.15,3.54,1566,True
gold_copper_roc_63d,Tp50_lo,0.2018,lte,P1_long_cash,42,2,0.2414,2.57,-40.97,20.44,1566,True
gold_copper_zscore_504d,Tp50_lo,-0.0203,lte,P1_long_cash,252,12,0.2413,2.14,-21.64,3.22,1566,True
gold_copper_mom_252d,Tfix03_lo,0.3,lte,P1_long_cash,84,4,0.2413,1.74,-21.11,6.44,1566,True
gold_copper_acceleration,Tp25_hi,-6.2874,gte,P2_long_short,105,5,0.2405,2.91,-36.43,48.92,1566,True
gold_copper_zscore_126d,Tz1_hi,1.0,gte,P1_long_cash,189,9,0.2403,2.68,-42.74,16.25,1566,True
gold_copper_mom_252d,Tz1_hi,1.0,gte,P2_long_short,0,0,0.2393,2.88,-42.33,11.59,1566,True
gold_copper_acceleration,Tfix03_lo,0.3,lte,P2_long_short,231,11,0.2392,2.88,-43.54,67.26,1566,True
gold_copper_zscore_126d,Tp90_lo,2.0703,lte,P2_long_short,84,4,0.239,2.87,-42.33,16.74,1566,True
gold_copper_roc_63d,Tp75_lo,7.5433,lte,P2_long_short,147,7,0.2384,2.87,-36.68,15.45,1566,True
gold_copper_zscore_126d,Tp25_hi,-1.0407,gte,P2_long_short,21,1,0.2383,2.86,-43.08,19.95,1566,True
gold_copper_zscore_126d,Tp75_lo,1.18,lte,P1_long_cash,63,3,0.2376,2.76,-42.33,15.61,1566,True
gold_copper_zscore_126d,Tp75_hi,1.18,gte,P2_long_short,63,3,0.2374,2.85,-35.52,31.22,1566,True
gold_copper_mom_252d,Tp75_lo,65.8527,lte,P1_long_cash,42,2,0.2371,2.41,-29.43,15.13,1566,True
gold_copper_acceleration,Tp25_lo,-6.2874,lte,P1_long_cash,147,7,0.2369,1.78,-15.49,25.43,1566,True
gold_copper_acceleration,Trp25_lo,-6.2874,lte,P1_long_cash,147,7,0.2369,1.78,-15.49,25.43,1566,True
gold_copper_mom_63d,Tp50_lo,0.758,lte,P1_long_cash,42,2,0.2368,2.5,-41.12,19.47,1566,True
gold_copper_zscore_504d,Tp75_hi,1.0903,gte,P2_long_short,252,12,0.2367,2.83,-48.47,20.6,1566,True
gold_copper_zscore_504d,Tfix07_hi,0.7,gte,P2_long_short,210,10,0.2366,2.82,-45.47,18.34,1566,True
gold_copper_pctrank_504d,Tp75_lo,0.841,lte,P1_long_cash,63,3,0.2364,2.66,-38.25,9.98,1566,True
gold_copper_mom_63d,Tfix03_lo,0.3,lte,P1_long_cash,42,2,0.2363,2.49,-41.12,20.44,1566,True
gold_copper_pctrank_1260d,Tp75_lo,0.8221,lte,P2_long_short,252,12,0.2355,2.8,-42.33,8.69,1566,True
gold_copper_pctrank_1260d,Tp75_lo,0.8221,lte,P1_long_cash,42,2,0.2353,2.56,-41.23,4.18,1566,True
gold_copper_roc_126d,Tp75_hi,11.28,gte,P1_long_cash,126,6,0.2351,2.55,-42.33,9.33,1566,True
gold_copper_roc_126d,Tp75_lo,11.28,lte,P1_long_cash,189,9,0.2348,2.7,-37.09,7.89,1566,True
gold_copper_mom_252d,Tfix07_hi,0.7,gte,P2_long_short,0,0,0.2347,2.78,-42.33,12.87,1566,True
gold_copper_mom_252d,Tzn1_lo,-1.0,lte,P1_long_cash,84,4,0.2346,1.68,-21.11,6.11,1566,True
gold_copper_mom_252d,Tz1_lo,-1.0,lte,P1_long_cash,84,4,0.2346,1.68,-21.11,6.11,1566,True
gold_copper_acceleration,Tfix07_hi,0.7,gte,P2_long_short,252,12,0.234,2.76,-40.13,62.76,1566,True
gold_copper_zscore_126d,Tp90_hi,2.0703,gte,P1_long_cash,42,2,0.2337,1.49,-23.69,8.69,1566,True
gold_copper_zscore_126d,Tp50_lo,-0.0334,lte,P2_long_short,84,4,0.2333,2.78,-36.12,34.11,1566,True
gold_copper_roc_63d,Tp90_hi,17.0212,gte,P1_long_cash,84,4,0.233,1.08,-14.34,4.51,1566,True
gold_copper_pctrank_504d,Tp25_hi,0.1605,gte,P2_long_short,0,0,0.2329,2.74,-47.46,16.74,1566,True
gold_copper_mom_21d,Tp25_lo,-15.533,lte,P1_long_cash,252,12,0.2326,1.87,-22.7,24.94,1566,True
gold_copper_mom_21d,Trp25_lo,-15.533,lte,P1_long_cash,252,12,0.2326,1.87,-22.7,24.94,1566,True
gold_copper_zscore_504d,Tp90_hi,2.084,gte,P1_long_cash,189,9,0.2322,2.47,-41.6,7.56,1566,True
gold_copper_pctrank_504d,Tfix03_lo,0.3,lte,P1_long_cash,21,1,0.2315,1.47,-12.35,6.11,1566,True
gold_copper_acceleration,Trp25_lo,-6.2874,lte,P1_long_cash,252,12,0.2311,1.65,-15.67,25.43,1566,True
gold_copper_acceleration,Tp25_lo,-6.2874,lte,P1_long_cash,252,12,0.2311,1.65,-15.67,25.43,1566,True
gold_copper_mom_21d,Tp25_hi,-15.533,gte,P2_long_short,105,5,0.231,2.69,-39.05,50.85,1566,True
gold_copper_roc_126d,Tp75_hi,11.28,gte,P1_long_cash,147,7,0.2306,2.51,-41.91,9.49,1566,True
gold_copper_mom_21d,Tp25_hi,-15.533,gte,P2_long_short,168,8,0.2305,2.68,-42.33,48.92,1566,True
gold_copper_zscore_252d,Tp75_hi,1.0726,gte,P1_long_cash,147,7,0.2301,2.53,-42.33,15.93,1566,True
gold_copper_mom_21d,Tfix07_hi,0.7,gte,P2_long_short,84,4,0.23,2.68,-35.67,59.86,1566,True
gold_copper_zscore_504d,Tp90_lo,2.084,lte,P2_long_short,21,1,0.2296,2.65,-44.06,20.6,1566,True
gold_copper_roc_126d,Tp50_lo,0.8514,lte,P1_long_cash,126,6,0.2293,1.74,-11.46,11.1,1566,True
gold_copper_mom_252d,Tp75_hi,65.8527,gte,P1_long_cash,105,5,0.2291,2.51,-42.33,15.13,1566,True
gold_copper_roc_5d,Tfix03_lo,0.3,lte,P1_long_cash,21,1,0.2287,2.42,-36.59,53.59,1566,True
gold_copper_acceleration,Tfix03_lo,0.3,lte,P1_long_cash,84,4,0.2283,2.34,-28.93,33.15,1566,True
gold_copper_roc_5d,Tp50_lo,0.0074,lte,P2_long_short,210,10,0.2281,2.62,-42.45,112.32,1566,False
gold_copper_zscore_252d,Tfix07_hi,0.7,gte,P2_long_short,252,12,0.2269,2.59,-44.58,28.97,1566,True
gold_copper_mom_21d,Tp75_hi,16.087,gte,P1_long_cash,105,5,0.2266,1.7,-17.84,21.56,1566,True
gold_copper_zscore_252d,Tz1_hi,1.0,gte,P2_long_short,189,9,0.2262,2.59,-43.45,32.51,1566,True
gold_copper_roc_21d,Tp90_lo,8.7798,lte,P2_long_short,189,9,0.226,2.58,-33.56,19.63,1566,True
gold_copper_mom_21d,Tp90_hi,32.7891,gte,P1_long_cash,105,5,0.226,1.19,-9.64,10.3,1566,True
gold_copper_zscore_126d,Tp75_lo,1.18,lte,P1_long_cash,231,11,0.2255,2.52,-42.33,15.77,1566,True
gold_copper_zscore_126d,Tp75_hi,1.18,gte,P1_long_cash,168,8,0.2254,2.39,-42.33,15.93,1566,True
gold_copper_pctrank_1260d,Tp90_lo,0.9349,lte,P2_long_short,105,5,0.2251,2.56,-47.43,7.4,1566,True
gold_copper_mom_252d,Tp75_lo,65.8527,lte,P1_long_cash,168,8,0.2248,2.05,-21.64,14.97,1566,True
gold_copper_pctrank_1260d,Tp75_lo,0.8221,lte,P2_long_short,105,5,0.2244,2.56,-45.32,9.01,1566,True
gold_copper_roc_5d,Tz1_hi,1.0,gte,P1_long_cash,42,2,0.2241,2.24,-33.74,53.75,1566,True
gold_copper_zscore_504d,Tfix03_lo,0.3,lte,P1_long_cash,252,12,0.2234,2.21,-25.37,4.51,1566,True
gold_copper_mom_63d,Tp75_lo,28.7156,lte,P2_long_short,63,3,0.2232,2.52,-48.21,17.38,1566,True
gold_copper_mom_21d,Tz1_hi,1.0,gte,P2_long_short,84,4,0.2225,2.51,-35.07,59.86,1566,True
gold_copper_zscore_126d,Tp75_lo,1.18,lte,P1_long_cash,252,12,0.2219,2.46,-42.33,15.93,1566,True
gold_copper_mom_252d,Tp75_hi,65.8527,gte,P1_long_cash,0,0,0.2219,2.42,-42.33,14.97,1566,True
gold_copper_zscore_126d,Tp90_lo,2.0703,lte,P2_long_short,21,1,0.2218,2.46,-50.28,17.38,1566,True
gold_copper_zscore_504d,Tp75_lo,1.0903,lte,P2_long_short,84,4,0.2216,2.49,-38.06,22.53,1566,True
gold_copper_zscore_252d,Tp75_hi,1.0726,gte,P2_long_short,231,11,0.2211,2.47,-34.28,31.86,1566,True
gold_copper_pctrank_504d,Tp75_lo,0.841,lte,P1_long_cash,168,8,0.2211,2.02,-21.64,9.33,1566,True
gold_copper_acceleration,Tp90_lo,12.3637,lte,P2_long_short,84,4,0.2197,2.44,-42.33,21.24,1566,True
gold_copper_roc_5d,Tz1_lo,-1.0,lte,P1_long_cash,42,2,0.2196,2.07,-21.18,48.6,1566,True
gold_copper_roc_5d,Tzn1_lo,-1.0,lte,P1_long_cash,42,2,0.2196,2.07,-21.18,48.6,1566,True
gold_copper_mom_63d,Tp25_lo,-25.5664,lte,P1_long_cash,84,4,0.2194,2.13,-36.98,13.84,1566,True
gold_copper_mom_63d,Trp25_lo,-25.5664,lte,P1_long_cash,84,4,0.2194,2.13,-36.98,13.84,1566,True
gold_copper_roc_63d,Tfix03_lo,0.3,lte,P1_long_cash,210,10,0.2189,2.03,-19.88,21.56,1566,True
gold_copper_roc_126d,Tp75_hi,11.28,gte,P2_long_short,21,1,0.2187,2.43,-43.03,18.99,1566,True
gold_copper_roc_21d,Tp50_hi,0.0209,gte,P2_long_short,189,9,0.2183,2.41,-43.82,60.51,1566,True
gold_copper_mom_21d,Tp50_hi,0.098,gte,P2_long_short,189,9,0.2183,2.41,-43.82,60.51,1566,True
gold_copper_roc_63d,Tzn1_lo,-1.0,lte,P1_long_cash,42,2,0.2169,2.13,-38.24,18.51,1566,True
gold_copper_roc_63d,Tz1_lo,-1.0,lte,P1_long_cash,42,2,0.2169,2.13,-38.24,18.51,1566,True
gold_copper_pctrank_1260d,Tp75_lo,0.8221,lte,P1_long_cash,189,9,0.2168,2.32,-42.09,5.31,1566,True
gold_copper_acceleration,Tfix07_hi,0.7,gte,P1_long_cash,147,7,0.2164,2.23,-41.53,32.99,1566,True
gold_copper_roc_21d,Tfix07_hi,0.7,gte,P2_long_short,84,4,0.2163,2.37,-38.69,63.08,1566,True
gold_copper_roc_126d,Trp25_lo,-9.8165,lte,P1_long_cash,126,6,0.215,1.09,-7.89,3.22,1566,True
gold_copper_roc_126d,Tp25_lo,-9.8165,lte,P1_long_cash,126,6,0.215,1.09,-7.89,3.22,1566,True
gold_copper_mom_63d,Tp75_lo,28.7156,lte,P1_long_cash,252,12,0.2147,2.31,-42.5,9.49,1566,True
gold_copper_pctrank_1260d,Tp75_lo,0.8221,lte,P2_long_short,21,1,0.2147,2.33,-51.7,8.05,1566,True
gold_copper_mom_63d,Tp25_hi,-25.5664,gte,P2_long_short,42,2,0.2146,2.33,-38.63,27.68,1566,True
gold_copper_mom_63d,Tp75_lo,28.7156,lte,P1_long_cash,42,2,0.2146,2.24,-42.33,8.69,1566,True
gold_copper_acceleration,Tp50_lo,-0.0707,lte,P1_long_cash,189,9,0.2144,2.21,-38.31,35.4,1566,True
gold_copper_zscore_504d,Trp25_lo,-1.0311,lte,P1_long_cash,231,11,0.2139,1.52,-20.94,3.54,1566,True
gold_copper_zscore_504d,Tp25_lo,-1.0311,lte,P1_long_cash,231,11,0.2139,1.52,-20.94,3.54,1566,True
gold_copper_roc_126d,Tp90_lo,26.555,lte,P2_long_short,168,8,0.2132,2.29,-47.03,12.23,1566,True
gold_copper_roc_5d,Tp90_hi,4.3297,gte,P1_long_cash,168,8,0.2125,1.16,-14.13,16.41,1566,True
gold_copper_pctrank_504d,Tp75_hi,0.841,gte,P2_long_short,147,7,0.2121,2.27,-42.33,18.02,1566,True
gold_copper_zscore_126d,Tp50_hi,-0.0334,gte,P2_long_short,126,6,0.2116,2.25,-42.33,33.79,1566,True
gold_copper_mom_252d,Tp75_lo,65.8527,lte,P1_long_cash,210,10,0.2114,2.07,-31.53,14.32,1566,True
gold_copper_mom_63d,Tp75_hi,28.7156,gte,P1_long_cash,147,7,0.2109,2.15,-42.33,8.05,1566,True
gold_copper_roc_63d,Tz1_hi,1.0,gte,P2_long_short,189,9,0.2105,2.23,-43.91,40.87,1566,True
gold_copper_mom_63d,Tp75_hi,28.7156,gte,P1_long_cash,126,6,0.2104,2.12,-42.33,8.53,1566,True
gold_copper_roc_21d,Tp50_lo,0.0209,lte,P2_long_short,147,7,0.2103,2.23,-46.04,61.47,1566,True
gold_copper_mom_21d,Tp50_lo,0.098,lte,P2_long_short,147,7,0.2103,2.23,-46.04,61.47,1566,True
gold_copper_pctrank_1260d,Tp90_lo,0.9349,lte,P2_long_short,147,7,0.2098,2.21,-43.1,6.11,1566,True
gold_copper_roc_126d,Tp25_hi,-9.8165,gte,P2_long_short,21,1,0.2095,2.21,-42.33,7.08,1566,True
gold_copper_mom_63d,Tz1_hi,1.0,gte,P2_long_short,168,8,0.2095,2.21,-42.33,40.87,1566,True
gold_copper_zscore_126d,Tfix07_hi,0.7,gte,P1_long_cash,105,5,0.2085,1.95,-31.5,16.74,1566,True
gold_copper_zscore_252d,Tfix03_lo,0.3,lte,P1_long_cash,63,3,0.2084,1.94,-24.53,11.26,1566,True
gold_copper_roc_63d,Tp75_hi,7.5433,gte,P1_long_cash,21,1,0.2082,2.07,-43.44,9.01,1566,True
gold_copper_mom_63d,Tp75_lo,28.7156,lte,P1_long_cash,231,11,0.2081,2.18,-42.33,8.69,1566,True
gold_copper_acceleration,Tp50_hi,-0.0707,gte,P1_long_cash,210,10,0.2076,2.14,-42.04,34.44,1566,True
gold_copper_zscore_504d,Tp50_lo,-0.0203,lte,P1_long_cash,168,8,0.2072,1.59,-21.64,1.61,1566,True
gold_copper_zscore_126d,Tp25_lo,-1.0407,lte,P1_long_cash,189,9,0.2067,1.16,-13.41,10.3,1566,True
gold_copper_zscore_126d,Trp25_lo,-1.0407,lte,P1_long_cash,189,9,0.2067,1.16,-13.41,10.3,1566,True
gold_copper_mom_21d,Tfix03_lo,0.3,lte,P2_long_short,147,7,0.2067,2.15,-44.96,60.83,1566,True
gold_copper_zscore_504d,Tp75_lo,1.0903,lte,P1_long_cash,63,3,0.2064,2.07,-36.05,11.26,1566,True
gold_copper_pctrank_1260d,Tfix07_hi,0.7,gte,P2_long_short,252,12,0.2062,2.13,-61.81,11.91,1566,True
gold_copper_mom_252d,Tp90_lo,132.6641,lte,P2_long_short,189,9,0.206,2.13,-47.78,9.33,1566,True
gold_copper_roc_63d,Tp90_lo,17.0212,lte,P2_long_short,252,12,0.2046,2.09,-42.33,7.72,1566,True
gold_copper_acceleration,Tzn1_lo,-1.0,lte,P2_long_short,147,7,0.2041,2.1,-44.25,69.2,1566,True
gold_copper_acceleration,Tz1_lo,-1.0,lte,P2_long_short,147,7,0.2041,2.1,-44.25,69.2,1566,True
gold_copper_zscore_504d,Tp90_lo,2.084,lte,P2_long_short,84,4,0.2039,2.07,-49.97,19.31,1566,True
gold_copper_mom_63d,Tp25_hi,-25.5664,gte,P2_long_short,168,8,0.2037,2.07,-42.33,27.03,1566,True
gold_copper_roc_5d,Tp50_lo,0.0074,lte,P1_long_cash,21,1,0.2033,1.97,-35.22,54.23,1566,True
gold_copper_zscore_504d,Tp75_hi,1.0903,gte,P2_long_short,126,6,0.203,2.06,-42.33,22.21,1566,True
gold_copper_zscore_252d,Tp75_lo,1.0726,lte,P1_long_cash,42,2,0.2028,2.0,-42.55,16.09,1566,True
gold_copper_roc_21d,Tz1_lo,-1.0,lte,P1_long_cash,63,3,0.2023,1.98,-43.51,36.69,1566,True
gold_copper_roc_21d,Tzn1_lo,-1.0,lte,P1_long_cash,63,3,0.2023,1.98,-43.51,36.69,1566,True
gold_copper_zscore_126d,Tfix03_lo,0.3,lte,P2_long_short,147,7,0.2017,2.03,-39.79,36.05,1566,True
gold_copper_zscore_126d,Tz1_hi,1.0,gte,P2_long_short,252,12,0.2013,2.02,-50.62,31.22,1566,True
gold_copper_zscore_126d,Tp50_lo,-0.0334,lte,P1_long_cash,189,9,0.2013,1.57,-19.19,16.9,1566,True
gold_copper_zscore_252d,Tp90_hi,2.0171,gte,P1_long_cash,126,6,0.2011,1.42,-20.73,8.85,1566,True
gold_copper_zscore_126d,Tfix07_hi,0.7,gte,P2_long_short,63,3,0.2004,2.0,-40.57,33.47,1566,True
gold_copper_mom_252d,Tfix03_lo,0.3,lte,P1_long_cash,252,12,0.2003,1.61,-22.82,6.76,1566,True
gold_copper_pctrank_504d,Tz1_hi,1.0,gte,P1_long_cash,147,7,0.2002,0.88,-8.65,12.07,1566,True
gold_copper_mom_21d,Tz1_lo,-1.0,lte,P2_long_short,147,7,0.2,2.0,-42.96,65.98,1566,True
gold_copper_zscore_252d,Tfix07_hi,0.7,gte,P2_long_short,63,3,0.2,2.0,-40.12,29.61,1566,True
gold_copper_mom_21d,Tzn1_lo,-1.0,lte,P2_long_short,147,7,0.2,2.0,-42.96,65.98,1566,True
gold_copper_roc_21d,Tfix07_hi,0.7,gte,P1_long_cash,168,8,0.1993,1.97,-42.38,30.74,1566,True
gold_copper_pctrank_504d,Tp50_lo,0.5268,lte,P1_long_cash,21,1,0.1991,1.33,-15.39,4.18,1566,True
gold_copper_mom_63d,Tp75_lo,28.7156,lte,P1_long_cash,210,10,0.1989,1.94,-23.59,8.37,1566,True
gold_copper_pctrank_1260d,Tp90_lo,0.9349,lte,P2_long_short,189,9,0.1984,1.95,-45.6,6.11,1566,True
gold_copper_zscore_504d,Tp75_hi,1.0903,gte,P2_long_short,147,7,0.1981,1.95,-42.33,20.6,1566,True
gold_copper_mom_252d,Tp75_lo,65.8527,lte,P1_long_cash,231,11,0.1976,1.96,-42.33,14.32,1566,True
gold_copper_roc_5d,Tp50_lo,0.0074,lte,P1_long_cash,63,3,0.1972,1.89,-42.25,54.23,1566,True
gold_copper_zscore_252d,Tp75_lo,1.0726,lte,P1_long_cash,210,10,0.1968,1.85,-26.62,15.77,1566,True
gold_copper_roc_21d,Tp75_hi,4.3669,gte,P1_long_cash,105,5,0.1965,1.25,-16.09,16.41,1566,True
gold_copper_zscore_126d,Tfix07_hi,0.7,gte,P2_long_short,252,12,0.1962,1.91,-50.75,31.86,1566,True
gold_copper_zscore_126d,Tz1_hi,1.0,gte,P1_long_cash,21,1,0.196,1.89,-39.48,17.38,1566,True
gold_copper_pctrank_1260d,Tp25_lo,0.3169,lte,P1_long_cash,210,10,0.1955,1.37,-21.33,3.54,1566,True
gold_copper_pctrank_1260d,Trp25_lo,0.3169,lte,P1_long_cash,210,10,0.1955,1.37,-21.33,3.54,1566,True
gold_copper_zscore_126d,Tfix03_lo,0.3,lte,P1_long_cash,63,3,0.1951,1.89,-41.26,18.34,1566,True
gold_copper_zscore_126d,Tp75_hi,1.18,gte,P1_long_cash,126,6,0.1947,1.75,-33.62,16.25,1566,True
gold_copper_zscore_126d,Tp75_hi,1.18,gte,P1_long_cash,189,9,0.1939,1.86,-41.93,15.93,1566,True
gold_copper_roc_21d,Tfix07_hi,0.7,gte,P2_long_short,126,6,0.1939,1.86,-47.53,63.4,1566,True
gold_copper_mom_21d,Tzn1_lo,-1.0,lte,P1_long_cash,63,3,0.1931,1.84,-45.51,32.51,1566,True
gold_copper_mom_21d,Tz1_lo,-1.0,lte,P1_long_cash,63,3,0.1931,1.84,-45.51,32.51,1566,True
gold_copper_acceleration,Tp75_lo,6.1247,lte,P2_long_short,0,0,0.193,1.8,-51.79,36.05,1566,True
gold_copper_acceleration,Tp75_hi,6.1247,gte,P1_long_cash,42,2,0.193,1.75,-36.35,17.86,1566,True
gold_copper_pctrank_504d,Tp75_hi,0.841,gte,P2_long_short,63,3,0.1927,1.84,-32.67,19.31,1566,True
gold_copper_roc_126d,Tp90_hi,26.555,gte,P1_long_cash,63,3,0.1924,0.74,-11.3,6.28,1566,True
gold_copper_zscore_126d,Tfix03_lo,0.3,lte,P1_long_cash,189,9,0.192,1.58,-20.52,18.18,1566,True
gold_copper_zscore_504d,Tp75_lo,1.0903,lte,P1_long_cash,168,8,0.1919,1.62,-21.64,10.46,1566,True
gold_copper_mom_252d,Tp90_hi,132.6641,gte,P1_long_cash,21,1,0.1909,1.76,-39.48,3.38,1566,True
gold_copper_zscore_252d,Tz1_hi,1.0,gte,P1_long_cash,0,0,0.1898,1.81,-42.33,15.13,1566,True
gold_copper_zscore_126d,Tp50_lo,-0.0334,lte,P1_long_cash,168,8,0.1897,1.49,-24.26,16.41,1566,True
gold_copper_roc_5d,Tp25_lo,-2.0781,lte,P1_long_cash,252,12,0.1894,1.42,-24.67,41.36,1566,True
gold_copper_roc_5d,Trp25_lo,-2.0781,lte,P1_long_cash,252,12,0.1894,1.42,-24.67,41.36,1566,True
gold_copper_zscore_252d,Tfix07_hi,0.7,gte,P2_long_short,147,7,0.1892,1.75,-42.33,28.97,1566,True
gold_copper_mom_252d,Tp50_lo,7.1738,lte,P1_long_cash,252,12,0.1883,1.58,-29.64,7.4,1566,True
gold_copper_mom_252d,Tp75_lo,65.8527,lte,P1_long_cash,63,3,0.1878,1.75,-36.05,15.13,1566,True
gold_copper_zscore_252d,Tfix03_lo,0.3,lte,P1_long_cash,147,7,0.1863,1.39,-19.81,10.3,1566,True
gold_copper_roc_21d,Tp90_hi,8.7798,gte,P1_long_cash,210,10,0.1861,1.5,-27.72,9.66,1566,True
gold_copper_acceleration,Tp50_lo,-0.0707,lte,P1_long_cash,252,12,0.186,1.62,-29.21,32.99,1566,True
gold_copper_pctrank_504d,Tp90_hi,0.9722,gte,P1_long_cash,168,8,0.1859,1.69,-38.74,12.07,1566,True
gold_copper_roc_21d,Tfix03_lo,0.3,lte,P2_long_short,21,1,0.1858,1.68,-41.48,62.76,1566,True
gold_copper_roc_63d,Tp50_lo,0.2018,lte,P1_long_cash,210,10,0.1851,1.57,-19.22,20.6,1566,True
gold_copper_mom_21d,Tp75_lo,16.087,lte,P2_long_short,21,1,0.185,1.66,-44.0,46.67,1566,True
gold_copper_roc_21d,Tfix03_lo,0.3,lte,P1_long_cash,63,3,0.1842,1.7,-44.29,30.25,1566,True
gold_copper_mom_21d,Tfix03_lo,0.3,lte,P1_long_cash,63,3,0.1842,1.69,-45.51,30.57,1566,True
gold_copper_roc_126d,Tfix03_lo,0.3,lte,P2_long_short,0,0,0.1841,1.64,-43.46,22.53,1566,True
gold_copper_roc_126d,Tp90_hi,26.555,gte,P1_long_cash,126,6,0.184,1.48,-33.62,6.11,1566,True
gold_copper_mom_21d,Tzn1_lo,-1.0,lte,P1_long_cash,252,12,0.1837,1.62,-31.1,31.38,1566,True
gold_copper_mom_21d,Tz1_lo,-1.0,lte,P1_long_cash,252,12,0.1837,1.62,-31.1,31.38,1566,True
gold_copper_roc_63d,Tp75_lo,7.5433,lte,P1_long_cash,231,11,0.1833,1.68,-42.33,7.4,1566,True
gold_copper_zscore_504d,Tz1_hi,1.0,gte,P2_long_short,63,3,0.1832,1.62,-32.8,18.02,1566,True
gold_copper_roc_21d,Tp25_lo,-4.0484,lte,P1_long_cash,126,6,0.1827,1.36,-13.18,21.08,1566,True
gold_copper_roc_21d,Trp25_lo,-4.0484,lte,P1_long_cash,126,6,0.1827,1.36,-13.18,21.08,1566,True
gold_copper_roc_126d,Tz1_hi,1.0,gte,P2_long_short,21,1,0.1824,1.59,-52.03,23.82,1566,True
gold_copper_zscore_126d,Tp25_hi,-1.0407,gte,P2_long_short,84,4,0.1819,1.58,-42.33,19.95,1566,True
gold_copper_pctrank_1260d,Tp50_lo,0.5612,lte,P1_long_cash,252,12,0.1815,1.64,-40.88,6.76,1566,True
gold_copper_roc_21d,Tp75_hi,4.3669,gte,P2_long_short,231,11,0.1813,1.58,-41.82,34.11,1566,True
gold_copper_roc_126d,Tp75_lo,11.28,lte,P1_long_cash,210,10,0.1811,1.63,-42.33,7.72,1566,True
gold_copper_roc_63d,Trp25_lo,-6.739,lte,P1_long_cash,210,10,0.1806,1.02,-12.34,9.33,1566,True
gold_copper_roc_63d,Tp25_lo,-6.739,lte,P1_long_cash,210,10,0.1806,1.02,-12.34,9.33,1566,True
gold_copper_zscore_252d,Tp50_hi,0.0526,gte,P2_long_short,0,0,0.1805,1.55,-42.92,14.16,1566,True
gold_copper_mom_63d,Tp90_lo,61.1186,lte,P2_long_short,63,3,0.1801,1.54,-46.61,18.02,1566,True
gold_copper_mom_252d,Tp50_lo,7.1738,lte,P1_long_cash,105,5,0.1798,1.23,-19.81,6.11,1566,True
gold_copper_zscore_252d,Tp75_lo,1.0726,lte,P2_long_short,21,1,0.1787,1.52,-43.18,30.57,1566,True
gold_copper_roc_21d,Tz1_hi,1.0,gte,P2_long_short,84,4,0.1787,1.52,-42.57,60.51,1566,True
gold_copper_acceleration,Tp75_hi,6.1247,gte,P1_long_cash,21,1,0.1786,1.44,-37.73,18.67,1566,True
gold_copper_mom_252d,Tp90_lo,132.6641,lte,P2_long_short,63,3,0.1786,1.51,-47.64,7.08,1566,True
gold_copper_pctrank_1260d,Tp75_hi,0.8221,gte,P2_long_short,210,10,0.1776,1.49,-48.56,10.94,1566,True
gold_copper_mom_252d,Tp75_lo,65.8527,lte,P1_long_cash,252,12,0.1774,1.57,-42.69,14.32,1566,True
gold_copper_mom_21d,Tp90_lo,32.7891,lte,P2_long_short,168,8,0.1774,1.48,-46.56,26.39,1566,True
gold_copper_mom_63d,Tp25_hi,-25.5664,gte,P2_long_short,105,5,0.1773,1.47,-45.98,27.68,1566,True
gold_copper_acceleration,Tp75_lo,6.1247,lte,P2_long_short,189,9,0.1772,1.48,-36.05,38.62,1566,True
gold_copper_pctrank_1260d,Tfix03_lo,0.3,lte,P1_long_cash,210,10,0.1769,1.2,-21.57,2.57,1566,True
gold_copper_mom_21d,Tp75_lo,16.087,lte,P2_long_short,168,8,0.1769,1.47,-33.75,42.48,1566,True
gold_copper_mom_63d,Tfix07_hi,0.7,gte,P2_long_short,63,3,0.1759,1.46,-37.95,39.26,1566,True
gold_copper_mom_63d,Tp50_hi,0.758,gte,P2_long_short,63,3,0.1759,1.46,-37.95,39.26,1566,True
gold_copper_pctrank_504d,Tp75_lo,0.841,lte,P2_long_short,105,5,0.1754,1.44,-47.48,19.95,1566,True
gold_copper_mom_21d,Tp50_lo,0.098,lte,P1_long_cash,63,3,0.1753,1.54,-45.51,30.57,1566,True
gold_copper_roc_21d,Tp50_lo,0.0209,lte,P1_long_cash,63,3,0.1753,1.54,-45.51,30.57,1566,True
gold_copper_zscore_126d,Tz1_hi,1.0,gte,P2_long_short,210,10,0.175,1.45,-44.59,32.18,1566,True
gold_copper_roc_63d,Tp50_hi,0.2018,gte,P2_long_short,168,8,0.1745,1.42,-42.33,41.52,1566,True
gold_copper_roc_5d,Trp25_lo,-2.0781,lte,P1_long_cash,21,1,0.1744,1.3,-23.44,43.45,1566,True
gold_copper_mom_21d,Tp25_lo,-15.533,lte,P2_long_short,42,2,0.1744,1.42,-40.0,49.89,1566,True
gold_copper_mom_21d,Trp25_lo,-15.533,lte,P2_long_short,42,2,0.1744,1.42,-40.0,49.89,1566,True
gold_copper_roc_5d,Tp25_lo,-2.0781,lte,P1_long_cash,21,1,0.1744,1.3,-23.44,43.45,1566,True
gold_copper_mom_21d,Tz1_hi,1.0,gte,P2_long_short,126,6,0.1738,1.41,-41.78,59.54,1566,True
gold_copper_roc_126d,Tp50_lo,0.8514,lte,P1_long_cash,231,11,0.1737,1.5,-30.04,10.94,1566,True
gold_copper_mom_63d,Tz1_hi,1.0,gte,P2_long_short,63,3,0.1731,1.4,-36.93,40.55,1566,True
gold_copper_roc_21d,Tp75_lo,4.3669,lte,P1_long_cash,252,12,0.1731,1.47,-42.33,17.22,1566,True
gold_copper_zscore_504d,Tfix03_lo,0.3,lte,P1_long_cash,21,1,0.1718,1.2,-19.81,5.47,1566,True
gold_copper_mom_63d,Tp50_lo,0.758,lte,P1_long_cash,210,10,0.1717,1.4,-19.22,19.63,1566,True
gold_copper_mom_252d,Tzn1_lo,-1.0,lte,P1_long_cash,21,1,0.1716,1.05,-14.72,6.11,1566,True
gold_copper_mom_252d,Tz1_lo,-1.0,lte,P1_long_cash,21,1,0.1716,1.05,-14.72,6.11,1566,True
gold_copper_acceleration,Tz1_hi,1.0,gte,P1_long_cash,105,5,0.171,1.44,-25.77,31.54,1566,True
gold_copper_roc_126d,Tfix07_hi,0.7,gte,P2_long_short,21,1,0.1708,1.33,-50.26,24.46,1566,True
gold_copper_roc_5d,Tp50_hi,0.0074,gte,P1_long_cash,147,7,0.1706,1.43,-36.69,56.48,1566,True
gold_copper_mom_63d,Tp75_lo,28.7156,lte,P2_long_short,168,8,0.1699,1.32,-46.38,17.7,1566,True
gold_copper_roc_5d,Tfix07_hi,0.7,gte,P1_long_cash,168,8,0.1685,1.41,-26.64,55.68,1566,True
gold_copper_zscore_126d,Tp75_lo,1.18,lte,P2_long_short,105,5,0.1674,1.25,-36.98,32.83,1566,True
gold_copper_mom_21d,Tp25_lo,-15.533,lte,P1_long_cash,21,1,0.1665,1.17,-23.33,24.46,1566,True
gold_copper_mom_21d,Trp25_lo,-15.533,lte,P1_long_cash,21,1,0.1665,1.17,-23.33,24.46,1566,True
gold_copper_pctrank_1260d,Trp25_lo,0.3169,lte,P1_long_cash,0,0,0.1664,0.93,-13.71,2.9,1566,True
gold_copper_pctrank_1260d,Tp25_lo,0.3169,lte,P1_long_cash,0,0,0.1664,0.93,-13.71,2.9,1566,True
gold_copper_mom_21d,Tfix03_lo,0.3,lte,P1_long_cash,252,12,0.1663,1.38,-30.34,29.45,1566,True
gold_copper_zscore_252d,Tp50_hi,0.0526,gte,P2_long_short,84,4,0.1663,1.23,-42.33,14.16,1566,True
gold_copper_mom_21d,Tp75_lo,16.087,lte,P1_long_cash,231,11,0.1658,1.34,-39.29,21.56,1566,True
gold_copper_roc_63d,Tp75_hi,7.5433,gte,P1_long_cash,126,6,0.1646,1.36,-42.33,7.89,1566,True
gold_copper_pctrank_1260d,Tp75_hi,0.8221,gte,P2_long_short,84,4,0.1643,1.2,-53.93,9.01,1566,True
gold_copper_zscore_252d,Tp75_lo,1.0726,lte,P1_long_cash,63,3,0.1641,1.33,-42.39,16.09,1566,True
gold_copper_roc_63d,Tfix07_hi,0.7,gte,P2_long_short,189,9,0.1629,1.16,-46.29,44.09,1566,True
gold_copper_zscore_252d,Tp50_hi,0.0526,gte,P2_long_short,252,12,0.1627,1.12,-44.16,15.45,1566,True
gold_copper_pctrank_1260d,Tp50_lo,0.5612,lte,P1_long_cash,189,9,0.1624,1.17,-21.64,6.28,1566,True
gold_copper_roc_63d,Trp25_lo,-6.739,lte,P1_long_cash,147,7,0.1615,0.84,-12.5,9.66,1566,True
gold_copper_roc_63d,Tp25_lo,-6.739,lte,P1_long_cash,147,7,0.1615,0.84,-12.5,9.66,1566,True
gold_copper_acceleration,Tp50_hi,-0.0707,gte,P1_long_cash,105,5,0.1611,1.31,-32.71,34.44,1566,True
gold_copper_pctrank_504d,Tp75_lo,0.841,lte,P2_long_short,0,0,0.1603,1.1,-39.58,19.31,1566,True
gold_copper_pctrank_504d,Tp50_lo,0.5268,lte,P1_long_cash,210,10,0.1601,1.11,-21.64,4.83,1566,True
gold_copper_mom_63d,Tfix07_hi,0.7,gte,P2_long_short,168,8,0.1597,1.09,-44.38,39.59,1566,True
gold_copper_mom_63d,Tp50_hi,0.758,gte,P2_long_short,168,8,0.1597,1.09,-44.38,39.59,1566,True
gold_copper_mom_252d,Tp75_lo,65.8527,lte,P1_long_cash,189,9,0.1589,1.23,-21.92,14.97,1566,True
gold_copper_mom_21d,Tp90_lo,32.7891,lte,P2_long_short,231,11,0.1572,1.03,-42.33,25.75,1566,True
gold_copper_mom_252d,Tz1_lo,-1.0,lte,P1_long_cash,252,12,0.1569,1.13,-25.57,6.44,1566,True
gold_copper_mom_252d,Tzn1_lo,-1.0,lte,P1_long_cash,252,12,0.1569,1.13,-25.57,6.44,1566,True
gold_copper_mom_21d,Tp25_hi,-15.533,gte,P2_long_short,189,9,0.1569,1.02,-42.74,50.85,1566,True
gold_copper_mom_21d,Tp50_hi,0.098,gte,P2_long_short,126,6,0.1567,1.03,-40.27,62.11,1566,True
gold_copper_roc_21d,Tp50_hi,0.0209,gte,P2_long_short,126,6,0.1567,1.03,-40.27,62.11,1566,True
gold_copper_roc_21d,Tp25_hi,-4.0484,gte,P2_long_short,231,11,0.1566,1.03,-44.57,41.2,1566,True
gold_copper_acceleration,Tp75_lo,6.1247,lte,P2_long_short,231,11,0.156,1.0,-36.67,39.91,1566,True
gold_copper_acceleration,Tz1_hi,1.0,gte,P1_long_cash,147,7,0.156,1.21,-41.53,32.34,1566,True
gold_copper_zscore_126d,Tp50_hi,-0.0334,gte,P1_long_cash,105,5,0.1556,1.16,-42.33,17.06,1566,True
gold_copper_zscore_252d,Tzn1_lo,-1.0,lte,P1_long_cash,126,6,0.1552,0.71,-7.23,3.7,1566,True
gold_copper_zscore_252d,Tz1_lo,-1.0,lte,P1_long_cash,126,6,0.1552,0.71,-7.23,3.7,1566,True
gold_copper_mom_252d,Tp75_hi,65.8527,gte,P2_long_short,21,1,0.1551,0.98,-42.39,30.25,1566,True
gold_copper_mom_63d,Tzn1_lo,-1.0,lte,P1_long_cash,210,10,0.1548,1.17,-20.84,21.24,1566,True
gold_copper_mom_63d,Tz1_lo,-1.0,lte,P1_long_cash,210,10,0.1548,1.17,-20.84,21.24,1566,True
gold_copper_mom_63d,Tp50_hi,0.758,gte,P1_long_cash,21,1,0.1547,1.16,-41.5,19.47,1566,True
gold_copper_roc_5d,Tz1_lo,-1.0,lte,P2_long_short,189,9,0.1547,0.98,-40.52,94.62,1566,True
gold_copper_mom_63d,Tfix07_hi,0.7,gte,P1_long_cash,21,1,0.1547,1.16,-41.5,19.47,1566,True
gold_copper_roc_5d,Tzn1_lo,-1.0,lte,P2_long_short,189,9,0.1547,0.98,-40.52,94.62,1566,True
gold_copper_pctrank_1260d,Tz1_hi,1.0,gte,P1_long_cash,21,1,0.1544,0.47,-5.01,4.18,1566,True
gold_copper_roc_21d,Trp25_lo,-4.0484,lte,P1_long_cash,189,9,0.1544,0.8,-17.98,20.92,1566,True
gold_copper_roc_21d,Tp25_lo,-4.0484,lte,P1_long_cash,189,9,0.1544,0.8,-17.98,20.92,1566,True
gold_copper_roc_126d,Tp90_hi,26.555,gte,P1_long_cash,21,1,0.1538,0.81,-13.02,6.76,1566,True
gold_copper_mom_21d,Tp75_lo,16.087,lte,P1_long_cash,63,3,0.1528,1.09,-42.33,21.89,1566,True
gold_copper_mom_63d,Tp90_lo,61.1186,lte,P2_long_short,84,4,0.1526,0.93,-45.3,20.6,1566,True
gold_copper_zscore_504d,Tfix07_hi,0.7,gte,P2_long_short,63,3,0.1524,0.92,-42.33,18.67,1566,True
gold_copper_zscore_126d,Tp90_lo,2.0703,lte,P2_long_short,210,10,0.1519,0.91,-50.33,19.31,1566,True
gold_copper_acceleration,Tzn1_lo,-1.0,lte,P2_long_short,105,5,0.1512,0.89,-49.48,68.87,1566,True
gold_copper_acceleration,Tz1_lo,-1.0,lte,P2_long_short,105,5,0.1512,0.89,-49.48,68.87,1566,True
gold_copper_roc_63d,Tp75_lo,7.5433,lte,P2_long_short,168,8,0.1501,0.87,-54.02,15.77,1566,True
gold_copper_zscore_126d,Tp75_lo,1.18,lte,P2_long_short,84,4,0.15,0.87,-47.09,32.83,1566,True
gold_copper_zscore_126d,Tz1_hi,1.0,gte,P2_long_short,231,11,0.1495,0.86,-39.39,31.54,1566,True
gold_copper_mom_63d,Tz1_hi,1.0,gte,P1_long_cash,21,1,0.1492,1.05,-41.5,20.11,1566,True
gold_copper_mom_63d,Tz1_hi,1.0,gte,P2_long_short,84,4,0.149,0.85,-45.0,40.55,1566,True
gold_copper_pctrank_504d,Tz1_hi,1.0,gte,P1_long_cash,168,8,0.149,0.72,-14.34,12.55,1566,True
gold_copper_acceleration,Tz1_hi,1.0,gte,P2_long_short,84,4,0.1489,0.85,-41.94,63.08,1566,True
gold_copper_roc_126d,Tp90_lo,26.555,lte,P2_long_short,0,0,0.1484,0.81,-56.21,13.84,1566,True
gold_copper_zscore_126d,Tp75_lo,1.18,lte,P2_long_short,210,10,0.1482,0.82,-40.11,31.54,1566,True
gold_copper_roc_63d,Tp50_hi,0.2018,gte,P1_long_cash,21,1,0.1476,1.02,-41.5,20.44,1566,True
gold_copper_roc_5d,Tz1_hi,1.0,gte,P1_long_cash,84,4,0.1476,1.07,-30.94,54.23,1566,True
gold_copper_acceleration,Tp50_lo,-0.0707,lte,P1_long_cash,84,4,0.1475,1.09,-29.0,34.44,1566,True
gold_copper_pctrank_1260d,Tp75_hi,0.8221,gte,P1_long_cash,147,7,0.1474,1.07,-42.59,5.63,1566,True
gold_copper_pctrank_504d,Tp50_lo,0.5268,lte,P1_long_cash,63,3,0.1474,0.92,-18.22,4.18,1566,True
gold_copper_roc_5d,Tz1_hi,1.0,gte,P1_long_cash,168,8,0.1474,1.08,-26.49,55.03,1566,True
gold_copper_roc_126d,Tp50_hi,0.8514,gte,P2_long_short,21,1,0.1465,0.79,-51.98,22.53,1566,True
gold_copper_zscore_504d,Tp90_hi,2.084,gte,P1_long_cash,168,8,0.1459,1.05,-42.33,8.21,1566,True
gold_copper_mom_63d,Tp90_hi,61.1186,gte,P1_long_cash,147,7,0.1455,1.05,-42.33,10.3,1566,True
gold_copper_roc_63d,Tp50_hi,0.2018,gte,P2_long_short,63,3,0.1442,0.75,-39.39,41.2,1566,True
gold_copper_acceleration,Tzn1_lo,-1.0,lte,P1_long_cash,252,12,0.1439,1.03,-27.09,33.31,1566,True
gold_copper_roc_5d,Tz1_lo,-1.0,lte,P2_long_short,168,8,0.1439,0.74,-48.2,94.62,1566,True
gold_copper_roc_5d,Tzn1_lo,-1.0,lte,P2_long_short,168,8,0.1439,0.74,-48.2,94.62,1566,True
gold_copper_acceleration,Tz1_lo,-1.0,lte,P1_long_cash,252,12,0.1439,1.03,-27.09,33.31,1566,True
gold_copper_pctrank_504d,Tz1_hi,1.0,gte,P1_long_cash,189,9,0.1435,0.93,-22.06,12.23,1566,True
gold_copper_mom_21d,Tp90_lo,32.7891,lte,P2_long_short,63,3,0.1429,0.71,-42.33,21.24,1566,True
gold_copper_mom_252d,Tp90_lo,132.6641,lte,P2_long_short,210,10,0.1423,0.7,-49.3,9.01,1566,True
gold_copper_pctrank_1260d,Tfix03_lo,0.3,lte,P1_long_cash,147,7,0.1422,0.86,-16.17,2.25,1566,True
gold_copper_mom_63d,Tp75_lo,28.7156,lte,P2_long_short,84,4,0.1421,0.69,-44.24,17.38,1566,True
gold_copper_zscore_504d,Tp75_lo,1.0903,lte,P1_long_cash,210,10,0.1419,1.01,-23.81,9.98,1566,True
gold_copper_acceleration,Tfix07_hi,0.7,gte,P1_long_cash,210,10,0.1418,0.93,-40.98,33.47,1566,True
gold_copper_roc_63d,Tz1_hi,1.0,gte,P1_long_cash,21,1,0.1413,0.92,-41.5,20.76,1566,True
gold_copper_roc_21d,Tzn1_lo,-1.0,lte,P2_long_short,147,7,0.1409,0.68,-53.85,73.7,1566,True
gold_copper_roc_21d,Tz1_lo,-1.0,lte,P2_long_short,147,7,0.1409,0.68,-53.85,73.7,1566,True
gold_copper_pctrank_1260d,Tp50_lo,0.5612,lte,P1_long_cash,63,3,0.1407,0.92,-19.81,6.11,1566,True
gold_copper_mom_252d,Tp50_lo,7.1738,lte,P1_long_cash,21,1,0.1407,0.83,-15.69,6.11,1566,True
gold_copper_acceleration,Tz1_lo,-1.0,lte,P1_long_cash,84,4,0.1404,0.98,-28.85,34.44,1566,True
gold_copper_acceleration,Tzn1_lo,-1.0,lte,P1_long_cash,84,4,0.1404,0.98,-28.85,34.44,1566,True
gold_copper_zscore_252d,Tp75_hi,1.0726,gte,P1_long_cash,0,0,0.1403,0.91,-42.33,16.09,1566,True
gold_copper_zscore_504d,Tp90_hi,2.084,gte,P1_long_cash,147,7,0.1402,0.97,-42.33,9.17,1566,True
gold_copper_roc_21d,Tp90_hi,8.7798,gte,P1_long_cash,168,8,0.1402,0.83,-18.64,9.98,1566,True
gold_copper_zscore_126d,Trp25_lo,-1.0407,lte,P1_long_cash,168,8,0.1398,0.75,-12.31,9.66,1566,True
gold_copper_zscore_126d,Tp25_lo,-1.0407,lte,P1_long_cash,168,8,0.1398,0.75,-12.31,9.66,1566,True
gold_copper_mom_252d,Tp90_lo,132.6641,lte,P2_long_short,147,7,0.1393,0.61,-51.1,9.33,1566,True
gold_copper_roc_5d,Tz1_lo,-1.0,lte,P2_long_short,126,6,0.1392,0.65,-60.45,96.87,1566,True
gold_copper_roc_5d,Tzn1_lo,-1.0,lte,P2_long_short,126,6,0.1392,0.65,-60.45,96.87,1566,True
gold_copper_mom_63d,Tp50_lo,0.758,lte,P1_long_cash,231,11,0.1385,0.88,-42.33,18.99,1566,True
gold_copper_pctrank_504d,Tp90_hi,0.9722,gte,P1_long_cash,21,1,0.1377,0.95,-37.38,14.16,1566,True
gold_copper_roc_63d,Tp90_hi,17.0212,gte,P2_long_short,21,1,0.1376,0.62,-47.74,9.66,1566,True
gold_copper_mom_252d,Trp25_lo,-53.7187,lte,P1_long_cash,63,3,0.1375,0.71,-10.83,0.97,1566,True
gold_copper_roc_5d,Tp25_hi,-2.0781,gte,P2_long_short,210,10,0.1375,0.6,-36.64,83.03,1566,True
gold_copper_mom_252d,Tp25_lo,-53.7187,lte,P1_long_cash,63,3,0.1375,0.71,-10.83,0.97,1566,True
gold_copper_acceleration,Tfix07_hi,0.7,gte,P2_long_short,84,4,0.1371,0.59,-44.68,64.37,1566,True
gold_copper_mom_21d,Tp25_hi,-15.533,gte,P1_long_cash,0,0,0.1353,0.72,-44.29,24.94,1566,True
gold_copper_roc_5d,Tp75_lo,2.0649,lte,P2_long_short,105,5,0.1351,0.54,-41.9,87.54,1566,True
gold_copper_mom_63d,Tp90_lo,61.1186,lte,P2_long_short,210,10,0.1349,0.53,-42.33,16.74,1566,True
gold_copper_zscore_126d,Tfix03_lo,0.3,lte,P2_long_short,21,1,0.1347,0.53,-48.64,34.44,1566,True
gold_copper_zscore_504d,Tp90_lo,2.084,lte,P1_long_cash,210,10,0.1341,0.75,-37.03,7.4,1566,True
gold_copper_mom_21d,Trp25_lo,-15.533,lte,P1_long_cash,63,3,0.1332,0.88,-33.68,24.3,1566,True
gold_copper_mom_21d,Tp25_lo,-15.533,lte,P1_long_cash,63,3,0.1332,0.88,-33.68,24.3,1566,True
gold_copper_zscore_252d,Tp75_lo,1.0726,lte,P2_long_short,168,8,0.1322,0.48,-39.58,31.86,1566,True
gold_copper_roc_126d,Tp75_hi,11.28,gte,P2_long_short,231,11,0.1321,0.48,-43.61,15.45,1566,True
gold_copper_mom_21d,Tfix07_hi,0.7,gte,P2_long_short,126,6,0.1314,0.46,-42.47,59.54,1566,True
gold_copper_zscore_126d,Tfix03_lo,0.3,lte,P1_long_cash,42,2,0.1304,0.8,-39.69,18.02,1566,True
gold_copper_pctrank_1260d,Tp50_lo,0.5612,lte,P1_long_cash,21,1,0.1297,0.8,-20.21,6.11,1566,True
gold_copper_mom_63d,Tp25_lo,-25.5664,lte,P2_long_short,0,0,0.1295,0.42,-41.81,25.43,1566,True
gold_copper_mom_21d,Tz1_hi,1.0,gte,P2_long_short,189,9,0.1295,0.41,-43.82,58.57,1566,True
gold_copper_mom_63d,Trp25_lo,-25.5664,lte,P2_long_short,0,0,0.1295,0.42,-41.81,25.43,1566,True
gold_copper_mom_63d,Tfix07_hi,0.7,gte,P2_long_short,84,4,0.1291,0.41,-46.16,39.26,1566,True
gold_copper_mom_63d,Tp50_hi,0.758,gte,P2_long_short,84,4,0.1291,0.41,-46.16,39.26,1566,True
gold_copper_roc_5d,Tz1_hi,1.0,gte,P1_long_cash,210,10,0.1287,0.8,-34.33,56.16,1566,True
gold_copper_roc_63d,Tp75_lo,7.5433,lte,P2_long_short,189,9,0.1281,0.38,-43.15,14.48,1566,True
gold_copper_mom_63d,Tp90_lo,61.1186,lte,P2_long_short,189,9,0.1277,0.36,-43.24,17.06,1566,True
gold_copper_pctrank_1260d,Tp75_hi,0.8221,gte,P2_long_short,63,3,0.1274,0.38,-56.75,9.01,1566,True
gold_copper_zscore_252d,Tfix03_lo,0.3,lte,P1_long_cash,189,9,0.1268,0.79,-21.64,10.78,1566,True
gold_copper_mom_63d,Tp90_lo,61.1186,lte,P2_long_short,252,12,0.1267,0.35,-42.33,16.74,1566,True
gold_copper_roc_21d,Tp75_hi,4.3669,gte,P1_long_cash,210,10,0.1265,0.75,-36.05,17.06,1566,True
gold_copper_roc_63d,Tfix07_hi,0.7,gte,P2_long_short,84,4,0.1259,0.34,-44.15,43.77,1566,True
gold_copper_pctrank_504d,Tp50_lo,0.5268,lte,P1_long_cash,168,8,0.1258,0.75,-21.64,3.54,1566,True
gold_copper_zscore_504d,Tzn1_lo,-1.0,lte,P1_long_cash,231,11,0.1251,0.73,-20.94,3.54,1566,True
gold_copper_zscore_504d,Tz1_lo,-1.0,lte,P1_long_cash,231,11,0.1251,0.73,-20.94,3.54,1566,True
gold_copper_zscore_252d,Tzn1_lo,-1.0,lte,P1_long_cash,252,12,0.1249,0.67,-19.81,3.54,1566,True
gold_copper_zscore_252d,Tz1_lo,-1.0,lte,P1_long_cash,252,12,0.1249,0.67,-19.81,3.54,1566,True
gold_copper_zscore_504d,Tz1_hi,1.0,gte,P2_long_short,42,2,0.1244,0.3,-39.48,18.02,1566,True
gold_copper_pctrank_504d,Tp90_hi,0.9722,gte,P2_long_short,42,2,0.1242,0.31,-54.96,25.75,1566,True
gold_copper_zscore_504d,Tfix07_hi,0.7,gte,P2_long_short,105,5,0.1236,0.28,-42.33,18.67,1566,True
gold_copper_roc_21d,Tp90_lo,8.7798,lte,P2_long_short,84,4,0.1236,0.28,-43.42,16.09,1566,True
gold_copper_roc_21d,Tz1_hi,1.0,gte,P2_long_short,126,6,0.1235,0.29,-47.18,62.76,1566,True
gold_copper_roc_63d,Tp75_hi,7.5433,gte,P2_long_short,252,12,0.1234,0.28,-42.91,15.77,1566,True
gold_copper_zscore_504d,Tp50_lo,-0.0203,lte,P1_long_cash,63,3,0.1229,0.72,-19.81,1.93,1566,True
gold_copper_mom_252d,Tfix03_lo,0.3,lte,P1_long_cash,21,1,0.1228,0.66,-14.72,6.44,1566,True
gold_copper_acceleration,Tp50_lo,-0.0707,lte,P2_long_short,231,11,0.1225,0.23,-44.31,67.91,1566,True
gold_copper_roc_21d,Tp25_hi,-4.0484,gte,P2_long_short,168,8,0.1219,0.24,-57.39,40.55,1566,True
gold_copper_roc_126d,Tp75_hi,11.28,gte,P1_long_cash,105,5,0.1218,0.65,-42.33,8.69,1566,True
gold_copper_roc_63d,Tp50_hi,0.2018,gte,P2_long_short,84,4,0.1215,0.24,-47.04,41.2,1566,True
gold_copper_roc_63d,Tfix07_hi,0.7,gte,P2_long_short,168,8,0.1214,0.23,-42.77,44.09,1566,True
gold_copper_roc_126d,Tp75_hi,11.28,gte,P2_long_short,252,12,0.121,0.23,-42.09,15.45,1566,True
gold_copper_mom_252d,Tp90_lo,132.6641,lte,P2_long_short,231,11,0.1202,0.21,-47.89,9.01,1566,True
gold_copper_roc_63d,Tp25_hi,-6.739,gte,P2_long_short,21,1,0.12,0.2,-42.87,18.99,1566,True
gold_copper_zscore_252d,Trp25_lo,-0.9767,lte,P1_long_cash,126,6,0.1195,0.51,-8.19,3.06,1566,True
gold_copper_zscore_252d,Tp25_lo,-0.9767,lte,P1_long_cash,126,6,0.1195,0.51,-8.19,3.06,1566,True
gold_copper_mom_63d,Tfix03_lo,0.3,lte,P1_long_cash,210,10,0.1192,0.71,-20.84,20.6,1566,True
gold_copper_mom_252d,Tp50_lo,7.1738,lte,P1_long_cash,210,10,0.1191,0.71,-21.64,7.24,1566,True
gold_copper_mom_63d,Tp75_hi,28.7156,gte,P1_long_cash,0,0,0.1189,0.57,-42.33,9.33,1566,True
gold_copper_pctrank_504d,Tp75_lo,0.841,lte,P1_long_cash,42,2,0.1185,0.56,-42.63,9.98,1566,True
gold_copper_acceleration,Tzn1_lo,-1.0,lte,P2_long_short,21,1,0.1182,0.17,-55.14,69.52,1566,True
gold_copper_acceleration,Tz1_lo,-1.0,lte,P2_long_short,21,1,0.1182,0.17,-55.14,69.52,1566,True
gold_copper_roc_63d,Tp75_lo,7.5433,lte,P2_long_short,84,4,0.1181,0.16,-47.65,17.38,1566,True
gold_copper_roc_5d,Tp25_hi,-2.0781,gte,P1_long_cash,84,4,0.118,0.43,-41.85,44.41,1566,True
gold_copper_zscore_504d,Tfix03_lo,0.3,lte,P1_long_cash,84,4,0.1179,0.68,-21.64,5.47,1566,True
gold_copper_zscore_252d,Tp90_hi,2.0171,gte,P1_long_cash,0,0,0.1168,0.69,-18.29,9.66,1566,True
gold_copper_mom_252d,Tp75_lo,65.8527,lte,P2_long_short,84,4,0.1167,0.14,-48.91,30.25,1566,True
gold_copper_roc_63d,Tp90_lo,17.0212,lte,P2_long_short,231,11,0.1163,0.12,-46.58,7.72,1566,True
gold_copper_zscore_504d,Tp50_lo,-0.0203,lte,P1_long_cash,21,1,0.1158,0.64,-19.81,1.93,1566,True
gold_copper_roc_63d,Tp50_lo,0.2018,lte,P1_long_cash,231,11,0.1157,0.47,-42.33,19.95,1566,True
gold_copper_roc_126d,Tz1_hi,1.0,gte,P2_long_short,210,10,0.1149,0.09,-47.53,23.82,1566,True
gold_copper_zscore_126d,Tzn1_lo,-1.0,lte,P1_long_cash,168,8,0.1148,0.57,-12.31,10.62,1566,True
gold_copper_roc_63d,Tp25_lo,-6.739,lte,P1_long_cash,63,3,0.1148,0.64,-38.04,9.98,1566,True
gold_copper_roc_63d,Trp25_lo,-6.739,lte,P1_long_cash,63,3,0.1148,0.64,-38.04,9.98,1566,True
gold_copper_zscore_126d,Tz1_lo,-1.0,lte,P1_long_cash,168,8,0.1148,0.57,-12.31,10.62,1566,True
gold_copper_roc_5d,Tp75_hi,2.0649,gte,P1_long_cash,42,2,0.1147,0.65,-27.58,44.41,1566,True
gold_copper_roc_126d,Tp25_hi,-9.8165,gte,P2_long_short,0,0,0.1146,0.08,-47.44,7.08,1566,True
gold_copper_roc_21d,Tp25_lo,-4.0484,lte,P2_long_short,0,0,0.1135,0.06,-36.68,38.94,1566,True
gold_copper_roc_21d,Trp25_lo,-4.0484,lte,P2_long_short,0,0,0.1135,0.06,-36.68,38.94,1566,True
gold_copper_roc_5d,Tp75_hi,2.0649,gte,P1_long_cash,231,11,0.1132,0.64,-21.98,44.09,1566,True
gold_copper_zscore_126d,Tp50_lo,-0.0334,lte,P1_long_cash,63,3,0.1131,0.51,-41.09,17.06,1566,True
gold_copper_roc_21d,Tp75_lo,4.3669,lte,P2_long_short,168,8,0.113,0.04,-42.6,34.76,1566,True
gold_copper_mom_21d,Tp75_lo,16.087,lte,P1_long_cash,252,12,0.1128,0.28,-42.33,21.72,1566,True
gold_copper_roc_126d,Tp75_hi,11.28,gte,P1_long_cash,84,4,0.1125,0.56,-42.55,8.69,1566,True
gold_copper_zscore_252d,Tp50_lo,0.0526,lte,P1_long_cash,189,9,0.1119,0.62,-21.64,7.08,1566,True
gold_copper_roc_21d,Tp25_hi,-4.0484,gte,P2_long_short,84,4,0.1116,0.01,-47.15,42.48,1566,True
gold_copper_acceleration,Tz1_hi,1.0,gte,P1_long_cash,210,10,0.1113,0.39,-40.98,32.83,1566,True
gold_copper_roc_5d,Tp25_lo,-2.0781,lte,P1_long_cash,105,5,0.1112,0.61,-20.58,44.09,1566,True
gold_copper_zscore_252d,Tp90_hi,2.0171,gte,P2_long_short,210,10,0.1112,0.04,-53.1,15.45,1566,True
gold_copper_roc_21d,Tz1_lo,-1.0,lte,P1_long_cash,252,12,0.1112,0.59,-32.65,33.95,1566,True
gold_copper_roc_5d,Trp25_lo,-2.0781,lte,P1_long_cash,105,5,0.1112,0.61,-20.58,44.09,1566,True
gold_copper_roc_21d,Tzn1_lo,-1.0,lte,P1_long_cash,252,12,0.1112,0.59,-32.65,33.95,1566,True
gold_copper_roc_5d,Tp75_hi,2.0649,gte,P1_long_cash,147,7,0.111,0.61,-27.59,43.93,1566,True
gold_copper_acceleration,Trp25_lo,-6.2874,lte,P2_long_short,210,10,0.1103,-0.01,-43.26,48.92,1566,True
gold_copper_roc_21d,Tp25_hi,-4.0484,gte,P2_long_short,42,2,0.1103,-0.01,-40.47,38.62,1566,True
gold_copper_acceleration,Tp25_lo,-6.2874,lte,P2_long_short,210,10,0.1103,-0.01,-43.26,48.92,1566,True
gold_copper_pctrank_1260d,Tp75_lo,0.8221,lte,P2_long_short,231,11,0.11,-0.02,-42.33,8.69,1566,True
gold_copper_pctrank_1260d,Tz1_hi,1.0,gte,P1_long_cash,126,6,0.1097,0.11,-1.51,1.93,1566,True
gold_copper_roc_63d,Tp25_hi,-6.739,gte,P2_long_short,0,0,0.1094,-0.03,-50.4,17.7,1566,True
gold_copper_zscore_126d,Tp25_hi,-1.0407,gte,P2_long_short,0,0,0.1093,-0.04,-51.21,19.31,1566,True
gold_copper_zscore_504d,Tfix03_lo,0.3,lte,P1_long_cash,63,3,0.1093,0.59,-23.34,5.47,1566,True
gold_copper_roc_63d,Tfix07_hi,0.7,gte,P2_long_short,63,3,0.1093,-0.03,-42.23,43.77,1566,True
gold_copper_zscore_126d,Tp90_hi,2.0703,gte,P1_long_cash,189,9,0.1092,0.57,-38.37,9.82,1566,True
gold_copper_acceleration,Tp90_hi,12.3637,gte,P1_long_cash,0,0,0.1092,0.53,-19.84,10.62,1566,True
gold_copper_pctrank_1260d,Tp90_hi,0.9349,gte,P1_long_cash,0,0,0.1091,0.46,-42.76,3.22,1566,True
gold_copper_mom_63d,Tfix03_lo,0.3,lte,P1_long_cash,231,11,0.1085,0.35,-42.33,19.95,1566,True
gold_copper_roc_63d,Tp90_lo,17.0212,lte,P2_long_short,189,9,0.1085,-0.08,-45.23,8.05,1566,True
gold_copper_roc_5d,Tp50_hi,0.0074,gte,P1_long_cash,189,9,0.107,0.32,-39.15,56.0,1566,True
gold_copper_mom_21d,Tp75_lo,16.087,lte,P2_long_short,189,9,0.1067,-0.09,-45.89,43.45,1566,True
gold_copper_pctrank_504d,Tp90_lo,0.9722,lte,P2_long_short,231,11,0.1063,-0.1,-43.77,22.53,1566,True
gold_copper_acceleration,Tz1_lo,-1.0,lte,P2_long_short,210,10,0.1061,-0.1,-49.07,68.23,1566,True
gold_copper_acceleration,Tzn1_lo,-1.0,lte,P2_long_short,210,10,0.1061,-0.1,-49.07,68.23,1566,True
gold_copper_roc_126d,Tp75_hi,11.28,gte,P2_long_short,168,8,0.1059,-0.08,-44.79,18.34,1566,True
gold_copper_pctrank_504d,Tp50_lo,0.5268,lte,P1_long_cash,189,9,0.1057,0.56,-21.64,4.18,1566,True
gold_copper_roc_5d,Tp50_hi,0.0074,gte,P2_long_short,42,2,0.1056,-0.1,-32.91,109.43,1566,False
gold_copper_roc_5d,Tp50_hi,0.0074,gte,P1_long_cash,126,6,0.1056,0.39,-32.53,55.84,1566,True
gold_copper_acceleration,Tfix03_lo,0.3,lte,P2_long_short,21,1,0.1055,-0.09,-63.58,65.33,1566,True
gold_copper_roc_5d,Tp50_lo,0.0074,lte,P1_long_cash,231,11,0.1041,0.46,-22.82,56.32,1566,True
gold_copper_roc_63d,Tfix03_lo,0.3,lte,P1_long_cash,231,11,0.1035,0.25,-42.33,20.92,1566,True
gold_copper_zscore_252d,Tfix07_hi,0.7,gte,P1_long_cash,0,0,0.1025,0.13,-42.33,14.16,1566,True
gold_copper_zscore_126d,Tfix07_hi,0.7,gte,P2_long_short,168,8,0.1025,-0.18,-42.33,32.51,1566,True
gold_copper_roc_21d,Tp25_lo,-4.0484,lte,P1_long_cash,147,7,0.1022,0.47,-21.01,20.44,1566,True
gold_copper_roc_21d,Trp25_lo,-4.0484,lte,P1_long_cash,147,7,0.1022,0.47,-21.01,20.44,1566,True
gold_copper_zscore_504d,Tp50_lo,-0.0203,lte,P1_long_cash,105,5,0.1018,0.52,-21.64,1.93,1566,True
gold_copper_acceleration,Tfix03_lo,0.3,lte,P2_long_short,0,0,0.1015,-0.24,-54.01,65.66,1566,True
gold_copper_mom_21d,Tp75_hi,16.087,gte,P1_long_cash,210,10,0.1011,0.29,-36.05,21.56,1566,True
gold_copper_roc_5d,Tp90_lo,4.3297,lte,P2_long_short,21,1,0.0988,-0.29,-54.72,33.47,1566,True
gold_copper_roc_63d,Tp75_hi,7.5433,gte,P2_long_short,63,3,0.0988,-0.26,-44.16,17.38,1566,True
gold_copper_zscore_504d,Tp75_lo,1.0903,lte,P1_long_cash,231,11,0.0988,0.12,-42.33,9.82,1566,True
gold_copper_zscore_504d,Tfix03_lo,0.3,lte,P1_long_cash,0,0,0.0982,0.48,-24.24,5.47,1566,True
gold_copper_mom_252d,Tp90_lo,132.6641,lte,P2_long_short,42,2,0.098,-0.29,-55.52,6.76,1566,True
gold_copper_zscore_252d,Tfix07_hi,0.7,gte,P1_long_cash,84,4,0.0977,0.17,-49.36,14.8,1566,True
gold_copper_zscore_504d,Tp50_lo,-0.0203,lte,P1_long_cash,210,10,0.0976,0.47,-21.64,2.9,1566,True
gold_copper_pctrank_504d,Tp75_hi,0.841,gte,P2_long_short,21,1,0.0975,-0.3,-42.52,18.67,1566,True
gold_copper_pctrank_504d,Tp90_hi,0.9722,gte,P2_long_short,210,10,0.0975,-0.27,-51.22,23.82,1566,True
gold_copper_acceleration,Tfix07_hi,0.7,gte,P2_long_short,231,11,0.0971,-0.29,-51.66,65.33,1566,True
gold_copper_acceleration,Tfix03_lo,0.3,lte,P2_long_short,168,8,0.0969,-0.31,-54.57,68.55,1566,True
gold_copper_zscore_504d,Tp75_lo,1.0903,lte,P1_long_cash,189,9,0.0968,0.42,-22.4,10.46,1566,True
gold_copper_roc_21d,Tfix03_lo,0.3,lte,P1_long_cash,252,12,0.0967,0.3,-31.89,30.41,1566,True
gold_copper_mom_21d,Tz1_hi,1.0,gte,P2_long_short,105,5,0.0967,-0.31,-47.38,59.86,1566,True
gold_copper_mom_252d,Tp90_hi,132.6641,gte,P1_long_cash,0,0,0.0964,0.26,-42.33,3.7,1566,True
gold_copper_roc_21d,Tp75_hi,4.3669,gte,P1_long_cash,189,9,0.0962,0.28,-44.29,17.22,1566,True
gold_copper_roc_63d,Tp75_hi,7.5433,gte,P2_long_short,42,2,0.0959,-0.32,-49.59,16.09,1566,True
gold_copper_acceleration,Tz1_lo,-1.0,lte,P2_long_short,63,3,0.0958,-0.33,-41.67,69.52,1566,True
gold_copper_acceleration,Tzn1_lo,-1.0,lte,P2_long_short,63,3,0.0958,-0.33,-41.67,69.52,1566,True
gold_copper_zscore_126d,Tp50_lo,-0.0334,lte,P1_long_cash,42,2,0.0943,0.28,-38.5,17.06,1566,True
gold_copper_mom_21d,Tzn1_lo,-1.0,lte,P2_long_short,105,5,0.0937,-0.37,-32.28,66.94,1566,True
gold_copper_mom_21d,Tz1_lo,-1.0,lte,P2_long_short,105,5,0.0937,-0.37,-32.28,66.94,1566,True
gold_copper_pctrank_504d,Tfix03_lo,0.3,lte,P1_long_cash,84,4,0.0936,0.43,-20.85,6.11,1566,True
gold_copper_zscore_252d,Tp25_lo,-0.9767,lte,P1_long_cash,252,12,0.0933,0.42,-19.81,2.9,1566,True
gold_copper_zscore_252d,Trp25_lo,-0.9767,lte,P1_long_cash,252,12,0.0933,0.42,-19.81,2.9,1566,True
gold_copper_pctrank_504d,Tfix03_lo,0.3,lte,P1_long_cash,147,7,0.0933,0.43,-15.89,6.11,1566,True
gold_copper_mom_21d,Tfix07_hi,0.7,gte,P1_long_cash,42,2,0.0931,0.05,-36.05,29.77,1566,True
gold_copper_mom_63d,Tp25_hi,-25.5664,gte,P2_long_short,21,1,0.0929,-0.4,-42.95,25.43,1566,True
gold_copper_mom_21d,Tp75_hi,16.087,gte,P1_long_cash,147,7,0.0918,0.24,-40.76,22.05,1566,True
gold_copper_roc_21d,Tp75_hi,4.3669,gte,P2_long_short,42,2,0.0918,-0.4,-56.41,34.11,1566,True
gold_copper_roc_5d,Tp50_hi,0.0074,gte,P1_long_cash,168,8,0.0911,0.11,-42.74,56.0,1566,True
gold_copper_mom_63d,Tp90_hi,61.1186,gte,P1_long_cash,0,0,0.0909,0.21,-42.92,9.98,1566,True
gold_copper_roc_21d,Tp90_hi,8.7798,gte,P2_long_short,42,2,0.0905,-0.42,-62.98,16.74,1566,True
gold_copper_roc_21d,Tp50_hi,0.0209,gte,P1_long_cash,42,2,0.0896,-0.01,-36.05,30.74,1566,True
gold_copper_mom_21d,Tp50_hi,0.098,gte,P1_long_cash,42,2,0.0896,-0.01,-36.05,30.74,1566,True
gold_copper_mom_252d,Tp50_lo,7.1738,lte,P1_long_cash,168,8,0.0895,0.4,-21.64,5.79,1566,True
gold_copper_roc_63d,Tfix07_hi,0.7,gte,P1_long_cash,21,1,0.0893,-0.03,-41.5,22.05,1566,True
gold_copper_roc_5d,Tfix07_hi,0.7,gte,P1_long_cash,189,9,0.0893,0.11,-35.25,56.0,1566,True
gold_copper_pctrank_1260d,Tp50_lo,0.5612,lte,P1_long_cash,84,4,0.0891,0.39,-24.79,6.11,1566,True
gold_copper_roc_126d,Tfix07_hi,0.7,gte,P2_long_short,210,10,0.0887,-0.49,-52.18,23.17,1566,True
gold_copper_zscore_126d,Tp75_hi,1.18,gte,P1_long_cash,147,7,0.088,0.09,-42.33,15.93,1566,True
gold_copper_roc_21d,Tz1_hi,1.0,gte,P1_long_cash,210,10,0.0873,-0.05,-41.6,31.22,1566,True
gold_copper_roc_5d,Tp90_hi,4.3297,gte,P1_long_cash,84,4,0.0872,0.35,-15.13,15.77,1566,True
gold_copper_pctrank_504d,Tp75_lo,0.841,lte,P1_long_cash,189,9,0.0869,0.28,-21.64,9.49,1566,True
gold_copper_pctrank_504d,Tp75_hi,0.841,gte,P2_long_short,252,12,0.0852,-0.57,-57.54,18.02,1566,True
gold_copper_roc_21d,Tp25_lo,-4.0484,lte,P1_long_cash,63,3,0.0845,0.31,-23.61,19.95,1566,True
gold_copper_roc_21d,Trp25_lo,-4.0484,lte,P1_long_cash,63,3,0.0845,0.31,-23.61,19.95,1566,True
gold_copper_zscore_126d,Tz1_hi,1.0,gte,P1_long_cash,147,7,0.0833,-0.03,-42.33,15.61,1566,True
gold_copper_mom_63d,Trp25_lo,-25.5664,lte,P1_long_cash,63,3,0.0832,0.14,-41.5,13.84,1566,True
gold_copper_mom_63d,Tp25_lo,-25.5664,lte,P1_long_cash,63,3,0.0832,0.14,-41.5,13.84,1566,True
gold_copper_pctrank_1260d,Tfix07_hi,0.7,gte,P2_long_short,147,7,0.0829,-0.62,-53.24,10.3,1566,True
gold_copper_zscore_252d,Tp90_hi,2.0171,gte,P2_long_short,21,1,0.0827,-0.59,-50.17,19.31,1566,True
gold_copper_zscore_252d,Tp75_hi,1.0726,gte,P2_long_short,189,9,0.0817,-0.64,-44.08,32.51,1566,True
gold_copper_zscore_504d,Tz1_hi,1.0,gte,P2_long_short,0,0,0.0815,-0.65,-46.15,16.74,1566,True
gold_copper_mom_63d,Trp25_lo,-25.5664,lte,P1_long_cash,189,9,0.0808,0.33,-17.6,13.68,1566,True
gold_copper_mom_63d,Tp25_lo,-25.5664,lte,P1_long_cash,189,9,0.0808,0.33,-17.6,13.68,1566,True
gold_copper_zscore_126d,Tfix07_hi,0.7,gte,P2_long_short,126,6,0.08,-0.68,-42.33,33.15,1566,True
gold_copper_pctrank_1260d,Tfix07_hi,0.7,gte,P2_long_short,105,5,0.0799,-0.68,-50.46,10.3,1566,True
gold_copper_mom_21d,Tp50_lo,0.098,lte,P1_long_cash,252,12,0.0796,0.08,-31.23,29.77,1566,True
gold_copper_roc_21d,Tp50_lo,0.0209,lte,P1_long_cash,252,12,0.0796,0.08,-31.23,29.77,1566,True
gold_copper_mom_252d,Tfix03_lo,0.3,lte,P1_long_cash,168,8,0.0796,0.31,-21.64,6.11,1566,True
gold_copper_roc_21d,Tp90_hi,8.7798,gte,P1_long_cash,0,0,0.0793,0.29,-20.76,8.37,1566,True
gold_copper_pctrank_1260d,Tp25_lo,0.3169,lte,P1_long_cash,147,7,0.0787,0.31,-19.03,2.9,1566,True
gold_copper_pctrank_1260d,Trp25_lo,0.3169,lte,P1_long_cash,147,7,0.0787,0.31,-19.03,2.9,1566,True
gold_copper_roc_5d,Tzn1_lo,-1.0,lte,P1_long_cash,252,12,0.0783,0.24,-30.75,47.47,1566,True
gold_copper_roc_5d,Tz1_lo,-1.0,lte,P1_long_cash,252,12,0.0783,0.24,-30.75,47.47,1566,True
gold_copper_roc_126d,Tp75_lo,11.28,lte,P2_long_short,0,0,0.078,-0.75,-44.95,18.99,1566,True
gold_copper_roc_5d,Tp25_lo,-2.0781,lte,P1_long_cash,147,7,0.078,0.3,-25.68,42.64,1566,True
gold_copper_roc_5d,Trp25_lo,-2.0781,lte,P1_long_cash,147,7,0.078,0.3,-25.68,42.64,1566,True
gold_copper_roc_126d,Tfix03_lo,0.3,lte,P2_long_short,63,3,0.0779,-0.7,-54.51,24.46,1566,True
gold_copper_roc_21d,Tz1_hi,1.0,gte,P2_long_short,189,9,0.0761,-0.77,-43.84,61.15,1566,True
gold_copper_roc_5d,Tp75_hi,2.0649,gte,P1_long_cash,126,6,0.0756,0.2,-22.1,43.77,1566,True
gold_copper_zscore_252d,Tp75_lo,1.0726,lte,P2_long_short,126,6,0.0756,-0.77,-48.69,31.86,1566,True
gold_copper_pctrank_504d,Tp50_lo,0.5268,lte,P1_long_cash,252,12,0.0736,0.18,-24.91,5.15,1566,True
gold_copper_mom_252d,Tfix03_lo,0.3,lte,P1_long_cash,210,10,0.0735,0.23,-21.64,6.6,1566,True
gold_copper_zscore_126d,Tfix07_hi,0.7,gte,P1_long_cash,147,7,0.0733,-0.25,-42.33,16.25,1566,True
gold_copper_roc_21d,Tp25_hi,-4.0484,gte,P2_long_short,105,5,0.0733,-0.83,-41.7,42.48,1566,True
gold_copper_zscore_126d,Tfix07_hi,0.7,gte,P1_long_cash,0,0,0.0733,-0.28,-42.33,17.7,1566,True
gold_copper_mom_21d,Trp25_lo,-15.533,lte,P1_long_cash,231,11,0.0731,0.13,-34.7,24.78,1566,True
gold_copper_mom_21d,Tp25_lo,-15.533,lte,P1_long_cash,231,11,0.0731,0.13,-34.7,24.78,1566,True
gold_copper_pctrank_504d,Tp90_hi,0.9722,gte,P2_long_short,252,12,0.0728,-0.84,-53.21,21.89,1566,True
gold_copper_pctrank_1260d,Tz1_hi,1.0,gte,P1_long_cash,42,2,0.0718,0.11,-3.55,4.18,1566,True
gold_copper_roc_5d,Tp25_hi,-2.0781,gte,P1_long_cash,0,0,0.0716,-0.49,-40.63,43.61,1566,True
gold_copper_mom_21d,Tfix03_lo,0.3,lte,P2_long_short,168,8,0.0701,-0.89,-39.23,59.54,1566,True
gold_copper_zscore_126d,Tz1_hi,1.0,gte,P2_long_short,42,2,0.0699,-0.89,-54.01,32.18,1566,True
gold_copper_roc_5d,Tz1_lo,-1.0,lte,P2_long_short,210,10,0.0691,-0.92,-42.35,94.62,1566,True
gold_copper_roc_5d,Tzn1_lo,-1.0,lte,P2_long_short,210,10,0.0691,-0.92,-42.35,94.62,1566,True
gold_copper_zscore_126d,Tp50_hi,-0.0334,gte,P1_long_cash,0,0,0.0689,-0.57,-42.33,16.41,1566,True
gold_copper_pctrank_1260d,Tz1_hi,1.0,gte,P1_long_cash,0,0,0.0686,0.23,-20.3,4.18,1566,True
gold_copper_pctrank_1260d,Tfix07_hi,0.7,gte,P2_long_short,168,8,0.068,-0.95,-51.3,10.62,1566,True
gold_copper_roc_5d,Tfix07_hi,0.7,gte,P2_long_short,231,11,0.0677,-0.94,-38.27,115.22,1566,False
gold_copper_mom_21d,Tfix07_hi,0.7,gte,P2_long_short,105,5,0.0676,-0.95,-49.54,59.86,1566,True
gold_copper_zscore_252d,Tfix07_hi,0.7,gte,P2_long_short,21,1,0.0674,-0.96,-43.63,28.32,1566,True
gold_copper_roc_126d,Tp50_hi,0.8514,gte,P2_long_short,210,10,0.0664,-0.98,-52.26,21.89,1566,True
gold_copper_roc_5d,Tfix03_lo,0.3,lte,P1_long_cash,105,5,0.0664,-0.35,-34.16,54.71,1566,True
gold_copper_zscore_126d,Tp25_hi,-1.0407,gte,P2_long_short,105,5,0.0653,-1.01,-42.33,19.95,1566,True
gold_copper_mom_252d,Tp90_lo,132.6641,lte,P2_long_short,168,8,0.0652,-1.01,-52.09,9.33,1566,True
gold_copper_zscore_504d,Tp50_lo,-0.0203,lte,P1_long_cash,126,6,0.065,0.15,-21.64,1.61,1566,True
gold_copper_mom_63d,Tp90_hi,61.1186,gte,P1_long_cash,168,8,0.0645,-0.23,-42.33,9.49,1566,True
gold_copper_roc_5d,Tp50_hi,0.0074,gte,P2_long_short,84,4,0.064,-1.05,-45.39,108.46,1566,False
gold_copper_pctrank_1260d,Trp25_lo,0.3169,lte,P1_long_cash,189,9,0.0634,0.16,-20.64,3.54,1566,True
gold_copper_acceleration,Tp75_hi,6.1247,gte,P1_long_cash,210,10,0.0634,-0.18,-32.72,19.95,1566,True
gold_copper_pctrank_1260d,Tp25_lo,0.3169,lte,P1_long_cash,189,9,0.0634,0.16,-20.64,3.54,1566,True
gold_copper_zscore_504d,Tp90_hi,2.084,gte,P1_long_cash,126,6,0.0612,-0.19,-42.33,9.49,1566,True
gold_copper_acceleration,Tz1_lo,-1.0,lte,P2_long_short,231,11,0.0611,-1.12,-45.83,67.91,1566,True
gold_copper_acceleration,Tzn1_lo,-1.0,lte,P2_long_short,231,11,0.0611,-1.12,-45.83,67.91,1566,True
gold_copper_mom_21d,Tz1_hi,1.0,gte,P1_long_cash,42,2,0.0608,-0.52,-36.05,29.77,1566,True
gold_copper_pctrank_504d,Tz1_hi,1.0,gte,P1_long_cash,84,4,0.0603,0.13,-5.21,10.14,1566,True
gold_copper_roc_5d,Tz1_hi,1.0,gte,P1_long_cash,126,6,0.0602,-0.15,-24.07,54.87,1566,True
gold_copper_mom_21d,Tfix03_lo,0.3,lte,P2_long_short,21,1,0.0597,-1.12,-43.06,62.76,1566,True
gold_copper_zscore_126d,Tp90_lo,2.0703,lte,P2_long_short,231,11,0.0589,-1.15,-42.48,19.31,1566,True
gold_copper_zscore_504d,Tp75_hi,1.0903,gte,P2_long_short,21,1,0.0589,-1.14,-46.62,22.53,1566,True
gold_copper_pctrank_1260d,Trp25_lo,0.3169,lte,P1_long_cash,168,8,0.0588,0.12,-20.99,2.9,1566,True
gold_copper_pctrank_1260d,Tp25_lo,0.3169,lte,P1_long_cash,168,8,0.0588,0.12,-20.99,2.9,1566,True
gold_copper_zscore_126d,Tfix03_lo,0.3,lte,P2_long_short,84,4,0.0587,-1.15,-31.69,36.69,1566,True
gold_copper_roc_63d,Trp25_lo,-6.739,lte,P1_long_cash,189,9,0.0584,0.17,-11.94,9.82,1566,True
gold_copper_roc_63d,Tp25_lo,-6.739,lte,P1_long_cash,189,9,0.0584,0.17,-11.94,9.82,1566,True
gold_copper_zscore_504d,Tp90_lo,2.084,lte,P2_long_short,42,2,0.0584,-1.16,-52.49,19.31,1566,True
gold_copper_mom_21d,Tp50_hi,0.098,gte,P1_long_cash,210,10,0.0578,-0.68,-41.93,30.57,1566,True
gold_copper_roc_21d,Tp50_hi,0.0209,gte,P1_long_cash,210,10,0.0578,-0.68,-41.93,30.57,1566,True
gold_copper_roc_63d,Tp75_hi,7.5433,gte,P1_long_cash,0,0,0.0576,-0.42,-42.01,9.01,1566,True
gold_copper_pctrank_504d,Tz1_hi,1.0,gte,P1_long_cash,42,2,0.0571,0.13,-5.08,11.26,1566,True
gold_copper_zscore_504d,Tfix03_lo,0.3,lte,P1_long_cash,168,8,0.0554,0.04,-21.64,3.86,1566,True
gold_copper_zscore_252d,Tp75_hi,1.0726,gte,P2_long_short,252,12,0.0535,-1.26,-59.86,31.86,1566,True
gold_copper_zscore_504d,Tp90_lo,2.084,lte,P2_long_short,63,3,0.0525,-1.29,-56.22,19.63,1566,True
gold_copper_mom_21d,Trp25_lo,-15.533,lte,P2_long_short,210,10,0.0525,-1.28,-48.62,49.56,1566,True
gold_copper_mom_21d,Tp25_lo,-15.533,lte,P2_long_short,210,10,0.0525,-1.28,-48.62,49.56,1566,True
gold_copper_roc_63d,Tzn1_lo,-1.0,lte,P1_long_cash,252,12,0.0519,-0.57,-38.81,18.02,1566,True
gold_copper_roc_63d,Tz1_lo,-1.0,lte,P1_long_cash,252,12,0.0519,-0.57,-38.81,18.02,1566,True
gold_copper_pctrank_1260d,Tfix03_lo,0.3,lte,P1_long_cash,168,8,0.0508,0.06,-20.74,2.25,1566,True
gold_copper_pctrank_1260d,Tz1_hi,1.0,gte,P1_long_cash,168,8,0.0506,0.09,-3.28,1.93,1566,True
gold_copper_roc_126d,Tp50_lo,0.8514,lte,P2_long_short,0,0,0.0478,-1.38,-43.46,20.6,1566,True
gold_copper_roc_5d,Tfix07_hi,0.7,gte,P1_long_cash,126,6,0.0466,-0.44,-27.84,55.84,1566,True
gold_copper_mom_252d,Tp90_hi,132.6641,gte,P1_long_cash,126,6,0.0463,-0.26,-36.76,5.15,1566,True
gold_copper_roc_63d,Tz1_hi,1.0,gte,P1_long_cash,105,5,0.0462,-0.67,-42.33,20.6,1566,True
gold_copper_acceleration,Tp25_hi,-6.2874,gte,P2_long_short,42,2,0.0459,-1.43,-42.33,52.14,1566,True
gold_copper_pctrank_504d,Tfix03_lo,0.3,lte,P1_long_cash,189,9,0.0452,-0.0,-22.68,6.11,1566,True
gold_copper_pctrank_1260d,Tp90_hi,0.9349,gte,P2_long_short,42,2,0.0441,-1.46,-59.36,6.11,1566,True
gold_copper_zscore_126d,Tp50_hi,-0.0334,gte,P2_long_short,21,1,0.0438,-1.48,-56.19,33.15,1566,True
gold_copper_pctrank_1260d,Trp25_lo,0.3169,lte,P1_long_cash,84,4,0.0438,0.03,-22.76,2.9,1566,True
gold_copper_pctrank_1260d,Tp25_lo,0.3169,lte,P1_long_cash,84,4,0.0438,0.03,-22.76,2.9,1566,True
gold_copper_mom_252d,Tz1_lo,-1.0,lte,P1_long_cash,168,8,0.0433,-0.03,-21.64,5.79,1566,True
gold_copper_acceleration,Tp50_lo,-0.0707,lte,P2_long_short,63,3,0.0433,-1.49,-38.64,69.52,1566,True
gold_copper_mom_252d,Tzn1_lo,-1.0,lte,P1_long_cash,168,8,0.0433,-0.03,-21.64,5.79,1566,True
gold_copper_mom_63d,Tp50_lo,0.758,lte,P2_long_short,189,9,0.0433,-1.48,-51.64,39.59,1566,True
gold_copper_zscore_126d,Tp50_lo,-0.0334,lte,P1_long_cash,252,12,0.0432,-0.62,-42.3,16.09,1566,True
gold_copper_mom_21d,Tz1_hi,1.0,gte,P1_long_cash,210,10,0.0429,-0.94,-41.89,29.61,1566,True
gold_copper_roc_126d,Tp50_lo,0.8514,lte,P2_long_short,63,3,0.0419,-1.49,-56.71,22.53,1566,True
gold_copper_roc_63d,Trp25_lo,-6.739,lte,P2_long_short,84,4,0.0413,-1.5,-55.56,19.95,1566,True
gold_copper_roc_63d,Tp25_lo,-6.739,lte,P2_long_short,84,4,0.0413,-1.5,-55.56,19.95,1566,True
gold_copper_zscore_504d,Tp90_hi,2.084,gte,P2_long_short,252,12,0.041,-1.53,-51.55,13.52,1566,True
gold_copper_roc_21d,Tp50_lo,0.0209,lte,P2_long_short,168,8,0.0408,-1.53,-41.76,60.18,1566,True
gold_copper_mom_21d,Tp50_lo,0.098,lte,P2_long_short,168,8,0.0408,-1.53,-41.76,60.18,1566,True
gold_copper_acceleration,Tz1_hi,1.0,gte,P2_long_short,231,11,0.0405,-1.53,-53.76,64.69,1566,True
gold_copper_acceleration,Tp25_lo,-6.2874,lte,P1_long_cash,189,9,0.0404,-0.02,-26.6,25.1,1566,True
gold_copper_mom_63d,Tzn1_lo,-1.0,lte,P1_long_cash,231,11,0.0404,-0.82,-42.33,20.92,1566,True
gold_copper_acceleration,Trp25_lo,-6.2874,lte,P1_long_cash,189,9,0.0404,-0.02,-26.6,25.1,1566,True
gold_copper_mom_63d,Tz1_lo,-1.0,lte,P1_long_cash,231,11,0.0404,-0.82,-42.33,20.92,1566,True
gold_copper_mom_21d,Tp90_hi,32.7891,gte,P1_long_cash,0,0,0.0403,-0.38,-36.24,11.26,1566,True
gold_copper_roc_5d,Tfix03_lo,0.3,lte,P2_long_short,42,2,0.0403,-1.56,-44.16,107.49,1566,False
gold_copper_roc_21d,Trp25_lo,-4.0484,lte,P2_long_short,210,10,0.0401,-1.55,-49.91,41.52,1566,True
gold_copper_roc_21d,Tp25_lo,-4.0484,lte,P2_long_short,210,10,0.0401,-1.55,-49.91,41.52,1566,True
gold_copper_mom_21d,Tp90_lo,32.7891,lte,P2_long_short,84,4,0.0396,-1.57,-46.98,20.6,1566,True
gold_copper_zscore_252d,Tp90_hi,2.0171,gte,P2_long_short,252,12,0.0387,-1.58,-43.99,16.41,1566,True
gold_copper_roc_63d,Tp75_lo,7.5433,lte,P1_long_cash,210,10,0.0381,-0.93,-34.53,7.08,1566,True
gold_copper_mom_63d,Tp50_hi,0.758,gte,P1_long_cash,0,0,0.0375,-1.09,-42.33,20.6,1566,True
gold_copper_mom_63d,Tfix07_hi,0.7,gte,P1_long_cash,0,0,0.0375,-1.09,-42.33,20.6,1566,True
gold_copper_zscore_252d,Tfix03_lo,0.3,lte,P1_long_cash,252,12,0.0374,-0.69,-39.4,11.26,1566,True
gold_copper_roc_21d,Tfix07_hi,0.7,gte,P2_long_short,189,9,0.0373,-1.61,-43.84,61.79,1566,True
gold_copper_acceleration,Tz1_hi,1.0,gte,P1_long_cash,42,2,0.0362,-0.83,-36.05,30.74,1566,True
gold_copper_pctrank_1260d,Tp90_lo,0.9349,lte,P2_long_short,63,3,0.0358,-1.65,-50.15,6.11,1566,True
gold_copper_zscore_504d,Tz1_hi,1.0,gte,P2_long_short,21,1,0.0358,-1.65,-43.47,18.02,1566,True
gold_copper_roc_63d,Tfix07_hi,0.7,gte,P1_long_cash,0,0,0.0347,-1.1,-42.33,23.49,1566,True
gold_copper_roc_63d,Tzn1_lo,-1.0,lte,P2_long_short,21,1,0.0343,-1.67,-45.91,37.01,1566,True
gold_copper_roc_63d,Tz1_lo,-1.0,lte,P2_long_short,21,1,0.0343,-1.67,-45.91,37.01,1566,True
gold_copper_acceleration,Tp50_lo,-0.0707,lte,P1_long_cash,126,6,0.0342,-0.99,-40.1,34.44,1566,True
gold_copper_roc_21d,Tzn1_lo,-1.0,lte,P1_long_cash,231,11,0.0341,-0.58,-28.17,34.6,1566,True
gold_copper_roc_21d,Tz1_lo,-1.0,lte,P1_long_cash,231,11,0.0341,-0.58,-28.17,34.6,1566,True
gold_copper_roc_21d,Tfix07_hi,0.7,gte,P1_long_cash,210,10,0.034,-1.04,-41.6,31.54,1566,True
gold_copper_pctrank_504d,Tfix03_lo,0.3,lte,P1_long_cash,63,3,0.0326,-0.05,-17.98,6.11,1566,True
gold_copper_roc_21d,Tp75_hi,4.3669,gte,P2_long_short,63,3,0.0302,-1.76,-43.36,33.47,1566,True
gold_copper_zscore_252d,Tp90_lo,2.0171,lte,P2_long_short,231,11,0.0298,-1.78,-42.66,15.45,1566,True
gold_copper_roc_63d,Tp50_lo,0.2018,lte,P2_long_short,189,9,0.0296,-1.78,-51.65,41.52,1566,True
gold_copper_roc_5d,Tp90_hi,4.3297,gte,P2_long_short,42,2,0.0286,-1.77,-57.79,33.47,1566,True
gold_copper_zscore_504d,Tfix03_lo,0.3,lte,P1_long_cash,210,10,0.0272,-0.38,-21.64,4.34,1566,True
gold_copper_zscore_126d,Tp50_hi,-0.0334,gte,P2_long_short,210,10,0.0264,-1.86,-43.7,34.11,1566,True
gold_copper_mom_252d,Trp25_lo,-53.7187,lte,P1_long_cash,126,6,0.0258,-0.11,-19.81,0.97,1566,True
gold_copper_mom_252d,Tp25_lo,-53.7187,lte,P1_long_cash,126,6,0.0258,-0.11,-19.81,0.97,1566,True
gold_copper_pctrank_504d,Tp90_lo,0.9722,lte,P2_long_short,63,3,0.0257,-1.87,-55.18,25.43,1566,True
gold_copper_acceleration,Tfix07_hi,0.7,gte,P1_long_cash,42,2,0.0256,-1.03,-36.05,31.38,1566,True
gold_copper_zscore_504d,Tp75_lo,1.0903,lte,P2_long_short,105,5,0.0255,-1.87,-52.37,22.53,1566,True
gold_copper_pctrank_1260d,Tfix07_hi,0.7,gte,P2_long_short,42,2,0.0252,-1.88,-43.79,10.3,1566,True
gold_copper_mom_252d,Tp75_hi,65.8527,gte,P2_long_short,147,7,0.0243,-1.9,-42.33,29.61,1566,True
gold_copper_mom_21d,Tp90_lo,32.7891,lte,P2_long_short,252,12,0.0236,-1.91,-42.81,26.39,1566,True
gold_copper_mom_21d,Tfix07_hi,0.7,gte,P1_long_cash,210,10,0.0231,-1.31,-42.15,29.29,1566,True
gold_copper_mom_63d,Tp90_lo,61.1186,lte,P2_long_short,231,11,0.023,-1.93,-47.74,16.74,1566,True
gold_copper_roc_126d,Tz1_lo,-1.0,lte,P1_long_cash,189,9,0.0226,-0.23,-24.35,12.87,1566,True
gold_copper_roc_126d,Tzn1_lo,-1.0,lte,P1_long_cash,189,9,0.0226,-0.23,-24.35,12.87,1566,True
gold_copper_acceleration,Tfix03_lo,0.3,lte,P2_long_short,63,3,0.0223,-1.95,-40.15,66.94,1566,True
gold_copper_acceleration,Tp50_lo,-0.0707,lte,P2_long_short,168,8,0.0223,-1.95,-55.5,70.48,1566,True
gold_copper_mom_63d,Tp75_hi,28.7156,gte,P2_long_short,189,9,0.0219,-1.95,-46.83,17.06,1566,True
gold_copper_acceleration,Tp75_hi,6.1247,gte,P1_long_cash,252,12,0.0219,-0.41,-40.24,20.11,1566,True
gold_copper_pctrank_1260d,Tp50_lo,0.5612,lte,P1_long_cash,168,8,0.0218,-0.33,-21.64,6.11,1566,True
gold_copper_roc_63d,Tz1_hi,1.0,gte,P2_long_short,168,8,0.0212,-1.97,-42.33,40.87,1566,True
gold_copper_mom_252d,Trp25_lo,-53.7187,lte,P1_long_cash,252,12,0.0208,-0.22,-21.64,0.97,1566,True
gold_copper_mom_252d,Tp25_lo,-53.7187,lte,P1_long_cash,252,12,0.0208,-0.22,-21.64,0.97,1566,True
gold_copper_zscore_126d,Tp75_lo,1.18,lte,P2_long_short,42,2,0.0203,-1.99,-57.52,32.83,1566,True
gold_copper_mom_63d,Tp50_lo,0.758,lte,P2_long_short,126,6,0.0195,-2.0,-42.95,38.94,1566,True
gold_copper_roc_126d,Trp25_lo,-9.8165,lte,P1_long_cash,231,11,0.0186,-0.18,-19.81,3.22,1566,True
gold_copper_roc_126d,Tp25_lo,-9.8165,lte,P1_long_cash,231,11,0.0186,-0.18,-19.81,3.22,1566,True
gold_copper_mom_63d,Tzn1_lo,-1.0,lte,P1_long_cash,252,12,0.018,-1.2,-43.21,20.28,1566,True
gold_copper_mom_63d,Tz1_lo,-1.0,lte,P1_long_cash,252,12,0.018,-1.2,-43.21,20.28,1566,True
gold_copper_roc_21d,Tz1_lo,-1.0,lte,P2_long_short,168,8,0.0175,-2.04,-43.17,70.8,1566,True
gold_copper_roc_21d,Tzn1_lo,-1.0,lte,P2_long_short,168,8,0.0175,-2.04,-43.17,70.8,1566,True
gold_copper_pctrank_1260d,Tp50_lo,0.5612,lte,P1_long_cash,210,10,0.0165,-0.54,-24.99,6.6,1566,True
gold_copper_acceleration,Tp25_hi,-6.2874,gte,P2_long_short,231,11,0.0163,-2.05,-53.64,49.89,1566,True
gold_copper_mom_21d,Tp50_hi,0.098,gte,P2_long_short,105,5,0.0162,-2.08,-50.78,62.44,1566,True
gold_copper_roc_21d,Tp50_hi,0.0209,gte,P2_long_short,105,5,0.0162,-2.08,-50.78,62.44,1566,True
gold_copper_mom_21d,Tp90_hi,32.7891,gte,P2_long_short,42,2,0.0159,-2.05,-58.53,21.89,1566,True
gold_copper_roc_126d,Tp90_hi,26.555,gte,P1_long_cash,147,7,0.0157,-0.68,-32.16,6.11,1566,True
gold_copper_pctrank_1260d,Tp75_hi,0.8221,gte,P2_long_short,231,11,0.0151,-2.09,-49.33,9.33,1566,True
gold_copper_zscore_504d,Tz1_hi,1.0,gte,P2_long_short,84,4,0.0148,-2.11,-42.33,18.02,1566,True
gold_copper_zscore_504d,Tp75_lo,1.0903,lte,P2_long_short,0,0,0.0146,-2.1,-43.74,21.89,1566,True
gold_copper_acceleration,Tp50_hi,-0.0707,gte,P2_long_short,0,0,0.0145,-2.08,-61.17,69.84,1566,True
gold_copper_roc_126d,Tfix03_lo,0.3,lte,P1_long_cash,252,12,0.0144,-0.57,-33.26,11.26,1566,True
gold_copper_zscore_504d,Tp50_lo,-0.0203,lte,P1_long_cash,84,4,0.0136,-0.33,-21.64,1.93,1566,True
gold_copper_zscore_252d,Tp90_hi,2.0171,gte,P1_long_cash,168,8,0.0135,-0.95,-42.33,8.85,1566,True
gold_copper_roc_63d,Tz1_hi,1.0,gte,P2_long_short,84,4,0.0134,-2.13,-50.78,41.2,1566,True
gold_copper_zscore_504d,Tz1_lo,-1.0,lte,P1_long_cash,147,7,0.0128,-0.16,-15.89,3.54,1566,True
gold_copper_zscore_504d,Tzn1_lo,-1.0,lte,P1_long_cash,147,7,0.0128,-0.16,-15.89,3.54,1566,True
gold_copper_roc_21d,Tp25_lo,-4.0484,lte,P1_long_cash,21,1,0.0127,-0.21,-25.63,19.31,1566,True
gold_copper_roc_21d,Trp25_lo,-4.0484,lte,P1_long_cash,21,1,0.0127,-0.21,-25.63,19.31,1566,True
gold_copper_roc_126d,Tp50_lo,0.8514,lte,P1_long_cash,252,12,0.0124,-0.66,-28.67,11.26,1566,True
gold_copper_roc_63d,Tfix03_lo,0.3,lte,P2_long_short,126,6,0.0124,-2.15,-43.51,42.8,1566,True
gold_copper_zscore_504d,Tfix03_lo,0.3,lte,P1_long_cash,189,9,0.0122,-0.43,-21.64,4.02,1566,True
gold_copper_zscore_504d,Tp50_lo,-0.0203,lte,P1_long_cash,189,9,0.012,-0.39,-21.64,2.25,1566,True
gold_copper_roc_126d,Tp75_lo,11.28,lte,P2_long_short,63,3,0.0118,-2.17,-55.73,17.7,1566,True
gold_copper_roc_5d,Tp75_lo,2.0649,lte,P2_long_short,63,3,0.0117,-2.18,-46.01,87.54,1566,True
gold_copper_pctrank_504d,Tp90_hi,0.9722,gte,P2_long_short,63,3,0.0098,-2.2,-55.38,25.43,1566,True
gold_copper_acceleration,Tfix07_hi,0.7,gte,P2_long_short,63,3,0.0097,-2.2,-49.28,65.01,1566,True
gold_copper_mom_21d,Tp75_hi,16.087,gte,P2_long_short,42,2,0.0094,-2.21,-51.01,45.38,1566,True
gold_copper_pctrank_1260d,Tfix03_lo,0.3,lte,P1_long_cash,189,9,0.009,-0.33,-22.34,2.57,1566,True
gold_copper_pctrank_1260d,Tfix07_hi,0.7,gte,P2_long_short,63,3,0.009,-2.23,-43.9,10.3,1566,True
gold_copper_zscore_252d,Tzn1_lo,-1.0,lte,P1_long_cash,168,8,0.0089,-0.13,-15.69,3.54,1566,True
gold_copper_zscore_252d,Tz1_lo,-1.0,lte,P1_long_cash,168,8,0.0089,-0.13,-15.69,3.54,1566,True
gold_copper_pctrank_504d,Tp25_lo,0.1605,lte,P1_long_cash,105,5,0.0085,-0.15,-11.16,8.37,1566,True
gold_copper_pctrank_504d,Trp25_lo,0.1605,lte,P1_long_cash,105,5,0.0085,-0.15,-11.16,8.37,1566,True
gold_copper_pctrank_504d,Tp50_lo,0.5268,lte,P1_long_cash,147,7,0.0078,-0.4,-20.94,3.54,1566,True
gold_copper_roc_5d,Tp25_hi,-2.0781,gte,P2_long_short,126,6,0.0074,-2.28,-50.75,87.22,1566,True
gold_copper_roc_126d,Tp25_lo,-9.8165,lte,P1_long_cash,252,12,0.0069,-0.25,-19.81,3.22,1566,True
gold_copper_roc_126d,Trp25_lo,-9.8165,lte,P1_long_cash,252,12,0.0069,-0.25,-19.81,3.22,1566,True
gold_copper_roc_63d,Tp50_hi,0.2018,gte,P1_long_cash,0,0,0.0054,-1.68,-42.33,21.89,1566,True
gold_copper_pctrank_1260d,Tp75_lo,0.8221,lte,P2_long_short,126,6,0.004,-2.34,-54.51,10.3,1566,True
gold_copper_roc_21d,Tp75_lo,4.3669,lte,P2_long_short,84,4,0.0037,-2.35,-50.12,32.83,1566,True
gold_copper_roc_63d,Tp50_hi,0.2018,gte,P2_long_short,126,6,0.0036,-2.35,-44.04,40.87,1566,True
gold_copper_acceleration,Tp50_hi,-0.0707,gte,P1_long_cash,42,2,0.0035,-1.5,-38.99,34.28,1566,True
gold_copper_zscore_504d,Tp90_lo,2.084,lte,P2_long_short,231,11,0.0031,-2.36,-52.53,14.8,1566,True
gold_copper_roc_126d,Trp25_lo,-9.8165,lte,P1_long_cash,210,10,0.003,-0.23,-15.89,3.22,1566,True
gold_copper_roc_126d,Tp25_lo,-9.8165,lte,P1_long_cash,210,10,0.003,-0.23,-15.89,3.22,1566,True
gold_copper_zscore_252d,Tfix03_lo,0.3,lte,P2_long_short,0,0,0.0027,-2.36,-50.54,21.24,1566,True
gold_copper_mom_252d,Tz1_lo,-1.0,lte,P1_long_cash,210,10,0.0014,-0.51,-21.64,6.28,1566,True
gold_copper_mom_252d,Tzn1_lo,-1.0,lte,P1_long_cash,210,10,0.0014,-0.51,-21.64,6.28,1566,True
gold_copper_mom_252d,Tp25_lo,-53.7187,lte,P1_long_cash,231,11,0.0013,-0.4,-21.64,0.97,1566,True
gold_copper_mom_252d,Trp25_lo,-53.7187,lte,P1_long_cash,231,11,0.0013,-0.4,-21.64,0.97,1566,True
gold_copper_pctrank_504d,Tp75_hi,0.841,gte,P1_long_cash,84,4,0.0009,-1.36,-47.27,9.66,1566,True
gold_copper_acceleration,Tp25_hi,-6.2874,gte,P2_long_short,0,0,0.0007,-2.4,-38.12,53.1,1566,True
gold_copper_mom_21d,Tp50_hi,0.098,gte,P2_long_short,21,1,0.0006,-2.41,-53.62,62.76,1566,True
gold_copper_roc_21d,Tp50_hi,0.0209,gte,P2_long_short,21,1,0.0006,-2.41,-53.62,62.76,1566,True
gold_copper_mom_63d,Tfix03_lo,0.3,lte,P1_long_cash,252,12,0.0005,-1.59,-48.37,19.31,1566,True
gold_copper_roc_5d,Tp75_hi,2.0649,gte,P2_long_short,21,1,0.0002,-2.39,-52.47,88.83,1566,True
gold_copper_acceleration,Tz1_hi,1.0,gte,P2_long_short,63,3,0.0001,-2.41,-49.08,63.72,1566,True
gold_copper_pctrank_504d,Tzn1_lo,-1.0,lte,P1_long_cash,126,6,0.0,0.0,0.0,0.0,1566,False
gold_copper_pctrank_504d,Tz1_lo,-1.0,lte,P1_long_cash,84,4,0.0,0.0,0.0,0.0,1566,False
gold_copper_pctrank_504d,Tz1_lo,-1.0,lte,P1_long_cash,105,5,0.0,0.0,0.0,0.0,1566,False
gold_copper_pctrank_504d,Tz1_lo,-1.0,lte,P1_long_cash,252,12,0.0,0.0,0.0,0.0,1566,False
gold_copper_pctrank_504d,Tz1_lo,-1.0,lte,P1_long_cash,168,8,0.0,0.0,0.0,0.0,1566,False
gold_copper_pctrank_504d,Tz1_lo,-1.0,lte,P1_long_cash,189,9,0.0,0.0,0.0,0.0,1566,False
gold_copper_pctrank_504d,Tz1_lo,-1.0,lte,P1_long_cash,126,6,0.0,0.0,0.0,0.0,1566,False
gold_copper_pctrank_504d,Tz1_lo,-1.0,lte,P1_long_cash,147,7,0.0,0.0,0.0,0.0,1566,False
gold_copper_pctrank_1260d,Tzn1_lo,-1.0,lte,P1_long_cash,252,12,0.0,0.0,0.0,0.0,1566,False
gold_copper_pctrank_1260d,Tzn1_lo,-1.0,lte,P1_long_cash,189,9,0.0,0.0,0.0,0.0,1566,False
gold_copper_pctrank_1260d,Tzn1_lo,-1.0,lte,P1_long_cash,0,0,0.0,0.0,0.0,0.0,1566,False
gold_copper_pctrank_1260d,Tzn1_lo,-1.0,lte,P1_long_cash,21,1,0.0,0.0,0.0,0.0,1566,False
gold_copper_pctrank_1260d,Tzn1_lo,-1.0,lte,P1_long_cash,63,3,0.0,0.0,0.0,0.0,1566,False
gold_copper_pctrank_1260d,Tzn1_lo,-1.0,lte,P1_long_cash,42,2,0.0,0.0,0.0,0.0,1566,False
gold_copper_pctrank_1260d,Tzn1_lo,-1.0,lte,P1_long_cash,105,5,0.0,0.0,0.0,0.0,1566,False
gold_copper_pctrank_1260d,Tzn1_lo,-1.0,lte,P1_long_cash,84,4,0.0,0.0,0.0,0.0,1566,False
gold_copper_pctrank_1260d,Tzn1_lo,-1.0,lte,P1_long_cash,210,10,0.0,0.0,0.0,0.0,1566,False
gold_copper_pctrank_504d,Tz1_lo,-1.0,lte,P1_long_cash,210,10,0.0,0.0,0.0,0.0,1566,False
gold_copper_pctrank_1260d,Tzn1_lo,-1.0,lte,P1_long_cash,231,11,0.0,0.0,0.0,0.0,1566,False
gold_copper_pctrank_1260d,Tzn1_lo,-1.0,lte,P1_long_cash,147,7,0.0,0.0,0.0,0.0,1566,False
gold_copper_pctrank_504d,Tz1_lo,-1.0,lte,P1_long_cash,231,11,0.0,0.0,0.0,0.0,1566,False
gold_copper_pctrank_504d,Tzn1_lo,-1.0,lte,P1_long_cash,21,1,0.0,0.0,0.0,0.0,1566,False
gold_copper_pctrank_1260d,Tzn1_lo,-1.0,lte,P1_long_cash,168,8,0.0,0.0,0.0,0.0,1566,False
gold_copper_pctrank_1260d,Tzn1_lo,-1.0,lte,P1_long_cash,126,6,0.0,0.0,0.0,0.0,1566,False
gold_copper_pctrank_1260d,Tz1_lo,-1.0,lte,P1_long_cash,126,6,0.0,0.0,0.0,0.0,1566,False
gold_copper_pctrank_504d,Tzn1_lo,-1.0,lte,P1_long_cash,0,0,0.0,0.0,0.0,0.0,1566,False
gold_copper_pctrank_504d,Tz1_lo,-1.0,lte,P1_long_cash,42,2,0.0,0.0,0.0,0.0,1566,False
gold_copper_pctrank_1260d,Tz1_lo,-1.0,lte,P1_long_cash,63,3,0.0,0.0,0.0,0.0,1566,False
gold_copper_pctrank_504d,Tz1_lo,-1.0,lte,P1_long_cash,21,1,0.0,0.0,0.0,0.0,1566,False
gold_copper_pctrank_504d,Tz1_lo,-1.0,lte,P1_long_cash,0,0,0.0,0.0,0.0,0.0,1566,False
gold_copper_pctrank_504d,Tzn1_lo,-1.0,lte,P1_long_cash,147,7,0.0,0.0,0.0,0.0,1566,False
gold_copper_pctrank_1260d,Tz1_lo,-1.0,lte,P1_long_cash,147,7,0.0,0.0,0.0,0.0,1566,False
gold_copper_pctrank_1260d,Tz1_lo,-1.0,lte,P1_long_cash,84,4,0.0,0.0,0.0,0.0,1566,False
gold_copper_pctrank_1260d,Tz1_lo,-1.0,lte,P1_long_cash,105,5,0.0,0.0,0.0,0.0,1566,False
gold_copper_pctrank_504d,Tzn1_lo,-1.0,lte,P1_long_cash,189,9,0.0,0.0,0.0,0.0,1566,False
gold_copper_pctrank_1260d,Tz1_lo,-1.0,lte,P1_long_cash,231,11,0.0,0.0,0.0,0.0,1566,False
gold_copper_pctrank_1260d,Tz1_lo,-1.0,lte,P1_long_cash,252,12,0.0,0.0,0.0,0.0,1566,False
gold_copper_pctrank_504d,Tzn1_lo,-1.0,lte,P1_long_cash,210,10,0.0,0.0,0.0,0.0,1566,False
gold_copper_pctrank_504d,Tzn1_lo,-1.0,lte,P1_long_cash,168,8,0.0,0.0,0.0,0.0,1566,False
gold_copper_pctrank_504d,Tz1_lo,-1.0,lte,P1_long_cash,63,3,0.0,0.0,0.0,0.0,1566,False
gold_copper_pctrank_504d,Tzn1_lo,-1.0,lte,P1_long_cash,231,11,0.0,0.0,0.0,0.0,1566,False
gold_copper_pctrank_504d,Tzn1_lo,-1.0,lte,P1_long_cash,252,12,0.0,0.0,0.0,0.0,1566,False
gold_copper_pctrank_1260d,Tz1_lo,-1.0,lte,P1_long_cash,0,0,0.0,0.0,0.0,0.0,1566,False
gold_copper_pctrank_1260d,Tz1_lo,-1.0,lte,P1_long_cash,21,1,0.0,0.0,0.0,0.0,1566,False
gold_copper_pctrank_1260d,Tz1_lo,-1.0,lte,P1_long_cash,42,2,0.0,0.0,0.0,0.0,1566,False
gold_copper_pctrank_1260d,Tz1_lo,-1.0,lte,P1_long_cash,168,8,0.0,0.0,0.0,0.0,1566,False
gold_copper_pctrank_1260d,Tz1_lo,-1.0,lte,P1_long_cash,210,10,0.0,0.0,0.0,0.0,1566,False
gold_copper_pctrank_1260d,Tz1_lo,-1.0,lte,P1_long_cash,189,9,0.0,0.0,0.0,0.0,1566,False
gold_copper_pctrank_504d,Tzn1_lo,-1.0,lte,P1_long_cash,42,2,0.0,0.0,0.0,0.0,1566,False
gold_copper_pctrank_504d,Tzn1_lo,-1.0,lte,P1_long_cash,105,5,0.0,0.0,0.0,0.0,1566,False
gold_copper_pctrank_504d,Tzn1_lo,-1.0,lte,P1_long_cash,63,3,0.0,0.0,0.0,0.0,1566,False
gold_copper_pctrank_504d,Tzn1_lo,-1.0,lte,P1_long_cash,84,4,0.0,0.0,0.0,0.0,1566,False
gold_copper_roc_5d,Tp75_lo,2.0649,lte,P2_long_short,21,1,-0.0002,-2.46,-53.14,88.83,1566,False
gold_copper_zscore_252d,Trp25_lo,-0.9767,lte,P1_long_cash,210,10,-0.0003,-0.21,-12.77,2.9,1566,False
gold_copper_zscore_252d,Tp25_lo,-0.9767,lte,P1_long_cash,210,10,-0.0003,-0.21,-12.77,2.9,1566,False
gold_copper_zscore_252d,Tz1_hi,1.0,gte,P2_long_short,126,6,-0.0004,-2.44,-42.33,31.86,1566,False
gold_copper_roc_21d,Tp50_lo,0.0209,lte,P2_long_short,21,1,-0.0006,-2.43,-47.6,62.76,1566,False
gold_copper_mom_21d,Tp50_lo,0.098,lte,P2_long_short,21,1,-0.0006,-2.43,-47.6,62.76,1566,False
gold_copper_roc_63d,Tz1_hi,1.0,gte,P2_long_short,147,7,-0.0006,-2.44,-47.03,40.55,1566,False
gold_copper_acceleration,Trp25_lo,-6.2874,lte,P2_long_short,0,0,-0.0007,-2.44,-40.47,53.1,1566,False
gold_copper_acceleration,Tp25_lo,-6.2874,lte,P2_long_short,0,0,-0.0007,-2.44,-40.47,53.1,1566,False
gold_copper_mom_63d,Tz1_hi,1.0,gte,P2_long_short,189,9,-0.0023,-2.47,-52.58,40.87,1566,False
gold_copper_pctrank_504d,Tfix03_lo,0.3,lte,P1_long_cash,210,10,-0.0028,-0.47,-22.58,6.11,1566,False
gold_copper_zscore_504d,Tp90_hi,2.084,gte,P2_long_short,231,11,-0.0031,-2.49,-48.8,14.8,1566,False
gold_copper_mom_252d,Tfix03_lo,0.3,lte,P1_long_cash,147,7,-0.0032,-0.44,-19.81,6.11,1566,False
gold_copper_roc_63d,Tp50_lo,0.2018,lte,P2_long_short,126,6,-0.0036,-2.5,-44.74,40.87,1566,False
gold_copper_roc_21d,Tp75_hi,4.3669,gte,P2_long_short,84,4,-0.0037,-2.5,-51.71,32.83,1566,False
gold_copper_roc_126d,Tfix03_lo,0.3,lte,P2_long_short,210,10,-0.0039,-2.5,-59.01,23.17,1566,False
gold_copper_zscore_252d,Tz1_hi,1.0,gte,P1_long_cash,105,5,-0.0042,-1.51,-42.33,16.09,1566,False
gold_copper_mom_252d,Tfix03_lo,0.3,lte,P1_long_cash,63,3,-0.0045,-0.38,-24.23,6.44,1566,False
gold_copper_roc_5d,Tp90_hi,4.3297,gte,P1_long_cash,126,6,-0.0047,-0.35,-18.82,15.77,1566,False
gold_copper_zscore_252d,Tz1_lo,-1.0,lte,P1_long_cash,189,9,-0.0049,-0.2,-10.7,3.54,1566,False
gold_copper_mom_63d,Tz1_hi,1.0,gte,P1_long_cash,0,0,-0.0049,-1.87,-42.33,21.24,1566,False
gold_copper_zscore_252d,Tzn1_lo,-1.0,lte,P1_long_cash,189,9,-0.0049,-0.2,-10.7,3.54,1566,False
gold_copper_mom_63d,Tz1_hi,1.0,gte,P2_long_short,126,6,-0.005,-2.53,-44.04,40.23,1566,False
gold_copper_pctrank_1260d,Tp75_hi,0.8221,gte,P2_long_short,126,6,-0.0051,-2.53,-47.1,10.62,1566,False
gold_copper_pctrank_1260d,Trp25_lo,0.3169,lte,P1_long_cash,42,2,-0.0052,-0.34,-13.66,2.9,1566,False
gold_copper_pctrank_1260d,Tp25_lo,0.3169,lte,P1_long_cash,42,2,-0.0052,-0.34,-13.66,2.9,1566,False
gold_copper_roc_126d,Tfix03_lo,0.3,lte,P1_long_cash,168,8,-0.0053,-0.55,-17.9,11.59,1566,False
gold_copper_pctrank_1260d,Tfix07_hi,0.7,gte,P2_long_short,0,0,-0.006,-2.56,-43.5,10.3,1566,False
gold_copper_pctrank_504d,Tp25_lo,0.1605,lte,P1_long_cash,189,9,-0.0065,-0.32,-17.73,8.37,1566,False
gold_copper_pctrank_504d,Trp25_lo,0.1605,lte,P1_long_cash,189,9,-0.0065,-0.32,-17.73,8.37,1566,False
gold_copper_roc_5d,Tp25_lo,-2.0781,lte,P2_long_short,126,6,-0.0074,-2.56,-52.2,87.22,1566,False
gold_copper_roc_5d,Trp25_lo,-2.0781,lte,P2_long_short,126,6,-0.0074,-2.56,-52.2,87.22,1566,False
gold_copper_roc_63d,Tp90_hi,17.0212,gte,P1_long_cash,126,6,-0.008,-0.26,-16.75,4.67,1566,False
gold_copper_zscore_126d,Trp25_lo,-1.0407,lte,P1_long_cash,147,7,-0.0081,-0.26,-18.59,9.66,1566,False
gold_copper_zscore_126d,Tp25_lo,-1.0407,lte,P1_long_cash,147,7,-0.0081,-0.26,-18.59,9.66,1566,False
gold_copper_roc_63d,Tz1_hi,1.0,gte,P1_long_cash,0,0,-0.009,-1.87,-42.33,22.21,1566,False
gold_copper_zscore_504d,Tfix03_lo,0.3,lte,P1_long_cash,126,6,-0.0093,-0.63,-21.64,4.02,1566,False
gold_copper_mom_21d,Tp75_lo,16.087,lte,P2_long_short,42,2,-0.0094,-2.63,-50.23,45.38,1566,False
gold_copper_zscore_504d,Tp50_lo,-0.0203,lte,P1_long_cash,147,7,-0.0099,-0.61,-21.64,1.61,1566,False
gold_copper_zscore_252d,Tz1_lo,-1.0,lte,P1_long_cash,210,10,-0.0104,-0.27,-11.82,3.54,1566,False
gold_copper_zscore_252d,Tzn1_lo,-1.0,lte,P1_long_cash,210,10,-0.0104,-0.27,-11.82,3.54,1566,False
gold_copper_roc_5d,Tp75_hi,2.0649,gte,P2_long_short,63,3,-0.0117,-2.67,-51.3,87.54,1566,False
gold_copper_roc_126d,Tp75_hi,11.28,gte,P2_long_short,63,3,-0.0118,-2.68,-56.37,17.7,1566,False
gold_copper_acceleration,Tzn1_lo,-1.0,lte,P1_long_cash,126,6,-0.0125,-1.67,-37.55,34.44,1566,False
gold_copper_acceleration,Tz1_lo,-1.0,lte,P1_long_cash,126,6,-0.0125,-1.67,-37.55,34.44,1566,False
gold_copper_mom_21d,Tz1_hi,1.0,gte,P1_long_cash,0,0,-0.0135,-1.85,-43.26,30.57,1566,False
gold_copper_mom_63d,Tfix03_lo,0.3,lte,P2_long_short,126,6,-0.0143,-2.73,-45.54,40.87,1566,False
gold_copper_acceleration,Tp50_lo,-0.0707,lte,P2_long_short,0,0,-0.0145,-2.77,-62.65,69.84,1566,False
gold_copper_zscore_504d,Tp75_hi,1.0903,gte,P2_long_short,0,0,-0.0146,-2.74,-44.01,21.89,1566,False
gold_copper_pctrank_1260d,Tfix03_lo,0.3,lte,P1_long_cash,21,1,-0.0149,-0.37,-17.35,2.25,1566,False
gold_copper_zscore_126d,Tz1_hi,1.0,gte,P2_long_short,105,5,-0.0152,-2.74,-55.26,32.18,1566,False
gold_copper_mom_21d,Tzn1_lo,-1.0,lte,P2_long_short,168,8,-0.0154,-2.75,-45.86,64.05,1566,False
gold_copper_mom_21d,Tz1_lo,-1.0,lte,P2_long_short,168,8,-0.0154,-2.75,-45.86,64.05,1566,False
gold_copper_acceleration,Tfix03_lo,0.3,lte,P1_long_cash,126,6,-0.0154,-1.91,-40.1,33.15,1566,False
gold_copper_mom_21d,Tp90_lo,32.7891,lte,P2_long_short,42,2,-0.0159,-2.8,-59.98,21.89,1566,False
gold_copper_roc_21d,Tp50_lo,0.0209,lte,P2_long_short,105,5,-0.0162,-2.77,-35.77,62.44,1566,False
gold_copper_mom_21d,Tp50_lo,0.098,lte,P2_long_short,105,5,-0.0162,-2.77,-35.77,62.44,1566,False
gold_copper_acceleration,Trp25_lo,-6.2874,lte,P2_long_short,231,11,-0.0163,-2.79,-46.76,49.89,1566,False
gold_copper_acceleration,Tp25_lo,-6.2874,lte,P2_long_short,231,11,-0.0163,-2.79,-46.76,49.89,1566,False
gold_copper_zscore_252d,Tz1_hi,1.0,gte,P2_long_short,252,12,-0.0164,-2.78,-60.97,29.93,1566,False
gold_copper_roc_5d,Tp25_lo,-2.0781,lte,P1_long_cash,231,11,-0.0168,-0.53,-18.54,41.03,1566,False
gold_copper_roc_5d,Trp25_lo,-2.0781,lte,P1_long_cash,231,11,-0.0168,-0.53,-18.54,41.03,1566,False
gold_copper_roc_5d,Tp50_lo,0.0074,lte,P1_long_cash,105,5,-0.0188,-1.69,-38.93,55.36,1566,False
gold_copper_zscore_504d,Tp50_lo,-0.0203,lte,P1_long_cash,0,0,-0.0188,-0.56,-23.25,1.93,1566,False
gold_copper_mom_63d,Tp50_hi,0.758,gte,P2_long_short,126,6,-0.0195,-2.85,-44.04,38.94,1566,False
gold_copper_mom_252d,Tz1_lo,-1.0,lte,P1_long_cash,147,7,-0.0195,-0.59,-19.81,5.79,1566,False
gold_copper_mom_63d,Tfix07_hi,0.7,gte,P2_long_short,126,6,-0.0195,-2.85,-44.04,38.94,1566,False
gold_copper_mom_252d,Tzn1_lo,-1.0,lte,P1_long_cash,147,7,-0.0195,-0.59,-19.81,5.79,1566,False
gold_copper_zscore_126d,Tfix07_hi,0.7,gte,P2_long_short,189,9,-0.0196,-2.84,-50.55,32.51,1566,False
gold_copper_zscore_126d,Tp75_hi,1.18,gte,P2_long_short,42,2,-0.0203,-2.85,-63.59,32.83,1566,False
gold_copper_mom_21d,Tz1_lo,-1.0,lte,P2_long_short,21,1,-0.0211,-2.87,-49.16,65.98,1566,False
gold_copper_mom_21d,Tzn1_lo,-1.0,lte,P2_long_short,21,1,-0.0211,-2.87,-49.16,65.98,1566,False
gold_copper_mom_63d,Tp75_lo,28.7156,lte,P2_long_short,189,9,-0.0219,-2.9,-53.01,17.06,1566,False
gold_copper_pctrank_1260d,Tfix03_lo,0.3,lte,P1_long_cash,84,4,-0.0221,-0.51,-25.14,2.25,1566,False
gold_copper_acceleration,Tp50_hi,-0.0707,gte,P2_long_short,168,8,-0.0223,-2.9,-61.37,70.48,1566,False
gold_copper_roc_63d,Tp75_hi,7.5433,gte,P1_long_cash,105,5,-0.0225,-1.01,-31.5,7.89,1566,False
gold_copper_mom_63d,Tp90_hi,61.1186,gte,P2_long_short,231,11,-0.023,-2.92,-46.99,16.74,1566,False
gold_copper_roc_63d,Tfix07_hi,0.7,gte,P2_long_short,126,6,-0.0231,-2.92,-44.04,43.45,1566,False
gold_copper_mom_21d,Tp90_hi,32.7891,gte,P2_long_short,252,12,-0.0236,-2.93,-46.65,26.39,1566,False
gold_copper_pctrank_1260d,Tfix03_lo,0.3,lte,P1_long_cash,42,2,-0.0237,-0.46,-12.01,2.25,1566,False
gold_copper_mom_252d,Tp75_lo,65.8527,lte,P2_long_short,147,7,-0.0243,-2.94,-54.01,29.61,1566,False
gold_copper_roc_63d,Tp50_lo,0.2018,lte,P1_long_cash,252,12,-0.0248,-2.05,-50.46,19.31,1566,False
gold_copper_zscore_504d,Tp75_hi,1.0903,gte,P2_long_short,105,5,-0.0255,-2.98,-42.33,22.53,1566,False
gold_copper_pctrank_1260d,Tp50_lo,0.5612,lte,P1_long_cash,126,6,-0.0261,-0.82,-21.64,6.11,1566,False
gold_copper_roc_5d,Tfix07_hi,0.7,gte,P1_long_cash,210,10,-0.0262,-1.75,-38.53,57.13,1566,False
gold_copper_zscore_126d,Tp50_lo,-0.0334,lte,P2_long_short,210,10,-0.0264,-2.99,-47.47,34.11,1566,False
gold_copper_pctrank_504d,Trp25_lo,0.1605,lte,P1_long_cash,42,2,-0.0267,-0.31,-14.62,8.37,1566,False
gold_copper_pctrank_504d,Tp25_lo,0.1605,lte,P1_long_cash,42,2,-0.0267,-0.31,-14.62,8.37,1566,False
gold_copper_zscore_126d,Tp90_hi,2.0703,gte,P1_long_cash,105,5,-0.0271,-0.31,-10.85,9.33,1566,False
gold_copper_zscore_252d,Tp75_hi,1.0726,gte,P2_long_short,126,6,-0.0271,-3.01,-42.33,32.51,1566,False
gold_copper_roc_63d,Tfix03_lo,0.3,lte,P2_long_short,189,9,-0.0277,-3.02,-55.32,43.45,1566,False
gold_copper_roc_5d,Tp90_lo,4.3297,lte,P2_long_short,42,2,-0.0286,-3.07,-59.67,33.47,1566,False
gold_copper_pctrank_504d,Tp75_lo,0.841,lte,P1_long_cash,231,11,-0.0295,-2.15,-42.33,8.85,1566,False
gold_copper_roc_63d,Tp50_hi,0.2018,gte,P2_long_short,189,9,-0.0296,-3.06,-54.43,41.52,1566,False
gold_copper_zscore_252d,Tp90_hi,2.0171,gte,P2_long_short,231,11,-0.0298,-3.06,-47.07,15.45,1566,False
gold_copper_roc_21d,Tp75_lo,4.3669,lte,P2_long_short,63,3,-0.0302,-3.08,-50.31,33.47,1566,False
gold_copper_roc_21d,Tp75_hi,4.3669,gte,P1_long_cash,147,7,-0.0303,-1.44,-42.64,17.54,1566,False
gold_copper_roc_5d,Tzn1_lo,-1.0,lte,P1_long_cash,231,11,-0.0304,-0.92,-28.43,46.83,1566,False
gold_copper_roc_5d,Tz1_lo,-1.0,lte,P1_long_cash,231,11,-0.0304,-0.92,-28.43,46.83,1566,False
gold_copper_zscore_504d,Tzn1_lo,-1.0,lte,P1_long_cash,42,2,-0.0304,-0.35,-11.64,3.54,1566,False
gold_copper_zscore_504d,Tz1_lo,-1.0,lte,P1_long_cash,42,2,-0.0304,-0.35,-11.64,3.54,1566,False
gold_copper_mom_63d,Tp50_lo,0.758,lte,P1_long_cash,252,12,-0.0321,-2.17,-50.31,18.34,1566,False
gold_copper_pctrank_1260d,Trp25_lo,0.3169,lte,P1_long_cash,21,1,-0.0328,-0.51,-16.72,2.9,1566,False
gold_copper_pctrank_1260d,Tp25_lo,0.3169,lte,P1_long_cash,21,1,-0.0328,-0.51,-16.72,2.9,1566,False
gold_copper_mom_252d,Tzn1_lo,-1.0,lte,P1_long_cash,63,3,-0.0339,-0.62,-24.23,6.11,1566,False
gold_copper_mom_252d,Tz1_lo,-1.0,lte,P1_long_cash,63,3,-0.0339,-0.62,-24.23,6.11,1566,False
gold_copper_roc_126d,Tp50_lo,0.8514,lte,P1_long_cash,168,8,-0.0342,-0.88,-21.5,10.62,1566,False
gold_copper_pctrank_1260d,Tp90_hi,0.9349,gte,P2_long_short,63,3,-0.0358,-3.19,-53.72,6.11,1566,False
gold_copper_zscore_504d,Tp25_lo,-1.0311,lte,P1_long_cash,168,8,-0.0376,-0.56,-19.81,3.54,1566,False
gold_copper_zscore_504d,Trp25_lo,-1.0311,lte,P1_long_cash,168,8,-0.0376,-0.56,-19.81,3.54,1566,False
gold_copper_pctrank_504d,Tfix03_lo,0.3,lte,P1_long_cash,168,8,-0.0387,-0.74,-22.29,6.11,1566,False
gold_copper_zscore_252d,Tp90_lo,2.0171,lte,P2_long_short,252,12,-0.0387,-3.26,-47.53,16.41,1566,False
gold_copper_roc_21d,Tp90_hi,8.7798,gte,P1_long_cash,105,5,-0.0388,-0.32,-10.03,8.05,1566,False
gold_copper_mom_21d,Tfix07_hi,0.7,gte,P1_long_cash,0,0,-0.0393,-2.32,-43.26,30.57,1566,False
gold_copper_mom_21d,Tp90_hi,32.7891,gte,P2_long_short,84,4,-0.0396,-3.27,-51.29,20.6,1566,False
gold_copper_roc_21d,Tp25_hi,-4.0484,gte,P2_long_short,210,10,-0.0401,-3.29,-45.87,41.52,1566,False
gold_copper_pctrank_1260d,Tp25_lo,0.3169,lte,P1_long_cash,252,12,-0.0402,-0.8,-20.13,3.54,1566,False
gold_copper_pctrank_1260d,Trp25_lo,0.3169,lte,P1_long_cash,252,12,-0.0402,-0.8,-20.13,3.54,1566,False
gold_copper_roc_21d,Tp50_hi,0.0209,gte,P2_long_short,168,8,-0.0408,-3.3,-46.67,60.18,1566,False
gold_copper_mom_252d,Tp50_lo,7.1738,lte,P1_long_cash,189,9,-0.0408,-0.9,-21.64,6.44,1566,False
gold_copper_mom_21d,Tp50_hi,0.098,gte,P2_long_short,168,8,-0.0408,-3.3,-46.67,60.18,1566,False
gold_copper_zscore_504d,Tp90_lo,2.084,lte,P2_long_short,252,12,-0.041,-3.31,-56.59,13.52,1566,False
gold_copper_roc_63d,Tp25_hi,-6.739,gte,P2_long_short,84,4,-0.0413,-3.34,-58.81,19.95,1566,False
gold_copper_pctrank_504d,Tp50_lo,0.5268,lte,P1_long_cash,105,5,-0.0415,-0.79,-19.81,4.18,1566,False
gold_copper_roc_126d,Tp50_hi,0.8514,gte,P2_long_short,63,3,-0.0419,-3.35,-57.12,22.53,1566,False
gold_copper_roc_63d,Tfix03_lo,0.3,lte,P1_long_cash,252,12,-0.0419,-2.35,-50.95,20.28,1566,False
gold_copper_acceleration,Tp50_hi,-0.0707,gte,P2_long_short,63,3,-0.0433,-3.35,-50.32,69.52,1566,False
gold_copper_mom_63d,Tp50_hi,0.758,gte,P2_long_short,189,9,-0.0433,-3.35,-56.08,39.59,1566,False
gold_copper_mom_63d,Tfix07_hi,0.7,gte,P2_long_short,189,9,-0.0433,-3.35,-56.08,39.59,1566,False
gold_copper_mom_63d,Tz1_lo,-1.0,lte,P2_long_short,126,6,-0.0438,-3.36,-47.71,42.16,1566,False
gold_copper_mom_63d,Tzn1_lo,-1.0,lte,P2_long_short,126,6,-0.0438,-3.36,-47.71,42.16,1566,False
gold_copper_zscore_126d,Tp50_lo,-0.0334,lte,P2_long_short,21,1,-0.0438,-3.36,-54.61,33.15,1566,False
gold_copper_pctrank_1260d,Tp90_lo,0.9349,lte,P2_long_short,42,2,-0.0441,-3.38,-61.11,6.11,1566,False
gold_copper_zscore_504d,Tz1_hi,1.0,gte,P2_long_short,105,5,-0.0441,-3.38,-42.33,18.02,1566,False
gold_copper_roc_63d,Tp50_hi,0.2018,gte,P1_long_cash,105,5,-0.0457,-2.34,-42.33,20.6,1566,False
gold_copper_acceleration,Tp25_lo,-6.2874,lte,P2_long_short,42,2,-0.0459,-3.41,-52.63,52.14,1566,False
gold_copper_acceleration,Trp25_lo,-6.2874,lte,P2_long_short,42,2,-0.0459,-3.41,-52.63,52.14,1566,False
gold_copper_zscore_252d,Tfix03_lo,0.3,lte,P1_long_cash,168,8,-0.0467,-1.05,-21.64,10.3,1566,False
gold_copper_roc_126d,Tfix03_lo,0.3,lte,P1_long_cash,231,11,-0.0476,-1.81,-41.21,11.26,1566,False
gold_copper_roc_126d,Tp50_hi,0.8514,gte,P2_long_short,0,0,-0.0478,-3.45,-49.41,20.6,1566,False
gold_copper_roc_63d,Tz1_lo,-1.0,lte,P1_long_cash,231,11,-0.0489,-2.22,-42.33,18.99,1566,False
gold_copper_roc_63d,Tzn1_lo,-1.0,lte,P1_long_cash,231,11,-0.0489,-2.22,-42.33,18.99,1566,False
gold_copper_mom_252d,Trp25_lo,-53.7187,lte,P1_long_cash,210,10,-0.0492,-0.84,-21.64,0.97,1566,False
gold_copper_mom_252d,Tp25_lo,-53.7187,lte,P1_long_cash,210,10,-0.0492,-0.84,-21.64,0.97,1566,False
gold_copper_roc_63d,Tfix07_hi,0.7,gte,P1_long_cash,105,5,-0.0493,-2.35,-42.33,21.89,1566,False
gold_copper_zscore_252d,Tp75_lo,1.0726,lte,P2_long_short,252,12,-0.0499,-3.49,-63.68,31.22,1566,False
gold_copper_acceleration,Tp90_hi,12.3637,gte,P1_long_cash,168,8,-0.0502,-0.4,-10.64,11.91,1566,False
gold_copper_zscore_504d,Trp25_lo,-1.0311,lte,P1_long_cash,42,2,-0.0503,-0.42,-10.01,3.54,1566,False
gold_copper_zscore_504d,Tp25_lo,-1.0311,lte,P1_long_cash,42,2,-0.0503,-0.42,-10.01,3.54,1566,False
gold_copper_mom_63d,Tfix07_hi,0.7,gte,P1_long_cash,105,5,-0.0506,-2.42,-42.33,19.63,1566,False
gold_copper_mom_63d,Tp50_hi,0.758,gte,P1_long_cash,105,5,-0.0506,-2.42,-42.33,19.63,1566,False
gold_copper_acceleration,Trp25_lo,-6.2874,lte,P1_long_cash,126,6,-0.0525,-1.72,-36.05,25.75,1566,False
gold_copper_zscore_504d,Tp90_hi,2.084,gte,P2_long_short,63,3,-0.0525,-3.54,-61.9,19.63,1566,False
gold_copper_acceleration,Tp25_lo,-6.2874,lte,P1_long_cash,126,6,-0.0525,-1.72,-36.05,25.75,1566,False
gold_copper_acceleration,Tfix07_hi,0.7,gte,P2_long_short,0,0,-0.0525,-3.52,-57.57,64.37,1566,False
gold_copper_mom_21d,Tp25_hi,-15.533,gte,P2_long_short,210,10,-0.0525,-3.55,-48.43,49.56,1566,False
gold_copper_mom_252d,Trp25_lo,-53.7187,lte,P1_long_cash,84,4,-0.0526,-0.64,-15.89,0.97,1566,False
gold_copper_mom_252d,Tp25_lo,-53.7187,lte,P1_long_cash,84,4,-0.0526,-0.64,-15.89,0.97,1566,False
gold_copper_roc_63d,Tzn1_lo,-1.0,lte,P2_long_short,189,9,-0.0528,-3.56,-56.62,38.3,1566,False
gold_copper_roc_63d,Tz1_lo,-1.0,lte,P2_long_short,189,9,-0.0528,-3.56,-56.62,38.3,1566,False
gold_copper_pctrank_504d,Tfix03_lo,0.3,lte,P1_long_cash,231,11,-0.0531,-1.05,-20.94,6.11,1566,False
gold_copper_zscore_252d,Tfix07_hi,0.7,gte,P2_long_short,105,5,-0.0531,-3.57,-42.33,29.61,1566,False
gold_copper_roc_21d,Tz1_hi,1.0,gte,P1_long_cash,168,8,-0.0542,-2.21,-48.9,30.41,1566,False
gold_copper_roc_21d,Tfix03_lo,0.3,lte,P2_long_short,189,9,-0.0545,-3.59,-55.59,59.22,1566,False
gold_copper_mom_63d,Tz1_hi,1.0,gte,P1_long_cash,105,5,-0.0554,-2.5,-42.33,20.28,1566,False
gold_copper_zscore_252d,Tp75_lo,1.0726,lte,P2_long_short,189,9,-0.0555,-3.62,-56.52,31.86,1566,False
gold_copper_roc_63d,Tz1_hi,1.0,gte,P2_long_short,126,6,-0.056,-3.63,-44.04,40.87,1566,False
gold_copper_roc_5d,Tp90_hi,4.3297,gte,P1_long_cash,189,9,-0.0562,-0.69,-14.29,16.25,1566,False
gold_copper_mom_21d,Tp50_hi,0.098,gte,P1_long_cash,0,0,-0.058,-2.65,-43.26,31.54,1566,False
gold_copper_roc_21d,Tp50_hi,0.0209,gte,P1_long_cash,0,0,-0.058,-2.65,-43.26,31.54,1566,False
gold_copper_zscore_504d,Tp90_hi,2.084,gte,P2_long_short,42,2,-0.0584,-3.67,-57.3,19.31,1566,False
gold_copper_zscore_504d,Tp75_lo,1.0903,lte,P2_long_short,21,1,-0.0589,-3.69,-49.02,22.53,1566,False
gold_copper_zscore_126d,Tp90_hi,2.0703,gte,P2_long_short,231,11,-0.0589,-3.68,-49.12,19.31,1566,False
gold_copper_pctrank_504d,Tp90_lo,0.9722,lte,P2_long_short,252,12,-0.0602,-3.72,-57.69,21.89,1566,False
gold_copper_zscore_252d,Tfix03_lo,0.3,lte,P2_long_short,84,4,-0.0609,-3.73,-49.27,22.53,1566,False
gold_copper_zscore_252d,Tp25_lo,-0.9767,lte,P1_long_cash,168,8,-0.0629,-0.6,-14.98,2.9,1566,False
gold_copper_zscore_252d,Trp25_lo,-0.9767,lte,P1_long_cash,168,8,-0.0629,-0.6,-14.98,2.9,1566,False
gold_copper_pctrank_1260d,Tfix07_hi,0.7,gte,P2_long_short,84,4,-0.0634,-3.79,-55.24,10.3,1566,False
gold_copper_roc_5d,Tp50_lo,0.0074,lte,P2_long_short,84,4,-0.064,-3.78,-52.4,108.46,1566,False
gold_copper_mom_252d,Tp90_hi,132.6641,gte,P2_long_short,168,8,-0.0652,-3.81,-56.86,9.33,1566,False
gold_copper_zscore_126d,Tp25_lo,-1.0407,lte,P2_long_short,105,5,-0.0653,-3.82,-53.72,19.95,1566,False
gold_copper_zscore_126d,Trp25_lo,-1.0407,lte,P2_long_short,105,5,-0.0653,-3.82,-53.72,19.95,1566,False
gold_copper_roc_126d,Tp50_lo,0.8514,lte,P2_long_short,210,10,-0.0664,-3.84,-59.41,21.89,1566,False
gold_copper_acceleration,Tfix03_lo,0.3,lte,P1_long_cash,189,9,-0.0672,-2.69,-45.65,34.76,1566,False
gold_copper_zscore_504d,Trp25_lo,-1.0311,lte,P1_long_cash,147,7,-0.0673,-0.67,-15.89,3.54,1566,False
gold_copper_zscore_504d,Tp25_lo,-1.0311,lte,P1_long_cash,147,7,-0.0673,-0.67,-15.89,3.54,1566,False
gold_copper_pctrank_1260d,Tp50_lo,0.5612,lte,P1_long_cash,147,7,-0.0705,-1.28,-21.64,6.11,1566,False
gold_copper_roc_63d,Tp90_hi,17.0212,gte,P1_long_cash,147,7,-0.0705,-2.01,-42.31,4.51,1566,False
gold_copper_roc_21d,Trp25_lo,-4.0484,lte,P2_long_short,105,5,-0.0733,-3.99,-44.42,42.48,1566,False
gold_copper_roc_21d,Tp25_lo,-4.0484,lte,P2_long_short,105,5,-0.0733,-3.99,-44.42,42.48,1566,False
gold_copper_zscore_126d,Tz1_hi,1.0,gte,P1_long_cash,0,0,-0.0737,-2.68,-42.33,17.38,1566,False
gold_copper_mom_21d,Tfix03_lo,0.3,lte,P2_long_short,105,5,-0.0744,-4.02,-37.25,61.79,1566,False
gold_copper_mom_63d,Tz1_lo,-1.0,lte,P2_long_short,63,3,-0.076,-4.06,-45.34,42.48,1566,False
gold_copper_mom_63d,Tzn1_lo,-1.0,lte,P2_long_short,63,3,-0.076,-4.06,-45.34,42.48,1566,False
gold_copper_zscore_126d,Tz1_lo,-1.0,lte,P1_long_cash,63,3,-0.0761,-1.84,-36.05,10.94,1566,False
gold_copper_zscore_126d,Tzn1_lo,-1.0,lte,P1_long_cash,63,3,-0.0761,-1.84,-36.05,10.94,1566,False
gold_copper_mom_252d,Tp50_lo,7.1738,lte,P1_long_cash,147,7,-0.0767,-1.18,-19.81,5.79,1566,False
gold_copper_mom_252d,Tp50_lo,7.1738,lte,P1_long_cash,63,3,-0.0768,-1.07,-30.61,6.11,1566,False
gold_copper_roc_21d,Tfix03_lo,0.3,lte,P2_long_short,105,5,-0.0773,-4.08,-36.82,61.15,1566,False
gold_copper_mom_252d,Tz1_lo,-1.0,lte,P1_long_cash,105,5,-0.0775,-1.04,-19.81,6.11,1566,False
gold_copper_mom_252d,Tzn1_lo,-1.0,lte,P1_long_cash,105,5,-0.0775,-1.04,-19.81,6.11,1566,False
gold_copper_roc_126d,Tp75_hi,11.28,gte,P2_long_short,0,0,-0.078,-4.07,-49.02,18.99,1566,False
gold_copper_mom_63d,Tfix03_lo,0.3,lte,P2_long_short,189,9,-0.0789,-4.12,-56.76,41.52,1566,False
gold_copper_mom_63d,Tzn1_lo,-1.0,lte,P2_long_short,189,9,-0.0812,-4.17,-56.89,42.8,1566,False
gold_copper_mom_63d,Tz1_lo,-1.0,lte,P2_long_short,189,9,-0.0812,-4.17,-56.89,42.8,1566,False
gold_copper_mom_21d,Tfix03_lo,0.3,lte,P1_long_cash,231,11,-0.0813,-2.4,-29.15,29.77,1566,False
gold_copper_roc_63d,Tp90_hi,17.0212,gte,P1_long_cash,0,0,-0.0819,-2.1,-36.05,4.83,1566,False
gold_copper_zscore_252d,Tp90_lo,2.0171,lte,P2_long_short,21,1,-0.0827,-4.22,-54.47,19.31,1566,False
gold_copper_pctrank_504d,Tp75_lo,0.841,lte,P2_long_short,21,1,-0.0828,-4.19,-48.98,19.31,1566,False
gold_copper_zscore_126d,Tzn1_lo,-1.0,lte,P1_long_cash,147,7,-0.0832,-0.77,-21.65,10.62,1566,False
gold_copper_zscore_126d,Tz1_lo,-1.0,lte,P1_long_cash,147,7,-0.0832,-0.77,-21.65,10.62,1566,False
gold_copper_roc_21d,Tp25_lo,-4.0484,lte,P1_long_cash,252,12,-0.0855,-1.06,-20.07,21.24,1566,False
gold_copper_roc_21d,Trp25_lo,-4.0484,lte,P1_long_cash,252,12,-0.0855,-1.06,-20.07,21.24,1566,False
gold_copper_roc_126d,Tz1_hi,1.0,gte,P2_long_short,0,0,-0.0862,-4.27,-51.86,21.89,1566,False
gold_copper_mom_252d,Tzn1_lo,-1.0,lte,P1_long_cash,189,9,-0.0873,-1.28,-21.64,6.11,1566,False
gold_copper_mom_252d,Tz1_lo,-1.0,lte,P1_long_cash,189,9,-0.0873,-1.28,-21.64,6.11,1566,False
gold_copper_mom_21d,Tp90_hi,32.7891,gte,P1_long_cash,21,1,-0.0881,-2.18,-41.58,11.26,1566,False
gold_copper_roc_21d,Tp90_lo,8.7798,lte,P2_long_short,42,2,-0.0905,-4.39,-67.76,16.74,1566,False
gold_copper_zscore_126d,Tz1_lo,-1.0,lte,P2_long_short,84,4,-0.0915,-4.37,-51.35,21.89,1566,False
gold_copper_zscore_504d,Tfix03_lo,0.3,lte,P1_long_cash,147,7,-0.0915,-1.48,-21.64,3.86,1566,False
gold_copper_zscore_126d,Tzn1_lo,-1.0,lte,P2_long_short,84,4,-0.0915,-4.37,-51.35,21.89,1566,False
gold_copper_zscore_126d,Tfix03_lo,0.3,lte,P1_long_cash,231,11,-0.0916,-3.23,-42.33,17.7,1566,False
gold_copper_roc_21d,Tp75_lo,4.3669,lte,P2_long_short,42,2,-0.0918,-4.41,-58.76,34.11,1566,False
gold_copper_pctrank_504d,Tp75_lo,0.841,lte,P2_long_short,252,12,-0.092,-4.39,-63.48,18.67,1566,False
gold_copper_zscore_504d,Tz1_lo,-1.0,lte,P1_long_cash,252,12,-0.0924,-1.13,-20.16,3.54,1566,False
gold_copper_zscore_504d,Tzn1_lo,-1.0,lte,P1_long_cash,252,12,-0.0924,-1.13,-20.16,3.54,1566,False
gold_copper_mom_21d,Tp50_lo,0.098,lte,P1_long_cash,231,11,-0.0926,-2.57,-28.9,30.09,1566,False
gold_copper_roc_21d,Tp50_lo,0.0209,lte,P1_long_cash,231,11,-0.0926,-2.57,-28.9,30.09,1566,False
gold_copper_roc_21d,Tzn1_lo,-1.0,lte,P2_long_short,84,4,-0.0927,-4.41,-47.75,75.31,1566,False
gold_copper_roc_21d,Tz1_lo,-1.0,lte,P2_long_short,84,4,-0.0927,-4.41,-47.75,75.31,1566,False
gold_copper_mom_63d,Tp25_lo,-25.5664,lte,P2_long_short,21,1,-0.0929,-4.4,-52.68,25.43,1566,False
gold_copper_mom_63d,Trp25_lo,-25.5664,lte,P2_long_short,21,1,-0.0929,-4.4,-52.68,25.43,1566,False
gold_copper_roc_63d,Trp25_lo,-6.739,lte,P1_long_cash,42,2,-0.0939,-1.16,-24.27,9.98,1566,False
gold_copper_roc_63d,Tp25_lo,-6.739,lte,P1_long_cash,42,2,-0.0939,-1.16,-24.27,9.98,1566,False
gold_copper_roc_63d,Tz1_lo,-1.0,lte,P2_long_short,63,3,-0.0946,-4.45,-46.04,37.98,1566,False
gold_copper_roc_63d,Tzn1_lo,-1.0,lte,P2_long_short,63,3,-0.0946,-4.45,-46.04,37.98,1566,False
gold_copper_pctrank_504d,Tp90_hi,0.9722,gte,P1_long_cash,147,7,-0.095,-2.53,-42.33,12.71,1566,False
gold_copper_roc_126d,Tfix07_hi,0.7,gte,P2_long_short,0,0,-0.0951,-4.46,-50.13,22.53,1566,False
gold_copper_mom_252d,Tfix03_lo,0.3,lte,P1_long_cash,105,5,-0.0959,-1.2,-19.81,6.44,1566,False
gold_copper_roc_63d,Tp75_lo,7.5433,lte,P2_long_short,42,2,-0.0959,-4.48,-51.91,16.09,1566,False
gold_copper_roc_21d,Tzn1_lo,-1.0,lte,P2_long_short,189,9,-0.0962,-4.48,-60.69,70.8,1566,False
gold_copper_roc_21d,Tz1_lo,-1.0,lte,P2_long_short,189,9,-0.0962,-4.48,-60.69,70.8,1566,False
gold_copper_mom_252d,Tp25_lo,-53.7187,lte,P1_long_cash,189,9,-0.0966,-1.22,-21.64,0.97,1566,False
gold_copper_mom_252d,Trp25_lo,-53.7187,lte,P1_long_cash,189,9,-0.0966,-1.22,-21.64,0.97,1566,False
gold_copper_roc_126d,Tfix07_hi,0.7,gte,P2_long_short,63,3,-0.0977,-4.54,-57.12,24.46,1566,False
gold_copper_pctrank_1260d,Tp75_lo,0.8221,lte,P2_long_short,210,10,-0.0978,-4.52,-56.16,10.3,1566,False
gold_copper_mom_252d,Tp90_hi,132.6641,gte,P2_long_short,42,2,-0.098,-4.51,-63.6,6.76,1566,False
gold_copper_roc_63d,Tp75_lo,7.5433,lte,P2_long_short,63,3,-0.0988,-4.54,-48.74,17.38,1566,False
gold_copper_roc_5d,Tp90_hi,4.3297,gte,P2_long_short,21,1,-0.0988,-4.51,-56.97,33.47,1566,False
gold_copper_pctrank_1260d,Tz1_hi,1.0,gte,P1_long_cash,189,9,-0.0991,-0.06,-1.3,1.61,1566,False
gold_copper_mom_21d,Tfix07_hi,0.7,gte,P2_long_short,168,8,-0.0991,-4.54,-50.78,57.61,1566,False
gold_copper_roc_21d,Tzn1_lo,-1.0,lte,P2_long_short,126,6,-0.1003,-4.55,-59.51,74.99,1566,False
gold_copper_roc_21d,Tz1_lo,-1.0,lte,P2_long_short,126,6,-0.1003,-4.55,-59.51,74.99,1566,False
gold_copper_zscore_504d,Tzn1_lo,-1.0,lte,P1_long_cash,168,8,-0.1015,-1.1,-19.81,3.54,1566,False
gold_copper_zscore_504d,Tz1_lo,-1.0,lte,P1_long_cash,168,8,-0.1015,-1.1,-19.81,3.54,1566,False
gold_copper_pctrank_1260d,Tfix03_lo,0.3,lte,P1_long_cash,252,12,-0.1028,-1.37,-20.13,2.57,1566,False
gold_copper_roc_126d,Tz1_lo,-1.0,lte,P2_long_short,42,2,-0.1029,-4.62,-53.81,25.75,1566,False
gold_copper_roc_126d,Tzn1_lo,-1.0,lte,P2_long_short,42,2,-0.1029,-4.62,-53.81,25.75,1566,False
gold_copper_zscore_126d,Tzn1_lo,-1.0,lte,P2_long_short,105,5,-0.103,-4.62,-56.07,21.89,1566,False
gold_copper_zscore_126d,Tz1_lo,-1.0,lte,P2_long_short,105,5,-0.103,-4.62,-56.07,21.89,1566,False
gold_copper_zscore_252d,Tp50_lo,0.0526,lte,P1_long_cash,126,6,-0.1048,-1.45,-23.37,6.92,1566,False
gold_copper_roc_5d,Tp50_lo,0.0074,lte,P2_long_short,42,2,-0.1056,-4.69,-57.54,109.43,1566,False
gold_copper_zscore_504d,Tz1_lo,-1.0,lte,P1_long_cash,63,3,-0.1058,-0.81,-10.39,3.54,1566,False
gold_copper_zscore_504d,Tzn1_lo,-1.0,lte,P1_long_cash,63,3,-0.1058,-0.81,-10.39,3.54,1566,False
gold_copper_roc_126d,Tp75_lo,11.28,lte,P2_long_short,168,8,-0.1059,-4.71,-50.33,18.34,1566,False
gold_copper_zscore_252d,Tp25_lo,-0.9767,lte,P1_long_cash,189,9,-0.1065,-0.83,-10.7,2.9,1566,False
gold_copper_zscore_252d,Trp25_lo,-0.9767,lte,P1_long_cash,189,9,-0.1065,-0.83,-10.7,2.9,1566,False
gold_copper_mom_21d,Tp75_hi,16.087,gte,P2_long_short,189,9,-0.1067,-4.7,-44.73,43.45,1566,False
gold_copper_zscore_252d,Tz1_hi,1.0,gte,P2_long_short,21,1,-0.1068,-4.71,-55.08,29.93,1566,False
gold_copper_acceleration,Tzn1_lo,-1.0,lte,P2_long_short,189,9,-0.107,-4.7,-65.74,69.52,1566,False
gold_copper_acceleration,Tz1_lo,-1.0,lte,P2_long_short,189,9,-0.107,-4.7,-65.74,69.52,1566,False
gold_copper_acceleration,Tfix07_hi,0.7,gte,P2_long_short,168,8,-0.1075,-4.71,-64.67,65.98,1566,False
gold_copper_roc_63d,Tp90_hi,17.0212,gte,P2_long_short,189,9,-0.1085,-4.71,-59.78,8.05,1566,False
gold_copper_zscore_126d,Tp25_lo,-1.0407,lte,P2_long_short,0,0,-0.1093,-4.75,-53.52,19.31,1566,False
gold_copper_zscore_126d,Trp25_lo,-1.0407,lte,P2_long_short,0,0,-0.1093,-4.75,-53.52,19.31,1566,False
gold_copper_roc_63d,Trp25_lo,-6.739,lte,P2_long_short,0,0,-0.1094,-4.76,-54.51,17.7,1566,False
gold_copper_roc_63d,Tp25_lo,-6.739,lte,P2_long_short,0,0,-0.1094,-4.76,-54.51,17.7,1566,False
gold_copper_pctrank_504d,Tfix03_lo,0.3,lte,P1_long_cash,252,12,-0.1094,-1.49,-21.64,6.11,1566,False
gold_copper_roc_21d,Tp25_lo,-4.0484,lte,P2_long_short,42,2,-0.1103,-4.78,-53.49,38.62,1566,False
gold_copper_acceleration,Tp25_hi,-6.2874,gte,P2_long_short,210,10,-0.1103,-4.78,-45.35,48.92,1566,False
gold_copper_roc_21d,Trp25_lo,-4.0484,lte,P2_long_short,42,2,-0.1103,-4.78,-53.49,38.62,1566,False
gold_copper_zscore_126d,Tzn1_lo,-1.0,lte,P2_long_short,0,0,-0.1106,-4.78,-55.26,21.24,1566,False
gold_copper_zscore_126d,Tz1_lo,-1.0,lte,P2_long_short,0,0,-0.1106,-4.78,-55.26,21.24,1566,False
gold_copper_roc_63d,Tfix03_lo,0.3,lte,P2_long_short,168,8,-0.1108,-4.79,-52.8,43.45,1566,False
gold_copper_mom_21d,Tp75_hi,16.087,gte,P1_long_cash,0,0,-0.111,-2.78,-39.14,23.49,1566,False
gold_copper_zscore_252d,Tp90_lo,2.0171,lte,P2_long_short,210,10,-0.1112,-4.83,-57.96,15.45,1566,False
gold_copper_roc_21d,Tp25_lo,-4.0484,lte,P2_long_short,84,4,-0.1116,-4.8,-48.84,42.48,1566,False
gold_copper_roc_21d,Trp25_lo,-4.0484,lte,P2_long_short,84,4,-0.1116,-4.8,-48.84,42.48,1566,False
gold_copper_roc_126d,Tz1_lo,-1.0,lte,P1_long_cash,231,11,-0.1118,-2.5,-40.78,12.87,1566,False
gold_copper_roc_126d,Tzn1_lo,-1.0,lte,P1_long_cash,231,11,-0.1118,-2.5,-40.78,12.87,1566,False
gold_copper_acceleration,Tz1_hi,1.0,gte,P2_long_short,0,0,-0.112,-4.78,-61.3,61.79,1566,False
gold_copper_mom_21d,Tzn1_lo,-1.0,lte,P1_long_cash,231,11,-0.1121,-2.81,-28.5,32.02,1566,False
gold_copper_mom_21d,Tz1_lo,-1.0,lte,P1_long_cash,231,11,-0.1121,-2.81,-28.5,32.02,1566,False
gold_copper_roc_21d,Tp75_hi,4.3669,gte,P2_long_short,168,8,-0.113,-4.83,-51.9,34.76,1566,False
gold_copper_roc_126d,Tz1_lo,-1.0,lte,P2_long_short,210,10,-0.113,-4.83,-61.92,25.43,1566,False
gold_copper_roc_126d,Tzn1_lo,-1.0,lte,P2_long_short,210,10,-0.113,-4.83,-61.92,25.43,1566,False
gold_copper_roc_21d,Tp25_hi,-4.0484,gte,P2_long_short,0,0,-0.1135,-4.85,-50.02,38.94,1566,False
gold_copper_zscore_504d,Tz1_lo,-1.0,lte,P1_long_cash,210,10,-0.1138,-1.34,-22.58,3.54,1566,False
gold_copper_zscore_504d,Tzn1_lo,-1.0,lte,P1_long_cash,210,10,-0.1138,-1.34,-22.58,3.54,1566,False
gold_copper_roc_126d,Tp25_lo,-9.8165,lte,P2_long_short,0,0,-0.1146,-4.86,-52.89,7.08,1566,False
gold_copper_roc_126d,Trp25_lo,-9.8165,lte,P2_long_short,0,0,-0.1146,-4.86,-52.89,7.08,1566,False
gold_copper_zscore_252d,Trp25_lo,-0.9767,lte,P1_long_cash,231,11,-0.1155,-1.33,-19.25,2.9,1566,False
gold_copper_zscore_252d,Tp25_lo,-0.9767,lte,P1_long_cash,231,11,-0.1155,-1.33,-19.25,2.9,1566,False
gold_copper_roc_21d,Tp75_hi,4.3669,gte,P1_long_cash,0,0,-0.1161,-2.72,-39.31,17.38,1566,False
gold_copper_roc_63d,Tp90_hi,17.0212,gte,P2_long_short,231,11,-0.1163,-4.9,-55.0,7.72,1566,False
gold_copper_roc_21d,Tfix07_hi,0.7,gte,P1_long_cash,42,2,-0.1164,-3.5,-36.05,31.7,1566,False
gold_copper_mom_252d,Tp75_hi,65.8527,gte,P2_long_short,84,4,-0.1167,-4.92,-47.99,30.25,1566,False
gold_copper_roc_63d,Tzn1_lo,-1.0,lte,P2_long_short,126,6,-0.1172,-4.92,-52.73,37.66,1566,False
gold_copper_roc_63d,Tz1_lo,-1.0,lte,P2_long_short,126,6,-0.1172,-4.92,-52.73,37.66,1566,False
gold_copper_zscore_126d,Tp25_lo,-1.0407,lte,P1_long_cash,63,3,-0.1172,-2.27,-32.76,9.98,1566,False
gold_copper_zscore_126d,Trp25_lo,-1.0407,lte,P1_long_cash,63,3,-0.1172,-2.27,-32.76,9.98,1566,False
gold_copper_roc_63d,Tp75_hi,7.5433,gte,P2_long_short,84,4,-0.1181,-4.94,-56.85,17.38,1566,False
gold_copper_zscore_126d,Tp90_hi,2.0703,gte,P1_long_cash,168,8,-0.1186,-1.46,-17.65,10.46,1566,False
gold_copper_mom_252d,Tfix03_lo,0.3,lte,P1_long_cash,189,9,-0.1192,-1.59,-21.64,6.44,1566,False
gold_copper_roc_63d,Tp25_lo,-6.739,lte,P2_long_short,21,1,-0.12,-4.98,-51.74,18.99,1566,False
gold_copper_roc_21d,Tp90_hi,8.7798,gte,P1_long_cash,21,1,-0.12,-2.3,-38.18,8.37,1566,False
gold_copper_roc_63d,Trp25_lo,-6.739,lte,P2_long_short,21,1,-0.12,-4.98,-51.74,18.99,1566,False
gold_copper_mom_252d,Tp90_hi,132.6641,gte,P2_long_short,231,11,-0.1202,-4.98,-53.43,9.01,1566,False
gold_copper_roc_126d,Tp75_lo,11.28,lte,P2_long_short,252,12,-0.121,-5.01,-53.05,15.45,1566,False
gold_copper_roc_63d,Tp50_lo,0.2018,lte,P2_long_short,84,4,-0.1215,-5.02,-46.87,41.2,1566,False
gold_copper_roc_21d,Tfix07_hi,0.7,gte,P1_long_cash,0,0,-0.1217,-3.58,-43.26,32.51,1566,False
gold_copper_roc_21d,Tp25_lo,-4.0484,lte,P2_long_short,168,8,-0.1219,-5.02,-61.28,40.55,1566,False
gold_copper_roc_21d,Trp25_lo,-4.0484,lte,P2_long_short,168,8,-0.1219,-5.02,-61.28,40.55,1566,False
gold_copper_zscore_252d,Tp75_hi,1.0726,gte,P1_long_cash,105,5,-0.1219,-3.15,-44.24,16.41,1566,False
gold_copper_acceleration,Tp50_hi,-0.0707,gte,P2_long_short,231,11,-0.1225,-5.01,-62.66,67.91,1566,False
gold_copper_zscore_504d,Trp25_lo,-1.0311,lte,P1_long_cash,126,6,-0.1226,-1.01,-12.82,3.54,1566,False
gold_copper_zscore_504d,Tp25_lo,-1.0311,lte,P1_long_cash,126,6,-0.1226,-1.01,-12.82,3.54,1566,False
gold_copper_pctrank_1260d,Tfix03_lo,0.3,lte,P1_long_cash,231,11,-0.123,-1.58,-24.74,2.57,1566,False
gold_copper_roc_126d,Tp25_lo,-9.8165,lte,P1_long_cash,189,9,-0.123,-1.04,-11.34,3.22,1566,False
gold_copper_roc_126d,Trp25_lo,-9.8165,lte,P1_long_cash,189,9,-0.123,-1.04,-11.34,3.22,1566,False
gold_copper_roc_63d,Tp75_lo,7.5433,lte,P2_long_short,252,12,-0.1234,-5.06,-55.85,15.77,1566,False
gold_copper_pctrank_504d,Tp90_hi,0.9722,gte,P2_long_short,231,11,-0.1235,-5.05,-56.64,23.17,1566,False
gold_copper_roc_21d,Tp90_hi,8.7798,gte,P2_long_short,84,4,-0.1236,-5.06,-56.45,16.09,1566,False
gold_copper_roc_21d,Tfix03_lo,0.3,lte,P1_long_cash,231,11,-0.125,-3.21,-32.69,30.09,1566,False
gold_copper_roc_5d,Tz1_hi,1.0,gte,P1_long_cash,189,9,-0.1254,-3.23,-35.43,55.36,1566,False
gold_copper_roc_5d,Tzn1_lo,-1.0,lte,P1_long_cash,105,5,-0.1255,-2.89,-37.66,48.28,1566,False
gold_copper_roc_5d,Tz1_lo,-1.0,lte,P1_long_cash,105,5,-0.1255,-2.89,-37.66,48.28,1566,False
gold_copper_pctrank_504d,Tfix03_lo,0.3,lte,P1_long_cash,105,5,-0.126,-1.4,-19.74,6.11,1566,False
gold_copper_mom_63d,Tp90_hi,61.1186,gte,P2_long_short,252,12,-0.1267,-5.12,-55.1,16.74,1566,False
gold_copper_pctrank_1260d,Tp75_lo,0.8221,lte,P2_long_short,63,3,-0.1273,-5.14,-53.75,9.01,1566,False
gold_copper_zscore_504d,Tp90_hi,2.084,gte,P1_long_cash,105,5,-0.1276,-2.01,-36.96,9.66,1566,False
gold_copper_mom_63d,Tp90_hi,61.1186,gte,P2_long_short,189,9,-0.1277,-5.13,-57.34,17.06,1566,False
gold_copper_roc_63d,Tp75_hi,7.5433,gte,P2_long_short,189,9,-0.1281,-5.15,-51.29,14.48,1566,False
gold_copper_mom_63d,Tp50_lo,0.758,lte,P2_long_short,84,4,-0.1291,-5.18,-46.55,39.26,1566,False
gold_copper_mom_63d,Tp25_hi,-25.5664,gte,P2_long_short,0,0,-0.1295,-5.18,-54.71,25.43,1566,False
gold_copper_mom_63d,Tzn1_lo,-1.0,lte,P2_long_short,84,4,-0.1296,-5.19,-45.17,42.48,1566,False
gold_copper_mom_63d,Tz1_lo,-1.0,lte,P2_long_short,84,4,-0.1296,-5.19,-45.17,42.48,1566,False
gold_copper_mom_63d,Tfix03_lo,0.3,lte,P2_long_short,63,3,-0.1305,-5.21,-48.18,41.2,1566,False
gold_copper_zscore_252d,Tfix03_lo,0.3,lte,P1_long_cash,231,11,-0.131,-3.51,-36.77,11.26,1566,False
gold_copper_roc_126d,Tp75_lo,11.28,lte,P2_long_short,231,11,-0.1321,-5.24,-57.14,15.45,1566,False
gold_copper_zscore_504d,Tp90_hi,2.084,gte,P1_long_cash,0,0,-0.1345,-2.96,-40.32,10.3,1566,False
gold_copper_mom_63d,Tp90_hi,61.1186,gte,P2_long_short,210,10,-0.1349,-5.29,-57.3,16.74,1566,False
gold_copper_roc_5d,Tp75_hi,2.0649,gte,P2_long_short,105,5,-0.1351,-5.3,-53.32,87.54,1566,False
gold_copper_roc_5d,Trp25_lo,-2.0781,lte,P2_long_short,210,10,-0.1375,-5.35,-51.66,83.03,1566,False
gold_copper_roc_5d,Tp25_lo,-2.0781,lte,P2_long_short,210,10,-0.1375,-5.35,-51.66,83.03,1566,False
gold_copper_roc_63d,Tp90_lo,17.0212,lte,P2_long_short,21,1,-0.1376,-5.38,-57.34,9.66,1566,False
gold_copper_pctrank_504d,Tp90_lo,0.9722,lte,P2_long_short,42,2,-0.1378,-5.36,-60.41,25.75,1566,False
gold_copper_zscore_126d,Tfix07_hi,0.7,gte,P2_long_short,21,1,-0.1383,-5.37,-53.74,33.15,1566,False
gold_copper_mom_252d,Tp90_hi,132.6641,gte,P2_long_short,147,7,-0.1393,-5.37,-61.67,9.33,1566,False
gold_copper_mom_252d,Tp25_lo,-53.7187,lte,P1_long_cash,147,7,-0.1404,-1.42,-19.81,0.97,1566,False
gold_copper_mom_252d,Trp25_lo,-53.7187,lte,P1_long_cash,147,7,-0.1404,-1.42,-19.81,0.97,1566,False
gold_copper_pctrank_504d,Tp50_lo,0.5268,lte,P1_long_cash,126,6,-0.1404,-1.78,-21.22,3.7,1566,False
gold_copper_mom_21d,Tz1_hi,1.0,gte,P2_long_short,21,1,-0.1414,-5.43,-58.18,60.83,1566,False
gold_copper_zscore_126d,Tz1_hi,1.0,gte,P2_long_short,168,8,-0.1421,-5.45,-49.3,32.51,1566,False
gold_copper_mom_63d,Tp75_hi,28.7156,gte,P2_long_short,84,4,-0.1421,-5.44,-60.39,17.38,1566,False
gold_copper_mom_252d,Tp90_hi,132.6641,gte,P2_long_short,210,10,-0.1423,-5.45,-55.03,9.01,1566,False
gold_copper_pctrank_1260d,Tp90_hi,0.9349,gte,P2_long_short,147,7,-0.1428,-5.45,-60.86,6.76,1566,False
gold_copper_mom_21d,Tp90_hi,32.7891,gte,P2_long_short,63,3,-0.1429,-5.46,-55.06,21.24,1566,False
gold_copper_zscore_504d,Tzn1_lo,-1.0,lte,P1_long_cash,126,6,-0.1438,-1.19,-14.1,3.54,1566,False
gold_copper_zscore_504d,Tz1_lo,-1.0,lte,P1_long_cash,126,6,-0.1438,-1.19,-14.1,3.54,1566,False
gold_copper_zscore_252d,Tp75_hi,1.0726,gte,P2_long_short,168,8,-0.1439,-5.48,-51.57,32.51,1566,False
gold_copper_mom_252d,Tzn1_lo,-1.0,lte,P1_long_cash,231,11,-0.144,-2.22,-21.64,6.44,1566,False
gold_copper_mom_252d,Tz1_lo,-1.0,lte,P1_long_cash,231,11,-0.144,-2.22,-21.64,6.44,1566,False
gold_copper_roc_63d,Tp50_lo,0.2018,lte,P2_long_short,63,3,-0.1442,-5.5,-46.43,41.2,1566,False
gold_copper_roc_63d,Tfix03_lo,0.3,lte,P2_long_short,84,4,-0.1456,-5.52,-46.26,43.13,1566,False
gold_copper_roc_5d,Tfix07_hi,0.7,gte,P2_long_short,84,4,-0.1457,-5.53,-56.06,108.46,1566,False
gold_copper_roc_126d,Tp50_lo,0.8514,lte,P2_long_short,21,1,-0.1465,-5.53,-59.52,22.53,1566,False
gold_copper_zscore_504d,Tp25_lo,-1.0311,lte,P1_long_cash,252,12,-0.1467,-1.54,-20.16,3.54,1566,False
gold_copper_zscore_504d,Trp25_lo,-1.0311,lte,P1_long_cash,252,12,-0.1467,-1.54,-20.16,3.54,1566,False
gold_copper_roc_63d,Tp90_hi,17.0212,gte,P1_long_cash,168,8,-0.1475,-3.32,-41.98,4.51,1566,False
gold_copper_pctrank_1260d,Tp75_lo,0.8221,lte,P2_long_short,84,4,-0.1481,-5.57,-54.44,9.01,1566,False
gold_copper_zscore_126d,Tp75_hi,1.18,gte,P2_long_short,210,10,-0.1482,-5.56,-59.82,31.54,1566,False
gold_copper_roc_126d,Tp90_hi,26.555,gte,P2_long_short,0,0,-0.1484,-5.55,-64.82,13.84,1566,False
gold_copper_pctrank_504d,Tp75_hi,0.841,gte,P2_long_short,0,0,-0.1484,-5.58,-49.99,18.67,1566,False
gold_copper_mom_21d,Tz1_hi,1.0,gte,P2_long_short,147,7,-0.1492,-5.6,-51.87,58.9,1566,False
gold_copper_zscore_126d,Tp75_hi,1.18,gte,P2_long_short,84,4,-0.15,-5.61,-60.52,32.83,1566,False
gold_copper_roc_63d,Tp75_hi,7.5433,gte,P2_long_short,168,8,-0.1501,-5.61,-45.71,15.77,1566,False
gold_copper_acceleration,Tfix07_hi,0.7,gte,P2_long_short,21,1,-0.1501,-5.64,-68.26,63.4,1566,False
gold_copper_mom_21d,Tfix03_lo,0.3,lte,P2_long_short,126,6,-0.1503,-5.62,-49.63,61.47,1566,False
gold_copper_zscore_126d,Tp90_hi,2.0703,gte,P2_long_short,210,10,-0.1519,-5.64,-58.83,19.31,1566,False
gold_copper_mom_21d,Tfix07_hi,0.7,gte,P2_long_short,21,1,-0.1519,-5.65,-58.45,60.83,1566,False
gold_copper_zscore_126d,Tp75_hi,1.18,gte,P1_long_cash,0,0,-0.1523,-3.73,-46.84,16.74,1566,False
gold_copper_mom_63d,Tp90_hi,61.1186,gte,P2_long_short,84,4,-0.1526,-5.66,-60.46,20.6,1566,False
gold_copper_zscore_252d,Tfix03_lo,0.3,lte,P1_long_cash,126,6,-0.1548,-2.24,-22.91,11.1,1566,False
gold_copper_mom_252d,Tp75_lo,65.8527,lte,P2_long_short,21,1,-0.1551,-5.72,-55.4,30.25,1566,False
gold_copper_mom_252d,Tfix03_lo,0.3,lte,P1_long_cash,231,11,-0.1551,-2.36,-22.77,6.76,1566,False
gold_copper_roc_126d,Tz1_lo,-1.0,lte,P1_long_cash,147,7,-0.156,-1.7,-23.23,12.23,1566,False
gold_copper_roc_126d,Tzn1_lo,-1.0,lte,P1_long_cash,147,7,-0.156,-1.7,-23.23,12.23,1566,False
gold_copper_acceleration,Tp75_hi,6.1247,gte,P2_long_short,231,11,-0.156,-5.73,-65.04,39.91,1566,False
gold_copper_acceleration,Tp75_hi,6.1247,gte,P1_long_cash,105,5,-0.1565,-1.83,-16.28,18.67,1566,False
gold_copper_roc_21d,Tp25_lo,-4.0484,lte,P2_long_short,231,11,-0.1566,-5.76,-46.36,41.2,1566,False
gold_copper_roc_21d,Trp25_lo,-4.0484,lte,P2_long_short,231,11,-0.1566,-5.76,-46.36,41.2,1566,False
gold_copper_roc_21d,Tp50_lo,0.0209,lte,P2_long_short,126,6,-0.1567,-5.76,-46.43,62.11,1566,False
gold_copper_mom_21d,Tp50_lo,0.098,lte,P2_long_short,126,6,-0.1567,-5.76,-46.43,62.11,1566,False
gold_copper_mom_21d,Tp25_lo,-15.533,lte,P2_long_short,189,9,-0.1569,-5.75,-58.5,50.85,1566,False
gold_copper_mom_21d,Trp25_lo,-15.533,lte,P2_long_short,189,9,-0.1569,-5.75,-58.5,50.85,1566,False
gold_copper_mom_21d,Tp90_hi,32.7891,gte,P2_long_short,231,11,-0.1572,-5.76,-56.78,25.75,1566,False
gold_copper_roc_5d,Tfix03_lo,0.3,lte,P2_long_short,84,4,-0.1572,-5.75,-51.01,107.17,1566,False
gold_copper_roc_5d,Tp90_hi,4.3297,gte,P1_long_cash,231,11,-0.1574,-0.96,-13.68,15.77,1566,False
gold_copper_roc_5d,Tfix07_hi,0.7,gte,P2_long_short,42,2,-0.1582,-5.77,-44.35,108.14,1566,False
gold_copper_acceleration,Tz1_hi,1.0,gte,P2_long_short,168,8,-0.1584,-5.78,-65.22,64.69,1566,False
gold_copper_roc_126d,Tz1_lo,-1.0,lte,P2_long_short,105,5,-0.1589,-5.79,-59.64,25.75,1566,False
gold_copper_roc_126d,Tzn1_lo,-1.0,lte,P2_long_short,105,5,-0.1589,-5.79,-59.64,25.75,1566,False
gold_copper_roc_126d,Trp25_lo,-9.8165,lte,P1_long_cash,147,7,-0.1591,-1.16,-14.93,3.22,1566,False
gold_copper_roc_126d,Tp25_lo,-9.8165,lte,P1_long_cash,147,7,-0.1591,-1.16,-14.93,3.22,1566,False
gold_copper_roc_126d,Tzn1_lo,-1.0,lte,P1_long_cash,168,8,-0.1592,-1.83,-21.26,12.23,1566,False
gold_copper_roc_126d,Tz1_lo,-1.0,lte,P1_long_cash,168,8,-0.1592,-1.83,-21.26,12.23,1566,False
gold_copper_mom_63d,Tp50_lo,0.758,lte,P2_long_short,168,8,-0.1597,-5.81,-55.87,39.59,1566,False
gold_copper_mom_63d,Tz1_lo,-1.0,lte,P2_long_short,42,2,-0.16,-5.84,-60.09,42.16,1566,False
gold_copper_mom_63d,Tzn1_lo,-1.0,lte,P2_long_short,42,2,-0.16,-5.84,-60.09,42.16,1566,False
gold_copper_roc_63d,Tfix03_lo,0.3,lte,P2_long_short,63,3,-0.1602,-5.83,-45.8,43.13,1566,False
gold_copper_mom_21d,Tp90_hi,32.7891,gte,P1_long_cash,147,7,-0.1608,-3.07,-40.36,11.75,1566,False
gold_copper_roc_5d,Tp75_hi,2.0649,gte,P1_long_cash,189,9,-0.1611,-2.72,-29.46,43.77,1566,False
gold_copper_zscore_252d,Tp50_lo,0.0526,lte,P2_long_short,252,12,-0.1627,-5.85,-67.78,15.45,1566,False
gold_copper_zscore_252d,Tp50_lo,0.0526,lte,P2_long_short,84,4,-0.1663,-5.95,-56.12,14.16,1566,False
gold_copper_roc_21d,Tfix03_lo,0.3,lte,P2_long_short,126,6,-0.167,-5.97,-54.82,60.83,1566,False
gold_copper_roc_21d,Tfix07_hi,0.7,gte,P2_long_short,105,5,-0.1671,-5.97,-62.0,63.08,1566,False
gold_copper_zscore_126d,Tp75_hi,1.18,gte,P2_long_short,105,5,-0.1674,-5.96,-66.16,32.83,1566,False
gold_copper_mom_63d,Tp75_hi,28.7156,gte,P2_long_short,168,8,-0.1699,-6.03,-49.69,17.7,1566,False
gold_copper_roc_21d,Tfix03_lo,0.3,lte,P2_long_short,84,4,-0.1735,-6.11,-54.7,61.15,1566,False
gold_copper_roc_126d,Tp25_lo,-9.8165,lte,P1_long_cash,168,8,-0.1737,-1.29,-12.37,3.22,1566,False
gold_copper_roc_126d,Trp25_lo,-9.8165,lte,P1_long_cash,168,8,-0.1737,-1.29,-12.37,3.22,1566,False
gold_copper_mom_21d,Tp25_hi,-15.533,gte,P2_long_short,42,2,-0.1744,-6.12,-52.86,49.89,1566,False
gold_copper_roc_126d,Tzn1_lo,-1.0,lte,P2_long_short,21,1,-0.1745,-6.12,-56.69,25.75,1566,False
gold_copper_roc_126d,Tz1_lo,-1.0,lte,P2_long_short,21,1,-0.1745,-6.12,-56.69,25.75,1566,False
gold_copper_roc_63d,Tp50_lo,0.2018,lte,P2_long_short,168,8,-0.1745,-6.12,-56.76,41.52,1566,False
gold_copper_mom_63d,Tp50_lo,0.758,lte,P2_long_short,63,3,-0.1759,-6.16,-48.18,39.26,1566,False
gold_copper_mom_63d,Tfix03_lo,0.3,lte,P2_long_short,84,4,-0.1761,-6.16,-46.55,41.2,1566,False
gold_copper_mom_21d,Tp75_hi,16.087,gte,P2_long_short,168,8,-0.1769,-6.17,-51.21,42.48,1566,False
gold_copper_pctrank_504d,Tfix03_lo,0.3,lte,P1_long_cash,126,6,-0.1771,-1.84,-18.01,6.11,1566,False
gold_copper_acceleration,Tp75_hi,6.1247,gte,P2_long_short,189,9,-0.1772,-6.17,-46.33,38.62,1566,False
gold_copper_mom_63d,Trp25_lo,-25.5664,lte,P2_long_short,105,5,-0.1773,-6.17,-60.33,27.68,1566,False
gold_copper_mom_63d,Tp25_lo,-25.5664,lte,P2_long_short,105,5,-0.1773,-6.17,-60.33,27.68,1566,False
gold_copper_mom_21d,Tp90_hi,32.7891,gte,P2_long_short,168,8,-0.1774,-6.18,-60.63,26.39,1566,False
gold_copper_mom_21d,Tzn1_lo,-1.0,lte,P2_long_short,126,6,-0.1777,-6.19,-51.25,66.62,1566,False
gold_copper_mom_21d,Tz1_lo,-1.0,lte,P2_long_short,126,6,-0.1777,-6.19,-51.25,66.62,1566,False
gold_copper_mom_252d,Tp50_lo,7.1738,lte,P1_long_cash,231,11,-0.1784,-3.15,-36.99,7.4,1566,False
gold_copper_mom_252d,Tp50_lo,7.1738,lte,P1_long_cash,126,6,-0.1786,-2.12,-21.59,5.79,1566,False
gold_copper_mom_252d,Tp90_hi,132.6641,gte,P2_long_short,63,3,-0.1786,-6.2,-61.43,7.08,1566,False
gold_copper_zscore_252d,Tp75_hi,1.0726,gte,P2_long_short,21,1,-0.1787,-6.21,-56.15,31.22,1566,False
gold_copper_pctrank_1260d,Trp25_lo,0.3169,lte,P1_long_cash,63,3,-0.1789,-1.66,-16.65,2.9,1566,False
gold_copper_pctrank_1260d,Tp25_lo,0.3169,lte,P1_long_cash,63,3,-0.1789,-1.66,-16.65,2.9,1566,False
gold_copper_zscore_252d,Tfix03_lo,0.3,lte,P2_long_short,210,10,-0.1793,-6.22,-60.4,21.56,1566,False
gold_copper_mom_63d,Tp90_hi,61.1186,gte,P2_long_short,63,3,-0.1801,-6.23,-60.97,18.02,1566,False
gold_copper_zscore_252d,Tp50_lo,0.0526,lte,P2_long_short,0,0,-0.1805,-6.24,-56.97,14.16,1566,False
gold_copper_acceleration,Tp75_hi,6.1247,gte,P1_long_cash,147,7,-0.1806,-3.31,-39.2,18.83,1566,False
gold_copper_zscore_252d,Tfix03_lo,0.3,lte,P2_long_short,21,1,-0.1808,-6.25,-56.59,22.53,1566,False
gold_copper_roc_21d,Tp75_lo,4.3669,lte,P2_long_short,231,11,-0.1813,-6.27,-42.33,34.11,1566,False
gold_copper_acceleration,Tz1_hi,1.0,gte,P2_long_short,21,1,-0.1818,-6.3,-67.4,61.47,1566,False
gold_copper_zscore_126d,Tp25_lo,-1.0407,lte,P2_long_short,84,4,-0.1819,-6.27,-57.04,19.95,1566,False
gold_copper_zscore_126d,Trp25_lo,-1.0407,lte,P2_long_short,84,4,-0.1819,-6.27,-57.04,19.95,1566,False
gold_copper_roc_21d,Tz1_hi,1.0,gte,P1_long_cash,42,2,-0.1822,-4.54,-36.05,30.41,1566,False
gold_copper_pctrank_1260d,Tp90_hi,0.9349,gte,P2_long_short,189,9,-0.1831,-6.29,-56.82,6.76,1566,False
gold_copper_roc_126d,Tz1_hi,1.0,gte,P2_long_short,63,3,-0.184,-6.35,-60.42,23.82,1566,False
gold_copper_zscore_126d,Tfix03_lo,0.3,lte,P2_long_short,210,10,-0.1843,-6.32,-49.26,36.69,1566,False
gold_copper_roc_21d,Tz1_hi,1.0,gte,P1_long_cash,0,0,-0.1847,-4.56,-43.26,30.9,1566,False
gold_copper_mom_21d,Tp75_hi,16.087,gte,P2_long_short,21,1,-0.185,-6.34,-55.81,46.67,1566,False
gold_copper_zscore_126d,Tfix03_lo,0.3,lte,P2_long_short,252,12,-0.1874,-6.39,-66.09,34.44,1566,False
gold_copper_mom_21d,Tfix07_hi,0.7,gte,P2_long_short,147,7,-0.1878,-6.4,-51.87,58.9,1566,False
gold_copper_zscore_252d,Tz1_hi,1.0,gte,P2_long_short,84,4,-0.188,-6.4,-55.96,32.18,1566,False
gold_copper_zscore_126d,Tfix07_hi,0.7,gte,P2_long_short,84,4,-0.189,-6.42,-63.13,33.47,1566,False
gold_copper_zscore_252d,Tz1_hi,1.0,gte,P2_long_short,168,8,-0.1925,-6.5,-53.26,32.51,1566,False
gold_copper_acceleration,Tp75_hi,6.1247,gte,P2_long_short,0,0,-0.193,-6.47,-62.68,36.05,1566,False
gold_copper_pctrank_1260d,Tp50_lo,0.5612,lte,P1_long_cash,231,11,-0.1933,-4.55,-47.57,6.76,1566,False
gold_copper_mom_63d,Tfix03_lo,0.3,lte,P2_long_short,168,8,-0.1949,-6.54,-57.93,41.52,1566,False
gold_copper_zscore_504d,Tp75_lo,1.0903,lte,P2_long_short,147,7,-0.1981,-6.61,-58.39,20.6,1566,False
gold_copper_zscore_126d,Tz1_hi,1.0,gte,P2_long_short,84,4,-0.1993,-6.63,-61.3,32.18,1566,False
gold_copper_roc_126d,Tfix03_lo,0.3,lte,P2_long_short,42,2,-0.2025,-6.7,-55.56,24.46,1566,False
gold_copper_zscore_504d,Tp75_lo,1.0903,lte,P2_long_short,126,6,-0.203,-6.71,-58.97,22.21,1566,False
gold_copper_mom_63d,Tp25_lo,-25.5664,lte,P2_long_short,168,8,-0.2037,-6.72,-58.32,27.03,1566,False
gold_copper_mom_63d,Trp25_lo,-25.5664,lte,P2_long_short,168,8,-0.2037,-6.72,-58.32,27.03,1566,False
gold_copper_zscore_504d,Tp90_hi,2.084,gte,P2_long_short,84,4,-0.2039,-6.72,-64.24,19.31,1566,False
gold_copper_roc_63d,Tp90_hi,17.0212,gte,P2_long_short,252,12,-0.2046,-6.74,-58.37,7.72,1566,False
gold_copper_mom_252d,Tp90_hi,132.6641,gte,P2_long_short,189,9,-0.206,-6.77,-58.6,9.33,1566,False
gold_copper_pctrank_1260d,Tp75_hi,0.8221,gte,P2_long_short,21,1,-0.2074,-6.81,-49.18,8.05,1566,False
gold_copper_roc_21d,Tfix07_hi,0.7,gte,P2_long_short,21,1,-0.2088,-6.84,-64.44,65.33,1566,False
gold_copper_roc_126d,Trp25_lo,-9.8165,lte,P2_long_short,21,1,-0.2095,-6.84,-58.65,7.08,1566,False
gold_copper_roc_126d,Tp25_lo,-9.8165,lte,P2_long_short,21,1,-0.2095,-6.84,-58.65,7.08,1566,False
gold_copper_mom_21d,Tp50_hi,0.098,gte,P2_long_short,147,7,-0.2103,-6.87,-53.05,61.47,1566,False
gold_copper_roc_21d,Tp50_hi,0.0209,gte,P2_long_short,147,7,-0.2103,-6.87,-53.05,61.47,1566,False
gold_copper_zscore_126d,Tp50_lo,-0.0334,lte,P1_long_cash,231,11,-0.2107,-4.79,-40.76,16.41,1566,False
gold_copper_zscore_126d,Tp50_lo,-0.0334,lte,P2_long_short,126,6,-0.2116,-6.89,-60.35,33.79,1566,False
gold_copper_roc_126d,Tp90_hi,26.555,gte,P2_long_short,168,8,-0.2132,-6.92,-63.53,12.23,1566,False
gold_copper_zscore_126d,Tzn1_lo,-1.0,lte,P2_long_short,210,10,-0.2138,-6.93,-60.53,22.21,1566,False
gold_copper_zscore_126d,Tz1_lo,-1.0,lte,P2_long_short,210,10,-0.2138,-6.93,-60.53,22.21,1566,False
gold_copper_zscore_252d,Tfix03_lo,0.3,lte,P2_long_short,42,2,-0.2143,-6.94,-56.9,22.53,1566,False
gold_copper_pctrank_1260d,Tfix03_lo,0.3,lte,P1_long_cash,105,5,-0.2144,-2.13,-20.64,2.25,1566,False
gold_copper_pctrank_504d,Tp75_lo,0.841,lte,P2_long_short,126,6,-0.2146,-6.95,-59.75,19.63,1566,False
gold_copper_mom_63d,Trp25_lo,-25.5664,lte,P2_long_short,42,2,-0.2146,-6.96,-49.29,27.68,1566,False
gold_copper_mom_63d,Tp25_lo,-25.5664,lte,P2_long_short,42,2,-0.2146,-6.96,-49.29,27.68,1566,False
gold_copper_zscore_504d,Trp25_lo,-1.0311,lte,P1_long_cash,105,5,-0.2156,-1.59,-13.73,3.54,1566,False
gold_copper_zscore_504d,Tp25_lo,-1.0311,lte,P1_long_cash,105,5,-0.2156,-1.59,-13.73,3.54,1566,False
gold_copper_pctrank_1260d,Tp25_lo,0.3169,lte,P1_long_cash,105,5,-0.2158,-2.15,-20.73,2.9,1566,False
gold_copper_pctrank_1260d,Trp25_lo,0.3169,lte,P1_long_cash,105,5,-0.2158,-2.15,-20.73,2.9,1566,False
gold_copper_zscore_504d,Trp25_lo,-1.0311,lte,P1_long_cash,63,3,-0.218,-1.4,-12.4,3.54,1566,False
gold_copper_zscore_504d,Tp25_lo,-1.0311,lte,P1_long_cash,63,3,-0.218,-1.4,-12.4,3.54,1566,False
gold_copper_roc_21d,Tp50_lo,0.0209,lte,P2_long_short,189,9,-0.2183,-7.03,-63.82,60.51,1566,False
gold_copper_mom_21d,Tp50_lo,0.098,lte,P2_long_short,189,9,-0.2183,-7.03,-63.82,60.51,1566,False
gold_copper_roc_126d,Tp75_lo,11.28,lte,P2_long_short,21,1,-0.2187,-7.04,-54.06,18.99,1566,False
gold_copper_roc_5d,Tp90_hi,4.3297,gte,P1_long_cash,105,5,-0.2194,-1.13,-14.92,15.77,1566,False
gold_copper_acceleration,Tp90_hi,12.3637,gte,P2_long_short,84,4,-0.2197,-7.05,-62.6,21.24,1566,False
gold_copper_pctrank_1260d,Tp75_hi,0.8221,gte,P2_long_short,105,5,-0.2207,-7.08,-50.39,9.01,1566,False
gold_copper_zscore_504d,Tp75_hi,1.0903,gte,P2_long_short,84,4,-0.2216,-7.1,-54.19,22.53,1566,False
gold_copper_zscore_126d,Tp90_hi,2.0703,gte,P2_long_short,21,1,-0.2218,-7.07,-63.42,17.38,1566,False
gold_copper_mom_63d,Tp75_hi,28.7156,gte,P2_long_short,63,3,-0.2232,-7.13,-64.51,17.38,1566,False
gold_copper_roc_126d,Tfix03_lo,0.3,lte,P1_long_cash,147,7,-0.2239,-2.53,-27.4,11.59,1566,False
gold_copper_pctrank_504d,Tp75_hi,0.841,gte,P2_long_short,105,5,-0.224,-7.15,-48.97,19.31,1566,False
gold_copper_pctrank_1260d,Tp90_hi,0.9349,gte,P2_long_short,105,5,-0.2249,-7.16,-58.96,8.05,1566,False
gold_copper_roc_126d,Tfix03_lo,0.3,lte,P1_long_cash,189,9,-0.2251,-2.9,-33.0,12.23,1566,False
gold_copper_zscore_504d,Tfix03_lo,0.3,lte,P1_long_cash,231,11,-0.2252,-4.63,-46.81,4.51,1566,False
gold_copper_roc_21d,Tp90_hi,8.7798,gte,P2_long_short,189,9,-0.226,-7.19,-54.59,19.63,1566,False
gold_copper_roc_126d,Tp50_lo,0.8514,lte,P1_long_cash,189,9,-0.2274,-3.0,-35.06,11.26,1566,False
gold_copper_mom_252d,Tzn1_lo,-1.0,lte,P2_long_short,0,0,-0.2279,-7.22,-59.69,12.23,1566,False
gold_copper_mom_252d,Tz1_lo,-1.0,lte,P2_long_short,0,0,-0.2279,-7.22,-59.69,12.23,1566,False
gold_copper_roc_5d,Tp50_hi,0.0074,gte,P2_long_short,210,10,-0.2281,-7.22,-57.82,112.32,1566,False
gold_copper_zscore_252d,Tp50_lo,0.0526,lte,P1_long_cash,168,8,-0.2296,-2.77,-19.81,6.76,1566,False
gold_copper_zscore_504d,Tp90_hi,2.084,gte,P2_long_short,21,1,-0.2296,-7.24,-55.15,20.6,1566,False
gold_copper_mom_252d,Tfix03_lo,0.3,lte,P1_long_cash,126,6,-0.2299,-2.5,-21.12,6.11,1566,False
gold_copper_mom_21d,Trp25_lo,-15.533,lte,P2_long_short,168,8,-0.2305,-7.28,-59.83,48.92,1566,False
gold_copper_mom_21d,Tp25_lo,-15.533,lte,P2_long_short,168,8,-0.2305,-7.28,-59.83,48.92,1566,False
gold_copper_roc_126d,Tp50_lo,0.8514,lte,P1_long_cash,147,7,-0.2306,-2.7,-29.71,10.62,1566,False
gold_copper_mom_21d,Tp25_lo,-15.533,lte,P2_long_short,105,5,-0.231,-7.28,-48.64,50.85,1566,False
gold_copper_pctrank_504d,Tp90_lo,0.9722,lte,P2_long_short,210,10,-0.231,-7.32,-55.88,23.17,1566,False
gold_copper_mom_21d,Trp25_lo,-15.533,lte,P2_long_short,105,5,-0.231,-7.28,-48.64,50.85,1566,False
gold_copper_mom_21d,Tz1_hi,1.0,gte,P2_long_short,168,8,-0.2316,-7.3,-57.32,57.61,1566,False
gold_copper_mom_252d,Tz1_lo,-1.0,lte,P1_long_cash,126,6,-0.232,-2.52,-21.12,5.79,1566,False
gold_copper_mom_252d,Tzn1_lo,-1.0,lte,P1_long_cash,126,6,-0.232,-2.52,-21.12,5.79,1566,False
gold_copper_pctrank_504d,Trp25_lo,0.1605,lte,P2_long_short,0,0,-0.2329,-7.33,-59.96,16.74,1566,False
gold_copper_pctrank_504d,Tp25_lo,0.1605,lte,P2_long_short,0,0,-0.2329,-7.33,-59.96,16.74,1566,False
gold_copper_roc_21d,Tfix07_hi,0.7,gte,P2_long_short,147,7,-0.233,-7.33,-50.8,62.76,1566,False
gold_copper_zscore_126d,Tp50_hi,-0.0334,gte,P2_long_short,84,4,-0.2333,-7.37,-55.8,34.11,1566,False
gold_copper_mom_252d,Tfix03_lo,0.3,lte,P2_long_short,0,0,-0.2347,-7.36,-60.06,12.87,1566,False
gold_copper_zscore_252d,Tp75_lo,1.0726,lte,P2_long_short,231,11,-0.2358,-7.39,-51.62,31.22,1566,False
gold_copper_zscore_504d,Tp75_lo,1.0903,lte,P2_long_short,252,12,-0.2367,-7.4,-64.48,20.6,1566,False
gold_copper_roc_5d,Tfix03_lo,0.3,lte,P2_long_short,231,11,-0.2368,-7.42,-51.52,111.36,1566,False
gold_copper_pctrank_504d,Tp75_lo,0.841,lte,P2_long_short,147,7,-0.2374,-7.42,-60.73,18.67,1566,False
gold_copper_zscore_126d,Tp75_lo,1.18,lte,P2_long_short,63,3,-0.2374,-7.42,-51.38,31.22,1566,False
gold_copper_pctrank_1260d,Tfix03_lo,0.3,lte,P1_long_cash,126,6,-0.2382,-2.42,-21.07,2.25,1566,False
gold_copper_zscore_126d,Trp25_lo,-1.0407,lte,P2_long_short,21,1,-0.2383,-7.44,-61.98,19.95,1566,False
gold_copper_mom_21d,Tzn1_lo,-1.0,lte,P2_long_short,189,9,-0.2383,-7.44,-64.8,64.37,1566,False
gold_copper_mom_21d,Tz1_lo,-1.0,lte,P2_long_short,189,9,-0.2383,-7.44,-64.8,64.37,1566,False
gold_copper_zscore_126d,Tp25_lo,-1.0407,lte,P2_long_short,21,1,-0.2383,-7.44,-61.98,19.95,1566,False
gold_copper_roc_63d,Tp75_hi,7.5433,gte,P2_long_short,147,7,-0.2384,-7.44,-50.49,15.45,1566,False
gold_copper_zscore_252d,Tz1_lo,-1.0,lte,P1_long_cash,231,11,-0.2385,-2.33,-24.18,3.54,1566,False
gold_copper_roc_21d,Tz1_hi,1.0,gte,P2_long_short,147,7,-0.2385,-7.45,-48.4,61.47,1566,False
gold_copper_zscore_252d,Tzn1_lo,-1.0,lte,P1_long_cash,231,11,-0.2385,-2.33,-24.18,3.54,1566,False
gold_copper_zscore_126d,Tp90_hi,2.0703,gte,P2_long_short,84,4,-0.239,-7.45,-60.81,16.74,1566,False
gold_copper_mom_63d,Trp25_lo,-25.5664,lte,P1_long_cash,231,11,-0.2402,-4.22,-37.8,13.2,1566,False
gold_copper_mom_63d,Tp25_lo,-25.5664,lte,P1_long_cash,231,11,-0.2402,-4.22,-37.8,13.2,1566,False
gold_copper_acceleration,Trp25_lo,-6.2874,lte,P2_long_short,105,5,-0.2405,-7.48,-56.95,48.92,1566,False
gold_copper_acceleration,Tp25_lo,-6.2874,lte,P2_long_short,105,5,-0.2405,-7.48,-56.95,48.92,1566,False
gold_copper_zscore_126d,Tfix03_lo,0.3,lte,P2_long_short,168,8,-0.2419,-7.51,-60.46,36.37,1566,False
gold_copper_roc_5d,Tz1_hi,1.0,gte,P2_long_short,231,11,-0.2421,-7.5,-59.97,113.29,1566,False
gold_copper_roc_126d,Tp75_lo,11.28,lte,P2_long_short,189,9,-0.2426,-7.53,-50.14,15.77,1566,False
gold_copper_mom_252d,Tp25_lo,-53.7187,lte,P1_long_cash,105,5,-0.2441,-2.14,-19.81,0.97,1566,False
gold_copper_mom_252d,Trp25_lo,-53.7187,lte,P1_long_cash,105,5,-0.2441,-2.14,-19.81,0.97,1566,False
gold_copper_pctrank_1260d,Tp75_lo,0.8221,lte,P2_long_short,168,8,-0.2451,-7.61,-57.62,10.62,1566,False
gold_copper_zscore_252d,Tz1_hi,1.0,gte,P2_long_short,147,7,-0.2452,-7.58,-54.52,31.54,1566,False
gold_copper_mom_21d,Tp75_hi,16.087,gte,P2_long_short,126,6,-0.2456,-7.59,-55.57,44.74,1566,False
gold_copper_pctrank_504d,Tp25_lo,0.1605,lte,P1_long_cash,168,8,-0.246,-2.2,-22.13,8.37,1566,False
gold_copper_pctrank_504d,Trp25_lo,0.1605,lte,P1_long_cash,168,8,-0.246,-2.2,-22.13,8.37,1566,False
gold_copper_acceleration,Tz1_lo,-1.0,lte,P2_long_short,168,8,-0.2462,-7.61,-56.96,69.2,1566,False
gold_copper_acceleration,Tzn1_lo,-1.0,lte,P2_long_short,168,8,-0.2462,-7.61,-56.96,69.2,1566,False
gold_copper_roc_63d,Tp25_lo,-6.739,lte,P2_long_short,105,5,-0.2475,-7.62,-63.62,19.95,1566,False
gold_copper_roc_63d,Trp25_lo,-6.739,lte,P2_long_short,105,5,-0.2475,-7.62,-63.62,19.95,1566,False
gold_copper_acceleration,Tp75_hi,6.1247,gte,P2_long_short,84,4,-0.2482,-7.64,-62.66,36.05,1566,False
gold_copper_acceleration,Tp75_hi,6.1247,gte,P2_long_short,63,3,-0.2485,-7.64,-66.65,36.05,1566,False
gold_copper_mom_21d,Tfix03_lo,0.3,lte,P2_long_short,189,9,-0.2487,-7.65,-65.3,59.86,1566,False
gold_copper_mom_252d,Tp90_hi,132.6641,gte,P2_long_short,84,4,-0.2487,-7.65,-63.06,8.37,1566,False
gold_copper_zscore_126d,Tp90_hi,2.0703,gte,P1_long_cash,147,7,-0.249,-2.94,-30.8,10.14,1566,False
gold_copper_roc_126d,Tp90_hi,26.555,gte,P2_long_short,210,10,-0.2512,-7.7,-61.12,12.23,1566,False
gold_copper_pctrank_1260d,Tfix03_lo,0.3,lte,P1_long_cash,63,3,-0.2515,-2.19,-19.21,2.25,1566,False
gold_copper_roc_5d,Tp90_hi,4.3297,gte,P2_long_short,147,7,-0.2517,-7.71,-55.62,31.54,1566,False
gold_copper_mom_63d,Tp90_lo,61.1186,lte,P2_long_short,21,1,-0.2519,-7.74,-57.26,19.95,1566,False
gold_copper_pctrank_1260d,Tp25_lo,0.3169,lte,P1_long_cash,126,6,-0.2523,-2.56,-19.75,2.9,1566,False
gold_copper_pctrank_1260d,Trp25_lo,0.3169,lte,P1_long_cash,126,6,-0.2523,-2.56,-19.75,2.9,1566,False
gold_copper_acceleration,Trp25_lo,-6.2874,lte,P2_long_short,168,8,-0.2539,-7.76,-55.52,49.89,1566,False
gold_copper_acceleration,Tp25_lo,-6.2874,lte,P2_long_short,168,8,-0.2539,-7.76,-55.52,49.89,1566,False
gold_copper_roc_21d,Tz1_hi,1.0,gte,P2_long_short,21,1,-0.2543,-7.77,-66.31,62.11,1566,False
gold_copper_zscore_126d,Tp75_lo,1.18,lte,P2_long_short,231,11,-0.2555,-7.79,-55.81,31.54,1566,False
gold_copper_zscore_252d,Tp90_hi,2.0171,gte,P1_long_cash,147,7,-0.2559,-4.74,-42.33,8.85,1566,False
gold_copper_roc_126d,Tp50_lo,0.8514,lte,P2_long_short,42,2,-0.2561,-7.8,-60.37,22.53,1566,False
gold_copper_roc_21d,Tz1_hi,1.0,gte,P2_long_short,105,5,-0.2562,-7.81,-60.42,60.51,1566,False
gold_copper_mom_21d,Tfix03_lo,0.3,lte,P2_long_short,84,4,-0.2563,-7.81,-57.23,61.79,1566,False
gold_copper_zscore_126d,Tp75_lo,1.18,lte,P2_long_short,252,12,-0.2572,-7.83,-63.01,31.86,1566,False
gold_copper_roc_63d,Tz1_lo,-1.0,lte,P2_long_short,84,4,-0.2573,-7.83,-44.33,37.98,1566,False
gold_copper_roc_63d,Tzn1_lo,-1.0,lte,P2_long_short,84,4,-0.2573,-7.83,-44.33,37.98,1566,False
gold_copper_pctrank_504d,Tp75_lo,0.841,lte,P2_long_short,210,10,-0.2574,-7.82,-60.91,18.67,1566,False
gold_copper_zscore_252d,Tz1_lo,-1.0,lte,P2_long_short,0,0,-0.2575,-7.83,-61.3,10.3,1566,False
gold_copper_zscore_252d,Tzn1_lo,-1.0,lte,P2_long_short,0,0,-0.2575,-7.83,-61.3,10.3,1566,False
gold_copper_zscore_126d,Tp25_lo,-1.0407,lte,P2_long_short,210,10,-0.2579,-7.84,-62.85,20.28,1566,False
gold_copper_zscore_126d,Trp25_lo,-1.0407,lte,P2_long_short,210,10,-0.2579,-7.84,-62.85,20.28,1566,False
gold_copper_mom_63d,Tp75_hi,28.7156,gte,P2_long_short,21,1,-0.2591,-7.87,-56.53,18.02,1566,False
gold_copper_roc_5d,Tzn1_lo,-1.0,lte,P2_long_short,63,3,-0.2603,-7.92,-63.72,98.16,1566,False
gold_copper_roc_5d,Tz1_lo,-1.0,lte,P2_long_short,63,3,-0.2603,-7.92,-63.72,98.16,1566,False
gold_copper_roc_5d,Tfix03_lo,0.3,lte,P2_long_short,63,3,-0.2603,-7.92,-65.19,107.17,1566,False
gold_copper_acceleration,Tp50_hi,-0.0707,gte,P2_long_short,21,1,-0.2616,-7.94,-70.54,69.2,1566,False
gold_copper_mom_252d,Tp50_lo,7.1738,lte,P2_long_short,0,0,-0.2639,-7.96,-61.64,12.23,1566,False
gold_copper_zscore_126d,Tp25_lo,-1.0407,lte,P1_long_cash,231,11,-0.2657,-3.96,-34.86,9.98,1566,False
gold_copper_zscore_126d,Trp25_lo,-1.0407,lte,P1_long_cash,231,11,-0.2657,-3.96,-34.86,9.98,1566,False
gold_copper_roc_21d,Tp50_lo,0.0209,lte,P2_long_short,84,4,-0.267,-8.03,-55.59,62.44,1566,False
gold_copper_mom_21d,Tp50_lo,0.098,lte,P2_long_short,84,4,-0.267,-8.03,-55.59,62.44,1566,False
gold_copper_pctrank_1260d,Tp75_hi,0.8221,gte,P2_long_short,252,12,-0.2679,-8.04,-63.82,9.33,1566,False
gold_copper_pctrank_1260d,Tp90_hi,0.9349,gte,P2_long_short,210,10,-0.2681,-8.04,-63.14,6.44,1566,False
gold_copper_mom_21d,Tp90_hi,32.7891,gte,P2_long_short,210,10,-0.2686,-8.05,-58.27,25.75,1566,False
gold_copper_zscore_126d,Tp75_hi,1.18,gte,P2_long_short,21,1,-0.2693,-8.07,-49.06,33.47,1566,False
gold_copper_pctrank_504d,Tp90_hi,0.9722,gte,P2_long_short,84,4,-0.2693,-8.06,-66.45,25.75,1566,False
gold_copper_acceleration,Tp25_lo,-6.2874,lte,P2_long_short,63,3,-0.27,-8.08,-64.93,49.24,1566,False
gold_copper_acceleration,Trp25_lo,-6.2874,lte,P2_long_short,63,3,-0.27,-8.08,-64.93,49.24,1566,False
gold_copper_mom_21d,Trp25_lo,-15.533,lte,P2_long_short,147,7,-0.2701,-8.08,-62.78,49.89,1566,False
gold_copper_mom_21d,Tp25_lo,-15.533,lte,P2_long_short,147,7,-0.2701,-8.08,-62.78,49.89,1566,False
gold_copper_mom_63d,Tp75_lo,28.7156,lte,P2_long_short,252,12,-0.2703,-8.09,-59.63,18.99,1566,False
gold_copper_pctrank_1260d,Tp75_hi,0.8221,gte,P2_long_short,0,0,-0.2712,-8.11,-54.88,7.4,1566,False
gold_copper_zscore_252d,Tp75_hi,1.0726,gte,P2_long_short,84,4,-0.2719,-8.12,-57.11,32.83,1566,False
gold_copper_pctrank_504d,Tp75_lo,0.841,lte,P2_long_short,63,3,-0.2734,-8.16,-47.33,19.95,1566,False
gold_copper_mom_21d,Tz1_lo,-1.0,lte,P2_long_short,84,4,-0.2746,-8.18,-54.9,66.94,1566,False
gold_copper_mom_21d,Tzn1_lo,-1.0,lte,P2_long_short,84,4,-0.2746,-8.18,-54.9,66.94,1566,False
gold_copper_pctrank_504d,Trp25_lo,0.1605,lte,P1_long_cash,147,7,-0.2753,-2.09,-20.06,8.37,1566,False
gold_copper_pctrank_504d,Tp25_lo,0.1605,lte,P1_long_cash,147,7,-0.2753,-2.09,-20.06,8.37,1566,False
gold_copper_roc_5d,Tp75_hi,2.0649,gte,P2_long_short,210,10,-0.2759,-8.19,-66.96,88.18,1566,False
gold_copper_pctrank_1260d,Tp25_lo,0.3169,lte,P1_long_cash,231,11,-0.2773,-3.4,-33.28,3.54,1566,False
gold_copper_pctrank_1260d,Trp25_lo,0.3169,lte,P1_long_cash,231,11,-0.2773,-3.4,-33.28,3.54,1566,False
gold_copper_roc_21d,Tz1_lo,-1.0,lte,P2_long_short,21,1,-0.2784,-8.26,-60.81,73.7,1566,False
gold_copper_roc_21d,Tzn1_lo,-1.0,lte,P2_long_short,21,1,-0.2784,-8.26,-60.81,73.7,1566,False
gold_copper_zscore_252d,Tp50_lo,0.0526,lte,P1_long_cash,147,7,-0.2784,-3.04,-24.87,6.76,1566,False
gold_copper_zscore_504d,Tp75_lo,1.0903,lte,P2_long_short,42,2,-0.2792,-8.28,-49.1,22.53,1566,False
gold_copper_acceleration,Tp50_hi,-0.0707,gte,P2_long_short,147,7,-0.2795,-8.29,-54.16,70.48,1566,False
gold_copper_mom_63d,Tp90_hi,61.1186,gte,P2_long_short,105,5,-0.2796,-8.28,-66.0,19.63,1566,False
gold_copper_pctrank_504d,Tp25_lo,0.1605,lte,P1_long_cash,231,11,-0.2812,-2.48,-26.1,8.37,1566,False
gold_copper_pctrank_504d,Trp25_lo,0.1605,lte,P1_long_cash,231,11,-0.2812,-2.48,-26.1,8.37,1566,False
gold_copper_zscore_126d,Tz1_hi,1.0,gte,P2_long_short,189,9,-0.2823,-8.34,-60.88,32.51,1566,False
gold_copper_roc_63d,Trp25_lo,-6.739,lte,P2_long_short,168,8,-0.2828,-8.34,-62.62,19.31,1566,False
gold_copper_zscore_252d,Tp50_lo,0.0526,lte,P2_long_short,42,2,-0.2828,-8.34,-63.19,14.16,1566,False
gold_copper_roc_63d,Tp25_lo,-6.739,lte,P2_long_short,168,8,-0.2828,-8.34,-62.62,19.31,1566,False
gold_copper_pctrank_1260d,Tp90_hi,0.9349,gte,P2_long_short,168,8,-0.2831,-8.35,-64.44,6.76,1566,False
gold_copper_pctrank_504d,Tfix03_lo,0.3,lte,P2_long_short,42,2,-0.2838,-8.36,-62.67,12.23,1566,False
gold_copper_mom_63d,Tp75_hi,28.7156,gte,P1_long_cash,105,5,-0.2839,-4.93,-39.82,8.69,1566,False
gold_copper_mom_252d,Tp75_hi,65.8527,gte,P2_long_short,0,0,-0.2842,-8.38,-55.4,29.93,1566,False
gold_copper_zscore_126d,Tz1_lo,-1.0,lte,P1_long_cash,231,11,-0.2843,-4.22,-36.29,10.94,1566,False
gold_copper_zscore_126d,Tzn1_lo,-1.0,lte,P1_long_cash,231,11,-0.2843,-4.22,-36.29,10.94,1566,False
gold_copper_zscore_126d,Tp25_lo,-1.0407,lte,P2_long_short,42,2,-0.2849,-8.4,-51.76,19.95,1566,False
gold_copper_zscore_126d,Trp25_lo,-1.0407,lte,P2_long_short,42,2,-0.2849,-8.4,-51.76,19.95,1566,False
gold_copper_roc_5d,Tp75_hi,2.0649,gte,P2_long_short,252,12,-0.2852,-8.4,-60.19,87.54,1566,False
gold_copper_zscore_504d,Tp25_lo,-1.0311,lte,P1_long_cash,84,4,-0.2863,-1.84,-13.74,3.54,1566,False
gold_copper_zscore_504d,Trp25_lo,-1.0311,lte,P1_long_cash,84,4,-0.2863,-1.84,-13.74,3.54,1566,False
gold_copper_zscore_126d,Tp90_hi,2.0703,gte,P2_long_short,63,3,-0.2865,-8.42,-66.26,16.74,1566,False
gold_copper_roc_21d,Tp90_hi,8.7798,gte,P2_long_short,252,12,-0.2866,-8.42,-62.82,19.31,1566,False
gold_copper_mom_63d,Tp75_lo,28.7156,lte,P2_long_short,231,11,-0.2868,-8.43,-58.03,17.38,1566,False
gold_copper_pctrank_1260d,Tp75_lo,0.8221,lte,P2_long_short,189,9,-0.2875,-8.46,-62.1,10.62,1566,False
gold_copper_pctrank_1260d,Tp90_hi,0.9349,gte,P2_long_short,21,1,-0.2877,-8.44,-60.05,6.11,1566,False
gold_copper_zscore_252d,Tp75_hi,1.0726,gte,P2_long_short,147,7,-0.2882,-8.46,-56.58,31.86,1566,False
gold_copper_zscore_252d,Tp50_lo,0.0526,lte,P2_long_short,21,1,-0.2884,-8.46,-63.08,14.16,1566,False
gold_copper_zscore_126d,Tz1_hi,1.0,gte,P2_long_short,126,6,-0.2892,-8.49,-61.39,31.86,1566,False
gold_copper_mom_252d,Tp75_hi,65.8527,gte,P2_long_short,105,5,-0.2907,-8.51,-58.92,30.25,1566,False
gold_copper_roc_5d,Tz1_hi,1.0,gte,P2_long_short,147,7,-0.291,-8.53,-56.89,111.03,1566,False
gold_copper_mom_63d,Trp25_lo,-25.5664,lte,P2_long_short,252,12,-0.2925,-8.53,-65.4,26.39,1566,False
gold_copper_mom_63d,Tp25_lo,-25.5664,lte,P2_long_short,252,12,-0.2925,-8.53,-65.4,26.39,1566,False
gold_copper_mom_252d,Trp25_lo,-53.7187,lte,P1_long_cash,168,8,-0.2926,-2.72,-20.94,0.97,1566,False
gold_copper_mom_252d,Tp25_lo,-53.7187,lte,P1_long_cash,168,8,-0.2926,-2.72,-20.94,0.97,1566,False
gold_copper_roc_63d,Tz1_lo,-1.0,lte,P2_long_short,210,10,-0.2942,-8.57,-59.0,38.62,1566,False
gold_copper_roc_63d,Tzn1_lo,-1.0,lte,P2_long_short,210,10,-0.2942,-8.57,-59.0,38.62,1566,False
gold_copper_zscore_504d,Tfix03_lo,0.3,lte,P2_long_short,42,2,-0.2944,-8.58,-64.08,10.94,1566,False
gold_copper_zscore_252d,Tp50_lo,0.0526,lte,P2_long_short,210,10,-0.2945,-8.58,-64.28,14.48,1566,False
gold_copper_zscore_252d,Tz1_lo,-1.0,lte,P1_long_cash,147,7,-0.2947,-1.8,-16.13,3.54,1566,False
gold_copper_zscore_252d,Tzn1_lo,-1.0,lte,P1_long_cash,147,7,-0.2947,-1.8,-16.13,3.54,1566,False
gold_copper_roc_5d,Trp25_lo,-2.0781,lte,P2_long_short,168,8,-0.2948,-8.58,-63.54,84.97,1566,False
gold_copper_roc_5d,Tp25_lo,-2.0781,lte,P2_long_short,168,8,-0.2948,-8.58,-63.54,84.97,1566,False
gold_copper_roc_5d,Tp50_lo,0.0074,lte,P2_long_short,252,12,-0.2949,-8.6,-71.2,113.93,1566,False
gold_copper_acceleration,Tfix07_hi,0.7,gte,P2_long_short,105,5,-0.2951,-8.57,-70.96,64.37,1566,False
gold_copper_roc_126d,Trp25_lo,-9.8165,lte,P2_long_short,105,5,-0.2954,-8.6,-64.31,7.08,1566,False
gold_copper_roc_126d,Tp25_lo,-9.8165,lte,P2_long_short,105,5,-0.2954,-8.6,-64.31,7.08,1566,False
gold_copper_pctrank_504d,Tp90_hi,0.9722,gte,P1_long_cash,0,0,-0.2955,-5.0,-41.39,14.48,1566,False
gold_copper_pctrank_1260d,Tp75_lo,0.8221,lte,P2_long_short,42,2,-0.2956,-8.64,-68.9,8.37,1566,False
gold_copper_roc_126d,Tp75_hi,11.28,gte,P2_long_short,147,7,-0.2965,-8.63,-49.8,18.99,1566,False
gold_copper_zscore_504d,Trp25_lo,-1.0311,lte,P2_long_short,0,0,-0.2996,-8.68,-63.47,7.08,1566,False
gold_copper_zscore_504d,Tp25_lo,-1.0311,lte,P2_long_short,0,0,-0.2996,-8.68,-63.47,7.08,1566,False
gold_copper_roc_126d,Tfix03_lo,0.3,lte,P2_long_short,84,4,-0.3012,-8.72,-65.44,24.46,1566,False
gold_copper_roc_63d,Tfix03_lo,0.3,lte,P2_long_short,42,2,-0.3029,-8.78,-64.1,42.8,1566,False
gold_copper_roc_126d,Tp75_hi,11.28,gte,P2_long_short,126,6,-0.3033,-8.76,-59.8,18.67,1566,False
gold_copper_pctrank_504d,Tp25_lo,0.1605,lte,P1_long_cash,63,3,-0.3034,-1.94,-18.36,8.37,1566,False
gold_copper_pctrank_504d,Trp25_lo,0.1605,lte,P1_long_cash,63,3,-0.3034,-1.94,-18.36,8.37,1566,False
gold_copper_pctrank_1260d,Tp90_hi,0.9349,gte,P2_long_short,126,6,-0.3036,-8.76,-64.22,7.72,1566,False
gold_copper_roc_126d,Tp90_hi,26.555,gte,P2_long_short,252,12,-0.3052,-8.8,-65.52,12.23,1566,False
gold_copper_roc_5d,Tz1_lo,-1.0,lte,P2_long_short,21,1,-0.3067,-8.83,-65.33,96.23,1566,False
gold_copper_roc_5d,Tzn1_lo,-1.0,lte,P2_long_short,21,1,-0.3067,-8.83,-65.33,96.23,1566,False
gold_copper_zscore_126d,Tz1_lo,-1.0,lte,P2_long_short,126,6,-0.3071,-8.84,-63.85,21.56,1566,False
gold_copper_zscore_126d,Tzn1_lo,-1.0,lte,P2_long_short,126,6,-0.3071,-8.84,-63.85,21.56,1566,False
gold_copper_pctrank_1260d,Tz1_hi,1.0,gte,P1_long_cash,231,11,-0.3079,-0.24,-1.59,1.29,1566,False
gold_copper_zscore_504d,Tz1_lo,-1.0,lte,P1_long_cash,105,5,-0.3082,-2.31,-17.6,3.54,1566,False
gold_copper_zscore_504d,Tzn1_lo,-1.0,lte,P1_long_cash,105,5,-0.3082,-2.31,-17.6,3.54,1566,False
gold_copper_zscore_504d,Tz1_lo,-1.0,lte,P2_long_short,0,0,-0.3086,-8.86,-63.92,7.08,1566,False
gold_copper_zscore_504d,Tzn1_lo,-1.0,lte,P2_long_short,0,0,-0.3086,-8.86,-63.92,7.08,1566,False
gold_copper_zscore_126d,Trp25_lo,-1.0407,lte,P2_long_short,126,6,-0.3092,-8.88,-64.53,19.63,1566,False
gold_copper_zscore_126d,Tp25_lo,-1.0407,lte,P2_long_short,126,6,-0.3092,-8.88,-64.53,19.63,1566,False
gold_copper_roc_5d,Tp90_hi,4.3297,gte,P2_long_short,210,10,-0.3095,-8.86,-69.27,32.18,1566,False
gold_copper_pctrank_504d,Tp90_hi,0.9722,gte,P2_long_short,189,9,-0.311,-8.91,-62.08,24.14,1566,False
gold_copper_zscore_252d,Tp90_hi,2.0171,gte,P2_long_short,84,4,-0.3118,-8.93,-66.62,18.02,1566,False
gold_copper_mom_63d,Tzn1_lo,-1.0,lte,P2_long_short,147,7,-0.3119,-8.93,-65.31,41.84,1566,False
gold_copper_mom_63d,Tz1_lo,-1.0,lte,P2_long_short,147,7,-0.3119,-8.93,-65.31,41.84,1566,False
gold_copper_mom_63d,Tp75_lo,28.7156,lte,P2_long_short,42,2,-0.3122,-8.97,-65.16,17.38,1566,False
gold_copper_zscore_252d,Tfix03_lo,0.3,lte,P2_long_short,105,5,-0.313,-8.95,-67.83,22.53,1566,False
gold_copper_pctrank_1260d,Tp90_hi,0.9349,gte,P2_long_short,231,11,-0.3131,-8.95,-65.15,6.44,1566,False
gold_copper_roc_21d,Tp75_hi,4.3669,gte,P2_long_short,21,1,-0.3138,-8.97,-50.97,34.76,1566,False
gold_copper_roc_5d,Tfix03_lo,0.3,lte,P2_long_short,252,12,-0.3139,-8.98,-70.66,112.0,1566,False
gold_copper_roc_5d,Tp25_lo,-2.0781,lte,P2_long_short,42,2,-0.314,-8.97,-61.42,88.83,1566,False
gold_copper_roc_63d,Tp50_lo,0.2018,lte,P2_long_short,42,2,-0.314,-9.0,-63.72,40.87,1566,False
gold_copper_roc_5d,Trp25_lo,-2.0781,lte,P2_long_short,42,2,-0.314,-8.97,-61.42,88.83,1566,False
gold_copper_acceleration,Tp50_hi,-0.0707,gte,P2_long_short,210,10,-0.3143,-8.99,-56.75,68.87,1566,False
gold_copper_roc_126d,Tp75_hi,11.28,gte,P2_long_short,42,2,-0.3149,-8.99,-71.11,18.99,1566,False
gold_copper_acceleration,Tp90_hi,12.3637,gte,P2_long_short,252,12,-0.316,-9.01,-64.29,22.53,1566,False
gold_copper_roc_5d,Tfix03_lo,0.3,lte,P2_long_short,21,1,-0.316,-9.04,-59.72,107.17,1566,False
gold_copper_mom_252d,Tp75_lo,65.8527,lte,P2_long_short,231,11,-0.3165,-9.03,-59.79,28.64,1566,False
gold_copper_zscore_126d,Tp75_hi,1.18,gte,P2_long_short,168,8,-0.3169,-9.04,-59.17,31.86,1566,False
gold_copper_zscore_504d,Tp90_hi,2.084,gte,P2_long_short,189,9,-0.3169,-9.03,-61.29,15.13,1566,False
gold_copper_mom_252d,Tp75_lo,65.8527,lte,P2_long_short,126,6,-0.3175,-9.05,-64.38,29.93,1566,False
gold_copper_roc_5d,Tp25_lo,-2.0781,lte,P2_long_short,63,3,-0.3183,-9.06,-60.81,89.15,1566,False
gold_copper_roc_5d,Trp25_lo,-2.0781,lte,P2_long_short,63,3,-0.3183,-9.06,-60.81,89.15,1566,False
gold_copper_mom_21d,Trp25_lo,-15.533,lte,P2_long_short,126,6,-0.3188,-9.06,-70.94,50.53,1566,False
gold_copper_mom_21d,Tp25_lo,-15.533,lte,P2_long_short,126,6,-0.3188,-9.06,-70.94,50.53,1566,False
gold_copper_zscore_252d,Tp50_lo,0.0526,lte,P1_long_cash,231,11,-0.3195,-5.89,-46.65,7.72,1566,False
gold_copper_roc_126d,Tp90_hi,26.555,gte,P2_long_short,42,2,-0.3205,-9.11,-64.51,13.52,1566,False
gold_copper_mom_63d,Tp50_lo,0.758,lte,P2_long_short,42,2,-0.3205,-9.13,-63.9,38.94,1566,False
gold_copper_zscore_252d,Tp50_lo,0.0526,lte,P2_long_short,63,3,-0.3206,-9.11,-65.27,14.16,1566,False
gold_copper_roc_5d,Tfix07_hi,0.7,gte,P2_long_short,147,7,-0.3207,-9.13,-55.64,112.32,1566,False
gold_copper_zscore_252d,Tp90_hi,2.0171,gte,P2_long_short,189,9,-0.3214,-9.12,-60.91,15.77,1566,False
gold_copper_mom_63d,Tfix03_lo,0.3,lte,P2_long_short,42,2,-0.3216,-9.15,-63.9,40.87,1566,False
gold_copper_pctrank_504d,Tp25_lo,0.1605,lte,P1_long_cash,252,12,-0.3222,-2.94,-20.98,8.37,1566,False
gold_copper_pctrank_504d,Trp25_lo,0.1605,lte,P1_long_cash,252,12,-0.3222,-2.94,-20.98,8.37,1566,False
gold_copper_zscore_126d,Tzn1_lo,-1.0,lte,P2_long_short,252,12,-0.3239,-9.17,-69.93,21.89,1566,False
gold_copper_zscore_126d,Tz1_lo,-1.0,lte,P2_long_short,252,12,-0.3239,-9.17,-69.93,21.89,1566,False
gold_copper_acceleration,Tp50_lo,-0.0707,lte,P2_long_short,189,9,-0.3267,-9.24,-64.81,70.8,1566,False
gold_copper_zscore_252d,Tzn1_lo,-1.0,lte,P2_long_short,42,2,-0.3269,-9.23,-66.1,10.3,1566,False
gold_copper_zscore_252d,Tz1_lo,-1.0,lte,P2_long_short,42,2,-0.3269,-9.23,-66.1,10.3,1566,False
gold_copper_roc_63d,Tp75_lo,7.5433,lte,P2_long_short,231,11,-0.3282,-9.26,-58.38,14.8,1566,False
gold_copper_roc_126d,Tp75_lo,11.28,lte,P2_long_short,210,10,-0.3292,-9.28,-62.42,15.45,1566,False
gold_copper_zscore_252d,Trp25_lo,-0.9767,lte,P1_long_cash,147,7,-0.3293,-2.03,-17.33,2.9,1566,False
gold_copper_zscore_252d,Tp25_lo,-0.9767,lte,P1_long_cash,147,7,-0.3293,-2.03,-17.33,2.9,1566,False
gold_copper_mom_63d,Tzn1_lo,-1.0,lte,P2_long_short,168,8,-0.3299,-9.29,-65.06,42.8,1566,False
gold_copper_mom_63d,Tz1_lo,-1.0,lte,P2_long_short,168,8,-0.3299,-9.29,-65.06,42.8,1566,False
gold_copper_acceleration,Tfix07_hi,0.7,gte,P2_long_short,147,7,-0.3299,-9.31,-56.31,65.98,1566,False
gold_copper_roc_126d,Tp25_lo,-9.8165,lte,P2_long_short,63,3,-0.3308,-9.31,-66.15,7.08,1566,False
gold_copper_roc_126d,Trp25_lo,-9.8165,lte,P2_long_short,63,3,-0.3308,-9.31,-66.15,7.08,1566,False
gold_copper_pctrank_504d,Trp25_lo,0.1605,lte,P1_long_cash,126,6,-0.3312,-2.34,-19.67,8.37,1566,False
gold_copper_pctrank_504d,Tp25_lo,0.1605,lte,P1_long_cash,126,6,-0.3312,-2.34,-19.67,8.37,1566,False
gold_copper_roc_126d,Tp90_hi,26.555,gte,P2_long_short,231,11,-0.3313,-9.32,-65.03,12.23,1566,False
gold_copper_roc_63d,Tzn1_lo,-1.0,lte,P2_long_short,168,8,-0.3323,-9.34,-65.08,37.66,1566,False
gold_copper_roc_63d,Tz1_lo,-1.0,lte,P2_long_short,168,8,-0.3323,-9.34,-65.08,37.66,1566,False
gold_copper_mom_63d,Tp75_hi,28.7156,gte,P2_long_short,147,7,-0.3332,-9.36,-56.52,16.09,1566,False
gold_copper_zscore_126d,Tfix03_lo,0.3,lte,P2_long_short,126,6,-0.3338,-9.37,-66.69,36.37,1566,False
gold_copper_roc_126d,Tp50_lo,0.8514,lte,P2_long_short,84,4,-0.3339,-9.37,-66.48,22.53,1566,False
gold_copper_mom_63d,Tfix03_lo,0.3,lte,P2_long_short,147,7,-0.3345,-9.39,-66.37,40.55,1566,False
gold_copper_zscore_252d,Tzn1_lo,-1.0,lte,P2_long_short,84,4,-0.3358,-9.41,-65.25,10.3,1566,False
gold_copper_zscore_252d,Tz1_lo,-1.0,lte,P2_long_short,84,4,-0.3358,-9.41,-65.25,10.3,1566,False
gold_copper_zscore_126d,Tzn1_lo,-1.0,lte,P2_long_short,42,2,-0.3366,-9.44,-52.85,21.89,1566,False
gold_copper_zscore_126d,Tz1_lo,-1.0,lte,P2_long_short,42,2,-0.3366,-9.44,-52.85,21.89,1566,False
gold_copper_acceleration,Tp90_hi,12.3637,gte,P2_long_short,63,3,-0.337,-9.44,-65.3,21.24,1566,False
gold_copper_roc_21d,Tfix07_hi,0.7,gte,P2_long_short,168,8,-0.3385,-9.47,-58.55,61.47,1566,False
gold_copper_roc_63d,Tp25_lo,-6.739,lte,P2_long_short,252,12,-0.339,-9.47,-65.96,18.67,1566,False
gold_copper_roc_63d,Trp25_lo,-6.739,lte,P2_long_short,252,12,-0.339,-9.47,-65.96,18.67,1566,False
gold_copper_zscore_252d,Tp25_lo,-0.9767,lte,P2_long_short,42,2,-0.3392,-9.48,-66.22,9.01,1566,False
gold_copper_zscore_252d,Trp25_lo,-0.9767,lte,P2_long_short,42,2,-0.3392,-9.48,-66.22,9.01,1566,False
gold_copper_acceleration,Tfix03_lo,0.3,lte,P2_long_short,84,4,-0.3392,-9.49,-65.65,66.3,1566,False
gold_copper_zscore_126d,Tp25_lo,-1.0407,lte,P2_long_short,252,12,-0.3402,-9.49,-70.68,19.95,1566,False
gold_copper_zscore_126d,Trp25_lo,-1.0407,lte,P2_long_short,252,12,-0.3402,-9.49,-70.68,19.95,1566,False
gold_copper_roc_21d,Tp90_hi,8.7798,gte,P2_long_short,126,6,-0.341,-9.52,-66.3,16.09,1566,False
gold_copper_roc_21d,Tp75_lo,4.3669,lte,P2_long_short,252,12,-0.3412,-9.52,-62.98,34.44,1566,False
gold_copper_zscore_252d,Trp25_lo,-0.9767,lte,P2_long_short,0,0,-0.3424,-9.54,-65.56,9.01,1566,False
gold_copper_zscore_252d,Tp25_lo,-0.9767,lte,P2_long_short,0,0,-0.3424,-9.54,-65.56,9.01,1566,False
gold_copper_mom_63d,Tp75_hi,28.7156,gte,P2_long_short,126,6,-0.3425,-9.55,-51.03,17.06,1566,False
gold_copper_zscore_504d,Tp25_lo,-1.0311,lte,P1_long_cash,189,9,-0.3425,-2.91,-21.66,3.54,1566,False
gold_copper_zscore_504d,Trp25_lo,-1.0311,lte,P1_long_cash,189,9,-0.3425,-2.91,-21.66,3.54,1566,False
gold_copper_mom_252d,Tp75_lo,65.8527,lte,P2_long_short,42,2,-0.3426,-9.57,-53.72,30.25,1566,False
gold_copper_zscore_504d,Tp75_lo,1.0903,lte,P2_long_short,63,3,-0.3432,-9.57,-53.0,22.53,1566,False
gold_copper_pctrank_1260d,Tp90_hi,0.9349,gte,P2_long_short,84,4,-0.3435,-9.57,-67.73,6.11,1566,False
gold_copper_pctrank_1260d,Tp50_lo,0.5612,lte,P2_long_short,42,2,-0.3437,-9.57,-65.63,12.23,1566,False
gold_copper_acceleration,Tp90_hi,12.3637,gte,P2_long_short,231,11,-0.344,-9.58,-68.5,22.53,1566,False
gold_copper_acceleration,Tfix03_lo,0.3,lte,P2_long_short,252,12,-0.3442,-9.58,-71.03,64.69,1566,False
gold_copper_roc_126d,Tzn1_lo,-1.0,lte,P2_long_short,63,3,-0.3445,-9.59,-66.39,25.75,1566,False
gold_copper_roc_126d,Tz1_lo,-1.0,lte,P2_long_short,63,3,-0.3445,-9.59,-66.39,25.75,1566,False
gold_copper_zscore_252d,Tz1_hi,1.0,gte,P2_long_short,0,0,-0.3449,-9.59,-57.7,30.25,1566,False
gold_copper_roc_126d,Tp50_lo,0.8514,lte,P2_long_short,105,5,-0.3449,-9.59,-67.85,22.53,1566,False
gold_copper_roc_5d,Tzn1_lo,-1.0,lte,P2_long_short,147,7,-0.3452,-9.59,-66.2,95.59,1566,False
gold_copper_roc_5d,Tz1_lo,-1.0,lte,P2_long_short,147,7,-0.3452,-9.59,-66.2,95.59,1566,False
gold_copper_roc_126d,Tfix03_lo,0.3,lte,P2_long_short,105,5,-0.3468,-9.63,-67.93,24.46,1566,False
gold_copper_roc_5d,Tp75_hi,2.0649,gte,P2_long_short,84,4,-0.3481,-9.65,-68.55,87.22,1566,False
gold_copper_zscore_252d,Tp75_lo,1.0726,lte,P2_long_short,42,2,-0.3487,-9.7,-65.16,32.18,1566,False
gold_copper_mom_252d,Tp75_lo,65.8527,lte,P2_long_short,252,12,-0.3488,-9.68,-69.59,28.64,1566,False
gold_copper_zscore_504d,Tp50_lo,-0.0203,lte,P2_long_short,42,2,-0.3489,-9.67,-65.87,3.86,1566,False
gold_copper_roc_5d,Trp25_lo,-2.0781,lte,P2_long_short,189,9,-0.3498,-9.69,-65.53,83.68,1566,False
gold_copper_roc_5d,Tp25_lo,-2.0781,lte,P2_long_short,189,9,-0.3498,-9.69,-65.53,83.68,1566,False
gold_copper_mom_21d,Tp90_hi,32.7891,gte,P2_long_short,189,9,-0.3503,-9.7,-57.27,26.07,1566,False
gold_copper_roc_21d,Tp90_hi,8.7798,gte,P1_long_cash,147,7,-0.3511,-5.17,-36.91,8.85,1566,False
gold_copper_roc_126d,Tp90_hi,26.555,gte,P2_long_short,84,4,-0.3513,-9.72,-67.57,12.23,1566,False
gold_copper_zscore_126d,Tfix03_lo,0.3,lte,P2_long_short,63,3,-0.3517,-9.74,-58.38,36.69,1566,False
gold_copper_roc_63d,Tp75_hi,7.5433,gte,P2_long_short,21,1,-0.3532,-9.77,-59.65,18.02,1566,False
gold_copper_mom_21d,Tp25_lo,-15.533,lte,P2_long_short,84,4,-0.3543,-9.79,-50.99,50.85,1566,False
gold_copper_mom_21d,Trp25_lo,-15.533,lte,P2_long_short,84,4,-0.3543,-9.79,-50.99,50.85,1566,False
gold_copper_roc_126d,Tzn1_lo,-1.0,lte,P2_long_short,252,12,-0.3548,-9.78,-73.76,25.75,1566,False
gold_copper_roc_126d,Tz1_lo,-1.0,lte,P2_long_short,252,12,-0.3548,-9.78,-73.76,25.75,1566,False
gold_copper_zscore_126d,Tzn1_lo,-1.0,lte,P2_long_short,21,1,-0.3553,-9.8,-66.25,21.89,1566,False
gold_copper_zscore_126d,Tz1_lo,-1.0,lte,P2_long_short,21,1,-0.3553,-9.8,-66.25,21.89,1566,False
gold_copper_zscore_252d,Tp90_hi,2.0171,gte,P2_long_short,63,3,-0.356,-9.81,-67.41,18.02,1566,False
gold_copper_mom_63d,Tp75_lo,28.7156,lte,P2_long_short,210,10,-0.3574,-9.84,-61.09,16.74,1566,False
gold_copper_roc_5d,Tp50_hi,0.0074,gte,P1_long_cash,0,0,-0.3575,-6.94,-46.08,54.87,1566,False
gold_copper_roc_5d,Tz1_hi,1.0,gte,P2_long_short,42,2,-0.3583,-9.85,-55.34,107.49,1566,False
gold_copper_roc_5d,Tp90_hi,4.3297,gte,P2_long_short,252,12,-0.3585,-9.86,-66.31,31.54,1566,False
gold_copper_mom_63d,Trp25_lo,-25.5664,lte,P2_long_short,210,10,-0.3594,-9.88,-68.14,27.36,1566,False
gold_copper_pctrank_504d,Tp50_lo,0.5268,lte,P2_long_short,84,4,-0.3594,-9.88,-66.36,8.37,1566,False
gold_copper_mom_63d,Tp25_lo,-25.5664,lte,P2_long_short,210,10,-0.3594,-9.88,-68.14,27.36,1566,False
gold_copper_mom_63d,Tp25_lo,-25.5664,lte,P2_long_short,126,6,-0.3596,-9.89,-66.13,27.36,1566,False
gold_copper_mom_63d,Trp25_lo,-25.5664,lte,P2_long_short,126,6,-0.3596,-9.89,-66.13,27.36,1566,False
gold_copper_zscore_126d,Tp75_hi,1.18,gte,P2_long_short,189,9,-0.3602,-9.9,-62.58,31.86,1566,False
gold_copper_roc_21d,Tzn1_lo,-1.0,lte,P2_long_short,63,3,-0.3606,-9.91,-55.4,73.38,1566,False
gold_copper_roc_21d,Tz1_lo,-1.0,lte,P2_long_short,63,3,-0.3606,-9.91,-55.4,73.38,1566,False
gold_copper_zscore_126d,Tz1_hi,1.0,gte,P2_long_short,21,1,-0.3612,-9.93,-51.07,34.76,1566,False
gold_copper_pctrank_504d,Tp90_hi,0.9722,gte,P2_long_short,105,5,-0.3615,-9.92,-72.71,25.75,1566,False
gold_copper_roc_63d,Tfix03_lo,0.3,lte,P2_long_short,147,7,-0.3618,-9.93,-67.61,42.48,1566,False
gold_copper_roc_5d,Tp50_lo,0.0074,lte,P2_long_short,63,3,-0.362,-9.97,-61.48,108.46,1566,False
gold_copper_pctrank_1260d,Tp50_lo,0.5612,lte,P2_long_short,105,5,-0.3622,-9.94,-66.48,12.23,1566,False
gold_copper_roc_5d,Tp50_lo,0.0074,lte,P2_long_short,21,1,-0.3624,-9.97,-62.45,108.46,1566,False
gold_copper_roc_63d,Tz1_lo,-1.0,lte,P2_long_short,42,2,-0.3626,-9.97,-61.85,37.01,1566,False
gold_copper_roc_63d,Tzn1_lo,-1.0,lte,P2_long_short,42,2,-0.3626,-9.97,-61.85,37.01,1566,False
gold_copper_mom_21d,Tz1_lo,-1.0,lte,P2_long_short,63,3,-0.3643,-9.99,-61.83,65.01,1566,False
gold_copper_mom_21d,Tzn1_lo,-1.0,lte,P2_long_short,63,3,-0.3643,-9.99,-61.83,65.01,1566,False
gold_copper_zscore_504d,Tfix03_lo,0.3,lte,P2_long_short,252,12,-0.365,-9.98,-63.65,9.01,1566,False
gold_copper_mom_252d,Tfix03_lo,0.3,lte,P2_long_short,42,2,-0.3651,-10.0,-66.62,12.87,1566,False
gold_copper_mom_252d,Tp75_lo,65.8527,lte,P2_long_short,210,10,-0.3653,-10.01,-59.87,28.64,1566,False
gold_copper_acceleration,Tp90_hi,12.3637,gte,P2_long_short,189,9,-0.3658,-10.01,-68.28,22.85,1566,False
gold_copper_zscore_504d,Tp50_lo,-0.0203,lte,P1_long_cash,231,11,-0.3677,-6.04,-43.83,3.22,1566,False
gold_copper_roc_63d,Tp25_lo,-6.739,lte,P1_long_cash,231,11,-0.3678,-5.33,-37.4,9.33,1566,False
gold_copper_roc_63d,Trp25_lo,-6.739,lte,P1_long_cash,231,11,-0.3678,-5.33,-37.4,9.33,1566,False
gold_copper_mom_63d,Tp50_lo,0.758,lte,P2_long_short,147,7,-0.3686,-10.07,-67.91,38.62,1566,False
gold_copper_mom_252d,Tp75_lo,65.8527,lte,P2_long_short,63,3,-0.3694,-10.1,-59.7,30.25,1566,False
gold_copper_mom_21d,Tp75_lo,16.087,lte,P2_long_short,231,11,-0.3695,-10.1,-52.79,43.13,1566,False
gold_copper_mom_63d,Tp90_hi,61.1186,gte,P2_long_short,42,2,-0.3699,-10.09,-68.98,17.38,1566,False
gold_copper_roc_21d,Tp90_hi,8.7798,gte,P2_long_short,63,3,-0.3701,-10.09,-67.32,16.74,1566,False
gold_copper_roc_21d,Tfix03_lo,0.3,lte,P2_long_short,63,3,-0.3703,-10.11,-57.76,60.51,1566,False
gold_copper_mom_63d,Trp25_lo,-25.5664,lte,P2_long_short,84,4,-0.3714,-10.13,-58.17,27.68,1566,False
gold_copper_mom_63d,Tp25_lo,-25.5664,lte,P2_long_short,84,4,-0.3714,-10.13,-58.17,27.68,1566,False
gold_copper_zscore_126d,Tp50_lo,-0.0334,lte,P2_long_short,147,7,-0.372,-10.13,-67.37,32.83,1566,False
gold_copper_pctrank_504d,Tfix03_lo,0.3,lte,P2_long_short,0,0,-0.375,-10.19,-67.07,12.23,1566,False
gold_copper_mom_21d,Tfix03_lo,0.3,lte,P2_long_short,63,3,-0.376,-10.22,-63.88,61.15,1566,False
gold_copper_roc_126d,Trp25_lo,-9.8165,lte,P2_long_short,84,4,-0.3775,-10.24,-67.25,7.08,1566,False
gold_copper_pctrank_504d,Tp90_hi,0.9722,gte,P2_long_short,126,6,-0.3775,-10.24,-66.48,26.07,1566,False
gold_copper_roc_126d,Tp25_lo,-9.8165,lte,P2_long_short,84,4,-0.3775,-10.24,-67.25,7.08,1566,False
gold_copper_roc_21d,Tp90_hi,8.7798,gte,P2_long_short,231,11,-0.3793,-10.28,-67.91,19.31,1566,False
gold_copper_zscore_504d,Trp25_lo,-1.0311,lte,P1_long_cash,210,10,-0.3813,-3.28,-20.75,3.54,1566,False
gold_copper_zscore_504d,Tp25_lo,-1.0311,lte,P1_long_cash,210,10,-0.3813,-3.28,-20.75,3.54,1566,False
gold_copper_roc_63d,Tp90_hi,17.0212,gte,P2_long_short,63,3,-0.3819,-10.33,-69.9,9.33,1566,False
gold_copper_zscore_126d,Tp90_hi,2.0703,gte,P2_long_short,252,12,-0.3836,-10.37,-68.67,19.63,1566,False
gold_copper_zscore_252d,Tp75_lo,1.0726,lte,P2_long_short,210,10,-0.3848,-10.39,-54.36,31.54,1566,False
gold_copper_zscore_252d,Tp25_lo,-0.9767,lte,P2_long_short,84,4,-0.3865,-10.42,-67.59,9.01,1566,False
gold_copper_zscore_252d,Trp25_lo,-0.9767,lte,P2_long_short,84,4,-0.3865,-10.42,-67.59,9.01,1566,False
gold_copper_roc_5d,Tz1_lo,-1.0,lte,P2_long_short,42,2,-0.3869,-10.44,-63.31,97.2,1566,False
gold_copper_roc_5d,Tzn1_lo,-1.0,lte,P2_long_short,42,2,-0.3869,-10.44,-63.31,97.2,1566,False
gold_copper_roc_63d,Tzn1_lo,-1.0,lte,P2_long_short,147,7,-0.3879,-10.45,-67.98,37.33,1566,False
gold_copper_roc_63d,Tz1_lo,-1.0,lte,P2_long_short,147,7,-0.3879,-10.45,-67.98,37.33,1566,False
gold_copper_zscore_252d,Tp75_lo,1.0726,lte,P2_long_short,63,3,-0.388,-10.46,-61.68,32.18,1566,False
gold_copper_pctrank_1260d,Tp50_lo,0.5612,lte,P2_long_short,252,12,-0.3882,-10.45,-69.12,13.52,1566,False
gold_copper_acceleration,Tp90_hi,12.3637,gte,P2_long_short,42,2,-0.3885,-10.44,-74.87,21.24,1566,False
gold_copper_mom_21d,Tp50_lo,0.098,lte,P2_long_short,63,3,-0.3894,-10.49,-64.54,61.15,1566,False
gold_copper_roc_21d,Tp50_lo,0.0209,lte,P2_long_short,63,3,-0.3894,-10.49,-64.54,61.15,1566,False
gold_copper_roc_126d,Tfix03_lo,0.3,lte,P2_long_short,21,1,-0.3895,-10.48,-68.23,24.46,1566,False
gold_copper_zscore_252d,Tp25_lo,-0.9767,lte,P2_long_short,105,5,-0.39,-10.49,-68.66,9.01,1566,False
gold_copper_zscore_252d,Trp25_lo,-0.9767,lte,P2_long_short,105,5,-0.39,-10.49,-68.66,9.01,1566,False
gold_copper_roc_126d,Trp25_lo,-9.8165,lte,P2_long_short,42,2,-0.3907,-10.51,-67.77,7.08,1566,False
gold_copper_roc_126d,Tp25_lo,-9.8165,lte,P2_long_short,42,2,-0.3907,-10.51,-67.77,7.08,1566,False
gold_copper_acceleration,Tp90_hi,12.3637,gte,P1_long_cash,210,10,-0.3909,-4.01,-29.92,11.26,1566,False
gold_copper_mom_21d,Tp75_lo,16.087,lte,P2_long_short,63,3,-0.3911,-10.53,-60.27,43.77,1566,False
gold_copper_zscore_126d,Tfix07_hi,0.7,gte,P2_long_short,105,5,-0.3918,-10.54,-59.32,33.47,1566,False
gold_copper_pctrank_504d,Tz1_hi,1.0,gte,P2_long_short,252,12,-0.3921,-10.53,-70.38,23.82,1566,False
gold_copper_mom_252d,Tp90_hi,132.6641,gte,P2_long_short,21,1,-0.3921,-10.54,-60.56,6.76,1566,False
gold_copper_pctrank_504d,Tp50_lo,0.5268,lte,P1_long_cash,231,11,-0.3926,-6.31,-43.83,5.15,1566,False
gold_copper_zscore_252d,Tfix03_lo,0.3,lte,P2_long_short,63,3,-0.3943,-10.58,-64.06,22.53,1566,False
gold_copper_zscore_504d,Tzn1_lo,-1.0,lte,P1_long_cash,189,9,-0.3943,-3.38,-23.4,3.54,1566,False
gold_copper_zscore_504d,Tz1_lo,-1.0,lte,P1_long_cash,189,9,-0.3943,-3.38,-23.4,3.54,1566,False
gold_copper_zscore_126d,Tp50_hi,-0.0334,gte,P2_long_short,105,5,-0.3943,-10.59,-58.47,34.11,1566,False
gold_copper_mom_252d,Tzn1_lo,-1.0,lte,P2_long_short,42,2,-0.3953,-10.6,-67.98,12.23,1566,False
gold_copper_mom_252d,Tz1_lo,-1.0,lte,P2_long_short,42,2,-0.3953,-10.6,-67.98,12.23,1566,False
gold_copper_pctrank_504d,Tp90_hi,0.9722,gte,P2_long_short,168,8,-0.3953,-10.6,-60.13,24.14,1566,False
gold_copper_roc_126d,Tfix03_lo,0.3,lte,P2_long_short,126,6,-0.3958,-10.61,-69.13,24.14,1566,False
gold_copper_roc_63d,Tfix03_lo,0.3,lte,P2_long_short,210,10,-0.3963,-10.61,-59.94,43.13,1566,False
gold_copper_roc_63d,Tp50_lo,0.2018,lte,P2_long_short,147,7,-0.3968,-10.63,-69.13,40.55,1566,False
gold_copper_mom_252d,Tp50_lo,7.1738,lte,P2_long_short,84,4,-0.3978,-10.65,-68.15,12.23,1566,False
gold_copper_zscore_252d,Tp90_hi,2.0171,gte,P2_long_short,42,2,-0.3983,-10.65,-69.26,19.31,1566,False
gold_copper_mom_63d,Tp50_hi,0.758,gte,P2_long_short,21,1,-0.3993,-10.68,-65.31,38.94,1566,False
gold_copper_mom_63d,Tfix07_hi,0.7,gte,P2_long_short,21,1,-0.3993,-10.68,-65.31,38.94,1566,False
gold_copper_roc_63d,Tp25_lo,-6.739,lte,P2_long_short,126,6,-0.3996,-10.68,-67.95,19.63,1566,False
gold_copper_roc_63d,Trp25_lo,-6.739,lte,P2_long_short,126,6,-0.3996,-10.68,-67.95,19.63,1566,False
gold_copper_acceleration,Tp25_lo,-6.2874,lte,P2_long_short,21,1,-0.3999,-10.69,-68.19,51.49,1566,False
gold_copper_acceleration,Trp25_lo,-6.2874,lte,P2_long_short,21,1,-0.3999,-10.69,-68.19,51.49,1566,False
gold_copper_mom_21d,Tp75_hi,16.087,gte,P2_long_short,84,4,-0.4008,-10.7,-71.27,43.77,1566,False
gold_copper_pctrank_504d,Tp75_lo,0.841,lte,P2_long_short,168,8,-0.4012,-10.71,-68.24,18.67,1566,False
gold_copper_mom_252d,Tp75_lo,65.8527,lte,P2_long_short,168,8,-0.4023,-10.73,-69.77,29.93,1566,False
gold_copper_pctrank_504d,Trp25_lo,0.1605,lte,P2_long_short,21,1,-0.4027,-10.74,-68.3,16.74,1566,False
gold_copper_pctrank_504d,Tp25_lo,0.1605,lte,P2_long_short,21,1,-0.4027,-10.74,-68.3,16.74,1566,False
gold_copper_acceleration,Tp75_hi,6.1247,gte,P2_long_short,42,2,-0.4035,-10.77,-56.38,35.72,1566,False
gold_copper_zscore_504d,Tp50_lo,-0.0203,lte,P2_long_short,252,12,-0.4042,-10.77,-68.87,6.44,1566,False
gold_copper_pctrank_504d,Tz1_hi,1.0,gte,P2_long_short,63,3,-0.4047,-10.78,-69.43,21.24,1566,False
gold_copper_roc_126d,Tp50_lo,0.8514,lte,P2_long_short,231,11,-0.405,-10.8,-61.24,21.89,1566,False
gold_copper_zscore_252d,Tz1_lo,-1.0,lte,P2_long_short,105,5,-0.4052,-10.79,-69.31,10.3,1566,False
gold_copper_zscore_252d,Tzn1_lo,-1.0,lte,P2_long_short,105,5,-0.4052,-10.79,-69.31,10.3,1566,False
gold_copper_zscore_504d,Tfix03_lo,0.3,lte,P2_long_short,105,5,-0.4073,-10.83,-69.4,10.94,1566,False
gold_copper_mom_63d,Tz1_hi,1.0,gte,P2_long_short,21,1,-0.4085,-10.86,-66.35,40.23,1566,False
gold_copper_pctrank_504d,Tp25_lo,0.1605,lte,P2_long_short,210,10,-0.4106,-10.9,-68.64,16.74,1566,False
gold_copper_pctrank_504d,Trp25_lo,0.1605,lte,P2_long_short,210,10,-0.4106,-10.9,-68.64,16.74,1566,False
gold_copper_zscore_126d,Tp75_hi,1.18,gte,P2_long_short,126,6,-0.4107,-10.92,-64.64,32.51,1566,False
gold_copper_roc_126d,Tzn1_lo,-1.0,lte,P2_long_short,84,4,-0.4108,-10.9,-68.65,25.75,1566,False
gold_copper_roc_126d,Tz1_lo,-1.0,lte,P2_long_short,84,4,-0.4108,-10.9,-68.65,25.75,1566,False
gold_copper_roc_63d,Tp50_hi,0.2018,gte,P2_long_short,21,1,-0.4112,-10.92,-66.29,40.87,1566,False
gold_copper_roc_21d,Tp75_hi,4.3669,gte,P2_long_short,126,6,-0.4129,-10.94,-66.12,34.11,1566,False
gold_copper_roc_63d,Tp75_hi,7.5433,gte,P2_long_short,126,6,-0.4142,-10.97,-54.89,15.77,1566,False
gold_copper_mom_21d,Tp25_hi,-15.533,gte,P2_long_short,0,0,-0.4145,-10.98,-61.25,49.89,1566,False
gold_copper_mom_252d,Tp90_hi,132.6641,gte,P2_long_short,105,5,-0.4164,-11.01,-64.89,10.62,1566,False
gold_copper_acceleration,Tp75_hi,6.1247,gte,P2_long_short,168,8,-0.4167,-11.02,-73.54,38.62,1566,False
gold_copper_mom_21d,Tz1_lo,-1.0,lte,P2_long_short,252,12,-0.4168,-11.02,-64.81,62.76,1566,False
gold_copper_mom_21d,Tzn1_lo,-1.0,lte,P2_long_short,252,12,-0.4168,-11.02,-64.81,62.76,1566,False
gold_copper_roc_126d,Tp90_hi,26.555,gte,P1_long_cash,105,5,-0.4175,-5.74,-39.69,6.11,1566,False
gold_copper_zscore_252d,Tz1_lo,-1.0,lte,P2_long_short,21,1,-0.419,-11.06,-69.49,10.3,1566,False
gold_copper_zscore_252d,Tzn1_lo,-1.0,lte,P2_long_short,21,1,-0.419,-11.06,-69.49,10.3,1566,False
gold_copper_roc_5d,Tp75_hi,2.0649,gte,P2_long_short,168,8,-0.4201,-11.09,-68.97,88.51,1566,False
gold_copper_roc_5d,Tp50_hi,0.0074,gte,P2_long_short,147,7,-0.4216,-11.14,-59.32,112.97,1566,False
gold_copper_pctrank_504d,Tp50_lo,0.5268,lte,P2_long_short,42,2,-0.4218,-11.12,-69.13,8.37,1566,False
gold_copper_roc_63d,Tp90_hi,17.0212,gte,P2_long_short,105,5,-0.4219,-11.12,-70.25,8.69,1566,False
gold_copper_acceleration,Tz1_hi,1.0,gte,P2_long_short,147,7,-0.422,-11.14,-59.0,64.69,1566,False
gold_copper_zscore_252d,Tp50_lo,0.0526,lte,P2_long_short,105,5,-0.4221,-11.13,-71.21,14.16,1566,False
gold_copper_pctrank_504d,Tz1_hi,1.0,gte,P2_long_short,210,10,-0.423,-11.14,-69.32,23.82,1566,False
gold_copper_acceleration,Tp50_hi,-0.0707,gte,P2_long_short,105,5,-0.4242,-11.16,-67.65,68.87,1566,False
gold_copper_roc_63d,Tz1_hi,1.0,gte,P2_long_short,21,1,-0.4263,-11.22,-68.23,41.52,1566,False
gold_copper_acceleration,Tp50_lo,-0.0707,lte,P2_long_short,252,12,-0.4265,-11.21,-72.9,65.98,1566,False
gold_copper_mom_252d,Tp50_lo,7.1738,lte,P2_long_short,42,2,-0.4265,-11.21,-69.32,12.23,1566,False
gold_copper_acceleration,Tfix07_hi,0.7,gte,P2_long_short,210,10,-0.4268,-11.22,-58.77,66.94,1566,False
gold_copper_zscore_252d,Tp75_hi,1.0726,gte,P2_long_short,0,0,-0.429,-11.26,-61.82,32.18,1566,False
gold_copper_mom_21d,Tfix03_lo,0.3,lte,P2_long_short,252,12,-0.4293,-11.26,-63.3,58.9,1566,False
gold_copper_roc_5d,Tfix07_hi,0.7,gte,P2_long_short,168,8,-0.43,-11.27,-62.58,111.36,1566,False
gold_copper_zscore_504d,Tp90_lo,2.084,lte,P2_long_short,210,10,-0.4311,-11.33,-64.14,14.8,1566,False
gold_copper_pctrank_504d,Tp50_lo,0.5268,lte,P2_long_short,0,0,-0.4318,-11.32,-69.54,8.37,1566,False
gold_copper_mom_63d,Tp50_lo,0.758,lte,P2_long_short,231,11,-0.4337,-11.36,-58.11,37.98,1566,False
gold_copper_pctrank_1260d,Tp75_hi,0.8221,gte,P2_long_short,147,7,-0.4352,-11.39,-58.74,11.26,1566,False
gold_copper_acceleration,Tz1_hi,1.0,gte,P2_long_short,105,5,-0.4357,-11.38,-73.11,63.08,1566,False
gold_copper_mom_63d,Trp25_lo,-25.5664,lte,P2_long_short,147,7,-0.4377,-11.43,-70.1,27.03,1566,False
gold_copper_mom_63d,Tp25_lo,-25.5664,lte,P2_long_short,147,7,-0.4377,-11.43,-70.1,27.03,1566,False
gold_copper_pctrank_1260d,Tp50_lo,0.5612,lte,P2_long_short,0,0,-0.4382,-11.44,-69.81,12.23,1566,False
gold_copper_roc_63d,Tp50_lo,0.2018,lte,P2_long_short,210,10,-0.4386,-11.45,-62.2,41.2,1566,False
gold_copper_zscore_504d,Tp75_lo,1.0903,lte,P2_long_short,168,8,-0.4406,-11.49,-69.91,20.92,1566,False
gold_copper_mom_21d,Trp25_lo,-15.533,lte,P2_long_short,252,12,-0.442,-11.51,-75.09,49.89,1566,False
gold_copper_mom_21d,Tp25_lo,-15.533,lte,P2_long_short,252,12,-0.442,-11.51,-75.09,49.89,1566,False
gold_copper_zscore_504d,Tp90_hi,2.084,gte,P2_long_short,168,8,-0.4425,-11.53,-65.2,16.41,1566,False
gold_copper_mom_252d,Tp50_lo,7.1738,lte,P2_long_short,252,12,-0.4443,-11.55,-73.73,14.8,1566,False
gold_copper_zscore_504d,Trp25_lo,-1.0311,lte,P2_long_short,21,1,-0.4486,-11.64,-70.24,7.08,1566,False
gold_copper_zscore_504d,Tp25_lo,-1.0311,lte,P2_long_short,21,1,-0.4486,-11.64,-70.24,7.08,1566,False
gold_copper_zscore_126d,Tfix03_lo,0.3,lte,P2_long_short,189,9,-0.4507,-11.69,-73.46,36.37,1566,False
gold_copper_mom_252d,Trp25_lo,-53.7187,lte,P2_long_short,21,1,-0.4512,-11.69,-70.34,1.93,1566,False
gold_copper_mom_252d,Tp25_lo,-53.7187,lte,P2_long_short,21,1,-0.4512,-11.69,-70.34,1.93,1566,False
gold_copper_zscore_252d,Tp25_lo,-0.9767,lte,P2_long_short,63,3,-0.452,-11.71,-70.86,9.01,1566,False
gold_copper_zscore_252d,Trp25_lo,-0.9767,lte,P2_long_short,63,3,-0.452,-11.71,-70.86,9.01,1566,False
gold_copper_mom_63d,Tp90_hi,61.1186,gte,P2_long_short,147,7,-0.4528,-11.73,-58.62,20.6,1566,False
gold_copper_roc_5d,Tp25_hi,-2.0781,gte,P2_long_short,84,4,-0.4532,-11.76,-68.42,88.83,1566,False
gold_copper_roc_126d,Tp90_hi,26.555,gte,P2_long_short,189,9,-0.4533,-11.74,-70.43,12.23,1566,False
gold_copper_mom_63d,Tp90_hi,61.1186,gte,P1_long_cash,126,6,-0.4539,-6.07,-42.47,9.82,1566,False
gold_copper_acceleration,Tp50_lo,-0.0707,lte,P2_long_short,84,4,-0.4543,-11.77,-67.48,68.87,1566,False
gold_copper_mom_63d,Tp50_lo,0.758,lte,P2_long_short,210,10,-0.4546,-11.76,-63.02,39.26,1566,False
gold_copper_mom_21d,Tp75_lo,16.087,lte,P2_long_short,252,12,-0.4547,-11.77,-65.67,43.45,1566,False
gold_copper_acceleration,Tp25_lo,-6.2874,lte,P2_long_short,84,4,-0.455,-11.77,-75.17,49.24,1566,False
gold_copper_acceleration,Trp25_lo,-6.2874,lte,P2_long_short,84,4,-0.455,-11.77,-75.17,49.24,1566,False
gold_copper_acceleration,Tp75_hi,6.1247,gte,P2_long_short,21,1,-0.4555,-11.81,-62.87,37.33,1566,False
gold_copper_zscore_504d,Tp90_hi,2.084,gte,P2_long_short,147,7,-0.4561,-11.8,-61.53,18.34,1566,False
gold_copper_mom_252d,Tfix03_lo,0.3,lte,P2_long_short,252,12,-0.4564,-11.79,-76.26,13.52,1566,False
gold_copper_acceleration,Trp25_lo,-6.2874,lte,P2_long_short,147,7,-0.4576,-11.82,-73.3,50.85,1566,False
gold_copper_acceleration,Tp25_lo,-6.2874,lte,P2_long_short,147,7,-0.4576,-11.82,-73.3,50.85,1566,False
gold_copper_roc_126d,Tp50_lo,0.8514,lte,P2_long_short,126,6,-0.4595,-11.86,-71.72,22.21,1566,False
gold_copper_roc_21d,Tp90_hi,8.7798,gte,P2_long_short,210,10,-0.4596,-11.86,-59.47,19.31,1566,False
gold_copper_roc_126d,Tp90_hi,26.555,gte,P2_long_short,126,6,-0.4604,-11.87,-59.37,12.23,1566,False
gold_copper_roc_63d,Tp90_hi,17.0212,gte,P2_long_short,210,10,-0.4611,-11.89,-71.59,7.72,1566,False
gold_copper_acceleration,Tp90_hi,12.3637,gte,P2_long_short,147,7,-0.4617,-11.9,-73.38,21.89,1566,False
gold_copper_mom_252d,Tp25_lo,-53.7187,lte,P2_long_short,0,0,-0.4621,-11.91,-70.79,1.93,1566,False
gold_copper_mom_252d,Trp25_lo,-53.7187,lte,P2_long_short,0,0,-0.4621,-11.91,-70.79,1.93,1566,False
gold_copper_mom_21d,Tp75_hi,16.087,gte,P2_long_short,105,5,-0.4632,-11.93,-73.95,43.13,1566,False
gold_copper_mom_252d,Tp75_lo,65.8527,lte,P2_long_short,189,9,-0.4645,-11.96,-73.37,29.93,1566,False
gold_copper_zscore_252d,Trp25_lo,-0.9767,lte,P2_long_short,21,1,-0.4648,-11.96,-71.16,9.01,1566,False
gold_copper_zscore_252d,Tp25_lo,-0.9767,lte,P2_long_short,21,1,-0.4648,-11.96,-71.16,9.01,1566,False
gold_copper_roc_63d,Tp90_hi,17.0212,gte,P2_long_short,42,2,-0.4649,-11.96,-72.97,9.66,1566,False
gold_copper_zscore_126d,Tp50_lo,-0.0334,lte,P2_long_short,189,9,-0.465,-11.97,-74.44,33.79,1566,False
gold_copper_mom_252d,Tfix03_lo,0.3,lte,P2_long_short,84,4,-0.4652,-11.97,-70.97,12.87,1566,False
gold_copper_zscore_504d,Tp50_lo,-0.0203,lte,P2_long_short,168,8,-0.4666,-12.0,-70.97,3.22,1566,False
gold_copper_pctrank_504d,Tz1_hi,1.0,gte,P2_long_short,231,11,-0.4669,-12.0,-71.19,23.82,1566,False
gold_copper_pctrank_504d,Tz1_hi,1.0,gte,P1_long_cash,0,0,-0.4684,-4.59,-32.98,11.26,1566,False
gold_copper_mom_252d,Tp90_hi,132.6641,gte,P2_long_short,252,12,-0.4684,-12.03,-71.04,8.37,1566,False
gold_copper_zscore_126d,Tp50_lo,-0.0334,lte,P2_long_short,168,8,-0.4687,-12.04,-71.05,32.83,1566,False
gold_copper_roc_63d,Tp50_lo,0.2018,lte,P2_long_short,231,11,-0.47,-12.07,-60.15,39.91,1566,False
gold_copper_roc_126d,Tzn1_lo,-1.0,lte,P2_long_short,126,6,-0.4701,-12.06,-71.67,25.43,1566,False
gold_copper_roc_126d,Tz1_lo,-1.0,lte,P2_long_short,126,6,-0.4701,-12.06,-71.67,25.43,1566,False
gold_copper_zscore_126d,Tfix03_lo,0.3,lte,P2_long_short,42,2,-0.4701,-12.09,-67.04,36.05,1566,False
gold_copper_mom_252d,Tz1_lo,-1.0,lte,P2_long_short,84,4,-0.4705,-12.07,-71.18,12.23,1566,False
gold_copper_mom_252d,Tzn1_lo,-1.0,lte,P2_long_short,84,4,-0.4705,-12.07,-71.18,12.23,1566,False
gold_copper_mom_252d,Trp25_lo,-53.7187,lte,P2_long_short,42,2,-0.471,-12.08,-71.14,1.93,1566,False
gold_copper_mom_252d,Tp25_lo,-53.7187,lte,P2_long_short,42,2,-0.471,-12.08,-71.14,1.93,1566,False
gold_copper_acceleration,Tzn1_lo,-1.0,lte,P2_long_short,84,4,-0.4723,-12.12,-71.78,68.87,1566,False
gold_copper_acceleration,Tz1_lo,-1.0,lte,P2_long_short,84,4,-0.4723,-12.12,-71.78,68.87,1566,False
gold_copper_pctrank_1260d,Tp90_hi,0.9349,gte,P2_long_short,252,12,-0.4724,-12.11,-71.76,5.79,1566,False
gold_copper_mom_63d,Tp75_hi,28.7156,gte,P2_long_short,0,0,-0.473,-12.12,-66.26,18.67,1566,False
gold_copper_acceleration,Tp25_lo,-6.2874,lte,P2_long_short,252,12,-0.4736,-12.13,-73.71,50.85,1566,False
gold_copper_acceleration,Trp25_lo,-6.2874,lte,P2_long_short,252,12,-0.4736,-12.13,-73.71,50.85,1566,False
gold_copper_roc_21d,Tp75_hi,4.3669,gte,P2_long_short,210,10,-0.4746,-12.16,-62.96,34.11,1566,False
gold_copper_acceleration,Tp75_hi,6.1247,gte,P2_long_short,126,6,-0.4751,-12.16,-71.98,37.33,1566,False
gold_copper_roc_126d,Tp75_hi,11.28,gte,P2_long_short,105,5,-0.4753,-12.17,-62.25,17.38,1566,False
gold_copper_pctrank_504d,Tp75_lo,0.841,lte,P2_long_short,42,2,-0.4755,-12.19,-67.28,19.95,1566,False
gold_copper_roc_5d,Tz1_hi,1.0,gte,P2_long_short,210,10,-0.476,-12.18,-64.13,112.32,1566,False
gold_copper_zscore_252d,Tz1_lo,-1.0,lte,P2_long_short,63,3,-0.476,-12.18,-71.81,10.3,1566,False
gold_copper_zscore_252d,Tzn1_lo,-1.0,lte,P2_long_short,63,3,-0.476,-12.18,-71.81,10.3,1566,False
gold_copper_roc_5d,Tz1_hi,1.0,gte,P2_long_short,84,4,-0.4765,-12.21,-63.03,108.46,1566,False
gold_copper_acceleration,Tz1_hi,1.0,gte,P2_long_short,210,10,-0.4768,-12.2,-62.81,65.66,1566,False
gold_copper_mom_63d,Tzn1_lo,-1.0,lte,P2_long_short,210,10,-0.4773,-12.2,-61.07,42.48,1566,False
gold_copper_mom_63d,Tz1_lo,-1.0,lte,P2_long_short,210,10,-0.4773,-12.2,-61.07,42.48,1566,False
gold_copper_zscore_252d,Tfix07_hi,0.7,gte,P2_long_short,0,0,-0.4787,-12.23,-63.59,28.32,1566,False
gold_copper_zscore_504d,Tp75_lo,1.0903,lte,P2_long_short,210,10,-0.4788,-12.23,-64.76,19.95,1566,False
gold_copper_roc_5d,Trp25_lo,-2.0781,lte,P2_long_short,252,12,-0.4812,-12.27,-77.73,82.71,1566,False
gold_copper_roc_5d,Tp25_lo,-2.0781,lte,P2_long_short,252,12,-0.4812,-12.27,-77.73,82.71,1566,False
gold_copper_roc_5d,Tz1_hi,1.0,gte,P2_long_short,168,8,-0.4819,-12.28,-66.23,110.07,1566,False
gold_copper_mom_63d,Tfix03_lo,0.3,lte,P2_long_short,231,11,-0.4822,-12.3,-60.81,39.91,1566,False
gold_copper_zscore_252d,Tfix03_lo,0.3,lte,P2_long_short,147,7,-0.4833,-12.32,-71.89,20.6,1566,False
gold_copper_roc_5d,Tp50_hi,0.0074,gte,P2_long_short,189,9,-0.4839,-12.34,-59.03,112.0,1566,False
gold_copper_zscore_504d,Trp25_lo,-1.0311,lte,P2_long_short,231,11,-0.4847,-12.34,-72.58,7.08,1566,False
gold_copper_zscore_504d,Tp25_lo,-1.0311,lte,P2_long_short,231,11,-0.4847,-12.34,-72.58,7.08,1566,False
gold_copper_pctrank_504d,Tz1_hi,1.0,gte,P2_long_short,21,1,-0.4867,-12.36,-73.82,22.53,1566,False
gold_copper_roc_5d,Trp25_lo,-2.0781,lte,P2_long_short,21,1,-0.4872,-12.4,-69.63,86.9,1566,False
gold_copper_roc_5d,Tp25_lo,-2.0781,lte,P2_long_short,21,1,-0.4872,-12.4,-69.63,86.9,1566,False
gold_copper_roc_21d,Trp25_lo,-4.0484,lte,P2_long_short,126,6,-0.4876,-12.39,-73.54,42.16,1566,False
gold_copper_roc_21d,Tp25_lo,-4.0484,lte,P2_long_short,126,6,-0.4876,-12.39,-73.54,42.16,1566,False
gold_copper_pctrank_504d,Tp90_hi,0.9722,gte,P2_long_short,21,1,-0.4881,-12.42,-59.53,28.32,1566,False
gold_copper_roc_63d,Tfix03_lo,0.3,lte,P2_long_short,231,11,-0.489,-12.43,-60.67,41.84,1566,False
gold_copper_zscore_504d,Tz1_lo,-1.0,lte,P1_long_cash,84,4,-0.4893,-3.31,-21.47,3.54,1566,False
gold_copper_zscore_504d,Tzn1_lo,-1.0,lte,P1_long_cash,84,4,-0.4893,-3.31,-21.47,3.54,1566,False
gold_copper_zscore_126d,Tp50_lo,-0.0334,lte,P2_long_short,63,3,-0.4894,-12.45,-63.05,34.11,1566,False
gold_copper_acceleration,Tz1_lo,-1.0,lte,P2_long_short,252,12,-0.4904,-12.45,-76.83,66.62,1566,False
gold_copper_acceleration,Tzn1_lo,-1.0,lte,P2_long_short,252,12,-0.4904,-12.45,-76.83,66.62,1566,False
gold_copper_mom_21d,Trp25_lo,-15.533,lte,P2_long_short,63,3,-0.4904,-12.47,-61.58,48.6,1566,False
gold_copper_mom_21d,Tp25_lo,-15.533,lte,P2_long_short,63,3,-0.4904,-12.47,-61.58,48.6,1566,False
gold_copper_zscore_252d,Tp90_hi,2.0171,gte,P2_long_short,126,6,-0.491,-12.47,-69.0,17.7,1566,False
gold_copper_pctrank_1260d,Tfix03_lo,0.3,lte,P2_long_short,0,0,-0.4914,-12.48,-71.94,4.51,1566,False
gold_copper_zscore_504d,Tp75_lo,1.0903,lte,P2_long_short,231,11,-0.4918,-12.49,-63.07,19.63,1566,False
gold_copper_mom_21d,Tp90_hi,32.7891,gte,P2_long_short,126,6,-0.4943,-12.53,-68.19,21.24,1566,False
gold_copper_zscore_126d,Tzn1_lo,-1.0,lte,P2_long_short,189,9,-0.4944,-12.53,-74.55,22.53,1566,False
gold_copper_zscore_126d,Tz1_lo,-1.0,lte,P2_long_short,189,9,-0.4944,-12.53,-74.55,22.53,1566,False
gold_copper_pctrank_1260d,Tp25_lo,0.3169,lte,P2_long_short,210,10,-0.4949,-12.54,-72.92,7.08,1566,False
gold_copper_pctrank_1260d,Trp25_lo,0.3169,lte,P2_long_short,210,10,-0.4949,-12.54,-72.92,7.08,1566,False
gold_copper_zscore_126d,Tp90_hi,2.0703,gte,P2_long_short,42,2,-0.4957,-12.56,-72.27,17.38,1566,False
gold_copper_pctrank_1260d,Tp90_hi,0.9349,gte,P2_long_short,0,0,-0.4966,-12.58,-66.54,6.44,1566,False
gold_copper_pctrank_504d,Tfix03_lo,0.3,lte,P2_long_short,21,1,-0.4979,-12.6,-72.19,12.23,1566,False
gold_copper_roc_5d,Tp90_hi,4.3297,gte,P1_long_cash,0,0,-0.4983,-5.98,-35.43,16.74,1566,False
gold_copper_pctrank_1260d,Tp50_lo,0.5612,lte,P2_long_short,189,9,-0.4983,-12.61,-73.59,12.55,1566,False
gold_copper_acceleration,Tp90_hi,12.3637,gte,P2_long_short,21,1,-0.5004,-12.65,-64.66,21.24,1566,False
gold_copper_mom_252d,Tz1_lo,-1.0,lte,P2_long_short,252,12,-0.5012,-12.66,-76.34,12.87,1566,False
gold_copper_mom_252d,Tzn1_lo,-1.0,lte,P2_long_short,252,12,-0.5012,-12.66,-76.34,12.87,1566,False
gold_copper_roc_5d,Tp50_hi,0.0074,gte,P2_long_short,126,6,-0.5013,-12.69,-67.96,111.68,1566,False
gold_copper_zscore_252d,Tfix07_hi,0.7,gte,P2_long_short,84,4,-0.5026,-12.72,-69.66,29.61,1566,False
gold_copper_mom_21d,Tp75_hi,16.087,gte,P2_long_short,210,10,-0.5042,-12.73,-64.79,43.13,1566,False
gold_copper_pctrank_504d,Tp50_lo,0.5268,lte,P2_long_short,21,1,-0.5045,-12.73,-72.46,8.37,1566,False
gold_copper_mom_21d,Tfix07_hi,0.7,gte,P2_long_short,42,2,-0.5046,-12.74,-62.91,59.54,1566,False
gold_copper_mom_21d,Trp25_lo,-15.533,lte,P2_long_short,21,1,-0.5055,-12.75,-72.2,48.92,1566,False
gold_copper_mom_21d,Tp25_lo,-15.533,lte,P2_long_short,21,1,-0.5055,-12.75,-72.2,48.92,1566,False
gold_copper_zscore_504d,Tfix03_lo,0.3,lte,P2_long_short,21,1,-0.5063,-12.76,-72.76,10.94,1566,False
gold_copper_roc_126d,Tp75_hi,11.28,gte,P2_long_short,84,4,-0.5074,-12.82,-65.09,17.38,1566,False
gold_copper_mom_252d,Tp50_lo,7.1738,lte,P2_long_short,105,5,-0.5077,-12.79,-73.34,12.23,1566,False
gold_copper_roc_5d,Tp90_hi,4.3297,gte,P2_long_short,63,3,-0.5082,-12.8,-72.88,31.54,1566,False
gold_copper_pctrank_504d,Tp50_lo,0.5268,lte,P2_long_short,210,10,-0.5091,-12.82,-73.71,9.66,1566,False
gold_copper_roc_63d,Tfix07_hi,0.7,gte,P2_long_short,21,1,-0.5096,-12.83,-69.46,44.09,1566,False
gold_copper_roc_21d,Tp50_hi,0.0209,gte,P2_long_short,42,2,-0.5101,-12.85,-64.92,61.47,1566,False
gold_copper_mom_21d,Tp50_hi,0.098,gte,P2_long_short,42,2,-0.5101,-12.85,-64.92,61.47,1566,False
gold_copper_pctrank_1260d,Tfix03_lo,0.3,lte,P2_long_short,210,10,-0.5103,-12.84,-73.56,5.15,1566,False
gold_copper_roc_21d,Tz1_hi,1.0,gte,P2_long_short,210,10,-0.5141,-12.92,-73.22,62.44,1566,False
gold_copper_roc_21d,Tp75_hi,4.3669,gte,P2_long_short,105,5,-0.5154,-12.94,-73.38,32.83,1566,False
gold_copper_mom_252d,Tp90_hi,132.6641,gte,P2_long_short,0,0,-0.5161,-12.96,-67.64,7.4,1566,False
gold_copper_pctrank_504d,Trp25_lo,0.1605,lte,P1_long_cash,84,4,-0.5167,-3.46,-24.61,8.37,1566,False
gold_copper_pctrank_504d,Tp25_lo,0.1605,lte,P1_long_cash,84,4,-0.5167,-3.46,-24.61,8.37,1566,False
gold_copper_roc_5d,Tp50_hi,0.0074,gte,P2_long_short,168,8,-0.517,-12.98,-63.97,112.0,1566,False
gold_copper_roc_21d,Tz1_lo,-1.0,lte,P2_long_short,252,12,-0.5177,-12.98,-71.16,67.91,1566,False
gold_copper_roc_21d,Tzn1_lo,-1.0,lte,P2_long_short,252,12,-0.5177,-12.98,-71.16,67.91,1566,False
gold_copper_mom_63d,Tfix03_lo,0.3,lte,P2_long_short,210,10,-0.5178,-12.98,-63.17,41.2,1566,False
gold_copper_roc_63d,Trp25_lo,-6.739,lte,P2_long_short,63,3,-0.5182,-13.0,-59.96,19.95,1566,False
gold_copper_roc_63d,Tp25_lo,-6.739,lte,P2_long_short,63,3,-0.5182,-13.0,-59.96,19.95,1566,False
gold_copper_zscore_252d,Tp90_hi,2.0171,gte,P2_long_short,105,5,-0.5203,-13.03,-72.24,18.02,1566,False
gold_copper_roc_21d,Tfix03_lo,0.3,lte,P2_long_short,252,12,-0.5207,-13.04,-69.15,60.83,1566,False
gold_copper_roc_21d,Tp75_hi,4.3669,gte,P2_long_short,189,9,-0.5208,-13.05,-62.38,34.44,1566,False
gold_copper_roc_5d,Tp75_hi,2.0649,gte,P2_long_short,42,2,-0.521,-13.04,-67.92,88.83,1566,False
gold_copper_roc_5d,Tp50_lo,0.0074,lte,P2_long_short,231,11,-0.5213,-13.07,-67.7,112.64,1566,False
gold_copper_zscore_126d,Tp90_hi,2.0703,gte,P2_long_short,126,6,-0.5221,-13.07,-73.45,18.99,1566,False
gold_copper_roc_5d,Tfix07_hi,0.7,gte,P2_long_short,189,9,-0.5222,-13.07,-60.12,112.0,1566,False
gold_copper_zscore_126d,Tp75_hi,1.18,gte,P2_long_short,147,7,-0.5249,-13.13,-62.93,31.86,1566,False
gold_copper_zscore_252d,Tp90_hi,2.0171,gte,P2_long_short,0,0,-0.5264,-13.13,-72.32,19.31,1566,False
gold_copper_pctrank_1260d,Tp50_lo,0.5612,lte,P2_long_short,63,3,-0.5264,-13.15,-73.26,12.23,1566,False
gold_copper_zscore_126d,Tp90_hi,2.0703,gte,P2_long_short,189,9,-0.5273,-13.17,-66.44,19.63,1566,False
gold_copper_zscore_126d,Tz1_hi,1.0,gte,P2_long_short,147,7,-0.5283,-13.19,-65.56,31.22,1566,False
gold_copper_mom_63d,Tp90_hi,61.1186,gte,P2_long_short,0,0,-0.5284,-13.19,-63.89,19.95,1566,False
gold_copper_zscore_126d,Tp50_lo,-0.0334,lte,P2_long_short,42,2,-0.5288,-13.22,-68.22,34.11,1566,False
gold_copper_pctrank_504d,Tz1_hi,1.0,gte,P2_long_short,189,9,-0.5297,-13.2,-66.55,24.46,1566,False
gold_copper_roc_5d,Tp25_hi,-2.0781,gte,P2_long_short,0,0,-0.53,-13.21,-63.55,87.22,1566,False
gold_copper_zscore_252d,Tfix03_lo,0.3,lte,P2_long_short,189,9,-0.5301,-13.22,-75.0,21.56,1566,False
gold_copper_mom_21d,Tp75_hi,16.087,gte,P2_long_short,147,7,-0.5309,-13.25,-61.11,44.09,1566,False
gold_copper_zscore_504d,Tz1_lo,-1.0,lte,P2_long_short,21,1,-0.5313,-13.24,-73.44,7.08,1566,False
gold_copper_zscore_504d,Tzn1_lo,-1.0,lte,P2_long_short,21,1,-0.5313,-13.24,-73.44,7.08,1566,False
gold_copper_zscore_126d,Trp25_lo,-1.0407,lte,P2_long_short,189,9,-0.5321,-13.26,-75.55,20.6,1566,False
gold_copper_zscore_126d,Tp25_lo,-1.0407,lte,P2_long_short,189,9,-0.5321,-13.26,-75.55,20.6,1566,False
gold_copper_mom_21d,Tp90_hi,32.7891,gte,P2_long_short,105,5,-0.5321,-13.26,-73.98,20.6,1566,False
gold_copper_mom_252d,Tz1_lo,-1.0,lte,P2_long_short,21,1,-0.5327,-13.27,-73.49,12.23,1566,False
gold_copper_mom_252d,Tzn1_lo,-1.0,lte,P2_long_short,21,1,-0.5327,-13.27,-73.49,12.23,1566,False
gold_copper_mom_252d,Tp50_lo,7.1738,lte,P2_long_short,210,10,-0.5331,-13.28,-75.79,14.48,1566,False
gold_copper_roc_5d,Tp90_hi,4.3297,gte,P2_long_short,168,8,-0.5337,-13.29,-74.72,32.83,1566,False
gold_copper_zscore_126d,Tp50_hi,-0.0334,gte,P2_long_short,0,0,-0.5338,-13.3,-68.37,32.83,1566,False
gold_copper_roc_5d,Tp75_hi,2.0649,gte,P2_long_short,231,11,-0.5339,-13.29,-70.35,88.18,1566,False
gold_copper_pctrank_504d,Tp50_lo,0.5268,lte,P2_long_short,63,3,-0.536,-13.34,-74.47,8.37,1566,False
gold_copper_zscore_126d,Tfix07_hi,0.7,gte,P2_long_short,0,0,-0.538,-13.37,-64.96,35.4,1566,False
gold_copper_pctrank_1260d,Tp50_lo,0.5612,lte,P2_long_short,21,1,-0.5399,-13.41,-73.75,12.23,1566,False
gold_copper_zscore_126d,Tfix07_hi,0.7,gte,P2_long_short,147,7,-0.5401,-13.42,-68.51,32.51,1566,False
gold_copper_roc_63d,Tp25_lo,-6.739,lte,P2_long_short,210,10,-0.5414,-13.44,-74.52,18.67,1566,False
gold_copper_roc_63d,Trp25_lo,-6.739,lte,P2_long_short,210,10,-0.5414,-13.44,-74.52,18.67,1566,False
gold_copper_roc_126d,Trp25_lo,-9.8165,lte,P2_long_short,126,6,-0.5426,-13.46,-73.84,6.44,1566,False
gold_copper_roc_126d,Tp25_lo,-9.8165,lte,P2_long_short,126,6,-0.5426,-13.46,-73.84,6.44,1566,False
gold_copper_acceleration,Tp90_hi,12.3637,gte,P2_long_short,126,6,-0.5431,-13.47,-74.77,21.89,1566,False
gold_copper_zscore_504d,Tp75_lo,1.0903,lte,P2_long_short,189,9,-0.5434,-13.48,-75.52,20.92,1566,False
gold_copper_pctrank_1260d,Tfix03_lo,0.3,lte,P2_long_short,147,7,-0.5439,-13.49,-73.89,4.51,1566,False
gold_copper_pctrank_504d,Tp50_lo,0.5268,lte,P2_long_short,168,8,-0.5451,-13.51,-73.93,7.08,1566,False
gold_copper_mom_63d,Trp25_lo,-25.5664,lte,P2_long_short,63,3,-0.5464,-13.55,-60.84,27.68,1566,False
gold_copper_roc_5d,Tp25_lo,-2.0781,lte,P2_long_short,105,5,-0.5464,-13.54,-65.15,88.18,1566,False
gold_copper_roc_5d,Trp25_lo,-2.0781,lte,P2_long_short,105,5,-0.5464,-13.54,-65.15,88.18,1566,False
gold_copper_mom_63d,Tp25_lo,-25.5664,lte,P2_long_short,63,3,-0.5464,-13.55,-60.84,27.68,1566,False
gold_copper_roc_63d,Tp90_hi,17.0212,gte,P2_long_short,84,4,-0.5466,-13.54,-73.99,9.01,1566,False
gold_copper_zscore_504d,Tfix03_lo,0.3,lte,P2_long_short,84,4,-0.5466,-13.54,-73.99,10.94,1566,False
gold_copper_acceleration,Tp90_hi,12.3637,gte,P2_long_short,105,5,-0.5472,-13.55,-73.25,22.21,1566,False
gold_copper_mom_252d,Tp50_lo,7.1738,lte,P2_long_short,21,1,-0.5488,-13.58,-74.07,12.23,1566,False
gold_copper_mom_21d,Tp50_lo,0.098,lte,P2_long_short,252,12,-0.549,-13.58,-68.02,59.54,1566,False
gold_copper_roc_21d,Tp50_lo,0.0209,lte,P2_long_short,252,12,-0.549,-13.58,-68.02,59.54,1566,False
gold_copper_pctrank_1260d,Tp25_lo,0.3169,lte,P2_long_short,0,0,-0.5491,-13.59,-74.08,5.79,1566,False
gold_copper_pctrank_1260d,Trp25_lo,0.3169,lte,P2_long_short,0,0,-0.5491,-13.59,-74.08,5.79,1566,False
gold_copper_roc_5d,Tp75_hi,2.0649,gte,P2_long_short,147,7,-0.5492,-13.6,-63.21,87.86,1566,False
gold_copper_roc_21d,Tp90_hi,8.7798,gte,P2_long_short,168,8,-0.5498,-13.6,-76.5,19.95,1566,False
gold_copper_zscore_504d,Tp50_lo,-0.0203,lte,P2_long_short,63,3,-0.5507,-13.62,-74.14,3.86,1566,False
gold_copper_roc_5d,Tfix03_lo,0.3,lte,P2_long_short,105,5,-0.5518,-13.64,-64.07,109.43,1566,False
gold_copper_zscore_252d,Tp50_lo,0.0526,lte,P2_long_short,189,9,-0.5524,-13.65,-75.98,14.16,1566,False
gold_copper_zscore_504d,Tzn1_lo,-1.0,lte,P2_long_short,231,11,-0.5526,-13.64,-75.02,7.08,1566,False
gold_copper_pctrank_504d,Tp75_lo,0.841,lte,P2_long_short,189,9,-0.5526,-13.66,-77.24,18.99,1566,False
gold_copper_zscore_504d,Tz1_lo,-1.0,lte,P2_long_short,231,11,-0.5526,-13.64,-75.02,7.08,1566,False
gold_copper_zscore_504d,Tfix03_lo,0.3,lte,P2_long_short,63,3,-0.5568,-13.73,-74.77,10.94,1566,False
gold_copper_mom_21d,Tz1_hi,1.0,gte,P2_long_short,42,2,-0.5574,-13.75,-65.43,59.54,1566,False
gold_copper_mom_21d,Tp50_hi,0.098,gte,P2_long_short,210,10,-0.5575,-13.75,-77.03,61.15,1566,False
gold_copper_roc_21d,Tp50_hi,0.0209,gte,P2_long_short,210,10,-0.5575,-13.75,-77.03,61.15,1566,False
gold_copper_zscore_504d,Tp50_lo,-0.0203,lte,P2_long_short,21,1,-0.5604,-13.8,-74.48,3.86,1566,False
gold_copper_roc_63d,Tp25_lo,-6.739,lte,P2_long_short,147,7,-0.5607,-13.81,-75.35,19.31,1566,False
gold_copper_roc_63d,Trp25_lo,-6.739,lte,P2_long_short,147,7,-0.5607,-13.81,-75.35,19.31,1566,False
gold_copper_pctrank_504d,Tp50_lo,0.5268,lte,P2_long_short,189,9,-0.5614,-13.82,-76.19,8.37,1566,False
gold_copper_roc_126d,Tp90_hi,26.555,gte,P2_long_short,21,1,-0.5623,-13.84,-74.54,13.52,1566,False
gold_copper_zscore_504d,Tp50_lo,-0.0203,lte,P2_long_short,210,10,-0.5635,-13.86,-75.6,5.79,1566,False
gold_copper_roc_21d,Tp25_lo,-4.0484,lte,P2_long_short,189,9,-0.5636,-13.86,-75.06,41.84,1566,False
gold_copper_roc_21d,Trp25_lo,-4.0484,lte,P2_long_short,189,9,-0.5636,-13.86,-75.06,41.84,1566,False
gold_copper_mom_63d,Tp90_hi,61.1186,gte,P2_long_short,168,8,-0.5639,-13.87,-68.81,18.99,1566,False
gold_copper_pctrank_504d,Tz1_hi,1.0,gte,P2_long_short,126,6,-0.5641,-13.87,-74.34,22.53,1566,False
gold_copper_zscore_504d,Tp50_lo,-0.0203,lte,P2_long_short,105,5,-0.5643,-13.87,-75.3,3.86,1566,False
gold_copper_pctrank_504d,Tz1_hi,1.0,gte,P2_long_short,147,7,-0.5649,-13.89,-74.17,24.14,1566,False
gold_copper_zscore_126d,Tp25_lo,-1.0407,lte,P2_long_short,168,8,-0.5656,-13.9,-74.66,19.31,1566,False
gold_copper_zscore_126d,Trp25_lo,-1.0407,lte,P2_long_short,168,8,-0.5656,-13.9,-74.66,19.31,1566,False
gold_copper_pctrank_1260d,Tz1_hi,1.0,gte,P2_long_short,252,12,-0.5664,-13.92,-74.69,2.57,1566,False
gold_copper_mom_252d,Tfix03_lo,0.3,lte,P2_long_short,21,1,-0.567,-13.93,-74.71,12.87,1566,False
gold_copper_zscore_252d,Tz1_lo,-1.0,lte,P2_long_short,252,12,-0.5682,-13.95,-78.23,7.08,1566,False
gold_copper_zscore_252d,Tzn1_lo,-1.0,lte,P2_long_short,252,12,-0.5682,-13.95,-78.23,7.08,1566,False
gold_copper_roc_63d,Tp75_hi,7.5433,gte,P2_long_short,0,0,-0.5693,-13.97,-66.6,18.02,1566,False
gold_copper_acceleration,Tp75_hi,6.1247,gte,P2_long_short,210,10,-0.5699,-13.99,-67.85,39.91,1566,False
gold_copper_zscore_504d,Tfix03_lo,0.3,lte,P2_long_short,0,0,-0.5702,-13.99,-74.82,10.94,1566,False
gold_copper_mom_252d,Trp25_lo,-53.7187,lte,P2_long_short,63,3,-0.5713,-14.01,-74.86,1.93,1566,False
gold_copper_mom_252d,Tp25_lo,-53.7187,lte,P2_long_short,63,3,-0.5713,-14.01,-74.86,1.93,1566,False
gold_copper_roc_21d,Tp25_lo,-4.0484,lte,P2_long_short,63,3,-0.572,-14.04,-69.57,39.91,1566,False
gold_copper_roc_21d,Trp25_lo,-4.0484,lte,P2_long_short,63,3,-0.572,-14.04,-69.57,39.91,1566,False
gold_copper_roc_5d,Tz1_hi,1.0,gte,P1_long_cash,0,0,-0.573,-9.23,-49.37,53.59,1566,False
gold_copper_roc_5d,Tzn1_lo,-1.0,lte,P2_long_short,252,12,-0.5736,-14.05,-80.88,94.94,1566,False
gold_copper_roc_5d,Tz1_lo,-1.0,lte,P2_long_short,252,12,-0.5736,-14.05,-80.88,94.94,1566,False
gold_copper_pctrank_1260d,Tp50_lo,0.5612,lte,P2_long_short,84,4,-0.5737,-14.05,-74.94,12.23,1566,False
gold_copper_zscore_504d,Tp90_hi,2.084,gte,P2_long_short,126,6,-0.574,-14.07,-70.64,18.99,1566,False
gold_copper_mom_21d,Trp25_lo,-15.533,lte,P2_long_short,231,11,-0.5746,-14.1,-68.18,49.56,1566,False
gold_copper_mom_21d,Tp25_lo,-15.533,lte,P2_long_short,231,11,-0.5746,-14.1,-68.18,49.56,1566,False
gold_copper_pctrank_504d,Tz1_hi,1.0,gte,P2_long_short,168,8,-0.5747,-14.07,-69.1,25.1,1566,False
gold_copper_roc_63d,Tzn1_lo,-1.0,lte,P2_long_short,252,12,-0.5759,-14.1,-73.03,36.05,1566,False
gold_copper_roc_63d,Tz1_lo,-1.0,lte,P2_long_short,252,12,-0.5759,-14.1,-73.03,36.05,1566,False
gold_copper_roc_5d,Tp75_hi,2.0649,gte,P2_long_short,126,6,-0.5778,-14.14,-74.29,87.54,1566,False
gold_copper_mom_252d,Tp50_lo,7.1738,lte,P2_long_short,168,8,-0.578,-14.14,-75.09,11.59,1566,False
gold_copper_pctrank_504d,Tp50_lo,0.5268,lte,P2_long_short,252,12,-0.5781,-14.14,-74.07,10.3,1566,False
gold_copper_roc_21d,Tp90_hi,8.7798,gte,P2_long_short,0,0,-0.5782,-14.12,-73.21,16.74,1566,False
gold_copper_zscore_252d,Tz1_lo,-1.0,lte,P2_long_short,126,6,-0.5784,-14.14,-75.1,7.4,1566,False
gold_copper_zscore_252d,Tzn1_lo,-1.0,lte,P2_long_short,126,6,-0.5784,-14.14,-75.1,7.4,1566,False
gold_copper_roc_5d,Tz1_hi,1.0,gte,P2_long_short,126,6,-0.5792,-14.17,-70.82,109.75,1566,False
gold_copper_zscore_126d,Tz1_lo,-1.0,lte,P2_long_short,168,8,-0.5808,-14.19,-75.18,21.24,1566,False
gold_copper_zscore_126d,Tzn1_lo,-1.0,lte,P2_long_short,168,8,-0.5808,-14.19,-75.18,21.24,1566,False
gold_copper_roc_126d,Tp90_hi,26.555,gte,P2_long_short,63,3,-0.5812,-14.2,-77.23,12.55,1566,False
gold_copper_mom_21d,Tz1_hi,1.0,gte,P2_long_short,210,10,-0.5834,-14.24,-77.82,59.22,1566,False
gold_copper_pctrank_1260d,Tz1_hi,1.0,gte,P2_long_short,210,10,-0.5836,-14.24,-75.28,2.57,1566,False
gold_copper_acceleration,Tp90_hi,12.3637,gte,P2_long_short,0,0,-0.584,-14.24,-73.53,21.24,1566,False
gold_copper_roc_63d,Tz1_hi,1.0,gte,P2_long_short,105,5,-0.5843,-14.27,-69.34,41.2,1566,False
gold_copper_pctrank_504d,Tfix03_lo,0.3,lte,P2_long_short,147,7,-0.5854,-14.28,-75.34,12.23,1566,False
gold_copper_mom_252d,Tfix03_lo,0.3,lte,P2_long_short,210,10,-0.5875,-14.32,-77.1,13.2,1566,False
gold_copper_pctrank_504d,Tfix03_lo,0.3,lte,P2_long_short,84,4,-0.5876,-14.32,-75.41,12.23,1566,False
gold_copper_mom_252d,Tfix03_lo,0.3,lte,P2_long_short,168,8,-0.5884,-14.33,-75.44,12.23,1566,False
gold_copper_zscore_252d,Trp25_lo,-0.9767,lte,P2_long_short,252,12,-0.5902,-14.37,-78.67,5.79,1566,False
gold_copper_zscore_252d,Tp25_lo,-0.9767,lte,P2_long_short,252,12,-0.5902,-14.37,-78.67,5.79,1566,False
gold_copper_zscore_126d,Tp90_hi,2.0703,gte,P1_long_cash,0,0,-0.5908,-7.96,-43.75,8.69,1566,False
gold_copper_roc_21d,Tp25_lo,-4.0484,lte,P2_long_short,147,7,-0.5913,-14.39,-75.52,40.87,1566,False
gold_copper_roc_21d,Trp25_lo,-4.0484,lte,P2_long_short,147,7,-0.5913,-14.39,-75.52,40.87,1566,False
gold_copper_mom_63d,Tfix07_hi,0.7,gte,P2_long_short,0,0,-0.5914,-14.39,-69.19,41.2,1566,False
gold_copper_mom_63d,Tp50_hi,0.758,gte,P2_long_short,0,0,-0.5914,-14.39,-69.19,41.2,1566,False
gold_copper_mom_63d,Tzn1_lo,-1.0,lte,P2_long_short,231,11,-0.592,-14.41,-66.68,41.84,1566,False
gold_copper_mom_63d,Tz1_lo,-1.0,lte,P2_long_short,231,11,-0.592,-14.41,-66.68,41.84,1566,False
gold_copper_zscore_126d,Tp50_lo,-0.0334,lte,P2_long_short,252,12,-0.5923,-14.4,-77.22,32.18,1566,False
gold_copper_roc_5d,Tfix07_hi,0.7,gte,P2_long_short,126,6,-0.5924,-14.43,-70.05,111.68,1566,False
gold_copper_pctrank_1260d,Tp25_lo,0.3169,lte,P2_long_short,147,7,-0.5929,-14.42,-75.59,5.79,1566,False
gold_copper_pctrank_1260d,Trp25_lo,0.3169,lte,P2_long_short,147,7,-0.5929,-14.42,-75.59,5.79,1566,False
gold_copper_roc_63d,Tp75_lo,7.5433,lte,P2_long_short,210,10,-0.594,-14.46,-65.9,14.16,1566,False
gold_copper_roc_5d,Tp25_lo,-2.0781,lte,P2_long_short,147,7,-0.5959,-14.47,-75.54,85.29,1566,False
gold_copper_roc_5d,Trp25_lo,-2.0781,lte,P2_long_short,147,7,-0.5959,-14.47,-75.54,85.29,1566,False
gold_copper_pctrank_1260d,Tz1_hi,1.0,gte,P2_long_short,63,3,-0.596,-14.48,-76.5,7.08,1566,False
gold_copper_zscore_252d,Tp25_lo,-0.9767,lte,P2_long_short,126,6,-0.596,-14.47,-75.69,6.11,1566,False
gold_copper_zscore_252d,Trp25_lo,-0.9767,lte,P2_long_short,126,6,-0.596,-14.47,-75.69,6.11,1566,False
gold_copper_zscore_504d,Tp50_lo,-0.0203,lte,P2_long_short,126,6,-0.5964,-14.48,-75.71,3.22,1566,False
gold_copper_roc_63d,Tfix07_hi,0.7,gte,P2_long_short,0,0,-0.5971,-14.5,-71.19,46.99,1566,False
gold_copper_mom_63d,Tp25_lo,-25.5664,lte,P2_long_short,189,9,-0.5987,-14.53,-79.0,27.36,1566,False
gold_copper_mom_63d,Trp25_lo,-25.5664,lte,P2_long_short,189,9,-0.5987,-14.53,-79.0,27.36,1566,False
gold_copper_roc_21d,Tfix07_hi,0.7,gte,P2_long_short,210,10,-0.5998,-14.56,-76.82,63.08,1566,False
gold_copper_acceleration,Tz1_hi,1.0,gte,P2_long_short,42,2,-0.6002,-14.57,-68.4,61.47,1566,False
gold_copper_acceleration,Tp50_lo,-0.0707,lte,P2_long_short,126,6,-0.6003,-14.57,-64.19,68.87,1566,False
gold_copper_mom_252d,Tp90_hi,132.6641,gte,P2_long_short,126,6,-0.6007,-14.57,-65.17,10.3,1566,False
gold_copper_zscore_252d,Tfix03_lo,0.3,lte,P2_long_short,252,12,-0.6012,-14.57,-73.99,22.53,1566,False
gold_copper_pctrank_1260d,Tz1_hi,1.0,gte,P2_long_short,147,7,-0.6023,-14.6,-75.9,3.86,1566,False
gold_copper_pctrank_1260d,Tp25_lo,0.3169,lte,P2_long_short,189,9,-0.603,-14.61,-76.3,7.08,1566,False
gold_copper_pctrank_1260d,Trp25_lo,0.3169,lte,P2_long_short,189,9,-0.603,-14.61,-76.3,7.08,1566,False
gold_copper_zscore_504d,Tfix03_lo,0.3,lte,P2_long_short,168,8,-0.6038,-14.62,-75.95,7.72,1566,False
gold_copper_pctrank_1260d,Tz1_hi,1.0,gte,P2_long_short,0,0,-0.6055,-14.64,-69.49,8.37,1566,False
gold_copper_mom_21d,Tp90_hi,32.7891,gte,P2_long_short,0,0,-0.606,-14.66,-69.44,22.53,1566,False
gold_copper_roc_5d,Tp90_hi,4.3297,gte,P2_long_short,84,4,-0.6063,-14.67,-73.58,31.54,1566,False
gold_copper_pctrank_1260d,Tz1_hi,1.0,gte,P2_long_short,84,4,-0.6077,-14.7,-75.92,6.11,1566,False
gold_copper_pctrank_1260d,Tp25_lo,0.3169,lte,P2_long_short,168,8,-0.608,-14.7,-76.09,5.79,1566,False
gold_copper_pctrank_1260d,Trp25_lo,0.3169,lte,P2_long_short,168,8,-0.608,-14.7,-76.09,5.79,1566,False
gold_copper_pctrank_1260d,Tz1_hi,1.0,gte,P2_long_short,21,1,-0.6084,-14.71,-76.1,8.37,1566,False
gold_copper_roc_21d,Tzn1_lo,-1.0,lte,P2_long_short,231,11,-0.6109,-14.78,-69.0,69.2,1566,False
gold_copper_roc_21d,Tz1_lo,-1.0,lte,P2_long_short,231,11,-0.6109,-14.78,-69.0,69.2,1566,False
gold_copper_pctrank_1260d,Tfix03_lo,0.3,lte,P2_long_short,168,8,-0.6147,-14.83,-76.31,4.51,1566,False
gold_copper_acceleration,Tfix07_hi,0.7,gte,P2_long_short,42,2,-0.6161,-14.87,-68.21,62.76,1566,False
gold_copper_mom_21d,Tfix07_hi,0.7,gte,P2_long_short,210,10,-0.6166,-14.87,-77.93,58.57,1566,False
gold_copper_pctrank_504d,Tfix03_lo,0.3,lte,P2_long_short,189,9,-0.6186,-14.9,-76.44,12.23,1566,False
gold_copper_mom_252d,Tz1_lo,-1.0,lte,P2_long_short,168,8,-0.6193,-14.92,-76.46,11.59,1566,False
gold_copper_mom_252d,Tzn1_lo,-1.0,lte,P2_long_short,168,8,-0.6193,-14.92,-76.46,11.59,1566,False
gold_copper_roc_63d,Trp25_lo,-6.739,lte,P2_long_short,189,9,-0.6213,-14.95,-78.32,19.63,1566,False
gold_copper_roc_63d,Tp25_lo,-6.739,lte,P2_long_short,189,9,-0.6213,-14.95,-78.32,19.63,1566,False
gold_copper_pctrank_1260d,Tp25_lo,0.3169,lte,P2_long_short,84,4,-0.6235,-14.99,-76.59,5.79,1566,False
gold_copper_pctrank_1260d,Trp25_lo,0.3169,lte,P2_long_short,84,4,-0.6235,-14.99,-76.59,5.79,1566,False
gold_copper_pctrank_1260d,Tz1_hi,1.0,gte,P1_long_cash,105,5,-0.6244,-0.77,-5.01,2.57,1566,False
gold_copper_acceleration,Tp25_lo,-6.2874,lte,P2_long_short,189,9,-0.6248,-15.02,-77.54,50.21,1566,False
gold_copper_acceleration,Trp25_lo,-6.2874,lte,P2_long_short,189,9,-0.6248,-15.02,-77.54,50.21,1566,False
gold_copper_zscore_504d,Tfix03_lo,0.3,lte,P2_long_short,210,10,-0.6265,-15.05,-77.46,8.69,1566,False
gold_copper_mom_63d,Tzn1_lo,-1.0,lte,P2_long_short,252,12,-0.6274,-15.07,-76.4,40.55,1566,False
gold_copper_mom_63d,Tz1_lo,-1.0,lte,P2_long_short,252,12,-0.6274,-15.07,-76.4,40.55,1566,False
gold_copper_pctrank_504d,Tfix03_lo,0.3,lte,P2_long_short,63,3,-0.6331,-15.17,-76.9,12.23,1566,False
gold_copper_acceleration,Tp75_hi,6.1247,gte,P2_long_short,252,12,-0.6332,-15.2,-72.49,40.23,1566,False
gold_copper_pctrank_1260d,Tp50_lo,0.5612,lte,P2_long_short,168,8,-0.635,-15.21,-76.96,12.23,1566,False
gold_copper_roc_126d,Tz1_lo,-1.0,lte,P2_long_short,189,9,-0.6365,-15.24,-78.67,25.75,1566,False
gold_copper_roc_126d,Tzn1_lo,-1.0,lte,P2_long_short,189,9,-0.6365,-15.24,-78.67,25.75,1566,False
gold_copper_roc_126d,Tp90_hi,26.555,gte,P2_long_short,147,7,-0.6369,-15.25,-68.0,12.23,1566,False
gold_copper_mom_252d,Tp25_lo,-53.7187,lte,P2_long_short,126,6,-0.6371,-15.25,-77.03,1.93,1566,False
gold_copper_mom_252d,Trp25_lo,-53.7187,lte,P2_long_short,126,6,-0.6371,-15.25,-77.03,1.93,1566,False
gold_copper_zscore_252d,Tp90_hi,2.0171,gte,P2_long_short,168,8,-0.6372,-15.26,-66.86,17.7,1566,False
gold_copper_pctrank_1260d,Tp50_lo,0.5612,lte,P2_long_short,210,10,-0.6376,-15.26,-76.85,13.2,1566,False
gold_copper_mom_252d,Tp25_lo,-53.7187,lte,P2_long_short,252,12,-0.6389,-15.28,-77.08,1.93,1566,False
gold_copper_mom_252d,Trp25_lo,-53.7187,lte,P2_long_short,252,12,-0.6389,-15.28,-77.08,1.93,1566,False
gold_copper_pctrank_504d,Tz1_hi,1.0,gte,P2_long_short,42,2,-0.6398,-15.3,-77.11,22.53,1566,False
gold_copper_roc_126d,Tfix03_lo,0.3,lte,P2_long_short,252,12,-0.6399,-15.3,-77.09,22.53,1566,False
gold_copper_pctrank_504d,Tz1_hi,1.0,gte,P2_long_short,84,4,-0.6412,-15.32,-77.0,20.28,1566,False
gold_copper_roc_126d,Tp50_lo,0.8514,lte,P2_long_short,252,12,-0.6414,-15.32,-74.13,22.53,1566,False
gold_copper_roc_126d,Tp25_lo,-9.8165,lte,P2_long_short,231,11,-0.6421,-15.34,-78.68,6.44,1566,False
gold_copper_roc_126d,Trp25_lo,-9.8165,lte,P2_long_short,231,11,-0.6421,-15.34,-78.68,6.44,1566,False
gold_copper_zscore_504d,Tp50_lo,-0.0203,lte,P2_long_short,84,4,-0.6439,-15.38,-77.24,3.86,1566,False
gold_copper_zscore_504d,Tfix03_lo,0.3,lte,P2_long_short,189,9,-0.6441,-15.38,-78.82,8.05,1566,False
gold_copper_pctrank_1260d,Tz1_hi,1.0,gte,P2_long_short,42,2,-0.6442,-15.38,-77.25,8.37,1566,False
gold_copper_zscore_504d,Tp50_lo,-0.0203,lte,P2_long_short,189,9,-0.6448,-15.39,-78.77,4.51,1566,False
gold_copper_pctrank_1260d,Tz1_hi,1.0,gte,P2_long_short,168,8,-0.6453,-15.4,-77.19,3.86,1566,False
gold_copper_pctrank_1260d,Tz1_hi,1.0,gte,P2_long_short,126,6,-0.6456,-15.41,-77.29,3.86,1566,False
gold_copper_roc_63d,Tp50_hi,0.2018,gte,P2_long_short,0,0,-0.6466,-15.43,-71.37,43.77,1566,False
gold_copper_roc_21d,Tp25_lo,-4.0484,lte,P2_long_short,21,1,-0.6468,-15.43,-77.47,38.62,1566,False
gold_copper_roc_21d,Trp25_lo,-4.0484,lte,P2_long_short,21,1,-0.6468,-15.43,-77.47,38.62,1566,False
gold_copper_zscore_504d,Tz1_lo,-1.0,lte,P2_long_short,147,7,-0.6475,-15.44,-77.35,7.08,1566,False
gold_copper_zscore_504d,Tzn1_lo,-1.0,lte,P2_long_short,147,7,-0.6475,-15.44,-77.35,7.08,1566,False
gold_copper_pctrank_1260d,Tfix03_lo,0.3,lte,P2_long_short,189,9,-0.6484,-15.46,-77.29,5.15,1566,False
gold_copper_pctrank_504d,Tp50_lo,0.5268,lte,P2_long_short,147,7,-0.6489,-15.47,-77.4,7.08,1566,False
gold_copper_acceleration,Tp50_hi,-0.0707,gte,P2_long_short,42,2,-0.6503,-15.51,-66.52,68.55,1566,False
gold_copper_pctrank_504d,Tp25_lo,0.1605,lte,P2_long_short,105,5,-0.6509,-15.51,-77.46,16.74,1566,False
gold_copper_zscore_252d,Tz1_lo,-1.0,lte,P2_long_short,168,8,-0.6509,-15.51,-77.46,7.08,1566,False
gold_copper_pctrank_504d,Trp25_lo,0.1605,lte,P2_long_short,105,5,-0.6509,-15.51,-77.46,16.74,1566,False
gold_copper_zscore_252d,Tzn1_lo,-1.0,lte,P2_long_short,168,8,-0.6509,-15.51,-77.46,7.08,1566,False
gold_copper_roc_126d,Tp25_lo,-9.8165,lte,P2_long_short,252,12,-0.651,-15.51,-77.46,6.44,1566,False
gold_copper_roc_126d,Trp25_lo,-9.8165,lte,P2_long_short,252,12,-0.651,-15.51,-77.46,6.44,1566,False
gold_copper_roc_126d,Trp25_lo,-9.8165,lte,P2_long_short,210,10,-0.6539,-15.56,-77.55,6.44,1566,False
gold_copper_roc_126d,Tp25_lo,-9.8165,lte,P2_long_short,210,10,-0.6539,-15.56,-77.55,6.44,1566,False
gold_copper_pctrank_504d,Tp75_hi,0.841,gte,P2_long_short,84,4,-0.6544,-15.6,-74.39,19.31,1566,False
gold_copper_mom_252d,Tzn1_lo,-1.0,lte,P2_long_short,210,10,-0.6545,-15.58,-78.31,12.55,1566,False
gold_copper_mom_252d,Tz1_lo,-1.0,lte,P2_long_short,210,10,-0.6545,-15.58,-78.31,12.55,1566,False
gold_copper_mom_252d,Trp25_lo,-53.7187,lte,P2_long_short,231,11,-0.6547,-15.58,-77.58,1.93,1566,False
gold_copper_mom_252d,Tp25_lo,-53.7187,lte,P2_long_short,231,11,-0.6547,-15.58,-77.58,1.93,1566,False
gold_copper_mom_63d,Tfix03_lo,0.3,lte,P2_long_short,252,12,-0.6551,-15.59,-80.44,38.62,1566,False
gold_copper_pctrank_1260d,Tzn1_lo,-1.0,lte,P2_long_short,231,11,-0.6558,-15.6,-77.61,0.0,1566,False
gold_copper_pctrank_1260d,Tzn1_lo,-1.0,lte,P2_long_short,252,12,-0.6558,-15.6,-77.61,0.0,1566,False
gold_copper_pctrank_1260d,Tz1_lo,-1.0,lte,P2_long_short,63,3,-0.6558,-15.6,-77.61,0.0,1566,False
gold_copper_pctrank_504d,Tz1_lo,-1.0,lte,P2_long_short,168,8,-0.6558,-15.6,-77.61,0.0,1566,False
gold_copper_pctrank_504d,Tz1_lo,-1.0,lte,P2_long_short,105,5,-0.6558,-15.6,-77.61,0.0,1566,False
gold_copper_pctrank_504d,Tz1_lo,-1.0,lte,P2_long_short,252,12,-0.6558,-15.6,-77.61,0.0,1566,False
gold_copper_pctrank_504d,Tz1_lo,-1.0,lte,P2_long_short,126,6,-0.6558,-15.6,-77.61,0.0,1566,False
gold_copper_pctrank_504d,Tzn1_lo,-1.0,lte,P2_long_short,42,2,-0.6558,-15.6,-77.61,0.0,1566,False
gold_copper_pctrank_1260d,Tz1_lo,-1.0,lte,P2_long_short,147,7,-0.6558,-15.6,-77.61,0.0,1566,False
gold_copper_pctrank_504d,Tzn1_lo,-1.0,lte,P2_long_short,63,3,-0.6558,-15.6,-77.61,0.0,1566,False
gold_copper_pctrank_504d,Tzn1_lo,-1.0,lte,P2_long_short,84,4,-0.6558,-15.6,-77.61,0.0,1566,False
gold_copper_pctrank_1260d,Tzn1_lo,-1.0,lte,P2_long_short,210,10,-0.6558,-15.6,-77.61,0.0,1566,False
gold_copper_pctrank_1260d,Tz1_lo,-1.0,lte,P2_long_short,0,0,-0.6558,-15.6,-77.61,0.0,1566,False
gold_copper_pctrank_1260d,Tzn1_lo,-1.0,lte,P2_long_short,21,1,-0.6558,-15.6,-77.61,0.0,1566,False
gold_copper_pctrank_1260d,Tzn1_lo,-1.0,lte,P2_long_short,63,3,-0.6558,-15.6,-77.61,0.0,1566,False
gold_copper_pctrank_1260d,Tzn1_lo,-1.0,lte,P2_long_short,126,6,-0.6558,-15.6,-77.61,0.0,1566,False
gold_copper_pctrank_1260d,Tz1_lo,-1.0,lte,P2_long_short,189,9,-0.6558,-15.6,-77.61,0.0,1566,False
gold_copper_pctrank_1260d,Tzn1_lo,-1.0,lte,P2_long_short,84,4,-0.6558,-15.6,-77.61,0.0,1566,False
gold_copper_pctrank_1260d,Tzn1_lo,-1.0,lte,P2_long_short,42,2,-0.6558,-15.6,-77.61,0.0,1566,False
gold_copper_pctrank_504d,Tzn1_lo,-1.0,lte,P2_long_short,189,9,-0.6558,-15.6,-77.61,0.0,1566,False
gold_copper_pctrank_504d,Tz1_lo,-1.0,lte,P2_long_short,21,1,-0.6558,-15.6,-77.61,0.0,1566,False
gold_copper_pctrank_504d,Tz1_lo,-1.0,lte,P2_long_short,84,4,-0.6558,-15.6,-77.61,0.0,1566,False
gold_copper_pctrank_504d,Tz1_lo,-1.0,lte,P2_long_short,63,3,-0.6558,-15.6,-77.61,0.0,1566,False
gold_copper_pctrank_504d,Tz1_lo,-1.0,lte,P2_long_short,42,2,-0.6558,-15.6,-77.61,0.0,1566,False
gold_copper_pctrank_504d,Tzn1_lo,-1.0,lte,P2_long_short,252,12,-0.6558,-15.6,-77.61,0.0,1566,False
gold_copper_pctrank_504d,Tzn1_lo,-1.0,lte,P2_long_short,210,10,-0.6558,-15.6,-77.61,0.0,1566,False
gold_copper_pctrank_504d,Tzn1_lo,-1.0,lte,P2_long_short,231,11,-0.6558,-15.6,-77.61,0.0,1566,False
gold_copper_pctrank_504d,Tz1_lo,-1.0,lte,P2_long_short,0,0,-0.6558,-15.6,-77.61,0.0,1566,False
gold_copper_pctrank_504d,Tzn1_lo,-1.0,lte,P2_long_short,168,8,-0.6558,-15.6,-77.61,0.0,1566,False
gold_copper_pctrank_1260d,Tz1_lo,-1.0,lte,P2_long_short,168,8,-0.6558,-15.6,-77.61,0.0,1566,False
gold_copper_pctrank_1260d,Tz1_lo,-1.0,lte,P2_long_short,84,4,-0.6558,-15.6,-77.61,0.0,1566,False
gold_copper_pctrank_1260d,Tz1_lo,-1.0,lte,P2_long_short,210,10,-0.6558,-15.6,-77.61,0.0,1566,False
gold_copper_pctrank_504d,Tzn1_lo,-1.0,lte,P2_long_short,0,0,-0.6558,-15.6,-77.61,0.0,1566,False
gold_copper_pctrank_1260d,Tz1_lo,-1.0,lte,P2_long_short,105,5,-0.6558,-15.6,-77.61,0.0,1566,False
gold_copper_pctrank_504d,Tzn1_lo,-1.0,lte,P2_long_short,21,1,-0.6558,-15.6,-77.61,0.0,1566,False
gold_copper_pctrank_1260d,Tzn1_lo,-1.0,lte,P2_long_short,0,0,-0.6558,-15.6,-77.61,0.0,1566,False
gold_copper_pctrank_1260d,Tz1_lo,-1.0,lte,P2_long_short,252,12,-0.6558,-15.6,-77.61,0.0,1566,False
gold_copper_pctrank_1260d,Tz1_lo,-1.0,lte,P2_long_short,231,11,-0.6558,-15.6,-77.61,0.0,1566,False
gold_copper_pctrank_1260d,Tz1_lo,-1.0,lte,P2_long_short,21,1,-0.6558,-15.6,-77.61,0.0,1566,False
gold_copper_pctrank_1260d,Tz1_lo,-1.0,lte,P2_long_short,42,2,-0.6558,-15.6,-77.61,0.0,1566,False
gold_copper_pctrank_1260d,Tzn1_lo,-1.0,lte,P2_long_short,147,7,-0.6558,-15.6,-77.61,0.0,1566,False
gold_copper_pctrank_1260d,Tzn1_lo,-1.0,lte,P2_long_short,168,8,-0.6558,-15.6,-77.61,0.0,1566,False
gold_copper_pctrank_1260d,Tzn1_lo,-1.0,lte,P2_long_short,105,5,-0.6558,-15.6,-77.61,0.0,1566,False
gold_copper_pctrank_1260d,Tzn1_lo,-1.0,lte,P2_long_short,189,9,-0.6558,-15.6,-77.61,0.0,1566,False
gold_copper_pctrank_504d,Tzn1_lo,-1.0,lte,P2_long_short,126,6,-0.6558,-15.6,-77.61,0.0,1566,False
gold_copper_pctrank_504d,Tzn1_lo,-1.0,lte,P2_long_short,105,5,-0.6558,-15.6,-77.61,0.0,1566,False
gold_copper_pctrank_504d,Tzn1_lo,-1.0,lte,P2_long_short,147,7,-0.6558,-15.6,-77.61,0.0,1566,False
gold_copper_pctrank_504d,Tz1_lo,-1.0,lte,P2_long_short,210,10,-0.6558,-15.6,-77.61,0.0,1566,False
gold_copper_pctrank_504d,Tz1_lo,-1.0,lte,P2_long_short,231,11,-0.6558,-15.6,-77.61,0.0,1566,False
gold_copper_pctrank_504d,Tz1_lo,-1.0,lte,P2_long_short,189,9,-0.6558,-15.6,-77.61,0.0,1566,False
gold_copper_pctrank_504d,Tz1_lo,-1.0,lte,P2_long_short,147,7,-0.6558,-15.6,-77.61,0.0,1566,False
gold_copper_pctrank_1260d,Tz1_lo,-1.0,lte,P2_long_short,126,6,-0.6558,-15.6,-77.61,0.0,1566,False
gold_copper_zscore_252d,Trp25_lo,-0.9767,lte,P2_long_short,210,10,-0.656,-15.6,-77.62,5.79,1566,False
gold_copper_zscore_252d,Tp25_lo,-0.9767,lte,P2_long_short,210,10,-0.656,-15.6,-77.62,5.79,1566,False
gold_copper_pctrank_504d,Tfix03_lo,0.3,lte,P2_long_short,210,10,-0.6582,-15.64,-77.68,12.23,1566,False
gold_copper_mom_252d,Tfix03_lo,0.3,lte,P2_long_short,147,7,-0.6584,-15.65,-77.69,12.23,1566,False
gold_copper_zscore_252d,Tzn1_lo,-1.0,lte,P2_long_short,189,9,-0.6585,-15.65,-77.69,7.08,1566,False
gold_copper_zscore_252d,Tz1_lo,-1.0,lte,P2_long_short,189,9,-0.6585,-15.65,-77.69,7.08,1566,False
gold_copper_roc_5d,Tp90_hi,4.3297,gte,P2_long_short,126,6,-0.6591,-15.67,-78.43,31.54,1566,False
gold_copper_mom_252d,Tfix03_lo,0.3,lte,P2_long_short,63,3,-0.6592,-15.66,-78.45,12.87,1566,False
gold_copper_pctrank_1260d,Tp25_lo,0.3169,lte,P2_long_short,42,2,-0.6595,-15.67,-77.72,5.79,1566,False
gold_copper_pctrank_1260d,Trp25_lo,0.3169,lte,P2_long_short,42,2,-0.6595,-15.67,-77.72,5.79,1566,False
gold_copper_pctrank_504d,Tp25_lo,0.1605,lte,P2_long_short,189,9,-0.6602,-15.68,-77.74,16.74,1566,False
gold_copper_pctrank_504d,Trp25_lo,0.1605,lte,P2_long_short,189,9,-0.6602,-15.68,-77.74,16.74,1566,False
gold_copper_roc_63d,Tp90_hi,17.0212,gte,P2_long_short,126,6,-0.6605,-15.69,-74.24,9.33,1566,False
gold_copper_zscore_126d,Tp25_lo,-1.0407,lte,P2_long_short,147,7,-0.6606,-15.69,-77.96,19.31,1566,False
gold_copper_zscore_126d,Trp25_lo,-1.0407,lte,P2_long_short,147,7,-0.6606,-15.69,-77.96,19.31,1566,False
gold_copper_roc_126d,Tfix03_lo,0.3,lte,P2_long_short,168,8,-0.6606,-15.69,-77.76,23.17,1566,False
gold_copper_pctrank_1260d,Tz1_hi,1.0,gte,P2_long_short,189,9,-0.6615,-15.7,-77.66,3.22,1566,False
gold_copper_zscore_252d,Tz1_lo,-1.0,lte,P2_long_short,210,10,-0.6619,-15.71,-77.8,7.08,1566,False
gold_copper_zscore_252d,Tzn1_lo,-1.0,lte,P2_long_short,210,10,-0.6619,-15.71,-77.8,7.08,1566,False
gold_copper_zscore_252d,Tz1_hi,1.0,gte,P2_long_short,105,5,-0.6623,-15.73,-71.66,32.18,1566,False
gold_copper_mom_63d,Tz1_hi,1.0,gte,P2_long_short,0,0,-0.6643,-15.76,-71.57,42.48,1566,False
gold_copper_zscore_504d,Tfix03_lo,0.3,lte,P2_long_short,126,6,-0.6645,-15.76,-77.88,8.05,1566,False
gold_copper_zscore_504d,Tp50_lo,-0.0203,lte,P2_long_short,147,7,-0.6649,-15.77,-77.89,3.22,1566,False
gold_copper_pctrank_1260d,Tfix03_lo,0.3,lte,P2_long_short,21,1,-0.6656,-15.78,-77.91,4.51,1566,False
gold_copper_roc_5d,Trp25_lo,-2.0781,lte,P2_long_short,231,11,-0.6691,-15.85,-77.91,82.07,1566,False
gold_copper_roc_5d,Tp25_lo,-2.0781,lte,P2_long_short,231,11,-0.6691,-15.85,-77.91,82.07,1566,False
gold_copper_pctrank_504d,Tp25_lo,0.1605,lte,P2_long_short,42,2,-0.6694,-15.85,-78.02,16.74,1566,False
gold_copper_pctrank_504d,Trp25_lo,0.1605,lte,P2_long_short,42,2,-0.6694,-15.85,-78.02,16.74,1566,False
gold_copper_zscore_126d,Tp90_hi,2.0703,gte,P2_long_short,105,5,-0.6696,-15.85,-78.15,18.67,1566,False
gold_copper_roc_63d,Tz1_hi,1.0,gte,P2_long_short,0,0,-0.6709,-15.88,-73.08,44.41,1566,False
gold_copper_zscore_504d,Tp50_lo,-0.0203,lte,P2_long_short,0,0,-0.671,-15.88,-78.07,3.86,1566,False
gold_copper_zscore_504d,Tz1_lo,-1.0,lte,P2_long_short,42,2,-0.6719,-15.9,-78.1,7.08,1566,False
gold_copper_mom_252d,Tzn1_lo,-1.0,lte,P2_long_short,147,7,-0.6719,-15.9,-78.1,11.59,1566,False
gold_copper_zscore_504d,Tzn1_lo,-1.0,lte,P2_long_short,42,2,-0.6719,-15.9,-78.1,7.08,1566,False
gold_copper_mom_252d,Tz1_lo,-1.0,lte,P2_long_short,147,7,-0.6719,-15.9,-78.1,11.59,1566,False
gold_copper_pctrank_1260d,Tfix03_lo,0.3,lte,P2_long_short,42,2,-0.672,-15.9,-78.1,4.51,1566,False
gold_copper_pctrank_1260d,Tfix03_lo,0.3,lte,P2_long_short,84,4,-0.672,-15.9,-78.1,4.51,1566,False
gold_copper_roc_21d,Tp90_hi,8.7798,gte,P2_long_short,105,5,-0.6734,-15.93,-79.1,16.09,1566,False
gold_copper_roc_5d,Tfix07_hi,0.7,gte,P1_long_cash,0,0,-0.6741,-10.81,-54.42,54.55,1566,False
gold_copper_acceleration,Tzn1_lo,-1.0,lte,P2_long_short,126,6,-0.6752,-15.98,-69.29,68.87,1566,False
gold_copper_acceleration,Tz1_lo,-1.0,lte,P2_long_short,126,6,-0.6752,-15.98,-69.29,68.87,1566,False
gold_copper_pctrank_1260d,Tz1_hi,1.0,gte,P2_long_short,231,11,-0.6771,-16.0,-78.26,2.57,1566,False
gold_copper_pctrank_1260d,Tp25_lo,0.3169,lte,P2_long_short,21,1,-0.6777,-16.01,-78.28,5.79,1566,False
gold_copper_pctrank_1260d,Trp25_lo,0.3169,lte,P2_long_short,21,1,-0.6777,-16.01,-78.28,5.79,1566,False
gold_copper_mom_21d,Tz1_hi,1.0,gte,P2_long_short,0,0,-0.6778,-16.01,-69.64,61.15,1566,False
gold_copper_acceleration,Tp90_hi,12.3637,gte,P2_long_short,168,8,-0.6794,-16.04,-79.83,23.82,1566,False
gold_copper_roc_63d,Tp75_hi,7.5433,gte,P2_long_short,105,5,-0.6805,-16.07,-68.45,15.77,1566,False
gold_copper_zscore_504d,Trp25_lo,-1.0311,lte,P2_long_short,42,2,-0.6806,-16.06,-78.36,7.08,1566,False
gold_copper_zscore_504d,Tp25_lo,-1.0311,lte,P2_long_short,42,2,-0.6806,-16.06,-78.36,7.08,1566,False
gold_copper_pctrank_1260d,Tp50_lo,0.5612,lte,P2_long_short,126,6,-0.6807,-16.06,-78.36,12.23,1566,False
gold_copper_mom_252d,Tzn1_lo,-1.0,lte,P2_long_short,63,3,-0.6812,-16.07,-79.09,12.23,1566,False
gold_copper_acceleration,Tfix03_lo,0.3,lte,P2_long_short,126,6,-0.6812,-16.08,-68.39,66.3,1566,False
gold_copper_mom_252d,Tz1_lo,-1.0,lte,P2_long_short,63,3,-0.6812,-16.07,-79.09,12.23,1566,False
gold_copper_zscore_504d,Trp25_lo,-1.0311,lte,P2_long_short,168,8,-0.6813,-16.07,-78.38,7.08,1566,False
gold_copper_zscore_504d,Tp25_lo,-1.0311,lte,P2_long_short,168,8,-0.6813,-16.07,-78.38,7.08,1566,False
gold_copper_roc_5d,Tp50_lo,0.0074,lte,P2_long_short,105,5,-0.6841,-16.13,-68.93,110.71,1566,False
gold_copper_roc_5d,Tzn1_lo,-1.0,lte,P2_long_short,231,11,-0.6857,-16.16,-79.99,93.66,1566,False
gold_copper_roc_5d,Tz1_lo,-1.0,lte,P2_long_short,231,11,-0.6857,-16.16,-79.99,93.66,1566,False
gold_copper_pctrank_504d,Tfix03_lo,0.3,lte,P2_long_short,168,8,-0.687,-16.18,-78.55,12.23,1566,False
gold_copper_roc_126d,Tp50_lo,0.8514,lte,P2_long_short,168,8,-0.6879,-16.19,-78.57,21.24,1566,False
gold_copper_pctrank_1260d,Tp25_lo,0.3169,lte,P2_long_short,252,12,-0.6897,-16.23,-78.63,7.08,1566,False
gold_copper_pctrank_1260d,Trp25_lo,0.3169,lte,P2_long_short,252,12,-0.6897,-16.23,-78.63,7.08,1566,False
gold_copper_pctrank_504d,Tp50_lo,0.5268,lte,P2_long_short,105,5,-0.6901,-16.24,-79.25,8.37,1566,False
gold_copper_mom_252d,Tp25_lo,-53.7187,lte,P2_long_short,84,4,-0.6904,-16.24,-78.65,1.93,1566,False
gold_copper_mom_252d,Trp25_lo,-53.7187,lte,P2_long_short,84,4,-0.6904,-16.24,-78.65,1.93,1566,False
gold_copper_roc_5d,Tp75_hi,2.0649,gte,P1_long_cash,0,0,-0.6916,-9.79,-48.72,44.57,1566,False
gold_copper_zscore_252d,Tp25_lo,-0.9767,lte,P2_long_short,168,8,-0.6921,-16.27,-78.7,5.79,1566,False
gold_copper_zscore_252d,Trp25_lo,-0.9767,lte,P2_long_short,168,8,-0.6921,-16.27,-78.7,5.79,1566,False
gold_copper_mom_252d,Tp50_lo,7.1738,lte,P2_long_short,189,9,-0.6926,-16.28,-79.38,12.87,1566,False
gold_copper_roc_5d,Tp90_hi,4.3297,gte,P2_long_short,189,9,-0.6936,-16.3,-74.89,32.51,1566,False
gold_copper_roc_5d,Tfix07_hi,0.7,gte,P2_long_short,210,10,-0.6945,-16.32,-69.63,114.25,1566,False
gold_copper_roc_21d,Tp75_hi,4.3669,gte,P2_long_short,147,7,-0.6948,-16.33,-67.23,35.08,1566,False
gold_copper_mom_252d,Trp25_lo,-53.7187,lte,P2_long_short,210,10,-0.6959,-16.34,-78.81,1.93,1566,False
gold_copper_mom_252d,Tp25_lo,-53.7187,lte,P2_long_short,210,10,-0.6959,-16.34,-78.81,1.93,1566,False
gold_copper_roc_63d,Tp50_lo,0.2018,lte,P2_long_short,252,12,-0.6962,-16.35,-81.96,38.62,1566,False
gold_copper_zscore_504d,Trp25_lo,-1.0311,lte,P2_long_short,147,7,-0.6967,-16.36,-78.83,7.08,1566,False
gold_copper_zscore_504d,Tp25_lo,-1.0311,lte,P2_long_short,147,7,-0.6967,-16.36,-78.83,7.08,1566,False
gold_copper_zscore_252d,Tfix03_lo,0.3,lte,P2_long_short,168,8,-0.7006,-16.43,-78.94,20.6,1566,False
gold_copper_pctrank_504d,Tp75_lo,0.841,lte,P2_long_short,231,11,-0.704,-16.5,-71.19,17.7,1566,False
gold_copper_pctrank_504d,Tfix03_lo,0.3,lte,P2_long_short,231,11,-0.7048,-16.5,-79.06,12.23,1566,False
gold_copper_zscore_126d,Tz1_lo,-1.0,lte,P2_long_short,147,7,-0.7056,-16.52,-79.28,21.24,1566,False
gold_copper_zscore_126d,Tzn1_lo,-1.0,lte,P2_long_short,147,7,-0.7056,-16.52,-79.28,21.24,1566,False
gold_copper_mom_63d,Tp50_lo,0.758,lte,P2_long_short,252,12,-0.7081,-16.57,-81.86,36.69,1566,False
gold_copper_zscore_504d,Tzn1_lo,-1.0,lte,P2_long_short,63,3,-0.7135,-16.67,-79.31,7.08,1566,False
gold_copper_zscore_504d,Tz1_lo,-1.0,lte,P2_long_short,63,3,-0.7135,-16.67,-79.31,7.08,1566,False
gold_copper_zscore_252d,Tp25_lo,-0.9767,lte,P2_long_short,189,9,-0.7147,-16.69,-79.35,5.79,1566,False
gold_copper_zscore_252d,Trp25_lo,-0.9767,lte,P2_long_short,189,9,-0.7147,-16.69,-79.35,5.79,1566,False
gold_copper_mom_252d,Tzn1_lo,-1.0,lte,P2_long_short,105,5,-0.7166,-16.73,-79.99,12.23,1566,False
gold_copper_mom_252d,Tz1_lo,-1.0,lte,P2_long_short,105,5,-0.7166,-16.73,-79.99,12.23,1566,False
gold_copper_mom_252d,Tp50_lo,7.1738,lte,P2_long_short,63,3,-0.7174,-16.74,-80.1,12.23,1566,False
gold_copper_roc_126d,Tfix03_lo,0.3,lte,P2_long_short,231,11,-0.7198,-16.81,-74.57,22.53,1566,False
gold_copper_mom_21d,Tfix07_hi,0.7,gte,P2_long_short,0,0,-0.7202,-16.79,-71.36,61.15,1566,False
gold_copper_roc_21d,Tp25_lo,-4.0484,lte,P2_long_short,252,12,-0.7207,-16.8,-76.14,42.48,1566,False
gold_copper_roc_21d,Trp25_lo,-4.0484,lte,P2_long_short,252,12,-0.7207,-16.8,-76.14,42.48,1566,False
gold_copper_mom_252d,Tp50_lo,7.1738,lte,P2_long_short,147,7,-0.722,-16.82,-79.55,11.59,1566,False
gold_copper_acceleration,Trp25_lo,-6.2874,lte,P2_long_short,126,6,-0.7227,-16.84,-73.25,51.49,1566,False
gold_copper_acceleration,Tp25_lo,-6.2874,lte,P2_long_short,126,6,-0.7227,-16.84,-73.25,51.49,1566,False
gold_copper_pctrank_1260d,Tp50_lo,0.5612,lte,P2_long_short,147,7,-0.7229,-16.84,-79.58,12.23,1566,False
gold_copper_roc_63d,Tfix03_lo,0.3,lte,P2_long_short,252,12,-0.7242,-16.87,-82.31,40.55,1566,False
gold_copper_pctrank_1260d,Tz1_hi,1.0,gte,P2_long_short,105,5,-0.7248,-16.87,-79.49,5.15,1566,False
gold_copper_zscore_504d,Tz1_lo,-1.0,lte,P2_long_short,252,12,-0.7266,-16.91,-79.68,7.08,1566,False
gold_copper_zscore_504d,Tzn1_lo,-1.0,lte,P2_long_short,252,12,-0.7266,-16.91,-79.68,7.08,1566,False
gold_copper_zscore_504d,Tzn1_lo,-1.0,lte,P2_long_short,168,8,-0.728,-16.93,-79.72,7.08,1566,False
gold_copper_zscore_504d,Tz1_lo,-1.0,lte,P2_long_short,168,8,-0.728,-16.93,-79.72,7.08,1566,False
gold_copper_roc_63d,Trp25_lo,-6.739,lte,P2_long_short,42,2,-0.7281,-16.95,-69.88,19.95,1566,False
gold_copper_roc_63d,Tp25_lo,-6.739,lte,P2_long_short,42,2,-0.7281,-16.95,-69.88,19.95,1566,False
gold_copper_zscore_504d,Tp25_lo,-1.0311,lte,P2_long_short,126,6,-0.7286,-16.95,-79.74,7.08,1566,False
gold_copper_zscore_504d,Trp25_lo,-1.0311,lte,P2_long_short,126,6,-0.7286,-16.95,-79.74,7.08,1566,False
gold_copper_roc_63d,Tp50_hi,0.2018,gte,P2_long_short,105,5,-0.7287,-16.96,-74.15,41.2,1566,False
gold_copper_roc_126d,Tp25_lo,-9.8165,lte,P2_long_short,189,9,-0.7302,-16.97,-79.78,6.44,1566,False
gold_copper_roc_126d,Trp25_lo,-9.8165,lte,P2_long_short,189,9,-0.7302,-16.97,-79.78,6.44,1566,False
gold_copper_roc_5d,Tp90_hi,4.3297,gte,P2_long_short,231,11,-0.7304,-16.98,-78.95,31.54,1566,False
gold_copper_roc_63d,Tzn1_lo,-1.0,lte,P2_long_short,231,11,-0.7304,-16.99,-72.19,37.98,1566,False
gold_copper_roc_63d,Tz1_lo,-1.0,lte,P2_long_short,231,11,-0.7304,-16.99,-72.19,37.98,1566,False
gold_copper_mom_252d,Tzn1_lo,-1.0,lte,P2_long_short,189,9,-0.7311,-16.99,-79.73,12.23,1566,False
gold_copper_mom_252d,Tfix03_lo,0.3,lte,P2_long_short,105,5,-0.7311,-16.99,-80.39,12.87,1566,False
gold_copper_mom_252d,Tz1_lo,-1.0,lte,P2_long_short,189,9,-0.7311,-16.99,-79.73,12.23,1566,False
gold_copper_mom_252d,Trp25_lo,-53.7187,lte,P2_long_short,189,9,-0.7325,-17.02,-79.85,1.93,1566,False
gold_copper_mom_252d,Tp25_lo,-53.7187,lte,P2_long_short,189,9,-0.7325,-17.02,-79.85,1.93,1566,False
gold_copper_roc_63d,Tfix07_hi,0.7,gte,P2_long_short,105,5,-0.7335,-17.05,-74.6,43.77,1566,False
gold_copper_roc_21d,Tz1_hi,1.0,gte,P2_long_short,168,8,-0.7358,-17.11,-75.82,60.83,1566,False
gold_copper_mom_63d,Tfix07_hi,0.7,gte,P2_long_short,105,5,-0.7365,-17.1,-74.43,39.26,1566,False
gold_copper_mom_63d,Tp50_hi,0.758,gte,P2_long_short,105,5,-0.7365,-17.1,-74.43,39.26,1566,False
gold_copper_zscore_504d,Tfix03_lo,0.3,lte,P2_long_short,147,7,-0.742,-17.19,-80.11,7.72,1566,False
gold_copper_pctrank_1260d,Tfix03_lo,0.3,lte,P2_long_short,252,12,-0.742,-17.19,-80.11,5.15,1566,False
gold_copper_zscore_504d,Tz1_lo,-1.0,lte,P2_long_short,126,6,-0.7435,-17.22,-80.15,7.08,1566,False
gold_copper_zscore_504d,Tzn1_lo,-1.0,lte,P2_long_short,126,6,-0.7435,-17.22,-80.15,7.08,1566,False
gold_copper_mom_63d,Tz1_hi,1.0,gte,P2_long_short,105,5,-0.7442,-17.24,-74.7,40.55,1566,False
gold_copper_roc_126d,Trp25_lo,-9.8165,lte,P2_long_short,147,7,-0.7444,-17.23,-80.17,6.44,1566,False
gold_copper_roc_126d,Tp25_lo,-9.8165,lte,P2_long_short,147,7,-0.7444,-17.23,-80.17,6.44,1566,False
gold_copper_zscore_504d,Tzn1_lo,-1.0,lte,P2_long_short,210,10,-0.7445,-17.24,-80.17,7.08,1566,False
gold_copper_zscore_504d,Tz1_lo,-1.0,lte,P2_long_short,210,10,-0.7445,-17.24,-80.17,7.08,1566,False
gold_copper_zscore_252d,Trp25_lo,-0.9767,lte,P2_long_short,231,11,-0.7447,-17.24,-80.18,5.79,1566,False
gold_copper_zscore_252d,Tp25_lo,-0.9767,lte,P2_long_short,231,11,-0.7447,-17.24,-80.18,5.79,1566,False
gold_copper_zscore_126d,Tz1_lo,-1.0,lte,P2_long_short,63,3,-0.7457,-17.27,-72.96,21.89,1566,False
gold_copper_zscore_126d,Tzn1_lo,-1.0,lte,P2_long_short,63,3,-0.7457,-17.27,-72.96,21.89,1566,False
gold_copper_zscore_252d,Tp50_lo,0.0526,lte,P2_long_short,126,6,-0.7465,-17.27,-80.23,13.84,1566,False
gold_copper_roc_63d,Tp90_hi,17.0212,gte,P2_long_short,147,7,-0.747,-17.29,-69.47,9.01,1566,False
gold_copper_roc_5d,Tp90_hi,4.3297,gte,P2_long_short,105,5,-0.7487,-17.31,-80.84,31.54,1566,False
gold_copper_pctrank_504d,Tfix03_lo,0.3,lte,P2_long_short,252,12,-0.7505,-17.35,-80.34,12.23,1566,False
gold_copper_mom_21d,Tp50_hi,0.098,gte,P2_long_short,0,0,-0.7508,-17.35,-72.21,63.08,1566,False
gold_copper_roc_21d,Tp50_hi,0.0209,gte,P2_long_short,0,0,-0.7508,-17.35,-72.21,63.08,1566,False
gold_copper_pctrank_504d,Tfix03_lo,0.3,lte,P2_long_short,105,5,-0.7515,-17.36,-80.36,12.23,1566,False
gold_copper_zscore_126d,Tp90_hi,2.0703,gte,P2_long_short,168,8,-0.7522,-17.37,-77.14,20.92,1566,False
gold_copper_roc_126d,Tp25_lo,-9.8165,lte,P2_long_short,168,8,-0.7553,-17.43,-80.47,6.44,1566,False
gold_copper_roc_126d,Trp25_lo,-9.8165,lte,P2_long_short,168,8,-0.7553,-17.43,-80.47,6.44,1566,False
gold_copper_mom_252d,Trp25_lo,-53.7187,lte,P2_long_short,147,7,-0.7569,-17.46,-80.51,1.93,1566,False
gold_copper_mom_252d,Tp25_lo,-53.7187,lte,P2_long_short,147,7,-0.7569,-17.46,-80.51,1.93,1566,False
gold_copper_mom_252d,Tfix03_lo,0.3,lte,P2_long_short,189,9,-0.7592,-17.5,-80.49,12.87,1566,False
gold_copper_roc_63d,Tp90_hi,17.0212,gte,P2_long_short,0,0,-0.7595,-17.51,-73.17,9.66,1566,False
gold_copper_pctrank_1260d,Tfix03_lo,0.3,lte,P2_long_short,231,11,-0.7602,-17.52,-78.6,5.15,1566,False
gold_copper_acceleration,Tfix03_lo,0.3,lte,P2_long_short,189,9,-0.7625,-17.58,-78.04,69.52,1566,False
gold_copper_zscore_504d,Trp25_lo,-1.0311,lte,P2_long_short,252,12,-0.7658,-17.62,-80.75,7.08,1566,False
gold_copper_zscore_504d,Tp25_lo,-1.0311,lte,P2_long_short,252,12,-0.7658,-17.62,-80.75,7.08,1566,False
gold_copper_mom_21d,Tp90_hi,32.7891,gte,P2_long_short,21,1,-0.7669,-17.65,-70.39,22.53,1566,False
gold_copper_mom_21d,Tfix03_lo,0.3,lte,P2_long_short,231,11,-0.7685,-17.7,-74.6,59.54,1566,False
gold_copper_zscore_504d,Tp25_lo,-1.0311,lte,P2_long_short,63,3,-0.769,-17.68,-80.83,7.08,1566,False
gold_copper_zscore_504d,Trp25_lo,-1.0311,lte,P2_long_short,63,3,-0.769,-17.68,-80.83,7.08,1566,False
gold_copper_zscore_126d,Tz1_hi,1.0,gte,P2_long_short,0,0,-0.7696,-17.69,-74.69,34.76,1566,False
gold_copper_pctrank_504d,Tp50_lo,0.5268,lte,P2_long_short,126,6,-0.7774,-17.83,-81.05,7.4,1566,False
gold_copper_roc_126d,Tz1_lo,-1.0,lte,P2_long_short,147,7,-0.7775,-17.83,-81.05,24.46,1566,False
gold_copper_roc_126d,Tzn1_lo,-1.0,lte,P2_long_short,147,7,-0.7775,-17.83,-81.05,24.46,1566,False
gold_copper_pctrank_1260d,Tp25_lo,0.3169,lte,P2_long_short,63,3,-0.7805,-17.89,-81.13,5.79,1566,False
gold_copper_pctrank_1260d,Trp25_lo,0.3169,lte,P2_long_short,63,3,-0.7805,-17.89,-81.13,5.79,1566,False
gold_copper_zscore_504d,Tp25_lo,-1.0311,lte,P2_long_short,105,5,-0.7818,-17.92,-81.17,7.08,1566,False
gold_copper_zscore_504d,Trp25_lo,-1.0311,lte,P2_long_short,105,5,-0.7818,-17.92,-81.17,7.08,1566,False
gold_copper_zscore_504d,Tp90_hi,2.084,gte,P2_long_short,105,5,-0.7836,-17.96,-76.83,19.31,1566,False
gold_copper_roc_21d,Tp50_lo,0.0209,lte,P2_long_short,231,11,-0.7841,-17.98,-75.51,60.18,1566,False
gold_copper_mom_21d,Tp50_lo,0.098,lte,P2_long_short,231,11,-0.7841,-17.98,-75.51,60.18,1566,False
gold_copper_pctrank_504d,Tp90_hi,0.9722,gte,P2_long_short,147,7,-0.785,-17.98,-74.25,25.43,1566,False
gold_copper_acceleration,Tp75_hi,6.1247,gte,P2_long_short,105,5,-0.7852,-17.99,-78.01,37.33,1566,False
gold_copper_roc_126d,Tz1_lo,-1.0,lte,P2_long_short,168,8,-0.7862,-17.99,-81.28,24.46,1566,False
gold_copper_roc_126d,Tzn1_lo,-1.0,lte,P2_long_short,168,8,-0.7862,-17.99,-81.28,24.46,1566,False
gold_copper_zscore_126d,Tp25_lo,-1.0407,lte,P2_long_short,63,3,-0.7904,-18.08,-74.57,19.95,1566,False
gold_copper_zscore_126d,Trp25_lo,-1.0407,lte,P2_long_short,63,3,-0.7904,-18.08,-74.57,19.95,1566,False
gold_copper_pctrank_504d,Tfix03_lo,0.3,lte,P2_long_short,126,6,-0.7919,-18.1,-81.42,12.23,1566,False
gold_copper_roc_21d,Tp90_hi,8.7798,gte,P2_long_short,21,1,-0.7931,-18.13,-71.43,16.74,1566,False
gold_copper_roc_126d,Tz1_lo,-1.0,lte,P2_long_short,231,11,-0.7965,-18.2,-78.64,25.75,1566,False
gold_copper_roc_126d,Tzn1_lo,-1.0,lte,P2_long_short,231,11,-0.7965,-18.2,-78.64,25.75,1566,False
gold_copper_mom_252d,Tz1_lo,-1.0,lte,P2_long_short,231,11,-0.8023,-18.28,-80.06,12.87,1566,False
gold_copper_mom_252d,Tzn1_lo,-1.0,lte,P2_long_short,231,11,-0.8023,-18.28,-80.06,12.87,1566,False
gold_copper_zscore_126d,Tfix03_lo,0.3,lte,P2_long_short,231,11,-0.8055,-18.35,-74.3,35.4,1566,False
gold_copper_zscore_252d,Tzn1_lo,-1.0,lte,P2_long_short,147,7,-0.8061,-18.35,-81.78,7.08,1566,False
gold_copper_zscore_252d,Tz1_lo,-1.0,lte,P2_long_short,147,7,-0.8061,-18.35,-81.78,7.08,1566,False
gold_copper_mom_21d,Tp75_hi,16.087,gte,P2_long_short,0,0,-0.8078,-18.38,-74.68,46.99,1566,False
gold_copper_zscore_252d,Tfix03_lo,0.3,lte,P2_long_short,126,6,-0.8079,-18.39,-82.22,22.21,1566,False
gold_copper_zscore_504d,Tp25_lo,-1.0311,lte,P2_long_short,84,4,-0.8084,-18.39,-81.84,7.08,1566,False
gold_copper_zscore_504d,Trp25_lo,-1.0311,lte,P2_long_short,84,4,-0.8084,-18.39,-81.84,7.08,1566,False
gold_copper_mom_21d,Tzn1_lo,-1.0,lte,P2_long_short,231,11,-0.809,-18.43,-76.52,64.05,1566,False
gold_copper_mom_21d,Tz1_lo,-1.0,lte,P2_long_short,231,11,-0.809,-18.43,-76.52,64.05,1566,False
gold_copper_mom_252d,Tp50_lo,7.1738,lte,P2_long_short,126,6,-0.8091,-18.41,-81.85,11.59,1566,False
gold_copper_roc_21d,Tp75_hi,4.3669,gte,P2_long_short,0,0,-0.8094,-18.41,-74.66,34.76,1566,False
gold_copper_mom_252d,Tfix03_lo,0.3,lte,P2_long_short,231,11,-0.8145,-18.5,-79.46,13.52,1566,False
gold_copper_pctrank_504d,Tp25_lo,0.1605,lte,P2_long_short,63,3,-0.8178,-18.56,-82.07,16.74,1566,False
gold_copper_pctrank_504d,Trp25_lo,0.1605,lte,P2_long_short,63,3,-0.8178,-18.56,-82.07,16.74,1566,False
gold_copper_pctrank_1260d,Tfix03_lo,0.3,lte,P2_long_short,105,5,-0.819,-18.59,-82.1,4.51,1566,False
gold_copper_pctrank_1260d,Tp25_lo,0.3169,lte,P2_long_short,105,5,-0.8206,-18.61,-82.14,5.79,1566,False
gold_copper_pctrank_1260d,Trp25_lo,0.3169,lte,P2_long_short,105,5,-0.8206,-18.61,-82.14,5.79,1566,False
gold_copper_roc_5d,Tz1_lo,-1.0,lte,P2_long_short,105,5,-0.823,-18.67,-74.89,96.55,1566,False
gold_copper_roc_5d,Tzn1_lo,-1.0,lte,P2_long_short,105,5,-0.823,-18.67,-74.89,96.55,1566,False
gold_copper_mom_252d,Tp25_lo,-53.7187,lte,P2_long_short,105,5,-0.8249,-18.69,-82.25,1.93,1566,False
gold_copper_mom_252d,Trp25_lo,-53.7187,lte,P2_long_short,105,5,-0.8249,-18.69,-82.25,1.93,1566,False
gold_copper_pctrank_504d,Trp25_lo,0.1605,lte,P2_long_short,147,7,-0.8265,-18.72,-82.28,16.74,1566,False
gold_copper_pctrank_504d,Tp25_lo,0.1605,lte,P2_long_short,147,7,-0.8265,-18.72,-82.28,16.74,1566,False
gold_copper_zscore_252d,Trp25_lo,-0.9767,lte,P2_long_short,147,7,-0.8266,-18.72,-82.29,5.79,1566,False
gold_copper_zscore_252d,Tp25_lo,-0.9767,lte,P2_long_short,147,7,-0.8266,-18.72,-82.29,5.79,1566,False
gold_copper_pctrank_504d,Trp25_lo,0.1605,lte,P2_long_short,168,8,-0.8295,-18.77,-82.36,16.74,1566,False
gold_copper_pctrank_504d,Tp25_lo,0.1605,lte,P2_long_short,168,8,-0.8295,-18.77,-82.36,16.74,1566,False
gold_copper_pctrank_1260d,Tfix03_lo,0.3,lte,P2_long_short,63,3,-0.8298,-18.78,-82.36,4.51,1566,False
gold_copper_zscore_252d,Tp75_hi,1.0726,gte,P2_long_short,105,5,-0.8308,-18.82,-78.35,32.83,1566,False
gold_copper_zscore_504d,Tp90_hi,2.084,gte,P2_long_short,0,0,-0.8327,-18.82,-74.58,20.6,1566,False
gold_copper_roc_21d,Tfix03_lo,0.3,lte,P2_long_short,231,11,-0.8355,-18.91,-76.41,60.18,1566,False
gold_copper_roc_5d,Tp75_hi,2.0649,gte,P2_long_short,189,9,-0.8358,-18.89,-76.64,87.54,1566,False
gold_copper_zscore_252d,Tz1_lo,-1.0,lte,P2_long_short,231,11,-0.8373,-18.91,-82.54,7.08,1566,False
gold_copper_roc_5d,Tz1_hi,1.0,gte,P2_long_short,189,9,-0.8373,-18.92,-74.12,110.71,1566,False
gold_copper_zscore_252d,Tzn1_lo,-1.0,lte,P2_long_short,231,11,-0.8373,-18.91,-82.54,7.08,1566,False
gold_copper_roc_21d,Tfix07_hi,0.7,gte,P2_long_short,42,2,-0.8399,-18.97,-76.62,63.4,1566,False
gold_copper_pctrank_1260d,Tfix03_lo,0.3,lte,P2_long_short,126,6,-0.8434,-19.02,-82.69,4.51,1566,False
gold_copper_zscore_504d,Tz1_lo,-1.0,lte,P2_long_short,105,5,-0.8466,-19.08,-82.76,7.08,1566,False
gold_copper_zscore_504d,Tzn1_lo,-1.0,lte,P2_long_short,105,5,-0.8466,-19.08,-82.76,7.08,1566,False
gold_copper_mom_252d,Tfix03_lo,0.3,lte,P2_long_short,126,6,-0.8469,-19.08,-82.77,12.23,1566,False
gold_copper_roc_126d,Tfix03_lo,0.3,lte,P2_long_short,147,7,-0.8476,-19.1,-82.79,23.17,1566,False
gold_copper_roc_21d,Tfix07_hi,0.7,gte,P2_long_short,0,0,-0.848,-19.11,-75.73,65.01,1566,False
gold_copper_mom_252d,Tz1_lo,-1.0,lte,P2_long_short,126,6,-0.8486,-19.11,-82.81,11.59,1566,False
gold_copper_mom_252d,Tzn1_lo,-1.0,lte,P2_long_short,126,6,-0.8486,-19.11,-82.81,11.59,1566,False
gold_copper_pctrank_504d,Trp25_lo,0.1605,lte,P2_long_short,126,6,-0.8512,-19.16,-82.87,16.74,1566,False
gold_copper_pctrank_504d,Tp25_lo,0.1605,lte,P2_long_short,126,6,-0.8512,-19.16,-82.87,16.74,1566,False
gold_copper_zscore_252d,Tfix03_lo,0.3,lte,P2_long_short,231,11,-0.8534,-19.21,-75.26,22.53,1566,False
gold_copper_mom_21d,Tp90_hi,32.7891,gte,P2_long_short,147,7,-0.854,-19.22,-73.7,23.49,1566,False
gold_copper_pctrank_504d,Trp25_lo,0.1605,lte,P2_long_short,231,11,-0.8558,-19.24,-82.98,16.74,1566,False
gold_copper_pctrank_1260d,Tp25_lo,0.3169,lte,P2_long_short,126,6,-0.8558,-19.24,-82.98,5.79,1566,False
gold_copper_pctrank_504d,Tp25_lo,0.1605,lte,P2_long_short,231,11,-0.8558,-19.24,-82.98,16.74,1566,False
gold_copper_pctrank_1260d,Trp25_lo,0.3169,lte,P2_long_short,126,6,-0.8558,-19.24,-82.98,5.79,1566,False
gold_copper_roc_63d,Tp90_hi,17.0212,gte,P2_long_short,168,8,-0.8581,-19.29,-75.81,9.01,1566,False
gold_copper_roc_126d,Tp50_lo,0.8514,lte,P2_long_short,147,7,-0.8605,-19.33,-83.09,21.24,1566,False
gold_copper_zscore_252d,Tp50_lo,0.0526,lte,P2_long_short,168,8,-0.8649,-19.4,-83.19,13.52,1566,False
gold_copper_mom_252d,Tp50_lo,7.1738,lte,P2_long_short,231,11,-0.8676,-19.47,-77.89,14.8,1566,False
gold_copper_roc_126d,Tfix03_lo,0.3,lte,P2_long_short,189,9,-0.8719,-19.53,-85.15,24.46,1566,False
gold_copper_mom_252d,Trp25_lo,-53.7187,lte,P2_long_short,168,8,-0.8745,-19.58,-83.41,1.93,1566,False
gold_copper_mom_252d,Tp25_lo,-53.7187,lte,P2_long_short,168,8,-0.8745,-19.58,-83.41,1.93,1566,False
gold_copper_acceleration,Tp75_hi,6.1247,gte,P2_long_short,147,7,-0.877,-19.63,-75.86,37.66,1566,False
gold_copper_roc_126d,Tp50_lo,0.8514,lte,P2_long_short,189,9,-0.8788,-19.65,-85.17,22.53,1566,False
gold_copper_zscore_126d,Tp75_hi,1.18,gte,P2_long_short,0,0,-0.8799,-19.68,-79.79,33.47,1566,False
gold_copper_zscore_126d,Tp90_hi,2.0703,gte,P2_long_short,147,7,-0.8806,-19.7,-75.01,20.28,1566,False
gold_copper_zscore_252d,Tp50_lo,0.0526,lte,P2_long_short,147,7,-0.8948,-19.94,-83.87,13.52,1566,False
gold_copper_pctrank_504d,Trp25_lo,0.1605,lte,P2_long_short,252,12,-0.8957,-19.95,-83.88,16.74,1566,False
gold_copper_pctrank_504d,Tp25_lo,0.1605,lte,P2_long_short,252,12,-0.8957,-19.95,-83.88,16.74,1566,False
gold_copper_zscore_504d,Tp25_lo,-1.0311,lte,P2_long_short,189,9,-0.8963,-19.96,-83.9,7.08,1566,False
gold_copper_zscore_504d,Trp25_lo,-1.0311,lte,P2_long_short,189,9,-0.8963,-19.96,-83.9,7.08,1566,False
gold_copper_pctrank_1260d,Trp25_lo,0.3169,lte,P2_long_short,231,11,-0.9189,-20.37,-80.2,7.08,1566,False
gold_copper_pctrank_1260d,Tp25_lo,0.3169,lte,P2_long_short,231,11,-0.9189,-20.37,-80.2,7.08,1566,False
gold_copper_zscore_504d,Trp25_lo,-1.0311,lte,P2_long_short,210,10,-0.9298,-20.55,-84.62,7.08,1566,False
gold_copper_zscore_504d,Tp25_lo,-1.0311,lte,P2_long_short,210,10,-0.9298,-20.55,-84.62,7.08,1566,False
gold_copper_zscore_504d,Tz1_lo,-1.0,lte,P2_long_short,189,9,-0.9393,-20.72,-84.82,7.08,1566,False
gold_copper_zscore_504d,Tzn1_lo,-1.0,lte,P2_long_short,189,9,-0.9393,-20.72,-84.82,7.08,1566,False
gold_copper_roc_21d,Tz1_hi,1.0,gte,P2_long_short,42,2,-0.941,-20.75,-79.95,60.83,1566,False
gold_copper_zscore_504d,Tzn1_lo,-1.0,lte,P2_long_short,84,4,-0.9423,-20.77,-84.88,7.08,1566,False
gold_copper_zscore_504d,Tz1_lo,-1.0,lte,P2_long_short,84,4,-0.9423,-20.77,-84.88,7.08,1566,False
gold_copper_pctrank_504d,Tz1_hi,1.0,gte,P2_long_short,105,5,-0.9433,-20.78,-84.66,21.89,1566,False
gold_copper_roc_21d,Tz1_hi,1.0,gte,P2_long_short,0,0,-0.944,-20.8,-78.71,61.79,1566,False
gold_copper_pctrank_1260d,Tp50_lo,0.5612,lte,P2_long_short,231,11,-0.9495,-20.9,-78.9,13.52,1566,False
gold_copper_zscore_126d,Tp25_lo,-1.0407,lte,P2_long_short,231,11,-0.9523,-20.97,-80.18,19.95,1566,False
gold_copper_zscore_126d,Trp25_lo,-1.0407,lte,P2_long_short,231,11,-0.9523,-20.97,-80.18,19.95,1566,False
gold_copper_pctrank_504d,Tp25_lo,0.1605,lte,P2_long_short,84,4,-0.9562,-21.01,-85.17,16.74,1566,False
gold_copper_pctrank_504d,Trp25_lo,0.1605,lte,P2_long_short,84,4,-0.9562,-21.01,-85.17,16.74,1566,False
gold_copper_mom_63d,Trp25_lo,-25.5664,lte,P2_long_short,231,11,-0.9579,-21.06,-78.91,26.39,1566,False
gold_copper_mom_63d,Tp25_lo,-25.5664,lte,P2_long_short,231,11,-0.9579,-21.06,-78.91,26.39,1566,False
gold_copper_zscore_504d,Tfix03_lo,0.3,lte,P2_long_short,231,11,-0.9739,-21.34,-78.68,9.01,1566,False
gold_copper_zscore_126d,Tp50_lo,-0.0334,lte,P2_long_short,231,11,-0.9744,-21.33,-79.34,32.83,1566,False
gold_copper_zscore_126d,Tzn1_lo,-1.0,lte,P2_long_short,231,11,-0.9755,-21.37,-80.59,21.89,1566,False
gold_copper_zscore_126d,Tz1_lo,-1.0,lte,P2_long_short,231,11,-0.9755,-21.37,-80.59,21.89,1566,False
gold_copper_acceleration,Tp90_hi,12.3637,gte,P2_long_short,210,10,-0.9859,-21.55,-80.14,22.53,1566,False
gold_copper_zscore_252d,Tp90_hi,2.0171,gte,P2_long_short,147,7,-0.9972,-21.73,-79.29,17.7,1566,False
gold_copper_mom_63d,Tp75_hi,28.7156,gte,P2_long_short,105,5,-1.0212,-22.15,-81.0,17.38,1566,False
gold_copper_pctrank_504d,Tp90_hi,0.9722,gte,P2_long_short,0,0,-1.0318,-22.31,-79.69,28.97,1566,False
gold_copper_pctrank_504d,Tz1_hi,1.0,gte,P2_long_short,0,0,-1.0443,-22.52,-79.76,22.53,1566,False
gold_copper_roc_21d,Tp90_hi,8.7798,gte,P2_long_short,147,7,-1.0622,-22.84,-81.43,17.7,1566,False
gold_copper_roc_63d,Tp25_lo,-6.739,lte,P2_long_short,231,11,-1.0785,-23.13,-80.69,18.67,1566,False
gold_copper_roc_63d,Trp25_lo,-6.739,lte,P2_long_short,231,11,-1.0785,-23.13,-80.69,18.67,1566,False
gold_copper_zscore_252d,Tp50_lo,0.0526,lte,P2_long_short,231,11,-1.0989,-23.48,-82.22,15.45,1566,False
gold_copper_pctrank_504d,Tz1_hi,1.0,gte,P1_long_cash,105,5,-1.1042,-3.16,-18.63,10.94,1566,False
gold_copper_roc_126d,Tp90_hi,26.555,gte,P2_long_short,105,5,-1.1222,-23.87,-81.82,12.23,1566,False
gold_copper_zscore_504d,Tp50_lo,-0.0203,lte,P2_long_short,231,11,-1.1285,-23.97,-84.1,6.44,1566,False
gold_copper_mom_63d,Tp90_hi,61.1186,gte,P2_long_short,126,6,-1.1557,-24.43,-83.53,19.63,1566,False
gold_copper_pctrank_504d,Tp50_lo,0.5268,lte,P2_long_short,231,11,-1.1565,-24.44,-84.52,10.3,1566,False
gold_copper_roc_5d,Tp90_hi,4.3297,gte,P2_long_short,0,0,-1.1599,-24.46,-83.12,33.47,1566,False
gold_copper_roc_5d,Tp50_hi,0.0074,gte,P2_long_short,0,0,-1.1875,-24.91,-84.99,109.75,1566,False
gold_copper_zscore_126d,Tp90_hi,2.0703,gte,P2_long_short,0,0,-1.3368,-27.33,-86.34,17.38,1566,False
gold_copper_roc_5d,Tz1_hi,1.0,gte,P2_long_short,0,0,-1.4348,-28.88,-88.5,107.17,1566,False
gold_copper_roc_5d,Tp75_hi,2.0649,gte,P2_long_short,0,0,-1.5101,-30.04,-89.54,89.15,1566,False
gold_copper_roc_5d,Tfix07_hi,0.7,gte,P2_long_short,0,0,-1.5919,-31.28,-90.7,109.1,1566,False
BENCHMARK,,,,,,,0.6558,12.81,-42.33,0.0,1566,False
