signal,threshold,strategy,lookback,signal_column,lead_months,oos_sharpe,valid,lead_source
S1_level,T1_fixed_p25,P1_long_cash,LB_NA,umcsent,0,0.7678,True,pipeline
S1_level,T1_fixed_p25,P2_signal_strength,LB_NA,umcsent,0,0.3945,True,pipeline
S1_level,T1_fixed_p25,P3_long_short,LB_NA,umcsent,0,0.2254,True,pipeline
S1_level,T1_fixed_p50,P1_long_cash,LB_NA,umcsent,0,0.2555,True,pipeline
S1_level,T1_fixed_p50,P2_signal_strength,LB_NA,umcsent,0,0.3945,True,pipeline
S1_level,T1_fixed_p50,P3_long_short,LB_NA,umcsent,0,-0.4642,False,pipeline
S1_level,T1_fixed_p75,P1_long_cash,LB_NA,umcsent,0,-0.3362,False,pipeline
S1_level,T1_fixed_p75,P2_signal_strength,LB_NA,umcsent,0,0.3945,True,pipeline
S1_level,T1_fixed_p75,P3_long_short,LB_NA,umcsent,0,-0.9328,False,pipeline
S1_level,T2_roll_p25,P1_long_cash,LB_NA,umcsent,0,0.1488,True,pipeline
S1_level,T2_roll_p25,P2_signal_strength,LB_NA,umcsent,0,0.3945,True,pipeline
S1_level,T2_roll_p25,P3_long_short,LB_NA,umcsent,0,-0.5493,False,pipeline
S1_level,T2_roll_p50,P1_long_cash,LB_NA,umcsent,0,-0.1167,False,pipeline
S1_level,T2_roll_p50,P2_signal_strength,LB_NA,umcsent,0,0.3945,True,pipeline
S1_level,T2_roll_p50,P3_long_short,LB_NA,umcsent,0,-0.8213,False,pipeline
S1_level,T2_roll_p75,P1_long_cash,LB_NA,umcsent,0,-0.4044,False,pipeline
S1_level,T2_roll_p75,P2_signal_strength,LB_NA,umcsent,0,0.3945,True,pipeline
S1_level,T2_roll_p75,P3_long_short,LB_NA,umcsent,0,-0.9601,False,pipeline
S1_level,T3_zscore_1.0,P1_long_cash,LB_NA,umcsent,0,-0.2405,False,pipeline
S1_level,T3_zscore_1.0,P2_signal_strength,LB_NA,umcsent,0,0.3945,True,pipeline
S1_level,T3_zscore_1.0,P3_long_short,LB_NA,umcsent,0,-0.854,False,pipeline
S1_level,T3_zscore_neg_1.0,P1_long_cash,LB_NA,umcsent,0,0.4073,True,pipeline
S1_level,T3_zscore_neg_1.0,P2_signal_strength,LB_NA,umcsent,0,0.3945,True,pipeline
S1_level,T3_zscore_neg_1.0,P3_long_short,LB_NA,umcsent,0,-0.2276,False,pipeline
S1_level,T3_zscore_1.5,P1_long_cash,LB_NA,umcsent,0,-0.3849,False,pipeline
S1_level,T3_zscore_1.5,P2_signal_strength,LB_NA,umcsent,0,0.3945,True,pipeline
S1_level,T3_zscore_1.5,P3_long_short,LB_NA,umcsent,0,-0.7976,False,pipeline
S1_level,T3_zscore_neg_1.5,P1_long_cash,LB_NA,umcsent,0,0.5776,True,pipeline
S1_level,T3_zscore_neg_1.5,P2_signal_strength,LB_NA,umcsent,0,0.3945,True,pipeline
S1_level,T3_zscore_neg_1.5,P3_long_short,LB_NA,umcsent,0,0.0917,True,pipeline
S1_level,T3_zscore_2.0,P1_long_cash,LB_NA,umcsent,0,0.0,False,pipeline
S1_level,T3_zscore_2.0,P2_signal_strength,LB_NA,umcsent,0,0.3945,True,pipeline
S1_level,T3_zscore_2.0,P3_long_short,LB_NA,umcsent,0,-0.7164,False,pipeline
S1_level,T3_zscore_neg_2.0,P1_long_cash,LB_NA,umcsent,0,0.6984,True,pipeline
S1_level,T3_zscore_neg_2.0,P2_signal_strength,LB_NA,umcsent,0,0.3945,True,pipeline
S1_level,T3_zscore_neg_2.0,P3_long_short,LB_NA,umcsent,0,0.5374,True,pipeline
S1_level,T1_fixed_p25,P1_long_cash,LB_NA,umcsent,1,0.7213,True,pipeline
S1_level,T1_fixed_p25,P2_signal_strength,LB_NA,umcsent,1,0.5139,True,pipeline
S1_level,T1_fixed_p25,P3_long_short,LB_NA,umcsent,1,0.1703,True,pipeline
S1_level,T1_fixed_p50,P1_long_cash,LB_NA,umcsent,1,0.3188,True,pipeline
S1_level,T1_fixed_p50,P2_signal_strength,LB_NA,umcsent,1,0.5139,True,pipeline
S1_level,T1_fixed_p50,P3_long_short,LB_NA,umcsent,1,-0.3987,False,pipeline
S1_level,T1_fixed_p75,P1_long_cash,LB_NA,umcsent,1,0.0346,True,pipeline
S1_level,T1_fixed_p75,P2_signal_strength,LB_NA,umcsent,1,0.5139,True,pipeline
S1_level,T1_fixed_p75,P3_long_short,LB_NA,umcsent,1,-0.6853,False,pipeline
S1_level,T2_roll_p25,P1_long_cash,LB_NA,umcsent,1,0.1792,True,pipeline
S1_level,T2_roll_p25,P2_signal_strength,LB_NA,umcsent,1,0.5139,True,pipeline
S1_level,T2_roll_p25,P3_long_short,LB_NA,umcsent,1,-0.4863,False,pipeline
S1_level,T2_roll_p50,P1_long_cash,LB_NA,umcsent,1,0.0651,True,pipeline
S1_level,T2_roll_p50,P2_signal_strength,LB_NA,umcsent,1,0.5139,True,pipeline
S1_level,T2_roll_p50,P3_long_short,LB_NA,umcsent,1,-0.6458,False,pipeline
S1_level,T2_roll_p75,P1_long_cash,LB_NA,umcsent,1,-0.0618,False,pipeline
S1_level,T2_roll_p75,P2_signal_strength,LB_NA,umcsent,1,0.5139,True,pipeline
S1_level,T2_roll_p75,P3_long_short,LB_NA,umcsent,1,-0.7669,False,pipeline
S1_level,T3_zscore_1.0,P1_long_cash,LB_NA,umcsent,1,0.0128,True,pipeline
S1_level,T3_zscore_1.0,P2_signal_strength,LB_NA,umcsent,1,0.5139,True,pipeline
S1_level,T3_zscore_1.0,P3_long_short,LB_NA,umcsent,1,-0.7061,False,pipeline
S1_level,T3_zscore_neg_1.0,P1_long_cash,LB_NA,umcsent,1,0.451,True,pipeline
S1_level,T3_zscore_neg_1.0,P2_signal_strength,LB_NA,umcsent,1,0.5139,True,pipeline
S1_level,T3_zscore_neg_1.0,P3_long_short,LB_NA,umcsent,1,-0.119,False,pipeline
S1_level,T3_zscore_1.5,P1_long_cash,LB_NA,umcsent,1,0.3849,True,pipeline
S1_level,T3_zscore_1.5,P2_signal_strength,LB_NA,umcsent,1,0.5139,True,pipeline
S1_level,T3_zscore_1.5,P3_long_short,LB_NA,umcsent,1,-0.4603,False,pipeline
S1_level,T3_zscore_neg_1.5,P1_long_cash,LB_NA,umcsent,1,0.5372,True,pipeline
S1_level,T3_zscore_neg_1.5,P2_signal_strength,LB_NA,umcsent,1,0.5139,True,pipeline
S1_level,T3_zscore_neg_1.5,P3_long_short,LB_NA,umcsent,1,0.1268,True,pipeline
S1_level,T3_zscore_2.0,P1_long_cash,LB_NA,umcsent,1,0.0,False,pipeline
S1_level,T3_zscore_2.0,P2_signal_strength,LB_NA,umcsent,1,0.5139,True,pipeline
S1_level,T3_zscore_2.0,P3_long_short,LB_NA,umcsent,1,-0.7164,False,pipeline
S1_level,T3_zscore_neg_2.0,P1_long_cash,LB_NA,umcsent,1,0.8217,True,pipeline
S1_level,T3_zscore_neg_2.0,P2_signal_strength,LB_NA,umcsent,1,0.5139,True,pipeline
S1_level,T3_zscore_neg_2.0,P3_long_short,LB_NA,umcsent,1,0.7845,True,pipeline
S1_level,T1_fixed_p25,P1_long_cash,LB_NA,umcsent,2,0.5754,True,pipeline
S1_level,T1_fixed_p25,P2_signal_strength,LB_NA,umcsent,2,0.6052,True,pipeline
S1_level,T1_fixed_p25,P3_long_short,LB_NA,umcsent,2,-0.0198,False,pipeline
S1_level,T1_fixed_p50,P1_long_cash,LB_NA,umcsent,2,0.2666,True,pipeline
S1_level,T1_fixed_p50,P2_signal_strength,LB_NA,umcsent,2,0.6052,True,pipeline
S1_level,T1_fixed_p50,P3_long_short,LB_NA,umcsent,2,-0.4473,False,pipeline
S1_level,T1_fixed_p75,P1_long_cash,LB_NA,umcsent,2,0.3282,True,pipeline
S1_level,T1_fixed_p75,P2_signal_strength,LB_NA,umcsent,2,0.6052,True,pipeline
S1_level,T1_fixed_p75,P3_long_short,LB_NA,umcsent,2,-0.4161,False,pipeline
S1_level,T2_roll_p25,P1_long_cash,LB_NA,umcsent,2,0.2306,True,pipeline
S1_level,T2_roll_p25,P2_signal_strength,LB_NA,umcsent,2,0.6052,True,pipeline
S1_level,T2_roll_p25,P3_long_short,LB_NA,umcsent,2,-0.4088,False,pipeline
S1_level,T2_roll_p50,P1_long_cash,LB_NA,umcsent,2,0.3716,True,pipeline
S1_level,T2_roll_p50,P2_signal_strength,LB_NA,umcsent,2,0.6052,True,pipeline
S1_level,T2_roll_p50,P3_long_short,LB_NA,umcsent,2,-0.3237,False,pipeline
S1_level,T2_roll_p75,P1_long_cash,LB_NA,umcsent,2,0.559,True,pipeline
S1_level,T2_roll_p75,P2_signal_strength,LB_NA,umcsent,2,0.6052,True,pipeline
S1_level,T2_roll_p75,P3_long_short,LB_NA,umcsent,2,-0.254,False,pipeline
S1_level,T3_zscore_1.0,P1_long_cash,LB_NA,umcsent,2,0.3221,True,pipeline
S1_level,T3_zscore_1.0,P2_signal_strength,LB_NA,umcsent,2,0.6052,True,pipeline
S1_level,T3_zscore_1.0,P3_long_short,LB_NA,umcsent,2,-0.4842,False,pipeline
S1_level,T3_zscore_neg_1.0,P1_long_cash,LB_NA,umcsent,2,0.2023,True,pipeline
S1_level,T3_zscore_neg_1.0,P2_signal_strength,LB_NA,umcsent,2,0.6052,True,pipeline
S1_level,T3_zscore_neg_1.0,P3_long_short,LB_NA,umcsent,2,-0.426,False,pipeline
S1_level,T3_zscore_1.5,P1_long_cash,LB_NA,umcsent,2,0.3849,True,pipeline
S1_level,T3_zscore_1.5,P2_signal_strength,LB_NA,umcsent,2,0.6052,True,pipeline
S1_level,T3_zscore_1.5,P3_long_short,LB_NA,umcsent,2,-0.6485,False,pipeline
S1_level,T3_zscore_neg_1.5,P1_long_cash,LB_NA,umcsent,2,0.6448,True,pipeline
S1_level,T3_zscore_neg_1.5,P2_signal_strength,LB_NA,umcsent,2,0.6052,True,pipeline
S1_level,T3_zscore_neg_1.5,P3_long_short,LB_NA,umcsent,2,0.2819,True,pipeline
S1_level,T3_zscore_2.0,P1_long_cash,LB_NA,umcsent,2,0.0,False,pipeline
S1_level,T3_zscore_2.0,P2_signal_strength,LB_NA,umcsent,2,0.6052,True,pipeline
S1_level,T3_zscore_2.0,P3_long_short,LB_NA,umcsent,2,-0.7164,False,pipeline
S1_level,T3_zscore_neg_2.0,P1_long_cash,LB_NA,umcsent,2,0.809,True,pipeline
S1_level,T3_zscore_neg_2.0,P2_signal_strength,LB_NA,umcsent,2,0.6052,True,pipeline
S1_level,T3_zscore_neg_2.0,P3_long_short,LB_NA,umcsent,2,0.7298,True,pipeline
S1_level,T1_fixed_p25,P1_long_cash,LB_NA,umcsent,3,0.6778,True,pipeline
S1_level,T1_fixed_p25,P2_signal_strength,LB_NA,umcsent,3,0.5179,True,pipeline
S1_level,T1_fixed_p25,P3_long_short,LB_NA,umcsent,3,0.121,True,pipeline
S1_level,T1_fixed_p50,P1_long_cash,LB_NA,umcsent,3,0.3628,True,pipeline
S1_level,T1_fixed_p50,P2_signal_strength,LB_NA,umcsent,3,0.5179,True,pipeline
S1_level,T1_fixed_p50,P3_long_short,LB_NA,umcsent,3,-0.339,False,pipeline
S1_level,T1_fixed_p75,P1_long_cash,LB_NA,umcsent,3,0.3547,True,pipeline
S1_level,T1_fixed_p75,P2_signal_strength,LB_NA,umcsent,3,0.5179,True,pipeline
S1_level,T1_fixed_p75,P3_long_short,LB_NA,umcsent,3,-0.4193,False,pipeline
S1_level,T2_roll_p25,P1_long_cash,LB_NA,umcsent,3,0.369,True,pipeline
S1_level,T2_roll_p25,P2_signal_strength,LB_NA,umcsent,3,0.5179,True,pipeline
S1_level,T2_roll_p25,P3_long_short,LB_NA,umcsent,3,-0.1989,False,pipeline
S1_level,T2_roll_p50,P1_long_cash,LB_NA,umcsent,3,0.3535,True,pipeline
S1_level,T2_roll_p50,P2_signal_strength,LB_NA,umcsent,3,0.5179,True,pipeline
S1_level,T2_roll_p50,P3_long_short,LB_NA,umcsent,3,-0.3716,False,pipeline
S1_level,T2_roll_p75,P1_long_cash,LB_NA,umcsent,3,0.4803,True,pipeline
S1_level,T2_roll_p75,P2_signal_strength,LB_NA,umcsent,3,0.5179,True,pipeline
S1_level,T2_roll_p75,P3_long_short,LB_NA,umcsent,3,-0.3305,False,pipeline
S1_level,T3_zscore_1.0,P1_long_cash,LB_NA,umcsent,3,0.3876,True,pipeline
S1_level,T3_zscore_1.0,P2_signal_strength,LB_NA,umcsent,3,0.5179,True,pipeline
S1_level,T3_zscore_1.0,P3_long_short,LB_NA,umcsent,3,-0.4455,False,pipeline
S1_level,T3_zscore_neg_1.0,P1_long_cash,LB_NA,umcsent,3,0.6195,True,pipeline
S1_level,T3_zscore_neg_1.0,P2_signal_strength,LB_NA,umcsent,3,0.5179,True,pipeline
S1_level,T3_zscore_neg_1.0,P3_long_short,LB_NA,umcsent,3,0.1945,True,pipeline
S1_level,T3_zscore_1.5,P1_long_cash,LB_NA,umcsent,3,-0.3849,False,pipeline
S1_level,T3_zscore_1.5,P2_signal_strength,LB_NA,umcsent,3,0.5179,True,pipeline
S1_level,T3_zscore_1.5,P3_long_short,LB_NA,umcsent,3,-0.7673,False,pipeline
S1_level,T3_zscore_neg_1.5,P1_long_cash,LB_NA,umcsent,3,0.4466,True,pipeline
S1_level,T3_zscore_neg_1.5,P2_signal_strength,LB_NA,umcsent,3,0.5179,True,pipeline
S1_level,T3_zscore_neg_1.5,P3_long_short,LB_NA,umcsent,3,-0.0103,False,pipeline
S1_level,T3_zscore_2.0,P1_long_cash,LB_NA,umcsent,3,0.0,False,pipeline
S1_level,T3_zscore_2.0,P2_signal_strength,LB_NA,umcsent,3,0.5179,True,pipeline
S1_level,T3_zscore_2.0,P3_long_short,LB_NA,umcsent,3,-0.7164,False,pipeline
S1_level,T3_zscore_neg_2.0,P1_long_cash,LB_NA,umcsent,3,0.3462,True,pipeline
S1_level,T3_zscore_neg_2.0,P2_signal_strength,LB_NA,umcsent,3,0.5179,True,pipeline
S1_level,T3_zscore_neg_2.0,P3_long_short,LB_NA,umcsent,3,-0.1016,False,pipeline
S1_level,T1_fixed_p25,P1_long_cash,LB_NA,umcsent,4,0.8801,True,pipeline
S1_level,T1_fixed_p25,P2_signal_strength,LB_NA,umcsent,4,0.7376,True,pipeline
S1_level,T1_fixed_p25,P3_long_short,LB_NA,umcsent,4,0.4703,True,pipeline
S1_level,T1_fixed_p50,P1_long_cash,LB_NA,umcsent,4,0.4102,True,pipeline
S1_level,T1_fixed_p50,P2_signal_strength,LB_NA,umcsent,4,0.7376,True,pipeline
S1_level,T1_fixed_p50,P3_long_short,LB_NA,umcsent,4,-0.288,False,pipeline
S1_level,T1_fixed_p75,P1_long_cash,LB_NA,umcsent,4,0.6229,True,pipeline
S1_level,T1_fixed_p75,P2_signal_strength,LB_NA,umcsent,4,0.7376,True,pipeline
S1_level,T1_fixed_p75,P3_long_short,LB_NA,umcsent,4,-0.1785,False,pipeline
S1_level,T2_roll_p25,P1_long_cash,LB_NA,umcsent,4,0.4083,True,pipeline
S1_level,T2_roll_p25,P2_signal_strength,LB_NA,umcsent,4,0.7376,True,pipeline
S1_level,T2_roll_p25,P3_long_short,LB_NA,umcsent,4,-0.1797,False,pipeline
S1_level,T2_roll_p50,P1_long_cash,LB_NA,umcsent,4,0.5195,True,pipeline
S1_level,T2_roll_p50,P2_signal_strength,LB_NA,umcsent,4,0.7376,True,pipeline
S1_level,T2_roll_p50,P3_long_short,LB_NA,umcsent,4,-0.1972,False,pipeline
S1_level,T2_roll_p75,P1_long_cash,LB_NA,umcsent,4,0.5022,True,pipeline
S1_level,T2_roll_p75,P2_signal_strength,LB_NA,umcsent,4,0.7376,True,pipeline
S1_level,T2_roll_p75,P3_long_short,LB_NA,umcsent,4,-0.4245,False,pipeline
S1_level,T3_zscore_1.0,P1_long_cash,LB_NA,umcsent,4,0.518,True,pipeline
S1_level,T3_zscore_1.0,P2_signal_strength,LB_NA,umcsent,4,0.7376,True,pipeline
S1_level,T3_zscore_1.0,P3_long_short,LB_NA,umcsent,4,-0.4835,False,pipeline
S1_level,T3_zscore_neg_1.0,P1_long_cash,LB_NA,umcsent,4,0.5273,True,pipeline
S1_level,T3_zscore_neg_1.0,P2_signal_strength,LB_NA,umcsent,4,0.7376,True,pipeline
S1_level,T3_zscore_neg_1.0,P3_long_short,LB_NA,umcsent,4,0.0525,True,pipeline
S1_level,T3_zscore_1.5,P1_long_cash,LB_NA,umcsent,4,0.3849,True,pipeline
S1_level,T3_zscore_1.5,P2_signal_strength,LB_NA,umcsent,4,0.7376,True,pipeline
S1_level,T3_zscore_1.5,P3_long_short,LB_NA,umcsent,4,-0.6042,False,pipeline
S1_level,T3_zscore_neg_1.5,P1_long_cash,LB_NA,umcsent,4,0.5253,True,pipeline
S1_level,T3_zscore_neg_1.5,P2_signal_strength,LB_NA,umcsent,4,0.7376,True,pipeline
S1_level,T3_zscore_neg_1.5,P3_long_short,LB_NA,umcsent,4,0.1481,True,pipeline
S1_level,T3_zscore_2.0,P1_long_cash,LB_NA,umcsent,4,0.0,False,pipeline
S1_level,T3_zscore_2.0,P2_signal_strength,LB_NA,umcsent,4,0.7376,True,pipeline
S1_level,T3_zscore_2.0,P3_long_short,LB_NA,umcsent,4,-0.7164,False,pipeline
S1_level,T3_zscore_neg_2.0,P1_long_cash,LB_NA,umcsent,4,0.739,True,pipeline
S1_level,T3_zscore_neg_2.0,P2_signal_strength,LB_NA,umcsent,4,0.7376,True,pipeline
S1_level,T3_zscore_neg_2.0,P3_long_short,LB_NA,umcsent,4,0.5758,True,pipeline
S1_level,T1_fixed_p25,P1_long_cash,LB_NA,umcsent,5,0.6053,True,pipeline
S1_level,T1_fixed_p25,P2_signal_strength,LB_NA,umcsent,5,0.7367,True,pipeline
S1_level,T1_fixed_p25,P3_long_short,LB_NA,umcsent,5,0.1243,True,pipeline
S1_level,T1_fixed_p50,P1_long_cash,LB_NA,umcsent,5,0.3655,True,pipeline
S1_level,T1_fixed_p50,P2_signal_strength,LB_NA,umcsent,5,0.7367,True,pipeline
S1_level,T1_fixed_p50,P3_long_short,LB_NA,umcsent,5,-0.331,False,pipeline
S1_level,T1_fixed_p75,P1_long_cash,LB_NA,umcsent,5,0.7221,True,pipeline
S1_level,T1_fixed_p75,P2_signal_strength,LB_NA,umcsent,5,0.7367,True,pipeline
S1_level,T1_fixed_p75,P3_long_short,LB_NA,umcsent,5,-0.04,False,pipeline
S1_level,T2_roll_p25,P1_long_cash,LB_NA,umcsent,5,0.5472,True,pipeline
S1_level,T2_roll_p25,P2_signal_strength,LB_NA,umcsent,5,0.7367,True,pipeline
S1_level,T2_roll_p25,P3_long_short,LB_NA,umcsent,5,-0.0169,False,pipeline
S1_level,T2_roll_p50,P1_long_cash,LB_NA,umcsent,5,0.274,True,pipeline
S1_level,T2_roll_p50,P2_signal_strength,LB_NA,umcsent,5,0.7367,True,pipeline
S1_level,T2_roll_p50,P3_long_short,LB_NA,umcsent,5,-0.466,False,pipeline
S1_level,T2_roll_p75,P1_long_cash,LB_NA,umcsent,5,0.4186,True,pipeline
S1_level,T2_roll_p75,P2_signal_strength,LB_NA,umcsent,5,0.7367,True,pipeline
S1_level,T2_roll_p75,P3_long_short,LB_NA,umcsent,5,-0.4528,False,pipeline
S1_level,T3_zscore_1.0,P1_long_cash,LB_NA,umcsent,5,0.3507,True,pipeline
S1_level,T3_zscore_1.0,P2_signal_strength,LB_NA,umcsent,5,0.7367,True,pipeline
S1_level,T3_zscore_1.0,P3_long_short,LB_NA,umcsent,5,-0.5548,False,pipeline
S1_level,T3_zscore_neg_1.0,P1_long_cash,LB_NA,umcsent,5,0.5689,True,pipeline
S1_level,T3_zscore_neg_1.0,P2_signal_strength,LB_NA,umcsent,5,0.7367,True,pipeline
S1_level,T3_zscore_neg_1.0,P3_long_short,LB_NA,umcsent,5,0.108,True,pipeline
S1_level,T3_zscore_1.5,P1_long_cash,LB_NA,umcsent,5,0.3849,True,pipeline
S1_level,T3_zscore_1.5,P2_signal_strength,LB_NA,umcsent,5,0.7367,True,pipeline
S1_level,T3_zscore_1.5,P3_long_short,LB_NA,umcsent,5,-0.663,False,pipeline
S1_level,T3_zscore_neg_1.5,P1_long_cash,LB_NA,umcsent,5,0.4155,True,pipeline
S1_level,T3_zscore_neg_1.5,P2_signal_strength,LB_NA,umcsent,5,0.7367,True,pipeline
S1_level,T3_zscore_neg_1.5,P3_long_short,LB_NA,umcsent,5,-0.0444,False,pipeline
S1_level,T3_zscore_2.0,P1_long_cash,LB_NA,umcsent,5,0.0,False,pipeline
S1_level,T3_zscore_2.0,P2_signal_strength,LB_NA,umcsent,5,0.7367,True,pipeline
S1_level,T3_zscore_2.0,P3_long_short,LB_NA,umcsent,5,-0.7164,False,pipeline
S1_level,T3_zscore_neg_2.0,P1_long_cash,LB_NA,umcsent,5,0.7015,True,pipeline
S1_level,T3_zscore_neg_2.0,P2_signal_strength,LB_NA,umcsent,5,0.7367,True,pipeline
S1_level,T3_zscore_neg_2.0,P3_long_short,LB_NA,umcsent,5,0.598,True,pipeline
S1_level,T1_fixed_p25,P1_long_cash,LB_NA,umcsent,6,0.4182,True,pipeline
S1_level,T1_fixed_p25,P2_signal_strength,LB_NA,umcsent,6,0.4618,True,pipeline
S1_level,T1_fixed_p25,P3_long_short,LB_NA,umcsent,6,-0.135,False,pipeline
S1_level,T1_fixed_p50,P1_long_cash,LB_NA,umcsent,6,0.2909,True,pipeline
S1_level,T1_fixed_p50,P2_signal_strength,LB_NA,umcsent,6,0.4618,True,pipeline
S1_level,T1_fixed_p50,P3_long_short,LB_NA,umcsent,6,-0.4027,False,pipeline
S1_level,T1_fixed_p75,P1_long_cash,LB_NA,umcsent,6,0.2807,True,pipeline
S1_level,T1_fixed_p75,P2_signal_strength,LB_NA,umcsent,6,0.4618,True,pipeline
S1_level,T1_fixed_p75,P3_long_short,LB_NA,umcsent,6,-0.4901,False,pipeline
S1_level,T2_roll_p25,P1_long_cash,LB_NA,umcsent,6,0.3305,True,pipeline
S1_level,T2_roll_p25,P2_signal_strength,LB_NA,umcsent,6,0.4618,True,pipeline
S1_level,T2_roll_p25,P3_long_short,LB_NA,umcsent,6,-0.2692,False,pipeline
S1_level,T2_roll_p50,P1_long_cash,LB_NA,umcsent,6,0.1155,True,pipeline
S1_level,T2_roll_p50,P2_signal_strength,LB_NA,umcsent,6,0.4618,True,pipeline
S1_level,T2_roll_p50,P3_long_short,LB_NA,umcsent,6,-0.6013,False,pipeline
S1_level,T2_roll_p75,P1_long_cash,LB_NA,umcsent,6,0.1464,True,pipeline
S1_level,T2_roll_p75,P2_signal_strength,LB_NA,umcsent,6,0.4618,True,pipeline
S1_level,T2_roll_p75,P3_long_short,LB_NA,umcsent,6,-0.6084,False,pipeline
S1_level,T3_zscore_1.0,P1_long_cash,LB_NA,umcsent,6,0.2085,True,pipeline
S1_level,T3_zscore_1.0,P2_signal_strength,LB_NA,umcsent,6,0.4618,True,pipeline
S1_level,T3_zscore_1.0,P3_long_short,LB_NA,umcsent,6,-0.6257,False,pipeline
S1_level,T3_zscore_neg_1.0,P1_long_cash,LB_NA,umcsent,6,0.2734,True,pipeline
S1_level,T3_zscore_neg_1.0,P2_signal_strength,LB_NA,umcsent,6,0.4618,True,pipeline
S1_level,T3_zscore_neg_1.0,P3_long_short,LB_NA,umcsent,6,-0.3168,False,pipeline
S1_level,T3_zscore_1.5,P1_long_cash,LB_NA,umcsent,6,-0.3849,False,pipeline
S1_level,T3_zscore_1.5,P2_signal_strength,LB_NA,umcsent,6,0.4618,True,pipeline
S1_level,T3_zscore_1.5,P3_long_short,LB_NA,umcsent,6,-0.7618,False,pipeline
S1_level,T3_zscore_neg_1.5,P1_long_cash,LB_NA,umcsent,6,0.4551,True,pipeline
S1_level,T3_zscore_neg_1.5,P2_signal_strength,LB_NA,umcsent,6,0.4618,True,pipeline
S1_level,T3_zscore_neg_1.5,P3_long_short,LB_NA,umcsent,6,0.006,True,pipeline
S1_level,T3_zscore_2.0,P1_long_cash,LB_NA,umcsent,6,0.0,False,pipeline
S1_level,T3_zscore_2.0,P2_signal_strength,LB_NA,umcsent,6,0.4618,True,pipeline
S1_level,T3_zscore_2.0,P3_long_short,LB_NA,umcsent,6,-0.7164,False,pipeline
S1_level,T3_zscore_neg_2.0,P1_long_cash,LB_NA,umcsent,6,0.6482,True,pipeline
S1_level,T3_zscore_neg_2.0,P2_signal_strength,LB_NA,umcsent,6,0.4618,True,pipeline
S1_level,T3_zscore_neg_2.0,P3_long_short,LB_NA,umcsent,6,0.4431,True,pipeline
S1_level,T1_fixed_p25,P1_long_cash,LB_NA,umcsent,7,0.3233,True,pipeline
S1_level,T1_fixed_p25,P2_signal_strength,LB_NA,umcsent,7,0.2684,True,pipeline
S1_level,T1_fixed_p25,P3_long_short,LB_NA,umcsent,7,-0.234,False,pipeline
S1_level,T1_fixed_p50,P1_long_cash,LB_NA,umcsent,7,0.4117,True,pipeline
S1_level,T1_fixed_p50,P2_signal_strength,LB_NA,umcsent,7,0.2684,True,pipeline
S1_level,T1_fixed_p50,P3_long_short,LB_NA,umcsent,7,-0.2458,False,pipeline
S1_level,T1_fixed_p75,P1_long_cash,LB_NA,umcsent,7,-0.1393,False,pipeline
S1_level,T1_fixed_p75,P2_signal_strength,LB_NA,umcsent,7,0.2684,True,pipeline
S1_level,T1_fixed_p75,P3_long_short,LB_NA,umcsent,7,-0.83,False,pipeline
S1_level,T2_roll_p25,P1_long_cash,LB_NA,umcsent,7,0.039,True,pipeline
S1_level,T2_roll_p25,P2_signal_strength,LB_NA,umcsent,7,0.2684,True,pipeline
S1_level,T2_roll_p25,P3_long_short,LB_NA,umcsent,7,-0.6675,False,pipeline
S1_level,T2_roll_p50,P1_long_cash,LB_NA,umcsent,7,-0.1951,False,pipeline
S1_level,T2_roll_p50,P2_signal_strength,LB_NA,umcsent,7,0.2684,True,pipeline
S1_level,T2_roll_p50,P3_long_short,LB_NA,umcsent,7,-0.9106,False,pipeline
S1_level,T2_roll_p75,P1_long_cash,LB_NA,umcsent,7,-0.2733,False,pipeline
S1_level,T2_roll_p75,P2_signal_strength,LB_NA,umcsent,7,0.2684,True,pipeline
S1_level,T2_roll_p75,P3_long_short,LB_NA,umcsent,7,-0.9106,False,pipeline
S1_level,T3_zscore_1.0,P1_long_cash,LB_NA,umcsent,7,-0.0645,False,pipeline
S1_level,T3_zscore_1.0,P2_signal_strength,LB_NA,umcsent,7,0.2684,True,pipeline
S1_level,T3_zscore_1.0,P3_long_short,LB_NA,umcsent,7,-0.7478,False,pipeline
S1_level,T3_zscore_neg_1.0,P1_long_cash,LB_NA,umcsent,7,0.1358,True,pipeline
S1_level,T3_zscore_neg_1.0,P2_signal_strength,LB_NA,umcsent,7,0.2684,True,pipeline
S1_level,T3_zscore_neg_1.0,P3_long_short,LB_NA,umcsent,7,-0.5306,False,pipeline
S1_level,T3_zscore_1.5,P1_long_cash,LB_NA,umcsent,7,-0.3849,False,pipeline
S1_level,T3_zscore_1.5,P2_signal_strength,LB_NA,umcsent,7,0.2684,True,pipeline
S1_level,T3_zscore_1.5,P3_long_short,LB_NA,umcsent,7,-0.7921,False,pipeline
S1_level,T3_zscore_neg_1.5,P1_long_cash,LB_NA,umcsent,7,0.4946,True,pipeline
S1_level,T3_zscore_neg_1.5,P2_signal_strength,LB_NA,umcsent,7,0.2684,True,pipeline
S1_level,T3_zscore_neg_1.5,P3_long_short,LB_NA,umcsent,7,0.1076,True,pipeline
S1_level,T3_zscore_2.0,P1_long_cash,LB_NA,umcsent,7,0.0,False,pipeline
S1_level,T3_zscore_2.0,P2_signal_strength,LB_NA,umcsent,7,0.2684,True,pipeline
S1_level,T3_zscore_2.0,P3_long_short,LB_NA,umcsent,7,-0.7164,False,pipeline
S1_level,T3_zscore_neg_2.0,P1_long_cash,LB_NA,umcsent,7,0.5429,True,pipeline
S1_level,T3_zscore_neg_2.0,P2_signal_strength,LB_NA,umcsent,7,0.2684,True,pipeline
S1_level,T3_zscore_neg_2.0,P3_long_short,LB_NA,umcsent,7,0.2768,True,pipeline
S1_level,T1_fixed_p25,P1_long_cash,LB_NA,umcsent,8,0.4569,True,pipeline
S1_level,T1_fixed_p25,P2_signal_strength,LB_NA,umcsent,8,0.458,True,pipeline
S1_level,T1_fixed_p25,P3_long_short,LB_NA,umcsent,8,-0.0079,False,pipeline
S1_level,T1_fixed_p50,P1_long_cash,LB_NA,umcsent,8,0.4725,True,pipeline
S1_level,T1_fixed_p50,P2_signal_strength,LB_NA,umcsent,8,0.458,True,pipeline
S1_level,T1_fixed_p50,P3_long_short,LB_NA,umcsent,8,-0.1715,False,pipeline
S1_level,T1_fixed_p75,P1_long_cash,LB_NA,umcsent,8,0.2351,True,pipeline
S1_level,T1_fixed_p75,P2_signal_strength,LB_NA,umcsent,8,0.458,True,pipeline
S1_level,T1_fixed_p75,P3_long_short,LB_NA,umcsent,8,-0.463,False,pipeline
S1_level,T2_roll_p25,P1_long_cash,LB_NA,umcsent,8,0.3145,True,pipeline
S1_level,T2_roll_p25,P2_signal_strength,LB_NA,umcsent,8,0.458,True,pipeline
S1_level,T2_roll_p25,P3_long_short,LB_NA,umcsent,8,-0.2485,False,pipeline
S1_level,T2_roll_p50,P1_long_cash,LB_NA,umcsent,8,0.1763,True,pipeline
S1_level,T2_roll_p50,P2_signal_strength,LB_NA,umcsent,8,0.458,True,pipeline
S1_level,T2_roll_p50,P3_long_short,LB_NA,umcsent,8,-0.4973,False,pipeline
S1_level,T2_roll_p75,P1_long_cash,LB_NA,umcsent,8,0.1867,True,pipeline
S1_level,T2_roll_p75,P2_signal_strength,LB_NA,umcsent,8,0.458,True,pipeline
S1_level,T2_roll_p75,P3_long_short,LB_NA,umcsent,8,-0.5264,False,pipeline
S1_level,T3_zscore_1.0,P1_long_cash,LB_NA,umcsent,8,0.0157,True,pipeline
S1_level,T3_zscore_1.0,P2_signal_strength,LB_NA,umcsent,8,0.458,True,pipeline
S1_level,T3_zscore_1.0,P3_long_short,LB_NA,umcsent,8,-0.7053,False,pipeline
S1_level,T3_zscore_neg_1.0,P1_long_cash,LB_NA,umcsent,8,0.5062,True,pipeline
S1_level,T3_zscore_neg_1.0,P2_signal_strength,LB_NA,umcsent,8,0.458,True,pipeline
S1_level,T3_zscore_neg_1.0,P3_long_short,LB_NA,umcsent,8,0.11,True,pipeline
S1_level,T3_zscore_1.5,P1_long_cash,LB_NA,umcsent,8,0.3849,True,pipeline
S1_level,T3_zscore_1.5,P2_signal_strength,LB_NA,umcsent,8,0.458,True,pipeline
S1_level,T3_zscore_1.5,P3_long_short,LB_NA,umcsent,8,-0.5536,False,pipeline
S1_level,T3_zscore_neg_1.5,P1_long_cash,LB_NA,umcsent,8,0.5472,True,pipeline
S1_level,T3_zscore_neg_1.5,P2_signal_strength,LB_NA,umcsent,8,0.458,True,pipeline
S1_level,T3_zscore_neg_1.5,P3_long_short,LB_NA,umcsent,8,0.2246,True,pipeline
S1_level,T3_zscore_2.0,P1_long_cash,LB_NA,umcsent,8,0.0,False,pipeline
S1_level,T3_zscore_2.0,P2_signal_strength,LB_NA,umcsent,8,0.458,True,pipeline
S1_level,T3_zscore_2.0,P3_long_short,LB_NA,umcsent,8,-0.7164,False,pipeline
S1_level,T3_zscore_neg_2.0,P1_long_cash,LB_NA,umcsent,8,0.5543,True,pipeline
S1_level,T3_zscore_neg_2.0,P2_signal_strength,LB_NA,umcsent,8,0.458,True,pipeline
S1_level,T3_zscore_neg_2.0,P3_long_short,LB_NA,umcsent,8,0.3069,True,pipeline
S1_level,T1_fixed_p25,P1_long_cash,LB_NA,umcsent,9,0.5494,True,pipeline
S1_level,T1_fixed_p25,P2_signal_strength,LB_NA,umcsent,9,0.6064,True,pipeline
S1_level,T1_fixed_p25,P3_long_short,LB_NA,umcsent,9,0.1195,True,pipeline
S1_level,T1_fixed_p50,P1_long_cash,LB_NA,umcsent,9,0.4963,True,pipeline
S1_level,T1_fixed_p50,P2_signal_strength,LB_NA,umcsent,9,0.6064,True,pipeline
S1_level,T1_fixed_p50,P3_long_short,LB_NA,umcsent,9,-0.1441,False,pipeline
S1_level,T1_fixed_p75,P1_long_cash,LB_NA,umcsent,9,0.294,True,pipeline
S1_level,T1_fixed_p75,P2_signal_strength,LB_NA,umcsent,9,0.6064,True,pipeline
S1_level,T1_fixed_p75,P3_long_short,LB_NA,umcsent,9,-0.3976,False,pipeline
S1_level,T2_roll_p25,P1_long_cash,LB_NA,umcsent,9,0.5632,True,pipeline
S1_level,T2_roll_p25,P2_signal_strength,LB_NA,umcsent,9,0.6064,True,pipeline
S1_level,T2_roll_p25,P3_long_short,LB_NA,umcsent,9,0.1032,True,pipeline
S1_level,T2_roll_p50,P1_long_cash,LB_NA,umcsent,9,0.5456,True,pipeline
S1_level,T2_roll_p50,P2_signal_strength,LB_NA,umcsent,9,0.6064,True,pipeline
S1_level,T2_roll_p50,P3_long_short,LB_NA,umcsent,9,-0.0109,False,pipeline
S1_level,T2_roll_p75,P1_long_cash,LB_NA,umcsent,9,0.3271,True,pipeline
S1_level,T2_roll_p75,P2_signal_strength,LB_NA,umcsent,9,0.6064,True,pipeline
S1_level,T2_roll_p75,P3_long_short,LB_NA,umcsent,9,-0.4059,False,pipeline
S1_level,T3_zscore_1.0,P1_long_cash,LB_NA,umcsent,9,-0.0244,False,pipeline
S1_level,T3_zscore_1.0,P2_signal_strength,LB_NA,umcsent,9,0.6064,True,pipeline
S1_level,T3_zscore_1.0,P3_long_short,LB_NA,umcsent,9,-0.7307,False,pipeline
S1_level,T3_zscore_neg_1.0,P1_long_cash,LB_NA,umcsent,9,0.4123,True,pipeline
S1_level,T3_zscore_neg_1.0,P2_signal_strength,LB_NA,umcsent,9,0.6064,True,pipeline
S1_level,T3_zscore_neg_1.0,P3_long_short,LB_NA,umcsent,9,-0.0592,False,pipeline
S1_level,T3_zscore_1.5,P1_long_cash,LB_NA,umcsent,9,0.3849,True,pipeline
S1_level,T3_zscore_1.5,P2_signal_strength,LB_NA,umcsent,9,0.6064,True,pipeline
S1_level,T3_zscore_1.5,P3_long_short,LB_NA,umcsent,9,-0.6381,False,pipeline
S1_level,T3_zscore_neg_1.5,P1_long_cash,LB_NA,umcsent,9,0.5569,True,pipeline
S1_level,T3_zscore_neg_1.5,P2_signal_strength,LB_NA,umcsent,9,0.6064,True,pipeline
S1_level,T3_zscore_neg_1.5,P3_long_short,LB_NA,umcsent,9,0.2094,True,pipeline
S1_level,T3_zscore_2.0,P1_long_cash,LB_NA,umcsent,9,0.0,False,pipeline
S1_level,T3_zscore_2.0,P2_signal_strength,LB_NA,umcsent,9,0.6064,True,pipeline
S1_level,T3_zscore_2.0,P3_long_short,LB_NA,umcsent,9,-0.7164,False,pipeline
S1_level,T3_zscore_neg_2.0,P1_long_cash,LB_NA,umcsent,9,0.7401,True,pipeline
S1_level,T3_zscore_neg_2.0,P2_signal_strength,LB_NA,umcsent,9,0.6064,True,pipeline
S1_level,T3_zscore_neg_2.0,P3_long_short,LB_NA,umcsent,9,0.6865,True,pipeline
S1_level,T1_fixed_p25,P1_long_cash,LB_NA,umcsent,10,0.3739,True,pipeline
S1_level,T1_fixed_p25,P2_signal_strength,LB_NA,umcsent,10,0.6259,True,pipeline
S1_level,T1_fixed_p25,P3_long_short,LB_NA,umcsent,10,-0.1464,False,pipeline
S1_level,T1_fixed_p50,P1_long_cash,LB_NA,umcsent,10,0.5404,True,pipeline
S1_level,T1_fixed_p50,P2_signal_strength,LB_NA,umcsent,10,0.6259,True,pipeline
S1_level,T1_fixed_p50,P3_long_short,LB_NA,umcsent,10,-0.0732,False,pipeline
S1_level,T1_fixed_p75,P1_long_cash,LB_NA,umcsent,10,0.3622,True,pipeline
S1_level,T1_fixed_p75,P2_signal_strength,LB_NA,umcsent,10,0.6259,True,pipeline
S1_level,T1_fixed_p75,P3_long_short,LB_NA,umcsent,10,-0.3176,False,pipeline
S1_level,T2_roll_p25,P1_long_cash,LB_NA,umcsent,10,0.5833,True,pipeline
S1_level,T2_roll_p25,P2_signal_strength,LB_NA,umcsent,10,0.6259,True,pipeline
S1_level,T2_roll_p25,P3_long_short,LB_NA,umcsent,10,0.1189,True,pipeline
S1_level,T2_roll_p50,P1_long_cash,LB_NA,umcsent,10,0.5582,True,pipeline
S1_level,T2_roll_p50,P2_signal_strength,LB_NA,umcsent,10,0.6259,True,pipeline
S1_level,T2_roll_p50,P3_long_short,LB_NA,umcsent,10,0.0021,True,pipeline
S1_level,T2_roll_p75,P1_long_cash,LB_NA,umcsent,10,0.5993,True,pipeline
S1_level,T2_roll_p75,P2_signal_strength,LB_NA,umcsent,10,0.6259,True,pipeline
S1_level,T2_roll_p75,P3_long_short,LB_NA,umcsent,10,-0.0961,False,pipeline
S1_level,T3_zscore_1.0,P1_long_cash,LB_NA,umcsent,10,0.4907,True,pipeline
S1_level,T3_zscore_1.0,P2_signal_strength,LB_NA,umcsent,10,0.6259,True,pipeline
S1_level,T3_zscore_1.0,P3_long_short,LB_NA,umcsent,10,-0.3111,False,pipeline
S1_level,T3_zscore_neg_1.0,P1_long_cash,LB_NA,umcsent,10,0.702,True,pipeline
S1_level,T3_zscore_neg_1.0,P2_signal_strength,LB_NA,umcsent,10,0.6259,True,pipeline
S1_level,T3_zscore_neg_1.0,P3_long_short,LB_NA,umcsent,10,0.3136,True,pipeline
S1_level,T3_zscore_1.5,P1_long_cash,LB_NA,umcsent,10,0.3849,True,pipeline
S1_level,T3_zscore_1.5,P2_signal_strength,LB_NA,umcsent,10,0.6259,True,pipeline
S1_level,T3_zscore_1.5,P3_long_short,LB_NA,umcsent,10,-0.6874,False,pipeline
S1_level,T3_zscore_neg_1.5,P1_long_cash,LB_NA,umcsent,10,0.6833,True,pipeline
S1_level,T3_zscore_neg_1.5,P2_signal_strength,LB_NA,umcsent,10,0.6259,True,pipeline
S1_level,T3_zscore_neg_1.5,P3_long_short,LB_NA,umcsent,10,0.385,True,pipeline
S1_level,T3_zscore_2.0,P1_long_cash,LB_NA,umcsent,10,0.0,False,pipeline
S1_level,T3_zscore_2.0,P2_signal_strength,LB_NA,umcsent,10,0.6259,True,pipeline
S1_level,T3_zscore_2.0,P3_long_short,LB_NA,umcsent,10,-0.7164,False,pipeline
S1_level,T3_zscore_neg_2.0,P1_long_cash,LB_NA,umcsent,10,0.4563,True,pipeline
S1_level,T3_zscore_neg_2.0,P2_signal_strength,LB_NA,umcsent,10,0.6259,True,pipeline
S1_level,T3_zscore_neg_2.0,P3_long_short,LB_NA,umcsent,10,0.1209,True,pipeline
S1_level,T1_fixed_p25,P1_long_cash,LB_NA,umcsent,11,0.479,True,pipeline
S1_level,T1_fixed_p25,P2_signal_strength,LB_NA,umcsent,11,0.6517,True,pipeline
S1_level,T1_fixed_p25,P3_long_short,LB_NA,umcsent,11,0.0065,True,pipeline
S1_level,T1_fixed_p50,P1_long_cash,LB_NA,umcsent,11,0.425,True,pipeline
S1_level,T1_fixed_p50,P2_signal_strength,LB_NA,umcsent,11,0.6517,True,pipeline
S1_level,T1_fixed_p50,P3_long_short,LB_NA,umcsent,11,-0.2021,False,pipeline
S1_level,T1_fixed_p75,P1_long_cash,LB_NA,umcsent,11,0.6572,True,pipeline
S1_level,T1_fixed_p75,P2_signal_strength,LB_NA,umcsent,11,0.6517,True,pipeline
S1_level,T1_fixed_p75,P3_long_short,LB_NA,umcsent,11,-0.0126,False,pipeline
S1_level,T2_roll_p25,P1_long_cash,LB_NA,umcsent,11,0.5303,True,pipeline
S1_level,T2_roll_p25,P2_signal_strength,LB_NA,umcsent,11,0.6517,True,pipeline
S1_level,T2_roll_p25,P3_long_short,LB_NA,umcsent,11,0.0588,True,pipeline
S1_level,T2_roll_p50,P1_long_cash,LB_NA,umcsent,11,0.8749,True,pipeline
S1_level,T2_roll_p50,P2_signal_strength,LB_NA,umcsent,11,0.6517,True,pipeline
S1_level,T2_roll_p50,P3_long_short,LB_NA,umcsent,11,0.3498,True,pipeline
S1_level,T2_roll_p75,P1_long_cash,LB_NA,umcsent,11,0.5156,True,pipeline
S1_level,T2_roll_p75,P2_signal_strength,LB_NA,umcsent,11,0.6517,True,pipeline
S1_level,T2_roll_p75,P3_long_short,LB_NA,umcsent,11,-0.3319,False,pipeline
S1_level,T3_zscore_1.0,P1_long_cash,LB_NA,umcsent,11,0.4732,True,pipeline
S1_level,T3_zscore_1.0,P2_signal_strength,LB_NA,umcsent,11,0.6517,True,pipeline
S1_level,T3_zscore_1.0,P3_long_short,LB_NA,umcsent,11,-0.4507,False,pipeline
S1_level,T3_zscore_neg_1.0,P1_long_cash,LB_NA,umcsent,11,0.4816,True,pipeline
S1_level,T3_zscore_neg_1.0,P2_signal_strength,LB_NA,umcsent,11,0.6517,True,pipeline
S1_level,T3_zscore_neg_1.0,P3_long_short,LB_NA,umcsent,11,0.0312,True,pipeline
S1_level,T3_zscore_1.5,P1_long_cash,LB_NA,umcsent,11,-0.3849,False,pipeline
S1_level,T3_zscore_1.5,P2_signal_strength,LB_NA,umcsent,11,0.6517,True,pipeline
S1_level,T3_zscore_1.5,P3_long_short,LB_NA,umcsent,11,-0.7602,False,pipeline
S1_level,T3_zscore_neg_1.5,P1_long_cash,LB_NA,umcsent,11,0.6462,True,pipeline
S1_level,T3_zscore_neg_1.5,P2_signal_strength,LB_NA,umcsent,11,0.6517,True,pipeline
S1_level,T3_zscore_neg_1.5,P3_long_short,LB_NA,umcsent,11,0.3191,True,pipeline
S1_level,T3_zscore_2.0,P1_long_cash,LB_NA,umcsent,11,0.0,False,pipeline
S1_level,T3_zscore_2.0,P2_signal_strength,LB_NA,umcsent,11,0.6517,True,pipeline
S1_level,T3_zscore_2.0,P3_long_short,LB_NA,umcsent,11,-0.7164,False,pipeline
S1_level,T3_zscore_neg_2.0,P1_long_cash,LB_NA,umcsent,11,0.6773,True,pipeline
S1_level,T3_zscore_neg_2.0,P2_signal_strength,LB_NA,umcsent,11,0.6517,True,pipeline
S1_level,T3_zscore_neg_2.0,P3_long_short,LB_NA,umcsent,11,0.5521,True,pipeline
S1_level,T1_fixed_p25,P1_long_cash,LB_NA,umcsent,12,0.3931,True,pipeline
S1_level,T1_fixed_p25,P2_signal_strength,LB_NA,umcsent,12,0.6657,True,pipeline
S1_level,T1_fixed_p25,P3_long_short,LB_NA,umcsent,12,-0.111,False,pipeline
S1_level,T1_fixed_p50,P1_long_cash,LB_NA,umcsent,12,0.6038,True,pipeline
S1_level,T1_fixed_p50,P2_signal_strength,LB_NA,umcsent,12,0.6657,True,pipeline
S1_level,T1_fixed_p50,P3_long_short,LB_NA,umcsent,12,-0.0009,False,pipeline
S1_level,T1_fixed_p75,P1_long_cash,LB_NA,umcsent,12,0.8802,True,pipeline
S1_level,T1_fixed_p75,P2_signal_strength,LB_NA,umcsent,12,0.6657,True,pipeline
S1_level,T1_fixed_p75,P3_long_short,LB_NA,umcsent,12,0.2108,True,pipeline
S1_level,T2_roll_p25,P1_long_cash,LB_NA,umcsent,12,0.6414,True,pipeline
S1_level,T2_roll_p25,P2_signal_strength,LB_NA,umcsent,12,0.6657,True,pipeline
S1_level,T2_roll_p25,P3_long_short,LB_NA,umcsent,12,0.2099,True,pipeline
S1_level,T2_roll_p50,P1_long_cash,LB_NA,umcsent,12,0.6483,True,pipeline
S1_level,T2_roll_p50,P2_signal_strength,LB_NA,umcsent,12,0.6657,True,pipeline
S1_level,T2_roll_p50,P3_long_short,LB_NA,umcsent,12,0.0345,True,pipeline
S1_level,T2_roll_p75,P1_long_cash,LB_NA,umcsent,12,0.6615,True,pipeline
S1_level,T2_roll_p75,P2_signal_strength,LB_NA,umcsent,12,0.6657,True,pipeline
S1_level,T2_roll_p75,P3_long_short,LB_NA,umcsent,12,-0.0803,False,pipeline
S1_level,T3_zscore_1.0,P1_long_cash,LB_NA,umcsent,12,0.3616,True,pipeline
S1_level,T3_zscore_1.0,P2_signal_strength,LB_NA,umcsent,12,0.6657,True,pipeline
S1_level,T3_zscore_1.0,P3_long_short,LB_NA,umcsent,12,-0.491,False,pipeline
S1_level,T3_zscore_neg_1.0,P1_long_cash,LB_NA,umcsent,12,0.6944,True,pipeline
S1_level,T3_zscore_neg_1.0,P2_signal_strength,LB_NA,umcsent,12,0.6657,True,pipeline
S1_level,T3_zscore_neg_1.0,P3_long_short,LB_NA,umcsent,12,0.3131,True,pipeline
S1_level,T3_zscore_1.5,P1_long_cash,LB_NA,umcsent,12,0.1035,True,pipeline
S1_level,T3_zscore_1.5,P2_signal_strength,LB_NA,umcsent,12,0.6657,True,pipeline
S1_level,T3_zscore_1.5,P3_long_short,LB_NA,umcsent,12,-0.6892,False,pipeline
S1_level,T3_zscore_neg_1.5,P1_long_cash,LB_NA,umcsent,12,0.4975,True,pipeline
S1_level,T3_zscore_neg_1.5,P2_signal_strength,LB_NA,umcsent,12,0.6657,True,pipeline
S1_level,T3_zscore_neg_1.5,P3_long_short,LB_NA,umcsent,12,0.0879,True,pipeline
S1_level,T3_zscore_2.0,P1_long_cash,LB_NA,umcsent,12,0.0,False,pipeline
S1_level,T3_zscore_2.0,P2_signal_strength,LB_NA,umcsent,12,0.6657,True,pipeline
S1_level,T3_zscore_2.0,P3_long_short,LB_NA,umcsent,12,-0.7164,False,pipeline
S1_level,T3_zscore_neg_2.0,P1_long_cash,LB_NA,umcsent,12,0.5991,True,pipeline
S1_level,T3_zscore_neg_2.0,P2_signal_strength,LB_NA,umcsent,12,0.6657,True,pipeline
S1_level,T3_zscore_neg_2.0,P3_long_short,LB_NA,umcsent,12,0.3959,True,pipeline
S2_yoy,T1_fixed_p25,P1_long_cash,LB_NA,umcsent_yoy,0,0.2285,True,pipeline
S2_yoy,T1_fixed_p25,P2_signal_strength,LB_NA,umcsent_yoy,0,0.5347,True,pipeline
S2_yoy,T1_fixed_p25,P3_long_short,LB_NA,umcsent_yoy,0,-0.4294,False,pipeline
S2_yoy,T1_fixed_p50,P1_long_cash,LB_NA,umcsent_yoy,0,0.4691,True,pipeline
S2_yoy,T1_fixed_p50,P2_signal_strength,LB_NA,umcsent_yoy,0,0.5347,True,pipeline
S2_yoy,T1_fixed_p50,P3_long_short,LB_NA,umcsent_yoy,0,-0.2159,False,pipeline
S2_yoy,T1_fixed_p75,P1_long_cash,LB_NA,umcsent_yoy,0,0.0303,True,pipeline
S2_yoy,T1_fixed_p75,P2_signal_strength,LB_NA,umcsent_yoy,0,0.5347,True,pipeline
S2_yoy,T1_fixed_p75,P3_long_short,LB_NA,umcsent_yoy,0,-0.6913,False,pipeline
S2_yoy,T2_roll_p25,P1_long_cash,LB_NA,umcsent_yoy,0,0.2897,True,pipeline
S2_yoy,T2_roll_p25,P2_signal_strength,LB_NA,umcsent_yoy,0,0.5347,True,pipeline
S2_yoy,T2_roll_p25,P3_long_short,LB_NA,umcsent_yoy,0,-0.3317,False,pipeline
S2_yoy,T2_roll_p50,P1_long_cash,LB_NA,umcsent_yoy,0,0.2889,True,pipeline
S2_yoy,T2_roll_p50,P2_signal_strength,LB_NA,umcsent_yoy,0,0.5347,True,pipeline
S2_yoy,T2_roll_p50,P3_long_short,LB_NA,umcsent_yoy,0,-0.3957,False,pipeline
S2_yoy,T2_roll_p75,P1_long_cash,LB_NA,umcsent_yoy,0,0.3629,True,pipeline
S2_yoy,T2_roll_p75,P2_signal_strength,LB_NA,umcsent_yoy,0,0.5347,True,pipeline
S2_yoy,T2_roll_p75,P3_long_short,LB_NA,umcsent_yoy,0,-0.3874,False,pipeline
S2_yoy,T3_zscore_1.0,P1_long_cash,LB_NA,umcsent_yoy,0,0.0696,True,pipeline
S2_yoy,T3_zscore_1.0,P2_signal_strength,LB_NA,umcsent_yoy,0,0.5347,True,pipeline
S2_yoy,T3_zscore_1.0,P3_long_short,LB_NA,umcsent_yoy,0,-0.6626,False,pipeline
S2_yoy,T3_zscore_neg_1.0,P1_long_cash,LB_NA,umcsent_yoy,0,0.5265,True,pipeline
S2_yoy,T3_zscore_neg_1.0,P2_signal_strength,LB_NA,umcsent_yoy,0,0.5347,True,pipeline
S2_yoy,T3_zscore_neg_1.0,P3_long_short,LB_NA,umcsent_yoy,0,0.1078,True,pipeline
S2_yoy,T3_zscore_1.5,P1_long_cash,LB_NA,umcsent_yoy,0,-0.0138,False,pipeline
S2_yoy,T3_zscore_1.5,P2_signal_strength,LB_NA,umcsent_yoy,0,0.5347,True,pipeline
S2_yoy,T3_zscore_1.5,P3_long_short,LB_NA,umcsent_yoy,0,-0.7219,False,pipeline
S2_yoy,T3_zscore_neg_1.5,P1_long_cash,LB_NA,umcsent_yoy,0,0.605,True,pipeline
S2_yoy,T3_zscore_neg_1.5,P2_signal_strength,LB_NA,umcsent_yoy,0,0.5347,True,pipeline
S2_yoy,T3_zscore_neg_1.5,P3_long_short,LB_NA,umcsent_yoy,0,0.3571,True,pipeline
S2_yoy,T3_zscore_2.0,P1_long_cash,LB_NA,umcsent_yoy,0,0.3804,True,pipeline
S2_yoy,T3_zscore_2.0,P2_signal_strength,LB_NA,umcsent_yoy,0,0.5347,True,pipeline
S2_yoy,T3_zscore_2.0,P3_long_short,LB_NA,umcsent_yoy,0,-0.6701,False,pipeline
S2_yoy,T3_zscore_neg_2.0,P1_long_cash,LB_NA,umcsent_yoy,0,0.6548,True,pipeline
S2_yoy,T3_zscore_neg_2.0,P2_signal_strength,LB_NA,umcsent_yoy,0,0.5347,True,pipeline
S2_yoy,T3_zscore_neg_2.0,P3_long_short,LB_NA,umcsent_yoy,0,0.5264,True,pipeline
S2_yoy,T4_zero,P1_long_cash,LB_NA,umcsent_yoy,0,0.4576,True,pipeline
S2_yoy,T4_zero,P2_signal_strength,LB_NA,umcsent_yoy,0,0.5347,True,pipeline
S2_yoy,T4_zero,P3_long_short,LB_NA,umcsent_yoy,0,-0.2275,False,pipeline
S2_yoy,T1_fixed_p25,P1_long_cash,LB_NA,umcsent_yoy,1,0.5163,True,pipeline
S2_yoy,T1_fixed_p25,P2_signal_strength,LB_NA,umcsent_yoy,1,0.6981,True,pipeline
S2_yoy,T1_fixed_p25,P3_long_short,LB_NA,umcsent_yoy,1,-0.0089,False,pipeline
S2_yoy,T1_fixed_p50,P1_long_cash,LB_NA,umcsent_yoy,1,0.5196,True,pipeline
S2_yoy,T1_fixed_p50,P2_signal_strength,LB_NA,umcsent_yoy,1,0.6981,True,pipeline
S2_yoy,T1_fixed_p50,P3_long_short,LB_NA,umcsent_yoy,1,-0.1075,False,pipeline
S2_yoy,T1_fixed_p75,P1_long_cash,LB_NA,umcsent_yoy,1,0.4063,True,pipeline
S2_yoy,T1_fixed_p75,P2_signal_strength,LB_NA,umcsent_yoy,1,0.6981,True,pipeline
S2_yoy,T1_fixed_p75,P3_long_short,LB_NA,umcsent_yoy,1,-0.272,False,pipeline
S2_yoy,T2_roll_p25,P1_long_cash,LB_NA,umcsent_yoy,1,0.5512,True,pipeline
S2_yoy,T2_roll_p25,P2_signal_strength,LB_NA,umcsent_yoy,1,0.6981,True,pipeline
S2_yoy,T2_roll_p25,P3_long_short,LB_NA,umcsent_yoy,1,0.1164,True,pipeline
S2_yoy,T2_roll_p50,P1_long_cash,LB_NA,umcsent_yoy,1,0.6019,True,pipeline
S2_yoy,T2_roll_p50,P2_signal_strength,LB_NA,umcsent_yoy,1,0.6981,True,pipeline
S2_yoy,T2_roll_p50,P3_long_short,LB_NA,umcsent_yoy,1,0.014,True,pipeline
S2_yoy,T2_roll_p75,P1_long_cash,LB_NA,umcsent_yoy,1,0.4612,True,pipeline
S2_yoy,T2_roll_p75,P2_signal_strength,LB_NA,umcsent_yoy,1,0.6981,True,pipeline
S2_yoy,T2_roll_p75,P3_long_short,LB_NA,umcsent_yoy,1,-0.1883,False,pipeline
S2_yoy,T3_zscore_1.0,P1_long_cash,LB_NA,umcsent_yoy,1,0.3949,True,pipeline
S2_yoy,T3_zscore_1.0,P2_signal_strength,LB_NA,umcsent_yoy,1,0.6981,True,pipeline
S2_yoy,T3_zscore_1.0,P3_long_short,LB_NA,umcsent_yoy,1,-0.393,False,pipeline
S2_yoy,T3_zscore_neg_1.0,P1_long_cash,LB_NA,umcsent_yoy,1,0.6678,True,pipeline
S2_yoy,T3_zscore_neg_1.0,P2_signal_strength,LB_NA,umcsent_yoy,1,0.6981,True,pipeline
S2_yoy,T3_zscore_neg_1.0,P3_long_short,LB_NA,umcsent_yoy,1,0.4238,True,pipeline
S2_yoy,T3_zscore_1.5,P1_long_cash,LB_NA,umcsent_yoy,1,0.2497,True,pipeline
S2_yoy,T3_zscore_1.5,P2_signal_strength,LB_NA,umcsent_yoy,1,0.6981,True,pipeline
S2_yoy,T3_zscore_1.5,P3_long_short,LB_NA,umcsent_yoy,1,-0.6119,False,pipeline
S2_yoy,T3_zscore_neg_1.5,P1_long_cash,LB_NA,umcsent_yoy,1,0.6657,True,pipeline
S2_yoy,T3_zscore_neg_1.5,P2_signal_strength,LB_NA,umcsent_yoy,1,0.6981,True,pipeline
S2_yoy,T3_zscore_neg_1.5,P3_long_short,LB_NA,umcsent_yoy,1,0.5266,True,pipeline
S2_yoy,T3_zscore_2.0,P1_long_cash,LB_NA,umcsent_yoy,1,-0.1367,False,pipeline
S2_yoy,T3_zscore_2.0,P2_signal_strength,LB_NA,umcsent_yoy,1,0.6981,True,pipeline
S2_yoy,T3_zscore_2.0,P3_long_short,LB_NA,umcsent_yoy,1,-0.7447,False,pipeline
S2_yoy,T3_zscore_neg_2.0,P1_long_cash,LB_NA,umcsent_yoy,1,0.7228,True,pipeline
S2_yoy,T3_zscore_neg_2.0,P2_signal_strength,LB_NA,umcsent_yoy,1,0.6981,True,pipeline
S2_yoy,T3_zscore_neg_2.0,P3_long_short,LB_NA,umcsent_yoy,1,0.6764,True,pipeline
S2_yoy,T4_zero,P1_long_cash,LB_NA,umcsent_yoy,1,0.4048,True,pipeline
S2_yoy,T4_zero,P2_signal_strength,LB_NA,umcsent_yoy,1,0.6981,True,pipeline
S2_yoy,T4_zero,P3_long_short,LB_NA,umcsent_yoy,1,-0.2173,False,pipeline
S2_yoy,T1_fixed_p25,P1_long_cash,LB_NA,umcsent_yoy,2,0.5012,True,pipeline
S2_yoy,T1_fixed_p25,P2_signal_strength,LB_NA,umcsent_yoy,2,0.7615,True,pipeline
S2_yoy,T1_fixed_p25,P3_long_short,LB_NA,umcsent_yoy,2,-0.0241,False,pipeline
S2_yoy,T1_fixed_p50,P1_long_cash,LB_NA,umcsent_yoy,2,0.6643,True,pipeline
S2_yoy,T1_fixed_p50,P2_signal_strength,LB_NA,umcsent_yoy,2,0.7615,True,pipeline
S2_yoy,T1_fixed_p50,P3_long_short,LB_NA,umcsent_yoy,2,0.0725,True,pipeline
S2_yoy,T1_fixed_p75,P1_long_cash,LB_NA,umcsent_yoy,2,0.8689,True,pipeline
S2_yoy,T1_fixed_p75,P2_signal_strength,LB_NA,umcsent_yoy,2,0.7615,True,pipeline
S2_yoy,T1_fixed_p75,P3_long_short,LB_NA,umcsent_yoy,2,0.2123,True,pipeline
S2_yoy,T2_roll_p25,P1_long_cash,LB_NA,umcsent_yoy,2,0.4808,True,pipeline
S2_yoy,T2_roll_p25,P2_signal_strength,LB_NA,umcsent_yoy,2,0.7615,True,pipeline
S2_yoy,T2_roll_p25,P3_long_short,LB_NA,umcsent_yoy,2,0.0171,True,pipeline
S2_yoy,T2_roll_p50,P1_long_cash,LB_NA,umcsent_yoy,2,0.7883,True,pipeline
S2_yoy,T2_roll_p50,P2_signal_strength,LB_NA,umcsent_yoy,2,0.7615,True,pipeline
S2_yoy,T2_roll_p50,P3_long_short,LB_NA,umcsent_yoy,2,0.2312,True,pipeline
S2_yoy,T2_roll_p75,P1_long_cash,LB_NA,umcsent_yoy,2,0.8676,True,pipeline
S2_yoy,T2_roll_p75,P2_signal_strength,LB_NA,umcsent_yoy,2,0.7615,True,pipeline
S2_yoy,T2_roll_p75,P3_long_short,LB_NA,umcsent_yoy,2,0.2559,True,pipeline
S2_yoy,T3_zscore_1.0,P1_long_cash,LB_NA,umcsent_yoy,2,0.5666,True,pipeline
S2_yoy,T3_zscore_1.0,P2_signal_strength,LB_NA,umcsent_yoy,2,0.7615,True,pipeline
S2_yoy,T3_zscore_1.0,P3_long_short,LB_NA,umcsent_yoy,2,-0.1286,False,pipeline
S2_yoy,T3_zscore_neg_1.0,P1_long_cash,LB_NA,umcsent_yoy,2,0.4575,True,pipeline
S2_yoy,T3_zscore_neg_1.0,P2_signal_strength,LB_NA,umcsent_yoy,2,0.7615,True,pipeline
S2_yoy,T3_zscore_neg_1.0,P3_long_short,LB_NA,umcsent_yoy,2,0.0474,True,pipeline
S2_yoy,T3_zscore_1.5,P1_long_cash,LB_NA,umcsent_yoy,2,0.1209,True,pipeline
S2_yoy,T3_zscore_1.5,P2_signal_strength,LB_NA,umcsent_yoy,2,0.7615,True,pipeline
S2_yoy,T3_zscore_1.5,P3_long_short,LB_NA,umcsent_yoy,2,-0.649,False,pipeline
S2_yoy,T3_zscore_neg_1.5,P1_long_cash,LB_NA,umcsent_yoy,2,0.5536,True,pipeline
S2_yoy,T3_zscore_neg_1.5,P2_signal_strength,LB_NA,umcsent_yoy,2,0.7615,True,pipeline
S2_yoy,T3_zscore_neg_1.5,P3_long_short,LB_NA,umcsent_yoy,2,0.2657,True,pipeline
S2_yoy,T3_zscore_2.0,P1_long_cash,LB_NA,umcsent_yoy,2,-0.0752,False,pipeline
S2_yoy,T3_zscore_2.0,P2_signal_strength,LB_NA,umcsent_yoy,2,0.7615,True,pipeline
S2_yoy,T3_zscore_2.0,P3_long_short,LB_NA,umcsent_yoy,2,-0.7434,False,pipeline
S2_yoy,T3_zscore_neg_2.0,P1_long_cash,LB_NA,umcsent_yoy,2,0.6896,True,pipeline
S2_yoy,T3_zscore_neg_2.0,P2_signal_strength,LB_NA,umcsent_yoy,2,0.7615,True,pipeline
S2_yoy,T3_zscore_neg_2.0,P3_long_short,LB_NA,umcsent_yoy,2,0.5835,True,pipeline
S2_yoy,T4_zero,P1_long_cash,LB_NA,umcsent_yoy,2,0.6482,True,pipeline
S2_yoy,T4_zero,P2_signal_strength,LB_NA,umcsent_yoy,2,0.7615,True,pipeline
S2_yoy,T4_zero,P3_long_short,LB_NA,umcsent_yoy,2,0.083,True,pipeline
S2_yoy,T1_fixed_p25,P1_long_cash,LB_NA,umcsent_yoy,3,0.4617,True,pipeline
S2_yoy,T1_fixed_p25,P2_signal_strength,LB_NA,umcsent_yoy,3,0.4995,True,pipeline
S2_yoy,T1_fixed_p25,P3_long_short,LB_NA,umcsent_yoy,3,-0.024,False,pipeline
S2_yoy,T1_fixed_p50,P1_long_cash,LB_NA,umcsent_yoy,3,0.4225,True,pipeline
S2_yoy,T1_fixed_p50,P2_signal_strength,LB_NA,umcsent_yoy,3,0.4995,True,pipeline
S2_yoy,T1_fixed_p50,P3_long_short,LB_NA,umcsent_yoy,3,-0.301,False,pipeline
S2_yoy,T1_fixed_p75,P1_long_cash,LB_NA,umcsent_yoy,3,0.4174,True,pipeline
S2_yoy,T1_fixed_p75,P2_signal_strength,LB_NA,umcsent_yoy,3,0.4995,True,pipeline
S2_yoy,T1_fixed_p75,P3_long_short,LB_NA,umcsent_yoy,3,-0.38,False,pipeline
S2_yoy,T2_roll_p25,P1_long_cash,LB_NA,umcsent_yoy,3,0.5922,True,pipeline
S2_yoy,T2_roll_p25,P2_signal_strength,LB_NA,umcsent_yoy,3,0.4995,True,pipeline
S2_yoy,T2_roll_p25,P3_long_short,LB_NA,umcsent_yoy,3,0.2034,True,pipeline
S2_yoy,T2_roll_p50,P1_long_cash,LB_NA,umcsent_yoy,3,0.3189,True,pipeline
S2_yoy,T2_roll_p50,P2_signal_strength,LB_NA,umcsent_yoy,3,0.4995,True,pipeline
S2_yoy,T2_roll_p50,P3_long_short,LB_NA,umcsent_yoy,3,-0.3419,False,pipeline
S2_yoy,T2_roll_p75,P1_long_cash,LB_NA,umcsent_yoy,3,0.5182,True,pipeline
S2_yoy,T2_roll_p75,P2_signal_strength,LB_NA,umcsent_yoy,3,0.4995,True,pipeline
S2_yoy,T2_roll_p75,P3_long_short,LB_NA,umcsent_yoy,3,-0.2708,False,pipeline
S2_yoy,T3_zscore_1.0,P1_long_cash,LB_NA,umcsent_yoy,3,0.4874,True,pipeline
S2_yoy,T3_zscore_1.0,P2_signal_strength,LB_NA,umcsent_yoy,3,0.4995,True,pipeline
S2_yoy,T3_zscore_1.0,P3_long_short,LB_NA,umcsent_yoy,3,-0.3222,False,pipeline
S2_yoy,T3_zscore_neg_1.0,P1_long_cash,LB_NA,umcsent_yoy,3,0.3637,True,pipeline
S2_yoy,T3_zscore_neg_1.0,P2_signal_strength,LB_NA,umcsent_yoy,3,0.4995,True,pipeline
S2_yoy,T3_zscore_neg_1.0,P3_long_short,LB_NA,umcsent_yoy,3,-0.0968,False,pipeline
S2_yoy,T3_zscore_1.5,P1_long_cash,LB_NA,umcsent_yoy,3,0.3096,True,pipeline
S2_yoy,T3_zscore_1.5,P2_signal_strength,LB_NA,umcsent_yoy,3,0.4995,True,pipeline
S2_yoy,T3_zscore_1.5,P3_long_short,LB_NA,umcsent_yoy,3,-0.5453,False,pipeline
S2_yoy,T3_zscore_neg_1.5,P1_long_cash,LB_NA,umcsent_yoy,3,0.3694,True,pipeline
S2_yoy,T3_zscore_neg_1.5,P2_signal_strength,LB_NA,umcsent_yoy,3,0.4995,True,pipeline
S2_yoy,T3_zscore_neg_1.5,P3_long_short,LB_NA,umcsent_yoy,3,-0.0553,False,pipeline
S2_yoy,T3_zscore_2.0,P1_long_cash,LB_NA,umcsent_yoy,3,0.2551,True,pipeline
S2_yoy,T3_zscore_2.0,P2_signal_strength,LB_NA,umcsent_yoy,3,0.4995,True,pipeline
S2_yoy,T3_zscore_2.0,P3_long_short,LB_NA,umcsent_yoy,3,-0.624,False,pipeline
S2_yoy,T3_zscore_neg_2.0,P1_long_cash,LB_NA,umcsent_yoy,3,0.463,True,pipeline
S2_yoy,T3_zscore_neg_2.0,P2_signal_strength,LB_NA,umcsent_yoy,3,0.4995,True,pipeline
S2_yoy,T3_zscore_neg_2.0,P3_long_short,LB_NA,umcsent_yoy,3,0.1439,True,pipeline
S2_yoy,T4_zero,P1_long_cash,LB_NA,umcsent_yoy,3,0.5853,True,pipeline
S2_yoy,T4_zero,P2_signal_strength,LB_NA,umcsent_yoy,3,0.4995,True,pipeline
S2_yoy,T4_zero,P3_long_short,LB_NA,umcsent_yoy,3,-0.015,False,pipeline
S2_yoy,T1_fixed_p25,P1_long_cash,LB_NA,umcsent_yoy,4,0.5867,True,pipeline
S2_yoy,T1_fixed_p25,P2_signal_strength,LB_NA,umcsent_yoy,4,0.575,True,pipeline
S2_yoy,T1_fixed_p25,P3_long_short,LB_NA,umcsent_yoy,4,0.1524,True,pipeline
S2_yoy,T1_fixed_p50,P1_long_cash,LB_NA,umcsent_yoy,4,0.4004,True,pipeline
S2_yoy,T1_fixed_p50,P2_signal_strength,LB_NA,umcsent_yoy,4,0.575,True,pipeline
S2_yoy,T1_fixed_p50,P3_long_short,LB_NA,umcsent_yoy,4,-0.2827,False,pipeline
S2_yoy,T1_fixed_p75,P1_long_cash,LB_NA,umcsent_yoy,4,0.4009,True,pipeline
S2_yoy,T1_fixed_p75,P2_signal_strength,LB_NA,umcsent_yoy,4,0.575,True,pipeline
S2_yoy,T1_fixed_p75,P3_long_short,LB_NA,umcsent_yoy,4,-0.3191,False,pipeline
S2_yoy,T2_roll_p25,P1_long_cash,LB_NA,umcsent_yoy,4,0.5469,True,pipeline
S2_yoy,T2_roll_p25,P2_signal_strength,LB_NA,umcsent_yoy,4,0.575,True,pipeline
S2_yoy,T2_roll_p25,P3_long_short,LB_NA,umcsent_yoy,4,0.149,True,pipeline
S2_yoy,T2_roll_p50,P1_long_cash,LB_NA,umcsent_yoy,4,0.3964,True,pipeline
S2_yoy,T2_roll_p50,P2_signal_strength,LB_NA,umcsent_yoy,4,0.575,True,pipeline
S2_yoy,T2_roll_p50,P3_long_short,LB_NA,umcsent_yoy,4,-0.2618,False,pipeline
S2_yoy,T2_roll_p75,P1_long_cash,LB_NA,umcsent_yoy,4,0.3808,True,pipeline
S2_yoy,T2_roll_p75,P2_signal_strength,LB_NA,umcsent_yoy,4,0.575,True,pipeline
S2_yoy,T2_roll_p75,P3_long_short,LB_NA,umcsent_yoy,4,-0.3293,False,pipeline
S2_yoy,T3_zscore_1.0,P1_long_cash,LB_NA,umcsent_yoy,4,0.4871,True,pipeline
S2_yoy,T3_zscore_1.0,P2_signal_strength,LB_NA,umcsent_yoy,4,0.575,True,pipeline
S2_yoy,T3_zscore_1.0,P3_long_short,LB_NA,umcsent_yoy,4,-0.2757,False,pipeline
S2_yoy,T3_zscore_neg_1.0,P1_long_cash,LB_NA,umcsent_yoy,4,0.4337,True,pipeline
S2_yoy,T3_zscore_neg_1.0,P2_signal_strength,LB_NA,umcsent_yoy,4,0.575,True,pipeline
S2_yoy,T3_zscore_neg_1.0,P3_long_short,LB_NA,umcsent_yoy,4,0.0094,True,pipeline
S2_yoy,T3_zscore_1.5,P1_long_cash,LB_NA,umcsent_yoy,4,0.6247,True,pipeline
S2_yoy,T3_zscore_1.5,P2_signal_strength,LB_NA,umcsent_yoy,4,0.575,True,pipeline
S2_yoy,T3_zscore_1.5,P3_long_short,LB_NA,umcsent_yoy,4,-0.3294,False,pipeline
S2_yoy,T3_zscore_neg_1.5,P1_long_cash,LB_NA,umcsent_yoy,4,0.5261,True,pipeline
S2_yoy,T3_zscore_neg_1.5,P2_signal_strength,LB_NA,umcsent_yoy,4,0.575,True,pipeline
S2_yoy,T3_zscore_neg_1.5,P3_long_short,LB_NA,umcsent_yoy,4,0.2261,True,pipeline
S2_yoy,T3_zscore_2.0,P1_long_cash,LB_NA,umcsent_yoy,4,0.1832,True,pipeline
S2_yoy,T3_zscore_2.0,P2_signal_strength,LB_NA,umcsent_yoy,4,0.575,True,pipeline
S2_yoy,T3_zscore_2.0,P3_long_short,LB_NA,umcsent_yoy,4,-0.629,False,pipeline
S2_yoy,T3_zscore_neg_2.0,P1_long_cash,LB_NA,umcsent_yoy,4,0.6372,True,pipeline
S2_yoy,T3_zscore_neg_2.0,P2_signal_strength,LB_NA,umcsent_yoy,4,0.575,True,pipeline
S2_yoy,T3_zscore_neg_2.0,P3_long_short,LB_NA,umcsent_yoy,4,0.4746,True,pipeline
S2_yoy,T4_zero,P1_long_cash,LB_NA,umcsent_yoy,4,0.449,True,pipeline
S2_yoy,T4_zero,P2_signal_strength,LB_NA,umcsent_yoy,4,0.575,True,pipeline
S2_yoy,T4_zero,P3_long_short,LB_NA,umcsent_yoy,4,-0.2139,False,pipeline
S2_yoy,T1_fixed_p25,P1_long_cash,LB_NA,umcsent_yoy,5,0.3938,True,pipeline
S2_yoy,T1_fixed_p25,P2_signal_strength,LB_NA,umcsent_yoy,5,0.526,True,pipeline
S2_yoy,T1_fixed_p25,P3_long_short,LB_NA,umcsent_yoy,5,-0.133,False,pipeline
S2_yoy,T1_fixed_p50,P1_long_cash,LB_NA,umcsent_yoy,5,0.3238,True,pipeline
S2_yoy,T1_fixed_p50,P2_signal_strength,LB_NA,umcsent_yoy,5,0.526,True,pipeline
S2_yoy,T1_fixed_p50,P3_long_short,LB_NA,umcsent_yoy,5,-0.3346,False,pipeline
S2_yoy,T1_fixed_p75,P1_long_cash,LB_NA,umcsent_yoy,5,0.4445,True,pipeline
S2_yoy,T1_fixed_p75,P2_signal_strength,LB_NA,umcsent_yoy,5,0.526,True,pipeline
S2_yoy,T1_fixed_p75,P3_long_short,LB_NA,umcsent_yoy,5,-0.2794,False,pipeline
S2_yoy,T2_roll_p25,P1_long_cash,LB_NA,umcsent_yoy,5,0.3838,True,pipeline
S2_yoy,T2_roll_p25,P2_signal_strength,LB_NA,umcsent_yoy,5,0.526,True,pipeline
S2_yoy,T2_roll_p25,P3_long_short,LB_NA,umcsent_yoy,5,-0.1525,False,pipeline
S2_yoy,T2_roll_p50,P1_long_cash,LB_NA,umcsent_yoy,5,0.2096,True,pipeline
S2_yoy,T2_roll_p50,P2_signal_strength,LB_NA,umcsent_yoy,5,0.526,True,pipeline
S2_yoy,T2_roll_p50,P3_long_short,LB_NA,umcsent_yoy,5,-0.4727,False,pipeline
S2_yoy,T2_roll_p75,P1_long_cash,LB_NA,umcsent_yoy,5,0.3472,True,pipeline
S2_yoy,T2_roll_p75,P2_signal_strength,LB_NA,umcsent_yoy,5,0.526,True,pipeline
S2_yoy,T2_roll_p75,P3_long_short,LB_NA,umcsent_yoy,5,-0.3431,False,pipeline
S2_yoy,T3_zscore_1.0,P1_long_cash,LB_NA,umcsent_yoy,5,0.4214,True,pipeline
S2_yoy,T3_zscore_1.0,P2_signal_strength,LB_NA,umcsent_yoy,5,0.526,True,pipeline
S2_yoy,T3_zscore_1.0,P3_long_short,LB_NA,umcsent_yoy,5,-0.3167,False,pipeline
S2_yoy,T3_zscore_neg_1.0,P1_long_cash,LB_NA,umcsent_yoy,5,0.4799,True,pipeline
S2_yoy,T3_zscore_neg_1.0,P2_signal_strength,LB_NA,umcsent_yoy,5,0.526,True,pipeline
S2_yoy,T3_zscore_neg_1.0,P3_long_short,LB_NA,umcsent_yoy,5,0.0774,True,pipeline
S2_yoy,T3_zscore_1.5,P1_long_cash,LB_NA,umcsent_yoy,5,0.5753,True,pipeline
S2_yoy,T3_zscore_1.5,P2_signal_strength,LB_NA,umcsent_yoy,5,0.526,True,pipeline
S2_yoy,T3_zscore_1.5,P3_long_short,LB_NA,umcsent_yoy,5,-0.4423,False,pipeline
S2_yoy,T3_zscore_neg_1.5,P1_long_cash,LB_NA,umcsent_yoy,5,0.596,True,pipeline
S2_yoy,T3_zscore_neg_1.5,P2_signal_strength,LB_NA,umcsent_yoy,5,0.526,True,pipeline
S2_yoy,T3_zscore_neg_1.5,P3_long_short,LB_NA,umcsent_yoy,5,0.3498,True,pipeline
S2_yoy,T3_zscore_2.0,P1_long_cash,LB_NA,umcsent_yoy,5,0.6589,True,pipeline
S2_yoy,T3_zscore_2.0,P2_signal_strength,LB_NA,umcsent_yoy,5,0.526,True,pipeline
S2_yoy,T3_zscore_2.0,P3_long_short,LB_NA,umcsent_yoy,5,-0.4645,False,pipeline
S2_yoy,T3_zscore_neg_2.0,P1_long_cash,LB_NA,umcsent_yoy,5,0.6656,True,pipeline
S2_yoy,T3_zscore_neg_2.0,P2_signal_strength,LB_NA,umcsent_yoy,5,0.526,True,pipeline
S2_yoy,T3_zscore_neg_2.0,P3_long_short,LB_NA,umcsent_yoy,5,0.5634,True,pipeline
S2_yoy,T4_zero,P1_long_cash,LB_NA,umcsent_yoy,5,0.3161,True,pipeline
S2_yoy,T4_zero,P2_signal_strength,LB_NA,umcsent_yoy,5,0.526,True,pipeline
S2_yoy,T4_zero,P3_long_short,LB_NA,umcsent_yoy,5,-0.3282,False,pipeline
S2_yoy,T1_fixed_p25,P1_long_cash,LB_NA,umcsent_yoy,6,0.2805,True,pipeline
S2_yoy,T1_fixed_p25,P2_signal_strength,LB_NA,umcsent_yoy,6,0.3303,True,pipeline
S2_yoy,T1_fixed_p25,P3_long_short,LB_NA,umcsent_yoy,6,-0.3103,False,pipeline
S2_yoy,T1_fixed_p50,P1_long_cash,LB_NA,umcsent_yoy,6,-0.1629,False,pipeline
S2_yoy,T1_fixed_p50,P2_signal_strength,LB_NA,umcsent_yoy,6,0.3303,True,pipeline
S2_yoy,T1_fixed_p50,P3_long_short,LB_NA,umcsent_yoy,6,-0.9074,False,pipeline
S2_yoy,T1_fixed_p75,P1_long_cash,LB_NA,umcsent_yoy,6,-0.0857,False,pipeline
S2_yoy,T1_fixed_p75,P2_signal_strength,LB_NA,umcsent_yoy,6,0.3303,True,pipeline
S2_yoy,T1_fixed_p75,P3_long_short,LB_NA,umcsent_yoy,6,-0.8021,False,pipeline
S2_yoy,T2_roll_p25,P1_long_cash,LB_NA,umcsent_yoy,6,0.3605,True,pipeline
S2_yoy,T2_roll_p25,P2_signal_strength,LB_NA,umcsent_yoy,6,0.3303,True,pipeline
S2_yoy,T2_roll_p25,P3_long_short,LB_NA,umcsent_yoy,6,-0.1874,False,pipeline
S2_yoy,T2_roll_p50,P1_long_cash,LB_NA,umcsent_yoy,6,-0.0592,False,pipeline
S2_yoy,T2_roll_p50,P2_signal_strength,LB_NA,umcsent_yoy,6,0.3303,True,pipeline
S2_yoy,T2_roll_p50,P3_long_short,LB_NA,umcsent_yoy,6,-0.7878,False,pipeline
S2_yoy,T2_roll_p75,P1_long_cash,LB_NA,umcsent_yoy,6,-0.0706,False,pipeline
S2_yoy,T2_roll_p75,P2_signal_strength,LB_NA,umcsent_yoy,6,0.3303,True,pipeline
S2_yoy,T2_roll_p75,P3_long_short,LB_NA,umcsent_yoy,6,-0.7914,False,pipeline
S2_yoy,T3_zscore_1.0,P1_long_cash,LB_NA,umcsent_yoy,6,-0.0247,False,pipeline
S2_yoy,T3_zscore_1.0,P2_signal_strength,LB_NA,umcsent_yoy,6,0.3303,True,pipeline
S2_yoy,T3_zscore_1.0,P3_long_short,LB_NA,umcsent_yoy,6,-0.7398,False,pipeline
S2_yoy,T3_zscore_neg_1.0,P1_long_cash,LB_NA,umcsent_yoy,6,0.3648,True,pipeline
S2_yoy,T3_zscore_neg_1.0,P2_signal_strength,LB_NA,umcsent_yoy,6,0.3303,True,pipeline
S2_yoy,T3_zscore_neg_1.0,P3_long_short,LB_NA,umcsent_yoy,6,-0.1591,False,pipeline
S2_yoy,T3_zscore_1.5,P1_long_cash,LB_NA,umcsent_yoy,6,0.4501,True,pipeline
S2_yoy,T3_zscore_1.5,P2_signal_strength,LB_NA,umcsent_yoy,6,0.3303,True,pipeline
S2_yoy,T3_zscore_1.5,P3_long_short,LB_NA,umcsent_yoy,6,-0.4151,False,pipeline
S2_yoy,T3_zscore_neg_1.5,P1_long_cash,LB_NA,umcsent_yoy,6,0.6092,True,pipeline
S2_yoy,T3_zscore_neg_1.5,P2_signal_strength,LB_NA,umcsent_yoy,6,0.3303,True,pipeline
S2_yoy,T3_zscore_neg_1.5,P3_long_short,LB_NA,umcsent_yoy,6,0.3614,True,pipeline
S2_yoy,T3_zscore_2.0,P1_long_cash,LB_NA,umcsent_yoy,6,0.2204,True,pipeline
S2_yoy,T3_zscore_2.0,P2_signal_strength,LB_NA,umcsent_yoy,6,0.3303,True,pipeline
S2_yoy,T3_zscore_2.0,P3_long_short,LB_NA,umcsent_yoy,6,-0.6537,False,pipeline
S2_yoy,T3_zscore_neg_2.0,P1_long_cash,LB_NA,umcsent_yoy,6,0.658,True,pipeline
S2_yoy,T3_zscore_neg_2.0,P2_signal_strength,LB_NA,umcsent_yoy,6,0.3303,True,pipeline
S2_yoy,T3_zscore_neg_2.0,P3_long_short,LB_NA,umcsent_yoy,6,0.4929,True,pipeline
S2_yoy,T4_zero,P1_long_cash,LB_NA,umcsent_yoy,6,-0.0959,False,pipeline
S2_yoy,T4_zero,P2_signal_strength,LB_NA,umcsent_yoy,6,0.3303,True,pipeline
S2_yoy,T4_zero,P3_long_short,LB_NA,umcsent_yoy,6,-0.8391,False,pipeline
S2_yoy,T1_fixed_p25,P1_long_cash,LB_NA,umcsent_yoy,7,0.1133,True,pipeline
S2_yoy,T1_fixed_p25,P2_signal_strength,LB_NA,umcsent_yoy,7,0.2735,True,pipeline
S2_yoy,T1_fixed_p25,P3_long_short,LB_NA,umcsent_yoy,7,-0.5447,False,pipeline
S2_yoy,T1_fixed_p50,P1_long_cash,LB_NA,umcsent_yoy,7,0.0845,True,pipeline
S2_yoy,T1_fixed_p50,P2_signal_strength,LB_NA,umcsent_yoy,7,0.2735,True,pipeline
S2_yoy,T1_fixed_p50,P3_long_short,LB_NA,umcsent_yoy,7,-0.6147,False,pipeline
S2_yoy,T1_fixed_p75,P1_long_cash,LB_NA,umcsent_yoy,7,0.1023,True,pipeline
S2_yoy,T1_fixed_p75,P2_signal_strength,LB_NA,umcsent_yoy,7,0.2735,True,pipeline
S2_yoy,T1_fixed_p75,P3_long_short,LB_NA,umcsent_yoy,7,-0.6088,False,pipeline
S2_yoy,T2_roll_p25,P1_long_cash,LB_NA,umcsent_yoy,7,0.0808,True,pipeline
S2_yoy,T2_roll_p25,P2_signal_strength,LB_NA,umcsent_yoy,7,0.2735,True,pipeline
S2_yoy,T2_roll_p25,P3_long_short,LB_NA,umcsent_yoy,7,-0.5975,False,pipeline
S2_yoy,T2_roll_p50,P1_long_cash,LB_NA,umcsent_yoy,7,0.143,True,pipeline
S2_yoy,T2_roll_p50,P2_signal_strength,LB_NA,umcsent_yoy,7,0.2735,True,pipeline
S2_yoy,T2_roll_p50,P3_long_short,LB_NA,umcsent_yoy,7,-0.5382,False,pipeline
S2_yoy,T2_roll_p75,P1_long_cash,LB_NA,umcsent_yoy,7,0.2234,True,pipeline
S2_yoy,T2_roll_p75,P2_signal_strength,LB_NA,umcsent_yoy,7,0.2735,True,pipeline
S2_yoy,T2_roll_p75,P3_long_short,LB_NA,umcsent_yoy,7,-0.4688,False,pipeline
S2_yoy,T3_zscore_1.0,P1_long_cash,LB_NA,umcsent_yoy,7,0.0164,True,pipeline
S2_yoy,T3_zscore_1.0,P2_signal_strength,LB_NA,umcsent_yoy,7,0.2735,True,pipeline
S2_yoy,T3_zscore_1.0,P3_long_short,LB_NA,umcsent_yoy,7,-0.6993,False,pipeline
S2_yoy,T3_zscore_neg_1.0,P1_long_cash,LB_NA,umcsent_yoy,7,0.0262,True,pipeline
S2_yoy,T3_zscore_neg_1.0,P2_signal_strength,LB_NA,umcsent_yoy,7,0.2735,True,pipeline
S2_yoy,T3_zscore_neg_1.0,P3_long_short,LB_NA,umcsent_yoy,7,-0.6746,False,pipeline
S2_yoy,T3_zscore_1.5,P1_long_cash,LB_NA,umcsent_yoy,7,0.041,True,pipeline
S2_yoy,T3_zscore_1.5,P2_signal_strength,LB_NA,umcsent_yoy,7,0.2735,True,pipeline
S2_yoy,T3_zscore_1.5,P3_long_short,LB_NA,umcsent_yoy,7,-0.6873,False,pipeline
S2_yoy,T3_zscore_neg_1.5,P1_long_cash,LB_NA,umcsent_yoy,7,0.4018,True,pipeline
S2_yoy,T3_zscore_neg_1.5,P2_signal_strength,LB_NA,umcsent_yoy,7,0.2735,True,pipeline
S2_yoy,T3_zscore_neg_1.5,P3_long_short,LB_NA,umcsent_yoy,7,-0.0191,False,pipeline
S2_yoy,T3_zscore_2.0,P1_long_cash,LB_NA,umcsent_yoy,7,0.5732,True,pipeline
S2_yoy,T3_zscore_2.0,P2_signal_strength,LB_NA,umcsent_yoy,7,0.2735,True,pipeline
S2_yoy,T3_zscore_2.0,P3_long_short,LB_NA,umcsent_yoy,7,-0.421,False,pipeline
S2_yoy,T3_zscore_neg_2.0,P1_long_cash,LB_NA,umcsent_yoy,7,0.5429,True,pipeline
S2_yoy,T3_zscore_neg_2.0,P2_signal_strength,LB_NA,umcsent_yoy,7,0.2735,True,pipeline
S2_yoy,T3_zscore_neg_2.0,P3_long_short,LB_NA,umcsent_yoy,7,0.3241,True,pipeline
S2_yoy,T4_zero,P1_long_cash,LB_NA,umcsent_yoy,7,0.1092,True,pipeline
S2_yoy,T4_zero,P2_signal_strength,LB_NA,umcsent_yoy,7,0.2735,True,pipeline
S2_yoy,T4_zero,P3_long_short,LB_NA,umcsent_yoy,7,-0.5814,False,pipeline
S2_yoy,T1_fixed_p25,P1_long_cash,LB_NA,umcsent_yoy,8,0.5256,True,pipeline
S2_yoy,T1_fixed_p25,P2_signal_strength,LB_NA,umcsent_yoy,8,0.3821,True,pipeline
S2_yoy,T1_fixed_p25,P3_long_short,LB_NA,umcsent_yoy,8,0.1324,True,pipeline
S2_yoy,T1_fixed_p50,P1_long_cash,LB_NA,umcsent_yoy,8,0.2272,True,pipeline
S2_yoy,T1_fixed_p50,P2_signal_strength,LB_NA,umcsent_yoy,8,0.3821,True,pipeline
S2_yoy,T1_fixed_p50,P3_long_short,LB_NA,umcsent_yoy,8,-0.4325,False,pipeline
S2_yoy,T1_fixed_p75,P1_long_cash,LB_NA,umcsent_yoy,8,0.0406,True,pipeline
S2_yoy,T1_fixed_p75,P2_signal_strength,LB_NA,umcsent_yoy,8,0.3821,True,pipeline
S2_yoy,T1_fixed_p75,P3_long_short,LB_NA,umcsent_yoy,8,-0.6727,False,pipeline
S2_yoy,T2_roll_p25,P1_long_cash,LB_NA,umcsent_yoy,8,0.3295,True,pipeline
S2_yoy,T2_roll_p25,P2_signal_strength,LB_NA,umcsent_yoy,8,0.3821,True,pipeline
S2_yoy,T2_roll_p25,P3_long_short,LB_NA,umcsent_yoy,8,-0.163,False,pipeline
S2_yoy,T2_roll_p50,P1_long_cash,LB_NA,umcsent_yoy,8,0.2874,True,pipeline
S2_yoy,T2_roll_p50,P2_signal_strength,LB_NA,umcsent_yoy,8,0.3821,True,pipeline
S2_yoy,T2_roll_p50,P3_long_short,LB_NA,umcsent_yoy,8,-0.3541,False,pipeline
S2_yoy,T2_roll_p75,P1_long_cash,LB_NA,umcsent_yoy,8,0.3162,True,pipeline
S2_yoy,T2_roll_p75,P2_signal_strength,LB_NA,umcsent_yoy,8,0.3821,True,pipeline
S2_yoy,T2_roll_p75,P3_long_short,LB_NA,umcsent_yoy,8,-0.3586,False,pipeline
S2_yoy,T3_zscore_1.0,P1_long_cash,LB_NA,umcsent_yoy,8,-0.047,False,pipeline
S2_yoy,T3_zscore_1.0,P2_signal_strength,LB_NA,umcsent_yoy,8,0.3821,True,pipeline
S2_yoy,T3_zscore_1.0,P3_long_short,LB_NA,umcsent_yoy,8,-0.7627,False,pipeline
S2_yoy,T3_zscore_neg_1.0,P1_long_cash,LB_NA,umcsent_yoy,8,0.3184,True,pipeline
S2_yoy,T3_zscore_neg_1.0,P2_signal_strength,LB_NA,umcsent_yoy,8,0.3821,True,pipeline
S2_yoy,T3_zscore_neg_1.0,P3_long_short,LB_NA,umcsent_yoy,8,-0.1547,False,pipeline
S2_yoy,T3_zscore_1.5,P1_long_cash,LB_NA,umcsent_yoy,8,-0.6111,False,pipeline
S2_yoy,T3_zscore_1.5,P2_signal_strength,LB_NA,umcsent_yoy,8,0.3821,True,pipeline
S2_yoy,T3_zscore_1.5,P3_long_short,LB_NA,umcsent_yoy,8,-1.1262,False,pipeline
S2_yoy,T3_zscore_neg_1.5,P1_long_cash,LB_NA,umcsent_yoy,8,0.6319,True,pipeline
S2_yoy,T3_zscore_neg_1.5,P2_signal_strength,LB_NA,umcsent_yoy,8,0.3821,True,pipeline
S2_yoy,T3_zscore_neg_1.5,P3_long_short,LB_NA,umcsent_yoy,8,0.4707,True,pipeline
S2_yoy,T3_zscore_2.0,P1_long_cash,LB_NA,umcsent_yoy,8,-0.4146,False,pipeline
S2_yoy,T3_zscore_2.0,P2_signal_strength,LB_NA,umcsent_yoy,8,0.3821,True,pipeline
S2_yoy,T3_zscore_2.0,P3_long_short,LB_NA,umcsent_yoy,8,-0.917,False,pipeline
S2_yoy,T3_zscore_neg_2.0,P1_long_cash,LB_NA,umcsent_yoy,8,0.6288,True,pipeline
S2_yoy,T3_zscore_neg_2.0,P2_signal_strength,LB_NA,umcsent_yoy,8,0.3821,True,pipeline
S2_yoy,T3_zscore_neg_2.0,P3_long_short,LB_NA,umcsent_yoy,8,0.5126,True,pipeline
S2_yoy,T4_zero,P1_long_cash,LB_NA,umcsent_yoy,8,0.3926,True,pipeline
S2_yoy,T4_zero,P2_signal_strength,LB_NA,umcsent_yoy,8,0.3821,True,pipeline
S2_yoy,T4_zero,P3_long_short,LB_NA,umcsent_yoy,8,-0.1651,False,pipeline
S2_yoy,T1_fixed_p25,P1_long_cash,LB_NA,umcsent_yoy,9,0.5355,True,pipeline
S2_yoy,T1_fixed_p25,P2_signal_strength,LB_NA,umcsent_yoy,9,0.6041,True,pipeline
S2_yoy,T1_fixed_p25,P3_long_short,LB_NA,umcsent_yoy,9,0.1069,True,pipeline
S2_yoy,T1_fixed_p50,P1_long_cash,LB_NA,umcsent_yoy,9,0.3561,True,pipeline
S2_yoy,T1_fixed_p50,P2_signal_strength,LB_NA,umcsent_yoy,9,0.6041,True,pipeline
S2_yoy,T1_fixed_p50,P3_long_short,LB_NA,umcsent_yoy,9,-0.311,False,pipeline
S2_yoy,T1_fixed_p75,P1_long_cash,LB_NA,umcsent_yoy,9,0.352,True,pipeline
S2_yoy,T1_fixed_p75,P2_signal_strength,LB_NA,umcsent_yoy,9,0.6041,True,pipeline
S2_yoy,T1_fixed_p75,P3_long_short,LB_NA,umcsent_yoy,9,-0.3827,False,pipeline
S2_yoy,T2_roll_p25,P1_long_cash,LB_NA,umcsent_yoy,9,0.4123,True,pipeline
S2_yoy,T2_roll_p25,P2_signal_strength,LB_NA,umcsent_yoy,9,0.6041,True,pipeline
S2_yoy,T2_roll_p25,P3_long_short,LB_NA,umcsent_yoy,9,-0.0407,False,pipeline
S2_yoy,T2_roll_p50,P1_long_cash,LB_NA,umcsent_yoy,9,0.6198,True,pipeline
S2_yoy,T2_roll_p50,P2_signal_strength,LB_NA,umcsent_yoy,9,0.6041,True,pipeline
S2_yoy,T2_roll_p50,P3_long_short,LB_NA,umcsent_yoy,9,-0.0263,False,pipeline
S2_yoy,T2_roll_p75,P1_long_cash,LB_NA,umcsent_yoy,9,0.6193,True,pipeline
S2_yoy,T2_roll_p75,P2_signal_strength,LB_NA,umcsent_yoy,9,0.6041,True,pipeline
S2_yoy,T2_roll_p75,P3_long_short,LB_NA,umcsent_yoy,9,-0.0942,False,pipeline
S2_yoy,T3_zscore_1.0,P1_long_cash,LB_NA,umcsent_yoy,9,0.2963,True,pipeline
S2_yoy,T3_zscore_1.0,P2_signal_strength,LB_NA,umcsent_yoy,9,0.6041,True,pipeline
S2_yoy,T3_zscore_1.0,P3_long_short,LB_NA,umcsent_yoy,9,-0.446,False,pipeline
S2_yoy,T3_zscore_neg_1.0,P1_long_cash,LB_NA,umcsent_yoy,9,0.4717,True,pipeline
S2_yoy,T3_zscore_neg_1.0,P2_signal_strength,LB_NA,umcsent_yoy,9,0.6041,True,pipeline
S2_yoy,T3_zscore_neg_1.0,P3_long_short,LB_NA,umcsent_yoy,9,0.1076,True,pipeline
S2_yoy,T3_zscore_1.5,P1_long_cash,LB_NA,umcsent_yoy,9,0.4011,True,pipeline
S2_yoy,T3_zscore_1.5,P2_signal_strength,LB_NA,umcsent_yoy,9,0.6041,True,pipeline
S2_yoy,T3_zscore_1.5,P3_long_short,LB_NA,umcsent_yoy,9,-0.4898,False,pipeline
S2_yoy,T3_zscore_neg_1.5,P1_long_cash,LB_NA,umcsent_yoy,9,0.684,True,pipeline
S2_yoy,T3_zscore_neg_1.5,P2_signal_strength,LB_NA,umcsent_yoy,9,0.6041,True,pipeline
S2_yoy,T3_zscore_neg_1.5,P3_long_short,LB_NA,umcsent_yoy,9,0.5294,True,pipeline
S2_yoy,T3_zscore_2.0,P1_long_cash,LB_NA,umcsent_yoy,9,-0.2431,False,pipeline
S2_yoy,T3_zscore_2.0,P2_signal_strength,LB_NA,umcsent_yoy,9,0.6041,True,pipeline
S2_yoy,T3_zscore_2.0,P3_long_short,LB_NA,umcsent_yoy,9,-0.7911,False,pipeline
S2_yoy,T3_zscore_neg_2.0,P1_long_cash,LB_NA,umcsent_yoy,9,0.6738,True,pipeline
S2_yoy,T3_zscore_neg_2.0,P2_signal_strength,LB_NA,umcsent_yoy,9,0.6041,True,pipeline
S2_yoy,T3_zscore_neg_2.0,P3_long_short,LB_NA,umcsent_yoy,9,0.5471,True,pipeline
S2_yoy,T4_zero,P1_long_cash,LB_NA,umcsent_yoy,9,0.3808,True,pipeline
S2_yoy,T4_zero,P2_signal_strength,LB_NA,umcsent_yoy,9,0.6041,True,pipeline
S2_yoy,T4_zero,P3_long_short,LB_NA,umcsent_yoy,9,-0.2707,False,pipeline
S2_yoy,T1_fixed_p25,P1_long_cash,LB_NA,umcsent_yoy,10,0.5555,True,pipeline
S2_yoy,T1_fixed_p25,P2_signal_strength,LB_NA,umcsent_yoy,10,0.682,True,pipeline
S2_yoy,T1_fixed_p25,P3_long_short,LB_NA,umcsent_yoy,10,0.1586,True,pipeline
S2_yoy,T1_fixed_p50,P1_long_cash,LB_NA,umcsent_yoy,10,0.7498,True,pipeline
S2_yoy,T1_fixed_p50,P2_signal_strength,LB_NA,umcsent_yoy,10,0.682,True,pipeline
S2_yoy,T1_fixed_p50,P3_long_short,LB_NA,umcsent_yoy,10,0.2615,True,pipeline
S2_yoy,T1_fixed_p75,P1_long_cash,LB_NA,umcsent_yoy,10,0.3423,True,pipeline
S2_yoy,T1_fixed_p75,P2_signal_strength,LB_NA,umcsent_yoy,10,0.682,True,pipeline
S2_yoy,T1_fixed_p75,P3_long_short,LB_NA,umcsent_yoy,10,-0.4219,False,pipeline
S2_yoy,T2_roll_p25,P1_long_cash,LB_NA,umcsent_yoy,10,0.6855,True,pipeline
S2_yoy,T2_roll_p25,P2_signal_strength,LB_NA,umcsent_yoy,10,0.682,True,pipeline
S2_yoy,T2_roll_p25,P3_long_short,LB_NA,umcsent_yoy,10,0.3477,True,pipeline
S2_yoy,T2_roll_p50,P1_long_cash,LB_NA,umcsent_yoy,10,0.5431,True,pipeline
S2_yoy,T2_roll_p50,P2_signal_strength,LB_NA,umcsent_yoy,10,0.682,True,pipeline
S2_yoy,T2_roll_p50,P3_long_short,LB_NA,umcsent_yoy,10,-0.0686,False,pipeline
S2_yoy,T2_roll_p75,P1_long_cash,LB_NA,umcsent_yoy,10,0.303,True,pipeline
S2_yoy,T2_roll_p75,P2_signal_strength,LB_NA,umcsent_yoy,10,0.682,True,pipeline
S2_yoy,T2_roll_p75,P3_long_short,LB_NA,umcsent_yoy,10,-0.4333,False,pipeline
S2_yoy,T3_zscore_1.0,P1_long_cash,LB_NA,umcsent_yoy,10,0.4649,True,pipeline
S2_yoy,T3_zscore_1.0,P2_signal_strength,LB_NA,umcsent_yoy,10,0.682,True,pipeline
S2_yoy,T3_zscore_1.0,P3_long_short,LB_NA,umcsent_yoy,10,-0.3338,False,pipeline
S2_yoy,T3_zscore_neg_1.0,P1_long_cash,LB_NA,umcsent_yoy,10,0.6688,True,pipeline
S2_yoy,T3_zscore_neg_1.0,P2_signal_strength,LB_NA,umcsent_yoy,10,0.682,True,pipeline
S2_yoy,T3_zscore_neg_1.0,P3_long_short,LB_NA,umcsent_yoy,10,0.4079,True,pipeline
S2_yoy,T3_zscore_1.5,P1_long_cash,LB_NA,umcsent_yoy,10,0.1034,True,pipeline
S2_yoy,T3_zscore_1.5,P2_signal_strength,LB_NA,umcsent_yoy,10,0.682,True,pipeline
S2_yoy,T3_zscore_1.5,P3_long_short,LB_NA,umcsent_yoy,10,-0.6568,False,pipeline
S2_yoy,T3_zscore_neg_1.5,P1_long_cash,LB_NA,umcsent_yoy,10,0.5199,True,pipeline
S2_yoy,T3_zscore_neg_1.5,P2_signal_strength,LB_NA,umcsent_yoy,10,0.682,True,pipeline
S2_yoy,T3_zscore_neg_1.5,P3_long_short,LB_NA,umcsent_yoy,10,0.2086,True,pipeline
S2_yoy,T3_zscore_2.0,P1_long_cash,LB_NA,umcsent_yoy,10,0.5967,True,pipeline
S2_yoy,T3_zscore_2.0,P2_signal_strength,LB_NA,umcsent_yoy,10,0.682,True,pipeline
S2_yoy,T3_zscore_2.0,P3_long_short,LB_NA,umcsent_yoy,10,-0.513,False,pipeline
S2_yoy,T3_zscore_neg_2.0,P1_long_cash,LB_NA,umcsent_yoy,10,0.6986,True,pipeline
S2_yoy,T3_zscore_neg_2.0,P2_signal_strength,LB_NA,umcsent_yoy,10,0.682,True,pipeline
S2_yoy,T3_zscore_neg_2.0,P3_long_short,LB_NA,umcsent_yoy,10,0.5983,True,pipeline
S2_yoy,T4_zero,P1_long_cash,LB_NA,umcsent_yoy,10,0.6638,True,pipeline
S2_yoy,T4_zero,P2_signal_strength,LB_NA,umcsent_yoy,10,0.682,True,pipeline
S2_yoy,T4_zero,P3_long_short,LB_NA,umcsent_yoy,10,0.218,True,pipeline
S2_yoy,T1_fixed_p25,P1_long_cash,LB_NA,umcsent_yoy,11,0.556,True,pipeline
S2_yoy,T1_fixed_p25,P2_signal_strength,LB_NA,umcsent_yoy,11,0.5455,True,pipeline
S2_yoy,T1_fixed_p25,P3_long_short,LB_NA,umcsent_yoy,11,0.1765,True,pipeline
S2_yoy,T1_fixed_p50,P1_long_cash,LB_NA,umcsent_yoy,11,0.3927,True,pipeline
S2_yoy,T1_fixed_p50,P2_signal_strength,LB_NA,umcsent_yoy,11,0.5455,True,pipeline
S2_yoy,T1_fixed_p50,P3_long_short,LB_NA,umcsent_yoy,11,-0.2835,False,pipeline
S2_yoy,T1_fixed_p75,P1_long_cash,LB_NA,umcsent_yoy,11,0.1851,True,pipeline
S2_yoy,T1_fixed_p75,P2_signal_strength,LB_NA,umcsent_yoy,11,0.5455,True,pipeline
S2_yoy,T1_fixed_p75,P3_long_short,LB_NA,umcsent_yoy,11,-0.5387,False,pipeline
S2_yoy,T2_roll_p25,P1_long_cash,LB_NA,umcsent_yoy,11,0.7525,True,pipeline
S2_yoy,T2_roll_p25,P2_signal_strength,LB_NA,umcsent_yoy,11,0.5455,True,pipeline
S2_yoy,T2_roll_p25,P3_long_short,LB_NA,umcsent_yoy,11,0.4568,True,pipeline
S2_yoy,T2_roll_p50,P1_long_cash,LB_NA,umcsent_yoy,11,0.3034,True,pipeline
S2_yoy,T2_roll_p50,P2_signal_strength,LB_NA,umcsent_yoy,11,0.5455,True,pipeline
S2_yoy,T2_roll_p50,P3_long_short,LB_NA,umcsent_yoy,11,-0.3812,False,pipeline
S2_yoy,T2_roll_p75,P1_long_cash,LB_NA,umcsent_yoy,11,0.2402,True,pipeline
S2_yoy,T2_roll_p75,P2_signal_strength,LB_NA,umcsent_yoy,11,0.5455,True,pipeline
S2_yoy,T2_roll_p75,P3_long_short,LB_NA,umcsent_yoy,11,-0.4723,False,pipeline
S2_yoy,T3_zscore_1.0,P1_long_cash,LB_NA,umcsent_yoy,11,0.2145,True,pipeline
S2_yoy,T3_zscore_1.0,P2_signal_strength,LB_NA,umcsent_yoy,11,0.5455,True,pipeline
S2_yoy,T3_zscore_1.0,P3_long_short,LB_NA,umcsent_yoy,11,-0.5135,False,pipeline
S2_yoy,T3_zscore_neg_1.0,P1_long_cash,LB_NA,umcsent_yoy,11,0.7931,True,pipeline
S2_yoy,T3_zscore_neg_1.0,P2_signal_strength,LB_NA,umcsent_yoy,11,0.5455,True,pipeline
S2_yoy,T3_zscore_neg_1.0,P3_long_short,LB_NA,umcsent_yoy,11,0.6278,True,pipeline
S2_yoy,T3_zscore_1.5,P1_long_cash,LB_NA,umcsent_yoy,11,0.4153,True,pipeline
S2_yoy,T3_zscore_1.5,P2_signal_strength,LB_NA,umcsent_yoy,11,0.5455,True,pipeline
S2_yoy,T3_zscore_1.5,P3_long_short,LB_NA,umcsent_yoy,11,-0.4857,False,pipeline
S2_yoy,T3_zscore_neg_1.5,P1_long_cash,LB_NA,umcsent_yoy,11,0.4926,True,pipeline
S2_yoy,T3_zscore_neg_1.5,P2_signal_strength,LB_NA,umcsent_yoy,11,0.5455,True,pipeline
S2_yoy,T3_zscore_neg_1.5,P3_long_short,LB_NA,umcsent_yoy,11,0.1857,True,pipeline
S2_yoy,T3_zscore_2.0,P1_long_cash,LB_NA,umcsent_yoy,11,-0.0264,False,pipeline
S2_yoy,T3_zscore_2.0,P2_signal_strength,LB_NA,umcsent_yoy,11,0.5455,True,pipeline
S2_yoy,T3_zscore_2.0,P3_long_short,LB_NA,umcsent_yoy,11,-0.7248,False,pipeline
S2_yoy,T3_zscore_neg_2.0,P1_long_cash,LB_NA,umcsent_yoy,11,0.5629,True,pipeline
S2_yoy,T3_zscore_neg_2.0,P2_signal_strength,LB_NA,umcsent_yoy,11,0.5455,True,pipeline
S2_yoy,T3_zscore_neg_2.0,P3_long_short,LB_NA,umcsent_yoy,11,0.3819,True,pipeline
S2_yoy,T4_zero,P1_long_cash,LB_NA,umcsent_yoy,11,0.536,True,pipeline
S2_yoy,T4_zero,P2_signal_strength,LB_NA,umcsent_yoy,11,0.5455,True,pipeline
S2_yoy,T4_zero,P3_long_short,LB_NA,umcsent_yoy,11,-0.0988,False,pipeline
S2_yoy,T1_fixed_p25,P1_long_cash,LB_NA,umcsent_yoy,12,0.4459,True,pipeline
S2_yoy,T1_fixed_p25,P2_signal_strength,LB_NA,umcsent_yoy,12,0.4107,True,pipeline
S2_yoy,T1_fixed_p25,P3_long_short,LB_NA,umcsent_yoy,12,-0.0102,False,pipeline
S2_yoy,T1_fixed_p50,P1_long_cash,LB_NA,umcsent_yoy,12,-0.1375,False,pipeline
S2_yoy,T1_fixed_p50,P2_signal_strength,LB_NA,umcsent_yoy,12,0.4107,True,pipeline
S2_yoy,T1_fixed_p50,P3_long_short,LB_NA,umcsent_yoy,12,-0.8797,False,pipeline
S2_yoy,T1_fixed_p75,P1_long_cash,LB_NA,umcsent_yoy,12,0.0248,True,pipeline
S2_yoy,T1_fixed_p75,P2_signal_strength,LB_NA,umcsent_yoy,12,0.4107,True,pipeline
S2_yoy,T1_fixed_p75,P3_long_short,LB_NA,umcsent_yoy,12,-0.691,False,pipeline
S2_yoy,T2_roll_p25,P1_long_cash,LB_NA,umcsent_yoy,12,0.5078,True,pipeline
S2_yoy,T2_roll_p25,P2_signal_strength,LB_NA,umcsent_yoy,12,0.4107,True,pipeline
S2_yoy,T2_roll_p25,P3_long_short,LB_NA,umcsent_yoy,12,-0.0095,False,pipeline
S2_yoy,T2_roll_p50,P1_long_cash,LB_NA,umcsent_yoy,12,0.1828,True,pipeline
S2_yoy,T2_roll_p50,P2_signal_strength,LB_NA,umcsent_yoy,12,0.4107,True,pipeline
S2_yoy,T2_roll_p50,P3_long_short,LB_NA,umcsent_yoy,12,-0.5059,False,pipeline
S2_yoy,T2_roll_p75,P1_long_cash,LB_NA,umcsent_yoy,12,0.0152,True,pipeline
S2_yoy,T2_roll_p75,P2_signal_strength,LB_NA,umcsent_yoy,12,0.4107,True,pipeline
S2_yoy,T2_roll_p75,P3_long_short,LB_NA,umcsent_yoy,12,-0.7001,False,pipeline
S2_yoy,T3_zscore_1.0,P1_long_cash,LB_NA,umcsent_yoy,12,-0.0891,False,pipeline
S2_yoy,T3_zscore_1.0,P2_signal_strength,LB_NA,umcsent_yoy,12,0.4107,True,pipeline
S2_yoy,T3_zscore_1.0,P3_long_short,LB_NA,umcsent_yoy,12,-0.7887,False,pipeline
S2_yoy,T3_zscore_neg_1.0,P1_long_cash,LB_NA,umcsent_yoy,12,0.7066,True,pipeline
S2_yoy,T3_zscore_neg_1.0,P2_signal_strength,LB_NA,umcsent_yoy,12,0.4107,True,pipeline
S2_yoy,T3_zscore_neg_1.0,P3_long_short,LB_NA,umcsent_yoy,12,0.3885,True,pipeline
S2_yoy,T3_zscore_1.5,P1_long_cash,LB_NA,umcsent_yoy,12,0.1253,True,pipeline
S2_yoy,T3_zscore_1.5,P2_signal_strength,LB_NA,umcsent_yoy,12,0.4107,True,pipeline
S2_yoy,T3_zscore_1.5,P3_long_short,LB_NA,umcsent_yoy,12,-0.6637,False,pipeline
S2_yoy,T3_zscore_neg_1.5,P1_long_cash,LB_NA,umcsent_yoy,12,0.5937,True,pipeline
S2_yoy,T3_zscore_neg_1.5,P2_signal_strength,LB_NA,umcsent_yoy,12,0.4107,True,pipeline
S2_yoy,T3_zscore_neg_1.5,P3_long_short,LB_NA,umcsent_yoy,12,0.3511,True,pipeline
S2_yoy,T3_zscore_2.0,P1_long_cash,LB_NA,umcsent_yoy,12,0.6055,True,pipeline
S2_yoy,T3_zscore_2.0,P2_signal_strength,LB_NA,umcsent_yoy,12,0.4107,True,pipeline
S2_yoy,T3_zscore_2.0,P3_long_short,LB_NA,umcsent_yoy,12,-0.5281,False,pipeline
S2_yoy,T3_zscore_neg_2.0,P1_long_cash,LB_NA,umcsent_yoy,12,0.4398,True,pipeline
S2_yoy,T3_zscore_neg_2.0,P2_signal_strength,LB_NA,umcsent_yoy,12,0.4107,True,pipeline
S2_yoy,T3_zscore_neg_2.0,P3_long_short,LB_NA,umcsent_yoy,12,0.1235,True,pipeline
S2_yoy,T4_zero,P1_long_cash,LB_NA,umcsent_yoy,12,0.078,True,pipeline
S2_yoy,T4_zero,P2_signal_strength,LB_NA,umcsent_yoy,12,0.4107,True,pipeline
S2_yoy,T4_zero,P3_long_short,LB_NA,umcsent_yoy,12,-0.6206,False,pipeline
S3_mom,T1_fixed_p25,P1_long_cash,LB_NA,umcsent_mom,0,0.1169,True,pipeline
S3_mom,T1_fixed_p25,P2_signal_strength,LB_NA,umcsent_mom,0,0.5298,True,pipeline
S3_mom,T1_fixed_p25,P3_long_short,LB_NA,umcsent_mom,0,-0.5336,False,pipeline
S3_mom,T1_fixed_p50,P1_long_cash,LB_NA,umcsent_mom,0,0.2485,True,pipeline
S3_mom,T1_fixed_p50,P2_signal_strength,LB_NA,umcsent_mom,0,0.5298,True,pipeline
S3_mom,T1_fixed_p50,P3_long_short,LB_NA,umcsent_mom,0,-0.3421,False,pipeline
S3_mom,T1_fixed_p75,P1_long_cash,LB_NA,umcsent_mom,0,-0.0964,False,pipeline
S3_mom,T1_fixed_p75,P2_signal_strength,LB_NA,umcsent_mom,0,0.5298,True,pipeline
S3_mom,T1_fixed_p75,P3_long_short,LB_NA,umcsent_mom,0,-0.8048,False,pipeline
S3_mom,T2_roll_p25,P1_long_cash,LB_NA,umcsent_mom,0,0.4522,True,pipeline
S3_mom,T2_roll_p25,P2_signal_strength,LB_NA,umcsent_mom,0,0.5298,True,pipeline
S3_mom,T2_roll_p25,P3_long_short,LB_NA,umcsent_mom,0,0.0265,True,pipeline
S3_mom,T2_roll_p50,P1_long_cash,LB_NA,umcsent_mom,0,0.2436,True,pipeline
S3_mom,T2_roll_p50,P2_signal_strength,LB_NA,umcsent_mom,0,0.5298,True,pipeline
S3_mom,T2_roll_p50,P3_long_short,LB_NA,umcsent_mom,0,-0.3494,False,pipeline
S3_mom,T2_roll_p75,P1_long_cash,LB_NA,umcsent_mom,0,0.3746,True,pipeline
S3_mom,T2_roll_p75,P2_signal_strength,LB_NA,umcsent_mom,0,0.5298,True,pipeline
S3_mom,T2_roll_p75,P3_long_short,LB_NA,umcsent_mom,0,-0.3737,False,pipeline
S3_mom,T3_zscore_1.0,P1_long_cash,LB_NA,umcsent_mom,0,0.0071,True,pipeline
S3_mom,T3_zscore_1.0,P2_signal_strength,LB_NA,umcsent_mom,0,0.5298,True,pipeline
S3_mom,T3_zscore_1.0,P3_long_short,LB_NA,umcsent_mom,0,-0.7109,False,pipeline
S3_mom,T3_zscore_neg_1.0,P1_long_cash,LB_NA,umcsent_mom,0,0.4312,True,pipeline
S3_mom,T3_zscore_neg_1.0,P2_signal_strength,LB_NA,umcsent_mom,0,0.5298,True,pipeline
S3_mom,T3_zscore_neg_1.0,P3_long_short,LB_NA,umcsent_mom,0,0.0213,True,pipeline
S3_mom,T3_zscore_1.5,P1_long_cash,LB_NA,umcsent_mom,0,0.2685,True,pipeline
S3_mom,T3_zscore_1.5,P2_signal_strength,LB_NA,umcsent_mom,0,0.5298,True,pipeline
S3_mom,T3_zscore_1.5,P3_long_short,LB_NA,umcsent_mom,0,-0.5753,False,pipeline
S3_mom,T3_zscore_neg_1.5,P1_long_cash,LB_NA,umcsent_mom,0,0.6727,True,pipeline
S3_mom,T3_zscore_neg_1.5,P2_signal_strength,LB_NA,umcsent_mom,0,0.5298,True,pipeline
S3_mom,T3_zscore_neg_1.5,P3_long_short,LB_NA,umcsent_mom,0,0.5186,True,pipeline
S3_mom,T3_zscore_2.0,P1_long_cash,LB_NA,umcsent_mom,0,0.0652,True,pipeline
S3_mom,T3_zscore_2.0,P2_signal_strength,LB_NA,umcsent_mom,0,0.5298,True,pipeline
S3_mom,T3_zscore_2.0,P3_long_short,LB_NA,umcsent_mom,0,-0.6938,False,pipeline
S3_mom,T3_zscore_neg_2.0,P1_long_cash,LB_NA,umcsent_mom,0,0.6232,True,pipeline
S3_mom,T3_zscore_neg_2.0,P2_signal_strength,LB_NA,umcsent_mom,0,0.5298,True,pipeline
S3_mom,T3_zscore_neg_2.0,P3_long_short,LB_NA,umcsent_mom,0,0.4422,True,pipeline
S3_mom,T4_zero,P1_long_cash,LB_NA,umcsent_mom,0,0.2208,True,pipeline
S3_mom,T4_zero,P2_signal_strength,LB_NA,umcsent_mom,0,0.5298,True,pipeline
S3_mom,T4_zero,P3_long_short,LB_NA,umcsent_mom,0,-0.3838,False,pipeline
S3_mom,T1_fixed_p25,P1_long_cash,LB_NA,umcsent_mom,1,0.8144,True,pipeline
S3_mom,T1_fixed_p25,P2_signal_strength,LB_NA,umcsent_mom,1,0.7667,True,pipeline
S3_mom,T1_fixed_p25,P3_long_short,LB_NA,umcsent_mom,1,0.5798,True,pipeline
S3_mom,T1_fixed_p50,P1_long_cash,LB_NA,umcsent_mom,1,0.4898,True,pipeline
S3_mom,T1_fixed_p50,P2_signal_strength,LB_NA,umcsent_mom,1,0.7667,True,pipeline
S3_mom,T1_fixed_p50,P3_long_short,LB_NA,umcsent_mom,1,-0.0035,False,pipeline
S3_mom,T1_fixed_p75,P1_long_cash,LB_NA,umcsent_mom,1,0.6199,True,pipeline
S3_mom,T1_fixed_p75,P2_signal_strength,LB_NA,umcsent_mom,1,0.7667,True,pipeline
S3_mom,T1_fixed_p75,P3_long_short,LB_NA,umcsent_mom,1,-0.1514,False,pipeline
S3_mom,T2_roll_p25,P1_long_cash,LB_NA,umcsent_mom,1,0.7446,True,pipeline
S3_mom,T2_roll_p25,P2_signal_strength,LB_NA,umcsent_mom,1,0.7667,True,pipeline
S3_mom,T2_roll_p25,P3_long_short,LB_NA,umcsent_mom,1,0.5448,True,pipeline
S3_mom,T2_roll_p50,P1_long_cash,LB_NA,umcsent_mom,1,0.5925,True,pipeline
S3_mom,T2_roll_p50,P2_signal_strength,LB_NA,umcsent_mom,1,0.7667,True,pipeline
S3_mom,T2_roll_p50,P3_long_short,LB_NA,umcsent_mom,1,0.1183,True,pipeline
S3_mom,T2_roll_p75,P1_long_cash,LB_NA,umcsent_mom,1,0.4578,True,pipeline
S3_mom,T2_roll_p75,P2_signal_strength,LB_NA,umcsent_mom,1,0.7667,True,pipeline
S3_mom,T2_roll_p75,P3_long_short,LB_NA,umcsent_mom,1,-0.2906,False,pipeline
S3_mom,T3_zscore_1.0,P1_long_cash,LB_NA,umcsent_mom,1,0.6825,True,pipeline
S3_mom,T3_zscore_1.0,P2_signal_strength,LB_NA,umcsent_mom,1,0.7667,True,pipeline
S3_mom,T3_zscore_1.0,P3_long_short,LB_NA,umcsent_mom,1,-0.1452,False,pipeline
S3_mom,T3_zscore_neg_1.0,P1_long_cash,LB_NA,umcsent_mom,1,0.9587,True,pipeline
S3_mom,T3_zscore_neg_1.0,P2_signal_strength,LB_NA,umcsent_mom,1,0.7667,True,pipeline
S3_mom,T3_zscore_neg_1.0,P3_long_short,LB_NA,umcsent_mom,1,0.9793,True,pipeline
S3_mom,T3_zscore_1.5,P1_long_cash,LB_NA,umcsent_mom,1,0.7112,True,pipeline
S3_mom,T3_zscore_1.5,P2_signal_strength,LB_NA,umcsent_mom,1,0.7667,True,pipeline
S3_mom,T3_zscore_1.5,P3_long_short,LB_NA,umcsent_mom,1,-0.1689,False,pipeline
S3_mom,T3_zscore_neg_1.5,P1_long_cash,LB_NA,umcsent_mom,1,0.7465,True,pipeline
S3_mom,T3_zscore_neg_1.5,P2_signal_strength,LB_NA,umcsent_mom,1,0.7667,True,pipeline
S3_mom,T3_zscore_neg_1.5,P3_long_short,LB_NA,umcsent_mom,1,0.6995,True,pipeline
S3_mom,T3_zscore_2.0,P1_long_cash,LB_NA,umcsent_mom,1,0.6721,True,pipeline
S3_mom,T3_zscore_2.0,P2_signal_strength,LB_NA,umcsent_mom,1,0.7667,True,pipeline
S3_mom,T3_zscore_2.0,P3_long_short,LB_NA,umcsent_mom,1,-0.313,False,pipeline
S3_mom,T3_zscore_neg_2.0,P1_long_cash,LB_NA,umcsent_mom,1,0.6855,True,pipeline
S3_mom,T3_zscore_neg_2.0,P2_signal_strength,LB_NA,umcsent_mom,1,0.7667,True,pipeline
S3_mom,T3_zscore_neg_2.0,P3_long_short,LB_NA,umcsent_mom,1,0.6069,True,pipeline
S3_mom,T4_zero,P1_long_cash,LB_NA,umcsent_mom,1,0.5386,True,pipeline
S3_mom,T4_zero,P2_signal_strength,LB_NA,umcsent_mom,1,0.7667,True,pipeline
S3_mom,T4_zero,P3_long_short,LB_NA,umcsent_mom,1,0.0595,True,pipeline
S3_mom,T1_fixed_p25,P1_long_cash,LB_NA,umcsent_mom,2,0.8228,True,pipeline
S3_mom,T1_fixed_p25,P2_signal_strength,LB_NA,umcsent_mom,2,0.8143,True,pipeline
S3_mom,T1_fixed_p25,P3_long_short,LB_NA,umcsent_mom,2,0.625,True,pipeline
S3_mom,T1_fixed_p50,P1_long_cash,LB_NA,umcsent_mom,2,0.8883,True,pipeline
S3_mom,T1_fixed_p50,P2_signal_strength,LB_NA,umcsent_mom,2,0.8143,True,pipeline
S3_mom,T1_fixed_p50,P3_long_short,LB_NA,umcsent_mom,2,0.6657,True,pipeline
S3_mom,T1_fixed_p75,P1_long_cash,LB_NA,umcsent_mom,2,0.6538,True,pipeline
S3_mom,T1_fixed_p75,P2_signal_strength,LB_NA,umcsent_mom,2,0.8143,True,pipeline
S3_mom,T1_fixed_p75,P3_long_short,LB_NA,umcsent_mom,2,-0.0407,False,pipeline
S3_mom,T2_roll_p25,P1_long_cash,LB_NA,umcsent_mom,2,0.8008,True,pipeline
S3_mom,T2_roll_p25,P2_signal_strength,LB_NA,umcsent_mom,2,0.8143,True,pipeline
S3_mom,T2_roll_p25,P3_long_short,LB_NA,umcsent_mom,2,0.6367,True,pipeline
S3_mom,T2_roll_p50,P1_long_cash,LB_NA,umcsent_mom,2,0.8179,True,pipeline
S3_mom,T2_roll_p50,P2_signal_strength,LB_NA,umcsent_mom,2,0.8143,True,pipeline
S3_mom,T2_roll_p50,P3_long_short,LB_NA,umcsent_mom,2,0.528,True,pipeline
S3_mom,T2_roll_p75,P1_long_cash,LB_NA,umcsent_mom,2,0.7211,True,pipeline
S3_mom,T2_roll_p75,P2_signal_strength,LB_NA,umcsent_mom,2,0.8143,True,pipeline
S3_mom,T2_roll_p75,P3_long_short,LB_NA,umcsent_mom,2,-0.0092,False,pipeline
S3_mom,T3_zscore_1.0,P1_long_cash,LB_NA,umcsent_mom,2,0.7227,True,pipeline
S3_mom,T3_zscore_1.0,P2_signal_strength,LB_NA,umcsent_mom,2,0.8143,True,pipeline
S3_mom,T3_zscore_1.0,P3_long_short,LB_NA,umcsent_mom,2,-0.1614,False,pipeline
S3_mom,T3_zscore_neg_1.0,P1_long_cash,LB_NA,umcsent_mom,2,0.8111,True,pipeline
S3_mom,T3_zscore_neg_1.0,P2_signal_strength,LB_NA,umcsent_mom,2,0.8143,True,pipeline
S3_mom,T3_zscore_neg_1.0,P3_long_short,LB_NA,umcsent_mom,2,0.7562,True,pipeline
S3_mom,T3_zscore_1.5,P1_long_cash,LB_NA,umcsent_mom,2,0.2939,True,pipeline
S3_mom,T3_zscore_1.5,P2_signal_strength,LB_NA,umcsent_mom,2,0.8143,True,pipeline
S3_mom,T3_zscore_1.5,P3_long_short,LB_NA,umcsent_mom,2,-0.5583,False,pipeline
S3_mom,T3_zscore_neg_1.5,P1_long_cash,LB_NA,umcsent_mom,2,0.8349,True,pipeline
S3_mom,T3_zscore_neg_1.5,P2_signal_strength,LB_NA,umcsent_mom,2,0.8143,True,pipeline
S3_mom,T3_zscore_neg_1.5,P3_long_short,LB_NA,umcsent_mom,2,0.876,True,pipeline
S3_mom,T3_zscore_2.0,P1_long_cash,LB_NA,umcsent_mom,2,0.7226,True,pipeline
S3_mom,T3_zscore_2.0,P2_signal_strength,LB_NA,umcsent_mom,2,0.8143,True,pipeline
S3_mom,T3_zscore_2.0,P3_long_short,LB_NA,umcsent_mom,2,-0.4895,False,pipeline
S3_mom,T3_zscore_neg_2.0,P1_long_cash,LB_NA,umcsent_mom,2,0.7408,True,pipeline
S3_mom,T3_zscore_neg_2.0,P2_signal_strength,LB_NA,umcsent_mom,2,0.8143,True,pipeline
S3_mom,T3_zscore_neg_2.0,P3_long_short,LB_NA,umcsent_mom,2,0.7225,True,pipeline
S3_mom,T4_zero,P1_long_cash,LB_NA,umcsent_mom,2,0.829,True,pipeline
S3_mom,T4_zero,P2_signal_strength,LB_NA,umcsent_mom,2,0.8143,True,pipeline
S3_mom,T4_zero,P3_long_short,LB_NA,umcsent_mom,2,0.5562,True,pipeline
S3_mom,T1_fixed_p25,P1_long_cash,LB_NA,umcsent_mom,3,0.239,True,pipeline
S3_mom,T1_fixed_p25,P2_signal_strength,LB_NA,umcsent_mom,3,0.3977,True,pipeline
S3_mom,T1_fixed_p25,P3_long_short,LB_NA,umcsent_mom,3,-0.3235,False,pipeline
S3_mom,T1_fixed_p50,P1_long_cash,LB_NA,umcsent_mom,3,0.1995,True,pipeline
S3_mom,T1_fixed_p50,P2_signal_strength,LB_NA,umcsent_mom,3,0.3977,True,pipeline
S3_mom,T1_fixed_p50,P3_long_short,LB_NA,umcsent_mom,3,-0.3973,False,pipeline
S3_mom,T1_fixed_p75,P1_long_cash,LB_NA,umcsent_mom,3,-0.0666,False,pipeline
S3_mom,T1_fixed_p75,P2_signal_strength,LB_NA,umcsent_mom,3,0.3977,True,pipeline
S3_mom,T1_fixed_p75,P3_long_short,LB_NA,umcsent_mom,3,-0.7836,False,pipeline
S3_mom,T2_roll_p25,P1_long_cash,LB_NA,umcsent_mom,3,0.2492,True,pipeline
S3_mom,T2_roll_p25,P2_signal_strength,LB_NA,umcsent_mom,3,0.3977,True,pipeline
S3_mom,T2_roll_p25,P3_long_short,LB_NA,umcsent_mom,3,-0.2962,False,pipeline
S3_mom,T2_roll_p50,P1_long_cash,LB_NA,umcsent_mom,3,0.1819,True,pipeline
S3_mom,T2_roll_p50,P2_signal_strength,LB_NA,umcsent_mom,3,0.3977,True,pipeline
S3_mom,T2_roll_p50,P3_long_short,LB_NA,umcsent_mom,3,-0.4251,False,pipeline
S3_mom,T2_roll_p75,P1_long_cash,LB_NA,umcsent_mom,3,-0.0208,False,pipeline
S3_mom,T2_roll_p75,P2_signal_strength,LB_NA,umcsent_mom,3,0.3977,True,pipeline
S3_mom,T2_roll_p75,P3_long_short,LB_NA,umcsent_mom,3,-0.7379,False,pipeline
S3_mom,T3_zscore_1.0,P1_long_cash,LB_NA,umcsent_mom,3,-0.286,False,pipeline
S3_mom,T3_zscore_1.0,P2_signal_strength,LB_NA,umcsent_mom,3,0.3977,True,pipeline
S3_mom,T3_zscore_1.0,P3_long_short,LB_NA,umcsent_mom,3,-0.9551,False,pipeline
S3_mom,T3_zscore_neg_1.0,P1_long_cash,LB_NA,umcsent_mom,3,0.4598,True,pipeline
S3_mom,T3_zscore_neg_1.0,P2_signal_strength,LB_NA,umcsent_mom,3,0.3977,True,pipeline
S3_mom,T3_zscore_neg_1.0,P3_long_short,LB_NA,umcsent_mom,3,0.0663,True,pipeline
S3_mom,T3_zscore_1.5,P1_long_cash,LB_NA,umcsent_mom,3,0.0479,True,pipeline
S3_mom,T3_zscore_1.5,P2_signal_strength,LB_NA,umcsent_mom,3,0.3977,True,pipeline
S3_mom,T3_zscore_1.5,P3_long_short,LB_NA,umcsent_mom,3,-0.6847,False,pipeline
S3_mom,T3_zscore_neg_1.5,P1_long_cash,LB_NA,umcsent_mom,3,0.4602,True,pipeline
S3_mom,T3_zscore_neg_1.5,P2_signal_strength,LB_NA,umcsent_mom,3,0.3977,True,pipeline
S3_mom,T3_zscore_neg_1.5,P3_long_short,LB_NA,umcsent_mom,3,0.1152,True,pipeline
S3_mom,T3_zscore_2.0,P1_long_cash,LB_NA,umcsent_mom,3,0.0793,True,pipeline
S3_mom,T3_zscore_2.0,P2_signal_strength,LB_NA,umcsent_mom,3,0.3977,True,pipeline
S3_mom,T3_zscore_2.0,P3_long_short,LB_NA,umcsent_mom,3,-0.6815,False,pipeline
S3_mom,T3_zscore_neg_2.0,P1_long_cash,LB_NA,umcsent_mom,3,0.4693,True,pipeline
S3_mom,T3_zscore_neg_2.0,P2_signal_strength,LB_NA,umcsent_mom,3,0.3977,True,pipeline
S3_mom,T3_zscore_neg_2.0,P3_long_short,LB_NA,umcsent_mom,3,0.1577,True,pipeline
S3_mom,T4_zero,P1_long_cash,LB_NA,umcsent_mom,3,0.1778,True,pipeline
S3_mom,T4_zero,P2_signal_strength,LB_NA,umcsent_mom,3,0.3977,True,pipeline
S3_mom,T4_zero,P3_long_short,LB_NA,umcsent_mom,3,-0.4317,False,pipeline
S3_mom,T1_fixed_p25,P1_long_cash,LB_NA,umcsent_mom,4,0.6185,True,pipeline
S3_mom,T1_fixed_p25,P2_signal_strength,LB_NA,umcsent_mom,4,0.7228,True,pipeline
S3_mom,T1_fixed_p25,P3_long_short,LB_NA,umcsent_mom,4,0.2319,True,pipeline
S3_mom,T1_fixed_p50,P1_long_cash,LB_NA,umcsent_mom,4,0.4587,True,pipeline
S3_mom,T1_fixed_p50,P2_signal_strength,LB_NA,umcsent_mom,4,0.7228,True,pipeline
S3_mom,T1_fixed_p50,P3_long_short,LB_NA,umcsent_mom,4,-0.0364,False,pipeline
S3_mom,T1_fixed_p75,P1_long_cash,LB_NA,umcsent_mom,4,0.4651,True,pipeline
S3_mom,T1_fixed_p75,P2_signal_strength,LB_NA,umcsent_mom,4,0.7228,True,pipeline
S3_mom,T1_fixed_p75,P3_long_short,LB_NA,umcsent_mom,4,-0.25,False,pipeline
S3_mom,T2_roll_p25,P1_long_cash,LB_NA,umcsent_mom,4,0.4397,True,pipeline
S3_mom,T2_roll_p25,P2_signal_strength,LB_NA,umcsent_mom,4,0.7228,True,pipeline
S3_mom,T2_roll_p25,P3_long_short,LB_NA,umcsent_mom,4,-0.0124,False,pipeline
S3_mom,T2_roll_p50,P1_long_cash,LB_NA,umcsent_mom,4,0.4811,True,pipeline
S3_mom,T2_roll_p50,P2_signal_strength,LB_NA,umcsent_mom,4,0.7228,True,pipeline
S3_mom,T2_roll_p50,P3_long_short,LB_NA,umcsent_mom,4,-0.0056,False,pipeline
S3_mom,T2_roll_p75,P1_long_cash,LB_NA,umcsent_mom,4,0.3383,True,pipeline
S3_mom,T2_roll_p75,P2_signal_strength,LB_NA,umcsent_mom,4,0.7228,True,pipeline
S3_mom,T2_roll_p75,P3_long_short,LB_NA,umcsent_mom,4,-0.3685,False,pipeline
S3_mom,T3_zscore_1.0,P1_long_cash,LB_NA,umcsent_mom,4,0.6236,True,pipeline
S3_mom,T3_zscore_1.0,P2_signal_strength,LB_NA,umcsent_mom,4,0.7228,True,pipeline
S3_mom,T3_zscore_1.0,P3_long_short,LB_NA,umcsent_mom,4,-0.1659,False,pipeline
S3_mom,T3_zscore_neg_1.0,P1_long_cash,LB_NA,umcsent_mom,4,0.5287,True,pipeline
S3_mom,T3_zscore_neg_1.0,P2_signal_strength,LB_NA,umcsent_mom,4,0.7228,True,pipeline
S3_mom,T3_zscore_neg_1.0,P3_long_short,LB_NA,umcsent_mom,4,0.1702,True,pipeline
S3_mom,T3_zscore_1.5,P1_long_cash,LB_NA,umcsent_mom,4,0.5985,True,pipeline
S3_mom,T3_zscore_1.5,P2_signal_strength,LB_NA,umcsent_mom,4,0.7228,True,pipeline
S3_mom,T3_zscore_1.5,P3_long_short,LB_NA,umcsent_mom,4,-0.2811,False,pipeline
S3_mom,T3_zscore_neg_1.5,P1_long_cash,LB_NA,umcsent_mom,4,0.5537,True,pipeline
S3_mom,T3_zscore_neg_1.5,P2_signal_strength,LB_NA,umcsent_mom,4,0.7228,True,pipeline
S3_mom,T3_zscore_neg_1.5,P3_long_short,LB_NA,umcsent_mom,4,0.2941,True,pipeline
S3_mom,T3_zscore_2.0,P1_long_cash,LB_NA,umcsent_mom,4,0.4681,True,pipeline
S3_mom,T3_zscore_2.0,P2_signal_strength,LB_NA,umcsent_mom,4,0.7228,True,pipeline
S3_mom,T3_zscore_2.0,P3_long_short,LB_NA,umcsent_mom,4,-0.4686,False,pipeline
S3_mom,T3_zscore_neg_2.0,P1_long_cash,LB_NA,umcsent_mom,4,0.7266,True,pipeline
S3_mom,T3_zscore_neg_2.0,P2_signal_strength,LB_NA,umcsent_mom,4,0.7228,True,pipeline
S3_mom,T3_zscore_neg_2.0,P3_long_short,LB_NA,umcsent_mom,4,0.671,True,pipeline
S3_mom,T4_zero,P1_long_cash,LB_NA,umcsent_mom,4,0.4124,True,pipeline
S3_mom,T4_zero,P2_signal_strength,LB_NA,umcsent_mom,4,0.7228,True,pipeline
S3_mom,T4_zero,P3_long_short,LB_NA,umcsent_mom,4,-0.1075,False,pipeline
S3_mom,T1_fixed_p25,P1_long_cash,LB_NA,umcsent_mom,5,0.941,True,pipeline
S3_mom,T1_fixed_p25,P2_signal_strength,LB_NA,umcsent_mom,5,0.9313,True,pipeline
S3_mom,T1_fixed_p25,P3_long_short,LB_NA,umcsent_mom,5,0.8468,True,pipeline
S3_mom,T1_fixed_p50,P1_long_cash,LB_NA,umcsent_mom,5,1.0183,True,pipeline
S3_mom,T1_fixed_p50,P2_signal_strength,LB_NA,umcsent_mom,5,0.9313,True,pipeline
S3_mom,T1_fixed_p50,P3_long_short,LB_NA,umcsent_mom,5,0.8505,True,pipeline
S3_mom,T1_fixed_p75,P1_long_cash,LB_NA,umcsent_mom,5,0.5781,True,pipeline
S3_mom,T1_fixed_p75,P2_signal_strength,LB_NA,umcsent_mom,5,0.9313,True,pipeline
S3_mom,T1_fixed_p75,P3_long_short,LB_NA,umcsent_mom,5,-0.1789,False,pipeline
S3_mom,T2_roll_p25,P1_long_cash,LB_NA,umcsent_mom,5,0.9185,True,pipeline
S3_mom,T2_roll_p25,P2_signal_strength,LB_NA,umcsent_mom,5,0.9313,True,pipeline
S3_mom,T2_roll_p25,P3_long_short,LB_NA,umcsent_mom,5,0.8705,True,pipeline
S3_mom,T2_roll_p50,P1_long_cash,LB_NA,umcsent_mom,5,1.0813,True,pipeline
S3_mom,T2_roll_p50,P2_signal_strength,LB_NA,umcsent_mom,5,0.9313,True,pipeline
S3_mom,T2_roll_p50,P3_long_short,LB_NA,umcsent_mom,5,0.932,True,pipeline
S3_mom,T2_roll_p75,P1_long_cash,LB_NA,umcsent_mom,5,0.8296,True,pipeline
S3_mom,T2_roll_p75,P2_signal_strength,LB_NA,umcsent_mom,5,0.9313,True,pipeline
S3_mom,T2_roll_p75,P3_long_short,LB_NA,umcsent_mom,5,0.146,True,pipeline
S3_mom,T3_zscore_1.0,P1_long_cash,LB_NA,umcsent_mom,5,0.3701,True,pipeline
S3_mom,T3_zscore_1.0,P2_signal_strength,LB_NA,umcsent_mom,5,0.9313,True,pipeline
S3_mom,T3_zscore_1.0,P3_long_short,LB_NA,umcsent_mom,5,-0.413,False,pipeline
S3_mom,T3_zscore_neg_1.0,P1_long_cash,LB_NA,umcsent_mom,5,0.9037,True,pipeline
S3_mom,T3_zscore_neg_1.0,P2_signal_strength,LB_NA,umcsent_mom,5,0.9313,True,pipeline
S3_mom,T3_zscore_neg_1.0,P3_long_short,LB_NA,umcsent_mom,5,0.9164,True,pipeline
S3_mom,T3_zscore_1.5,P1_long_cash,LB_NA,umcsent_mom,5,0.3824,True,pipeline
S3_mom,T3_zscore_1.5,P2_signal_strength,LB_NA,umcsent_mom,5,0.9313,True,pipeline
S3_mom,T3_zscore_1.5,P3_long_short,LB_NA,umcsent_mom,5,-0.4348,False,pipeline
S3_mom,T3_zscore_neg_1.5,P1_long_cash,LB_NA,umcsent_mom,5,0.8384,True,pipeline
S3_mom,T3_zscore_neg_1.5,P2_signal_strength,LB_NA,umcsent_mom,5,0.9313,True,pipeline
S3_mom,T3_zscore_neg_1.5,P3_long_short,LB_NA,umcsent_mom,5,0.9065,True,pipeline
S3_mom,T3_zscore_2.0,P1_long_cash,LB_NA,umcsent_mom,5,-0.4728,False,pipeline
S3_mom,T3_zscore_2.0,P2_signal_strength,LB_NA,umcsent_mom,5,0.9313,True,pipeline
S3_mom,T3_zscore_2.0,P3_long_short,LB_NA,umcsent_mom,5,-0.9101,False,pipeline
S3_mom,T3_zscore_neg_2.0,P1_long_cash,LB_NA,umcsent_mom,5,0.9161,True,pipeline
S3_mom,T3_zscore_neg_2.0,P2_signal_strength,LB_NA,umcsent_mom,5,0.9313,True,pipeline
S3_mom,T3_zscore_neg_2.0,P3_long_short,LB_NA,umcsent_mom,5,1.0789,True,pipeline
S3_mom,T4_zero,P1_long_cash,LB_NA,umcsent_mom,5,0.9358,True,pipeline
S3_mom,T4_zero,P2_signal_strength,LB_NA,umcsent_mom,5,0.9313,True,pipeline
S3_mom,T4_zero,P3_long_short,LB_NA,umcsent_mom,5,0.6564,True,pipeline
S3_mom,T1_fixed_p25,P1_long_cash,LB_NA,umcsent_mom,6,0.5502,True,pipeline
S3_mom,T1_fixed_p25,P2_signal_strength,LB_NA,umcsent_mom,6,0.8293,True,pipeline
S3_mom,T1_fixed_p25,P3_long_short,LB_NA,umcsent_mom,6,0.1344,True,pipeline
S3_mom,T1_fixed_p50,P1_long_cash,LB_NA,umcsent_mom,6,0.4303,True,pipeline
S3_mom,T1_fixed_p50,P2_signal_strength,LB_NA,umcsent_mom,6,0.8293,True,pipeline
S3_mom,T1_fixed_p50,P3_long_short,LB_NA,umcsent_mom,6,-0.1045,False,pipeline
S3_mom,T1_fixed_p75,P1_long_cash,LB_NA,umcsent_mom,6,0.7319,True,pipeline
S3_mom,T1_fixed_p75,P2_signal_strength,LB_NA,umcsent_mom,6,0.8293,True,pipeline
S3_mom,T1_fixed_p75,P3_long_short,LB_NA,umcsent_mom,6,0.0453,True,pipeline
S3_mom,T2_roll_p25,P1_long_cash,LB_NA,umcsent_mom,6,0.672,True,pipeline
S3_mom,T2_roll_p25,P2_signal_strength,LB_NA,umcsent_mom,6,0.8293,True,pipeline
S3_mom,T2_roll_p25,P3_long_short,LB_NA,umcsent_mom,6,0.3313,True,pipeline
S3_mom,T2_roll_p50,P1_long_cash,LB_NA,umcsent_mom,6,0.5212,True,pipeline
S3_mom,T2_roll_p50,P2_signal_strength,LB_NA,umcsent_mom,6,0.8293,True,pipeline
S3_mom,T2_roll_p50,P3_long_short,LB_NA,umcsent_mom,6,0.0041,True,pipeline
S3_mom,T2_roll_p75,P1_long_cash,LB_NA,umcsent_mom,6,0.8083,True,pipeline
S3_mom,T2_roll_p75,P2_signal_strength,LB_NA,umcsent_mom,6,0.8293,True,pipeline
S3_mom,T2_roll_p75,P3_long_short,LB_NA,umcsent_mom,6,0.1418,True,pipeline
S3_mom,T3_zscore_1.0,P1_long_cash,LB_NA,umcsent_mom,6,1.1586,True,pipeline
S3_mom,T3_zscore_1.0,P2_signal_strength,LB_NA,umcsent_mom,6,0.8293,True,pipeline
S3_mom,T3_zscore_1.0,P3_long_short,LB_NA,umcsent_mom,6,0.3452,True,pipeline
S3_mom,T3_zscore_neg_1.0,P1_long_cash,LB_NA,umcsent_mom,6,0.6657,True,pipeline
S3_mom,T3_zscore_neg_1.0,P2_signal_strength,LB_NA,umcsent_mom,6,0.8293,True,pipeline
S3_mom,T3_zscore_neg_1.0,P3_long_short,LB_NA,umcsent_mom,6,0.4231,True,pipeline
S3_mom,T3_zscore_1.5,P1_long_cash,LB_NA,umcsent_mom,6,1.0619,True,pipeline
S3_mom,T3_zscore_1.5,P2_signal_strength,LB_NA,umcsent_mom,6,0.8293,True,pipeline
S3_mom,T3_zscore_1.5,P3_long_short,LB_NA,umcsent_mom,6,-0.1512,False,pipeline
S3_mom,T3_zscore_neg_1.5,P1_long_cash,LB_NA,umcsent_mom,6,0.7181,True,pipeline
S3_mom,T3_zscore_neg_1.5,P2_signal_strength,LB_NA,umcsent_mom,6,0.8293,True,pipeline
S3_mom,T3_zscore_neg_1.5,P3_long_short,LB_NA,umcsent_mom,6,0.6458,True,pipeline
S3_mom,T3_zscore_2.0,P1_long_cash,LB_NA,umcsent_mom,6,0.6284,True,pipeline
S3_mom,T3_zscore_2.0,P2_signal_strength,LB_NA,umcsent_mom,6,0.8293,True,pipeline
S3_mom,T3_zscore_2.0,P3_long_short,LB_NA,umcsent_mom,6,-0.5126,False,pipeline
S3_mom,T3_zscore_neg_2.0,P1_long_cash,LB_NA,umcsent_mom,6,0.7088,True,pipeline
S3_mom,T3_zscore_neg_2.0,P2_signal_strength,LB_NA,umcsent_mom,6,0.8293,True,pipeline
S3_mom,T3_zscore_neg_2.0,P3_long_short,LB_NA,umcsent_mom,6,0.639,True,pipeline
S3_mom,T4_zero,P1_long_cash,LB_NA,umcsent_mom,6,0.4423,True,pipeline
S3_mom,T4_zero,P2_signal_strength,LB_NA,umcsent_mom,6,0.8293,True,pipeline
S3_mom,T4_zero,P3_long_short,LB_NA,umcsent_mom,6,-0.0883,False,pipeline
S3_mom,T1_fixed_p25,P1_long_cash,LB_NA,umcsent_mom,7,0.2058,True,pipeline
S3_mom,T1_fixed_p25,P2_signal_strength,LB_NA,umcsent_mom,7,0.5236,True,pipeline
S3_mom,T1_fixed_p25,P3_long_short,LB_NA,umcsent_mom,7,-0.4293,False,pipeline
S3_mom,T1_fixed_p50,P1_long_cash,LB_NA,umcsent_mom,7,0.3194,True,pipeline
S3_mom,T1_fixed_p50,P2_signal_strength,LB_NA,umcsent_mom,7,0.5236,True,pipeline
S3_mom,T1_fixed_p50,P3_long_short,LB_NA,umcsent_mom,7,-0.3267,False,pipeline
S3_mom,T1_fixed_p75,P1_long_cash,LB_NA,umcsent_mom,7,0.2571,True,pipeline
S3_mom,T1_fixed_p75,P2_signal_strength,LB_NA,umcsent_mom,7,0.5236,True,pipeline
S3_mom,T1_fixed_p75,P3_long_short,LB_NA,umcsent_mom,7,-0.4885,False,pipeline
S3_mom,T2_roll_p25,P1_long_cash,LB_NA,umcsent_mom,7,0.1881,True,pipeline
S3_mom,T2_roll_p25,P2_signal_strength,LB_NA,umcsent_mom,7,0.5236,True,pipeline
S3_mom,T2_roll_p25,P3_long_short,LB_NA,umcsent_mom,7,-0.449,False,pipeline
S3_mom,T2_roll_p50,P1_long_cash,LB_NA,umcsent_mom,7,0.2855,True,pipeline
S3_mom,T2_roll_p50,P2_signal_strength,LB_NA,umcsent_mom,7,0.5236,True,pipeline
S3_mom,T2_roll_p50,P3_long_short,LB_NA,umcsent_mom,7,-0.3683,False,pipeline
S3_mom,T2_roll_p75,P1_long_cash,LB_NA,umcsent_mom,7,0.4106,True,pipeline
S3_mom,T2_roll_p75,P2_signal_strength,LB_NA,umcsent_mom,7,0.5236,True,pipeline
S3_mom,T2_roll_p75,P3_long_short,LB_NA,umcsent_mom,7,-0.3552,False,pipeline
S3_mom,T3_zscore_1.0,P1_long_cash,LB_NA,umcsent_mom,7,0.1975,True,pipeline
S3_mom,T3_zscore_1.0,P2_signal_strength,LB_NA,umcsent_mom,7,0.5236,True,pipeline
S3_mom,T3_zscore_1.0,P3_long_short,LB_NA,umcsent_mom,7,-0.5814,False,pipeline
S3_mom,T3_zscore_neg_1.0,P1_long_cash,LB_NA,umcsent_mom,7,0.1476,True,pipeline
S3_mom,T3_zscore_neg_1.0,P2_signal_strength,LB_NA,umcsent_mom,7,0.5236,True,pipeline
S3_mom,T3_zscore_neg_1.0,P3_long_short,LB_NA,umcsent_mom,7,-0.4871,False,pipeline
S3_mom,T3_zscore_1.5,P1_long_cash,LB_NA,umcsent_mom,7,0.1789,True,pipeline
S3_mom,T3_zscore_1.5,P2_signal_strength,LB_NA,umcsent_mom,7,0.5236,True,pipeline
S3_mom,T3_zscore_1.5,P3_long_short,LB_NA,umcsent_mom,7,-0.639,False,pipeline
S3_mom,T3_zscore_neg_1.5,P1_long_cash,LB_NA,umcsent_mom,7,0.5218,True,pipeline
S3_mom,T3_zscore_neg_1.5,P2_signal_strength,LB_NA,umcsent_mom,7,0.5236,True,pipeline
S3_mom,T3_zscore_neg_1.5,P3_long_short,LB_NA,umcsent_mom,7,0.1919,True,pipeline
S3_mom,T3_zscore_2.0,P1_long_cash,LB_NA,umcsent_mom,7,0.2951,True,pipeline
S3_mom,T3_zscore_2.0,P2_signal_strength,LB_NA,umcsent_mom,7,0.5236,True,pipeline
S3_mom,T3_zscore_2.0,P3_long_short,LB_NA,umcsent_mom,7,-0.6105,False,pipeline
S3_mom,T3_zscore_neg_2.0,P1_long_cash,LB_NA,umcsent_mom,7,0.6276,True,pipeline
S3_mom,T3_zscore_neg_2.0,P2_signal_strength,LB_NA,umcsent_mom,7,0.5236,True,pipeline
S3_mom,T3_zscore_neg_2.0,P3_long_short,LB_NA,umcsent_mom,7,0.4183,True,pipeline
S3_mom,T4_zero,P1_long_cash,LB_NA,umcsent_mom,7,0.3194,True,pipeline
S3_mom,T4_zero,P2_signal_strength,LB_NA,umcsent_mom,7,0.5236,True,pipeline
S3_mom,T4_zero,P3_long_short,LB_NA,umcsent_mom,7,-0.3267,False,pipeline
S3_mom,T1_fixed_p25,P1_long_cash,LB_NA,umcsent_mom,8,0.2589,True,pipeline
S3_mom,T1_fixed_p25,P2_signal_strength,LB_NA,umcsent_mom,8,0.442,True,pipeline
S3_mom,T1_fixed_p25,P3_long_short,LB_NA,umcsent_mom,8,-0.2817,False,pipeline
S3_mom,T1_fixed_p50,P1_long_cash,LB_NA,umcsent_mom,8,0.3338,True,pipeline
S3_mom,T1_fixed_p50,P2_signal_strength,LB_NA,umcsent_mom,8,0.442,True,pipeline
S3_mom,T1_fixed_p50,P3_long_short,LB_NA,umcsent_mom,8,-0.1818,False,pipeline
S3_mom,T1_fixed_p75,P1_long_cash,LB_NA,umcsent_mom,8,-0.3865,False,pipeline
S3_mom,T1_fixed_p75,P2_signal_strength,LB_NA,umcsent_mom,8,0.442,True,pipeline
S3_mom,T1_fixed_p75,P3_long_short,LB_NA,umcsent_mom,8,-1.1489,False,pipeline
S3_mom,T2_roll_p25,P1_long_cash,LB_NA,umcsent_mom,8,0.4064,True,pipeline
S3_mom,T2_roll_p25,P2_signal_strength,LB_NA,umcsent_mom,8,0.442,True,pipeline
S3_mom,T2_roll_p25,P3_long_short,LB_NA,umcsent_mom,8,-0.0235,False,pipeline
S3_mom,T2_roll_p50,P1_long_cash,LB_NA,umcsent_mom,8,0.3768,True,pipeline
S3_mom,T2_roll_p50,P2_signal_strength,LB_NA,umcsent_mom,8,0.442,True,pipeline
S3_mom,T2_roll_p50,P3_long_short,LB_NA,umcsent_mom,8,-0.1186,False,pipeline
S3_mom,T2_roll_p75,P1_long_cash,LB_NA,umcsent_mom,8,-0.2099,False,pipeline
S3_mom,T2_roll_p75,P2_signal_strength,LB_NA,umcsent_mom,8,0.442,True,pipeline
S3_mom,T2_roll_p75,P3_long_short,LB_NA,umcsent_mom,8,-0.9639,False,pipeline
S3_mom,T3_zscore_1.0,P1_long_cash,LB_NA,umcsent_mom,8,-0.0761,False,pipeline
S3_mom,T3_zscore_1.0,P2_signal_strength,LB_NA,umcsent_mom,8,0.442,True,pipeline
S3_mom,T3_zscore_1.0,P3_long_short,LB_NA,umcsent_mom,8,-0.787,False,pipeline
S3_mom,T3_zscore_neg_1.0,P1_long_cash,LB_NA,umcsent_mom,8,0.4674,True,pipeline
S3_mom,T3_zscore_neg_1.0,P2_signal_strength,LB_NA,umcsent_mom,8,0.442,True,pipeline
S3_mom,T3_zscore_neg_1.0,P3_long_short,LB_NA,umcsent_mom,8,0.1299,True,pipeline
S3_mom,T3_zscore_1.5,P1_long_cash,LB_NA,umcsent_mom,8,-0.0599,False,pipeline
S3_mom,T3_zscore_1.5,P2_signal_strength,LB_NA,umcsent_mom,8,0.442,True,pipeline
S3_mom,T3_zscore_1.5,P3_long_short,LB_NA,umcsent_mom,8,-0.7594,False,pipeline
S3_mom,T3_zscore_neg_1.5,P1_long_cash,LB_NA,umcsent_mom,8,0.574,True,pipeline
S3_mom,T3_zscore_neg_1.5,P2_signal_strength,LB_NA,umcsent_mom,8,0.442,True,pipeline
S3_mom,T3_zscore_neg_1.5,P3_long_short,LB_NA,umcsent_mom,8,0.3971,True,pipeline
S3_mom,T3_zscore_2.0,P1_long_cash,LB_NA,umcsent_mom,8,0.1171,True,pipeline
S3_mom,T3_zscore_2.0,P2_signal_strength,LB_NA,umcsent_mom,8,0.442,True,pipeline
S3_mom,T3_zscore_2.0,P3_long_short,LB_NA,umcsent_mom,8,-0.6525,False,pipeline
S3_mom,T3_zscore_neg_2.0,P1_long_cash,LB_NA,umcsent_mom,8,0.5506,True,pipeline
S3_mom,T3_zscore_neg_2.0,P2_signal_strength,LB_NA,umcsent_mom,8,0.442,True,pipeline
S3_mom,T3_zscore_neg_2.0,P3_long_short,LB_NA,umcsent_mom,8,0.3665,True,pipeline
S3_mom,T4_zero,P1_long_cash,LB_NA,umcsent_mom,8,0.3338,True,pipeline
S3_mom,T4_zero,P2_signal_strength,LB_NA,umcsent_mom,8,0.442,True,pipeline
S3_mom,T4_zero,P3_long_short,LB_NA,umcsent_mom,8,-0.1818,False,pipeline
S3_mom,T1_fixed_p25,P1_long_cash,LB_NA,umcsent_mom,9,0.6183,True,pipeline
S3_mom,T1_fixed_p25,P2_signal_strength,LB_NA,umcsent_mom,9,0.6369,True,pipeline
S3_mom,T1_fixed_p25,P3_long_short,LB_NA,umcsent_mom,9,0.3192,True,pipeline
S3_mom,T1_fixed_p50,P1_long_cash,LB_NA,umcsent_mom,9,0.7433,True,pipeline
S3_mom,T1_fixed_p50,P2_signal_strength,LB_NA,umcsent_mom,9,0.6369,True,pipeline
S3_mom,T1_fixed_p50,P3_long_short,LB_NA,umcsent_mom,9,0.3247,True,pipeline
S3_mom,T1_fixed_p75,P1_long_cash,LB_NA,umcsent_mom,9,0.3391,True,pipeline
S3_mom,T1_fixed_p75,P2_signal_strength,LB_NA,umcsent_mom,9,0.6369,True,pipeline
S3_mom,T1_fixed_p75,P3_long_short,LB_NA,umcsent_mom,9,-0.3407,False,pipeline
S3_mom,T2_roll_p25,P1_long_cash,LB_NA,umcsent_mom,9,0.4922,True,pipeline
S3_mom,T2_roll_p25,P2_signal_strength,LB_NA,umcsent_mom,9,0.6369,True,pipeline
S3_mom,T2_roll_p25,P3_long_short,LB_NA,umcsent_mom,9,0.1134,True,pipeline
S3_mom,T2_roll_p50,P1_long_cash,LB_NA,umcsent_mom,9,0.6778,True,pipeline
S3_mom,T2_roll_p50,P2_signal_strength,LB_NA,umcsent_mom,9,0.6369,True,pipeline
S3_mom,T2_roll_p50,P3_long_short,LB_NA,umcsent_mom,9,0.2192,True,pipeline
S3_mom,T2_roll_p75,P1_long_cash,LB_NA,umcsent_mom,9,0.1786,True,pipeline
S3_mom,T2_roll_p75,P2_signal_strength,LB_NA,umcsent_mom,9,0.6369,True,pipeline
S3_mom,T2_roll_p75,P3_long_short,LB_NA,umcsent_mom,9,-0.5166,False,pipeline
S3_mom,T3_zscore_1.0,P1_long_cash,LB_NA,umcsent_mom,9,0.3225,True,pipeline
S3_mom,T3_zscore_1.0,P2_signal_strength,LB_NA,umcsent_mom,9,0.6369,True,pipeline
S3_mom,T3_zscore_1.0,P3_long_short,LB_NA,umcsent_mom,9,-0.3909,False,pipeline
S3_mom,T3_zscore_neg_1.0,P1_long_cash,LB_NA,umcsent_mom,9,0.6844,True,pipeline
S3_mom,T3_zscore_neg_1.0,P2_signal_strength,LB_NA,umcsent_mom,9,0.6369,True,pipeline
S3_mom,T3_zscore_neg_1.0,P3_long_short,LB_NA,umcsent_mom,9,0.5798,True,pipeline
S3_mom,T3_zscore_1.5,P1_long_cash,LB_NA,umcsent_mom,9,-0.0079,False,pipeline
S3_mom,T3_zscore_1.5,P2_signal_strength,LB_NA,umcsent_mom,9,0.6369,True,pipeline
S3_mom,T3_zscore_1.5,P3_long_short,LB_NA,umcsent_mom,9,-0.7217,False,pipeline
S3_mom,T3_zscore_neg_1.5,P1_long_cash,LB_NA,umcsent_mom,9,0.6638,True,pipeline
S3_mom,T3_zscore_neg_1.5,P2_signal_strength,LB_NA,umcsent_mom,9,0.6369,True,pipeline
S3_mom,T3_zscore_neg_1.5,P3_long_short,LB_NA,umcsent_mom,9,0.5837,True,pipeline
S3_mom,T3_zscore_2.0,P1_long_cash,LB_NA,umcsent_mom,9,-0.2984,False,pipeline
S3_mom,T3_zscore_2.0,P2_signal_strength,LB_NA,umcsent_mom,9,0.6369,True,pipeline
S3_mom,T3_zscore_2.0,P3_long_short,LB_NA,umcsent_mom,9,-0.8687,False,pipeline
S3_mom,T3_zscore_neg_2.0,P1_long_cash,LB_NA,umcsent_mom,9,0.7046,True,pipeline
S3_mom,T3_zscore_neg_2.0,P2_signal_strength,LB_NA,umcsent_mom,9,0.6369,True,pipeline
S3_mom,T3_zscore_neg_2.0,P3_long_short,LB_NA,umcsent_mom,9,0.6669,True,pipeline
S3_mom,T4_zero,P1_long_cash,LB_NA,umcsent_mom,9,0.7433,True,pipeline
S3_mom,T4_zero,P2_signal_strength,LB_NA,umcsent_mom,9,0.6369,True,pipeline
S3_mom,T4_zero,P3_long_short,LB_NA,umcsent_mom,9,0.3247,True,pipeline
S3_mom,T1_fixed_p25,P1_long_cash,LB_NA,umcsent_mom,10,0.8794,True,pipeline
S3_mom,T1_fixed_p25,P2_signal_strength,LB_NA,umcsent_mom,10,0.7016,True,pipeline
S3_mom,T1_fixed_p25,P3_long_short,LB_NA,umcsent_mom,10,0.7349,True,pipeline
S3_mom,T1_fixed_p50,P1_long_cash,LB_NA,umcsent_mom,10,0.799,True,pipeline
S3_mom,T1_fixed_p50,P2_signal_strength,LB_NA,umcsent_mom,10,0.7016,True,pipeline
S3_mom,T1_fixed_p50,P3_long_short,LB_NA,umcsent_mom,10,0.4349,True,pipeline
S3_mom,T1_fixed_p75,P1_long_cash,LB_NA,umcsent_mom,10,0.4153,True,pipeline
S3_mom,T1_fixed_p75,P2_signal_strength,LB_NA,umcsent_mom,10,0.7016,True,pipeline
S3_mom,T1_fixed_p75,P3_long_short,LB_NA,umcsent_mom,10,-0.3448,False,pipeline
S3_mom,T2_roll_p25,P1_long_cash,LB_NA,umcsent_mom,10,0.7588,True,pipeline
S3_mom,T2_roll_p25,P2_signal_strength,LB_NA,umcsent_mom,10,0.7016,True,pipeline
S3_mom,T2_roll_p25,P3_long_short,LB_NA,umcsent_mom,10,0.5314,True,pipeline
S3_mom,T2_roll_p50,P1_long_cash,LB_NA,umcsent_mom,10,0.7755,True,pipeline
S3_mom,T2_roll_p50,P2_signal_strength,LB_NA,umcsent_mom,10,0.7016,True,pipeline
S3_mom,T2_roll_p50,P3_long_short,LB_NA,umcsent_mom,10,0.4004,True,pipeline
S3_mom,T2_roll_p75,P1_long_cash,LB_NA,umcsent_mom,10,0.429,True,pipeline
S3_mom,T2_roll_p75,P2_signal_strength,LB_NA,umcsent_mom,10,0.7016,True,pipeline
S3_mom,T2_roll_p75,P3_long_short,LB_NA,umcsent_mom,10,-0.2535,False,pipeline
S3_mom,T3_zscore_1.0,P1_long_cash,LB_NA,umcsent_mom,10,0.1858,True,pipeline
S3_mom,T3_zscore_1.0,P2_signal_strength,LB_NA,umcsent_mom,10,0.7016,True,pipeline
S3_mom,T3_zscore_1.0,P3_long_short,LB_NA,umcsent_mom,10,-0.5885,False,pipeline
S3_mom,T3_zscore_neg_1.0,P1_long_cash,LB_NA,umcsent_mom,10,0.6308,True,pipeline
S3_mom,T3_zscore_neg_1.0,P2_signal_strength,LB_NA,umcsent_mom,10,0.7016,True,pipeline
S3_mom,T3_zscore_neg_1.0,P3_long_short,LB_NA,umcsent_mom,10,0.4115,True,pipeline
S3_mom,T3_zscore_1.5,P1_long_cash,LB_NA,umcsent_mom,10,0.1215,True,pipeline
S3_mom,T3_zscore_1.5,P2_signal_strength,LB_NA,umcsent_mom,10,0.7016,True,pipeline
S3_mom,T3_zscore_1.5,P3_long_short,LB_NA,umcsent_mom,10,-0.6663,False,pipeline
S3_mom,T3_zscore_neg_1.5,P1_long_cash,LB_NA,umcsent_mom,10,0.5809,True,pipeline
S3_mom,T3_zscore_neg_1.5,P2_signal_strength,LB_NA,umcsent_mom,10,0.7016,True,pipeline
S3_mom,T3_zscore_neg_1.5,P3_long_short,LB_NA,umcsent_mom,10,0.4068,True,pipeline
S3_mom,T3_zscore_2.0,P1_long_cash,LB_NA,umcsent_mom,10,0.1208,True,pipeline
S3_mom,T3_zscore_2.0,P2_signal_strength,LB_NA,umcsent_mom,10,0.7016,True,pipeline
S3_mom,T3_zscore_2.0,P3_long_short,LB_NA,umcsent_mom,10,-0.7067,False,pipeline
S3_mom,T3_zscore_neg_2.0,P1_long_cash,LB_NA,umcsent_mom,10,0.6349,True,pipeline
S3_mom,T3_zscore_neg_2.0,P2_signal_strength,LB_NA,umcsent_mom,10,0.7016,True,pipeline
S3_mom,T3_zscore_neg_2.0,P3_long_short,LB_NA,umcsent_mom,10,0.5156,True,pipeline
S3_mom,T4_zero,P1_long_cash,LB_NA,umcsent_mom,10,0.799,True,pipeline
S3_mom,T4_zero,P2_signal_strength,LB_NA,umcsent_mom,10,0.7016,True,pipeline
S3_mom,T4_zero,P3_long_short,LB_NA,umcsent_mom,10,0.4349,True,pipeline
S3_mom,T1_fixed_p25,P1_long_cash,LB_NA,umcsent_mom,11,0.6868,True,pipeline
S3_mom,T1_fixed_p25,P2_signal_strength,LB_NA,umcsent_mom,11,0.6386,True,pipeline
S3_mom,T1_fixed_p25,P3_long_short,LB_NA,umcsent_mom,11,0.4879,True,pipeline
S3_mom,T1_fixed_p50,P1_long_cash,LB_NA,umcsent_mom,11,0.6549,True,pipeline
S3_mom,T1_fixed_p50,P2_signal_strength,LB_NA,umcsent_mom,11,0.6386,True,pipeline
S3_mom,T1_fixed_p50,P3_long_short,LB_NA,umcsent_mom,11,0.2286,True,pipeline
S3_mom,T1_fixed_p75,P1_long_cash,LB_NA,umcsent_mom,11,0.2259,True,pipeline
S3_mom,T1_fixed_p75,P2_signal_strength,LB_NA,umcsent_mom,11,0.6386,True,pipeline
S3_mom,T1_fixed_p75,P3_long_short,LB_NA,umcsent_mom,11,-0.4941,False,pipeline
S3_mom,T2_roll_p25,P1_long_cash,LB_NA,umcsent_mom,11,0.8735,True,pipeline
S3_mom,T2_roll_p25,P2_signal_strength,LB_NA,umcsent_mom,11,0.6386,True,pipeline
S3_mom,T2_roll_p25,P3_long_short,LB_NA,umcsent_mom,11,0.7966,True,pipeline
S3_mom,T2_roll_p50,P1_long_cash,LB_NA,umcsent_mom,11,0.6084,True,pipeline
S3_mom,T2_roll_p50,P2_signal_strength,LB_NA,umcsent_mom,11,0.6386,True,pipeline
S3_mom,T2_roll_p50,P3_long_short,LB_NA,umcsent_mom,11,0.1571,True,pipeline
S3_mom,T2_roll_p75,P1_long_cash,LB_NA,umcsent_mom,11,0.093,True,pipeline
S3_mom,T2_roll_p75,P2_signal_strength,LB_NA,umcsent_mom,11,0.6386,True,pipeline
S3_mom,T2_roll_p75,P3_long_short,LB_NA,umcsent_mom,11,-0.6166,False,pipeline
S3_mom,T3_zscore_1.0,P1_long_cash,LB_NA,umcsent_mom,11,0.3138,True,pipeline
S3_mom,T3_zscore_1.0,P2_signal_strength,LB_NA,umcsent_mom,11,0.6386,True,pipeline
S3_mom,T3_zscore_1.0,P3_long_short,LB_NA,umcsent_mom,11,-0.435,False,pipeline
S3_mom,T3_zscore_neg_1.0,P1_long_cash,LB_NA,umcsent_mom,11,0.6944,True,pipeline
S3_mom,T3_zscore_neg_1.0,P2_signal_strength,LB_NA,umcsent_mom,11,0.6386,True,pipeline
S3_mom,T3_zscore_neg_1.0,P3_long_short,LB_NA,umcsent_mom,11,0.5529,True,pipeline
S3_mom,T3_zscore_1.5,P1_long_cash,LB_NA,umcsent_mom,11,0.2385,True,pipeline
S3_mom,T3_zscore_1.5,P2_signal_strength,LB_NA,umcsent_mom,11,0.6386,True,pipeline
S3_mom,T3_zscore_1.5,P3_long_short,LB_NA,umcsent_mom,11,-0.5499,False,pipeline
S3_mom,T3_zscore_neg_1.5,P1_long_cash,LB_NA,umcsent_mom,11,0.6764,True,pipeline
S3_mom,T3_zscore_neg_1.5,P2_signal_strength,LB_NA,umcsent_mom,11,0.6386,True,pipeline
S3_mom,T3_zscore_neg_1.5,P3_long_short,LB_NA,umcsent_mom,11,0.5724,True,pipeline
S3_mom,T3_zscore_2.0,P1_long_cash,LB_NA,umcsent_mom,11,-0.0546,False,pipeline
S3_mom,T3_zscore_2.0,P2_signal_strength,LB_NA,umcsent_mom,11,0.6386,True,pipeline
S3_mom,T3_zscore_2.0,P3_long_short,LB_NA,umcsent_mom,11,-0.7417,False,pipeline
S3_mom,T3_zscore_neg_2.0,P1_long_cash,LB_NA,umcsent_mom,11,0.673,True,pipeline
S3_mom,T3_zscore_neg_2.0,P2_signal_strength,LB_NA,umcsent_mom,11,0.6386,True,pipeline
S3_mom,T3_zscore_neg_2.0,P3_long_short,LB_NA,umcsent_mom,11,0.5857,True,pipeline
S3_mom,T4_zero,P1_long_cash,LB_NA,umcsent_mom,11,0.6549,True,pipeline
S3_mom,T4_zero,P2_signal_strength,LB_NA,umcsent_mom,11,0.6386,True,pipeline
S3_mom,T4_zero,P3_long_short,LB_NA,umcsent_mom,11,0.2286,True,pipeline
S3_mom,T1_fixed_p25,P1_long_cash,LB_NA,umcsent_mom,12,0.8978,True,pipeline
S3_mom,T1_fixed_p25,P2_signal_strength,LB_NA,umcsent_mom,12,0.7301,True,pipeline
S3_mom,T1_fixed_p25,P3_long_short,LB_NA,umcsent_mom,12,0.8023,True,pipeline
S3_mom,T1_fixed_p50,P1_long_cash,LB_NA,umcsent_mom,12,0.6972,True,pipeline
S3_mom,T1_fixed_p50,P2_signal_strength,LB_NA,umcsent_mom,12,0.7301,True,pipeline
S3_mom,T1_fixed_p50,P3_long_short,LB_NA,umcsent_mom,12,0.3519,True,pipeline
S3_mom,T1_fixed_p75,P1_long_cash,LB_NA,umcsent_mom,12,0.589,True,pipeline
S3_mom,T1_fixed_p75,P2_signal_strength,LB_NA,umcsent_mom,12,0.7301,True,pipeline
S3_mom,T1_fixed_p75,P3_long_short,LB_NA,umcsent_mom,12,0.0048,True,pipeline
S3_mom,T2_roll_p25,P1_long_cash,LB_NA,umcsent_mom,12,0.6718,True,pipeline
S3_mom,T2_roll_p25,P2_signal_strength,LB_NA,umcsent_mom,12,0.7301,True,pipeline
S3_mom,T2_roll_p25,P3_long_short,LB_NA,umcsent_mom,12,0.4475,True,pipeline
S3_mom,T2_roll_p50,P1_long_cash,LB_NA,umcsent_mom,12,0.6037,True,pipeline
S3_mom,T2_roll_p50,P2_signal_strength,LB_NA,umcsent_mom,12,0.7301,True,pipeline
S3_mom,T2_roll_p50,P3_long_short,LB_NA,umcsent_mom,12,0.1694,True,pipeline
S3_mom,T2_roll_p75,P1_long_cash,LB_NA,umcsent_mom,12,0.5381,True,pipeline
S3_mom,T2_roll_p75,P2_signal_strength,LB_NA,umcsent_mom,12,0.7301,True,pipeline
S3_mom,T2_roll_p75,P3_long_short,LB_NA,umcsent_mom,12,-0.0525,False,pipeline
S3_mom,T3_zscore_1.0,P1_long_cash,LB_NA,umcsent_mom,12,0.411,True,pipeline
S3_mom,T3_zscore_1.0,P2_signal_strength,LB_NA,umcsent_mom,12,0.7301,True,pipeline
S3_mom,T3_zscore_1.0,P3_long_short,LB_NA,umcsent_mom,12,-0.2665,False,pipeline
S3_mom,T3_zscore_neg_1.0,P1_long_cash,LB_NA,umcsent_mom,12,0.766,True,pipeline
S3_mom,T3_zscore_neg_1.0,P2_signal_strength,LB_NA,umcsent_mom,12,0.7301,True,pipeline
S3_mom,T3_zscore_neg_1.0,P3_long_short,LB_NA,umcsent_mom,12,0.6745,True,pipeline
S3_mom,T3_zscore_1.5,P1_long_cash,LB_NA,umcsent_mom,12,0.3241,True,pipeline
S3_mom,T3_zscore_1.5,P2_signal_strength,LB_NA,umcsent_mom,12,0.7301,True,pipeline
S3_mom,T3_zscore_1.5,P3_long_short,LB_NA,umcsent_mom,12,-0.4892,False,pipeline
S3_mom,T3_zscore_neg_1.5,P1_long_cash,LB_NA,umcsent_mom,12,0.7184,True,pipeline
S3_mom,T3_zscore_neg_1.5,P2_signal_strength,LB_NA,umcsent_mom,12,0.7301,True,pipeline
S3_mom,T3_zscore_neg_1.5,P3_long_short,LB_NA,umcsent_mom,12,0.6721,True,pipeline
S3_mom,T3_zscore_2.0,P1_long_cash,LB_NA,umcsent_mom,12,-0.0471,False,pipeline
S3_mom,T3_zscore_2.0,P2_signal_strength,LB_NA,umcsent_mom,12,0.7301,True,pipeline
S3_mom,T3_zscore_2.0,P3_long_short,LB_NA,umcsent_mom,12,-0.7391,False,pipeline
S3_mom,T3_zscore_neg_2.0,P1_long_cash,LB_NA,umcsent_mom,12,0.7827,True,pipeline
S3_mom,T3_zscore_neg_2.0,P2_signal_strength,LB_NA,umcsent_mom,12,0.7301,True,pipeline
S3_mom,T3_zscore_neg_2.0,P3_long_short,LB_NA,umcsent_mom,12,0.8092,True,pipeline
S3_mom,T4_zero,P1_long_cash,LB_NA,umcsent_mom,12,0.6972,True,pipeline
S3_mom,T4_zero,P2_signal_strength,LB_NA,umcsent_mom,12,0.7301,True,pipeline
S3_mom,T4_zero,P3_long_short,LB_NA,umcsent_mom,12,0.3519,True,pipeline
S4_zscore,T1_fixed_p25,P1_long_cash,LB_NA,umcsent_zscore,0,0.3568,True,pipeline
S4_zscore,T1_fixed_p25,P2_signal_strength,LB_NA,umcsent_zscore,0,0.4373,True,pipeline
S4_zscore,T1_fixed_p25,P3_long_short,LB_NA,umcsent_zscore,0,-0.2659,False,pipeline
S4_zscore,T1_fixed_p50,P1_long_cash,LB_NA,umcsent_zscore,0,-0.2308,False,pipeline
S4_zscore,T1_fixed_p50,P2_signal_strength,LB_NA,umcsent_zscore,0,0.4373,True,pipeline
S4_zscore,T1_fixed_p50,P3_long_short,LB_NA,umcsent_zscore,0,-0.9345,False,pipeline
S4_zscore,T1_fixed_p75,P1_long_cash,LB_NA,umcsent_zscore,0,0.1597,True,pipeline
S4_zscore,T1_fixed_p75,P2_signal_strength,LB_NA,umcsent_zscore,0,0.4373,True,pipeline
S4_zscore,T1_fixed_p75,P3_long_short,LB_NA,umcsent_zscore,0,-0.597,False,pipeline
S4_zscore,T2_roll_p25,P1_long_cash,LB_NA,umcsent_zscore,0,0.4378,True,pipeline
S4_zscore,T2_roll_p25,P2_signal_strength,LB_NA,umcsent_zscore,0,0.4373,True,pipeline
S4_zscore,T2_roll_p25,P3_long_short,LB_NA,umcsent_zscore,0,-0.1148,False,pipeline
S4_zscore,T2_roll_p50,P1_long_cash,LB_NA,umcsent_zscore,0,0.1871,True,pipeline
S4_zscore,T2_roll_p50,P2_signal_strength,LB_NA,umcsent_zscore,0,0.4373,True,pipeline
S4_zscore,T2_roll_p50,P3_long_short,LB_NA,umcsent_zscore,0,-0.4956,False,pipeline
S4_zscore,T2_roll_p75,P1_long_cash,LB_NA,umcsent_zscore,0,0.0144,True,pipeline
S4_zscore,T2_roll_p75,P2_signal_strength,LB_NA,umcsent_zscore,0,0.4373,True,pipeline
S4_zscore,T2_roll_p75,P3_long_short,LB_NA,umcsent_zscore,0,-0.7044,False,pipeline
S4_zscore,T3_zscore_1.0,P1_long_cash,LB_NA,umcsent_zscore,0,0.1078,True,pipeline
S4_zscore,T3_zscore_1.0,P2_signal_strength,LB_NA,umcsent_zscore,0,0.4373,True,pipeline
S4_zscore,T3_zscore_1.0,P3_long_short,LB_NA,umcsent_zscore,0,-0.6408,False,pipeline
S4_zscore,T3_zscore_neg_1.0,P1_long_cash,LB_NA,umcsent_zscore,0,0.1416,True,pipeline
S4_zscore,T3_zscore_neg_1.0,P2_signal_strength,LB_NA,umcsent_zscore,0,0.4373,True,pipeline
S4_zscore,T3_zscore_neg_1.0,P3_long_short,LB_NA,umcsent_zscore,0,-0.4913,False,pipeline
S4_zscore,T3_zscore_1.5,P1_long_cash,LB_NA,umcsent_zscore,0,0.3886,True,pipeline
S4_zscore,T3_zscore_1.5,P2_signal_strength,LB_NA,umcsent_zscore,0,0.4373,True,pipeline
S4_zscore,T3_zscore_1.5,P3_long_short,LB_NA,umcsent_zscore,0,-0.5184,False,pipeline
S4_zscore,T3_zscore_neg_1.5,P1_long_cash,LB_NA,umcsent_zscore,0,0.4616,True,pipeline
S4_zscore,T3_zscore_neg_1.5,P2_signal_strength,LB_NA,umcsent_zscore,0,0.4373,True,pipeline
S4_zscore,T3_zscore_neg_1.5,P3_long_short,LB_NA,umcsent_zscore,0,0.1306,True,pipeline
S4_zscore,T3_zscore_2.0,P1_long_cash,LB_NA,umcsent_zscore,0,0.0,False,pipeline
S4_zscore,T3_zscore_2.0,P2_signal_strength,LB_NA,umcsent_zscore,0,0.4373,True,pipeline
S4_zscore,T3_zscore_2.0,P3_long_short,LB_NA,umcsent_zscore,0,-0.7164,False,pipeline
S4_zscore,T3_zscore_neg_2.0,P1_long_cash,LB_NA,umcsent_zscore,0,0.4869,True,pipeline
S4_zscore,T3_zscore_neg_2.0,P2_signal_strength,LB_NA,umcsent_zscore,0,0.4373,True,pipeline
S4_zscore,T3_zscore_neg_2.0,P3_long_short,LB_NA,umcsent_zscore,0,0.1857,True,pipeline
S4_zscore,T1_fixed_p25,P1_long_cash,LB_NA,umcsent_zscore,1,0.4187,True,pipeline
S4_zscore,T1_fixed_p25,P2_signal_strength,LB_NA,umcsent_zscore,1,0.5753,True,pipeline
S4_zscore,T1_fixed_p25,P3_long_short,LB_NA,umcsent_zscore,1,-0.1283,False,pipeline
S4_zscore,T1_fixed_p50,P1_long_cash,LB_NA,umcsent_zscore,1,0.1719,True,pipeline
S4_zscore,T1_fixed_p50,P2_signal_strength,LB_NA,umcsent_zscore,1,0.5753,True,pipeline
S4_zscore,T1_fixed_p50,P3_long_short,LB_NA,umcsent_zscore,1,-0.5215,False,pipeline
S4_zscore,T1_fixed_p75,P1_long_cash,LB_NA,umcsent_zscore,1,0.2618,True,pipeline
S4_zscore,T1_fixed_p75,P2_signal_strength,LB_NA,umcsent_zscore,1,0.5753,True,pipeline
S4_zscore,T1_fixed_p75,P3_long_short,LB_NA,umcsent_zscore,1,-0.5107,False,pipeline
S4_zscore,T2_roll_p25,P1_long_cash,LB_NA,umcsent_zscore,1,0.3671,True,pipeline
S4_zscore,T2_roll_p25,P2_signal_strength,LB_NA,umcsent_zscore,1,0.5753,True,pipeline
S4_zscore,T2_roll_p25,P3_long_short,LB_NA,umcsent_zscore,1,-0.1569,False,pipeline
S4_zscore,T2_roll_p50,P1_long_cash,LB_NA,umcsent_zscore,1,0.4002,True,pipeline
S4_zscore,T2_roll_p50,P2_signal_strength,LB_NA,umcsent_zscore,1,0.5753,True,pipeline
S4_zscore,T2_roll_p50,P3_long_short,LB_NA,umcsent_zscore,1,-0.2191,False,pipeline
S4_zscore,T2_roll_p75,P1_long_cash,LB_NA,umcsent_zscore,1,0.3575,True,pipeline
S4_zscore,T2_roll_p75,P2_signal_strength,LB_NA,umcsent_zscore,1,0.5753,True,pipeline
S4_zscore,T2_roll_p75,P3_long_short,LB_NA,umcsent_zscore,1,-0.3393,False,pipeline
S4_zscore,T3_zscore_1.0,P1_long_cash,LB_NA,umcsent_zscore,1,0.1026,True,pipeline
S4_zscore,T3_zscore_1.0,P2_signal_strength,LB_NA,umcsent_zscore,1,0.5753,True,pipeline
S4_zscore,T3_zscore_1.0,P3_long_short,LB_NA,umcsent_zscore,1,-0.6448,False,pipeline
S4_zscore,T3_zscore_neg_1.0,P1_long_cash,LB_NA,umcsent_zscore,1,0.6307,True,pipeline
S4_zscore,T3_zscore_neg_1.0,P2_signal_strength,LB_NA,umcsent_zscore,1,0.5753,True,pipeline
S4_zscore,T3_zscore_neg_1.0,P3_long_short,LB_NA,umcsent_zscore,1,0.3794,True,pipeline
S4_zscore,T3_zscore_1.5,P1_long_cash,LB_NA,umcsent_zscore,1,0.1775,True,pipeline
S4_zscore,T3_zscore_1.5,P2_signal_strength,LB_NA,umcsent_zscore,1,0.5753,True,pipeline
S4_zscore,T3_zscore_1.5,P3_long_short,LB_NA,umcsent_zscore,1,-0.6545,False,pipeline
S4_zscore,T3_zscore_neg_1.5,P1_long_cash,LB_NA,umcsent_zscore,1,0.6022,True,pipeline
S4_zscore,T3_zscore_neg_1.5,P2_signal_strength,LB_NA,umcsent_zscore,1,0.5753,True,pipeline
S4_zscore,T3_zscore_neg_1.5,P3_long_short,LB_NA,umcsent_zscore,1,0.4326,True,pipeline
S4_zscore,T3_zscore_2.0,P1_long_cash,LB_NA,umcsent_zscore,1,0.0,False,pipeline
S4_zscore,T3_zscore_2.0,P2_signal_strength,LB_NA,umcsent_zscore,1,0.5753,True,pipeline
S4_zscore,T3_zscore_2.0,P3_long_short,LB_NA,umcsent_zscore,1,-0.7164,False,pipeline
S4_zscore,T3_zscore_neg_2.0,P1_long_cash,LB_NA,umcsent_zscore,1,0.5952,True,pipeline
S4_zscore,T3_zscore_neg_2.0,P2_signal_strength,LB_NA,umcsent_zscore,1,0.5753,True,pipeline
S4_zscore,T3_zscore_neg_2.0,P3_long_short,LB_NA,umcsent_zscore,1,0.4297,True,pipeline
S4_zscore,T1_fixed_p25,P1_long_cash,LB_NA,umcsent_zscore,2,0.4489,True,pipeline
S4_zscore,T1_fixed_p25,P2_signal_strength,LB_NA,umcsent_zscore,2,0.6247,True,pipeline
S4_zscore,T1_fixed_p25,P3_long_short,LB_NA,umcsent_zscore,2,-0.0662,False,pipeline
S4_zscore,T1_fixed_p50,P1_long_cash,LB_NA,umcsent_zscore,2,0.4381,True,pipeline
S4_zscore,T1_fixed_p50,P2_signal_strength,LB_NA,umcsent_zscore,2,0.6247,True,pipeline
S4_zscore,T1_fixed_p50,P3_long_short,LB_NA,umcsent_zscore,2,-0.2429,False,pipeline
S4_zscore,T1_fixed_p75,P1_long_cash,LB_NA,umcsent_zscore,2,0.4109,True,pipeline
S4_zscore,T1_fixed_p75,P2_signal_strength,LB_NA,umcsent_zscore,2,0.6247,True,pipeline
S4_zscore,T1_fixed_p75,P3_long_short,LB_NA,umcsent_zscore,2,-0.4007,False,pipeline
S4_zscore,T2_roll_p25,P1_long_cash,LB_NA,umcsent_zscore,2,0.709,True,pipeline
S4_zscore,T2_roll_p25,P2_signal_strength,LB_NA,umcsent_zscore,2,0.6247,True,pipeline
S4_zscore,T2_roll_p25,P3_long_short,LB_NA,umcsent_zscore,2,0.3362,True,pipeline
S4_zscore,T2_roll_p50,P1_long_cash,LB_NA,umcsent_zscore,2,0.4971,True,pipeline
S4_zscore,T2_roll_p50,P2_signal_strength,LB_NA,umcsent_zscore,2,0.6247,True,pipeline
S4_zscore,T2_roll_p50,P3_long_short,LB_NA,umcsent_zscore,2,-0.1105,False,pipeline
S4_zscore,T2_roll_p75,P1_long_cash,LB_NA,umcsent_zscore,2,0.2263,True,pipeline
S4_zscore,T2_roll_p75,P2_signal_strength,LB_NA,umcsent_zscore,2,0.6247,True,pipeline
S4_zscore,T2_roll_p75,P3_long_short,LB_NA,umcsent_zscore,2,-0.5181,False,pipeline
S4_zscore,T3_zscore_1.0,P1_long_cash,LB_NA,umcsent_zscore,2,0.1794,True,pipeline
S4_zscore,T3_zscore_1.0,P2_signal_strength,LB_NA,umcsent_zscore,2,0.6247,True,pipeline
S4_zscore,T3_zscore_1.0,P3_long_short,LB_NA,umcsent_zscore,2,-0.5887,False,pipeline
S4_zscore,T3_zscore_neg_1.0,P1_long_cash,LB_NA,umcsent_zscore,2,0.8013,True,pipeline
S4_zscore,T3_zscore_neg_1.0,P2_signal_strength,LB_NA,umcsent_zscore,2,0.6247,True,pipeline
S4_zscore,T3_zscore_neg_1.0,P3_long_short,LB_NA,umcsent_zscore,2,0.7305,True,pipeline
S4_zscore,T3_zscore_1.5,P1_long_cash,LB_NA,umcsent_zscore,2,0.0172,True,pipeline
S4_zscore,T3_zscore_1.5,P2_signal_strength,LB_NA,umcsent_zscore,2,0.6247,True,pipeline
S4_zscore,T3_zscore_1.5,P3_long_short,LB_NA,umcsent_zscore,2,-0.7102,False,pipeline
S4_zscore,T3_zscore_neg_1.5,P1_long_cash,LB_NA,umcsent_zscore,2,0.6692,True,pipeline
S4_zscore,T3_zscore_neg_1.5,P2_signal_strength,LB_NA,umcsent_zscore,2,0.6247,True,pipeline
S4_zscore,T3_zscore_neg_1.5,P3_long_short,LB_NA,umcsent_zscore,2,0.54,True,pipeline
S4_zscore,T3_zscore_2.0,P1_long_cash,LB_NA,umcsent_zscore,2,0.0,False,pipeline
S4_zscore,T3_zscore_2.0,P2_signal_strength,LB_NA,umcsent_zscore,2,0.6247,True,pipeline
S4_zscore,T3_zscore_2.0,P3_long_short,LB_NA,umcsent_zscore,2,-0.7164,False,pipeline
S4_zscore,T3_zscore_neg_2.0,P1_long_cash,LB_NA,umcsent_zscore,2,0.7085,True,pipeline
S4_zscore,T3_zscore_neg_2.0,P2_signal_strength,LB_NA,umcsent_zscore,2,0.6247,True,pipeline
S4_zscore,T3_zscore_neg_2.0,P3_long_short,LB_NA,umcsent_zscore,2,0.6474,True,pipeline
S4_zscore,T1_fixed_p25,P1_long_cash,LB_NA,umcsent_zscore,3,0.5304,True,pipeline
S4_zscore,T1_fixed_p25,P2_signal_strength,LB_NA,umcsent_zscore,3,0.5453,True,pipeline
S4_zscore,T1_fixed_p25,P3_long_short,LB_NA,umcsent_zscore,3,0.0928,True,pipeline
S4_zscore,T1_fixed_p50,P1_long_cash,LB_NA,umcsent_zscore,3,0.2777,True,pipeline
S4_zscore,T1_fixed_p50,P2_signal_strength,LB_NA,umcsent_zscore,3,0.5453,True,pipeline
S4_zscore,T1_fixed_p50,P3_long_short,LB_NA,umcsent_zscore,3,-0.4095,False,pipeline
S4_zscore,T1_fixed_p75,P1_long_cash,LB_NA,umcsent_zscore,3,0.4009,True,pipeline
S4_zscore,T1_fixed_p75,P2_signal_strength,LB_NA,umcsent_zscore,3,0.5453,True,pipeline
S4_zscore,T1_fixed_p75,P3_long_short,LB_NA,umcsent_zscore,3,-0.5345,False,pipeline
S4_zscore,T2_roll_p25,P1_long_cash,LB_NA,umcsent_zscore,3,0.2575,True,pipeline
S4_zscore,T2_roll_p25,P2_signal_strength,LB_NA,umcsent_zscore,3,0.5453,True,pipeline
S4_zscore,T2_roll_p25,P3_long_short,LB_NA,umcsent_zscore,3,-0.3266,False,pipeline
S4_zscore,T2_roll_p50,P1_long_cash,LB_NA,umcsent_zscore,3,0.4063,True,pipeline
S4_zscore,T2_roll_p50,P2_signal_strength,LB_NA,umcsent_zscore,3,0.5453,True,pipeline
S4_zscore,T2_roll_p50,P3_long_short,LB_NA,umcsent_zscore,3,-0.2489,False,pipeline
S4_zscore,T2_roll_p75,P1_long_cash,LB_NA,umcsent_zscore,3,0.0499,True,pipeline
S4_zscore,T2_roll_p75,P2_signal_strength,LB_NA,umcsent_zscore,3,0.5453,True,pipeline
S4_zscore,T2_roll_p75,P3_long_short,LB_NA,umcsent_zscore,3,-0.6705,False,pipeline
S4_zscore,T3_zscore_1.0,P1_long_cash,LB_NA,umcsent_zscore,3,-0.1006,False,pipeline
S4_zscore,T3_zscore_1.0,P2_signal_strength,LB_NA,umcsent_zscore,3,0.5453,True,pipeline
S4_zscore,T3_zscore_1.0,P3_long_short,LB_NA,umcsent_zscore,3,-0.795,False,pipeline
S4_zscore,T3_zscore_neg_1.0,P1_long_cash,LB_NA,umcsent_zscore,3,0.3917,True,pipeline
S4_zscore,T3_zscore_neg_1.0,P2_signal_strength,LB_NA,umcsent_zscore,3,0.5453,True,pipeline
S4_zscore,T3_zscore_neg_1.0,P3_long_short,LB_NA,umcsent_zscore,3,-0.0643,False,pipeline
S4_zscore,T3_zscore_1.5,P1_long_cash,LB_NA,umcsent_zscore,3,0.4192,True,pipeline
S4_zscore,T3_zscore_1.5,P2_signal_strength,LB_NA,umcsent_zscore,3,0.5453,True,pipeline
S4_zscore,T3_zscore_1.5,P3_long_short,LB_NA,umcsent_zscore,3,-0.5495,False,pipeline
S4_zscore,T3_zscore_neg_1.5,P1_long_cash,LB_NA,umcsent_zscore,3,0.6415,True,pipeline
S4_zscore,T3_zscore_neg_1.5,P2_signal_strength,LB_NA,umcsent_zscore,3,0.5453,True,pipeline
S4_zscore,T3_zscore_neg_1.5,P3_long_short,LB_NA,umcsent_zscore,3,0.4605,True,pipeline
S4_zscore,T3_zscore_2.0,P1_long_cash,LB_NA,umcsent_zscore,3,0.0,False,pipeline
S4_zscore,T3_zscore_2.0,P2_signal_strength,LB_NA,umcsent_zscore,3,0.5453,True,pipeline
S4_zscore,T3_zscore_2.0,P3_long_short,LB_NA,umcsent_zscore,3,-0.7164,False,pipeline
S4_zscore,T3_zscore_neg_2.0,P1_long_cash,LB_NA,umcsent_zscore,3,0.5969,True,pipeline
S4_zscore,T3_zscore_neg_2.0,P2_signal_strength,LB_NA,umcsent_zscore,3,0.5453,True,pipeline
S4_zscore,T3_zscore_neg_2.0,P3_long_short,LB_NA,umcsent_zscore,3,0.4049,True,pipeline
S4_zscore,T1_fixed_p25,P1_long_cash,LB_NA,umcsent_zscore,4,0.635,True,pipeline
S4_zscore,T1_fixed_p25,P2_signal_strength,LB_NA,umcsent_zscore,4,0.6918,True,pipeline
S4_zscore,T1_fixed_p25,P3_long_short,LB_NA,umcsent_zscore,4,0.2425,True,pipeline
S4_zscore,T1_fixed_p50,P1_long_cash,LB_NA,umcsent_zscore,4,0.3938,True,pipeline
S4_zscore,T1_fixed_p50,P2_signal_strength,LB_NA,umcsent_zscore,4,0.6918,True,pipeline
S4_zscore,T1_fixed_p50,P3_long_short,LB_NA,umcsent_zscore,4,-0.3684,False,pipeline
S4_zscore,T1_fixed_p75,P1_long_cash,LB_NA,umcsent_zscore,4,0.35,True,pipeline
S4_zscore,T1_fixed_p75,P2_signal_strength,LB_NA,umcsent_zscore,4,0.6918,True,pipeline
S4_zscore,T1_fixed_p75,P3_long_short,LB_NA,umcsent_zscore,4,-0.5031,False,pipeline
S4_zscore,T2_roll_p25,P1_long_cash,LB_NA,umcsent_zscore,4,0.4165,True,pipeline
S4_zscore,T2_roll_p25,P2_signal_strength,LB_NA,umcsent_zscore,4,0.6918,True,pipeline
S4_zscore,T2_roll_p25,P3_long_short,LB_NA,umcsent_zscore,4,-0.1198,False,pipeline
S4_zscore,T2_roll_p50,P1_long_cash,LB_NA,umcsent_zscore,4,0.3339,True,pipeline
S4_zscore,T2_roll_p50,P2_signal_strength,LB_NA,umcsent_zscore,4,0.6918,True,pipeline
S4_zscore,T2_roll_p50,P3_long_short,LB_NA,umcsent_zscore,4,-0.3169,False,pipeline
S4_zscore,T2_roll_p75,P1_long_cash,LB_NA,umcsent_zscore,4,0.3484,True,pipeline
S4_zscore,T2_roll_p75,P2_signal_strength,LB_NA,umcsent_zscore,4,0.6918,True,pipeline
S4_zscore,T2_roll_p75,P3_long_short,LB_NA,umcsent_zscore,4,-0.413,False,pipeline
S4_zscore,T3_zscore_1.0,P1_long_cash,LB_NA,umcsent_zscore,4,0.1475,True,pipeline
S4_zscore,T3_zscore_1.0,P2_signal_strength,LB_NA,umcsent_zscore,4,0.6918,True,pipeline
S4_zscore,T3_zscore_1.0,P3_long_short,LB_NA,umcsent_zscore,4,-0.6142,False,pipeline
S4_zscore,T3_zscore_neg_1.0,P1_long_cash,LB_NA,umcsent_zscore,4,0.7072,True,pipeline
S4_zscore,T3_zscore_neg_1.0,P2_signal_strength,LB_NA,umcsent_zscore,4,0.6918,True,pipeline
S4_zscore,T3_zscore_neg_1.0,P3_long_short,LB_NA,umcsent_zscore,4,0.4007,True,pipeline
S4_zscore,T3_zscore_1.5,P1_long_cash,LB_NA,umcsent_zscore,4,0.106,True,pipeline
S4_zscore,T3_zscore_1.5,P2_signal_strength,LB_NA,umcsent_zscore,4,0.6918,True,pipeline
S4_zscore,T3_zscore_1.5,P3_long_short,LB_NA,umcsent_zscore,4,-0.6686,False,pipeline
S4_zscore,T3_zscore_neg_1.5,P1_long_cash,LB_NA,umcsent_zscore,4,0.7553,True,pipeline
S4_zscore,T3_zscore_neg_1.5,P2_signal_strength,LB_NA,umcsent_zscore,4,0.6918,True,pipeline
S4_zscore,T3_zscore_neg_1.5,P3_long_short,LB_NA,umcsent_zscore,4,0.6799,True,pipeline
S4_zscore,T3_zscore_2.0,P1_long_cash,LB_NA,umcsent_zscore,4,0.0,False,pipeline
S4_zscore,T3_zscore_2.0,P2_signal_strength,LB_NA,umcsent_zscore,4,0.6918,True,pipeline
S4_zscore,T3_zscore_2.0,P3_long_short,LB_NA,umcsent_zscore,4,-0.7164,False,pipeline
S4_zscore,T3_zscore_neg_2.0,P1_long_cash,LB_NA,umcsent_zscore,4,0.7225,True,pipeline
S4_zscore,T3_zscore_neg_2.0,P2_signal_strength,LB_NA,umcsent_zscore,4,0.6918,True,pipeline
S4_zscore,T3_zscore_neg_2.0,P3_long_short,LB_NA,umcsent_zscore,4,0.6289,True,pipeline
S4_zscore,T1_fixed_p25,P1_long_cash,LB_NA,umcsent_zscore,5,0.4508,True,pipeline
S4_zscore,T1_fixed_p25,P2_signal_strength,LB_NA,umcsent_zscore,5,0.7002,True,pipeline
S4_zscore,T1_fixed_p25,P3_long_short,LB_NA,umcsent_zscore,5,-0.0314,False,pipeline
S4_zscore,T1_fixed_p50,P1_long_cash,LB_NA,umcsent_zscore,5,0.0622,True,pipeline
S4_zscore,T1_fixed_p50,P2_signal_strength,LB_NA,umcsent_zscore,5,0.7002,True,pipeline
S4_zscore,T1_fixed_p50,P3_long_short,LB_NA,umcsent_zscore,5,-0.6555,False,pipeline
S4_zscore,T1_fixed_p75,P1_long_cash,LB_NA,umcsent_zscore,5,0.5799,True,pipeline
S4_zscore,T1_fixed_p75,P2_signal_strength,LB_NA,umcsent_zscore,5,0.7002,True,pipeline
S4_zscore,T1_fixed_p75,P3_long_short,LB_NA,umcsent_zscore,5,-0.381,False,pipeline
S4_zscore,T2_roll_p25,P1_long_cash,LB_NA,umcsent_zscore,5,0.4362,True,pipeline
S4_zscore,T2_roll_p25,P2_signal_strength,LB_NA,umcsent_zscore,5,0.7002,True,pipeline
S4_zscore,T2_roll_p25,P3_long_short,LB_NA,umcsent_zscore,5,-0.0612,False,pipeline
S4_zscore,T2_roll_p50,P1_long_cash,LB_NA,umcsent_zscore,5,0.4592,True,pipeline
S4_zscore,T2_roll_p50,P2_signal_strength,LB_NA,umcsent_zscore,5,0.7002,True,pipeline
S4_zscore,T2_roll_p50,P3_long_short,LB_NA,umcsent_zscore,5,-0.2137,False,pipeline
S4_zscore,T2_roll_p75,P1_long_cash,LB_NA,umcsent_zscore,5,0.1111,True,pipeline
S4_zscore,T2_roll_p75,P2_signal_strength,LB_NA,umcsent_zscore,5,0.7002,True,pipeline
S4_zscore,T2_roll_p75,P3_long_short,LB_NA,umcsent_zscore,5,-0.6236,False,pipeline
S4_zscore,T3_zscore_1.0,P1_long_cash,LB_NA,umcsent_zscore,5,-0.242,False,pipeline
S4_zscore,T3_zscore_1.0,P2_signal_strength,LB_NA,umcsent_zscore,5,0.7002,True,pipeline
S4_zscore,T3_zscore_1.0,P3_long_short,LB_NA,umcsent_zscore,5,-0.865,False,pipeline
S4_zscore,T3_zscore_neg_1.0,P1_long_cash,LB_NA,umcsent_zscore,5,0.7122,True,pipeline
S4_zscore,T3_zscore_neg_1.0,P2_signal_strength,LB_NA,umcsent_zscore,5,0.7002,True,pipeline
S4_zscore,T3_zscore_neg_1.0,P3_long_short,LB_NA,umcsent_zscore,5,0.4939,True,pipeline
S4_zscore,T3_zscore_1.5,P1_long_cash,LB_NA,umcsent_zscore,5,0.1724,True,pipeline
S4_zscore,T3_zscore_1.5,P2_signal_strength,LB_NA,umcsent_zscore,5,0.7002,True,pipeline
S4_zscore,T3_zscore_1.5,P3_long_short,LB_NA,umcsent_zscore,5,-0.6436,False,pipeline
S4_zscore,T3_zscore_neg_1.5,P1_long_cash,LB_NA,umcsent_zscore,5,0.7492,True,pipeline
S4_zscore,T3_zscore_neg_1.5,P2_signal_strength,LB_NA,umcsent_zscore,5,0.7002,True,pipeline
S4_zscore,T3_zscore_neg_1.5,P3_long_short,LB_NA,umcsent_zscore,5,0.6106,True,pipeline
S4_zscore,T3_zscore_2.0,P1_long_cash,LB_NA,umcsent_zscore,5,0.0,False,pipeline
S4_zscore,T3_zscore_2.0,P2_signal_strength,LB_NA,umcsent_zscore,5,0.7002,True,pipeline
S4_zscore,T3_zscore_2.0,P3_long_short,LB_NA,umcsent_zscore,5,-0.7164,False,pipeline
S4_zscore,T3_zscore_neg_2.0,P1_long_cash,LB_NA,umcsent_zscore,5,0.8175,True,pipeline
S4_zscore,T3_zscore_neg_2.0,P2_signal_strength,LB_NA,umcsent_zscore,5,0.7002,True,pipeline
S4_zscore,T3_zscore_neg_2.0,P3_long_short,LB_NA,umcsent_zscore,5,0.8283,True,pipeline
S4_zscore,T1_fixed_p25,P1_long_cash,LB_NA,umcsent_zscore,6,0.2702,True,pipeline
S4_zscore,T1_fixed_p25,P2_signal_strength,LB_NA,umcsent_zscore,6,0.5386,True,pipeline
S4_zscore,T1_fixed_p25,P3_long_short,LB_NA,umcsent_zscore,6,-0.3295,False,pipeline
S4_zscore,T1_fixed_p50,P1_long_cash,LB_NA,umcsent_zscore,6,0.0579,True,pipeline
S4_zscore,T1_fixed_p50,P2_signal_strength,LB_NA,umcsent_zscore,6,0.5386,True,pipeline
S4_zscore,T1_fixed_p50,P3_long_short,LB_NA,umcsent_zscore,6,-0.6509,False,pipeline
S4_zscore,T1_fixed_p75,P1_long_cash,LB_NA,umcsent_zscore,6,-0.1177,False,pipeline
S4_zscore,T1_fixed_p75,P2_signal_strength,LB_NA,umcsent_zscore,6,0.5386,True,pipeline
S4_zscore,T1_fixed_p75,P3_long_short,LB_NA,umcsent_zscore,6,-0.7777,False,pipeline
S4_zscore,T2_roll_p25,P1_long_cash,LB_NA,umcsent_zscore,6,0.5099,True,pipeline
S4_zscore,T2_roll_p25,P2_signal_strength,LB_NA,umcsent_zscore,6,0.5386,True,pipeline
S4_zscore,T2_roll_p25,P3_long_short,LB_NA,umcsent_zscore,6,-0.016,False,pipeline
S4_zscore,T2_roll_p50,P1_long_cash,LB_NA,umcsent_zscore,6,0.2209,True,pipeline
S4_zscore,T2_roll_p50,P2_signal_strength,LB_NA,umcsent_zscore,6,0.5386,True,pipeline
S4_zscore,T2_roll_p50,P3_long_short,LB_NA,umcsent_zscore,6,-0.4824,False,pipeline
S4_zscore,T2_roll_p75,P1_long_cash,LB_NA,umcsent_zscore,6,-0.1663,False,pipeline
S4_zscore,T2_roll_p75,P2_signal_strength,LB_NA,umcsent_zscore,6,0.5386,True,pipeline
S4_zscore,T2_roll_p75,P3_long_short,LB_NA,umcsent_zscore,6,-0.8716,False,pipeline
S4_zscore,T3_zscore_1.0,P1_long_cash,LB_NA,umcsent_zscore,6,-0.3131,False,pipeline
S4_zscore,T3_zscore_1.0,P2_signal_strength,LB_NA,umcsent_zscore,6,0.5386,True,pipeline
S4_zscore,T3_zscore_1.0,P3_long_short,LB_NA,umcsent_zscore,6,-0.9536,False,pipeline
S4_zscore,T3_zscore_neg_1.0,P1_long_cash,LB_NA,umcsent_zscore,6,0.4879,True,pipeline
S4_zscore,T3_zscore_neg_1.0,P2_signal_strength,LB_NA,umcsent_zscore,6,0.5386,True,pipeline
S4_zscore,T3_zscore_neg_1.0,P3_long_short,LB_NA,umcsent_zscore,6,0.0929,True,pipeline
S4_zscore,T3_zscore_1.5,P1_long_cash,LB_NA,umcsent_zscore,6,-0.2024,False,pipeline
S4_zscore,T3_zscore_1.5,P2_signal_strength,LB_NA,umcsent_zscore,6,0.5386,True,pipeline
S4_zscore,T3_zscore_1.5,P3_long_short,LB_NA,umcsent_zscore,6,-0.8023,False,pipeline
S4_zscore,T3_zscore_neg_1.5,P1_long_cash,LB_NA,umcsent_zscore,6,0.5409,True,pipeline
S4_zscore,T3_zscore_neg_1.5,P2_signal_strength,LB_NA,umcsent_zscore,6,0.5386,True,pipeline
S4_zscore,T3_zscore_neg_1.5,P3_long_short,LB_NA,umcsent_zscore,6,0.2593,True,pipeline
S4_zscore,T3_zscore_2.0,P1_long_cash,LB_NA,umcsent_zscore,6,0.0,False,pipeline
S4_zscore,T3_zscore_2.0,P2_signal_strength,LB_NA,umcsent_zscore,6,0.5386,True,pipeline
S4_zscore,T3_zscore_2.0,P3_long_short,LB_NA,umcsent_zscore,6,-0.7164,False,pipeline
S4_zscore,T3_zscore_neg_2.0,P1_long_cash,LB_NA,umcsent_zscore,6,0.6167,True,pipeline
S4_zscore,T3_zscore_neg_2.0,P2_signal_strength,LB_NA,umcsent_zscore,6,0.5386,True,pipeline
S4_zscore,T3_zscore_neg_2.0,P3_long_short,LB_NA,umcsent_zscore,6,0.4038,True,pipeline
S4_zscore,T1_fixed_p25,P1_long_cash,LB_NA,umcsent_zscore,7,0.1944,True,pipeline
S4_zscore,T1_fixed_p25,P2_signal_strength,LB_NA,umcsent_zscore,7,0.3619,True,pipeline
S4_zscore,T1_fixed_p25,P3_long_short,LB_NA,umcsent_zscore,7,-0.4271,False,pipeline
S4_zscore,T1_fixed_p50,P1_long_cash,LB_NA,umcsent_zscore,7,-0.3086,False,pipeline
S4_zscore,T1_fixed_p50,P2_signal_strength,LB_NA,umcsent_zscore,7,0.3619,True,pipeline
S4_zscore,T1_fixed_p50,P3_long_short,LB_NA,umcsent_zscore,7,-1.0566,False,pipeline
S4_zscore,T1_fixed_p75,P1_long_cash,LB_NA,umcsent_zscore,7,-0.6153,False,pipeline
S4_zscore,T1_fixed_p75,P2_signal_strength,LB_NA,umcsent_zscore,7,0.3619,True,pipeline
S4_zscore,T1_fixed_p75,P3_long_short,LB_NA,umcsent_zscore,7,-1.0936,False,pipeline
S4_zscore,T2_roll_p25,P1_long_cash,LB_NA,umcsent_zscore,7,0.4284,True,pipeline
S4_zscore,T2_roll_p25,P2_signal_strength,LB_NA,umcsent_zscore,7,0.3619,True,pipeline
S4_zscore,T2_roll_p25,P3_long_short,LB_NA,umcsent_zscore,7,-0.0921,False,pipeline
S4_zscore,T2_roll_p50,P1_long_cash,LB_NA,umcsent_zscore,7,0.0418,True,pipeline
S4_zscore,T2_roll_p50,P2_signal_strength,LB_NA,umcsent_zscore,7,0.3619,True,pipeline
S4_zscore,T2_roll_p50,P3_long_short,LB_NA,umcsent_zscore,7,-0.6708,False,pipeline
S4_zscore,T2_roll_p75,P1_long_cash,LB_NA,umcsent_zscore,7,-0.227,False,pipeline
S4_zscore,T2_roll_p75,P2_signal_strength,LB_NA,umcsent_zscore,7,0.3619,True,pipeline
S4_zscore,T2_roll_p75,P3_long_short,LB_NA,umcsent_zscore,7,-0.9284,False,pipeline
S4_zscore,T3_zscore_1.0,P1_long_cash,LB_NA,umcsent_zscore,7,-0.0957,False,pipeline
S4_zscore,T3_zscore_1.0,P2_signal_strength,LB_NA,umcsent_zscore,7,0.3619,True,pipeline
S4_zscore,T3_zscore_1.0,P3_long_short,LB_NA,umcsent_zscore,7,-0.7951,False,pipeline
S4_zscore,T3_zscore_neg_1.0,P1_long_cash,LB_NA,umcsent_zscore,7,0.1184,True,pipeline
S4_zscore,T3_zscore_neg_1.0,P2_signal_strength,LB_NA,umcsent_zscore,7,0.3619,True,pipeline
S4_zscore,T3_zscore_neg_1.0,P3_long_short,LB_NA,umcsent_zscore,7,-0.5207,False,pipeline
S4_zscore,T3_zscore_1.5,P1_long_cash,LB_NA,umcsent_zscore,7,-0.2723,False,pipeline
S4_zscore,T3_zscore_1.5,P2_signal_strength,LB_NA,umcsent_zscore,7,0.3619,True,pipeline
S4_zscore,T3_zscore_1.5,P3_long_short,LB_NA,umcsent_zscore,7,-0.8597,False,pipeline
S4_zscore,T3_zscore_neg_1.5,P1_long_cash,LB_NA,umcsent_zscore,7,0.38,True,pipeline
S4_zscore,T3_zscore_neg_1.5,P2_signal_strength,LB_NA,umcsent_zscore,7,0.3619,True,pipeline
S4_zscore,T3_zscore_neg_1.5,P3_long_short,LB_NA,umcsent_zscore,7,-0.028,False,pipeline
S4_zscore,T3_zscore_2.0,P1_long_cash,LB_NA,umcsent_zscore,7,0.0,False,pipeline
S4_zscore,T3_zscore_2.0,P2_signal_strength,LB_NA,umcsent_zscore,7,0.3619,True,pipeline
S4_zscore,T3_zscore_2.0,P3_long_short,LB_NA,umcsent_zscore,7,-0.7164,False,pipeline
S4_zscore,T3_zscore_neg_2.0,P1_long_cash,LB_NA,umcsent_zscore,7,0.3931,True,pipeline
S4_zscore,T3_zscore_neg_2.0,P2_signal_strength,LB_NA,umcsent_zscore,7,0.3619,True,pipeline
S4_zscore,T3_zscore_neg_2.0,P3_long_short,LB_NA,umcsent_zscore,7,0.001,True,pipeline
S4_zscore,T1_fixed_p25,P1_long_cash,LB_NA,umcsent_zscore,8,0.4986,True,pipeline
S4_zscore,T1_fixed_p25,P2_signal_strength,LB_NA,umcsent_zscore,8,0.5143,True,pipeline
S4_zscore,T1_fixed_p25,P3_long_short,LB_NA,umcsent_zscore,8,0.1201,True,pipeline
S4_zscore,T1_fixed_p50,P1_long_cash,LB_NA,umcsent_zscore,8,0.0717,True,pipeline
S4_zscore,T1_fixed_p50,P2_signal_strength,LB_NA,umcsent_zscore,8,0.5143,True,pipeline
S4_zscore,T1_fixed_p50,P3_long_short,LB_NA,umcsent_zscore,8,-0.6236,False,pipeline
S4_zscore,T1_fixed_p75,P1_long_cash,LB_NA,umcsent_zscore,8,0.0532,True,pipeline
S4_zscore,T1_fixed_p75,P2_signal_strength,LB_NA,umcsent_zscore,8,0.5143,True,pipeline
S4_zscore,T1_fixed_p75,P3_long_short,LB_NA,umcsent_zscore,8,-0.6689,False,pipeline
S4_zscore,T2_roll_p25,P1_long_cash,LB_NA,umcsent_zscore,8,0.3079,True,pipeline
S4_zscore,T2_roll_p25,P2_signal_strength,LB_NA,umcsent_zscore,8,0.5143,True,pipeline
S4_zscore,T2_roll_p25,P3_long_short,LB_NA,umcsent_zscore,8,-0.2381,False,pipeline
S4_zscore,T2_roll_p50,P1_long_cash,LB_NA,umcsent_zscore,8,0.4188,True,pipeline
S4_zscore,T2_roll_p50,P2_signal_strength,LB_NA,umcsent_zscore,8,0.5143,True,pipeline
S4_zscore,T2_roll_p50,P3_long_short,LB_NA,umcsent_zscore,8,-0.1715,False,pipeline
S4_zscore,T2_roll_p75,P1_long_cash,LB_NA,umcsent_zscore,8,0.1696,True,pipeline
S4_zscore,T2_roll_p75,P2_signal_strength,LB_NA,umcsent_zscore,8,0.5143,True,pipeline
S4_zscore,T2_roll_p75,P3_long_short,LB_NA,umcsent_zscore,8,-0.5444,False,pipeline
S4_zscore,T3_zscore_1.0,P1_long_cash,LB_NA,umcsent_zscore,8,0.0006,True,pipeline
S4_zscore,T3_zscore_1.0,P2_signal_strength,LB_NA,umcsent_zscore,8,0.5143,True,pipeline
S4_zscore,T3_zscore_1.0,P3_long_short,LB_NA,umcsent_zscore,8,-0.7159,False,pipeline
S4_zscore,T3_zscore_neg_1.0,P1_long_cash,LB_NA,umcsent_zscore,8,0.379,True,pipeline
S4_zscore,T3_zscore_neg_1.0,P2_signal_strength,LB_NA,umcsent_zscore,8,0.5143,True,pipeline
S4_zscore,T3_zscore_neg_1.0,P3_long_short,LB_NA,umcsent_zscore,8,-0.0185,False,pipeline
S4_zscore,T3_zscore_1.5,P1_long_cash,LB_NA,umcsent_zscore,8,-0.0745,False,pipeline
S4_zscore,T3_zscore_1.5,P2_signal_strength,LB_NA,umcsent_zscore,8,0.5143,True,pipeline
S4_zscore,T3_zscore_1.5,P3_long_short,LB_NA,umcsent_zscore,8,-0.7588,False,pipeline
S4_zscore,T3_zscore_neg_1.5,P1_long_cash,LB_NA,umcsent_zscore,8,0.4415,True,pipeline
S4_zscore,T3_zscore_neg_1.5,P2_signal_strength,LB_NA,umcsent_zscore,8,0.5143,True,pipeline
S4_zscore,T3_zscore_neg_1.5,P3_long_short,LB_NA,umcsent_zscore,8,0.1298,True,pipeline
S4_zscore,T3_zscore_2.0,P1_long_cash,LB_NA,umcsent_zscore,8,0.0,False,pipeline
S4_zscore,T3_zscore_2.0,P2_signal_strength,LB_NA,umcsent_zscore,8,0.5143,True,pipeline
S4_zscore,T3_zscore_2.0,P3_long_short,LB_NA,umcsent_zscore,8,-0.7164,False,pipeline
S4_zscore,T3_zscore_neg_2.0,P1_long_cash,LB_NA,umcsent_zscore,8,0.5127,True,pipeline
S4_zscore,T3_zscore_neg_2.0,P2_signal_strength,LB_NA,umcsent_zscore,8,0.5143,True,pipeline
S4_zscore,T3_zscore_neg_2.0,P3_long_short,LB_NA,umcsent_zscore,8,0.2733,True,pipeline
S4_zscore,T1_fixed_p25,P1_long_cash,LB_NA,umcsent_zscore,9,0.4887,True,pipeline
S4_zscore,T1_fixed_p25,P2_signal_strength,LB_NA,umcsent_zscore,9,0.6104,True,pipeline
S4_zscore,T1_fixed_p25,P3_long_short,LB_NA,umcsent_zscore,9,0.0702,True,pipeline
S4_zscore,T1_fixed_p50,P1_long_cash,LB_NA,umcsent_zscore,9,0.4676,True,pipeline
S4_zscore,T1_fixed_p50,P2_signal_strength,LB_NA,umcsent_zscore,9,0.6104,True,pipeline
S4_zscore,T1_fixed_p50,P3_long_short,LB_NA,umcsent_zscore,9,-0.0951,False,pipeline
S4_zscore,T1_fixed_p75,P1_long_cash,LB_NA,umcsent_zscore,9,0.3344,True,pipeline
S4_zscore,T1_fixed_p75,P2_signal_strength,LB_NA,umcsent_zscore,9,0.6104,True,pipeline
S4_zscore,T1_fixed_p75,P3_long_short,LB_NA,umcsent_zscore,9,-0.4687,False,pipeline
S4_zscore,T2_roll_p25,P1_long_cash,LB_NA,umcsent_zscore,9,0.2228,True,pipeline
S4_zscore,T2_roll_p25,P2_signal_strength,LB_NA,umcsent_zscore,9,0.6104,True,pipeline
S4_zscore,T2_roll_p25,P3_long_short,LB_NA,umcsent_zscore,9,-0.3902,False,pipeline
S4_zscore,T2_roll_p50,P1_long_cash,LB_NA,umcsent_zscore,9,0.5148,True,pipeline
S4_zscore,T2_roll_p50,P2_signal_strength,LB_NA,umcsent_zscore,9,0.6104,True,pipeline
S4_zscore,T2_roll_p50,P3_long_short,LB_NA,umcsent_zscore,9,-0.0928,False,pipeline
S4_zscore,T2_roll_p75,P1_long_cash,LB_NA,umcsent_zscore,9,0.3071,True,pipeline
S4_zscore,T2_roll_p75,P2_signal_strength,LB_NA,umcsent_zscore,9,0.6104,True,pipeline
S4_zscore,T2_roll_p75,P3_long_short,LB_NA,umcsent_zscore,9,-0.419,False,pipeline
S4_zscore,T3_zscore_1.0,P1_long_cash,LB_NA,umcsent_zscore,9,0.3587,True,pipeline
S4_zscore,T3_zscore_1.0,P2_signal_strength,LB_NA,umcsent_zscore,9,0.6104,True,pipeline
S4_zscore,T3_zscore_1.0,P3_long_short,LB_NA,umcsent_zscore,9,-0.413,False,pipeline
S4_zscore,T3_zscore_neg_1.0,P1_long_cash,LB_NA,umcsent_zscore,9,0.413,True,pipeline
S4_zscore,T3_zscore_neg_1.0,P2_signal_strength,LB_NA,umcsent_zscore,9,0.6104,True,pipeline
S4_zscore,T3_zscore_neg_1.0,P3_long_short,LB_NA,umcsent_zscore,9,0.0209,True,pipeline
S4_zscore,T3_zscore_1.5,P1_long_cash,LB_NA,umcsent_zscore,9,0.227,True,pipeline
S4_zscore,T3_zscore_1.5,P2_signal_strength,LB_NA,umcsent_zscore,9,0.6104,True,pipeline
S4_zscore,T3_zscore_1.5,P3_long_short,LB_NA,umcsent_zscore,9,-0.5946,False,pipeline
S4_zscore,T3_zscore_neg_1.5,P1_long_cash,LB_NA,umcsent_zscore,9,0.4773,True,pipeline
S4_zscore,T3_zscore_neg_1.5,P2_signal_strength,LB_NA,umcsent_zscore,9,0.6104,True,pipeline
S4_zscore,T3_zscore_neg_1.5,P3_long_short,LB_NA,umcsent_zscore,9,0.2051,True,pipeline
S4_zscore,T3_zscore_2.0,P1_long_cash,LB_NA,umcsent_zscore,9,0.0,False,pipeline
S4_zscore,T3_zscore_2.0,P2_signal_strength,LB_NA,umcsent_zscore,9,0.6104,True,pipeline
S4_zscore,T3_zscore_2.0,P3_long_short,LB_NA,umcsent_zscore,9,-0.7164,False,pipeline
S4_zscore,T3_zscore_neg_2.0,P1_long_cash,LB_NA,umcsent_zscore,9,0.5263,True,pipeline
S4_zscore,T3_zscore_neg_2.0,P2_signal_strength,LB_NA,umcsent_zscore,9,0.6104,True,pipeline
S4_zscore,T3_zscore_neg_2.0,P3_long_short,LB_NA,umcsent_zscore,9,0.301,True,pipeline
S4_zscore,T1_fixed_p25,P1_long_cash,LB_NA,umcsent_zscore,10,0.563,True,pipeline
S4_zscore,T1_fixed_p25,P2_signal_strength,LB_NA,umcsent_zscore,10,0.6334,True,pipeline
S4_zscore,T1_fixed_p25,P3_long_short,LB_NA,umcsent_zscore,10,0.1501,True,pipeline
S4_zscore,T1_fixed_p50,P1_long_cash,LB_NA,umcsent_zscore,10,0.4797,True,pipeline
S4_zscore,T1_fixed_p50,P2_signal_strength,LB_NA,umcsent_zscore,10,0.6334,True,pipeline
S4_zscore,T1_fixed_p50,P3_long_short,LB_NA,umcsent_zscore,10,-0.0611,False,pipeline
S4_zscore,T1_fixed_p75,P1_long_cash,LB_NA,umcsent_zscore,10,0.5547,True,pipeline
S4_zscore,T1_fixed_p75,P2_signal_strength,LB_NA,umcsent_zscore,10,0.6334,True,pipeline
S4_zscore,T1_fixed_p75,P3_long_short,LB_NA,umcsent_zscore,10,-0.1795,False,pipeline
S4_zscore,T2_roll_p25,P1_long_cash,LB_NA,umcsent_zscore,10,0.6284,True,pipeline
S4_zscore,T2_roll_p25,P2_signal_strength,LB_NA,umcsent_zscore,10,0.6334,True,pipeline
S4_zscore,T2_roll_p25,P3_long_short,LB_NA,umcsent_zscore,10,0.2436,True,pipeline
S4_zscore,T2_roll_p50,P1_long_cash,LB_NA,umcsent_zscore,10,0.713,True,pipeline
S4_zscore,T2_roll_p50,P2_signal_strength,LB_NA,umcsent_zscore,10,0.6334,True,pipeline
S4_zscore,T2_roll_p50,P3_long_short,LB_NA,umcsent_zscore,10,0.1844,True,pipeline
S4_zscore,T2_roll_p75,P1_long_cash,LB_NA,umcsent_zscore,10,0.4256,True,pipeline
S4_zscore,T2_roll_p75,P2_signal_strength,LB_NA,umcsent_zscore,10,0.6334,True,pipeline
S4_zscore,T2_roll_p75,P3_long_short,LB_NA,umcsent_zscore,10,-0.3179,False,pipeline
S4_zscore,T3_zscore_1.0,P1_long_cash,LB_NA,umcsent_zscore,10,0.3151,True,pipeline
S4_zscore,T3_zscore_1.0,P2_signal_strength,LB_NA,umcsent_zscore,10,0.6334,True,pipeline
S4_zscore,T3_zscore_1.0,P3_long_short,LB_NA,umcsent_zscore,10,-0.4546,False,pipeline
S4_zscore,T3_zscore_neg_1.0,P1_long_cash,LB_NA,umcsent_zscore,10,0.6743,True,pipeline
S4_zscore,T3_zscore_neg_1.0,P2_signal_strength,LB_NA,umcsent_zscore,10,0.6334,True,pipeline
S4_zscore,T3_zscore_neg_1.0,P3_long_short,LB_NA,umcsent_zscore,10,0.4411,True,pipeline
S4_zscore,T3_zscore_1.5,P1_long_cash,LB_NA,umcsent_zscore,10,0.2786,True,pipeline
S4_zscore,T3_zscore_1.5,P2_signal_strength,LB_NA,umcsent_zscore,10,0.6334,True,pipeline
S4_zscore,T3_zscore_1.5,P3_long_short,LB_NA,umcsent_zscore,10,-0.5199,False,pipeline
S4_zscore,T3_zscore_neg_1.5,P1_long_cash,LB_NA,umcsent_zscore,10,0.5187,True,pipeline
S4_zscore,T3_zscore_neg_1.5,P2_signal_strength,LB_NA,umcsent_zscore,10,0.6334,True,pipeline
S4_zscore,T3_zscore_neg_1.5,P3_long_short,LB_NA,umcsent_zscore,10,0.2814,True,pipeline
S4_zscore,T3_zscore_2.0,P1_long_cash,LB_NA,umcsent_zscore,10,0.0,False,pipeline
S4_zscore,T3_zscore_2.0,P2_signal_strength,LB_NA,umcsent_zscore,10,0.6334,True,pipeline
S4_zscore,T3_zscore_2.0,P3_long_short,LB_NA,umcsent_zscore,10,-0.7164,False,pipeline
S4_zscore,T3_zscore_neg_2.0,P1_long_cash,LB_NA,umcsent_zscore,10,0.5419,True,pipeline
S4_zscore,T3_zscore_neg_2.0,P2_signal_strength,LB_NA,umcsent_zscore,10,0.6334,True,pipeline
S4_zscore,T3_zscore_neg_2.0,P3_long_short,LB_NA,umcsent_zscore,10,0.3354,True,pipeline
S4_zscore,T1_fixed_p25,P1_long_cash,LB_NA,umcsent_zscore,11,0.603,True,pipeline
S4_zscore,T1_fixed_p25,P2_signal_strength,LB_NA,umcsent_zscore,11,0.6072,True,pipeline
S4_zscore,T1_fixed_p25,P3_long_short,LB_NA,umcsent_zscore,11,0.2314,True,pipeline
S4_zscore,T1_fixed_p50,P1_long_cash,LB_NA,umcsent_zscore,11,0.6703,True,pipeline
S4_zscore,T1_fixed_p50,P2_signal_strength,LB_NA,umcsent_zscore,11,0.6072,True,pipeline
S4_zscore,T1_fixed_p50,P3_long_short,LB_NA,umcsent_zscore,11,0.1423,True,pipeline
S4_zscore,T1_fixed_p75,P1_long_cash,LB_NA,umcsent_zscore,11,0.0696,True,pipeline
S4_zscore,T1_fixed_p75,P2_signal_strength,LB_NA,umcsent_zscore,11,0.6072,True,pipeline
S4_zscore,T1_fixed_p75,P3_long_short,LB_NA,umcsent_zscore,11,-0.6807,False,pipeline
S4_zscore,T2_roll_p25,P1_long_cash,LB_NA,umcsent_zscore,11,0.5662,True,pipeline
S4_zscore,T2_roll_p25,P2_signal_strength,LB_NA,umcsent_zscore,11,0.6072,True,pipeline
S4_zscore,T2_roll_p25,P3_long_short,LB_NA,umcsent_zscore,11,0.0485,True,pipeline
S4_zscore,T2_roll_p50,P1_long_cash,LB_NA,umcsent_zscore,11,0.415,True,pipeline
S4_zscore,T2_roll_p50,P2_signal_strength,LB_NA,umcsent_zscore,11,0.6072,True,pipeline
S4_zscore,T2_roll_p50,P3_long_short,LB_NA,umcsent_zscore,11,-0.2618,False,pipeline
S4_zscore,T2_roll_p75,P1_long_cash,LB_NA,umcsent_zscore,11,0.2759,True,pipeline
S4_zscore,T2_roll_p75,P2_signal_strength,LB_NA,umcsent_zscore,11,0.6072,True,pipeline
S4_zscore,T2_roll_p75,P3_long_short,LB_NA,umcsent_zscore,11,-0.4542,False,pipeline
S4_zscore,T3_zscore_1.0,P1_long_cash,LB_NA,umcsent_zscore,11,0.2387,True,pipeline
S4_zscore,T3_zscore_1.0,P2_signal_strength,LB_NA,umcsent_zscore,11,0.6072,True,pipeline
S4_zscore,T3_zscore_1.0,P3_long_short,LB_NA,umcsent_zscore,11,-0.5089,False,pipeline
S4_zscore,T3_zscore_neg_1.0,P1_long_cash,LB_NA,umcsent_zscore,11,0.7018,True,pipeline
S4_zscore,T3_zscore_neg_1.0,P2_signal_strength,LB_NA,umcsent_zscore,11,0.6072,True,pipeline
S4_zscore,T3_zscore_neg_1.0,P3_long_short,LB_NA,umcsent_zscore,11,0.5002,True,pipeline
S4_zscore,T3_zscore_1.5,P1_long_cash,LB_NA,umcsent_zscore,11,0.0928,True,pipeline
S4_zscore,T3_zscore_1.5,P2_signal_strength,LB_NA,umcsent_zscore,11,0.6072,True,pipeline
S4_zscore,T3_zscore_1.5,P3_long_short,LB_NA,umcsent_zscore,11,-0.6759,False,pipeline
S4_zscore,T3_zscore_neg_1.5,P1_long_cash,LB_NA,umcsent_zscore,11,0.6792,True,pipeline
S4_zscore,T3_zscore_neg_1.5,P2_signal_strength,LB_NA,umcsent_zscore,11,0.6072,True,pipeline
S4_zscore,T3_zscore_neg_1.5,P3_long_short,LB_NA,umcsent_zscore,11,0.575,True,pipeline
S4_zscore,T3_zscore_2.0,P1_long_cash,LB_NA,umcsent_zscore,11,0.0,False,pipeline
S4_zscore,T3_zscore_2.0,P2_signal_strength,LB_NA,umcsent_zscore,11,0.6072,True,pipeline
S4_zscore,T3_zscore_2.0,P3_long_short,LB_NA,umcsent_zscore,11,-0.7164,False,pipeline
S4_zscore,T3_zscore_neg_2.0,P1_long_cash,LB_NA,umcsent_zscore,11,0.6605,True,pipeline
S4_zscore,T3_zscore_neg_2.0,P2_signal_strength,LB_NA,umcsent_zscore,11,0.6072,True,pipeline
S4_zscore,T3_zscore_neg_2.0,P3_long_short,LB_NA,umcsent_zscore,11,0.5485,True,pipeline
S4_zscore,T1_fixed_p25,P1_long_cash,LB_NA,umcsent_zscore,12,0.6176,True,pipeline
S4_zscore,T1_fixed_p25,P2_signal_strength,LB_NA,umcsent_zscore,12,0.6446,True,pipeline
S4_zscore,T1_fixed_p25,P3_long_short,LB_NA,umcsent_zscore,12,0.237,True,pipeline
S4_zscore,T1_fixed_p50,P1_long_cash,LB_NA,umcsent_zscore,12,0.7325,True,pipeline
S4_zscore,T1_fixed_p50,P2_signal_strength,LB_NA,umcsent_zscore,12,0.6446,True,pipeline
S4_zscore,T1_fixed_p50,P3_long_short,LB_NA,umcsent_zscore,12,0.1752,True,pipeline
S4_zscore,T1_fixed_p75,P1_long_cash,LB_NA,umcsent_zscore,12,-0.408,False,pipeline
S4_zscore,T1_fixed_p75,P2_signal_strength,LB_NA,umcsent_zscore,12,0.6446,True,pipeline
S4_zscore,T1_fixed_p75,P3_long_short,LB_NA,umcsent_zscore,12,-0.9605,False,pipeline
S4_zscore,T2_roll_p25,P1_long_cash,LB_NA,umcsent_zscore,12,0.388,True,pipeline
S4_zscore,T2_roll_p25,P2_signal_strength,LB_NA,umcsent_zscore,12,0.6446,True,pipeline
S4_zscore,T2_roll_p25,P3_long_short,LB_NA,umcsent_zscore,12,-0.1245,False,pipeline
S4_zscore,T2_roll_p50,P1_long_cash,LB_NA,umcsent_zscore,12,0.325,True,pipeline
S4_zscore,T2_roll_p50,P2_signal_strength,LB_NA,umcsent_zscore,12,0.6446,True,pipeline
S4_zscore,T2_roll_p50,P3_long_short,LB_NA,umcsent_zscore,12,-0.3489,False,pipeline
S4_zscore,T2_roll_p75,P1_long_cash,LB_NA,umcsent_zscore,12,0.4268,True,pipeline
S4_zscore,T2_roll_p75,P2_signal_strength,LB_NA,umcsent_zscore,12,0.6446,True,pipeline
S4_zscore,T2_roll_p75,P3_long_short,LB_NA,umcsent_zscore,12,-0.3036,False,pipeline
S4_zscore,T3_zscore_1.0,P1_long_cash,LB_NA,umcsent_zscore,12,0.2761,True,pipeline
S4_zscore,T3_zscore_1.0,P2_signal_strength,LB_NA,umcsent_zscore,12,0.6446,True,pipeline
S4_zscore,T3_zscore_1.0,P3_long_short,LB_NA,umcsent_zscore,12,-0.5033,False,pipeline
S4_zscore,T3_zscore_neg_1.0,P1_long_cash,LB_NA,umcsent_zscore,12,0.5537,True,pipeline
S4_zscore,T3_zscore_neg_1.0,P2_signal_strength,LB_NA,umcsent_zscore,12,0.6446,True,pipeline
S4_zscore,T3_zscore_neg_1.0,P3_long_short,LB_NA,umcsent_zscore,12,0.2345,True,pipeline
S4_zscore,T3_zscore_1.5,P1_long_cash,LB_NA,umcsent_zscore,12,-0.5227,False,pipeline
S4_zscore,T3_zscore_1.5,P2_signal_strength,LB_NA,umcsent_zscore,12,0.6446,True,pipeline
S4_zscore,T3_zscore_1.5,P3_long_short,LB_NA,umcsent_zscore,12,-0.9183,False,pipeline
S4_zscore,T3_zscore_neg_1.5,P1_long_cash,LB_NA,umcsent_zscore,12,0.7607,True,pipeline
S4_zscore,T3_zscore_neg_1.5,P2_signal_strength,LB_NA,umcsent_zscore,12,0.6446,True,pipeline
S4_zscore,T3_zscore_neg_1.5,P3_long_short,LB_NA,umcsent_zscore,12,0.6855,True,pipeline
S4_zscore,T3_zscore_2.0,P1_long_cash,LB_NA,umcsent_zscore,12,0.0,False,pipeline
S4_zscore,T3_zscore_2.0,P2_signal_strength,LB_NA,umcsent_zscore,12,0.6446,True,pipeline
S4_zscore,T3_zscore_2.0,P3_long_short,LB_NA,umcsent_zscore,12,-0.7164,False,pipeline
S4_zscore,T3_zscore_neg_2.0,P1_long_cash,LB_NA,umcsent_zscore,12,0.7604,True,pipeline
S4_zscore,T3_zscore_neg_2.0,P2_signal_strength,LB_NA,umcsent_zscore,12,0.6446,True,pipeline
S4_zscore,T3_zscore_neg_2.0,P3_long_short,LB_NA,umcsent_zscore,12,0.7359,True,pipeline
S5_3m_ma,T1_fixed_p25,P1_long_cash,LB_NA,umcsent_3m_ma,0,0.5728,True,pipeline
S5_3m_ma,T1_fixed_p25,P2_signal_strength,LB_NA,umcsent_3m_ma,0,0.4204,True,pipeline
S5_3m_ma,T1_fixed_p25,P3_long_short,LB_NA,umcsent_3m_ma,0,-0.0097,False,pipeline
S5_3m_ma,T1_fixed_p50,P1_long_cash,LB_NA,umcsent_3m_ma,0,0.2555,True,pipeline
S5_3m_ma,T1_fixed_p50,P2_signal_strength,LB_NA,umcsent_3m_ma,0,0.4204,True,pipeline
S5_3m_ma,T1_fixed_p50,P3_long_short,LB_NA,umcsent_3m_ma,0,-0.4642,False,pipeline
S5_3m_ma,T1_fixed_p75,P1_long_cash,LB_NA,umcsent_3m_ma,0,0.1123,True,pipeline
S5_3m_ma,T1_fixed_p75,P2_signal_strength,LB_NA,umcsent_3m_ma,0,0.4204,True,pipeline
S5_3m_ma,T1_fixed_p75,P3_long_short,LB_NA,umcsent_3m_ma,0,-0.614,False,pipeline
S5_3m_ma,T2_roll_p25,P1_long_cash,LB_NA,umcsent_3m_ma,0,0.3243,True,pipeline
S5_3m_ma,T2_roll_p25,P2_signal_strength,LB_NA,umcsent_3m_ma,0,0.4204,True,pipeline
S5_3m_ma,T2_roll_p25,P3_long_short,LB_NA,umcsent_3m_ma,0,-0.2887,False,pipeline
S5_3m_ma,T2_roll_p50,P1_long_cash,LB_NA,umcsent_3m_ma,0,0.0134,True,pipeline
S5_3m_ma,T2_roll_p50,P2_signal_strength,LB_NA,umcsent_3m_ma,0,0.4204,True,pipeline
S5_3m_ma,T2_roll_p50,P3_long_short,LB_NA,umcsent_3m_ma,0,-0.7017,False,pipeline
S5_3m_ma,T2_roll_p75,P1_long_cash,LB_NA,umcsent_3m_ma,0,-0.228,False,pipeline
S5_3m_ma,T2_roll_p75,P2_signal_strength,LB_NA,umcsent_3m_ma,0,0.4204,True,pipeline
S5_3m_ma,T2_roll_p75,P3_long_short,LB_NA,umcsent_3m_ma,0,-0.8443,False,pipeline
S5_3m_ma,T3_zscore_1.0,P1_long_cash,LB_NA,umcsent_3m_ma,0,-0.228,False,pipeline
S5_3m_ma,T3_zscore_1.0,P2_signal_strength,LB_NA,umcsent_3m_ma,0,0.4204,True,pipeline
S5_3m_ma,T3_zscore_1.0,P3_long_short,LB_NA,umcsent_3m_ma,0,-0.8443,False,pipeline
S5_3m_ma,T3_zscore_neg_1.0,P1_long_cash,LB_NA,umcsent_3m_ma,0,0.4514,True,pipeline
S5_3m_ma,T3_zscore_neg_1.0,P2_signal_strength,LB_NA,umcsent_3m_ma,0,0.4204,True,pipeline
S5_3m_ma,T3_zscore_neg_1.0,P3_long_short,LB_NA,umcsent_3m_ma,0,-0.1135,False,pipeline
S5_3m_ma,T3_zscore_1.5,P1_long_cash,LB_NA,umcsent_3m_ma,0,-0.3849,False,pipeline
S5_3m_ma,T3_zscore_1.5,P2_signal_strength,LB_NA,umcsent_3m_ma,0,0.4204,True,pipeline
S5_3m_ma,T3_zscore_1.5,P3_long_short,LB_NA,umcsent_3m_ma,0,-0.7976,False,pipeline
S5_3m_ma,T3_zscore_neg_1.5,P1_long_cash,LB_NA,umcsent_3m_ma,0,0.6307,True,pipeline
S5_3m_ma,T3_zscore_neg_1.5,P2_signal_strength,LB_NA,umcsent_3m_ma,0,0.4204,True,pipeline
S5_3m_ma,T3_zscore_neg_1.5,P3_long_short,LB_NA,umcsent_3m_ma,0,0.251,True,pipeline
S5_3m_ma,T3_zscore_2.0,P1_long_cash,LB_NA,umcsent_3m_ma,0,0.0,False,pipeline
S5_3m_ma,T3_zscore_2.0,P2_signal_strength,LB_NA,umcsent_3m_ma,0,0.4204,True,pipeline
S5_3m_ma,T3_zscore_2.0,P3_long_short,LB_NA,umcsent_3m_ma,0,-0.7164,False,pipeline
S5_3m_ma,T3_zscore_neg_2.0,P1_long_cash,LB_NA,umcsent_3m_ma,0,0.7018,True,pipeline
S5_3m_ma,T3_zscore_neg_2.0,P2_signal_strength,LB_NA,umcsent_3m_ma,0,0.4204,True,pipeline
S5_3m_ma,T3_zscore_neg_2.0,P3_long_short,LB_NA,umcsent_3m_ma,0,0.4431,True,pipeline
S5_3m_ma,T1_fixed_p25,P1_long_cash,LB_NA,umcsent_3m_ma,1,0.7514,True,pipeline
S5_3m_ma,T1_fixed_p25,P2_signal_strength,LB_NA,umcsent_3m_ma,1,0.5209,True,pipeline
S5_3m_ma,T1_fixed_p25,P3_long_short,LB_NA,umcsent_3m_ma,1,0.1748,True,pipeline
S5_3m_ma,T1_fixed_p50,P1_long_cash,LB_NA,umcsent_3m_ma,1,0.3188,True,pipeline
S5_3m_ma,T1_fixed_p50,P2_signal_strength,LB_NA,umcsent_3m_ma,1,0.5209,True,pipeline
S5_3m_ma,T1_fixed_p50,P3_long_short,LB_NA,umcsent_3m_ma,1,-0.3987,False,pipeline
S5_3m_ma,T1_fixed_p75,P1_long_cash,LB_NA,umcsent_3m_ma,1,0.2654,True,pipeline
S5_3m_ma,T1_fixed_p75,P2_signal_strength,LB_NA,umcsent_3m_ma,1,0.5209,True,pipeline
S5_3m_ma,T1_fixed_p75,P3_long_short,LB_NA,umcsent_3m_ma,1,-0.4694,False,pipeline
S5_3m_ma,T2_roll_p25,P1_long_cash,LB_NA,umcsent_3m_ma,1,0.2905,True,pipeline
S5_3m_ma,T2_roll_p25,P2_signal_strength,LB_NA,umcsent_3m_ma,1,0.5209,True,pipeline
S5_3m_ma,T2_roll_p25,P3_long_short,LB_NA,umcsent_3m_ma,1,-0.3199,False,pipeline
S5_3m_ma,T2_roll_p50,P1_long_cash,LB_NA,umcsent_3m_ma,1,0.2727,True,pipeline
S5_3m_ma,T2_roll_p50,P2_signal_strength,LB_NA,umcsent_3m_ma,1,0.5209,True,pipeline
S5_3m_ma,T2_roll_p50,P3_long_short,LB_NA,umcsent_3m_ma,1,-0.4214,False,pipeline
S5_3m_ma,T2_roll_p75,P1_long_cash,LB_NA,umcsent_3m_ma,1,0.184,True,pipeline
S5_3m_ma,T2_roll_p75,P2_signal_strength,LB_NA,umcsent_3m_ma,1,0.5209,True,pipeline
S5_3m_ma,T2_roll_p75,P3_long_short,LB_NA,umcsent_3m_ma,1,-0.5854,False,pipeline
S5_3m_ma,T3_zscore_1.0,P1_long_cash,LB_NA,umcsent_3m_ma,1,0.184,True,pipeline
S5_3m_ma,T3_zscore_1.0,P2_signal_strength,LB_NA,umcsent_3m_ma,1,0.5209,True,pipeline
S5_3m_ma,T3_zscore_1.0,P3_long_short,LB_NA,umcsent_3m_ma,1,-0.5854,False,pipeline
S5_3m_ma,T3_zscore_neg_1.0,P1_long_cash,LB_NA,umcsent_3m_ma,1,0.4397,True,pipeline
S5_3m_ma,T3_zscore_neg_1.0,P2_signal_strength,LB_NA,umcsent_3m_ma,1,0.5209,True,pipeline
S5_3m_ma,T3_zscore_neg_1.0,P3_long_short,LB_NA,umcsent_3m_ma,1,-0.1066,False,pipeline
S5_3m_ma,T3_zscore_1.5,P1_long_cash,LB_NA,umcsent_3m_ma,1,0.3849,True,pipeline
S5_3m_ma,T3_zscore_1.5,P2_signal_strength,LB_NA,umcsent_3m_ma,1,0.5209,True,pipeline
S5_3m_ma,T3_zscore_1.5,P3_long_short,LB_NA,umcsent_3m_ma,1,-0.4603,False,pipeline
S5_3m_ma,T3_zscore_neg_1.5,P1_long_cash,LB_NA,umcsent_3m_ma,1,0.586,True,pipeline
S5_3m_ma,T3_zscore_neg_1.5,P2_signal_strength,LB_NA,umcsent_3m_ma,1,0.5209,True,pipeline
S5_3m_ma,T3_zscore_neg_1.5,P3_long_short,LB_NA,umcsent_3m_ma,1,0.1815,True,pipeline
S5_3m_ma,T3_zscore_2.0,P1_long_cash,LB_NA,umcsent_3m_ma,1,0.0,False,pipeline
S5_3m_ma,T3_zscore_2.0,P2_signal_strength,LB_NA,umcsent_3m_ma,1,0.5209,True,pipeline
S5_3m_ma,T3_zscore_2.0,P3_long_short,LB_NA,umcsent_3m_ma,1,-0.7164,False,pipeline
S5_3m_ma,T3_zscore_neg_2.0,P1_long_cash,LB_NA,umcsent_3m_ma,1,0.6041,True,pipeline
S5_3m_ma,T3_zscore_neg_2.0,P2_signal_strength,LB_NA,umcsent_3m_ma,1,0.5209,True,pipeline
S5_3m_ma,T3_zscore_neg_2.0,P3_long_short,LB_NA,umcsent_3m_ma,1,0.279,True,pipeline
S5_3m_ma,T1_fixed_p25,P1_long_cash,LB_NA,umcsent_3m_ma,2,0.6799,True,pipeline
S5_3m_ma,T1_fixed_p25,P2_signal_strength,LB_NA,umcsent_3m_ma,2,0.5582,True,pipeline
S5_3m_ma,T1_fixed_p25,P3_long_short,LB_NA,umcsent_3m_ma,2,0.0966,True,pipeline
S5_3m_ma,T1_fixed_p50,P1_long_cash,LB_NA,umcsent_3m_ma,2,0.2666,True,pipeline
S5_3m_ma,T1_fixed_p50,P2_signal_strength,LB_NA,umcsent_3m_ma,2,0.5582,True,pipeline
S5_3m_ma,T1_fixed_p50,P3_long_short,LB_NA,umcsent_3m_ma,2,-0.4473,False,pipeline
S5_3m_ma,T1_fixed_p75,P1_long_cash,LB_NA,umcsent_3m_ma,2,0.1796,True,pipeline
S5_3m_ma,T1_fixed_p75,P2_signal_strength,LB_NA,umcsent_3m_ma,2,0.5582,True,pipeline
S5_3m_ma,T1_fixed_p75,P3_long_short,LB_NA,umcsent_3m_ma,2,-0.5514,False,pipeline
S5_3m_ma,T2_roll_p25,P1_long_cash,LB_NA,umcsent_3m_ma,2,0.3292,True,pipeline
S5_3m_ma,T2_roll_p25,P2_signal_strength,LB_NA,umcsent_3m_ma,2,0.5582,True,pipeline
S5_3m_ma,T2_roll_p25,P3_long_short,LB_NA,umcsent_3m_ma,2,-0.2683,False,pipeline
S5_3m_ma,T2_roll_p50,P1_long_cash,LB_NA,umcsent_3m_ma,2,0.4168,True,pipeline
S5_3m_ma,T2_roll_p50,P2_signal_strength,LB_NA,umcsent_3m_ma,2,0.5582,True,pipeline
S5_3m_ma,T2_roll_p50,P3_long_short,LB_NA,umcsent_3m_ma,2,-0.2853,False,pipeline
S5_3m_ma,T2_roll_p75,P1_long_cash,LB_NA,umcsent_3m_ma,2,0.5623,True,pipeline
S5_3m_ma,T2_roll_p75,P2_signal_strength,LB_NA,umcsent_3m_ma,2,0.5582,True,pipeline
S5_3m_ma,T2_roll_p75,P3_long_short,LB_NA,umcsent_3m_ma,2,-0.3072,False,pipeline
S5_3m_ma,T3_zscore_1.0,P1_long_cash,LB_NA,umcsent_3m_ma,2,0.5623,True,pipeline
S5_3m_ma,T3_zscore_1.0,P2_signal_strength,LB_NA,umcsent_3m_ma,2,0.5582,True,pipeline
S5_3m_ma,T3_zscore_1.0,P3_long_short,LB_NA,umcsent_3m_ma,2,-0.3072,False,pipeline
S5_3m_ma,T3_zscore_neg_1.0,P1_long_cash,LB_NA,umcsent_3m_ma,2,0.3864,True,pipeline
S5_3m_ma,T3_zscore_neg_1.0,P2_signal_strength,LB_NA,umcsent_3m_ma,2,0.5582,True,pipeline
S5_3m_ma,T3_zscore_neg_1.0,P3_long_short,LB_NA,umcsent_3m_ma,2,-0.1491,False,pipeline
S5_3m_ma,T3_zscore_1.5,P1_long_cash,LB_NA,umcsent_3m_ma,2,0.3849,True,pipeline
S5_3m_ma,T3_zscore_1.5,P2_signal_strength,LB_NA,umcsent_3m_ma,2,0.5582,True,pipeline
S5_3m_ma,T3_zscore_1.5,P3_long_short,LB_NA,umcsent_3m_ma,2,-0.6485,False,pipeline
S5_3m_ma,T3_zscore_neg_1.5,P1_long_cash,LB_NA,umcsent_3m_ma,2,0.4882,True,pipeline
S5_3m_ma,T3_zscore_neg_1.5,P2_signal_strength,LB_NA,umcsent_3m_ma,2,0.5582,True,pipeline
S5_3m_ma,T3_zscore_neg_1.5,P3_long_short,LB_NA,umcsent_3m_ma,2,0.0492,True,pipeline
S5_3m_ma,T3_zscore_2.0,P1_long_cash,LB_NA,umcsent_3m_ma,2,0.0,False,pipeline
S5_3m_ma,T3_zscore_2.0,P2_signal_strength,LB_NA,umcsent_3m_ma,2,0.5582,True,pipeline
S5_3m_ma,T3_zscore_2.0,P3_long_short,LB_NA,umcsent_3m_ma,2,-0.7164,False,pipeline
S5_3m_ma,T3_zscore_neg_2.0,P1_long_cash,LB_NA,umcsent_3m_ma,2,0.6655,True,pipeline
S5_3m_ma,T3_zscore_neg_2.0,P2_signal_strength,LB_NA,umcsent_3m_ma,2,0.5582,True,pipeline
S5_3m_ma,T3_zscore_neg_2.0,P3_long_short,LB_NA,umcsent_3m_ma,2,0.4185,True,pipeline
S5_3m_ma,T1_fixed_p25,P1_long_cash,LB_NA,umcsent_3m_ma,3,0.7577,True,pipeline
S5_3m_ma,T1_fixed_p25,P2_signal_strength,LB_NA,umcsent_3m_ma,3,0.6298,True,pipeline
S5_3m_ma,T1_fixed_p25,P3_long_short,LB_NA,umcsent_3m_ma,3,0.2663,True,pipeline
S5_3m_ma,T1_fixed_p50,P1_long_cash,LB_NA,umcsent_3m_ma,3,0.3628,True,pipeline
S5_3m_ma,T1_fixed_p50,P2_signal_strength,LB_NA,umcsent_3m_ma,3,0.6298,True,pipeline
S5_3m_ma,T1_fixed_p50,P3_long_short,LB_NA,umcsent_3m_ma,3,-0.339,False,pipeline
S5_3m_ma,T1_fixed_p75,P1_long_cash,LB_NA,umcsent_3m_ma,3,0.5164,True,pipeline
S5_3m_ma,T1_fixed_p75,P2_signal_strength,LB_NA,umcsent_3m_ma,3,0.6298,True,pipeline
S5_3m_ma,T1_fixed_p75,P3_long_short,LB_NA,umcsent_3m_ma,3,-0.2547,False,pipeline
S5_3m_ma,T2_roll_p25,P1_long_cash,LB_NA,umcsent_3m_ma,3,0.4024,True,pipeline
S5_3m_ma,T2_roll_p25,P2_signal_strength,LB_NA,umcsent_3m_ma,3,0.6298,True,pipeline
S5_3m_ma,T2_roll_p25,P3_long_short,LB_NA,umcsent_3m_ma,3,-0.1609,False,pipeline
S5_3m_ma,T2_roll_p50,P1_long_cash,LB_NA,umcsent_3m_ma,3,0.5859,True,pipeline
S5_3m_ma,T2_roll_p50,P2_signal_strength,LB_NA,umcsent_3m_ma,3,0.6298,True,pipeline
S5_3m_ma,T2_roll_p50,P3_long_short,LB_NA,umcsent_3m_ma,3,-0.1001,False,pipeline
S5_3m_ma,T2_roll_p75,P1_long_cash,LB_NA,umcsent_3m_ma,3,0.3611,True,pipeline
S5_3m_ma,T2_roll_p75,P2_signal_strength,LB_NA,umcsent_3m_ma,3,0.6298,True,pipeline
S5_3m_ma,T2_roll_p75,P3_long_short,LB_NA,umcsent_3m_ma,3,-0.5494,False,pipeline
S5_3m_ma,T3_zscore_1.0,P1_long_cash,LB_NA,umcsent_3m_ma,3,0.3611,True,pipeline
S5_3m_ma,T3_zscore_1.0,P2_signal_strength,LB_NA,umcsent_3m_ma,3,0.6298,True,pipeline
S5_3m_ma,T3_zscore_1.0,P3_long_short,LB_NA,umcsent_3m_ma,3,-0.5494,False,pipeline
S5_3m_ma,T3_zscore_neg_1.0,P1_long_cash,LB_NA,umcsent_3m_ma,3,0.3695,True,pipeline
S5_3m_ma,T3_zscore_neg_1.0,P2_signal_strength,LB_NA,umcsent_3m_ma,3,0.6298,True,pipeline
S5_3m_ma,T3_zscore_neg_1.0,P3_long_short,LB_NA,umcsent_3m_ma,3,-0.1848,False,pipeline
S5_3m_ma,T3_zscore_1.5,P1_long_cash,LB_NA,umcsent_3m_ma,3,-0.3849,False,pipeline
S5_3m_ma,T3_zscore_1.5,P2_signal_strength,LB_NA,umcsent_3m_ma,3,0.6298,True,pipeline
S5_3m_ma,T3_zscore_1.5,P3_long_short,LB_NA,umcsent_3m_ma,3,-0.7673,False,pipeline
S5_3m_ma,T3_zscore_neg_1.5,P1_long_cash,LB_NA,umcsent_3m_ma,3,0.4326,True,pipeline
S5_3m_ma,T3_zscore_neg_1.5,P2_signal_strength,LB_NA,umcsent_3m_ma,3,0.6298,True,pipeline
S5_3m_ma,T3_zscore_neg_1.5,P3_long_short,LB_NA,umcsent_3m_ma,3,-0.0277,False,pipeline
S5_3m_ma,T3_zscore_2.0,P1_long_cash,LB_NA,umcsent_3m_ma,3,0.0,False,pipeline
S5_3m_ma,T3_zscore_2.0,P2_signal_strength,LB_NA,umcsent_3m_ma,3,0.6298,True,pipeline
S5_3m_ma,T3_zscore_2.0,P3_long_short,LB_NA,umcsent_3m_ma,3,-0.7164,False,pipeline
S5_3m_ma,T3_zscore_neg_2.0,P1_long_cash,LB_NA,umcsent_3m_ma,3,0.6749,True,pipeline
S5_3m_ma,T3_zscore_neg_2.0,P2_signal_strength,LB_NA,umcsent_3m_ma,3,0.6298,True,pipeline
S5_3m_ma,T3_zscore_neg_2.0,P3_long_short,LB_NA,umcsent_3m_ma,3,0.4691,True,pipeline
S5_3m_ma,T1_fixed_p25,P1_long_cash,LB_NA,umcsent_3m_ma,4,0.5369,True,pipeline
S5_3m_ma,T1_fixed_p25,P2_signal_strength,LB_NA,umcsent_3m_ma,4,0.6185,True,pipeline
S5_3m_ma,T1_fixed_p25,P3_long_short,LB_NA,umcsent_3m_ma,4,0.0183,True,pipeline
S5_3m_ma,T1_fixed_p50,P1_long_cash,LB_NA,umcsent_3m_ma,4,0.4102,True,pipeline
S5_3m_ma,T1_fixed_p50,P2_signal_strength,LB_NA,umcsent_3m_ma,4,0.6185,True,pipeline
S5_3m_ma,T1_fixed_p50,P3_long_short,LB_NA,umcsent_3m_ma,4,-0.288,False,pipeline
S5_3m_ma,T1_fixed_p75,P1_long_cash,LB_NA,umcsent_3m_ma,4,0.7221,True,pipeline
S5_3m_ma,T1_fixed_p75,P2_signal_strength,LB_NA,umcsent_3m_ma,4,0.6185,True,pipeline
S5_3m_ma,T1_fixed_p75,P3_long_short,LB_NA,umcsent_3m_ma,4,-0.04,False,pipeline
S5_3m_ma,T2_roll_p25,P1_long_cash,LB_NA,umcsent_3m_ma,4,0.4376,True,pipeline
S5_3m_ma,T2_roll_p25,P2_signal_strength,LB_NA,umcsent_3m_ma,4,0.6185,True,pipeline
S5_3m_ma,T2_roll_p25,P3_long_short,LB_NA,umcsent_3m_ma,4,-0.1117,False,pipeline
S5_3m_ma,T2_roll_p50,P1_long_cash,LB_NA,umcsent_3m_ma,4,0.2234,True,pipeline
S5_3m_ma,T2_roll_p50,P2_signal_strength,LB_NA,umcsent_3m_ma,4,0.6185,True,pipeline
S5_3m_ma,T2_roll_p50,P3_long_short,LB_NA,umcsent_3m_ma,4,-0.5104,False,pipeline
S5_3m_ma,T2_roll_p75,P1_long_cash,LB_NA,umcsent_3m_ma,4,0.4267,True,pipeline
S5_3m_ma,T2_roll_p75,P2_signal_strength,LB_NA,umcsent_3m_ma,4,0.6185,True,pipeline
S5_3m_ma,T2_roll_p75,P3_long_short,LB_NA,umcsent_3m_ma,4,-0.4784,False,pipeline
S5_3m_ma,T3_zscore_1.0,P1_long_cash,LB_NA,umcsent_3m_ma,4,0.4267,True,pipeline
S5_3m_ma,T3_zscore_1.0,P2_signal_strength,LB_NA,umcsent_3m_ma,4,0.6185,True,pipeline
S5_3m_ma,T3_zscore_1.0,P3_long_short,LB_NA,umcsent_3m_ma,4,-0.4784,False,pipeline
S5_3m_ma,T3_zscore_neg_1.0,P1_long_cash,LB_NA,umcsent_3m_ma,4,0.4565,True,pipeline
S5_3m_ma,T3_zscore_neg_1.0,P2_signal_strength,LB_NA,umcsent_3m_ma,4,0.6185,True,pipeline
S5_3m_ma,T3_zscore_neg_1.0,P3_long_short,LB_NA,umcsent_3m_ma,4,-0.0715,False,pipeline
S5_3m_ma,T3_zscore_1.5,P1_long_cash,LB_NA,umcsent_3m_ma,4,0.3849,True,pipeline
S5_3m_ma,T3_zscore_1.5,P2_signal_strength,LB_NA,umcsent_3m_ma,4,0.6185,True,pipeline
S5_3m_ma,T3_zscore_1.5,P3_long_short,LB_NA,umcsent_3m_ma,4,-0.6042,False,pipeline
S5_3m_ma,T3_zscore_neg_1.5,P1_long_cash,LB_NA,umcsent_3m_ma,4,0.5143,True,pipeline
S5_3m_ma,T3_zscore_neg_1.5,P2_signal_strength,LB_NA,umcsent_3m_ma,4,0.6185,True,pipeline
S5_3m_ma,T3_zscore_neg_1.5,P3_long_short,LB_NA,umcsent_3m_ma,4,0.0891,True,pipeline
S5_3m_ma,T3_zscore_2.0,P1_long_cash,LB_NA,umcsent_3m_ma,4,0.0,False,pipeline
S5_3m_ma,T3_zscore_2.0,P2_signal_strength,LB_NA,umcsent_3m_ma,4,0.6185,True,pipeline
S5_3m_ma,T3_zscore_2.0,P3_long_short,LB_NA,umcsent_3m_ma,4,-0.7164,False,pipeline
S5_3m_ma,T3_zscore_neg_2.0,P1_long_cash,LB_NA,umcsent_3m_ma,4,0.7105,True,pipeline
S5_3m_ma,T3_zscore_neg_2.0,P2_signal_strength,LB_NA,umcsent_3m_ma,4,0.6185,True,pipeline
S5_3m_ma,T3_zscore_neg_2.0,P3_long_short,LB_NA,umcsent_3m_ma,4,0.514,True,pipeline
S5_3m_ma,T1_fixed_p25,P1_long_cash,LB_NA,umcsent_3m_ma,5,0.424,True,pipeline
S5_3m_ma,T1_fixed_p25,P2_signal_strength,LB_NA,umcsent_3m_ma,5,0.4518,True,pipeline
S5_3m_ma,T1_fixed_p25,P3_long_short,LB_NA,umcsent_3m_ma,5,-0.1132,False,pipeline
S5_3m_ma,T1_fixed_p50,P1_long_cash,LB_NA,umcsent_3m_ma,5,0.3655,True,pipeline
S5_3m_ma,T1_fixed_p50,P2_signal_strength,LB_NA,umcsent_3m_ma,5,0.4518,True,pipeline
S5_3m_ma,T1_fixed_p50,P3_long_short,LB_NA,umcsent_3m_ma,5,-0.331,False,pipeline
S5_3m_ma,T1_fixed_p75,P1_long_cash,LB_NA,umcsent_3m_ma,5,0.2807,True,pipeline
S5_3m_ma,T1_fixed_p75,P2_signal_strength,LB_NA,umcsent_3m_ma,5,0.4518,True,pipeline
S5_3m_ma,T1_fixed_p75,P3_long_short,LB_NA,umcsent_3m_ma,5,-0.4901,False,pipeline
S5_3m_ma,T2_roll_p25,P1_long_cash,LB_NA,umcsent_3m_ma,5,0.3706,True,pipeline
S5_3m_ma,T2_roll_p25,P2_signal_strength,LB_NA,umcsent_3m_ma,5,0.4518,True,pipeline
S5_3m_ma,T2_roll_p25,P3_long_short,LB_NA,umcsent_3m_ma,5,-0.205,False,pipeline
S5_3m_ma,T2_roll_p50,P1_long_cash,LB_NA,umcsent_3m_ma,5,0.1011,True,pipeline
S5_3m_ma,T2_roll_p50,P2_signal_strength,LB_NA,umcsent_3m_ma,5,0.4518,True,pipeline
S5_3m_ma,T2_roll_p50,P3_long_short,LB_NA,umcsent_3m_ma,5,-0.6155,False,pipeline
S5_3m_ma,T2_roll_p75,P1_long_cash,LB_NA,umcsent_3m_ma,5,0.5136,True,pipeline
S5_3m_ma,T2_roll_p75,P2_signal_strength,LB_NA,umcsent_3m_ma,5,0.4518,True,pipeline
S5_3m_ma,T2_roll_p75,P3_long_short,LB_NA,umcsent_3m_ma,5,-0.402,False,pipeline
S5_3m_ma,T3_zscore_1.0,P1_long_cash,LB_NA,umcsent_3m_ma,5,0.5136,True,pipeline
S5_3m_ma,T3_zscore_1.0,P2_signal_strength,LB_NA,umcsent_3m_ma,5,0.4518,True,pipeline
S5_3m_ma,T3_zscore_1.0,P3_long_short,LB_NA,umcsent_3m_ma,5,-0.402,False,pipeline
S5_3m_ma,T3_zscore_neg_1.0,P1_long_cash,LB_NA,umcsent_3m_ma,5,0.4311,True,pipeline
S5_3m_ma,T3_zscore_neg_1.0,P2_signal_strength,LB_NA,umcsent_3m_ma,5,0.4518,True,pipeline
S5_3m_ma,T3_zscore_neg_1.0,P3_long_short,LB_NA,umcsent_3m_ma,5,-0.0886,False,pipeline
S5_3m_ma,T3_zscore_1.5,P1_long_cash,LB_NA,umcsent_3m_ma,5,0.3849,True,pipeline
S5_3m_ma,T3_zscore_1.5,P2_signal_strength,LB_NA,umcsent_3m_ma,5,0.4518,True,pipeline
S5_3m_ma,T3_zscore_1.5,P3_long_short,LB_NA,umcsent_3m_ma,5,-0.663,False,pipeline
S5_3m_ma,T3_zscore_neg_1.5,P1_long_cash,LB_NA,umcsent_3m_ma,5,0.4677,True,pipeline
S5_3m_ma,T3_zscore_neg_1.5,P2_signal_strength,LB_NA,umcsent_3m_ma,5,0.4518,True,pipeline
S5_3m_ma,T3_zscore_neg_1.5,P3_long_short,LB_NA,umcsent_3m_ma,5,0.0249,True,pipeline
S5_3m_ma,T3_zscore_2.0,P1_long_cash,LB_NA,umcsent_3m_ma,5,0.0,False,pipeline
S5_3m_ma,T3_zscore_2.0,P2_signal_strength,LB_NA,umcsent_3m_ma,5,0.4518,True,pipeline
S5_3m_ma,T3_zscore_2.0,P3_long_short,LB_NA,umcsent_3m_ma,5,-0.7164,False,pipeline
S5_3m_ma,T3_zscore_neg_2.0,P1_long_cash,LB_NA,umcsent_3m_ma,5,0.6747,True,pipeline
S5_3m_ma,T3_zscore_neg_2.0,P2_signal_strength,LB_NA,umcsent_3m_ma,5,0.4518,True,pipeline
S5_3m_ma,T3_zscore_neg_2.0,P3_long_short,LB_NA,umcsent_3m_ma,5,0.4624,True,pipeline
S5_3m_ma,T1_fixed_p25,P1_long_cash,LB_NA,umcsent_3m_ma,6,0.5231,True,pipeline
S5_3m_ma,T1_fixed_p25,P2_signal_strength,LB_NA,umcsent_3m_ma,6,0.3162,True,pipeline
S5_3m_ma,T1_fixed_p25,P3_long_short,LB_NA,umcsent_3m_ma,6,0.0354,True,pipeline
S5_3m_ma,T1_fixed_p50,P1_long_cash,LB_NA,umcsent_3m_ma,6,0.2909,True,pipeline
S5_3m_ma,T1_fixed_p50,P2_signal_strength,LB_NA,umcsent_3m_ma,6,0.3162,True,pipeline
S5_3m_ma,T1_fixed_p50,P3_long_short,LB_NA,umcsent_3m_ma,6,-0.4027,False,pipeline
S5_3m_ma,T1_fixed_p75,P1_long_cash,LB_NA,umcsent_3m_ma,6,-0.0097,False,pipeline
S5_3m_ma,T1_fixed_p75,P2_signal_strength,LB_NA,umcsent_3m_ma,6,0.3162,True,pipeline
S5_3m_ma,T1_fixed_p75,P3_long_short,LB_NA,umcsent_3m_ma,6,-0.7246,False,pipeline
S5_3m_ma,T2_roll_p25,P1_long_cash,LB_NA,umcsent_3m_ma,6,0.3239,True,pipeline
S5_3m_ma,T2_roll_p25,P2_signal_strength,LB_NA,umcsent_3m_ma,6,0.3162,True,pipeline
S5_3m_ma,T2_roll_p25,P3_long_short,LB_NA,umcsent_3m_ma,6,-0.262,False,pipeline
S5_3m_ma,T2_roll_p50,P1_long_cash,LB_NA,umcsent_3m_ma,6,-0.085,False,pipeline
S5_3m_ma,T2_roll_p50,P2_signal_strength,LB_NA,umcsent_3m_ma,6,0.3162,True,pipeline
S5_3m_ma,T2_roll_p50,P3_long_short,LB_NA,umcsent_3m_ma,6,-0.8036,False,pipeline
S5_3m_ma,T2_roll_p75,P1_long_cash,LB_NA,umcsent_3m_ma,6,-0.1775,False,pipeline
S5_3m_ma,T2_roll_p75,P2_signal_strength,LB_NA,umcsent_3m_ma,6,0.3162,True,pipeline
S5_3m_ma,T2_roll_p75,P3_long_short,LB_NA,umcsent_3m_ma,6,-0.8282,False,pipeline
S5_3m_ma,T3_zscore_1.0,P1_long_cash,LB_NA,umcsent_3m_ma,6,-0.1775,False,pipeline
S5_3m_ma,T3_zscore_1.0,P2_signal_strength,LB_NA,umcsent_3m_ma,6,0.3162,True,pipeline
S5_3m_ma,T3_zscore_1.0,P3_long_short,LB_NA,umcsent_3m_ma,6,-0.8282,False,pipeline
S5_3m_ma,T3_zscore_neg_1.0,P1_long_cash,LB_NA,umcsent_3m_ma,6,0.3269,True,pipeline
S5_3m_ma,T3_zscore_neg_1.0,P2_signal_strength,LB_NA,umcsent_3m_ma,6,0.3162,True,pipeline
S5_3m_ma,T3_zscore_neg_1.0,P3_long_short,LB_NA,umcsent_3m_ma,6,-0.2196,False,pipeline
S5_3m_ma,T3_zscore_1.5,P1_long_cash,LB_NA,umcsent_3m_ma,6,-0.3849,False,pipeline
S5_3m_ma,T3_zscore_1.5,P2_signal_strength,LB_NA,umcsent_3m_ma,6,0.3162,True,pipeline
S5_3m_ma,T3_zscore_1.5,P3_long_short,LB_NA,umcsent_3m_ma,6,-0.7618,False,pipeline
S5_3m_ma,T3_zscore_neg_1.5,P1_long_cash,LB_NA,umcsent_3m_ma,6,0.432,True,pipeline
S5_3m_ma,T3_zscore_neg_1.5,P2_signal_strength,LB_NA,umcsent_3m_ma,6,0.3162,True,pipeline
S5_3m_ma,T3_zscore_neg_1.5,P3_long_short,LB_NA,umcsent_3m_ma,6,-0.0042,False,pipeline
S5_3m_ma,T3_zscore_2.0,P1_long_cash,LB_NA,umcsent_3m_ma,6,0.0,False,pipeline
S5_3m_ma,T3_zscore_2.0,P2_signal_strength,LB_NA,umcsent_3m_ma,6,0.3162,True,pipeline
S5_3m_ma,T3_zscore_2.0,P3_long_short,LB_NA,umcsent_3m_ma,6,-0.7164,False,pipeline
S5_3m_ma,T3_zscore_neg_2.0,P1_long_cash,LB_NA,umcsent_3m_ma,6,0.5123,True,pipeline
S5_3m_ma,T3_zscore_neg_2.0,P2_signal_strength,LB_NA,umcsent_3m_ma,6,0.3162,True,pipeline
S5_3m_ma,T3_zscore_neg_2.0,P3_long_short,LB_NA,umcsent_3m_ma,6,0.1951,True,pipeline
S5_3m_ma,T1_fixed_p25,P1_long_cash,LB_NA,umcsent_3m_ma,7,0.4145,True,pipeline
S5_3m_ma,T1_fixed_p25,P2_signal_strength,LB_NA,umcsent_3m_ma,7,0.4075,True,pipeline
S5_3m_ma,T1_fixed_p25,P3_long_short,LB_NA,umcsent_3m_ma,7,-0.1003,False,pipeline
S5_3m_ma,T1_fixed_p50,P1_long_cash,LB_NA,umcsent_3m_ma,7,0.4117,True,pipeline
S5_3m_ma,T1_fixed_p50,P2_signal_strength,LB_NA,umcsent_3m_ma,7,0.4075,True,pipeline
S5_3m_ma,T1_fixed_p50,P3_long_short,LB_NA,umcsent_3m_ma,7,-0.2458,False,pipeline
S5_3m_ma,T1_fixed_p75,P1_long_cash,LB_NA,umcsent_3m_ma,7,0.4039,True,pipeline
S5_3m_ma,T1_fixed_p75,P2_signal_strength,LB_NA,umcsent_3m_ma,7,0.4075,True,pipeline
S5_3m_ma,T1_fixed_p75,P3_long_short,LB_NA,umcsent_3m_ma,7,-0.2624,False,pipeline
S5_3m_ma,T2_roll_p25,P1_long_cash,LB_NA,umcsent_3m_ma,7,0.4835,True,pipeline
S5_3m_ma,T2_roll_p25,P2_signal_strength,LB_NA,umcsent_3m_ma,7,0.4075,True,pipeline
S5_3m_ma,T2_roll_p25,P3_long_short,LB_NA,umcsent_3m_ma,7,0.0128,True,pipeline
S5_3m_ma,T2_roll_p50,P1_long_cash,LB_NA,umcsent_3m_ma,7,0.3285,True,pipeline
S5_3m_ma,T2_roll_p50,P2_signal_strength,LB_NA,umcsent_3m_ma,7,0.4075,True,pipeline
S5_3m_ma,T2_roll_p50,P3_long_short,LB_NA,umcsent_3m_ma,7,-0.2961,False,pipeline
S5_3m_ma,T2_roll_p75,P1_long_cash,LB_NA,umcsent_3m_ma,7,-0.6359,False,pipeline
S5_3m_ma,T2_roll_p75,P2_signal_strength,LB_NA,umcsent_3m_ma,7,0.4075,True,pipeline
S5_3m_ma,T2_roll_p75,P3_long_short,LB_NA,umcsent_3m_ma,7,-1.1386,False,pipeline
S5_3m_ma,T3_zscore_1.0,P1_long_cash,LB_NA,umcsent_3m_ma,7,-0.56,False,pipeline
S5_3m_ma,T3_zscore_1.0,P2_signal_strength,LB_NA,umcsent_3m_ma,7,0.4075,True,pipeline
S5_3m_ma,T3_zscore_1.0,P3_long_short,LB_NA,umcsent_3m_ma,7,-1.0773,False,pipeline
S5_3m_ma,T3_zscore_neg_1.0,P1_long_cash,LB_NA,umcsent_3m_ma,7,0.3687,True,pipeline
S5_3m_ma,T3_zscore_neg_1.0,P2_signal_strength,LB_NA,umcsent_3m_ma,7,0.4075,True,pipeline
S5_3m_ma,T3_zscore_neg_1.0,P3_long_short,LB_NA,umcsent_3m_ma,7,-0.1396,False,pipeline
S5_3m_ma,T3_zscore_1.5,P1_long_cash,LB_NA,umcsent_3m_ma,7,-0.3849,False,pipeline
S5_3m_ma,T3_zscore_1.5,P2_signal_strength,LB_NA,umcsent_3m_ma,7,0.4075,True,pipeline
S5_3m_ma,T3_zscore_1.5,P3_long_short,LB_NA,umcsent_3m_ma,7,-0.7921,False,pipeline
S5_3m_ma,T3_zscore_neg_1.5,P1_long_cash,LB_NA,umcsent_3m_ma,7,0.6119,True,pipeline
S5_3m_ma,T3_zscore_neg_1.5,P2_signal_strength,LB_NA,umcsent_3m_ma,7,0.4075,True,pipeline
S5_3m_ma,T3_zscore_neg_1.5,P3_long_short,LB_NA,umcsent_3m_ma,7,0.3207,True,pipeline
S5_3m_ma,T3_zscore_2.0,P1_long_cash,LB_NA,umcsent_3m_ma,7,0.0,False,pipeline
S5_3m_ma,T3_zscore_2.0,P2_signal_strength,LB_NA,umcsent_3m_ma,7,0.4075,True,pipeline
S5_3m_ma,T3_zscore_2.0,P3_long_short,LB_NA,umcsent_3m_ma,7,-0.7164,False,pipeline
S5_3m_ma,T3_zscore_neg_2.0,P1_long_cash,LB_NA,umcsent_3m_ma,7,0.6319,True,pipeline
S5_3m_ma,T3_zscore_neg_2.0,P2_signal_strength,LB_NA,umcsent_3m_ma,7,0.4075,True,pipeline
S5_3m_ma,T3_zscore_neg_2.0,P3_long_short,LB_NA,umcsent_3m_ma,7,0.42,True,pipeline
S5_3m_ma,T1_fixed_p25,P1_long_cash,LB_NA,umcsent_3m_ma,8,0.4492,True,pipeline
S5_3m_ma,T1_fixed_p25,P2_signal_strength,LB_NA,umcsent_3m_ma,8,0.5267,True,pipeline
S5_3m_ma,T1_fixed_p25,P3_long_short,LB_NA,umcsent_3m_ma,8,-0.0326,False,pipeline
S5_3m_ma,T1_fixed_p50,P1_long_cash,LB_NA,umcsent_3m_ma,8,0.4725,True,pipeline
S5_3m_ma,T1_fixed_p50,P2_signal_strength,LB_NA,umcsent_3m_ma,8,0.5267,True,pipeline
S5_3m_ma,T1_fixed_p50,P3_long_short,LB_NA,umcsent_3m_ma,8,-0.1715,False,pipeline
S5_3m_ma,T1_fixed_p75,P1_long_cash,LB_NA,umcsent_3m_ma,8,0.4356,True,pipeline
S5_3m_ma,T1_fixed_p75,P2_signal_strength,LB_NA,umcsent_3m_ma,8,0.5267,True,pipeline
S5_3m_ma,T1_fixed_p75,P3_long_short,LB_NA,umcsent_3m_ma,8,-0.2304,False,pipeline
S5_3m_ma,T2_roll_p25,P1_long_cash,LB_NA,umcsent_3m_ma,8,0.4887,True,pipeline
S5_3m_ma,T2_roll_p25,P2_signal_strength,LB_NA,umcsent_3m_ma,8,0.5267,True,pipeline
S5_3m_ma,T2_roll_p25,P3_long_short,LB_NA,umcsent_3m_ma,8,0.0243,True,pipeline
S5_3m_ma,T2_roll_p50,P1_long_cash,LB_NA,umcsent_3m_ma,8,0.6608,True,pipeline
S5_3m_ma,T2_roll_p50,P2_signal_strength,LB_NA,umcsent_3m_ma,8,0.5267,True,pipeline
S5_3m_ma,T2_roll_p50,P3_long_short,LB_NA,umcsent_3m_ma,8,0.1543,True,pipeline
S5_3m_ma,T2_roll_p75,P1_long_cash,LB_NA,umcsent_3m_ma,8,0.118,True,pipeline
S5_3m_ma,T2_roll_p75,P2_signal_strength,LB_NA,umcsent_3m_ma,8,0.5267,True,pipeline
S5_3m_ma,T2_roll_p75,P3_long_short,LB_NA,umcsent_3m_ma,8,-0.5975,False,pipeline
S5_3m_ma,T3_zscore_1.0,P1_long_cash,LB_NA,umcsent_3m_ma,8,0.1645,True,pipeline
S5_3m_ma,T3_zscore_1.0,P2_signal_strength,LB_NA,umcsent_3m_ma,8,0.5267,True,pipeline
S5_3m_ma,T3_zscore_1.0,P3_long_short,LB_NA,umcsent_3m_ma,8,-0.5525,False,pipeline
S5_3m_ma,T3_zscore_neg_1.0,P1_long_cash,LB_NA,umcsent_3m_ma,8,0.5421,True,pipeline
S5_3m_ma,T3_zscore_neg_1.0,P2_signal_strength,LB_NA,umcsent_3m_ma,8,0.5267,True,pipeline
S5_3m_ma,T3_zscore_neg_1.0,P3_long_short,LB_NA,umcsent_3m_ma,8,0.1173,True,pipeline
S5_3m_ma,T3_zscore_1.5,P1_long_cash,LB_NA,umcsent_3m_ma,8,0.3849,True,pipeline
S5_3m_ma,T3_zscore_1.5,P2_signal_strength,LB_NA,umcsent_3m_ma,8,0.5267,True,pipeline
S5_3m_ma,T3_zscore_1.5,P3_long_short,LB_NA,umcsent_3m_ma,8,-0.5536,False,pipeline
S5_3m_ma,T3_zscore_neg_1.5,P1_long_cash,LB_NA,umcsent_3m_ma,8,0.5393,True,pipeline
S5_3m_ma,T3_zscore_neg_1.5,P2_signal_strength,LB_NA,umcsent_3m_ma,8,0.5267,True,pipeline
S5_3m_ma,T3_zscore_neg_1.5,P3_long_short,LB_NA,umcsent_3m_ma,8,0.1803,True,pipeline
S5_3m_ma,T3_zscore_2.0,P1_long_cash,LB_NA,umcsent_3m_ma,8,0.0,False,pipeline
S5_3m_ma,T3_zscore_2.0,P2_signal_strength,LB_NA,umcsent_3m_ma,8,0.5267,True,pipeline
S5_3m_ma,T3_zscore_2.0,P3_long_short,LB_NA,umcsent_3m_ma,8,-0.7164,False,pipeline
S5_3m_ma,T3_zscore_neg_2.0,P1_long_cash,LB_NA,umcsent_3m_ma,8,0.5464,True,pipeline
S5_3m_ma,T3_zscore_neg_2.0,P2_signal_strength,LB_NA,umcsent_3m_ma,8,0.5267,True,pipeline
S5_3m_ma,T3_zscore_neg_2.0,P3_long_short,LB_NA,umcsent_3m_ma,8,0.2621,True,pipeline
S5_3m_ma,T1_fixed_p25,P1_long_cash,LB_NA,umcsent_3m_ma,9,0.5163,True,pipeline
S5_3m_ma,T1_fixed_p25,P2_signal_strength,LB_NA,umcsent_3m_ma,9,0.6191,True,pipeline
S5_3m_ma,T1_fixed_p25,P3_long_short,LB_NA,umcsent_3m_ma,9,0.0483,True,pipeline
S5_3m_ma,T1_fixed_p50,P1_long_cash,LB_NA,umcsent_3m_ma,9,0.4963,True,pipeline
S5_3m_ma,T1_fixed_p50,P2_signal_strength,LB_NA,umcsent_3m_ma,9,0.6191,True,pipeline
S5_3m_ma,T1_fixed_p50,P3_long_short,LB_NA,umcsent_3m_ma,9,-0.1441,False,pipeline
S5_3m_ma,T1_fixed_p75,P1_long_cash,LB_NA,umcsent_3m_ma,9,0.369,True,pipeline
S5_3m_ma,T1_fixed_p75,P2_signal_strength,LB_NA,umcsent_3m_ma,9,0.6191,True,pipeline
S5_3m_ma,T1_fixed_p75,P3_long_short,LB_NA,umcsent_3m_ma,9,-0.3017,False,pipeline
S5_3m_ma,T2_roll_p25,P1_long_cash,LB_NA,umcsent_3m_ma,9,0.583,True,pipeline
S5_3m_ma,T2_roll_p25,P2_signal_strength,LB_NA,umcsent_3m_ma,9,0.6191,True,pipeline
S5_3m_ma,T2_roll_p25,P3_long_short,LB_NA,umcsent_3m_ma,9,0.1493,True,pipeline
S5_3m_ma,T2_roll_p50,P1_long_cash,LB_NA,umcsent_3m_ma,9,0.5622,True,pipeline
S5_3m_ma,T2_roll_p50,P2_signal_strength,LB_NA,umcsent_3m_ma,9,0.6191,True,pipeline
S5_3m_ma,T2_roll_p50,P3_long_short,LB_NA,umcsent_3m_ma,9,0.0178,True,pipeline
S5_3m_ma,T2_roll_p75,P1_long_cash,LB_NA,umcsent_3m_ma,9,0.5876,True,pipeline
S5_3m_ma,T2_roll_p75,P2_signal_strength,LB_NA,umcsent_3m_ma,9,0.6191,True,pipeline
S5_3m_ma,T2_roll_p75,P3_long_short,LB_NA,umcsent_3m_ma,9,-0.1523,False,pipeline
S5_3m_ma,T3_zscore_1.0,P1_long_cash,LB_NA,umcsent_3m_ma,9,0.4791,True,pipeline
S5_3m_ma,T3_zscore_1.0,P2_signal_strength,LB_NA,umcsent_3m_ma,9,0.6191,True,pipeline
S5_3m_ma,T3_zscore_1.0,P3_long_short,LB_NA,umcsent_3m_ma,9,-0.2815,False,pipeline
S5_3m_ma,T3_zscore_neg_1.0,P1_long_cash,LB_NA,umcsent_3m_ma,9,0.5751,True,pipeline
S5_3m_ma,T3_zscore_neg_1.0,P2_signal_strength,LB_NA,umcsent_3m_ma,9,0.6191,True,pipeline
S5_3m_ma,T3_zscore_neg_1.0,P3_long_short,LB_NA,umcsent_3m_ma,9,0.1659,True,pipeline
S5_3m_ma,T3_zscore_1.5,P1_long_cash,LB_NA,umcsent_3m_ma,9,0.3849,True,pipeline
S5_3m_ma,T3_zscore_1.5,P2_signal_strength,LB_NA,umcsent_3m_ma,9,0.6191,True,pipeline
S5_3m_ma,T3_zscore_1.5,P3_long_short,LB_NA,umcsent_3m_ma,9,-0.6381,False,pipeline
S5_3m_ma,T3_zscore_neg_1.5,P1_long_cash,LB_NA,umcsent_3m_ma,9,0.7193,True,pipeline
S5_3m_ma,T3_zscore_neg_1.5,P2_signal_strength,LB_NA,umcsent_3m_ma,9,0.6191,True,pipeline
S5_3m_ma,T3_zscore_neg_1.5,P3_long_short,LB_NA,umcsent_3m_ma,9,0.4368,True,pipeline
S5_3m_ma,T3_zscore_2.0,P1_long_cash,LB_NA,umcsent_3m_ma,9,0.0,False,pipeline
S5_3m_ma,T3_zscore_2.0,P2_signal_strength,LB_NA,umcsent_3m_ma,9,0.6191,True,pipeline
S5_3m_ma,T3_zscore_2.0,P3_long_short,LB_NA,umcsent_3m_ma,9,-0.7164,False,pipeline
S5_3m_ma,T3_zscore_neg_2.0,P1_long_cash,LB_NA,umcsent_3m_ma,9,0.5593,True,pipeline
S5_3m_ma,T3_zscore_neg_2.0,P2_signal_strength,LB_NA,umcsent_3m_ma,9,0.6191,True,pipeline
S5_3m_ma,T3_zscore_neg_2.0,P3_long_short,LB_NA,umcsent_3m_ma,9,0.2868,True,pipeline
S5_3m_ma,T1_fixed_p25,P1_long_cash,LB_NA,umcsent_3m_ma,10,0.4754,True,pipeline
S5_3m_ma,T1_fixed_p25,P2_signal_strength,LB_NA,umcsent_3m_ma,10,0.6229,True,pipeline
S5_3m_ma,T1_fixed_p25,P3_long_short,LB_NA,umcsent_3m_ma,10,-0.0195,False,pipeline
S5_3m_ma,T1_fixed_p50,P1_long_cash,LB_NA,umcsent_3m_ma,10,0.4571,True,pipeline
S5_3m_ma,T1_fixed_p50,P2_signal_strength,LB_NA,umcsent_3m_ma,10,0.6229,True,pipeline
S5_3m_ma,T1_fixed_p50,P3_long_short,LB_NA,umcsent_3m_ma,10,-0.1852,False,pipeline
S5_3m_ma,T1_fixed_p75,P1_long_cash,LB_NA,umcsent_3m_ma,10,0.4553,True,pipeline
S5_3m_ma,T1_fixed_p75,P2_signal_strength,LB_NA,umcsent_3m_ma,10,0.6229,True,pipeline
S5_3m_ma,T1_fixed_p75,P3_long_short,LB_NA,umcsent_3m_ma,10,-0.1931,False,pipeline
S5_3m_ma,T2_roll_p25,P1_long_cash,LB_NA,umcsent_3m_ma,10,0.5219,True,pipeline
S5_3m_ma,T2_roll_p25,P2_signal_strength,LB_NA,umcsent_3m_ma,10,0.6229,True,pipeline
S5_3m_ma,T2_roll_p25,P3_long_short,LB_NA,umcsent_3m_ma,10,0.0614,True,pipeline
S5_3m_ma,T2_roll_p50,P1_long_cash,LB_NA,umcsent_3m_ma,10,0.6874,True,pipeline
S5_3m_ma,T2_roll_p50,P2_signal_strength,LB_NA,umcsent_3m_ma,10,0.6229,True,pipeline
S5_3m_ma,T2_roll_p50,P3_long_short,LB_NA,umcsent_3m_ma,10,0.168,True,pipeline
S5_3m_ma,T2_roll_p75,P1_long_cash,LB_NA,umcsent_3m_ma,10,0.6293,True,pipeline
S5_3m_ma,T2_roll_p75,P2_signal_strength,LB_NA,umcsent_3m_ma,10,0.6229,True,pipeline
S5_3m_ma,T2_roll_p75,P3_long_short,LB_NA,umcsent_3m_ma,10,-0.1542,False,pipeline
S5_3m_ma,T3_zscore_1.0,P1_long_cash,LB_NA,umcsent_3m_ma,10,0.6699,True,pipeline
S5_3m_ma,T3_zscore_1.0,P2_signal_strength,LB_NA,umcsent_3m_ma,10,0.6229,True,pipeline
S5_3m_ma,T3_zscore_1.0,P3_long_short,LB_NA,umcsent_3m_ma,10,-0.1226,False,pipeline
S5_3m_ma,T3_zscore_neg_1.0,P1_long_cash,LB_NA,umcsent_3m_ma,10,0.4683,True,pipeline
S5_3m_ma,T3_zscore_neg_1.0,P2_signal_strength,LB_NA,umcsent_3m_ma,10,0.6229,True,pipeline
S5_3m_ma,T3_zscore_neg_1.0,P3_long_short,LB_NA,umcsent_3m_ma,10,-0.0048,False,pipeline
S5_3m_ma,T3_zscore_1.5,P1_long_cash,LB_NA,umcsent_3m_ma,10,0.3849,True,pipeline
S5_3m_ma,T3_zscore_1.5,P2_signal_strength,LB_NA,umcsent_3m_ma,10,0.6229,True,pipeline
S5_3m_ma,T3_zscore_1.5,P3_long_short,LB_NA,umcsent_3m_ma,10,-0.6874,False,pipeline
S5_3m_ma,T3_zscore_neg_1.5,P1_long_cash,LB_NA,umcsent_3m_ma,10,0.6082,True,pipeline
S5_3m_ma,T3_zscore_neg_1.5,P2_signal_strength,LB_NA,umcsent_3m_ma,10,0.6229,True,pipeline
S5_3m_ma,T3_zscore_neg_1.5,P3_long_short,LB_NA,umcsent_3m_ma,10,0.2553,True,pipeline
S5_3m_ma,T3_zscore_2.0,P1_long_cash,LB_NA,umcsent_3m_ma,10,0.0,False,pipeline
S5_3m_ma,T3_zscore_2.0,P2_signal_strength,LB_NA,umcsent_3m_ma,10,0.6229,True,pipeline
S5_3m_ma,T3_zscore_2.0,P3_long_short,LB_NA,umcsent_3m_ma,10,-0.7164,False,pipeline
S5_3m_ma,T3_zscore_neg_2.0,P1_long_cash,LB_NA,umcsent_3m_ma,10,0.5391,True,pipeline
S5_3m_ma,T3_zscore_neg_2.0,P2_signal_strength,LB_NA,umcsent_3m_ma,10,0.6229,True,pipeline
S5_3m_ma,T3_zscore_neg_2.0,P3_long_short,LB_NA,umcsent_3m_ma,10,0.2543,True,pipeline
S5_3m_ma,T1_fixed_p25,P1_long_cash,LB_NA,umcsent_3m_ma,11,0.4211,True,pipeline
S5_3m_ma,T1_fixed_p25,P2_signal_strength,LB_NA,umcsent_3m_ma,11,0.6016,True,pipeline
S5_3m_ma,T1_fixed_p25,P3_long_short,LB_NA,umcsent_3m_ma,11,-0.0892,False,pipeline
S5_3m_ma,T1_fixed_p50,P1_long_cash,LB_NA,umcsent_3m_ma,11,0.5195,True,pipeline
S5_3m_ma,T1_fixed_p50,P2_signal_strength,LB_NA,umcsent_3m_ma,11,0.6016,True,pipeline
S5_3m_ma,T1_fixed_p50,P3_long_short,LB_NA,umcsent_3m_ma,11,-0.1065,False,pipeline
S5_3m_ma,T1_fixed_p75,P1_long_cash,LB_NA,umcsent_3m_ma,11,0.6325,True,pipeline
S5_3m_ma,T1_fixed_p75,P2_signal_strength,LB_NA,umcsent_3m_ma,11,0.6016,True,pipeline
S5_3m_ma,T1_fixed_p75,P3_long_short,LB_NA,umcsent_3m_ma,11,0.0065,True,pipeline
S5_3m_ma,T2_roll_p25,P1_long_cash,LB_NA,umcsent_3m_ma,11,0.5477,True,pipeline
S5_3m_ma,T2_roll_p25,P2_signal_strength,LB_NA,umcsent_3m_ma,11,0.6016,True,pipeline
S5_3m_ma,T2_roll_p25,P3_long_short,LB_NA,umcsent_3m_ma,11,0.1044,True,pipeline
S5_3m_ma,T2_roll_p50,P1_long_cash,LB_NA,umcsent_3m_ma,11,0.4399,True,pipeline
S5_3m_ma,T2_roll_p50,P2_signal_strength,LB_NA,umcsent_3m_ma,11,0.6016,True,pipeline
S5_3m_ma,T2_roll_p50,P3_long_short,LB_NA,umcsent_3m_ma,11,-0.1697,False,pipeline
S5_3m_ma,T2_roll_p75,P1_long_cash,LB_NA,umcsent_3m_ma,11,0.5429,True,pipeline
S5_3m_ma,T2_roll_p75,P2_signal_strength,LB_NA,umcsent_3m_ma,11,0.6016,True,pipeline
S5_3m_ma,T2_roll_p75,P3_long_short,LB_NA,umcsent_3m_ma,11,-0.3419,False,pipeline
S5_3m_ma,T3_zscore_1.0,P1_long_cash,LB_NA,umcsent_3m_ma,11,0.5612,True,pipeline
S5_3m_ma,T3_zscore_1.0,P2_signal_strength,LB_NA,umcsent_3m_ma,11,0.6016,True,pipeline
S5_3m_ma,T3_zscore_1.0,P3_long_short,LB_NA,umcsent_3m_ma,11,-0.3302,False,pipeline
S5_3m_ma,T3_zscore_neg_1.0,P1_long_cash,LB_NA,umcsent_3m_ma,11,0.5296,True,pipeline
S5_3m_ma,T3_zscore_neg_1.0,P2_signal_strength,LB_NA,umcsent_3m_ma,11,0.6016,True,pipeline
S5_3m_ma,T3_zscore_neg_1.0,P3_long_short,LB_NA,umcsent_3m_ma,11,0.0826,True,pipeline
S5_3m_ma,T3_zscore_1.5,P1_long_cash,LB_NA,umcsent_3m_ma,11,-0.5433,False,pipeline
S5_3m_ma,T3_zscore_1.5,P2_signal_strength,LB_NA,umcsent_3m_ma,11,0.6016,True,pipeline
S5_3m_ma,T3_zscore_1.5,P3_long_short,LB_NA,umcsent_3m_ma,11,-0.8173,False,pipeline
S5_3m_ma,T3_zscore_neg_1.5,P1_long_cash,LB_NA,umcsent_3m_ma,11,0.5802,True,pipeline
S5_3m_ma,T3_zscore_neg_1.5,P2_signal_strength,LB_NA,umcsent_3m_ma,11,0.6016,True,pipeline
S5_3m_ma,T3_zscore_neg_1.5,P3_long_short,LB_NA,umcsent_3m_ma,11,0.2006,True,pipeline
S5_3m_ma,T3_zscore_2.0,P1_long_cash,LB_NA,umcsent_3m_ma,11,0.0,False,pipeline
S5_3m_ma,T3_zscore_2.0,P2_signal_strength,LB_NA,umcsent_3m_ma,11,0.6016,True,pipeline
S5_3m_ma,T3_zscore_2.0,P3_long_short,LB_NA,umcsent_3m_ma,11,-0.7164,False,pipeline
S5_3m_ma,T3_zscore_neg_2.0,P1_long_cash,LB_NA,umcsent_3m_ma,11,0.5342,True,pipeline
S5_3m_ma,T3_zscore_neg_2.0,P2_signal_strength,LB_NA,umcsent_3m_ma,11,0.6016,True,pipeline
S5_3m_ma,T3_zscore_neg_2.0,P3_long_short,LB_NA,umcsent_3m_ma,11,0.2411,True,pipeline
S5_3m_ma,T1_fixed_p25,P1_long_cash,LB_NA,umcsent_3m_ma,12,0.2922,True,pipeline
S5_3m_ma,T1_fixed_p25,P2_signal_strength,LB_NA,umcsent_3m_ma,12,0.5384,True,pipeline
S5_3m_ma,T1_fixed_p25,P3_long_short,LB_NA,umcsent_3m_ma,12,-0.2722,False,pipeline
S5_3m_ma,T1_fixed_p50,P1_long_cash,LB_NA,umcsent_3m_ma,12,0.5794,True,pipeline
S5_3m_ma,T1_fixed_p50,P2_signal_strength,LB_NA,umcsent_3m_ma,12,0.5384,True,pipeline
S5_3m_ma,T1_fixed_p50,P3_long_short,LB_NA,umcsent_3m_ma,12,-0.0299,False,pipeline
S5_3m_ma,T1_fixed_p75,P1_long_cash,LB_NA,umcsent_3m_ma,12,0.5465,True,pipeline
S5_3m_ma,T1_fixed_p75,P2_signal_strength,LB_NA,umcsent_3m_ma,12,0.5384,True,pipeline
S5_3m_ma,T1_fixed_p75,P3_long_short,LB_NA,umcsent_3m_ma,12,-0.1142,False,pipeline
S5_3m_ma,T2_roll_p25,P1_long_cash,LB_NA,umcsent_3m_ma,12,0.5621,True,pipeline
S5_3m_ma,T2_roll_p25,P2_signal_strength,LB_NA,umcsent_3m_ma,12,0.5384,True,pipeline
S5_3m_ma,T2_roll_p25,P3_long_short,LB_NA,umcsent_3m_ma,12,0.1292,True,pipeline
S5_3m_ma,T2_roll_p50,P1_long_cash,LB_NA,umcsent_3m_ma,12,0.2878,True,pipeline
S5_3m_ma,T2_roll_p50,P2_signal_strength,LB_NA,umcsent_3m_ma,12,0.5384,True,pipeline
S5_3m_ma,T2_roll_p50,P3_long_short,LB_NA,umcsent_3m_ma,12,-0.3788,False,pipeline
S5_3m_ma,T2_roll_p75,P1_long_cash,LB_NA,umcsent_3m_ma,12,0.4961,True,pipeline
S5_3m_ma,T2_roll_p75,P2_signal_strength,LB_NA,umcsent_3m_ma,12,0.5384,True,pipeline
S5_3m_ma,T2_roll_p75,P3_long_short,LB_NA,umcsent_3m_ma,12,-0.3566,False,pipeline
S5_3m_ma,T3_zscore_1.0,P1_long_cash,LB_NA,umcsent_3m_ma,12,0.4991,True,pipeline
S5_3m_ma,T3_zscore_1.0,P2_signal_strength,LB_NA,umcsent_3m_ma,12,0.5384,True,pipeline
S5_3m_ma,T3_zscore_1.0,P3_long_short,LB_NA,umcsent_3m_ma,12,-0.3545,False,pipeline
S5_3m_ma,T3_zscore_neg_1.0,P1_long_cash,LB_NA,umcsent_3m_ma,12,0.5649,True,pipeline
S5_3m_ma,T3_zscore_neg_1.0,P2_signal_strength,LB_NA,umcsent_3m_ma,12,0.5384,True,pipeline
S5_3m_ma,T3_zscore_neg_1.0,P3_long_short,LB_NA,umcsent_3m_ma,12,0.1416,True,pipeline
S5_3m_ma,T3_zscore_1.5,P1_long_cash,LB_NA,umcsent_3m_ma,12,0.1506,True,pipeline
S5_3m_ma,T3_zscore_1.5,P2_signal_strength,LB_NA,umcsent_3m_ma,12,0.5384,True,pipeline
S5_3m_ma,T3_zscore_1.5,P3_long_short,LB_NA,umcsent_3m_ma,12,-0.679,False,pipeline
S5_3m_ma,T3_zscore_neg_1.5,P1_long_cash,LB_NA,umcsent_3m_ma,12,0.5767,True,pipeline
S5_3m_ma,T3_zscore_neg_1.5,P2_signal_strength,LB_NA,umcsent_3m_ma,12,0.5384,True,pipeline
S5_3m_ma,T3_zscore_neg_1.5,P3_long_short,LB_NA,umcsent_3m_ma,12,0.2029,True,pipeline
S5_3m_ma,T3_zscore_2.0,P1_long_cash,LB_NA,umcsent_3m_ma,12,0.0,False,pipeline
S5_3m_ma,T3_zscore_2.0,P2_signal_strength,LB_NA,umcsent_3m_ma,12,0.5384,True,pipeline
S5_3m_ma,T3_zscore_2.0,P3_long_short,LB_NA,umcsent_3m_ma,12,-0.7164,False,pipeline
S5_3m_ma,T3_zscore_neg_2.0,P1_long_cash,LB_NA,umcsent_3m_ma,12,0.7356,True,pipeline
S5_3m_ma,T3_zscore_neg_2.0,P2_signal_strength,LB_NA,umcsent_3m_ma,12,0.5384,True,pipeline
S5_3m_ma,T3_zscore_neg_2.0,P3_long_short,LB_NA,umcsent_3m_ma,12,0.6379,True,pipeline
S6_direction,T1_fixed_p25,P1_long_cash,LB_NA,umcsent_direction,0,0.2485,True,pipeline
S6_direction,T1_fixed_p25,P2_signal_strength,LB_NA,umcsent_direction,0,0.2348,True,pipeline
S6_direction,T1_fixed_p25,P3_long_short,LB_NA,umcsent_direction,0,-0.3421,False,pipeline
S6_direction,T1_fixed_p50,P1_long_cash,LB_NA,umcsent_direction,0,0.2485,True,pipeline
S6_direction,T1_fixed_p50,P2_signal_strength,LB_NA,umcsent_direction,0,0.2348,True,pipeline
S6_direction,T1_fixed_p50,P3_long_short,LB_NA,umcsent_direction,0,-0.3421,False,pipeline
S6_direction,T1_fixed_p75,P1_long_cash,LB_NA,umcsent_direction,0,0.0,False,pipeline
S6_direction,T1_fixed_p75,P2_signal_strength,LB_NA,umcsent_direction,0,0.2348,True,pipeline
S6_direction,T1_fixed_p75,P3_long_short,LB_NA,umcsent_direction,0,-0.7164,False,pipeline
S6_direction,T2_roll_p25,P1_long_cash,LB_NA,umcsent_direction,0,0.2485,True,pipeline
S6_direction,T2_roll_p25,P2_signal_strength,LB_NA,umcsent_direction,0,0.2348,True,pipeline
S6_direction,T2_roll_p25,P3_long_short,LB_NA,umcsent_direction,0,-0.3421,False,pipeline
S6_direction,T2_roll_p50,P1_long_cash,LB_NA,umcsent_direction,0,0.0921,True,pipeline
S6_direction,T2_roll_p50,P2_signal_strength,LB_NA,umcsent_direction,0,0.2348,True,pipeline
S6_direction,T2_roll_p50,P3_long_short,LB_NA,umcsent_direction,0,-0.6303,False,pipeline
S6_direction,T2_roll_p75,P1_long_cash,LB_NA,umcsent_direction,0,0.0,False,pipeline
S6_direction,T2_roll_p75,P2_signal_strength,LB_NA,umcsent_direction,0,0.2348,True,pipeline
S6_direction,T2_roll_p75,P3_long_short,LB_NA,umcsent_direction,0,-0.7164,False,pipeline
S6_direction,T3_zscore_1.0,P1_long_cash,LB_NA,umcsent_direction,0,0.0382,True,pipeline
S6_direction,T3_zscore_1.0,P2_signal_strength,LB_NA,umcsent_direction,0,0.2348,True,pipeline
S6_direction,T3_zscore_1.0,P3_long_short,LB_NA,umcsent_direction,0,-0.6934,False,pipeline
S6_direction,T3_zscore_neg_1.0,P1_long_cash,LB_NA,umcsent_direction,0,0.3526,True,pipeline
S6_direction,T3_zscore_neg_1.0,P2_signal_strength,LB_NA,umcsent_direction,0,0.2348,True,pipeline
S6_direction,T3_zscore_neg_1.0,P3_long_short,LB_NA,umcsent_direction,0,-0.0843,False,pipeline
S6_direction,T3_zscore_1.5,P1_long_cash,LB_NA,umcsent_direction,0,0.0,False,pipeline
S6_direction,T3_zscore_1.5,P2_signal_strength,LB_NA,umcsent_direction,0,0.2348,True,pipeline
S6_direction,T3_zscore_1.5,P3_long_short,LB_NA,umcsent_direction,0,-0.7164,False,pipeline
S6_direction,T3_zscore_neg_1.5,P1_long_cash,LB_NA,umcsent_direction,0,0.7164,True,pipeline
S6_direction,T3_zscore_neg_1.5,P2_signal_strength,LB_NA,umcsent_direction,0,0.2348,True,pipeline
S6_direction,T3_zscore_neg_1.5,P3_long_short,LB_NA,umcsent_direction,0,0.7164,True,pipeline
S6_direction,T3_zscore_2.0,P1_long_cash,LB_NA,umcsent_direction,0,0.0,False,pipeline
S6_direction,T3_zscore_2.0,P2_signal_strength,LB_NA,umcsent_direction,0,0.2348,True,pipeline
S6_direction,T3_zscore_2.0,P3_long_short,LB_NA,umcsent_direction,0,-0.7164,False,pipeline
S6_direction,T3_zscore_neg_2.0,P1_long_cash,LB_NA,umcsent_direction,0,0.7164,True,pipeline
S6_direction,T3_zscore_neg_2.0,P2_signal_strength,LB_NA,umcsent_direction,0,0.2348,True,pipeline
S6_direction,T3_zscore_neg_2.0,P3_long_short,LB_NA,umcsent_direction,0,0.7164,True,pipeline
S6_direction,T1_fixed_p25,P1_long_cash,LB_NA,umcsent_direction,1,0.4898,True,pipeline
S6_direction,T1_fixed_p25,P2_signal_strength,LB_NA,umcsent_direction,1,0.5149,True,pipeline
S6_direction,T1_fixed_p25,P3_long_short,LB_NA,umcsent_direction,1,-0.0035,False,pipeline
S6_direction,T1_fixed_p50,P1_long_cash,LB_NA,umcsent_direction,1,0.4898,True,pipeline
S6_direction,T1_fixed_p50,P2_signal_strength,LB_NA,umcsent_direction,1,0.5149,True,pipeline
S6_direction,T1_fixed_p50,P3_long_short,LB_NA,umcsent_direction,1,-0.0035,False,pipeline
S6_direction,T1_fixed_p75,P1_long_cash,LB_NA,umcsent_direction,1,0.0,False,pipeline
S6_direction,T1_fixed_p75,P2_signal_strength,LB_NA,umcsent_direction,1,0.5149,True,pipeline
S6_direction,T1_fixed_p75,P3_long_short,LB_NA,umcsent_direction,1,-0.7164,False,pipeline
S6_direction,T2_roll_p25,P1_long_cash,LB_NA,umcsent_direction,1,0.4898,True,pipeline
S6_direction,T2_roll_p25,P2_signal_strength,LB_NA,umcsent_direction,1,0.5149,True,pipeline
S6_direction,T2_roll_p25,P3_long_short,LB_NA,umcsent_direction,1,-0.0035,False,pipeline
S6_direction,T2_roll_p50,P1_long_cash,LB_NA,umcsent_direction,1,0.3157,True,pipeline
S6_direction,T2_roll_p50,P2_signal_strength,LB_NA,umcsent_direction,1,0.5149,True,pipeline
S6_direction,T2_roll_p50,P3_long_short,LB_NA,umcsent_direction,1,-0.36,False,pipeline
S6_direction,T2_roll_p75,P1_long_cash,LB_NA,umcsent_direction,1,0.0,False,pipeline
S6_direction,T2_roll_p75,P2_signal_strength,LB_NA,umcsent_direction,1,0.5149,True,pipeline
S6_direction,T2_roll_p75,P3_long_short,LB_NA,umcsent_direction,1,-0.7164,False,pipeline
S6_direction,T3_zscore_1.0,P1_long_cash,LB_NA,umcsent_direction,1,-0.0654,False,pipeline
S6_direction,T3_zscore_1.0,P2_signal_strength,LB_NA,umcsent_direction,1,0.5149,True,pipeline
S6_direction,T3_zscore_1.0,P3_long_short,LB_NA,umcsent_direction,1,-0.7583,False,pipeline
S6_direction,T3_zscore_neg_1.0,P1_long_cash,LB_NA,umcsent_direction,1,0.5817,True,pipeline
S6_direction,T3_zscore_neg_1.0,P2_signal_strength,LB_NA,umcsent_direction,1,0.5149,True,pipeline
S6_direction,T3_zscore_neg_1.0,P3_long_short,LB_NA,umcsent_direction,1,0.2621,True,pipeline
S6_direction,T3_zscore_1.5,P1_long_cash,LB_NA,umcsent_direction,1,0.0,False,pipeline
S6_direction,T3_zscore_1.5,P2_signal_strength,LB_NA,umcsent_direction,1,0.5149,True,pipeline
S6_direction,T3_zscore_1.5,P3_long_short,LB_NA,umcsent_direction,1,-0.7164,False,pipeline
S6_direction,T3_zscore_neg_1.5,P1_long_cash,LB_NA,umcsent_direction,1,0.7164,True,pipeline
S6_direction,T3_zscore_neg_1.5,P2_signal_strength,LB_NA,umcsent_direction,1,0.5149,True,pipeline
S6_direction,T3_zscore_neg_1.5,P3_long_short,LB_NA,umcsent_direction,1,0.7164,True,pipeline
S6_direction,T3_zscore_2.0,P1_long_cash,LB_NA,umcsent_direction,1,0.0,False,pipeline
S6_direction,T3_zscore_2.0,P2_signal_strength,LB_NA,umcsent_direction,1,0.5149,True,pipeline
S6_direction,T3_zscore_2.0,P3_long_short,LB_NA,umcsent_direction,1,-0.7164,False,pipeline
S6_direction,T3_zscore_neg_2.0,P1_long_cash,LB_NA,umcsent_direction,1,0.7164,True,pipeline
S6_direction,T3_zscore_neg_2.0,P2_signal_strength,LB_NA,umcsent_direction,1,0.5149,True,pipeline
S6_direction,T3_zscore_neg_2.0,P3_long_short,LB_NA,umcsent_direction,1,0.7164,True,pipeline
S6_direction,T1_fixed_p25,P1_long_cash,LB_NA,umcsent_direction,2,0.8883,True,pipeline
S6_direction,T1_fixed_p25,P2_signal_strength,LB_NA,umcsent_direction,2,0.8623,True,pipeline
S6_direction,T1_fixed_p25,P3_long_short,LB_NA,umcsent_direction,2,0.6657,True,pipeline
S6_direction,T1_fixed_p50,P1_long_cash,LB_NA,umcsent_direction,2,0.8883,True,pipeline
S6_direction,T1_fixed_p50,P2_signal_strength,LB_NA,umcsent_direction,2,0.8623,True,pipeline
S6_direction,T1_fixed_p50,P3_long_short,LB_NA,umcsent_direction,2,0.6657,True,pipeline
S6_direction,T1_fixed_p75,P1_long_cash,LB_NA,umcsent_direction,2,0.0,False,pipeline
S6_direction,T1_fixed_p75,P2_signal_strength,LB_NA,umcsent_direction,2,0.8623,True,pipeline
S6_direction,T1_fixed_p75,P3_long_short,LB_NA,umcsent_direction,2,-0.7164,False,pipeline
S6_direction,T2_roll_p25,P1_long_cash,LB_NA,umcsent_direction,2,0.8883,True,pipeline
S6_direction,T2_roll_p25,P2_signal_strength,LB_NA,umcsent_direction,2,0.8623,True,pipeline
S6_direction,T2_roll_p25,P3_long_short,LB_NA,umcsent_direction,2,0.6657,True,pipeline
S6_direction,T2_roll_p50,P1_long_cash,LB_NA,umcsent_direction,2,0.7655,True,pipeline
S6_direction,T2_roll_p50,P2_signal_strength,LB_NA,umcsent_direction,2,0.8623,True,pipeline
S6_direction,T2_roll_p50,P3_long_short,LB_NA,umcsent_direction,2,0.1526,True,pipeline
S6_direction,T2_roll_p75,P1_long_cash,LB_NA,umcsent_direction,2,0.0,False,pipeline
S6_direction,T2_roll_p75,P2_signal_strength,LB_NA,umcsent_direction,2,0.8623,True,pipeline
S6_direction,T2_roll_p75,P3_long_short,LB_NA,umcsent_direction,2,-0.7164,False,pipeline
S6_direction,T3_zscore_1.0,P1_long_cash,LB_NA,umcsent_direction,2,0.0595,True,pipeline
S6_direction,T3_zscore_1.0,P2_signal_strength,LB_NA,umcsent_direction,2,0.8623,True,pipeline
S6_direction,T3_zscore_1.0,P3_long_short,LB_NA,umcsent_direction,2,-0.6662,False,pipeline
S6_direction,T3_zscore_neg_1.0,P1_long_cash,LB_NA,umcsent_direction,2,0.6735,True,pipeline
S6_direction,T3_zscore_neg_1.0,P2_signal_strength,LB_NA,umcsent_direction,2,0.8623,True,pipeline
S6_direction,T3_zscore_neg_1.0,P3_long_short,LB_NA,umcsent_direction,2,0.4789,True,pipeline
S6_direction,T3_zscore_1.5,P1_long_cash,LB_NA,umcsent_direction,2,0.0,False,pipeline
S6_direction,T3_zscore_1.5,P2_signal_strength,LB_NA,umcsent_direction,2,0.8623,True,pipeline
S6_direction,T3_zscore_1.5,P3_long_short,LB_NA,umcsent_direction,2,-0.7164,False,pipeline
S6_direction,T3_zscore_neg_1.5,P1_long_cash,LB_NA,umcsent_direction,2,0.7164,True,pipeline
S6_direction,T3_zscore_neg_1.5,P2_signal_strength,LB_NA,umcsent_direction,2,0.8623,True,pipeline
S6_direction,T3_zscore_neg_1.5,P3_long_short,LB_NA,umcsent_direction,2,0.7164,True,pipeline
S6_direction,T3_zscore_2.0,P1_long_cash,LB_NA,umcsent_direction,2,0.0,False,pipeline
S6_direction,T3_zscore_2.0,P2_signal_strength,LB_NA,umcsent_direction,2,0.8623,True,pipeline
S6_direction,T3_zscore_2.0,P3_long_short,LB_NA,umcsent_direction,2,-0.7164,False,pipeline
S6_direction,T3_zscore_neg_2.0,P1_long_cash,LB_NA,umcsent_direction,2,0.7164,True,pipeline
S6_direction,T3_zscore_neg_2.0,P2_signal_strength,LB_NA,umcsent_direction,2,0.8623,True,pipeline
S6_direction,T3_zscore_neg_2.0,P3_long_short,LB_NA,umcsent_direction,2,0.7164,True,pipeline
S6_direction,T1_fixed_p25,P1_long_cash,LB_NA,umcsent_direction,3,0.1995,True,pipeline
S6_direction,T1_fixed_p25,P2_signal_strength,LB_NA,umcsent_direction,3,0.1887,True,pipeline
S6_direction,T1_fixed_p25,P3_long_short,LB_NA,umcsent_direction,3,-0.3973,False,pipeline
S6_direction,T1_fixed_p50,P1_long_cash,LB_NA,umcsent_direction,3,0.1995,True,pipeline
S6_direction,T1_fixed_p50,P2_signal_strength,LB_NA,umcsent_direction,3,0.1887,True,pipeline
S6_direction,T1_fixed_p50,P3_long_short,LB_NA,umcsent_direction,3,-0.3973,False,pipeline
S6_direction,T1_fixed_p75,P1_long_cash,LB_NA,umcsent_direction,3,0.0,False,pipeline
S6_direction,T1_fixed_p75,P2_signal_strength,LB_NA,umcsent_direction,3,0.1887,True,pipeline
S6_direction,T1_fixed_p75,P3_long_short,LB_NA,umcsent_direction,3,-0.7164,False,pipeline
S6_direction,T2_roll_p25,P1_long_cash,LB_NA,umcsent_direction,3,0.1995,True,pipeline
S6_direction,T2_roll_p25,P2_signal_strength,LB_NA,umcsent_direction,3,0.1887,True,pipeline
S6_direction,T2_roll_p25,P3_long_short,LB_NA,umcsent_direction,3,-0.3973,False,pipeline
S6_direction,T2_roll_p50,P1_long_cash,LB_NA,umcsent_direction,3,0.2298,True,pipeline
S6_direction,T2_roll_p50,P2_signal_strength,LB_NA,umcsent_direction,3,0.1887,True,pipeline
S6_direction,T2_roll_p50,P3_long_short,LB_NA,umcsent_direction,3,-0.4443,False,pipeline
S6_direction,T2_roll_p75,P1_long_cash,LB_NA,umcsent_direction,3,0.0,False,pipeline
S6_direction,T2_roll_p75,P2_signal_strength,LB_NA,umcsent_direction,3,0.1887,True,pipeline
S6_direction,T2_roll_p75,P3_long_short,LB_NA,umcsent_direction,3,-0.7164,False,pipeline
S6_direction,T3_zscore_1.0,P1_long_cash,LB_NA,umcsent_direction,3,0.2275,True,pipeline
S6_direction,T3_zscore_1.0,P2_signal_strength,LB_NA,umcsent_direction,3,0.1887,True,pipeline
S6_direction,T3_zscore_1.0,P3_long_short,LB_NA,umcsent_direction,3,-0.5069,False,pipeline
S6_direction,T3_zscore_neg_1.0,P1_long_cash,LB_NA,umcsent_direction,3,0.5708,True,pipeline
S6_direction,T3_zscore_neg_1.0,P2_signal_strength,LB_NA,umcsent_direction,3,0.1887,True,pipeline
S6_direction,T3_zscore_neg_1.0,P3_long_short,LB_NA,umcsent_direction,3,0.2979,True,pipeline
S6_direction,T3_zscore_1.5,P1_long_cash,LB_NA,umcsent_direction,3,0.0,False,pipeline
S6_direction,T3_zscore_1.5,P2_signal_strength,LB_NA,umcsent_direction,3,0.1887,True,pipeline
S6_direction,T3_zscore_1.5,P3_long_short,LB_NA,umcsent_direction,3,-0.7164,False,pipeline
S6_direction,T3_zscore_neg_1.5,P1_long_cash,LB_NA,umcsent_direction,3,0.7164,True,pipeline
S6_direction,T3_zscore_neg_1.5,P2_signal_strength,LB_NA,umcsent_direction,3,0.1887,True,pipeline
S6_direction,T3_zscore_neg_1.5,P3_long_short,LB_NA,umcsent_direction,3,0.7164,True,pipeline
S6_direction,T3_zscore_2.0,P1_long_cash,LB_NA,umcsent_direction,3,0.0,False,pipeline
S6_direction,T3_zscore_2.0,P2_signal_strength,LB_NA,umcsent_direction,3,0.1887,True,pipeline
S6_direction,T3_zscore_2.0,P3_long_short,LB_NA,umcsent_direction,3,-0.7164,False,pipeline
S6_direction,T3_zscore_neg_2.0,P1_long_cash,LB_NA,umcsent_direction,3,0.7164,True,pipeline
S6_direction,T3_zscore_neg_2.0,P2_signal_strength,LB_NA,umcsent_direction,3,0.1887,True,pipeline
S6_direction,T3_zscore_neg_2.0,P3_long_short,LB_NA,umcsent_direction,3,0.7164,True,pipeline
S6_direction,T1_fixed_p25,P1_long_cash,LB_NA,umcsent_direction,4,0.4587,True,pipeline
S6_direction,T1_fixed_p25,P2_signal_strength,LB_NA,umcsent_direction,4,0.4365,True,pipeline
S6_direction,T1_fixed_p25,P3_long_short,LB_NA,umcsent_direction,4,-0.0364,False,pipeline
S6_direction,T1_fixed_p50,P1_long_cash,LB_NA,umcsent_direction,4,0.4587,True,pipeline
S6_direction,T1_fixed_p50,P2_signal_strength,LB_NA,umcsent_direction,4,0.4365,True,pipeline
S6_direction,T1_fixed_p50,P3_long_short,LB_NA,umcsent_direction,4,-0.0364,False,pipeline
S6_direction,T1_fixed_p75,P1_long_cash,LB_NA,umcsent_direction,4,0.0,False,pipeline
S6_direction,T1_fixed_p75,P2_signal_strength,LB_NA,umcsent_direction,4,0.4365,True,pipeline
S6_direction,T1_fixed_p75,P3_long_short,LB_NA,umcsent_direction,4,-0.7164,False,pipeline
S6_direction,T2_roll_p25,P1_long_cash,LB_NA,umcsent_direction,4,0.4587,True,pipeline
S6_direction,T2_roll_p25,P2_signal_strength,LB_NA,umcsent_direction,4,0.4365,True,pipeline
S6_direction,T2_roll_p25,P3_long_short,LB_NA,umcsent_direction,4,-0.0364,False,pipeline
S6_direction,T2_roll_p50,P1_long_cash,LB_NA,umcsent_direction,4,0.3923,True,pipeline
S6_direction,T2_roll_p50,P2_signal_strength,LB_NA,umcsent_direction,4,0.4365,True,pipeline
S6_direction,T2_roll_p50,P3_long_short,LB_NA,umcsent_direction,4,-0.2586,False,pipeline
S6_direction,T2_roll_p75,P1_long_cash,LB_NA,umcsent_direction,4,0.0,False,pipeline
S6_direction,T2_roll_p75,P2_signal_strength,LB_NA,umcsent_direction,4,0.4365,True,pipeline
S6_direction,T2_roll_p75,P3_long_short,LB_NA,umcsent_direction,4,-0.7164,False,pipeline
S6_direction,T3_zscore_1.0,P1_long_cash,LB_NA,umcsent_direction,4,0.178,True,pipeline
S6_direction,T3_zscore_1.0,P2_signal_strength,LB_NA,umcsent_direction,4,0.4365,True,pipeline
S6_direction,T3_zscore_1.0,P3_long_short,LB_NA,umcsent_direction,4,-0.5442,False,pipeline
S6_direction,T3_zscore_neg_1.0,P1_long_cash,LB_NA,umcsent_direction,4,0.6608,True,pipeline
S6_direction,T3_zscore_neg_1.0,P2_signal_strength,LB_NA,umcsent_direction,4,0.4365,True,pipeline
S6_direction,T3_zscore_neg_1.0,P3_long_short,LB_NA,umcsent_direction,4,0.4092,True,pipeline
S6_direction,T3_zscore_1.5,P1_long_cash,LB_NA,umcsent_direction,4,0.0,False,pipeline
S6_direction,T3_zscore_1.5,P2_signal_strength,LB_NA,umcsent_direction,4,0.4365,True,pipeline
S6_direction,T3_zscore_1.5,P3_long_short,LB_NA,umcsent_direction,4,-0.7164,False,pipeline
S6_direction,T3_zscore_neg_1.5,P1_long_cash,LB_NA,umcsent_direction,4,0.7164,True,pipeline
S6_direction,T3_zscore_neg_1.5,P2_signal_strength,LB_NA,umcsent_direction,4,0.4365,True,pipeline
S6_direction,T3_zscore_neg_1.5,P3_long_short,LB_NA,umcsent_direction,4,0.7164,True,pipeline
S6_direction,T3_zscore_2.0,P1_long_cash,LB_NA,umcsent_direction,4,0.0,False,pipeline
S6_direction,T3_zscore_2.0,P2_signal_strength,LB_NA,umcsent_direction,4,0.4365,True,pipeline
S6_direction,T3_zscore_2.0,P3_long_short,LB_NA,umcsent_direction,4,-0.7164,False,pipeline
S6_direction,T3_zscore_neg_2.0,P1_long_cash,LB_NA,umcsent_direction,4,0.7164,True,pipeline
S6_direction,T3_zscore_neg_2.0,P2_signal_strength,LB_NA,umcsent_direction,4,0.4365,True,pipeline
S6_direction,T3_zscore_neg_2.0,P3_long_short,LB_NA,umcsent_direction,4,0.7164,True,pipeline
S6_direction,T1_fixed_p25,P1_long_cash,LB_NA,umcsent_direction,5,1.0183,True,pipeline
S6_direction,T1_fixed_p25,P2_signal_strength,LB_NA,umcsent_direction,5,0.9905,True,pipeline
S6_direction,T1_fixed_p25,P3_long_short,LB_NA,umcsent_direction,5,0.8505,True,pipeline
S6_direction,T1_fixed_p50,P1_long_cash,LB_NA,umcsent_direction,5,1.0183,True,pipeline
S6_direction,T1_fixed_p50,P2_signal_strength,LB_NA,umcsent_direction,5,0.9905,True,pipeline
S6_direction,T1_fixed_p50,P3_long_short,LB_NA,umcsent_direction,5,0.8505,True,pipeline
S6_direction,T1_fixed_p75,P1_long_cash,LB_NA,umcsent_direction,5,0.0,False,pipeline
S6_direction,T1_fixed_p75,P2_signal_strength,LB_NA,umcsent_direction,5,0.9905,True,pipeline
S6_direction,T1_fixed_p75,P3_long_short,LB_NA,umcsent_direction,5,-0.7164,False,pipeline
S6_direction,T2_roll_p25,P1_long_cash,LB_NA,umcsent_direction,5,1.0183,True,pipeline
S6_direction,T2_roll_p25,P2_signal_strength,LB_NA,umcsent_direction,5,0.9905,True,pipeline
S6_direction,T2_roll_p25,P3_long_short,LB_NA,umcsent_direction,5,0.8505,True,pipeline
S6_direction,T2_roll_p50,P1_long_cash,LB_NA,umcsent_direction,5,0.7983,True,pipeline
S6_direction,T2_roll_p50,P2_signal_strength,LB_NA,umcsent_direction,5,0.9905,True,pipeline
S6_direction,T2_roll_p50,P3_long_short,LB_NA,umcsent_direction,5,0.2566,True,pipeline
S6_direction,T2_roll_p75,P1_long_cash,LB_NA,umcsent_direction,5,0.0,False,pipeline
S6_direction,T2_roll_p75,P2_signal_strength,LB_NA,umcsent_direction,5,0.9905,True,pipeline
S6_direction,T2_roll_p75,P3_long_short,LB_NA,umcsent_direction,5,-0.7164,False,pipeline
S6_direction,T3_zscore_1.0,P1_long_cash,LB_NA,umcsent_direction,5,0.479,True,pipeline
S6_direction,T3_zscore_1.0,P2_signal_strength,LB_NA,umcsent_direction,5,0.9905,True,pipeline
S6_direction,T3_zscore_1.0,P3_long_short,LB_NA,umcsent_direction,5,-0.3098,False,pipeline
S6_direction,T3_zscore_neg_1.0,P1_long_cash,LB_NA,umcsent_direction,5,0.9473,True,pipeline
S6_direction,T3_zscore_neg_1.0,P2_signal_strength,LB_NA,umcsent_direction,5,0.9905,True,pipeline
S6_direction,T3_zscore_neg_1.0,P3_long_short,LB_NA,umcsent_direction,5,0.8958,True,pipeline
S6_direction,T3_zscore_1.5,P1_long_cash,LB_NA,umcsent_direction,5,0.0,False,pipeline
S6_direction,T3_zscore_1.5,P2_signal_strength,LB_NA,umcsent_direction,5,0.9905,True,pipeline
S6_direction,T3_zscore_1.5,P3_long_short,LB_NA,umcsent_direction,5,-0.7164,False,pipeline
S6_direction,T3_zscore_neg_1.5,P1_long_cash,LB_NA,umcsent_direction,5,0.7164,True,pipeline
S6_direction,T3_zscore_neg_1.5,P2_signal_strength,LB_NA,umcsent_direction,5,0.9905,True,pipeline
S6_direction,T3_zscore_neg_1.5,P3_long_short,LB_NA,umcsent_direction,5,0.7164,True,pipeline
S6_direction,T3_zscore_2.0,P1_long_cash,LB_NA,umcsent_direction,5,0.0,False,pipeline
S6_direction,T3_zscore_2.0,P2_signal_strength,LB_NA,umcsent_direction,5,0.9905,True,pipeline
S6_direction,T3_zscore_2.0,P3_long_short,LB_NA,umcsent_direction,5,-0.7164,False,pipeline
S6_direction,T3_zscore_neg_2.0,P1_long_cash,LB_NA,umcsent_direction,5,0.7164,True,pipeline
S6_direction,T3_zscore_neg_2.0,P2_signal_strength,LB_NA,umcsent_direction,5,0.9905,True,pipeline
S6_direction,T3_zscore_neg_2.0,P3_long_short,LB_NA,umcsent_direction,5,0.7164,True,pipeline
S6_direction,T1_fixed_p25,P1_long_cash,LB_NA,umcsent_direction,6,0.4303,True,pipeline
S6_direction,T1_fixed_p25,P2_signal_strength,LB_NA,umcsent_direction,6,0.4364,True,pipeline
S6_direction,T1_fixed_p25,P3_long_short,LB_NA,umcsent_direction,6,-0.1045,False,pipeline
S6_direction,T1_fixed_p50,P1_long_cash,LB_NA,umcsent_direction,6,0.4303,True,pipeline
S6_direction,T1_fixed_p50,P2_signal_strength,LB_NA,umcsent_direction,6,0.4364,True,pipeline
S6_direction,T1_fixed_p50,P3_long_short,LB_NA,umcsent_direction,6,-0.1045,False,pipeline
S6_direction,T1_fixed_p75,P1_long_cash,LB_NA,umcsent_direction,6,0.0,False,pipeline
S6_direction,T1_fixed_p75,P2_signal_strength,LB_NA,umcsent_direction,6,0.4364,True,pipeline
S6_direction,T1_fixed_p75,P3_long_short,LB_NA,umcsent_direction,6,-0.7164,False,pipeline
S6_direction,T2_roll_p25,P1_long_cash,LB_NA,umcsent_direction,6,0.4303,True,pipeline
S6_direction,T2_roll_p25,P2_signal_strength,LB_NA,umcsent_direction,6,0.4364,True,pipeline
S6_direction,T2_roll_p25,P3_long_short,LB_NA,umcsent_direction,6,-0.1045,False,pipeline
S6_direction,T2_roll_p50,P1_long_cash,LB_NA,umcsent_direction,6,0.4696,True,pipeline
S6_direction,T2_roll_p50,P2_signal_strength,LB_NA,umcsent_direction,6,0.4364,True,pipeline
S6_direction,T2_roll_p50,P3_long_short,LB_NA,umcsent_direction,6,-0.244,False,pipeline
S6_direction,T2_roll_p75,P1_long_cash,LB_NA,umcsent_direction,6,0.0,False,pipeline
S6_direction,T2_roll_p75,P2_signal_strength,LB_NA,umcsent_direction,6,0.4364,True,pipeline
S6_direction,T2_roll_p75,P3_long_short,LB_NA,umcsent_direction,6,-0.7164,False,pipeline
S6_direction,T3_zscore_1.0,P1_long_cash,LB_NA,umcsent_direction,6,0.522,True,pipeline
S6_direction,T3_zscore_1.0,P2_signal_strength,LB_NA,umcsent_direction,6,0.4364,True,pipeline
S6_direction,T3_zscore_1.0,P3_long_short,LB_NA,umcsent_direction,6,-0.3181,False,pipeline
S6_direction,T3_zscore_neg_1.0,P1_long_cash,LB_NA,umcsent_direction,6,0.6437,True,pipeline
S6_direction,T3_zscore_neg_1.0,P2_signal_strength,LB_NA,umcsent_direction,6,0.4364,True,pipeline
S6_direction,T3_zscore_neg_1.0,P3_long_short,LB_NA,umcsent_direction,6,0.3851,True,pipeline
S6_direction,T3_zscore_1.5,P1_long_cash,LB_NA,umcsent_direction,6,0.0,False,pipeline
S6_direction,T3_zscore_1.5,P2_signal_strength,LB_NA,umcsent_direction,6,0.4364,True,pipeline
S6_direction,T3_zscore_1.5,P3_long_short,LB_NA,umcsent_direction,6,-0.7164,False,pipeline
S6_direction,T3_zscore_neg_1.5,P1_long_cash,LB_NA,umcsent_direction,6,0.7164,True,pipeline
S6_direction,T3_zscore_neg_1.5,P2_signal_strength,LB_NA,umcsent_direction,6,0.4364,True,pipeline
S6_direction,T3_zscore_neg_1.5,P3_long_short,LB_NA,umcsent_direction,6,0.7164,True,pipeline
S6_direction,T3_zscore_2.0,P1_long_cash,LB_NA,umcsent_direction,6,0.0,False,pipeline
S6_direction,T3_zscore_2.0,P2_signal_strength,LB_NA,umcsent_direction,6,0.4364,True,pipeline
S6_direction,T3_zscore_2.0,P3_long_short,LB_NA,umcsent_direction,6,-0.7164,False,pipeline
S6_direction,T3_zscore_neg_2.0,P1_long_cash,LB_NA,umcsent_direction,6,0.7164,True,pipeline
S6_direction,T3_zscore_neg_2.0,P2_signal_strength,LB_NA,umcsent_direction,6,0.4364,True,pipeline
S6_direction,T3_zscore_neg_2.0,P3_long_short,LB_NA,umcsent_direction,6,0.7164,True,pipeline
S6_direction,T1_fixed_p25,P1_long_cash,LB_NA,umcsent_direction,7,0.3194,True,pipeline
S6_direction,T1_fixed_p25,P2_signal_strength,LB_NA,umcsent_direction,7,0.3194,True,pipeline
S6_direction,T1_fixed_p25,P3_long_short,LB_NA,umcsent_direction,7,-0.3267,False,pipeline
S6_direction,T1_fixed_p50,P1_long_cash,LB_NA,umcsent_direction,7,0.3194,True,pipeline
S6_direction,T1_fixed_p50,P2_signal_strength,LB_NA,umcsent_direction,7,0.3194,True,pipeline
S6_direction,T1_fixed_p50,P3_long_short,LB_NA,umcsent_direction,7,-0.3267,False,pipeline
S6_direction,T1_fixed_p75,P1_long_cash,LB_NA,umcsent_direction,7,0.0,False,pipeline
S6_direction,T1_fixed_p75,P2_signal_strength,LB_NA,umcsent_direction,7,0.3194,True,pipeline
S6_direction,T1_fixed_p75,P3_long_short,LB_NA,umcsent_direction,7,-0.7164,False,pipeline
S6_direction,T2_roll_p25,P1_long_cash,LB_NA,umcsent_direction,7,0.3194,True,pipeline
S6_direction,T2_roll_p25,P2_signal_strength,LB_NA,umcsent_direction,7,0.3194,True,pipeline
S6_direction,T2_roll_p25,P3_long_short,LB_NA,umcsent_direction,7,-0.3267,False,pipeline
S6_direction,T2_roll_p50,P1_long_cash,LB_NA,umcsent_direction,7,0.1916,True,pipeline
S6_direction,T2_roll_p50,P2_signal_strength,LB_NA,umcsent_direction,7,0.3194,True,pipeline
S6_direction,T2_roll_p50,P3_long_short,LB_NA,umcsent_direction,7,-0.5808,False,pipeline
S6_direction,T2_roll_p75,P1_long_cash,LB_NA,umcsent_direction,7,0.0,False,pipeline
S6_direction,T2_roll_p75,P2_signal_strength,LB_NA,umcsent_direction,7,0.3194,True,pipeline
S6_direction,T2_roll_p75,P3_long_short,LB_NA,umcsent_direction,7,-0.7164,False,pipeline
S6_direction,T3_zscore_1.0,P1_long_cash,LB_NA,umcsent_direction,7,0.4718,True,pipeline
S6_direction,T3_zscore_1.0,P2_signal_strength,LB_NA,umcsent_direction,7,0.3194,True,pipeline
S6_direction,T3_zscore_1.0,P3_long_short,LB_NA,umcsent_direction,7,-0.4873,False,pipeline
S6_direction,T3_zscore_neg_1.0,P1_long_cash,LB_NA,umcsent_direction,7,0.6877,True,pipeline
S6_direction,T3_zscore_neg_1.0,P2_signal_strength,LB_NA,umcsent_direction,7,0.3194,True,pipeline
S6_direction,T3_zscore_neg_1.0,P3_long_short,LB_NA,umcsent_direction,7,0.413,True,pipeline
S6_direction,T3_zscore_1.5,P1_long_cash,LB_NA,umcsent_direction,7,0.0,False,pipeline
S6_direction,T3_zscore_1.5,P2_signal_strength,LB_NA,umcsent_direction,7,0.3194,True,pipeline
S6_direction,T3_zscore_1.5,P3_long_short,LB_NA,umcsent_direction,7,-0.7164,False,pipeline
S6_direction,T3_zscore_neg_1.5,P1_long_cash,LB_NA,umcsent_direction,7,0.7164,True,pipeline
S6_direction,T3_zscore_neg_1.5,P2_signal_strength,LB_NA,umcsent_direction,7,0.3194,True,pipeline
S6_direction,T3_zscore_neg_1.5,P3_long_short,LB_NA,umcsent_direction,7,0.7164,True,pipeline
S6_direction,T3_zscore_2.0,P1_long_cash,LB_NA,umcsent_direction,7,0.0,False,pipeline
S6_direction,T3_zscore_2.0,P2_signal_strength,LB_NA,umcsent_direction,7,0.3194,True,pipeline
S6_direction,T3_zscore_2.0,P3_long_short,LB_NA,umcsent_direction,7,-0.7164,False,pipeline
S6_direction,T3_zscore_neg_2.0,P1_long_cash,LB_NA,umcsent_direction,7,0.7164,True,pipeline
S6_direction,T3_zscore_neg_2.0,P2_signal_strength,LB_NA,umcsent_direction,7,0.3194,True,pipeline
S6_direction,T3_zscore_neg_2.0,P3_long_short,LB_NA,umcsent_direction,7,0.7164,True,pipeline
S6_direction,T1_fixed_p25,P1_long_cash,LB_NA,umcsent_direction,8,0.3338,True,pipeline
S6_direction,T1_fixed_p25,P2_signal_strength,LB_NA,umcsent_direction,8,0.3338,True,pipeline
S6_direction,T1_fixed_p25,P3_long_short,LB_NA,umcsent_direction,8,-0.1818,False,pipeline
S6_direction,T1_fixed_p50,P1_long_cash,LB_NA,umcsent_direction,8,0.3338,True,pipeline
S6_direction,T1_fixed_p50,P2_signal_strength,LB_NA,umcsent_direction,8,0.3338,True,pipeline
S6_direction,T1_fixed_p50,P3_long_short,LB_NA,umcsent_direction,8,-0.1818,False,pipeline
S6_direction,T1_fixed_p75,P1_long_cash,LB_NA,umcsent_direction,8,0.0,False,pipeline
S6_direction,T1_fixed_p75,P2_signal_strength,LB_NA,umcsent_direction,8,0.3338,True,pipeline
S6_direction,T1_fixed_p75,P3_long_short,LB_NA,umcsent_direction,8,-0.7164,False,pipeline
S6_direction,T2_roll_p25,P1_long_cash,LB_NA,umcsent_direction,8,0.3338,True,pipeline
S6_direction,T2_roll_p25,P2_signal_strength,LB_NA,umcsent_direction,8,0.3338,True,pipeline
S6_direction,T2_roll_p25,P3_long_short,LB_NA,umcsent_direction,8,-0.1818,False,pipeline
S6_direction,T2_roll_p50,P1_long_cash,LB_NA,umcsent_direction,8,0.4999,True,pipeline
S6_direction,T2_roll_p50,P2_signal_strength,LB_NA,umcsent_direction,8,0.3338,True,pipeline
S6_direction,T2_roll_p50,P3_long_short,LB_NA,umcsent_direction,8,-0.1626,False,pipeline
S6_direction,T2_roll_p75,P1_long_cash,LB_NA,umcsent_direction,8,0.0,False,pipeline
S6_direction,T2_roll_p75,P2_signal_strength,LB_NA,umcsent_direction,8,0.3338,True,pipeline
S6_direction,T2_roll_p75,P3_long_short,LB_NA,umcsent_direction,8,-0.7164,False,pipeline
S6_direction,T3_zscore_1.0,P1_long_cash,LB_NA,umcsent_direction,8,0.1947,True,pipeline
S6_direction,T3_zscore_1.0,P2_signal_strength,LB_NA,umcsent_direction,8,0.3338,True,pipeline
S6_direction,T3_zscore_1.0,P3_long_short,LB_NA,umcsent_direction,8,-0.6197,False,pipeline
S6_direction,T3_zscore_neg_1.0,P1_long_cash,LB_NA,umcsent_direction,8,0.3906,True,pipeline
S6_direction,T3_zscore_neg_1.0,P2_signal_strength,LB_NA,umcsent_direction,8,0.3338,True,pipeline
S6_direction,T3_zscore_neg_1.0,P3_long_short,LB_NA,umcsent_direction,8,-0.0261,False,pipeline
S6_direction,T3_zscore_1.5,P1_long_cash,LB_NA,umcsent_direction,8,0.0,False,pipeline
S6_direction,T3_zscore_1.5,P2_signal_strength,LB_NA,umcsent_direction,8,0.3338,True,pipeline
S6_direction,T3_zscore_1.5,P3_long_short,LB_NA,umcsent_direction,8,-0.7164,False,pipeline
S6_direction,T3_zscore_neg_1.5,P1_long_cash,LB_NA,umcsent_direction,8,0.7164,True,pipeline
S6_direction,T3_zscore_neg_1.5,P2_signal_strength,LB_NA,umcsent_direction,8,0.3338,True,pipeline
S6_direction,T3_zscore_neg_1.5,P3_long_short,LB_NA,umcsent_direction,8,0.7164,True,pipeline
S6_direction,T3_zscore_2.0,P1_long_cash,LB_NA,umcsent_direction,8,0.0,False,pipeline
S6_direction,T3_zscore_2.0,P2_signal_strength,LB_NA,umcsent_direction,8,0.3338,True,pipeline
S6_direction,T3_zscore_2.0,P3_long_short,LB_NA,umcsent_direction,8,-0.7164,False,pipeline
S6_direction,T3_zscore_neg_2.0,P1_long_cash,LB_NA,umcsent_direction,8,0.7164,True,pipeline
S6_direction,T3_zscore_neg_2.0,P2_signal_strength,LB_NA,umcsent_direction,8,0.3338,True,pipeline
S6_direction,T3_zscore_neg_2.0,P3_long_short,LB_NA,umcsent_direction,8,0.7164,True,pipeline
S6_direction,T1_fixed_p25,P1_long_cash,LB_NA,umcsent_direction,9,0.7433,True,pipeline
S6_direction,T1_fixed_p25,P2_signal_strength,LB_NA,umcsent_direction,9,0.7433,True,pipeline
S6_direction,T1_fixed_p25,P3_long_short,LB_NA,umcsent_direction,9,0.3247,True,pipeline
S6_direction,T1_fixed_p50,P1_long_cash,LB_NA,umcsent_direction,9,0.7433,True,pipeline
S6_direction,T1_fixed_p50,P2_signal_strength,LB_NA,umcsent_direction,9,0.7433,True,pipeline
S6_direction,T1_fixed_p50,P3_long_short,LB_NA,umcsent_direction,9,0.3247,True,pipeline
S6_direction,T1_fixed_p75,P1_long_cash,LB_NA,umcsent_direction,9,0.0,False,pipeline
S6_direction,T1_fixed_p75,P2_signal_strength,LB_NA,umcsent_direction,9,0.7433,True,pipeline
S6_direction,T1_fixed_p75,P3_long_short,LB_NA,umcsent_direction,9,-0.7164,False,pipeline
S6_direction,T2_roll_p25,P1_long_cash,LB_NA,umcsent_direction,9,0.7433,True,pipeline
S6_direction,T2_roll_p25,P2_signal_strength,LB_NA,umcsent_direction,9,0.7433,True,pipeline
S6_direction,T2_roll_p25,P3_long_short,LB_NA,umcsent_direction,9,0.3247,True,pipeline
S6_direction,T2_roll_p50,P1_long_cash,LB_NA,umcsent_direction,9,0.4049,True,pipeline
S6_direction,T2_roll_p50,P2_signal_strength,LB_NA,umcsent_direction,9,0.7433,True,pipeline
S6_direction,T2_roll_p50,P3_long_short,LB_NA,umcsent_direction,9,-0.3469,False,pipeline
S6_direction,T2_roll_p75,P1_long_cash,LB_NA,umcsent_direction,9,0.0,False,pipeline
S6_direction,T2_roll_p75,P2_signal_strength,LB_NA,umcsent_direction,9,0.7433,True,pipeline
S6_direction,T2_roll_p75,P3_long_short,LB_NA,umcsent_direction,9,-0.7164,False,pipeline
S6_direction,T3_zscore_1.0,P1_long_cash,LB_NA,umcsent_direction,9,0.584,True,pipeline
S6_direction,T3_zscore_1.0,P2_signal_strength,LB_NA,umcsent_direction,9,0.7433,True,pipeline
S6_direction,T3_zscore_1.0,P3_long_short,LB_NA,umcsent_direction,9,-0.3371,False,pipeline
S6_direction,T3_zscore_neg_1.0,P1_long_cash,LB_NA,umcsent_direction,9,0.8231,True,pipeline
S6_direction,T3_zscore_neg_1.0,P2_signal_strength,LB_NA,umcsent_direction,9,0.7433,True,pipeline
S6_direction,T3_zscore_neg_1.0,P3_long_short,LB_NA,umcsent_direction,9,0.6477,True,pipeline
S6_direction,T3_zscore_1.5,P1_long_cash,LB_NA,umcsent_direction,9,0.0,False,pipeline
S6_direction,T3_zscore_1.5,P2_signal_strength,LB_NA,umcsent_direction,9,0.7433,True,pipeline
S6_direction,T3_zscore_1.5,P3_long_short,LB_NA,umcsent_direction,9,-0.7164,False,pipeline
S6_direction,T3_zscore_neg_1.5,P1_long_cash,LB_NA,umcsent_direction,9,0.7164,True,pipeline
S6_direction,T3_zscore_neg_1.5,P2_signal_strength,LB_NA,umcsent_direction,9,0.7433,True,pipeline
S6_direction,T3_zscore_neg_1.5,P3_long_short,LB_NA,umcsent_direction,9,0.7164,True,pipeline
S6_direction,T3_zscore_2.0,P1_long_cash,LB_NA,umcsent_direction,9,0.0,False,pipeline
S6_direction,T3_zscore_2.0,P2_signal_strength,LB_NA,umcsent_direction,9,0.7433,True,pipeline
S6_direction,T3_zscore_2.0,P3_long_short,LB_NA,umcsent_direction,9,-0.7164,False,pipeline
S6_direction,T3_zscore_neg_2.0,P1_long_cash,LB_NA,umcsent_direction,9,0.7164,True,pipeline
S6_direction,T3_zscore_neg_2.0,P2_signal_strength,LB_NA,umcsent_direction,9,0.7433,True,pipeline
S6_direction,T3_zscore_neg_2.0,P3_long_short,LB_NA,umcsent_direction,9,0.7164,True,pipeline
S6_direction,T1_fixed_p25,P1_long_cash,LB_NA,umcsent_direction,10,0.799,True,pipeline
S6_direction,T1_fixed_p25,P2_signal_strength,LB_NA,umcsent_direction,10,0.799,True,pipeline
S6_direction,T1_fixed_p25,P3_long_short,LB_NA,umcsent_direction,10,0.4349,True,pipeline
S6_direction,T1_fixed_p50,P1_long_cash,LB_NA,umcsent_direction,10,0.799,True,pipeline
S6_direction,T1_fixed_p50,P2_signal_strength,LB_NA,umcsent_direction,10,0.799,True,pipeline
S6_direction,T1_fixed_p50,P3_long_short,LB_NA,umcsent_direction,10,0.4349,True,pipeline
S6_direction,T1_fixed_p75,P1_long_cash,LB_NA,umcsent_direction,10,0.0,False,pipeline
S6_direction,T1_fixed_p75,P2_signal_strength,LB_NA,umcsent_direction,10,0.799,True,pipeline
S6_direction,T1_fixed_p75,P3_long_short,LB_NA,umcsent_direction,10,-0.7164,False,pipeline
S6_direction,T2_roll_p25,P1_long_cash,LB_NA,umcsent_direction,10,0.799,True,pipeline
S6_direction,T2_roll_p25,P2_signal_strength,LB_NA,umcsent_direction,10,0.799,True,pipeline
S6_direction,T2_roll_p25,P3_long_short,LB_NA,umcsent_direction,10,0.4349,True,pipeline
S6_direction,T2_roll_p50,P1_long_cash,LB_NA,umcsent_direction,10,0.5143,True,pipeline
S6_direction,T2_roll_p50,P2_signal_strength,LB_NA,umcsent_direction,10,0.799,True,pipeline
S6_direction,T2_roll_p50,P3_long_short,LB_NA,umcsent_direction,10,-0.1887,False,pipeline
S6_direction,T2_roll_p75,P1_long_cash,LB_NA,umcsent_direction,10,0.0,False,pipeline
S6_direction,T2_roll_p75,P2_signal_strength,LB_NA,umcsent_direction,10,0.799,True,pipeline
S6_direction,T2_roll_p75,P3_long_short,LB_NA,umcsent_direction,10,-0.7164,False,pipeline
S6_direction,T3_zscore_1.0,P1_long_cash,LB_NA,umcsent_direction,10,0.3605,True,pipeline
S6_direction,T3_zscore_1.0,P2_signal_strength,LB_NA,umcsent_direction,10,0.799,True,pipeline
S6_direction,T3_zscore_1.0,P3_long_short,LB_NA,umcsent_direction,10,-0.4949,False,pipeline
S6_direction,T3_zscore_neg_1.0,P1_long_cash,LB_NA,umcsent_direction,10,0.8845,True,pipeline
S6_direction,T3_zscore_neg_1.0,P2_signal_strength,LB_NA,umcsent_direction,10,0.799,True,pipeline
S6_direction,T3_zscore_neg_1.0,P3_long_short,LB_NA,umcsent_direction,10,0.7207,True,pipeline
S6_direction,T3_zscore_1.5,P1_long_cash,LB_NA,umcsent_direction,10,0.0,False,pipeline
S6_direction,T3_zscore_1.5,P2_signal_strength,LB_NA,umcsent_direction,10,0.799,True,pipeline
S6_direction,T3_zscore_1.5,P3_long_short,LB_NA,umcsent_direction,10,-0.7164,False,pipeline
S6_direction,T3_zscore_neg_1.5,P1_long_cash,LB_NA,umcsent_direction,10,0.7164,True,pipeline
S6_direction,T3_zscore_neg_1.5,P2_signal_strength,LB_NA,umcsent_direction,10,0.799,True,pipeline
S6_direction,T3_zscore_neg_1.5,P3_long_short,LB_NA,umcsent_direction,10,0.7164,True,pipeline
S6_direction,T3_zscore_2.0,P1_long_cash,LB_NA,umcsent_direction,10,0.0,False,pipeline
S6_direction,T3_zscore_2.0,P2_signal_strength,LB_NA,umcsent_direction,10,0.799,True,pipeline
S6_direction,T3_zscore_2.0,P3_long_short,LB_NA,umcsent_direction,10,-0.7164,False,pipeline
S6_direction,T3_zscore_neg_2.0,P1_long_cash,LB_NA,umcsent_direction,10,0.7164,True,pipeline
S6_direction,T3_zscore_neg_2.0,P2_signal_strength,LB_NA,umcsent_direction,10,0.799,True,pipeline
S6_direction,T3_zscore_neg_2.0,P3_long_short,LB_NA,umcsent_direction,10,0.7164,True,pipeline
S6_direction,T1_fixed_p25,P1_long_cash,LB_NA,umcsent_direction,11,0.6549,True,pipeline
S6_direction,T1_fixed_p25,P2_signal_strength,LB_NA,umcsent_direction,11,0.6549,True,pipeline
S6_direction,T1_fixed_p25,P3_long_short,LB_NA,umcsent_direction,11,0.2286,True,pipeline
S6_direction,T1_fixed_p50,P1_long_cash,LB_NA,umcsent_direction,11,0.6549,True,pipeline
S6_direction,T1_fixed_p50,P2_signal_strength,LB_NA,umcsent_direction,11,0.6549,True,pipeline
S6_direction,T1_fixed_p50,P3_long_short,LB_NA,umcsent_direction,11,0.2286,True,pipeline
S6_direction,T1_fixed_p75,P1_long_cash,LB_NA,umcsent_direction,11,0.0,False,pipeline
S6_direction,T1_fixed_p75,P2_signal_strength,LB_NA,umcsent_direction,11,0.6549,True,pipeline
S6_direction,T1_fixed_p75,P3_long_short,LB_NA,umcsent_direction,11,-0.7164,False,pipeline
S6_direction,T2_roll_p25,P1_long_cash,LB_NA,umcsent_direction,11,0.6549,True,pipeline
S6_direction,T2_roll_p25,P2_signal_strength,LB_NA,umcsent_direction,11,0.6549,True,pipeline
S6_direction,T2_roll_p25,P3_long_short,LB_NA,umcsent_direction,11,0.2286,True,pipeline
S6_direction,T2_roll_p50,P1_long_cash,LB_NA,umcsent_direction,11,0.4914,True,pipeline
S6_direction,T2_roll_p50,P2_signal_strength,LB_NA,umcsent_direction,11,0.6549,True,pipeline
S6_direction,T2_roll_p50,P3_long_short,LB_NA,umcsent_direction,11,-0.2904,False,pipeline
S6_direction,T2_roll_p75,P1_long_cash,LB_NA,umcsent_direction,11,0.0,False,pipeline
S6_direction,T2_roll_p75,P2_signal_strength,LB_NA,umcsent_direction,11,0.6549,True,pipeline
S6_direction,T2_roll_p75,P3_long_short,LB_NA,umcsent_direction,11,-0.7164,False,pipeline
S6_direction,T3_zscore_1.0,P1_long_cash,LB_NA,umcsent_direction,11,0.1311,True,pipeline
S6_direction,T3_zscore_1.0,P2_signal_strength,LB_NA,umcsent_direction,11,0.6549,True,pipeline
S6_direction,T3_zscore_1.0,P3_long_short,LB_NA,umcsent_direction,11,-0.6292,False,pipeline
S6_direction,T3_zscore_neg_1.0,P1_long_cash,LB_NA,umcsent_direction,11,0.8843,True,pipeline
S6_direction,T3_zscore_neg_1.0,P2_signal_strength,LB_NA,umcsent_direction,11,0.6549,True,pipeline
S6_direction,T3_zscore_neg_1.0,P3_long_short,LB_NA,umcsent_direction,11,0.796,True,pipeline
S6_direction,T3_zscore_1.5,P1_long_cash,LB_NA,umcsent_direction,11,0.0,False,pipeline
S6_direction,T3_zscore_1.5,P2_signal_strength,LB_NA,umcsent_direction,11,0.6549,True,pipeline
S6_direction,T3_zscore_1.5,P3_long_short,LB_NA,umcsent_direction,11,-0.7164,False,pipeline
S6_direction,T3_zscore_neg_1.5,P1_long_cash,LB_NA,umcsent_direction,11,0.7164,True,pipeline
S6_direction,T3_zscore_neg_1.5,P2_signal_strength,LB_NA,umcsent_direction,11,0.6549,True,pipeline
S6_direction,T3_zscore_neg_1.5,P3_long_short,LB_NA,umcsent_direction,11,0.7164,True,pipeline
S6_direction,T3_zscore_2.0,P1_long_cash,LB_NA,umcsent_direction,11,0.0,False,pipeline
S6_direction,T3_zscore_2.0,P2_signal_strength,LB_NA,umcsent_direction,11,0.6549,True,pipeline
S6_direction,T3_zscore_2.0,P3_long_short,LB_NA,umcsent_direction,11,-0.7164,False,pipeline
S6_direction,T3_zscore_neg_2.0,P1_long_cash,LB_NA,umcsent_direction,11,0.7164,True,pipeline
S6_direction,T3_zscore_neg_2.0,P2_signal_strength,LB_NA,umcsent_direction,11,0.6549,True,pipeline
S6_direction,T3_zscore_neg_2.0,P3_long_short,LB_NA,umcsent_direction,11,0.7164,True,pipeline
S6_direction,T1_fixed_p25,P1_long_cash,LB_NA,umcsent_direction,12,0.6972,True,pipeline
S6_direction,T1_fixed_p25,P2_signal_strength,LB_NA,umcsent_direction,12,0.6972,True,pipeline
S6_direction,T1_fixed_p25,P3_long_short,LB_NA,umcsent_direction,12,0.3519,True,pipeline
S6_direction,T1_fixed_p50,P1_long_cash,LB_NA,umcsent_direction,12,0.6972,True,pipeline
S6_direction,T1_fixed_p50,P2_signal_strength,LB_NA,umcsent_direction,12,0.6972,True,pipeline
S6_direction,T1_fixed_p50,P3_long_short,LB_NA,umcsent_direction,12,0.3519,True,pipeline
S6_direction,T1_fixed_p75,P1_long_cash,LB_NA,umcsent_direction,12,0.0,False,pipeline
S6_direction,T1_fixed_p75,P2_signal_strength,LB_NA,umcsent_direction,12,0.6972,True,pipeline
S6_direction,T1_fixed_p75,P3_long_short,LB_NA,umcsent_direction,12,-0.7164,False,pipeline
S6_direction,T2_roll_p25,P1_long_cash,LB_NA,umcsent_direction,12,0.6972,True,pipeline
S6_direction,T2_roll_p25,P2_signal_strength,LB_NA,umcsent_direction,12,0.6972,True,pipeline
S6_direction,T2_roll_p25,P3_long_short,LB_NA,umcsent_direction,12,0.3519,True,pipeline
S6_direction,T2_roll_p50,P1_long_cash,LB_NA,umcsent_direction,12,0.3404,True,pipeline
S6_direction,T2_roll_p50,P2_signal_strength,LB_NA,umcsent_direction,12,0.6972,True,pipeline
S6_direction,T2_roll_p50,P3_long_short,LB_NA,umcsent_direction,12,-0.3585,False,pipeline
S6_direction,T2_roll_p75,P1_long_cash,LB_NA,umcsent_direction,12,0.0,False,pipeline
S6_direction,T2_roll_p75,P2_signal_strength,LB_NA,umcsent_direction,12,0.6972,True,pipeline
S6_direction,T2_roll_p75,P3_long_short,LB_NA,umcsent_direction,12,-0.7164,False,pipeline
S6_direction,T3_zscore_1.0,P1_long_cash,LB_NA,umcsent_direction,12,0.0303,True,pipeline
S6_direction,T3_zscore_1.0,P2_signal_strength,LB_NA,umcsent_direction,12,0.6972,True,pipeline
S6_direction,T3_zscore_1.0,P3_long_short,LB_NA,umcsent_direction,12,-0.6985,False,pipeline
S6_direction,T3_zscore_neg_1.0,P1_long_cash,LB_NA,umcsent_direction,12,0.9732,True,pipeline
S6_direction,T3_zscore_neg_1.0,P2_signal_strength,LB_NA,umcsent_direction,12,0.6972,True,pipeline
S6_direction,T3_zscore_neg_1.0,P3_long_short,LB_NA,umcsent_direction,12,0.9429,True,pipeline
S6_direction,T3_zscore_1.5,P1_long_cash,LB_NA,umcsent_direction,12,0.0,False,pipeline
S6_direction,T3_zscore_1.5,P2_signal_strength,LB_NA,umcsent_direction,12,0.6972,True,pipeline
S6_direction,T3_zscore_1.5,P3_long_short,LB_NA,umcsent_direction,12,-0.7164,False,pipeline
S6_direction,T3_zscore_neg_1.5,P1_long_cash,LB_NA,umcsent_direction,12,0.7164,True,pipeline
S6_direction,T3_zscore_neg_1.5,P2_signal_strength,LB_NA,umcsent_direction,12,0.6972,True,pipeline
S6_direction,T3_zscore_neg_1.5,P3_long_short,LB_NA,umcsent_direction,12,0.7164,True,pipeline
S6_direction,T3_zscore_2.0,P1_long_cash,LB_NA,umcsent_direction,12,0.0,False,pipeline
S6_direction,T3_zscore_2.0,P2_signal_strength,LB_NA,umcsent_direction,12,0.6972,True,pipeline
S6_direction,T3_zscore_2.0,P3_long_short,LB_NA,umcsent_direction,12,-0.7164,False,pipeline
S6_direction,T3_zscore_neg_2.0,P1_long_cash,LB_NA,umcsent_direction,12,0.7164,True,pipeline
S6_direction,T3_zscore_neg_2.0,P2_signal_strength,LB_NA,umcsent_direction,12,0.6972,True,pipeline
S6_direction,T3_zscore_neg_2.0,P3_long_short,LB_NA,umcsent_direction,12,0.7164,True,pipeline
S7_dev_ma,T1_fixed_p25,P1_long_cash,LB_NA,umcsent_dev_ma,0,0.1961,True,pipeline
S7_dev_ma,T1_fixed_p25,P2_signal_strength,LB_NA,umcsent_dev_ma,0,0.6028,True,pipeline
S7_dev_ma,T1_fixed_p25,P3_long_short,LB_NA,umcsent_dev_ma,0,-0.4161,False,pipeline
S7_dev_ma,T1_fixed_p50,P1_long_cash,LB_NA,umcsent_dev_ma,0,0.1909,True,pipeline
S7_dev_ma,T1_fixed_p50,P2_signal_strength,LB_NA,umcsent_dev_ma,0,0.6028,True,pipeline
S7_dev_ma,T1_fixed_p50,P3_long_short,LB_NA,umcsent_dev_ma,0,-0.4425,False,pipeline
S7_dev_ma,T1_fixed_p75,P1_long_cash,LB_NA,umcsent_dev_ma,0,0.5984,True,pipeline
S7_dev_ma,T1_fixed_p75,P2_signal_strength,LB_NA,umcsent_dev_ma,0,0.6028,True,pipeline
S7_dev_ma,T1_fixed_p75,P3_long_short,LB_NA,umcsent_dev_ma,0,-0.1397,False,pipeline
S7_dev_ma,T2_roll_p25,P1_long_cash,LB_NA,umcsent_dev_ma,0,0.2379,True,pipeline
S7_dev_ma,T2_roll_p25,P2_signal_strength,LB_NA,umcsent_dev_ma,0,0.6028,True,pipeline
S7_dev_ma,T2_roll_p25,P3_long_short,LB_NA,umcsent_dev_ma,0,-0.3285,False,pipeline
S7_dev_ma,T2_roll_p50,P1_long_cash,LB_NA,umcsent_dev_ma,0,0.1231,True,pipeline
S7_dev_ma,T2_roll_p50,P2_signal_strength,LB_NA,umcsent_dev_ma,0,0.6028,True,pipeline
S7_dev_ma,T2_roll_p50,P3_long_short,LB_NA,umcsent_dev_ma,0,-0.5413,False,pipeline
S7_dev_ma,T2_roll_p75,P1_long_cash,LB_NA,umcsent_dev_ma,0,0.6203,True,pipeline
S7_dev_ma,T2_roll_p75,P2_signal_strength,LB_NA,umcsent_dev_ma,0,0.6028,True,pipeline
S7_dev_ma,T2_roll_p75,P3_long_short,LB_NA,umcsent_dev_ma,0,-0.1189,False,pipeline
S7_dev_ma,T3_zscore_1.0,P1_long_cash,LB_NA,umcsent_dev_ma,0,0.4502,True,pipeline
S7_dev_ma,T3_zscore_1.0,P2_signal_strength,LB_NA,umcsent_dev_ma,0,0.6028,True,pipeline
S7_dev_ma,T3_zscore_1.0,P3_long_short,LB_NA,umcsent_dev_ma,0,-0.3483,False,pipeline
S7_dev_ma,T3_zscore_neg_1.0,P1_long_cash,LB_NA,umcsent_dev_ma,0,0.7132,True,pipeline
S7_dev_ma,T3_zscore_neg_1.0,P2_signal_strength,LB_NA,umcsent_dev_ma,0,0.6028,True,pipeline
S7_dev_ma,T3_zscore_neg_1.0,P3_long_short,LB_NA,umcsent_dev_ma,0,0.5593,True,pipeline
S7_dev_ma,T3_zscore_1.5,P1_long_cash,LB_NA,umcsent_dev_ma,0,-0.418,False,pipeline
S7_dev_ma,T3_zscore_1.5,P2_signal_strength,LB_NA,umcsent_dev_ma,0,0.6028,True,pipeline
S7_dev_ma,T3_zscore_1.5,P3_long_short,LB_NA,umcsent_dev_ma,0,-0.8802,False,pipeline
S7_dev_ma,T3_zscore_neg_1.5,P1_long_cash,LB_NA,umcsent_dev_ma,0,0.6977,True,pipeline
S7_dev_ma,T3_zscore_neg_1.5,P2_signal_strength,LB_NA,umcsent_dev_ma,0,0.6028,True,pipeline
S7_dev_ma,T3_zscore_neg_1.5,P3_long_short,LB_NA,umcsent_dev_ma,0,0.5676,True,pipeline
S7_dev_ma,T3_zscore_2.0,P1_long_cash,LB_NA,umcsent_dev_ma,0,0.3849,True,pipeline
S7_dev_ma,T3_zscore_2.0,P2_signal_strength,LB_NA,umcsent_dev_ma,0,0.6028,True,pipeline
S7_dev_ma,T3_zscore_2.0,P3_long_short,LB_NA,umcsent_dev_ma,0,-0.6511,False,pipeline
S7_dev_ma,T3_zscore_neg_2.0,P1_long_cash,LB_NA,umcsent_dev_ma,0,0.6232,True,pipeline
S7_dev_ma,T3_zscore_neg_2.0,P2_signal_strength,LB_NA,umcsent_dev_ma,0,0.6028,True,pipeline
S7_dev_ma,T3_zscore_neg_2.0,P3_long_short,LB_NA,umcsent_dev_ma,0,0.4422,True,pipeline
S7_dev_ma,T4_zero,P1_long_cash,LB_NA,umcsent_dev_ma,0,0.1231,True,pipeline
S7_dev_ma,T4_zero,P2_signal_strength,LB_NA,umcsent_dev_ma,0,0.6028,True,pipeline
S7_dev_ma,T4_zero,P3_long_short,LB_NA,umcsent_dev_ma,0,-0.5413,False,pipeline
S7_dev_ma,T1_fixed_p25,P1_long_cash,LB_NA,umcsent_dev_ma,1,0.6721,True,pipeline
S7_dev_ma,T1_fixed_p25,P2_signal_strength,LB_NA,umcsent_dev_ma,1,0.7351,True,pipeline
S7_dev_ma,T1_fixed_p25,P3_long_short,LB_NA,umcsent_dev_ma,1,0.3654,True,pipeline
S7_dev_ma,T1_fixed_p50,P1_long_cash,LB_NA,umcsent_dev_ma,1,0.6348,True,pipeline
S7_dev_ma,T1_fixed_p50,P2_signal_strength,LB_NA,umcsent_dev_ma,1,0.7351,True,pipeline
S7_dev_ma,T1_fixed_p50,P3_long_short,LB_NA,umcsent_dev_ma,1,0.2291,True,pipeline
S7_dev_ma,T1_fixed_p75,P1_long_cash,LB_NA,umcsent_dev_ma,1,0.8535,True,pipeline
S7_dev_ma,T1_fixed_p75,P2_signal_strength,LB_NA,umcsent_dev_ma,1,0.7351,True,pipeline
S7_dev_ma,T1_fixed_p75,P3_long_short,LB_NA,umcsent_dev_ma,1,0.0831,True,pipeline
S7_dev_ma,T2_roll_p25,P1_long_cash,LB_NA,umcsent_dev_ma,1,0.6687,True,pipeline
S7_dev_ma,T2_roll_p25,P2_signal_strength,LB_NA,umcsent_dev_ma,1,0.7351,True,pipeline
S7_dev_ma,T2_roll_p25,P3_long_short,LB_NA,umcsent_dev_ma,1,0.371,True,pipeline
S7_dev_ma,T2_roll_p50,P1_long_cash,LB_NA,umcsent_dev_ma,1,0.605,True,pipeline
S7_dev_ma,T2_roll_p50,P2_signal_strength,LB_NA,umcsent_dev_ma,1,0.7351,True,pipeline
S7_dev_ma,T2_roll_p50,P3_long_short,LB_NA,umcsent_dev_ma,1,0.1838,True,pipeline
S7_dev_ma,T2_roll_p75,P1_long_cash,LB_NA,umcsent_dev_ma,1,0.8291,True,pipeline
S7_dev_ma,T2_roll_p75,P2_signal_strength,LB_NA,umcsent_dev_ma,1,0.7351,True,pipeline
S7_dev_ma,T2_roll_p75,P3_long_short,LB_NA,umcsent_dev_ma,1,0.0623,True,pipeline
S7_dev_ma,T3_zscore_1.0,P1_long_cash,LB_NA,umcsent_dev_ma,1,1.0132,True,pipeline
S7_dev_ma,T3_zscore_1.0,P2_signal_strength,LB_NA,umcsent_dev_ma,1,0.7351,True,pipeline
S7_dev_ma,T3_zscore_1.0,P3_long_short,LB_NA,umcsent_dev_ma,1,0.1018,True,pipeline
S7_dev_ma,T3_zscore_neg_1.0,P1_long_cash,LB_NA,umcsent_dev_ma,1,0.7598,True,pipeline
S7_dev_ma,T3_zscore_neg_1.0,P2_signal_strength,LB_NA,umcsent_dev_ma,1,0.7351,True,pipeline
S7_dev_ma,T3_zscore_neg_1.0,P3_long_short,LB_NA,umcsent_dev_ma,1,0.6897,True,pipeline
S7_dev_ma,T3_zscore_1.5,P1_long_cash,LB_NA,umcsent_dev_ma,1,0.6024,True,pipeline
S7_dev_ma,T3_zscore_1.5,P2_signal_strength,LB_NA,umcsent_dev_ma,1,0.7351,True,pipeline
S7_dev_ma,T3_zscore_1.5,P3_long_short,LB_NA,umcsent_dev_ma,1,-0.2655,False,pipeline
S7_dev_ma,T3_zscore_neg_1.5,P1_long_cash,LB_NA,umcsent_dev_ma,1,0.7023,True,pipeline
S7_dev_ma,T3_zscore_neg_1.5,P2_signal_strength,LB_NA,umcsent_dev_ma,1,0.7351,True,pipeline
S7_dev_ma,T3_zscore_neg_1.5,P3_long_short,LB_NA,umcsent_dev_ma,1,0.6093,True,pipeline
S7_dev_ma,T3_zscore_2.0,P1_long_cash,LB_NA,umcsent_dev_ma,1,0.3849,True,pipeline
S7_dev_ma,T3_zscore_2.0,P2_signal_strength,LB_NA,umcsent_dev_ma,1,0.7351,True,pipeline
S7_dev_ma,T3_zscore_2.0,P3_long_short,LB_NA,umcsent_dev_ma,1,-0.6673,False,pipeline
S7_dev_ma,T3_zscore_neg_2.0,P1_long_cash,LB_NA,umcsent_dev_ma,1,0.6855,True,pipeline
S7_dev_ma,T3_zscore_neg_2.0,P2_signal_strength,LB_NA,umcsent_dev_ma,1,0.7351,True,pipeline
S7_dev_ma,T3_zscore_neg_2.0,P3_long_short,LB_NA,umcsent_dev_ma,1,0.6069,True,pipeline
S7_dev_ma,T4_zero,P1_long_cash,LB_NA,umcsent_dev_ma,1,0.605,True,pipeline
S7_dev_ma,T4_zero,P2_signal_strength,LB_NA,umcsent_dev_ma,1,0.7351,True,pipeline
S7_dev_ma,T4_zero,P3_long_short,LB_NA,umcsent_dev_ma,1,0.1838,True,pipeline
S7_dev_ma,T1_fixed_p25,P1_long_cash,LB_NA,umcsent_dev_ma,2,0.4997,True,pipeline
S7_dev_ma,T1_fixed_p25,P2_signal_strength,LB_NA,umcsent_dev_ma,2,0.6796,True,pipeline
S7_dev_ma,T1_fixed_p25,P3_long_short,LB_NA,umcsent_dev_ma,2,0.0887,True,pipeline
S7_dev_ma,T1_fixed_p50,P1_long_cash,LB_NA,umcsent_dev_ma,2,0.4375,True,pipeline
S7_dev_ma,T1_fixed_p50,P2_signal_strength,LB_NA,umcsent_dev_ma,2,0.6796,True,pipeline
S7_dev_ma,T1_fixed_p50,P3_long_short,LB_NA,umcsent_dev_ma,2,-0.0999,False,pipeline
S7_dev_ma,T1_fixed_p75,P1_long_cash,LB_NA,umcsent_dev_ma,2,0.1948,True,pipeline
S7_dev_ma,T1_fixed_p75,P2_signal_strength,LB_NA,umcsent_dev_ma,2,0.6796,True,pipeline
S7_dev_ma,T1_fixed_p75,P3_long_short,LB_NA,umcsent_dev_ma,2,-0.543,False,pipeline
S7_dev_ma,T2_roll_p25,P1_long_cash,LB_NA,umcsent_dev_ma,2,0.6798,True,pipeline
S7_dev_ma,T2_roll_p25,P2_signal_strength,LB_NA,umcsent_dev_ma,2,0.6796,True,pipeline
S7_dev_ma,T2_roll_p25,P3_long_short,LB_NA,umcsent_dev_ma,2,0.4608,True,pipeline
S7_dev_ma,T2_roll_p50,P1_long_cash,LB_NA,umcsent_dev_ma,2,0.5285,True,pipeline
S7_dev_ma,T2_roll_p50,P2_signal_strength,LB_NA,umcsent_dev_ma,2,0.6796,True,pipeline
S7_dev_ma,T2_roll_p50,P3_long_short,LB_NA,umcsent_dev_ma,2,0.0076,True,pipeline
S7_dev_ma,T2_roll_p75,P1_long_cash,LB_NA,umcsent_dev_ma,2,0.2872,True,pipeline
S7_dev_ma,T2_roll_p75,P2_signal_strength,LB_NA,umcsent_dev_ma,2,0.6796,True,pipeline
S7_dev_ma,T2_roll_p75,P3_long_short,LB_NA,umcsent_dev_ma,2,-0.4767,False,pipeline
S7_dev_ma,T3_zscore_1.0,P1_long_cash,LB_NA,umcsent_dev_ma,2,0.6044,True,pipeline
S7_dev_ma,T3_zscore_1.0,P2_signal_strength,LB_NA,umcsent_dev_ma,2,0.6796,True,pipeline
S7_dev_ma,T3_zscore_1.0,P3_long_short,LB_NA,umcsent_dev_ma,2,-0.2833,False,pipeline
S7_dev_ma,T3_zscore_neg_1.0,P1_long_cash,LB_NA,umcsent_dev_ma,2,0.7362,True,pipeline
S7_dev_ma,T3_zscore_neg_1.0,P2_signal_strength,LB_NA,umcsent_dev_ma,2,0.6796,True,pipeline
S7_dev_ma,T3_zscore_neg_1.0,P3_long_short,LB_NA,umcsent_dev_ma,2,0.6722,True,pipeline
S7_dev_ma,T3_zscore_1.5,P1_long_cash,LB_NA,umcsent_dev_ma,2,0.4349,True,pipeline
S7_dev_ma,T3_zscore_1.5,P2_signal_strength,LB_NA,umcsent_dev_ma,2,0.6796,True,pipeline
S7_dev_ma,T3_zscore_1.5,P3_long_short,LB_NA,umcsent_dev_ma,2,-0.4422,False,pipeline
S7_dev_ma,T3_zscore_neg_1.5,P1_long_cash,LB_NA,umcsent_dev_ma,2,0.6934,True,pipeline
S7_dev_ma,T3_zscore_neg_1.5,P2_signal_strength,LB_NA,umcsent_dev_ma,2,0.6796,True,pipeline
S7_dev_ma,T3_zscore_neg_1.5,P3_long_short,LB_NA,umcsent_dev_ma,2,0.6258,True,pipeline
S7_dev_ma,T3_zscore_2.0,P1_long_cash,LB_NA,umcsent_dev_ma,2,-0.3849,False,pipeline
S7_dev_ma,T3_zscore_2.0,P2_signal_strength,LB_NA,umcsent_dev_ma,2,0.6796,True,pipeline
S7_dev_ma,T3_zscore_2.0,P3_long_short,LB_NA,umcsent_dev_ma,2,-0.8213,False,pipeline
S7_dev_ma,T3_zscore_neg_2.0,P1_long_cash,LB_NA,umcsent_dev_ma,2,0.7408,True,pipeline
S7_dev_ma,T3_zscore_neg_2.0,P2_signal_strength,LB_NA,umcsent_dev_ma,2,0.6796,True,pipeline
S7_dev_ma,T3_zscore_neg_2.0,P3_long_short,LB_NA,umcsent_dev_ma,2,0.7225,True,pipeline
S7_dev_ma,T4_zero,P1_long_cash,LB_NA,umcsent_dev_ma,2,0.5285,True,pipeline
S7_dev_ma,T4_zero,P2_signal_strength,LB_NA,umcsent_dev_ma,2,0.6796,True,pipeline
S7_dev_ma,T4_zero,P3_long_short,LB_NA,umcsent_dev_ma,2,0.0076,True,pipeline
S7_dev_ma,T1_fixed_p25,P1_long_cash,LB_NA,umcsent_dev_ma,3,0.4734,True,pipeline
S7_dev_ma,T1_fixed_p25,P2_signal_strength,LB_NA,umcsent_dev_ma,3,0.4801,True,pipeline
S7_dev_ma,T1_fixed_p25,P3_long_short,LB_NA,umcsent_dev_ma,3,0.041,True,pipeline
S7_dev_ma,T1_fixed_p50,P1_long_cash,LB_NA,umcsent_dev_ma,3,0.1758,True,pipeline
S7_dev_ma,T1_fixed_p50,P2_signal_strength,LB_NA,umcsent_dev_ma,3,0.4801,True,pipeline
S7_dev_ma,T1_fixed_p50,P3_long_short,LB_NA,umcsent_dev_ma,3,-0.4566,False,pipeline
S7_dev_ma,T1_fixed_p75,P1_long_cash,LB_NA,umcsent_dev_ma,3,0.3376,True,pipeline
S7_dev_ma,T1_fixed_p75,P2_signal_strength,LB_NA,umcsent_dev_ma,3,0.4801,True,pipeline
S7_dev_ma,T1_fixed_p75,P3_long_short,LB_NA,umcsent_dev_ma,3,-0.3066,False,pipeline
S7_dev_ma,T2_roll_p25,P1_long_cash,LB_NA,umcsent_dev_ma,3,0.5166,True,pipeline
S7_dev_ma,T2_roll_p25,P2_signal_strength,LB_NA,umcsent_dev_ma,3,0.4801,True,pipeline
S7_dev_ma,T2_roll_p25,P3_long_short,LB_NA,umcsent_dev_ma,3,0.1169,True,pipeline
S7_dev_ma,T2_roll_p50,P1_long_cash,LB_NA,umcsent_dev_ma,3,0.1071,True,pipeline
S7_dev_ma,T2_roll_p50,P2_signal_strength,LB_NA,umcsent_dev_ma,3,0.4801,True,pipeline
S7_dev_ma,T2_roll_p50,P3_long_short,LB_NA,umcsent_dev_ma,3,-0.5596,False,pipeline
S7_dev_ma,T2_roll_p75,P1_long_cash,LB_NA,umcsent_dev_ma,3,0.1765,True,pipeline
S7_dev_ma,T2_roll_p75,P2_signal_strength,LB_NA,umcsent_dev_ma,3,0.4801,True,pipeline
S7_dev_ma,T2_roll_p75,P3_long_short,LB_NA,umcsent_dev_ma,3,-0.5059,False,pipeline
S7_dev_ma,T3_zscore_1.0,P1_long_cash,LB_NA,umcsent_dev_ma,3,0.0996,True,pipeline
S7_dev_ma,T3_zscore_1.0,P2_signal_strength,LB_NA,umcsent_dev_ma,3,0.4801,True,pipeline
S7_dev_ma,T3_zscore_1.0,P3_long_short,LB_NA,umcsent_dev_ma,3,-0.6272,False,pipeline
S7_dev_ma,T3_zscore_neg_1.0,P1_long_cash,LB_NA,umcsent_dev_ma,3,0.5048,True,pipeline
S7_dev_ma,T3_zscore_neg_1.0,P2_signal_strength,LB_NA,umcsent_dev_ma,3,0.4801,True,pipeline
S7_dev_ma,T3_zscore_neg_1.0,P3_long_short,LB_NA,umcsent_dev_ma,3,0.2008,True,pipeline
S7_dev_ma,T3_zscore_1.5,P1_long_cash,LB_NA,umcsent_dev_ma,3,0.5761,True,pipeline
S7_dev_ma,T3_zscore_1.5,P2_signal_strength,LB_NA,umcsent_dev_ma,3,0.4801,True,pipeline
S7_dev_ma,T3_zscore_1.5,P3_long_short,LB_NA,umcsent_dev_ma,3,-0.4779,False,pipeline
S7_dev_ma,T3_zscore_neg_1.5,P1_long_cash,LB_NA,umcsent_dev_ma,3,0.5314,True,pipeline
S7_dev_ma,T3_zscore_neg_1.5,P2_signal_strength,LB_NA,umcsent_dev_ma,3,0.4801,True,pipeline
S7_dev_ma,T3_zscore_neg_1.5,P3_long_short,LB_NA,umcsent_dev_ma,3,0.2637,True,pipeline
S7_dev_ma,T3_zscore_2.0,P1_long_cash,LB_NA,umcsent_dev_ma,3,0.3849,True,pipeline
S7_dev_ma,T3_zscore_2.0,P2_signal_strength,LB_NA,umcsent_dev_ma,3,0.4801,True,pipeline
S7_dev_ma,T3_zscore_2.0,P3_long_short,LB_NA,umcsent_dev_ma,3,-0.6668,False,pipeline
S7_dev_ma,T3_zscore_neg_2.0,P1_long_cash,LB_NA,umcsent_dev_ma,3,0.4693,True,pipeline
S7_dev_ma,T3_zscore_neg_2.0,P2_signal_strength,LB_NA,umcsent_dev_ma,3,0.4801,True,pipeline
S7_dev_ma,T3_zscore_neg_2.0,P3_long_short,LB_NA,umcsent_dev_ma,3,0.1577,True,pipeline
S7_dev_ma,T4_zero,P1_long_cash,LB_NA,umcsent_dev_ma,3,0.1071,True,pipeline
S7_dev_ma,T4_zero,P2_signal_strength,LB_NA,umcsent_dev_ma,3,0.4801,True,pipeline
S7_dev_ma,T4_zero,P3_long_short,LB_NA,umcsent_dev_ma,3,-0.5596,False,pipeline
S7_dev_ma,T1_fixed_p25,P1_long_cash,LB_NA,umcsent_dev_ma,4,0.6812,True,pipeline
S7_dev_ma,T1_fixed_p25,P2_signal_strength,LB_NA,umcsent_dev_ma,4,0.7816,True,pipeline
S7_dev_ma,T1_fixed_p25,P3_long_short,LB_NA,umcsent_dev_ma,4,0.3585,True,pipeline
S7_dev_ma,T1_fixed_p50,P1_long_cash,LB_NA,umcsent_dev_ma,4,0.7986,True,pipeline
S7_dev_ma,T1_fixed_p50,P2_signal_strength,LB_NA,umcsent_dev_ma,4,0.7816,True,pipeline
S7_dev_ma,T1_fixed_p50,P3_long_short,LB_NA,umcsent_dev_ma,4,0.4071,True,pipeline
S7_dev_ma,T1_fixed_p75,P1_long_cash,LB_NA,umcsent_dev_ma,4,0.4106,True,pipeline
S7_dev_ma,T1_fixed_p75,P2_signal_strength,LB_NA,umcsent_dev_ma,4,0.7816,True,pipeline
S7_dev_ma,T1_fixed_p75,P3_long_short,LB_NA,umcsent_dev_ma,4,-0.3368,False,pipeline
S7_dev_ma,T2_roll_p25,P1_long_cash,LB_NA,umcsent_dev_ma,4,0.6936,True,pipeline
S7_dev_ma,T2_roll_p25,P2_signal_strength,LB_NA,umcsent_dev_ma,4,0.7816,True,pipeline
S7_dev_ma,T2_roll_p25,P3_long_short,LB_NA,umcsent_dev_ma,4,0.375,True,pipeline
S7_dev_ma,T2_roll_p50,P1_long_cash,LB_NA,umcsent_dev_ma,4,0.8495,True,pipeline
S7_dev_ma,T2_roll_p50,P2_signal_strength,LB_NA,umcsent_dev_ma,4,0.7816,True,pipeline
S7_dev_ma,T2_roll_p50,P3_long_short,LB_NA,umcsent_dev_ma,4,0.4681,True,pipeline
S7_dev_ma,T2_roll_p75,P1_long_cash,LB_NA,umcsent_dev_ma,4,0.5077,True,pipeline
S7_dev_ma,T2_roll_p75,P2_signal_strength,LB_NA,umcsent_dev_ma,4,0.7816,True,pipeline
S7_dev_ma,T2_roll_p75,P3_long_short,LB_NA,umcsent_dev_ma,4,-0.2298,False,pipeline
S7_dev_ma,T3_zscore_1.0,P1_long_cash,LB_NA,umcsent_dev_ma,4,0.5076,True,pipeline
S7_dev_ma,T3_zscore_1.0,P2_signal_strength,LB_NA,umcsent_dev_ma,4,0.7816,True,pipeline
S7_dev_ma,T3_zscore_1.0,P3_long_short,LB_NA,umcsent_dev_ma,4,-0.2811,False,pipeline
S7_dev_ma,T3_zscore_neg_1.0,P1_long_cash,LB_NA,umcsent_dev_ma,4,0.7643,True,pipeline
S7_dev_ma,T3_zscore_neg_1.0,P2_signal_strength,LB_NA,umcsent_dev_ma,4,0.7816,True,pipeline
S7_dev_ma,T3_zscore_neg_1.0,P3_long_short,LB_NA,umcsent_dev_ma,4,0.6949,True,pipeline
S7_dev_ma,T3_zscore_1.5,P1_long_cash,LB_NA,umcsent_dev_ma,4,0.1704,True,pipeline
S7_dev_ma,T3_zscore_1.5,P2_signal_strength,LB_NA,umcsent_dev_ma,4,0.7816,True,pipeline
S7_dev_ma,T3_zscore_1.5,P3_long_short,LB_NA,umcsent_dev_ma,4,-0.6055,False,pipeline
S7_dev_ma,T3_zscore_neg_1.5,P1_long_cash,LB_NA,umcsent_dev_ma,4,0.7188,True,pipeline
S7_dev_ma,T3_zscore_neg_1.5,P2_signal_strength,LB_NA,umcsent_dev_ma,4,0.7816,True,pipeline
S7_dev_ma,T3_zscore_neg_1.5,P3_long_short,LB_NA,umcsent_dev_ma,4,0.6351,True,pipeline
S7_dev_ma,T3_zscore_2.0,P1_long_cash,LB_NA,umcsent_dev_ma,4,0.3849,True,pipeline
S7_dev_ma,T3_zscore_2.0,P2_signal_strength,LB_NA,umcsent_dev_ma,4,0.7816,True,pipeline
S7_dev_ma,T3_zscore_2.0,P3_long_short,LB_NA,umcsent_dev_ma,4,-0.6787,False,pipeline
S7_dev_ma,T3_zscore_neg_2.0,P1_long_cash,LB_NA,umcsent_dev_ma,4,0.7266,True,pipeline
S7_dev_ma,T3_zscore_neg_2.0,P2_signal_strength,LB_NA,umcsent_dev_ma,4,0.7816,True,pipeline
S7_dev_ma,T3_zscore_neg_2.0,P3_long_short,LB_NA,umcsent_dev_ma,4,0.671,True,pipeline
S7_dev_ma,T4_zero,P1_long_cash,LB_NA,umcsent_dev_ma,4,0.8495,True,pipeline
S7_dev_ma,T4_zero,P2_signal_strength,LB_NA,umcsent_dev_ma,4,0.7816,True,pipeline
S7_dev_ma,T4_zero,P3_long_short,LB_NA,umcsent_dev_ma,4,0.4681,True,pipeline
S7_dev_ma,T1_fixed_p25,P1_long_cash,LB_NA,umcsent_dev_ma,5,0.9456,True,pipeline
S7_dev_ma,T1_fixed_p25,P2_signal_strength,LB_NA,umcsent_dev_ma,5,0.9247,True,pipeline
S7_dev_ma,T1_fixed_p25,P3_long_short,LB_NA,umcsent_dev_ma,5,0.857,True,pipeline
S7_dev_ma,T1_fixed_p50,P1_long_cash,LB_NA,umcsent_dev_ma,5,1.118,True,pipeline
S7_dev_ma,T1_fixed_p50,P2_signal_strength,LB_NA,umcsent_dev_ma,5,0.9247,True,pipeline
S7_dev_ma,T1_fixed_p50,P3_long_short,LB_NA,umcsent_dev_ma,5,0.8941,True,pipeline
S7_dev_ma,T1_fixed_p75,P1_long_cash,LB_NA,umcsent_dev_ma,5,0.6866,True,pipeline
S7_dev_ma,T1_fixed_p75,P2_signal_strength,LB_NA,umcsent_dev_ma,5,0.9247,True,pipeline
S7_dev_ma,T1_fixed_p75,P3_long_short,LB_NA,umcsent_dev_ma,5,-0.0096,False,pipeline
S7_dev_ma,T2_roll_p25,P1_long_cash,LB_NA,umcsent_dev_ma,5,0.9513,True,pipeline
S7_dev_ma,T2_roll_p25,P2_signal_strength,LB_NA,umcsent_dev_ma,5,0.9247,True,pipeline
S7_dev_ma,T2_roll_p25,P3_long_short,LB_NA,umcsent_dev_ma,5,0.8653,True,pipeline
S7_dev_ma,T2_roll_p50,P1_long_cash,LB_NA,umcsent_dev_ma,5,1.0378,True,pipeline
S7_dev_ma,T2_roll_p50,P2_signal_strength,LB_NA,umcsent_dev_ma,5,0.9247,True,pipeline
S7_dev_ma,T2_roll_p50,P3_long_short,LB_NA,umcsent_dev_ma,5,0.7041,True,pipeline
S7_dev_ma,T2_roll_p75,P1_long_cash,LB_NA,umcsent_dev_ma,5,0.7562,True,pipeline
S7_dev_ma,T2_roll_p75,P2_signal_strength,LB_NA,umcsent_dev_ma,5,0.9247,True,pipeline
S7_dev_ma,T2_roll_p75,P3_long_short,LB_NA,umcsent_dev_ma,5,0.0747,True,pipeline
S7_dev_ma,T3_zscore_1.0,P1_long_cash,LB_NA,umcsent_dev_ma,5,0.5985,True,pipeline
S7_dev_ma,T3_zscore_1.0,P2_signal_strength,LB_NA,umcsent_dev_ma,5,0.9247,True,pipeline
S7_dev_ma,T3_zscore_1.0,P3_long_short,LB_NA,umcsent_dev_ma,5,-0.1786,False,pipeline
S7_dev_ma,T3_zscore_neg_1.0,P1_long_cash,LB_NA,umcsent_dev_ma,5,0.8137,True,pipeline
S7_dev_ma,T3_zscore_neg_1.0,P2_signal_strength,LB_NA,umcsent_dev_ma,5,0.9247,True,pipeline
S7_dev_ma,T3_zscore_neg_1.0,P3_long_short,LB_NA,umcsent_dev_ma,5,0.7908,True,pipeline
S7_dev_ma,T3_zscore_1.5,P1_long_cash,LB_NA,umcsent_dev_ma,5,0.3937,True,pipeline
S7_dev_ma,T3_zscore_1.5,P2_signal_strength,LB_NA,umcsent_dev_ma,5,0.9247,True,pipeline
S7_dev_ma,T3_zscore_1.5,P3_long_short,LB_NA,umcsent_dev_ma,5,-0.529,False,pipeline
S7_dev_ma,T3_zscore_neg_1.5,P1_long_cash,LB_NA,umcsent_dev_ma,5,0.8303,True,pipeline
S7_dev_ma,T3_zscore_neg_1.5,P2_signal_strength,LB_NA,umcsent_dev_ma,5,0.9247,True,pipeline
S7_dev_ma,T3_zscore_neg_1.5,P3_long_short,LB_NA,umcsent_dev_ma,5,0.8674,True,pipeline
S7_dev_ma,T3_zscore_2.0,P1_long_cash,LB_NA,umcsent_dev_ma,5,0.3849,True,pipeline
S7_dev_ma,T3_zscore_2.0,P2_signal_strength,LB_NA,umcsent_dev_ma,5,0.9247,True,pipeline
S7_dev_ma,T3_zscore_2.0,P3_long_short,LB_NA,umcsent_dev_ma,5,-0.6614,False,pipeline
S7_dev_ma,T3_zscore_neg_2.0,P1_long_cash,LB_NA,umcsent_dev_ma,5,0.9161,True,pipeline
S7_dev_ma,T3_zscore_neg_2.0,P2_signal_strength,LB_NA,umcsent_dev_ma,5,0.9247,True,pipeline
S7_dev_ma,T3_zscore_neg_2.0,P3_long_short,LB_NA,umcsent_dev_ma,5,1.0789,True,pipeline
S7_dev_ma,T4_zero,P1_long_cash,LB_NA,umcsent_dev_ma,5,1.0378,True,pipeline
S7_dev_ma,T4_zero,P2_signal_strength,LB_NA,umcsent_dev_ma,5,0.9247,True,pipeline
S7_dev_ma,T4_zero,P3_long_short,LB_NA,umcsent_dev_ma,5,0.7041,True,pipeline
S7_dev_ma,T1_fixed_p25,P1_long_cash,LB_NA,umcsent_dev_ma,6,0.6258,True,pipeline
S7_dev_ma,T1_fixed_p25,P2_signal_strength,LB_NA,umcsent_dev_ma,6,0.7623,True,pipeline
S7_dev_ma,T1_fixed_p25,P3_long_short,LB_NA,umcsent_dev_ma,6,0.2385,True,pipeline
S7_dev_ma,T1_fixed_p50,P1_long_cash,LB_NA,umcsent_dev_ma,6,0.5085,True,pipeline
S7_dev_ma,T1_fixed_p50,P2_signal_strength,LB_NA,umcsent_dev_ma,6,0.7623,True,pipeline
S7_dev_ma,T1_fixed_p50,P3_long_short,LB_NA,umcsent_dev_ma,6,-0.1335,False,pipeline
S7_dev_ma,T1_fixed_p75,P1_long_cash,LB_NA,umcsent_dev_ma,6,1.0148,True,pipeline
S7_dev_ma,T1_fixed_p75,P2_signal_strength,LB_NA,umcsent_dev_ma,6,0.7623,True,pipeline
S7_dev_ma,T1_fixed_p75,P3_long_short,LB_NA,umcsent_dev_ma,6,0.033,True,pipeline
S7_dev_ma,T2_roll_p25,P1_long_cash,LB_NA,umcsent_dev_ma,6,0.4828,True,pipeline
S7_dev_ma,T2_roll_p25,P2_signal_strength,LB_NA,umcsent_dev_ma,6,0.7623,True,pipeline
S7_dev_ma,T2_roll_p25,P3_long_short,LB_NA,umcsent_dev_ma,6,0.0192,True,pipeline
S7_dev_ma,T2_roll_p50,P1_long_cash,LB_NA,umcsent_dev_ma,6,0.6654,True,pipeline
S7_dev_ma,T2_roll_p50,P2_signal_strength,LB_NA,umcsent_dev_ma,6,0.7623,True,pipeline
S7_dev_ma,T2_roll_p50,P3_long_short,LB_NA,umcsent_dev_ma,6,0.0001,True,pipeline
S7_dev_ma,T2_roll_p75,P1_long_cash,LB_NA,umcsent_dev_ma,6,1.0784,True,pipeline
S7_dev_ma,T2_roll_p75,P2_signal_strength,LB_NA,umcsent_dev_ma,6,0.7623,True,pipeline
S7_dev_ma,T2_roll_p75,P3_long_short,LB_NA,umcsent_dev_ma,6,0.0902,True,pipeline
S7_dev_ma,T3_zscore_1.0,P1_long_cash,LB_NA,umcsent_dev_ma,6,1.007,True,pipeline
S7_dev_ma,T3_zscore_1.0,P2_signal_strength,LB_NA,umcsent_dev_ma,6,0.7623,True,pipeline
S7_dev_ma,T3_zscore_1.0,P3_long_short,LB_NA,umcsent_dev_ma,6,-0.116,False,pipeline
S7_dev_ma,T3_zscore_neg_1.0,P1_long_cash,LB_NA,umcsent_dev_ma,6,0.6444,True,pipeline
S7_dev_ma,T3_zscore_neg_1.0,P2_signal_strength,LB_NA,umcsent_dev_ma,6,0.7623,True,pipeline
S7_dev_ma,T3_zscore_neg_1.0,P3_long_short,LB_NA,umcsent_dev_ma,6,0.4435,True,pipeline
S7_dev_ma,T3_zscore_1.5,P1_long_cash,LB_NA,umcsent_dev_ma,6,0.6689,True,pipeline
S7_dev_ma,T3_zscore_1.5,P2_signal_strength,LB_NA,umcsent_dev_ma,6,0.7623,True,pipeline
S7_dev_ma,T3_zscore_1.5,P3_long_short,LB_NA,umcsent_dev_ma,6,-0.384,False,pipeline
S7_dev_ma,T3_zscore_neg_1.5,P1_long_cash,LB_NA,umcsent_dev_ma,6,0.6352,True,pipeline
S7_dev_ma,T3_zscore_neg_1.5,P2_signal_strength,LB_NA,umcsent_dev_ma,6,0.7623,True,pipeline
S7_dev_ma,T3_zscore_neg_1.5,P3_long_short,LB_NA,umcsent_dev_ma,6,0.4881,True,pipeline
S7_dev_ma,T3_zscore_2.0,P1_long_cash,LB_NA,umcsent_dev_ma,6,0.3849,True,pipeline
S7_dev_ma,T3_zscore_2.0,P2_signal_strength,LB_NA,umcsent_dev_ma,6,0.7623,True,pipeline
S7_dev_ma,T3_zscore_2.0,P3_long_short,LB_NA,umcsent_dev_ma,6,-0.6123,False,pipeline
S7_dev_ma,T3_zscore_neg_2.0,P1_long_cash,LB_NA,umcsent_dev_ma,6,0.7088,True,pipeline
S7_dev_ma,T3_zscore_neg_2.0,P2_signal_strength,LB_NA,umcsent_dev_ma,6,0.7623,True,pipeline
S7_dev_ma,T3_zscore_neg_2.0,P3_long_short,LB_NA,umcsent_dev_ma,6,0.639,True,pipeline
S7_dev_ma,T4_zero,P1_long_cash,LB_NA,umcsent_dev_ma,6,0.6654,True,pipeline
S7_dev_ma,T4_zero,P2_signal_strength,LB_NA,umcsent_dev_ma,6,0.7623,True,pipeline
S7_dev_ma,T4_zero,P3_long_short,LB_NA,umcsent_dev_ma,6,0.0001,True,pipeline
S7_dev_ma,T1_fixed_p25,P1_long_cash,LB_NA,umcsent_dev_ma,7,-0.0751,False,pipeline
S7_dev_ma,T1_fixed_p25,P2_signal_strength,LB_NA,umcsent_dev_ma,7,0.4801,True,pipeline
S7_dev_ma,T1_fixed_p25,P3_long_short,LB_NA,umcsent_dev_ma,7,-0.8327,False,pipeline
S7_dev_ma,T1_fixed_p50,P1_long_cash,LB_NA,umcsent_dev_ma,7,-0.0993,False,pipeline
S7_dev_ma,T1_fixed_p50,P2_signal_strength,LB_NA,umcsent_dev_ma,7,0.4801,True,pipeline
S7_dev_ma,T1_fixed_p50,P3_long_short,LB_NA,umcsent_dev_ma,7,-0.848,False,pipeline
S7_dev_ma,T1_fixed_p75,P1_long_cash,LB_NA,umcsent_dev_ma,7,0.0458,True,pipeline
S7_dev_ma,T1_fixed_p75,P2_signal_strength,LB_NA,umcsent_dev_ma,7,0.4801,True,pipeline
S7_dev_ma,T1_fixed_p75,P3_long_short,LB_NA,umcsent_dev_ma,7,-0.6763,False,pipeline
S7_dev_ma,T2_roll_p25,P1_long_cash,LB_NA,umcsent_dev_ma,7,-0.0787,False,pipeline
S7_dev_ma,T2_roll_p25,P2_signal_strength,LB_NA,umcsent_dev_ma,7,0.4801,True,pipeline
S7_dev_ma,T2_roll_p25,P3_long_short,LB_NA,umcsent_dev_ma,7,-0.8371,False,pipeline
S7_dev_ma,T2_roll_p50,P1_long_cash,LB_NA,umcsent_dev_ma,7,-0.084,False,pipeline
S7_dev_ma,T2_roll_p50,P2_signal_strength,LB_NA,umcsent_dev_ma,7,0.4801,True,pipeline
S7_dev_ma,T2_roll_p50,P3_long_short,LB_NA,umcsent_dev_ma,7,-0.8274,False,pipeline
S7_dev_ma,T2_roll_p75,P1_long_cash,LB_NA,umcsent_dev_ma,7,0.2635,True,pipeline
S7_dev_ma,T2_roll_p75,P2_signal_strength,LB_NA,umcsent_dev_ma,7,0.4801,True,pipeline
S7_dev_ma,T2_roll_p75,P3_long_short,LB_NA,umcsent_dev_ma,7,-0.4986,False,pipeline
S7_dev_ma,T3_zscore_1.0,P1_long_cash,LB_NA,umcsent_dev_ma,7,0.4666,True,pipeline
S7_dev_ma,T3_zscore_1.0,P2_signal_strength,LB_NA,umcsent_dev_ma,7,0.4801,True,pipeline
S7_dev_ma,T3_zscore_1.0,P3_long_short,LB_NA,umcsent_dev_ma,7,-0.3814,False,pipeline
S7_dev_ma,T3_zscore_neg_1.0,P1_long_cash,LB_NA,umcsent_dev_ma,7,0.3301,True,pipeline
S7_dev_ma,T3_zscore_neg_1.0,P2_signal_strength,LB_NA,umcsent_dev_ma,7,0.4801,True,pipeline
S7_dev_ma,T3_zscore_neg_1.0,P3_long_short,LB_NA,umcsent_dev_ma,7,-0.1669,False,pipeline
S7_dev_ma,T3_zscore_1.5,P1_long_cash,LB_NA,umcsent_dev_ma,7,0.6805,True,pipeline
S7_dev_ma,T3_zscore_1.5,P2_signal_strength,LB_NA,umcsent_dev_ma,7,0.4801,True,pipeline
S7_dev_ma,T3_zscore_1.5,P3_long_short,LB_NA,umcsent_dev_ma,7,-0.318,False,pipeline
S7_dev_ma,T3_zscore_neg_1.5,P1_long_cash,LB_NA,umcsent_dev_ma,7,0.5269,True,pipeline
S7_dev_ma,T3_zscore_neg_1.5,P2_signal_strength,LB_NA,umcsent_dev_ma,7,0.4801,True,pipeline
S7_dev_ma,T3_zscore_neg_1.5,P3_long_short,LB_NA,umcsent_dev_ma,7,0.2074,True,pipeline
S7_dev_ma,T3_zscore_2.0,P1_long_cash,LB_NA,umcsent_dev_ma,7,-0.3849,False,pipeline
S7_dev_ma,T3_zscore_2.0,P2_signal_strength,LB_NA,umcsent_dev_ma,7,0.4801,True,pipeline
S7_dev_ma,T3_zscore_2.0,P3_long_short,LB_NA,umcsent_dev_ma,7,-0.7509,False,pipeline
S7_dev_ma,T3_zscore_neg_2.0,P1_long_cash,LB_NA,umcsent_dev_ma,7,0.6276,True,pipeline
S7_dev_ma,T3_zscore_neg_2.0,P2_signal_strength,LB_NA,umcsent_dev_ma,7,0.4801,True,pipeline
S7_dev_ma,T3_zscore_neg_2.0,P3_long_short,LB_NA,umcsent_dev_ma,7,0.4183,True,pipeline
S7_dev_ma,T4_zero,P1_long_cash,LB_NA,umcsent_dev_ma,7,-0.084,False,pipeline
S7_dev_ma,T4_zero,P2_signal_strength,LB_NA,umcsent_dev_ma,7,0.4801,True,pipeline
S7_dev_ma,T4_zero,P3_long_short,LB_NA,umcsent_dev_ma,7,-0.8274,False,pipeline
S7_dev_ma,T1_fixed_p25,P1_long_cash,LB_NA,umcsent_dev_ma,8,0.5273,True,pipeline
S7_dev_ma,T1_fixed_p25,P2_signal_strength,LB_NA,umcsent_dev_ma,8,0.5161,True,pipeline
S7_dev_ma,T1_fixed_p25,P3_long_short,LB_NA,umcsent_dev_ma,8,0.2138,True,pipeline
S7_dev_ma,T1_fixed_p50,P1_long_cash,LB_NA,umcsent_dev_ma,8,0.2087,True,pipeline
S7_dev_ma,T1_fixed_p50,P2_signal_strength,LB_NA,umcsent_dev_ma,8,0.5161,True,pipeline
S7_dev_ma,T1_fixed_p50,P3_long_short,LB_NA,umcsent_dev_ma,8,-0.4091,False,pipeline
S7_dev_ma,T1_fixed_p75,P1_long_cash,LB_NA,umcsent_dev_ma,8,0.3055,True,pipeline
S7_dev_ma,T1_fixed_p75,P2_signal_strength,LB_NA,umcsent_dev_ma,8,0.5161,True,pipeline
S7_dev_ma,T1_fixed_p75,P3_long_short,LB_NA,umcsent_dev_ma,8,-0.3967,False,pipeline
S7_dev_ma,T2_roll_p25,P1_long_cash,LB_NA,umcsent_dev_ma,8,0.5264,True,pipeline
S7_dev_ma,T2_roll_p25,P2_signal_strength,LB_NA,umcsent_dev_ma,8,0.5161,True,pipeline
S7_dev_ma,T2_roll_p25,P3_long_short,LB_NA,umcsent_dev_ma,8,0.21,True,pipeline
S7_dev_ma,T2_roll_p50,P1_long_cash,LB_NA,umcsent_dev_ma,8,0.1324,True,pipeline
S7_dev_ma,T2_roll_p50,P2_signal_strength,LB_NA,umcsent_dev_ma,8,0.5161,True,pipeline
S7_dev_ma,T2_roll_p50,P3_long_short,LB_NA,umcsent_dev_ma,8,-0.5239,False,pipeline
S7_dev_ma,T2_roll_p75,P1_long_cash,LB_NA,umcsent_dev_ma,8,0.3495,True,pipeline
S7_dev_ma,T2_roll_p75,P2_signal_strength,LB_NA,umcsent_dev_ma,8,0.5161,True,pipeline
S7_dev_ma,T2_roll_p75,P3_long_short,LB_NA,umcsent_dev_ma,8,-0.3496,False,pipeline
S7_dev_ma,T3_zscore_1.0,P1_long_cash,LB_NA,umcsent_dev_ma,8,0.0782,True,pipeline
S7_dev_ma,T3_zscore_1.0,P2_signal_strength,LB_NA,umcsent_dev_ma,8,0.5161,True,pipeline
S7_dev_ma,T3_zscore_1.0,P3_long_short,LB_NA,umcsent_dev_ma,8,-0.6441,False,pipeline
S7_dev_ma,T3_zscore_neg_1.0,P1_long_cash,LB_NA,umcsent_dev_ma,8,0.4407,True,pipeline
S7_dev_ma,T3_zscore_neg_1.0,P2_signal_strength,LB_NA,umcsent_dev_ma,8,0.5161,True,pipeline
S7_dev_ma,T3_zscore_neg_1.0,P3_long_short,LB_NA,umcsent_dev_ma,8,0.1215,True,pipeline
S7_dev_ma,T3_zscore_1.5,P1_long_cash,LB_NA,umcsent_dev_ma,8,-0.5103,False,pipeline
S7_dev_ma,T3_zscore_1.5,P2_signal_strength,LB_NA,umcsent_dev_ma,8,0.5161,True,pipeline
S7_dev_ma,T3_zscore_1.5,P3_long_short,LB_NA,umcsent_dev_ma,8,-1.0376,False,pipeline
S7_dev_ma,T3_zscore_neg_1.5,P1_long_cash,LB_NA,umcsent_dev_ma,8,0.582,True,pipeline
S7_dev_ma,T3_zscore_neg_1.5,P2_signal_strength,LB_NA,umcsent_dev_ma,8,0.5161,True,pipeline
S7_dev_ma,T3_zscore_neg_1.5,P3_long_short,LB_NA,umcsent_dev_ma,8,0.4248,True,pipeline
S7_dev_ma,T3_zscore_2.0,P1_long_cash,LB_NA,umcsent_dev_ma,8,-0.3849,False,pipeline
S7_dev_ma,T3_zscore_2.0,P2_signal_strength,LB_NA,umcsent_dev_ma,8,0.5161,True,pipeline
S7_dev_ma,T3_zscore_2.0,P3_long_short,LB_NA,umcsent_dev_ma,8,-0.8136,False,pipeline
S7_dev_ma,T3_zscore_neg_2.0,P1_long_cash,LB_NA,umcsent_dev_ma,8,0.5506,True,pipeline
S7_dev_ma,T3_zscore_neg_2.0,P2_signal_strength,LB_NA,umcsent_dev_ma,8,0.5161,True,pipeline
S7_dev_ma,T3_zscore_neg_2.0,P3_long_short,LB_NA,umcsent_dev_ma,8,0.3665,True,pipeline
S7_dev_ma,T4_zero,P1_long_cash,LB_NA,umcsent_dev_ma,8,0.1324,True,pipeline
S7_dev_ma,T4_zero,P2_signal_strength,LB_NA,umcsent_dev_ma,8,0.5161,True,pipeline
S7_dev_ma,T4_zero,P3_long_short,LB_NA,umcsent_dev_ma,8,-0.5239,False,pipeline
S7_dev_ma,T1_fixed_p25,P1_long_cash,LB_NA,umcsent_dev_ma,9,0.5867,True,pipeline
S7_dev_ma,T1_fixed_p25,P2_signal_strength,LB_NA,umcsent_dev_ma,9,0.6272,True,pipeline
S7_dev_ma,T1_fixed_p25,P3_long_short,LB_NA,umcsent_dev_ma,9,0.3359,True,pipeline
S7_dev_ma,T1_fixed_p50,P1_long_cash,LB_NA,umcsent_dev_ma,9,0.1955,True,pipeline
S7_dev_ma,T1_fixed_p50,P2_signal_strength,LB_NA,umcsent_dev_ma,9,0.6272,True,pipeline
S7_dev_ma,T1_fixed_p50,P3_long_short,LB_NA,umcsent_dev_ma,9,-0.4278,False,pipeline
S7_dev_ma,T1_fixed_p75,P1_long_cash,LB_NA,umcsent_dev_ma,9,0.1634,True,pipeline
S7_dev_ma,T1_fixed_p75,P2_signal_strength,LB_NA,umcsent_dev_ma,9,0.6272,True,pipeline
S7_dev_ma,T1_fixed_p75,P3_long_short,LB_NA,umcsent_dev_ma,9,-0.581,False,pipeline
S7_dev_ma,T2_roll_p25,P1_long_cash,LB_NA,umcsent_dev_ma,9,0.5675,True,pipeline
S7_dev_ma,T2_roll_p25,P2_signal_strength,LB_NA,umcsent_dev_ma,9,0.6272,True,pipeline
S7_dev_ma,T2_roll_p25,P3_long_short,LB_NA,umcsent_dev_ma,9,0.3011,True,pipeline
S7_dev_ma,T2_roll_p50,P1_long_cash,LB_NA,umcsent_dev_ma,9,0.2673,True,pipeline
S7_dev_ma,T2_roll_p50,P2_signal_strength,LB_NA,umcsent_dev_ma,9,0.6272,True,pipeline
S7_dev_ma,T2_roll_p50,P3_long_short,LB_NA,umcsent_dev_ma,9,-0.3308,False,pipeline
S7_dev_ma,T2_roll_p75,P1_long_cash,LB_NA,umcsent_dev_ma,9,0.0374,True,pipeline
S7_dev_ma,T2_roll_p75,P2_signal_strength,LB_NA,umcsent_dev_ma,9,0.6272,True,pipeline
S7_dev_ma,T2_roll_p75,P3_long_short,LB_NA,umcsent_dev_ma,9,-0.6835,False,pipeline
S7_dev_ma,T3_zscore_1.0,P1_long_cash,LB_NA,umcsent_dev_ma,9,0.3157,True,pipeline
S7_dev_ma,T3_zscore_1.0,P2_signal_strength,LB_NA,umcsent_dev_ma,9,0.6272,True,pipeline
S7_dev_ma,T3_zscore_1.0,P3_long_short,LB_NA,umcsent_dev_ma,9,-0.4904,False,pipeline
S7_dev_ma,T3_zscore_neg_1.0,P1_long_cash,LB_NA,umcsent_dev_ma,9,0.7131,True,pipeline
S7_dev_ma,T3_zscore_neg_1.0,P2_signal_strength,LB_NA,umcsent_dev_ma,9,0.6272,True,pipeline
S7_dev_ma,T3_zscore_neg_1.0,P3_long_short,LB_NA,umcsent_dev_ma,9,0.6723,True,pipeline
S7_dev_ma,T3_zscore_1.5,P1_long_cash,LB_NA,umcsent_dev_ma,9,0.4269,True,pipeline
S7_dev_ma,T3_zscore_1.5,P2_signal_strength,LB_NA,umcsent_dev_ma,9,0.6272,True,pipeline
S7_dev_ma,T3_zscore_1.5,P3_long_short,LB_NA,umcsent_dev_ma,9,-0.5462,False,pipeline
S7_dev_ma,T3_zscore_neg_1.5,P1_long_cash,LB_NA,umcsent_dev_ma,9,0.666,True,pipeline
S7_dev_ma,T3_zscore_neg_1.5,P2_signal_strength,LB_NA,umcsent_dev_ma,9,0.6272,True,pipeline
S7_dev_ma,T3_zscore_neg_1.5,P3_long_short,LB_NA,umcsent_dev_ma,9,0.5846,True,pipeline
S7_dev_ma,T3_zscore_2.0,P1_long_cash,LB_NA,umcsent_dev_ma,9,0.3849,True,pipeline
S7_dev_ma,T3_zscore_2.0,P2_signal_strength,LB_NA,umcsent_dev_ma,9,0.6272,True,pipeline
S7_dev_ma,T3_zscore_2.0,P3_long_short,LB_NA,umcsent_dev_ma,9,-0.7088,False,pipeline
S7_dev_ma,T3_zscore_neg_2.0,P1_long_cash,LB_NA,umcsent_dev_ma,9,0.7046,True,pipeline
S7_dev_ma,T3_zscore_neg_2.0,P2_signal_strength,LB_NA,umcsent_dev_ma,9,0.6272,True,pipeline
S7_dev_ma,T3_zscore_neg_2.0,P3_long_short,LB_NA,umcsent_dev_ma,9,0.6669,True,pipeline
S7_dev_ma,T4_zero,P1_long_cash,LB_NA,umcsent_dev_ma,9,0.2673,True,pipeline
S7_dev_ma,T4_zero,P2_signal_strength,LB_NA,umcsent_dev_ma,9,0.6272,True,pipeline
S7_dev_ma,T4_zero,P3_long_short,LB_NA,umcsent_dev_ma,9,-0.3308,False,pipeline
S7_dev_ma,T1_fixed_p25,P1_long_cash,LB_NA,umcsent_dev_ma,10,1.033,True,pipeline
S7_dev_ma,T1_fixed_p25,P2_signal_strength,LB_NA,umcsent_dev_ma,10,0.659,True,pipeline
S7_dev_ma,T1_fixed_p25,P3_long_short,LB_NA,umcsent_dev_ma,10,0.982,True,pipeline
S7_dev_ma,T1_fixed_p50,P1_long_cash,LB_NA,umcsent_dev_ma,10,0.8809,True,pipeline
S7_dev_ma,T1_fixed_p50,P2_signal_strength,LB_NA,umcsent_dev_ma,10,0.659,True,pipeline
S7_dev_ma,T1_fixed_p50,P3_long_short,LB_NA,umcsent_dev_ma,10,0.5742,True,pipeline
S7_dev_ma,T1_fixed_p75,P1_long_cash,LB_NA,umcsent_dev_ma,10,0.1847,True,pipeline
S7_dev_ma,T1_fixed_p75,P2_signal_strength,LB_NA,umcsent_dev_ma,10,0.659,True,pipeline
S7_dev_ma,T1_fixed_p75,P3_long_short,LB_NA,umcsent_dev_ma,10,-0.5568,False,pipeline
S7_dev_ma,T2_roll_p25,P1_long_cash,LB_NA,umcsent_dev_ma,10,0.9904,True,pipeline
S7_dev_ma,T2_roll_p25,P2_signal_strength,LB_NA,umcsent_dev_ma,10,0.659,True,pipeline
S7_dev_ma,T2_roll_p25,P3_long_short,LB_NA,umcsent_dev_ma,10,0.88,True,pipeline
S7_dev_ma,T2_roll_p50,P1_long_cash,LB_NA,umcsent_dev_ma,10,0.8607,True,pipeline
S7_dev_ma,T2_roll_p50,P2_signal_strength,LB_NA,umcsent_dev_ma,10,0.659,True,pipeline
S7_dev_ma,T2_roll_p50,P3_long_short,LB_NA,umcsent_dev_ma,10,0.5441,True,pipeline
S7_dev_ma,T2_roll_p75,P1_long_cash,LB_NA,umcsent_dev_ma,10,0.2392,True,pipeline
S7_dev_ma,T2_roll_p75,P2_signal_strength,LB_NA,umcsent_dev_ma,10,0.659,True,pipeline
S7_dev_ma,T2_roll_p75,P3_long_short,LB_NA,umcsent_dev_ma,10,-0.5083,False,pipeline
S7_dev_ma,T3_zscore_1.0,P1_long_cash,LB_NA,umcsent_dev_ma,10,-0.1128,False,pipeline
S7_dev_ma,T3_zscore_1.0,P2_signal_strength,LB_NA,umcsent_dev_ma,10,0.659,True,pipeline
S7_dev_ma,T3_zscore_1.0,P3_long_short,LB_NA,umcsent_dev_ma,10,-0.7999,False,pipeline
S7_dev_ma,T3_zscore_neg_1.0,P1_long_cash,LB_NA,umcsent_dev_ma,10,0.6607,True,pipeline
S7_dev_ma,T3_zscore_neg_1.0,P2_signal_strength,LB_NA,umcsent_dev_ma,10,0.659,True,pipeline
S7_dev_ma,T3_zscore_neg_1.0,P3_long_short,LB_NA,umcsent_dev_ma,10,0.5498,True,pipeline
S7_dev_ma,T3_zscore_1.5,P1_long_cash,LB_NA,umcsent_dev_ma,10,-0.0647,False,pipeline
S7_dev_ma,T3_zscore_1.5,P2_signal_strength,LB_NA,umcsent_dev_ma,10,0.659,True,pipeline
S7_dev_ma,T3_zscore_1.5,P3_long_short,LB_NA,umcsent_dev_ma,10,-0.7558,False,pipeline
S7_dev_ma,T3_zscore_neg_1.5,P1_long_cash,LB_NA,umcsent_dev_ma,10,0.5968,True,pipeline
S7_dev_ma,T3_zscore_neg_1.5,P2_signal_strength,LB_NA,umcsent_dev_ma,10,0.659,True,pipeline
S7_dev_ma,T3_zscore_neg_1.5,P3_long_short,LB_NA,umcsent_dev_ma,10,0.4369,True,pipeline
S7_dev_ma,T3_zscore_2.0,P1_long_cash,LB_NA,umcsent_dev_ma,10,-0.3849,False,pipeline
S7_dev_ma,T3_zscore_2.0,P2_signal_strength,LB_NA,umcsent_dev_ma,10,0.659,True,pipeline
S7_dev_ma,T3_zscore_2.0,P3_long_short,LB_NA,umcsent_dev_ma,10,-0.8477,False,pipeline
S7_dev_ma,T3_zscore_neg_2.0,P1_long_cash,LB_NA,umcsent_dev_ma,10,0.6349,True,pipeline
S7_dev_ma,T3_zscore_neg_2.0,P2_signal_strength,LB_NA,umcsent_dev_ma,10,0.659,True,pipeline
S7_dev_ma,T3_zscore_neg_2.0,P3_long_short,LB_NA,umcsent_dev_ma,10,0.5156,True,pipeline
S7_dev_ma,T4_zero,P1_long_cash,LB_NA,umcsent_dev_ma,10,0.8607,True,pipeline
S7_dev_ma,T4_zero,P2_signal_strength,LB_NA,umcsent_dev_ma,10,0.659,True,pipeline
S7_dev_ma,T4_zero,P3_long_short,LB_NA,umcsent_dev_ma,10,0.5441,True,pipeline
S7_dev_ma,T1_fixed_p25,P1_long_cash,LB_NA,umcsent_dev_ma,11,0.7741,True,pipeline
S7_dev_ma,T1_fixed_p25,P2_signal_strength,LB_NA,umcsent_dev_ma,11,0.6695,True,pipeline
S7_dev_ma,T1_fixed_p25,P3_long_short,LB_NA,umcsent_dev_ma,11,0.6863,True,pipeline
S7_dev_ma,T1_fixed_p50,P1_long_cash,LB_NA,umcsent_dev_ma,11,0.9643,True,pipeline
S7_dev_ma,T1_fixed_p50,P2_signal_strength,LB_NA,umcsent_dev_ma,11,0.6695,True,pipeline
S7_dev_ma,T1_fixed_p50,P3_long_short,LB_NA,umcsent_dev_ma,11,0.8051,True,pipeline
S7_dev_ma,T1_fixed_p75,P1_long_cash,LB_NA,umcsent_dev_ma,11,0.1725,True,pipeline
S7_dev_ma,T1_fixed_p75,P2_signal_strength,LB_NA,umcsent_dev_ma,11,0.6695,True,pipeline
S7_dev_ma,T1_fixed_p75,P3_long_short,LB_NA,umcsent_dev_ma,11,-0.559,False,pipeline
S7_dev_ma,T2_roll_p25,P1_long_cash,LB_NA,umcsent_dev_ma,11,0.7016,True,pipeline
S7_dev_ma,T2_roll_p25,P2_signal_strength,LB_NA,umcsent_dev_ma,11,0.6695,True,pipeline
S7_dev_ma,T2_roll_p25,P3_long_short,LB_NA,umcsent_dev_ma,11,0.5291,True,pipeline
S7_dev_ma,T2_roll_p50,P1_long_cash,LB_NA,umcsent_dev_ma,11,0.9643,True,pipeline
S7_dev_ma,T2_roll_p50,P2_signal_strength,LB_NA,umcsent_dev_ma,11,0.6695,True,pipeline
S7_dev_ma,T2_roll_p50,P3_long_short,LB_NA,umcsent_dev_ma,11,0.8051,True,pipeline
S7_dev_ma,T2_roll_p75,P1_long_cash,LB_NA,umcsent_dev_ma,11,0.2123,True,pipeline
S7_dev_ma,T2_roll_p75,P2_signal_strength,LB_NA,umcsent_dev_ma,11,0.6695,True,pipeline
S7_dev_ma,T2_roll_p75,P3_long_short,LB_NA,umcsent_dev_ma,11,-0.5222,False,pipeline
S7_dev_ma,T3_zscore_1.0,P1_long_cash,LB_NA,umcsent_dev_ma,11,0.0156,True,pipeline
S7_dev_ma,T3_zscore_1.0,P2_signal_strength,LB_NA,umcsent_dev_ma,11,0.6695,True,pipeline
S7_dev_ma,T3_zscore_1.0,P3_long_short,LB_NA,umcsent_dev_ma,11,-0.7031,False,pipeline
S7_dev_ma,T3_zscore_neg_1.0,P1_long_cash,LB_NA,umcsent_dev_ma,11,0.7784,True,pipeline
S7_dev_ma,T3_zscore_neg_1.0,P2_signal_strength,LB_NA,umcsent_dev_ma,11,0.6695,True,pipeline
S7_dev_ma,T3_zscore_neg_1.0,P3_long_short,LB_NA,umcsent_dev_ma,11,0.7576,True,pipeline
S7_dev_ma,T3_zscore_1.5,P1_long_cash,LB_NA,umcsent_dev_ma,11,-0.1928,False,pipeline
S7_dev_ma,T3_zscore_1.5,P2_signal_strength,LB_NA,umcsent_dev_ma,11,0.6695,True,pipeline
S7_dev_ma,T3_zscore_1.5,P3_long_short,LB_NA,umcsent_dev_ma,11,-0.8333,False,pipeline
S7_dev_ma,T3_zscore_neg_1.5,P1_long_cash,LB_NA,umcsent_dev_ma,11,0.6539,True,pipeline
S7_dev_ma,T3_zscore_neg_1.5,P2_signal_strength,LB_NA,umcsent_dev_ma,11,0.6695,True,pipeline
S7_dev_ma,T3_zscore_neg_1.5,P3_long_short,LB_NA,umcsent_dev_ma,11,0.5478,True,pipeline
S7_dev_ma,T3_zscore_2.0,P1_long_cash,LB_NA,umcsent_dev_ma,11,0.3849,True,pipeline
S7_dev_ma,T3_zscore_2.0,P2_signal_strength,LB_NA,umcsent_dev_ma,11,0.6695,True,pipeline
S7_dev_ma,T3_zscore_2.0,P3_long_short,LB_NA,umcsent_dev_ma,11,-0.5777,False,pipeline
S7_dev_ma,T3_zscore_neg_2.0,P1_long_cash,LB_NA,umcsent_dev_ma,11,0.673,True,pipeline
S7_dev_ma,T3_zscore_neg_2.0,P2_signal_strength,LB_NA,umcsent_dev_ma,11,0.6695,True,pipeline
S7_dev_ma,T3_zscore_neg_2.0,P3_long_short,LB_NA,umcsent_dev_ma,11,0.5857,True,pipeline
S7_dev_ma,T4_zero,P1_long_cash,LB_NA,umcsent_dev_ma,11,0.9643,True,pipeline
S7_dev_ma,T4_zero,P2_signal_strength,LB_NA,umcsent_dev_ma,11,0.6695,True,pipeline
S7_dev_ma,T4_zero,P3_long_short,LB_NA,umcsent_dev_ma,11,0.8051,True,pipeline
S7_dev_ma,T1_fixed_p25,P1_long_cash,LB_NA,umcsent_dev_ma,12,0.7152,True,pipeline
S7_dev_ma,T1_fixed_p25,P2_signal_strength,LB_NA,umcsent_dev_ma,12,0.7737,True,pipeline
S7_dev_ma,T1_fixed_p25,P3_long_short,LB_NA,umcsent_dev_ma,12,0.4845,True,pipeline
S7_dev_ma,T1_fixed_p50,P1_long_cash,LB_NA,umcsent_dev_ma,12,0.8081,True,pipeline
S7_dev_ma,T1_fixed_p50,P2_signal_strength,LB_NA,umcsent_dev_ma,12,0.7737,True,pipeline
S7_dev_ma,T1_fixed_p50,P3_long_short,LB_NA,umcsent_dev_ma,12,0.4316,True,pipeline
S7_dev_ma,T1_fixed_p75,P1_long_cash,LB_NA,umcsent_dev_ma,12,0.6504,True,pipeline
S7_dev_ma,T1_fixed_p75,P2_signal_strength,LB_NA,umcsent_dev_ma,12,0.7737,True,pipeline
S7_dev_ma,T1_fixed_p75,P3_long_short,LB_NA,umcsent_dev_ma,12,0.0037,True,pipeline
S7_dev_ma,T2_roll_p25,P1_long_cash,LB_NA,umcsent_dev_ma,12,0.5815,True,pipeline
S7_dev_ma,T2_roll_p25,P2_signal_strength,LB_NA,umcsent_dev_ma,12,0.7737,True,pipeline
S7_dev_ma,T2_roll_p25,P3_long_short,LB_NA,umcsent_dev_ma,12,0.2392,True,pipeline
S7_dev_ma,T2_roll_p50,P1_long_cash,LB_NA,umcsent_dev_ma,12,0.8081,True,pipeline
S7_dev_ma,T2_roll_p50,P2_signal_strength,LB_NA,umcsent_dev_ma,12,0.7737,True,pipeline
S7_dev_ma,T2_roll_p50,P3_long_short,LB_NA,umcsent_dev_ma,12,0.4316,True,pipeline
S7_dev_ma,T2_roll_p75,P1_long_cash,LB_NA,umcsent_dev_ma,12,0.6946,True,pipeline
S7_dev_ma,T2_roll_p75,P2_signal_strength,LB_NA,umcsent_dev_ma,12,0.7737,True,pipeline
S7_dev_ma,T2_roll_p75,P3_long_short,LB_NA,umcsent_dev_ma,12,0.0555,True,pipeline
S7_dev_ma,T3_zscore_1.0,P1_long_cash,LB_NA,umcsent_dev_ma,12,0.7347,True,pipeline
S7_dev_ma,T3_zscore_1.0,P2_signal_strength,LB_NA,umcsent_dev_ma,12,0.7737,True,pipeline
S7_dev_ma,T3_zscore_1.0,P3_long_short,LB_NA,umcsent_dev_ma,12,0.0298,True,pipeline
S7_dev_ma,T3_zscore_neg_1.0,P1_long_cash,LB_NA,umcsent_dev_ma,12,0.7158,True,pipeline
S7_dev_ma,T3_zscore_neg_1.0,P2_signal_strength,LB_NA,umcsent_dev_ma,12,0.7737,True,pipeline
S7_dev_ma,T3_zscore_neg_1.0,P3_long_short,LB_NA,umcsent_dev_ma,12,0.6715,True,pipeline
S7_dev_ma,T3_zscore_1.5,P1_long_cash,LB_NA,umcsent_dev_ma,12,0.5897,True,pipeline
S7_dev_ma,T3_zscore_1.5,P2_signal_strength,LB_NA,umcsent_dev_ma,12,0.7737,True,pipeline
S7_dev_ma,T3_zscore_1.5,P3_long_short,LB_NA,umcsent_dev_ma,12,-0.2601,False,pipeline
S7_dev_ma,T3_zscore_neg_1.5,P1_long_cash,LB_NA,umcsent_dev_ma,12,0.7594,True,pipeline
S7_dev_ma,T3_zscore_neg_1.5,P2_signal_strength,LB_NA,umcsent_dev_ma,12,0.7737,True,pipeline
S7_dev_ma,T3_zscore_neg_1.5,P3_long_short,LB_NA,umcsent_dev_ma,12,0.7609,True,pipeline
S7_dev_ma,T3_zscore_2.0,P1_long_cash,LB_NA,umcsent_dev_ma,12,0.3849,True,pipeline
S7_dev_ma,T3_zscore_2.0,P2_signal_strength,LB_NA,umcsent_dev_ma,12,0.7737,True,pipeline
S7_dev_ma,T3_zscore_2.0,P3_long_short,LB_NA,umcsent_dev_ma,12,-0.6874,False,pipeline
S7_dev_ma,T3_zscore_neg_2.0,P1_long_cash,LB_NA,umcsent_dev_ma,12,0.7827,True,pipeline
S7_dev_ma,T3_zscore_neg_2.0,P2_signal_strength,LB_NA,umcsent_dev_ma,12,0.7737,True,pipeline
S7_dev_ma,T3_zscore_neg_2.0,P3_long_short,LB_NA,umcsent_dev_ma,12,0.8092,True,pipeline
S7_dev_ma,T4_zero,P1_long_cash,LB_NA,umcsent_dev_ma,12,0.8081,True,pipeline
S7_dev_ma,T4_zero,P2_signal_strength,LB_NA,umcsent_dev_ma,12,0.7737,True,pipeline
S7_dev_ma,T4_zero,P3_long_short,LB_NA,umcsent_dev_ma,12,0.4316,True,pipeline
