signal,signal_column,threshold,strategy,lead_months,direction,is_sharpe,oos_sharpe,oos_sortino,oos_calmar,oos_ann_return,oos_ann_vol,max_drawdown,win_rate,annual_turnover,is_n,oos_n,valid
yoy,nhs_pct_yoy,T0_zero,P1_long_cash,2,procyclical,0.9162344974089198,0.9162344974089198,0.9370896972599218,0.548649011269372,0.10669963101228941,0.11873124311092337,-0.19447703143659312,0.45689655172413796,2.4827586206896552,116,116,True
yoy,nhs_pct_yoy,T0_zero,P1_long_cash,3,procyclical,0.7777349828887924,0.7777349828887924,0.8329644232300696,0.4437718477530973,0.08630343158615417,0.11523753899004281,-0.19447703143659323,0.4396551724137931,2.4827586206896552,116,116,True
yoy,nhs_pct_yoy,T0_zero,P1_long_cash,4,procyclical,0.5212843511314359,0.5212843511314359,0.5523130738518461,0.24536053190517892,0.0591962068128542,0.12556973107139865,-0.24126213924141204,0.4224137931034483,2.3793103448275863,116,116,True
yoy,nhs_pct_yoy,T0_zero,P1_long_cash,5,procyclical,1.052049500433615,1.052049500433615,1.1727819010939313,0.6757382538561201,0.1314155696380852,0.12530739903656202,-0.19447703143659312,0.47413793103448276,2.2758620689655173,116,116,True
yoy,nhs_pct_yoy,T0_zero,P1_long_cash,6,procyclical,1.089717554229704,1.089717554229704,1.1131175889406104,0.6823265762748376,0.13269684702422446,0.12162582285959962,-0.194477031436593,0.47413793103448276,2.1724137931034484,116,116,True
yoy,nhs_pct_yoy,T0_zero,P1_long_cash,7,procyclical,0.9354876603034018,0.9354876603034018,0.8735152295854822,0.5665396234216694,0.11017894415425156,0.11987492957337578,-0.194477031436593,0.4827586206896552,2.1724137931034484,116,116,True
yoy,nhs_pct_yoy,T0_zero,P1_long_cash,8,procyclical,1.0728876986363927,1.0728876986363927,1.125550124031635,0.6635030259882221,0.12882015639483657,0.12018186100137292,-0.1941515733149396,0.5,2.0689655172413794,116,116,True
yoy,nhs_pct_yoy,T0_zero,P1_long_cash,9,procyclical,1.147786379547712,1.147786379547712,1.2321572461338972,1.0107269153883711,0.1367725299779663,0.11831847519545537,-0.13532095355886664,0.5,2.0689655172413794,116,116,True
yoy,nhs_pct_yoy,T0_zero,P1_long_cash,10,procyclical,1.1389732902825551,1.1389732902825551,1.5164214335259718,0.9866899639150776,0.1335198267839519,0.11645022718215887,-0.13532095355886653,0.4827586206896552,2.0689655172413794,116,116,True
yoy,nhs_pct_yoy,T0_zero,P1_long_cash,11,procyclical,0.6522950587225433,0.6522950587225433,0.6567383328055709,0.3770904050336518,0.07333542255416714,0.11984030215844929,-0.19447703143659312,0.45689655172413796,2.0689655172413794,116,116,True
yoy,nhs_pct_yoy,T0_zero,P1_long_cash,12,procyclical,0.47340413700863443,0.47340413700863443,0.4722930062172765,0.24813100772624355,0.05160240580464581,0.12218119431940953,-0.20796435833435778,0.43103448275862066,1.9655172413793105,116,116,True
yoy,nhs_pct_yoy,T0_zero,P1_long_cash,13,procyclical,0.6202016038223732,0.6202016038223732,0.650192423598273,0.3673698267807564,0.0734054241824269,0.1276339778553192,-0.1998134273183919,0.4482758620689655,1.9655172413793105,116,116,True
yoy,nhs_pct_yoy,T0_zero,P1_long_cash,14,procyclical,0.8511601098804146,0.8511601098804146,0.910198715739613,0.5173735640700257,0.10337818504076357,0.12518021415713762,-0.19981342731839213,0.46551724137931033,1.9655172413793105,116,116,True
yoy,nhs_pct_yoy,T0_zero,P1_long_cash,2,countercyclical,0.4510823810904086,0.4510823810904086,0.44094938333887496,0.25597122688493035,0.042511564835950866,0.1043708678450903,-0.1660794666388874,0.25,2.4827586206896552,116,116,True
yoy,nhs_pct_yoy,T0_zero,P1_long_cash,3,countercyclical,0.6085702140365673,0.6085702140365673,0.5791969786604106,0.25763192519459427,0.0620855375973175,0.10884734990326211,-0.2409854196075394,0.2672413793103448,2.4827586206896552,116,116,True
yoy,nhs_pct_yoy,T0_zero,P1_long_cash,4,countercyclical,0.9346525705137225,0.9346525705137225,0.8389516199276994,0.5223198469793557,0.08926670687543625,0.09672897449959832,-0.17090429818372277,0.28448275862068967,2.3793103448275863,116,116,True
yoy,nhs_pct_yoy,T0_zero,P1_long_cash,5,countercyclical,0.2539242380252952,0.2539242380252952,0.19514622596346182,0.06489939279559673,0.01973774720021715,0.09465789509650406,-0.30412838009720655,0.23275862068965517,2.2758620689655173,116,116,True
yoy,nhs_pct_yoy,T0_zero,P1_long_cash,6,countercyclical,0.23497161598992122,0.23497161598992122,0.2096984599398526,0.08400885162189711,0.018584246227107748,0.09927891131229796,-0.22121771537540835,0.23275862068965517,2.1724137931034484,116,116,True
yoy,nhs_pct_yoy,T0_zero,P1_long_cash,7,countercyclical,0.42501233779111997,0.42501233779111997,0.4892875860350867,0.19640482893991917,0.039244322012367716,0.1028770206392583,-0.1998134273183918,0.22413793103448276,2.1724137931034484,116,116,True
yoy,nhs_pct_yoy,T0_zero,P1_long_cash,8,countercyclical,0.26568493168006996,0.26568493168006996,0.22294848133577297,0.10685898835044334,0.022082355275055754,0.10133762575337911,-0.2066494884139911,0.20689655172413793,2.0689655172413794,116,116,True
yoy,nhs_pct_yoy,T0_zero,P1_long_cash,9,countercyclical,0.1949608017850135,0.1949608017850135,0.1448917366084258,0.06855248505573315,0.01493230501651377,0.10289856207317594,-0.21782295717469335,0.20689655172413793,2.0689655172413794,116,116,True
yoy,nhs_pct_yoy,T0_zero,P1_long_cash,10,countercyclical,0.22063866920635497,0.22063866920635497,0.14200024085395613,0.06154152849335209,0.017844714197394307,0.10529351957324597,-0.289962154568877,0.22413793103448276,2.0689655172413794,116,116,True
yoy,nhs_pct_yoy,T0_zero,P1_long_cash,11,countercyclical,0.748004721099589,0.748004721099589,0.7736460262704895,0.5786224470218387,0.07491762582890615,0.10386870739869519,-0.12947583733487367,0.25,2.0689655172413794,116,116,True
yoy,nhs_pct_yoy,T0_zero,P1_long_cash,12,countercyclical,0.9727678424367943,0.9727678424367943,0.9586655393705816,0.7501977994445395,0.0971324882498612,0.10076858353118684,-0.12947583733487344,0.27586206896551724,1.9655172413793105,116,116,True
yoy,nhs_pct_yoy,T0_zero,P1_long_cash,13,countercyclical,0.81493535765889,0.81493535765889,0.8355730451791228,0.5780810313629838,0.07484752558312957,0.09412614381436372,-0.12947583733487344,0.25862068965517243,1.9655172413793105,116,116,True
yoy,nhs_pct_yoy,T0_zero,P1_long_cash,14,countercyclical,0.5102255769564259,0.5102255769564259,0.47889720122901025,0.3425994406850484,0.04564978696526145,0.09665747432704165,-0.13324536337240345,0.2413793103448276,1.9655172413793105,116,116,True
yoy,nhs_pct_yoy,T_roll_p25,P1_long_cash,2,procyclical,0.9587135465098517,0.9587135465098517,1.153973298713697,0.6311335057641613,0.12274097064118394,0.1300391407463715,-0.194477031436593,0.5086206896551724,2.0689655172413794,116,116,True
yoy,nhs_pct_yoy,T_roll_p25,P1_long_cash,3,procyclical,1.1054136849398646,1.1054136849398646,1.3341225305569513,0.707950436494548,0.13768009929369995,0.12418668997542683,-0.194477031436593,0.5258620689655172,2.0689655172413794,116,116,True
yoy,nhs_pct_yoy,T_roll_p25,P1_long_cash,4,procyclical,0.885465646522581,0.885465646522581,1.0036093135378144,0.5586125164160382,0.1086373039159163,0.12581860766789046,-0.19447703143659323,0.5086206896551724,2.0689655172413794,116,116,True
yoy,nhs_pct_yoy,T_roll_p25,P1_long_cash,5,procyclical,1.0212367323240732,1.0212367323240732,1.20919099296448,0.6525743649267765,0.12961724544070186,0.12783418756237874,-0.19862448236875785,0.5172413793103449,2.0689655172413794,116,116,True
yoy,nhs_pct_yoy,T_roll_p25,P1_long_cash,6,procyclical,1.1686631342091816,1.1686631342091816,1.3939794448138627,0.7438372911555944,0.1446592682557768,0.122581402597789,-0.19447703143659312,0.5344827586206896,2.0689655172413794,116,116,True
yoy,nhs_pct_yoy,T_roll_p25,P1_long_cash,7,procyclical,1.0262827898589935,1.0262827898589935,1.0298039796145724,0.6007218976428694,0.1258689782074376,0.12348157983321084,-0.20952953222002735,0.5431034482758621,2.0689655172413794,116,116,True
yoy,nhs_pct_yoy,T_roll_p25,P1_long_cash,8,procyclical,1.2287767894693586,1.2287767894693586,1.3705360948041243,0.799210901864634,0.15516805400747047,0.12431803558022991,-0.1941515733149396,0.5517241379310345,2.0689655172413794,116,116,True
yoy,nhs_pct_yoy,T_roll_p25,P1_long_cash,9,procyclical,1.0843955872332238,1.0843955872332238,1.261973805670022,1.000699307609502,0.13541558453141556,0.12482998447528909,-0.13532095355886675,0.5344827586206896,2.0689655172413794,116,116,True
yoy,nhs_pct_yoy,T_roll_p25,P1_long_cash,10,procyclical,1.1143993141492186,1.1143993141492186,1.5645186470921044,1.024635631614593,0.13865467072047832,0.12389172196751279,-0.13532095355886664,0.5258620689655172,2.0689655172413794,116,116,True
yoy,nhs_pct_yoy,T_roll_p25,P1_long_cash,11,procyclical,1.0016322928872974,1.0016322928872974,1.1064235524827164,0.6224763448532787,0.12105735168656673,0.12201459666867938,-0.19447703143659323,0.5172413793103449,2.1724137931034484,116,116,True
yoy,nhs_pct_yoy,T_roll_p25,P1_long_cash,12,procyclical,0.5816076329283263,0.5816076329283263,0.6599424468561885,0.2739137487534388,0.06921612910644925,0.12972897605066172,-0.252693154036432,0.46551724137931033,2.1724137931034484,116,116,True
yoy,nhs_pct_yoy,T_roll_p25,P1_long_cash,13,procyclical,0.7477778539746349,0.7477778539746349,0.8879641047842004,0.5325050321315737,0.09223114686703293,0.1295099452412259,-0.17320239491040912,0.4827586206896552,2.2758620689655173,116,116,True
yoy,nhs_pct_yoy,T_roll_p25,P1_long_cash,14,procyclical,1.1203189889566578,1.1203189889566578,1.4459264804772265,0.6645077714036104,0.1360106117171198,0.12082264289115889,-0.20467873751097088,0.5172413793103449,2.2758620689655173,116,116,True
yoy,nhs_pct_yoy,T_roll_p25,P1_long_cash,2,countercyclical,0.351574983873712,0.351574983873712,0.28169406973450617,0.1620216407284124,0.027616515562890687,0.08872996107045769,-0.1704495488302249,0.19827586206896552,2.0689655172413794,116,116,True
yoy,nhs_pct_yoy,T_roll_p25,P1_long_cash,3,countercyclical,0.19446928057916568,0.19446928057916568,0.13707165152008763,0.058603778436268086,0.014122656137051326,0.09558246835145201,-0.24098541960753928,0.1810344827586207,2.0689655172413794,116,116,True
yoy,nhs_pct_yoy,T_roll_p25,P1_long_cash,4,countercyclical,0.4652311539702103,0.4652311539702103,0.4318077267580961,0.23808334096999959,0.04068946629771375,0.09555994967210636,-0.17090429818372277,0.19827586206896552,2.0689655172413794,116,116,True
yoy,nhs_pct_yoy,T_roll_p25,P1_long_cash,5,countercyclical,0.27716136129889546,0.27716136129889546,0.22504722822851014,0.07040165032779613,0.02136114580994697,0.09134228645132358,-0.30341825384046595,0.1896551724137931,2.0689655172413794,116,116,True
yoy,nhs_pct_yoy,T_roll_p25,P1_long_cash,6,countercyclical,0.13000623374944134,0.13000623374944134,0.07853982244686564,0.03277606750201993,0.007939389586267609,0.09698884371283796,-0.24223130446562324,0.1724137931034483,2.0689655172413794,116,116,True
yoy,nhs_pct_yoy,T_roll_p25,P1_long_cash,7,countercyclical,0.2989161377995817,0.2989161377995817,0.3115816272527091,0.12392301984247504,0.024761483318370026,0.09748051881568898,-0.1998134273183919,0.16379310344827586,2.0689655172413794,116,116,True
yoy,nhs_pct_yoy,T_roll_p25,P1_long_cash,8,countercyclical,0.033200955394784445,0.033200955394784445,-0.012572081506731725,-0.005056467734394996,-0.0012300287153456102,0.09356368731438314,-0.24325849188727844,0.15517241379310345,2.0689655172413794,116,116,True
yoy,nhs_pct_yoy,T_roll_p25,P1_long_cash,9,countercyclical,0.215933296805776,0.215933296805776,0.15529352954956682,0.06701764336976315,0.0161452598047096,0.09493874463257469,-0.2409105870170597,0.1724137931034483,2.0689655172413794,116,116,True
yoy,nhs_pct_yoy,T_roll_p25,P1_long_cash,10,countercyclical,0.1856517045316195,0.1856517045316195,0.10222074918316487,0.050346021078001596,0.013254671321870637,0.09588207389776579,-0.26327147683299623,0.1810344827586207,2.0689655172413794,116,116,True
yoy,nhs_pct_yoy,T_roll_p25,P1_long_cash,11,countercyclical,0.33764704236819365,0.33764704236819365,0.29829631572647336,0.14402029075568834,0.029159803817569552,0.09966549678478899,-0.20247010795885256,0.1896551724137931,2.1724137931034484,116,116,True
yoy,nhs_pct_yoy,T_roll_p25,P1_long_cash,12,countercyclical,0.8816105199256489,0.8816105199256489,0.7066897279823802,0.6106072504153688,0.0790588850302747,0.09121279288528647,-0.12947583733487356,0.2413793103448276,2.1724137931034484,116,116,True
yoy,nhs_pct_yoy,T_roll_p25,P1_long_cash,13,countercyclical,0.6471576175603229,0.6471576175603229,0.49196728958908387,0.4204286913273388,0.056321427418922765,0.09120011867302329,-0.13396190265014962,0.22413793103448276,2.2758620689655173,116,116,True
yoy,nhs_pct_yoy,T_roll_p25,P1_long_cash,14,countercyclical,0.20507793967429375,0.20507793967429375,0.13022679371356335,0.06686252914809693,0.015613016489398834,0.09998939597394806,-0.2335092119356843,0.1896551724137931,2.2758620689655173,116,116,True
yoy,nhs_pct_yoy,T_roll_p50,P1_long_cash,2,procyclical,0.8589539385916788,0.8589539385916788,0.686568141845724,0.42767449014044406,0.08317286526367207,0.09892947379067998,-0.19447703143659312,0.2672413793103448,3.0,116,116,True
yoy,nhs_pct_yoy,T_roll_p50,P1_long_cash,3,procyclical,0.4335379006864694,0.4335379006864694,0.37185571627443254,0.20426960691116366,0.039725746764802894,0.10174265298010922,-0.19447703143659312,0.23275862068965517,3.103448275862069,116,116,True
yoy,nhs_pct_yoy,T_roll_p50,P1_long_cash,4,procyclical,0.5771746311383825,0.5771746311383825,0.5089478878008236,0.2907635950612097,0.05654684081733574,0.10484175911649507,-0.19447703143659323,0.2413793103448276,3.0,116,116,True
yoy,nhs_pct_yoy,T_roll_p50,P1_long_cash,5,procyclical,0.7356432572140201,0.7356432572140201,0.614650552562926,0.38033532998443736,0.07396648592583044,0.10456049546204446,-0.19447703143659312,0.2672413793103448,3.0,116,116,True
yoy,nhs_pct_yoy,T_roll_p50,P1_long_cash,6,procyclical,0.7854026072063387,0.7854026072063387,0.6952561881976561,0.4241655618576172,0.08235241118067171,0.10840881360945857,-0.1941515733149396,0.2672413793103448,3.103448275862069,116,116,True
yoy,nhs_pct_yoy,T_roll_p50,P1_long_cash,7,procyclical,1.0765900844708627,1.0765900844708627,0.8133329427347473,0.8601620924232465,0.10771357601574016,0.09995980384730757,-0.12522474189985489,0.29310344827586204,3.0,116,116,True
yoy,nhs_pct_yoy,T_roll_p50,P1_long_cash,8,procyclical,1.2301821361379388,1.2301821361379388,1.3482996815123125,1.415560647759278,0.11206400149947493,0.08988914361876624,-0.07916580732649181,0.3017241379310345,3.0,116,116,True
yoy,nhs_pct_yoy,T_roll_p50,P1_long_cash,9,procyclical,0.8941927968838883,0.8941927968838883,0.6164594195595555,0.596517804373639,0.07448795582026091,0.0845863017801893,-0.12487130354554199,0.3017241379310345,3.103448275862069,116,116,True
yoy,nhs_pct_yoy,T_roll_p50,P1_long_cash,10,procyclical,1.1858331749100044,1.1858331749100044,1.8630099146537575,1.1996312839601384,0.10567346949700429,0.08820778474862252,-0.08808829088564818,0.29310344827586204,3.2068965517241383,116,116,True
yoy,nhs_pct_yoy,T_roll_p50,P1_long_cash,11,procyclical,0.74718772670105,0.74718772670105,0.9294219415351014,0.6428265871381725,0.05794302167044796,0.07970516555888425,-0.09013787361908443,0.2672413793103448,3.2068965517241383,116,116,True
yoy,nhs_pct_yoy,T_roll_p50,P1_long_cash,12,procyclical,0.5616396676093555,0.5616396676093555,0.4896479713849584,0.2968682489207156,0.041427781687223275,0.07767432396864603,-0.13954938541873962,0.25,3.2068965517241383,116,116,True
yoy,nhs_pct_yoy,T_roll_p50,P1_long_cash,13,procyclical,0.45821340772704583,0.45821340772704583,0.3537689052359261,0.22455603033698246,0.036240586658416785,0.08574732652833429,-0.16138772405279855,0.23275862068965517,3.103448275862069,116,116,True
yoy,nhs_pct_yoy,T_roll_p50,P1_long_cash,14,procyclical,0.8258083930885243,0.8258083930885243,0.7962458155471969,0.5500661748016846,0.06756158715817251,0.08349613725337836,-0.12282447140570041,0.25862068965517243,3.2068965517241383,116,116,True
yoy,nhs_pct_yoy,T_roll_p50,P1_long_cash,2,countercyclical,0.5720809329070703,0.5720809329070703,0.7137639451242027,0.27230585439669264,0.06515515771265146,0.12391543785067459,-0.2392719681220442,0.4396551724137931,3.0,116,116,True
yoy,nhs_pct_yoy,T_roll_p50,P1_long_cash,3,countercyclical,0.9246946621653032,0.9246946621653032,1.0648572742348155,0.45832739322521815,0.10966489742124397,0.12085743416918548,-0.2392719681220441,0.47413793103448276,3.103448275862069,116,116,True
yoy,nhs_pct_yoy,T_roll_p50,P1_long_cash,4,countercyclical,0.8028051092677405,0.8028051092677405,0.9383900642760645,0.38449184404411924,0.09199812025131049,0.11877542344432894,-0.2392719681220442,0.46551724137931033,3.0,116,116,True
yoy,nhs_pct_yoy,T_roll_p50,P1_long_cash,5,countercyclical,0.662098336751123,0.662098336751123,0.7684469450306831,0.31046680540930277,0.07428600356684756,0.11923651307188517,-0.2392719681220441,0.4396551724137931,3.0,116,116,True
yoy,nhs_pct_yoy,T_roll_p50,P1_long_cash,6,countercyclical,0.6111823215912048,0.6111823215912048,0.6657618246029088,0.2756803327334851,0.06596257578568099,0.11571171660425816,-0.2392719681220442,0.4396551724137931,3.103448275862069,116,116,True
yoy,nhs_pct_yoy,T_roll_p50,P1_long_cash,7,countercyclical,0.39382227439191386,0.39382227439191386,0.4530209702371803,0.15230693554018143,0.04155730245703615,0.12251665259245634,-0.27285233144273036,0.41379310344827586,3.0,116,116,True
yoy,nhs_pct_yoy,T_roll_p50,P1_long_cash,8,countercyclical,0.3484410266846233,0.3484410266846233,0.3403271107199979,0.156653123416672,0.03748270115237262,0.12996604378322332,-0.23927196812204432,0.4051724137931034,3.0,116,116,True
yoy,nhs_pct_yoy,T_roll_p50,P1_long_cash,9,countercyclical,0.5980803691574628,0.5980803691574628,0.7220748445472776,0.3487902872757982,0.0737646316837719,0.13414427694498365,-0.21148705791065836,0.4051724137931034,3.103448275862069,116,116,True
yoy,nhs_pct_yoy,T_roll_p50,P1_long_cash,10,countercyclical,0.3903283139657668,0.3903283139657668,0.37666589664144307,0.1897284154578138,0.04347910658908827,0.13134021070981738,-0.22916496974991007,0.41379310344827586,3.2068965517241383,116,116,True
yoy,nhs_pct_yoy,T_roll_p50,P1_long_cash,11,countercyclical,0.7035287312429932,0.7035287312429932,0.7502660266804063,0.3514301067212569,0.0905569964517301,0.13689675304670723,-0.2576813844909338,0.4396551724137931,3.2068965517241383,116,116,True
yoy,nhs_pct_yoy,T_roll_p50,P1_long_cash,12,countercyclical,0.8160145690007735,0.8160145690007735,0.9395153782107879,0.5545710969107558,0.10785134064773905,0.13754722429088237,-0.19447703143659323,0.45689655172413796,3.2068965517241383,116,116,True
yoy,nhs_pct_yoy,T_roll_p50,P1_long_cash,13,countercyclical,0.88004834356297,0.88004834356297,1.041313210813049,0.5830868699526652,0.11339700353804916,0.13246425222336183,-0.19447703143659312,0.47413793103448276,3.103448275862069,116,116,True
yoy,nhs_pct_yoy,T_roll_p50,P1_long_cash,14,countercyclical,0.6448631820772103,0.6448631820772103,0.7179389585982806,0.41511969445121366,0.08073124586773761,0.13477852655230563,-0.19447703143659312,0.4482758620689655,3.2068965517241383,116,116,True
pct_6m,nhs_pct_6m,T0_zero,P1_long_cash,2,procyclical,0.547174497330038,0.547174497330038,0.5034507448251438,0.3254964555842988,0.052204865534163813,0.10279976815201793,-0.16038535793101294,0.33620689655172414,3.620689655172414,116,116,True
pct_6m,nhs_pct_6m,T0_zero,P1_long_cash,3,procyclical,0.5413605859970262,0.5413605859970262,0.6045468356237036,0.4118681041384891,0.05291212384035826,0.10549672727747564,-0.1284686124239588,0.3448275862068966,3.724137931034483,116,116,True
pct_6m,nhs_pct_6m,T0_zero,P1_long_cash,4,procyclical,0.5549035282877577,0.5549035282877577,0.4785608509396638,0.29081084300056126,0.05646138270560286,0.11009712899567393,-0.1941515733149396,0.3706896551724138,3.827586206896552,116,116,True
pct_6m,nhs_pct_6m,T0_zero,P1_long_cash,5,procyclical,0.8808795153137275,0.8808795153137275,0.7883986367565823,0.6286283538268813,0.10127370944135294,0.11770088488250396,-0.16110267509384857,0.3879310344827586,3.827586206896552,116,116,True
pct_6m,nhs_pct_6m,T0_zero,P1_long_cash,6,procyclical,0.7548703934126954,0.7548703934126954,0.8311386971519912,0.5309990190345926,0.08021690568548956,0.11048479080677452,-0.15106789807508803,0.3706896551724138,3.827586206896552,116,116,True
pct_6m,nhs_pct_6m,T0_zero,P1_long_cash,7,procyclical,0.6887523050454447,0.6887523050454447,0.6012326485650802,0.38325007647995535,0.07453333717166899,0.11412325824508233,-0.19447703143659312,0.39655172413793105,3.827586206896552,116,116,True
pct_6m,nhs_pct_6m,T0_zero,P1_long_cash,8,procyclical,0.7477671299637667,0.7477671299637667,0.7441106573159934,0.4327557888241601,0.08731512678930287,0.12224757145768447,-0.20176535830184184,0.41379310344827586,3.724137931034483,116,116,True
pct_6m,nhs_pct_6m,T0_zero,P1_long_cash,9,procyclical,0.8986252040473811,0.8986252040473811,0.8499433629558487,0.7555769768135877,0.10224539698954027,0.11625116738232946,-0.13532095355886653,0.41379310344827586,3.724137931034483,116,116,True
pct_6m,nhs_pct_6m,T0_zero,P1_long_cash,10,procyclical,0.7338597586417895,0.7338597586417895,0.8448635807502797,0.6141125319088877,0.08310229341036046,0.1185442977185295,-0.13532095355886642,0.3879310344827586,3.620689655172414,116,116,True
pct_6m,nhs_pct_6m,T0_zero,P1_long_cash,11,procyclical,0.692568549133797,0.692568549133797,0.7092573884077956,0.36438971612741017,0.07585902159535873,0.11553812969166441,-0.2081810167464615,0.41379310344827586,3.620689655172414,116,116,True
pct_6m,nhs_pct_6m,T0_zero,P1_long_cash,12,procyclical,0.8524322900844917,0.8524322900844917,0.831850077982358,0.5058027842362277,0.09820240634654054,0.11842449239974373,-0.1941515733149396,0.4051724137931034,3.620689655172414,116,116,True
pct_6m,nhs_pct_6m,T0_zero,P1_long_cash,13,procyclical,0.9671993915388346,0.9671993915388346,0.9979289060343116,0.6131444988495249,0.11172553285870879,0.11698684815150101,-0.1822172963605565,0.4224137931034483,3.620689655172414,116,116,True
pct_6m,nhs_pct_6m,T0_zero,P1_long_cash,14,procyclical,1.2491342523648958,1.2491342523648958,1.5423203533203689,1.4249857929970904,0.12546763723334786,0.09890943383280847,-0.08804834255186433,0.41379310344827586,3.620689655172414,116,116,True
pct_6m,nhs_pct_6m,T0_zero,P1_long_cash,2,countercyclical,0.8424741132456702,0.8424741132456702,0.9598016965891495,0.728032211579999,0.09851801309257602,0.1204396331074451,-0.13532095355886664,0.3793103448275862,3.724137931034483,116,116,True
pct_6m,nhs_pct_6m,T0_zero,P1_long_cash,3,countercyclical,0.8677292296175112,0.8677292296175112,0.8016857077267726,0.5765013855787116,0.1001451378471867,0.11849135768186328,-0.17371187711310987,0.3706896551724138,3.724137931034483,116,116,True
pct_6m,nhs_pct_6m,T0_zero,P1_long_cash,4,countercyclical,0.8329993703338475,0.8329993703338475,0.9753596711889798,0.7123147707332018,0.09222755138667971,0.11392746697165923,-0.12947583733487344,0.3448275862068966,3.827586206896552,116,116,True
pct_6m,nhs_pct_6m,T0_zero,P1_long_cash,5,countercyclical,0.5031069162619802,0.5031069162619802,0.5883620903447212,0.2871804233392139,0.04871901118148281,0.10576696953109667,-0.16964600377351113,0.3275862068965517,3.827586206896552,116,116,True
pct_6m,nhs_pct_6m,T0_zero,P1_long_cash,6,countercyclical,0.6498225635597047,0.6498225635597047,0.6016181614372079,0.33104115307025633,0.06961943424980133,0.11375990915112846,-0.21030447001562402,0.3448275862068966,3.827586206896552,116,116,True
pct_6m,nhs_pct_6m,T0_zero,P1_long_cash,7,countercyclical,0.7077458788852339,0.7077458788852339,0.8608759942839391,0.48952732381675723,0.07442536122505006,0.1100993212799011,-0.15203515228684028,0.31896551724137934,3.827586206896552,116,116,True
pct_6m,nhs_pct_6m,T0_zero,P1_long_cash,8,countercyclical,0.6593585314789376,0.6593585314789376,0.6977497358546674,0.31044562907749296,0.06333299758705047,0.10097555952423173,-0.20400672985877788,0.3017241379310345,3.724137931034483,116,116,True
pct_6m,nhs_pct_6m,T0_zero,P1_long_cash,9,countercyclical,0.48178062549715306,0.48178062549715306,0.5042055859522028,0.23541935485205281,0.047039948150073396,0.10731261201501,-0.19981342731839202,0.3017241379310345,3.724137931034483,116,116,True
pct_6m,nhs_pct_6m,T0_zero,P1_long_cash,10,countercyclical,0.6734232449573766,0.6734232449573766,0.5741317663363883,0.3374404693053159,0.0674251366878218,0.10536472550813494,-0.1998134273183919,0.3275862068965517,3.620689655172414,116,116,True
pct_6m,nhs_pct_6m,T0_zero,P1_long_cash,11,countercyclical,0.7198501984314876,0.7198501984314876,0.762242872029908,0.2901840968309055,0.07498315992815985,0.10875193566190929,-0.25839858471587307,0.3017241379310345,3.620689655172414,116,116,True
pct_6m,nhs_pct_6m,T0_zero,P1_long_cash,12,countercyclical,0.5511476994456324,0.5511476994456324,0.5583414287427317,0.22507928573958516,0.0538551636824145,0.10537767739219188,-0.2392719681220442,0.3103448275862069,3.620689655172414,116,116,True
pct_6m,nhs_pct_6m,T0_zero,P1_long_cash,13,countercyclical,0.414333373240572,0.414333373240572,0.38862101346390615,0.16338545518436384,0.039093559424478785,0.1061235006615289,-0.2392719681220442,0.29310344827586204,3.620689655172414,116,116,True
pct_6m,nhs_pct_6m,T0_zero,P1_long_cash,14,countercyclical,0.3082359318541428,0.3082359318541428,0.27440213937210095,0.15290077477664799,0.03095783637602012,0.12375136056268281,-0.20247010795885256,0.3017241379310345,3.620689655172414,116,116,True
pct_6m,nhs_pct_6m,T_roll_p25,P1_long_cash,2,procyclical,0.9477598545482606,0.9477598545482606,1.223516397127193,0.6361167382666691,0.11865617392876526,0.12727735945904184,-0.18653207310986197,0.5086206896551724,2.0689655172413794,116,116,True
pct_6m,nhs_pct_6m,T_roll_p25,P1_long_cash,3,procyclical,0.8938788066964723,0.8938788066964723,1.2360718631400216,0.6734786194838831,0.10849920721736561,0.12418108282306303,-0.16110267509384846,0.5086206896551724,1.9655172413793105,116,116,True
pct_6m,nhs_pct_6m,T_roll_p25,P1_long_cash,4,procyclical,0.8636773642848297,0.8636773642848297,0.9733212354259054,0.5387515007207095,0.10477479254217315,0.12481402237789166,-0.19447703143659312,0.5258620689655172,1.8620689655172415,116,116,True
pct_6m,nhs_pct_6m,T_roll_p25,P1_long_cash,5,procyclical,0.93804511447137,0.93804511447137,1.0274398523105237,0.6115937237245421,0.11894093183520082,0.1291757027679279,-0.19447703143659312,0.5431034482758621,1.8620689655172415,116,116,True
pct_6m,nhs_pct_6m,T_roll_p25,P1_long_cash,6,procyclical,0.9365715360701399,0.9365715360701399,1.0498756409465952,0.6390908705593954,0.12428849532461927,0.13538613357429452,-0.19447703143659323,0.5431034482758621,1.8620689655172415,116,116,True
pct_6m,nhs_pct_6m,T_roll_p25,P1_long_cash,7,procyclical,1.0343602951992676,1.0343602951992676,1.1763464114683995,0.6891499759203851,0.1340238415315962,0.13037108217643734,-0.19447703143659323,0.5517241379310345,1.8620689655172415,116,116,True
pct_6m,nhs_pct_6m,T_roll_p25,P1_long_cash,8,procyclical,0.9466908565699433,0.9466908565699433,1.0925196755229447,0.5996628256529393,0.12118450606355502,0.13029860999298104,-0.20208774144304176,0.5344827586206896,1.8620689655172415,116,116,True
pct_6m,nhs_pct_6m,T_roll_p25,P1_long_cash,9,procyclical,0.9742841343321084,0.9742841343321084,1.1529875406057226,0.6639816156036609,0.12912917353107312,0.13446969063918504,-0.19447703143659323,0.5431034482758621,1.8620689655172415,116,116,True
pct_6m,nhs_pct_6m,T_roll_p25,P1_long_cash,10,procyclical,0.9103925652922543,0.9103925652922543,1.114978861007264,0.548050393880516,0.1227271414038027,0.13815090149234543,-0.22393404470494593,0.5344827586206896,1.8620689655172415,116,116,True
pct_6m,nhs_pct_6m,T_roll_p25,P1_long_cash,11,procyclical,0.9466380605723894,0.9466380605723894,1.1948286058540847,0.5930241011131632,0.12345636032489482,0.13278127138657436,-0.20818101674646172,0.5344827586206896,1.8620689655172415,116,116,True
pct_6m,nhs_pct_6m,T_roll_p25,P1_long_cash,12,procyclical,1.0147056188481314,1.0147056188481314,1.241385802590709,0.6708103924900013,0.1302388930979459,0.12941123138416677,-0.1941515733149396,0.5431034482758621,1.8620689655172415,116,116,True
pct_6m,nhs_pct_6m,T_roll_p25,P1_long_cash,13,procyclical,1.22949650622391,1.22949650622391,1.4803560353379939,0.8742495508712226,0.15930338950418488,0.12748994175271336,-0.1822172963605564,0.5689655172413793,1.8620689655172415,116,116,True
pct_6m,nhs_pct_6m,T_roll_p25,P1_long_cash,14,procyclical,1.4552456130662514,1.4552456130662514,2.248185258678653,1.7932043821563963,0.17578162175695566,0.11657190880542449,-0.09802654036879588,0.5689655172413793,1.8620689655172415,116,116,True
pct_6m,nhs_pct_6m,T_roll_p25,P1_long_cash,2,countercyclical,0.3789942435923107,0.3789942435923107,0.3105046013890532,0.23181095173783228,0.03136887903455188,0.0929754194162003,-0.13532095355886664,0.19827586206896552,2.0689655172413794,116,116,True
pct_6m,nhs_pct_6m,T_roll_p25,P1_long_cash,3,countercyclical,0.4591802618327072,0.4591802618327072,0.32445408450910734,0.3152643466694379,0.04081911526685733,0.09770167849831979,-0.12947583733487356,0.19827586206896552,1.9655172413793105,116,116,True
pct_6m,nhs_pct_6m,T_roll_p25,P1_long_cash,4,countercyclical,0.4951908695799717,0.4951908695799717,0.4800653881304448,0.22194078069292958,0.04432792268470309,0.09706656063782905,-0.19972860574025753,0.1810344827586207,1.8620689655172415,116,116,True
pct_6m,nhs_pct_6m,T_roll_p25,P1_long_cash,5,countercyclical,0.38429859689454077,0.38429859689454077,0.38585517064372316,0.23157588794114645,0.031106407232510458,0.09027585276916499,-0.13432489672852277,0.16379310344827586,1.8620689655172415,116,116,True
pct_6m,nhs_pct_6m,T_roll_p25,P1_long_cash,6,countercyclical,0.3627798275920739,0.3627798275920739,0.3423536770355698,0.20176554882810582,0.026202054835459565,0.08012220952626568,-0.12986386916719073,0.16379310344827586,1.8620689655172415,116,116,True
pct_6m,nhs_pct_6m,T_roll_p25,P1_long_cash,7,countercyclical,0.2409117124814207,0.2409117124814207,0.18907574293943843,0.13129290550355793,0.017392335042759832,0.08723050108517173,-0.13246972466679485,0.15517241379310345,1.8620689655172415,116,116,True
pct_6m,nhs_pct_6m,T_roll_p25,P1_long_cash,8,countercyclical,0.3675283845939429,0.3675283845939429,0.31044736538438117,0.11809647727377748,0.029043086031185883,0.08846396387670048,-0.24592677700162613,0.1724137931034483,1.8620689655172415,116,116,True
pct_6m,nhs_pct_6m,T_roll_p25,P1_long_cash,9,countercyclical,0.3060530869093608,0.3060530869093608,0.22820784463110969,0.10911496152334889,0.02180263443369479,0.08120759230102012,-0.1998134273183918,0.16379310344827586,1.8620689655172415,116,116,True
pct_6m,nhs_pct_6m,T_roll_p25,P1_long_cash,10,countercyclical,0.39930538799408094,0.39930538799408094,0.2817991766068197,0.1382748579114816,0.0276291732712568,0.07536579204861882,-0.1998134273183919,0.1724137931034483,1.8620689655172415,116,116,True
pct_6m,nhs_pct_6m,T_roll_p25,P1_long_cash,11,countercyclical,0.3571437142028403,0.3571437142028403,0.23264924140377316,0.11268413334318568,0.026962154361150903,0.08447499988660327,-0.2392719681220442,0.1724137931034483,1.8620689655172415,116,116,True
pct_6m,nhs_pct_6m,T_roll_p25,P1_long_cash,12,countercyclical,0.2758026169493707,0.2758026169493707,0.1931908742644774,0.08692778616689492,0.020799382480645168,0.08901734539903251,-0.23927196812204432,0.16379310344827586,1.8620689655172415,116,116,True
pct_6m,nhs_pct_6m,T_roll_p25,P1_long_cash,13,countercyclical,-0.00996365467843183,-0.00996365467843183,-0.04544085958562113,-0.01805503859994342,-0.0047927276194456025,0.08861382189943515,-0.2654509760760424,0.13793103448275862,1.8620689655172415,116,116,True
pct_6m,nhs_pct_6m,T_roll_p25,P1_long_cash,14,countercyclical,-0.13674762399774548,-0.13674762399774548,-0.15344720008940232,-0.05935444368387344,-0.018740263684372316,0.10073475538830147,-0.31573480469608095,0.13793103448275862,1.8620689655172415,116,116,True
pct_6m,nhs_pct_6m,T_roll_p50,P1_long_cash,2,procyclical,0.5454927616690028,0.5454927616690028,0.48464615189736104,0.32189626756646555,0.05162744809030473,0.10194054882953654,-0.16038535793101305,0.3103448275862069,3.517241379310345,116,116,True
pct_6m,nhs_pct_6m,T_roll_p50,P1_long_cash,3,procyclical,0.5065828028862916,0.5065828028862916,0.5462611205311003,0.3798515170916555,0.048798997327900606,0.10484264519292334,-0.12846861242395868,0.3103448275862069,3.517241379310345,116,116,True
pct_6m,nhs_pct_6m,T_roll_p50,P1_long_cash,4,procyclical,0.5480148288394323,0.5480148288394323,0.47698523358891265,0.2857386847522029,0.05547661520158176,0.10966945936069863,-0.1941515733149397,0.3275862068965517,3.517241379310345,116,116,True
pct_6m,nhs_pct_6m,T_roll_p50,P1_long_cash,5,procyclical,0.8322734079573042,0.8322734079573042,0.7196960048193093,0.5852847656882161,0.09429094144404804,0.11673125994851737,-0.16110267509384868,0.3448275862068966,3.620689655172414,116,116,True
pct_6m,nhs_pct_6m,T_roll_p50,P1_long_cash,6,procyclical,0.9016401376828725,0.9016401376828725,1.0583540210260873,1.1415193340622958,0.09504105273382835,0.10731058382896182,-0.08325838196328061,0.33620689655172414,3.620689655172414,116,116,True
pct_6m,nhs_pct_6m,T_roll_p50,P1_long_cash,7,procyclical,0.48262027718908307,0.48262027718908307,0.4097656281677865,0.2531288058739586,0.049227738737457116,0.11298388066899245,-0.19447703143659312,0.3275862068965517,3.724137931034483,116,116,True
pct_6m,nhs_pct_6m,T_roll_p50,P1_long_cash,8,procyclical,0.6269209330846711,0.6269209330846711,0.6187721315973729,0.31613667819920055,0.07170872844146436,0.12266861434114985,-0.2268282467252346,0.35344827586206895,3.724137931034483,116,116,True
pct_6m,nhs_pct_6m,T_roll_p50,P1_long_cash,9,procyclical,0.8285225608303755,0.8285225608303755,0.8094843425257143,0.7038056049714055,0.09523964558480569,0.1186444438955908,-0.13532095355886675,0.35344827586206895,3.724137931034483,116,116,True
pct_6m,nhs_pct_6m,T_roll_p50,P1_long_cash,10,procyclical,0.7993114676756176,0.7993114676756176,0.879281855518417,0.6608200061365036,0.08904088123048437,0.11522751377218603,-0.13474301686334156,0.35344827586206895,3.620689655172414,116,116,True
pct_6m,nhs_pct_6m,T_roll_p50,P1_long_cash,11,procyclical,0.6636760550202226,0.6636760550202226,0.6160267781390539,0.358860863162928,0.06979019536669973,0.11125660101077393,-0.19447703143659323,0.3706896551724138,3.620689655172414,116,116,True
pct_6m,nhs_pct_6m,T_roll_p50,P1_long_cash,12,procyclical,0.8587640980420156,0.8587640980420156,0.8330164391952853,0.4928692648110312,0.0956913432016393,0.1142877922887351,-0.1941515733149396,0.3620689655172414,3.620689655172414,116,116,True
pct_6m,nhs_pct_6m,T_roll_p50,P1_long_cash,13,procyclical,0.9194577478269612,0.9194577478269612,0.8411513829873711,0.5093506982257793,0.09995445053135343,0.1106000891746918,-0.19623895850054718,0.3793103448275862,3.620689655172414,116,116,True
pct_6m,nhs_pct_6m,T_roll_p50,P1_long_cash,14,procyclical,1.1670291305815872,1.1670291305815872,1.3911818640094094,1.3217249715426111,0.11637569305373696,0.09884284625729386,-0.08804834255186433,0.3620689655172414,3.724137931034483,116,116,True
pct_6m,nhs_pct_6m,T_roll_p50,P1_long_cash,2,countercyclical,0.8276225550661638,0.8276225550661638,0.973398843919576,0.7176003405531498,0.09710636235781966,0.12113938693637473,-0.13532095355886664,0.39655172413793105,3.517241379310345,116,116,True
pct_6m,nhs_pct_6m,T_roll_p50,P1_long_cash,3,countercyclical,0.8667336121721624,0.8667336121721624,0.8195401543420351,0.5760405815133652,0.10006509070801406,0.11855319550968832,-0.17371187711310987,0.39655172413793105,3.517241379310345,116,116,True
pct_6m,nhs_pct_6m,T_roll_p50,P1_long_cash,4,countercyclical,0.837676553997933,0.837676553997933,0.9605801020324277,0.6163147756871602,0.09310537771567873,0.11432220465642735,-0.15106789807508814,0.3793103448275862,3.517241379310345,116,116,True
pct_6m,nhs_pct_6m,T_roll_p50,P1_long_cash,5,countercyclical,0.548407133949581,0.548407133949581,0.7021841379288434,0.32027340474980076,0.05433310323073992,0.10706132957673058,-0.16964600377351102,0.3620689655172414,3.620689655172414,116,116,True
pct_6m,nhs_pct_6m,T_roll_p50,P1_long_cash,6,countercyclical,0.5073250513419885,0.5073250513419885,0.4662091395899479,0.2549202933539871,0.053610877190037654,0.11651305353002989,-0.21030447001562402,0.3706896551724138,3.620689655172414,116,116,True
pct_6m,nhs_pct_6m,T_roll_p50,P1_long_cash,7,countercyclical,0.913988065026274,0.913988065026274,1.1375633135448968,0.767076912841259,0.09961557585038983,0.11087366729808264,-0.12986386916719073,0.3793103448275862,3.724137931034483,116,116,True
pct_6m,nhs_pct_6m,T_roll_p50,P1_long_cash,8,countercyclical,0.7855982364506898,0.7855982364506898,0.8244439291375626,0.3752287516326098,0.07654919056956033,0.10051193423791219,-0.204006729858778,0.35344827586206895,3.724137931034483,116,116,True
pct_6m,nhs_pct_6m,T_roll_p50,P1_long_cash,9,countercyclical,0.5487653733355253,0.5487653733355253,0.5609956524108844,0.2673485627880248,0.053419832619321594,0.10490079140369026,-0.19981342731839213,0.35344827586206895,3.724137931034483,116,116,True
pct_6m,nhs_pct_6m,T_roll_p50,P1_long_cash,10,countercyclical,0.5860100235329174,0.5860100235329174,0.5286569997279915,0.2973566121416419,0.05941584380780718,0.10880845844280802,-0.1998134273183918,0.35344827586206895,3.620689655172414,116,116,True
pct_6m,nhs_pct_6m,T_roll_p50,P1_long_cash,11,countercyclical,0.7258881358287949,0.7258881358287949,0.807822744289519,0.30371623409443366,0.07847984504523642,0.11300250595095289,-0.25839858471587296,0.33620689655172414,3.620689655172414,116,116,True
pct_6m,nhs_pct_6m,T_roll_p50,P1_long_cash,12,countercyclical,0.5264632902779203,0.5264632902779203,0.5270610152318305,0.2214449181182058,0.05298556138876798,0.10963588277919621,-0.239271968122044,0.3448275862068966,3.620689655172414,116,116,True
pct_6m,nhs_pct_6m,T_roll_p50,P1_long_cash,13,countercyclical,0.47839772007635134,0.47839772007635134,0.4954394013629304,0.20438872283542633,0.048904491974783415,0.11323927616511144,-0.239271968122044,0.3275862068965517,3.620689655172414,116,116,True
pct_6m,nhs_pct_6m,T_roll_p50,P1_long_cash,14,countercyclical,0.32919912476030716,0.32919912476030716,0.2951335764081868,0.16533656370584215,0.03347571190306753,0.12306545328802927,-0.20247010795885234,0.3448275862068966,3.724137931034483,116,116,True
pct_3m,nhs_pct_3m,T0_zero,P1_long_cash,2,procyclical,0.7806918153018445,0.7806918153018445,0.8858757751037034,0.35583329940460884,0.07367455838719272,0.09727795278132201,-0.20704795900346384,0.35344827586206895,4.0344827586206895,116,116,True
pct_3m,nhs_pct_3m,T0_zero,P1_long_cash,3,procyclical,0.7415854795197168,0.7415854795197168,0.7576361568321645,0.7658792854338822,0.06722057857132069,0.09380872229470269,-0.08776915611869462,0.35344827586206895,4.0344827586206895,116,116,True
pct_3m,nhs_pct_3m,T0_zero,P1_long_cash,4,procyclical,0.3455684271065284,0.3455684271065284,0.30231563549608576,0.11388615502738182,0.03289550544640729,0.11179064234423844,-0.28884551803946823,0.3275862068965517,4.137931034482759,116,116,True
pct_3m,nhs_pct_3m,T0_zero,P1_long_cash,5,procyclical,0.6868656763485652,0.6868656763485652,0.6756555357568315,0.413782559222066,0.07690749902343486,0.1181980739167979,-0.1858645254841702,0.33620689655172414,4.0344827586206895,116,116,True
pct_3m,nhs_pct_3m,T0_zero,P1_long_cash,6,procyclical,0.7603635729912445,0.7603635729912445,0.9190181038430429,0.6512799981924375,0.08150701842230834,0.11130427213631448,-0.12514896611061743,0.35344827586206895,4.0344827586206895,116,116,True
pct_3m,nhs_pct_3m,T0_zero,P1_long_cash,7,procyclical,0.34398954107281077,0.34398954107281077,0.26468588051037734,0.136996345523485,0.03331226651372576,0.11453661373074274,-0.24316171636866846,0.3448275862068966,4.0344827586206895,116,116,True
pct_3m,nhs_pct_3m,T0_zero,P1_long_cash,8,procyclical,1.078460082909212,1.078460082909212,1.1502330224234796,0.942145893636015,0.12198512847013565,0.11301074975440957,-0.12947583733487344,0.39655172413793105,3.931034482758621,116,116,True
pct_3m,nhs_pct_3m,T0_zero,P1_long_cash,9,procyclical,0.7382207344040073,0.7382207344040073,0.665196384130029,0.39937987283005133,0.08037908140305516,0.11386196581319372,-0.20125972005920034,0.3793103448275862,3.931034482758621,116,116,True
pct_3m,nhs_pct_3m,T0_zero,P1_long_cash,10,procyclical,1.075614180627449,1.075614180627449,1.3019283269370718,1.2862007934065385,0.11970485916058382,0.11119449559573778,-0.09306856268028119,0.3793103448275862,4.0344827586206895,116,116,True
pct_3m,nhs_pct_3m,T0_zero,P1_long_cash,11,procyclical,0.5988348441820744,0.5988348441820744,0.5907147212935049,0.30748020291848427,0.05979783708910813,0.10672843186624396,-0.19447703143659323,0.3706896551724138,4.137931034482759,116,116,True
pct_3m,nhs_pct_3m,T0_zero,P1_long_cash,12,procyclical,0.5877232494318496,0.5877232494318496,0.5689362822791738,0.27190275014118687,0.0646655072300979,0.11876751073701626,-0.23782586677229267,0.3620689655172414,4.137931034482759,116,116,True
pct_3m,nhs_pct_3m,T0_zero,P1_long_cash,13,procyclical,0.8043374028297501,0.8043374028297501,0.8295296939851008,0.3737356011252503,0.0944178007699672,0.12169624640779625,-0.25263261109108226,0.3879310344827586,4.0344827586206895,116,116,True
pct_3m,nhs_pct_3m,T0_zero,P1_long_cash,14,procyclical,1.0055185107859714,1.0055185107859714,0.8740919439017544,0.8476081599526311,0.10614151306227915,0.10631284787535467,-0.12522474189985489,0.39655172413793105,4.0344827586206895,116,116,True
pct_3m,nhs_pct_3m,T0_zero,P1_long_cash,2,countercyclical,0.6807712352697018,0.6807712352697018,0.6734751759997502,0.3296197738306608,0.08095809818769717,0.12634747493140577,-0.24561056288233685,0.3620689655172414,4.0344827586206895,116,116,True
pct_3m,nhs_pct_3m,T0_zero,P1_long_cash,3,countercyclical,0.7228521792674353,0.7228521792674353,0.7732239918178426,0.4915319903727456,0.08864835479845534,0.12937456217700383,-0.18035113997611885,0.3620689655172414,4.0344827586206895,116,116,True
pct_3m,nhs_pct_3m,T0_zero,P1_long_cash,4,countercyclical,1.0092976501021242,1.0092976501021242,1.1185074713295404,0.832108252398692,0.11260168217879318,0.1123164179035122,-0.13532095355886675,0.3793103448275862,4.137931034482759,116,116,True
pct_3m,nhs_pct_3m,T0_zero,P1_long_cash,5,countercyclical,0.6790250173599877,0.6790250173599877,0.7397326107775859,0.4748043552724019,0.0685574132920217,0.10618166304827788,-0.14439086864038841,0.3706896551724138,4.0344827586206895,116,116,True
pct_3m,nhs_pct_3m,T0_zero,P1_long_cash,6,countercyclical,0.7010679774557917,0.7010679774557917,0.6468125279334266,0.3275328131951309,0.07825219770591252,0.11765845896087214,-0.23891407075386062,0.3620689655172414,4.0344827586206895,116,116,True
pct_3m,nhs_pct_3m,T0_zero,P1_long_cash,7,countercyclical,1.105142155079936,1.105142155079936,1.723053500210112,1.2145939533894474,0.12076211192065922,0.1088536071724948,-0.09942591232539921,0.3706896551724138,4.0344827586206895,116,116,True
pct_3m,nhs_pct_3m,T0_zero,P1_long_cash,8,countercyclical,0.2997560664441687,0.2997560664441687,0.25782863294628267,0.13226352087383275,0.02721978130340519,0.10986853814283581,-0.20579961219518994,0.3103448275862069,3.931034482758621,116,116,True
pct_3m,nhs_pct_3m,T0_zero,P1_long_cash,9,countercyclical,0.6754946601325956,0.6754946601325956,0.7864897651114737,0.546292917390957,0.07094371195102211,0.11056591626582364,-0.12986386916719062,0.33620689655172414,3.931034482758621,116,116,True
pct_3m,nhs_pct_3m,T0_zero,P1_long_cash,10,countercyclical,0.36376060520832204,0.36376060520832204,0.31203658628550013,0.1511919366119896,0.0351464531587069,0.1126005187489717,-0.23246248408673253,0.33620689655172414,4.0344827586206895,116,116,True
pct_3m,nhs_pct_3m,T0_zero,P1_long_cash,11,countercyclical,0.8254272719600718,0.8254272719600718,0.8473656877851187,0.41643871580329883,0.09447028140072211,0.11803137053524743,-0.22685278245201468,0.3448275862068966,4.137931034482759,116,116,True
pct_3m,nhs_pct_3m,T0_zero,P1_long_cash,12,countercyclical,0.8259970836446024,0.8259970836446024,0.8624540940505877,0.42241877431204716,0.08440494305892443,0.10501530242348751,-0.1998134273183919,0.35344827586206895,4.137931034482759,116,116,True
pct_3m,nhs_pct_3m,T0_zero,P1_long_cash,13,countercyclical,0.5940764595682683,0.5940764595682683,0.5912561633609927,0.23668673562617593,0.05663250106165707,0.10150336790754541,-0.2392719681220442,0.3275862068965517,4.0344827586206895,116,116,True
pct_3m,nhs_pct_3m,T0_zero,P1_long_cash,14,countercyclical,0.4391554572325097,0.4391554572325097,0.47828206176107335,0.1907591027626158,0.04564330595520638,0.11725099303272882,-0.23927196812204432,0.31896551724137934,4.0344827586206895,116,116,True
pct_3m,nhs_pct_3m,T_roll_p25,P1_long_cash,2,procyclical,1.2379832828319979,1.2379832828319979,1.7883690601598623,1.1844173758584966,0.15381302313783518,0.12214283767464607,-0.12986386916719073,0.5258620689655172,3.3103448275862073,116,116,True
pct_3m,nhs_pct_3m,T_roll_p25,P1_long_cash,3,procyclical,0.6055420151087789,0.6055420151087789,0.6674071892428868,0.34768038811319274,0.06761584976897628,0.12028967256535272,-0.19447703143659312,0.47413793103448276,3.4137931034482762,116,116,True
pct_3m,nhs_pct_3m,T_roll_p25,P1_long_cash,4,procyclical,0.6552729375218703,0.6552729375218703,0.7708181553710619,0.32257921477780005,0.07933086661801969,0.12954822334554303,-0.24592677700162613,0.4827586206896552,3.517241379310345,116,116,True
pct_3m,nhs_pct_3m,T_roll_p25,P1_long_cash,5,procyclical,0.8550740148941228,0.8550740148941228,1.0026833867983163,0.5592063086127469,0.11173692910197941,0.13496968470651444,-0.19981342731839202,0.49137931034482757,3.4137931034482762,116,116,True
pct_3m,nhs_pct_3m,T_roll_p25,P1_long_cash,6,procyclical,0.796511453777202,0.796511453777202,0.9694566572873663,0.5245214390047336,0.1020877505871618,0.1336052970997314,-0.19463027246487918,0.5086206896551724,3.4137931034482762,116,116,True
pct_3m,nhs_pct_3m,T_roll_p25,P1_long_cash,7,procyclical,0.8699961897758998,0.8699961897758998,0.9288284500339554,0.5496318033742316,0.11128401056679937,0.13174365635288326,-0.20247010795885234,0.5344827586206896,3.4137931034482762,116,116,True
pct_3m,nhs_pct_3m,T_roll_p25,P1_long_cash,8,procyclical,1.1768982433405852,1.1768982433405852,1.3694337198754998,0.7140245821254008,0.14914423881729633,0.1253877762460302,-0.2088782971215728,0.5603448275862069,3.3103448275862073,116,116,True
pct_3m,nhs_pct_3m,T_roll_p25,P1_long_cash,9,procyclical,1.0472804605291492,1.0472804605291492,1.1595071021180743,1.013564606892325,0.13123212617037572,0.12587370331638967,-0.12947583733487356,0.5431034482758621,3.3103448275862073,116,116,True
pct_3m,nhs_pct_3m,T_roll_p25,P1_long_cash,10,procyclical,0.9344784403315128,0.9344784403315128,1.3334533283384746,0.6867811406367411,0.11930204110589093,0.13007042236504737,-0.17371187711310976,0.5172413793103449,3.3103448275862073,116,116,True
pct_3m,nhs_pct_3m,T_roll_p25,P1_long_cash,11,procyclical,0.9100739341922327,0.9100739341922327,1.1355050737562045,0.596101407360799,0.11592803213870351,0.13032137272575475,-0.19447703143659312,0.5172413793103449,3.3103448275862073,116,116,True
pct_3m,nhs_pct_3m,T_roll_p25,P1_long_cash,12,procyclical,0.6818206126082099,0.6818206126082099,0.8322914499756814,0.3004455814225822,0.08723958767168716,0.13666465514374695,-0.2903673512474896,0.5,3.3103448275862073,116,116,True
pct_3m,nhs_pct_3m,T_roll_p25,P1_long_cash,13,procyclical,0.7195799448136101,0.7195799448136101,0.8964358303448147,0.4699115266298852,0.0969473184535623,0.1432120403845003,-0.20630972631986655,0.49137931034482757,3.2068965517241383,116,116,True
pct_3m,nhs_pct_3m,T_roll_p25,P1_long_cash,14,procyclical,1.3193150975234211,1.3193150975234211,1.643925745805098,1.3873920215118127,0.17373580780773468,0.1283745030913645,-0.12522474189985489,0.5603448275862069,3.103448275862069,116,116,True
pct_3m,nhs_pct_3m,T_roll_p25,P1_long_cash,2,countercyclical,0.048192689377604486,0.048192689377604486,-0.0004713361748908257,-0.00026359173244572205,-5.707944573618562e-05,0.09658579638839924,-0.2165449014905626,0.1810344827586207,3.3103448275862073,116,116,True
pct_3m,nhs_pct_3m,T_roll_p25,P1_long_cash,3,countercyclical,0.8035183348499205,0.8035183348499205,0.683080470587585,0.6230994007441717,0.08067631665420949,0.10332691379844768,-0.12947583733487344,0.23275862068965517,3.4137931034482762,116,116,True
pct_3m,nhs_pct_3m,T_roll_p25,P1_long_cash,4,countercyclical,0.776284386520364,0.776284386520364,0.5775870063504285,0.45639541702325265,0.06894669634080608,0.0914305077012825,-0.15106789807508814,0.22413793103448276,3.517241379310345,116,116,True
pct_3m,nhs_pct_3m,T_roll_p25,P1_long_cash,5,countercyclical,0.49434696877646955,0.49434696877646955,0.41529546336969664,0.2918531269955537,0.03778792799655051,0.08183816794031756,-0.12947583733487356,0.21551724137931033,3.4137931034482762,116,116,True
pct_3m,nhs_pct_3m,T_roll_p25,P1_long_cash,6,countercyclical,0.5842203534885089,0.5842203534885089,0.4199101136596201,0.33407174646740134,0.04687413821204944,0.08463822035984474,-0.14031159087146394,0.19827586206896552,3.4137931034482762,116,116,True
pct_3m,nhs_pct_3m,T_roll_p25,P1_long_cash,7,countercyclical,0.4741647473111554,0.4741647473111554,0.5017299892905783,0.38431522864578765,0.038210892228651705,0.08699305805053138,-0.09942591232539888,0.1724137931034483,3.4137931034482762,116,116,True
pct_3m,nhs_pct_3m,T_roll_p25,P1_long_cash,8,countercyclical,0.08939934865426254,0.08939934865426254,0.03912458333768019,0.021721419937547795,0.004005524421749174,0.09280679296960348,-0.18440435446971848,0.14655172413793102,3.3103448275862073,116,116,True
pct_3m,nhs_pct_3m,T_roll_p25,P1_long_cash,9,countercyclical,0.25601103551921056,0.25601103551921056,0.2164743704490891,0.10666363716151187,0.019903110456946482,0.09390396166342932,-0.1865969601881179,0.16379310344827586,3.3103448275862073,116,116,True
pct_3m,nhs_pct_3m,T_roll_p25,P1_long_cash,10,countercyclical,0.3858020847986132,0.3858020847986132,0.21265002155770305,0.2464437446161231,0.030773751640859937,0.08895108753876182,-0.12487130354554199,0.1896551724137931,3.3103448275862073,116,116,True
pct_3m,nhs_pct_3m,T_roll_p25,P1_long_cash,11,countercyclical,0.41954675891875076,0.41954675891875076,0.28909614814637086,0.1727277454026943,0.03389029659807585,0.08881831468006957,-0.1962064433774935,0.1896551724137931,3.3103448275862073,116,116,True
pct_3m,nhs_pct_3m,T_roll_p25,P1_long_cash,12,countercyclical,0.7814800814924718,0.7814800814924718,0.5245253945043599,0.2673523172479633,0.061171040139119004,0.08021284615571281,-0.22880310434109397,0.20689655172413793,3.3103448275862073,116,116,True
pct_3m,nhs_pct_3m,T_roll_p25,P1_long_cash,13,countercyclical,0.7842765207767838,0.7842765207767838,0.5185478704056371,0.4215765846717317,0.05177992116932595,0.0673397799460797,-0.12282447140570041,0.21551724137931033,3.2068965517241383,116,116,True
pct_3m,nhs_pct_3m,T_roll_p25,P1_long_cash,14,countercyclical,-0.15839696587986518,-0.15839696587986518,-0.16948289770018915,-0.07066790312518584,-0.017029934287407844,0.0852345848167009,-0.24098541960753928,0.14655172413793102,3.103448275862069,116,116,True
pct_3m,nhs_pct_3m,T_roll_p50,P1_long_cash,2,procyclical,0.8672649692328471,0.8672649692328471,1.0851880221198202,0.6398646206061293,0.08756896237077316,0.1031252734349223,-0.13685545277971622,0.3620689655172414,4.0344827586206895,116,116,True
pct_3m,nhs_pct_3m,T_roll_p50,P1_long_cash,3,procyclical,0.8145760424335793,0.8145760424335793,0.8933889996303951,0.8077729879320128,0.07310432416884716,0.0919734819453664,-0.0905010755014255,0.35344827586206895,4.0344827586206895,116,116,True
pct_3m,nhs_pct_3m,T_roll_p50,P1_long_cash,4,procyclical,0.5140194388320344,0.5140194388320344,0.5637932945610349,0.22549081590904146,0.0502825835498284,0.10648643492714781,-0.22299171408431728,0.3275862068965517,4.0344827586206895,116,116,True
pct_3m,nhs_pct_3m,T_roll_p50,P1_long_cash,5,procyclical,0.6392637276512894,0.6392637276512894,0.5995145803424053,0.36710616085985476,0.06823201239053245,0.11350055269717865,-0.18586452548417043,0.31896551724137934,3.931034482758621,116,116,True
pct_3m,nhs_pct_3m,T_roll_p50,P1_long_cash,6,procyclical,0.6421750223772981,0.6421750223772981,0.7452445487085099,0.5157333370846463,0.06454349392492209,0.10622389204726697,-0.12514896611061754,0.3275862068965517,4.0344827586206895,116,116,True
pct_3m,nhs_pct_3m,T_roll_p50,P1_long_cash,7,procyclical,0.275730375696945,0.275730375696945,0.20700260177341584,0.12433463829994816,0.025397395346351104,0.11521041365196309,-0.2042664513575192,0.31896551724137934,4.0344827586206895,116,116,True
pct_3m,nhs_pct_3m,T_roll_p50,P1_long_cash,8,procyclical,1.0785571601411268,1.0785571601411268,1.1330333091099927,0.9385703488924924,0.12152218182053987,0.1125701156813334,-0.12947583733487356,0.3879310344827586,3.931034482758621,116,116,True
pct_3m,nhs_pct_3m,T_roll_p50,P1_long_cash,9,procyclical,0.7087882959278409,0.7087882959278409,0.6345895407925114,0.3810037098028668,0.07668069997644178,0.11369444243608612,-0.20125972005920034,0.3620689655172414,3.931034482758621,116,116,True
pct_3m,nhs_pct_3m,T_roll_p50,P1_long_cash,10,procyclical,1.1237513923401257,1.1237513923401257,1.3210516185625318,1.3586870332084333,0.12560517537831317,0.11114404552376135,-0.09244599551502775,0.3706896551724138,4.0344827586206895,116,116,True
pct_3m,nhs_pct_3m,T_roll_p50,P1_long_cash,11,procyclical,0.564386830037172,0.564386830037172,0.5385852386750504,0.28455271974301405,0.05533896822283024,0.10551354603185015,-0.19447703143659323,0.35344827586206895,4.137931034482759,116,116,True
pct_3m,nhs_pct_3m,T_roll_p50,P1_long_cash,12,procyclical,0.4316628988327954,0.4316628988327954,0.4015161452890168,0.18526524446815712,0.044060867348420185,0.115400612574995,-0.23782586677229278,0.3275862068965517,4.137931034482759,116,116,True
pct_3m,nhs_pct_3m,T_roll_p50,P1_long_cash,13,procyclical,0.601975678118799,0.601975678118799,0.6163626111298818,0.2691957638875499,0.0680076287255702,0.12177232042368234,-0.25263261109108226,0.3448275862068966,4.0344827586206895,116,116,True
pct_3m,nhs_pct_3m,T_roll_p50,P1_long_cash,14,procyclical,1.0660519577072574,1.0660519577072574,0.940400926521755,0.9331365581695564,0.11685178465410173,0.10971574331476941,-0.125224741899855,0.3879310344827586,4.0344827586206895,116,116,True
pct_3m,nhs_pct_3m,T_roll_p50,P1_long_cash,2,countercyclical,0.5517860083817829,0.5517860083817829,0.4912154102701228,0.24744160057125644,0.06084966015852222,0.12038830695373452,-0.24591523825436612,0.3448275862068966,4.0344827586206895,116,116,True
pct_3m,nhs_pct_3m,T_roll_p50,P1_long_cash,3,countercyclical,0.6265719026325779,0.6265719026325779,0.6416688540822062,0.3620077573976745,0.07514911471781138,0.12918888505934625,-0.2075897910531741,0.35344827586206895,4.0344827586206895,116,116,True
pct_3m,nhs_pct_3m,T_roll_p50,P1_long_cash,4,countercyclical,0.8633582935323737,0.8633582935323737,0.7836745886460798,0.7279817438596463,0.09851118375253387,0.11713494116593007,-0.13532095355886653,0.3793103448275862,4.0344827586206895,116,116,True
pct_3m,nhs_pct_3m,T_roll_p50,P1_long_cash,5,countercyclical,0.7522963458180291,0.7522963458180291,0.8526344755735835,0.5544185504057746,0.08005297608343476,0.11073925122451697,-0.14439086864038841,0.3879310344827586,3.931034482758621,116,116,True
pct_3m,nhs_pct_3m,T_roll_p50,P1_long_cash,6,countercyclical,0.7447609545554609,0.7447609545554609,0.679166119261167,0.35073377144742285,0.08379523308735792,0.11769036716266827,-0.2389140707538605,0.3793103448275862,4.0344827586206895,116,116,True
pct_3m,nhs_pct_3m,T_roll_p50,P1_long_cash,7,countercyclical,1.1562860976805742,1.1562860976805742,1.716526375869766,1.2589349661507732,0.1251707575678862,0.10732509026181773,-0.09942591232539921,0.3879310344827586,4.0344827586206895,116,116,True
pct_3m,nhs_pct_3m,T_roll_p50,P1_long_cash,8,countercyclical,0.3124212146656218,0.3124212146656218,0.27216441060156304,0.13961763203474017,0.028733254528360286,0.11027489344270454,-0.20579961219519016,0.31896551724137934,3.931034482758621,116,116,True
pct_3m,nhs_pct_3m,T_roll_p50,P1_long_cash,9,countercyclical,0.6809190184345078,0.6809190184345078,0.7935196265838151,0.5511758334859114,0.07157782632793164,0.11055680381030503,-0.12986386916719062,0.3448275862068966,3.931034482758621,116,116,True
pct_3m,nhs_pct_3m,T_roll_p50,P1_long_cash,10,countercyclical,0.2777963360761583,0.2777963360761583,0.22764647379173603,0.10755134094209863,0.025001651882259335,0.11147463271933865,-0.23246248408673242,0.33620689655172414,4.0344827586206895,116,116,True
pct_3m,nhs_pct_3m,T_roll_p50,P1_long_cash,11,countercyclical,0.8151616495867823,0.8151616495867823,0.8442693086205939,0.41105050388945613,0.09324795053562585,0.11815455832648072,-0.2268527824520148,0.35344827586206895,4.137931034482759,116,116,True
pct_3m,nhs_pct_3m,T_roll_p50,P1_long_cash,12,countercyclical,0.9804370695768118,0.9804370695768118,1.024193206563301,0.5257773664811223,0.10505737760303124,0.10816742938644838,-0.1998134273183919,0.3793103448275862,4.137931034482759,116,116,True
pct_3m,nhs_pct_3m,T_roll_p50,P1_long_cash,13,countercyclical,0.8127807366694533,0.8127807366694533,0.7963055878400458,0.3355173238742881,0.08027989042244221,0.10157911175119254,-0.2392719681220441,0.3620689655172414,4.0344827586206895,116,116,True
pct_3m,nhs_pct_3m,T_roll_p50,P1_long_cash,14,countercyclical,0.34309568917369543,0.34309568917369543,0.3472219497146351,0.13477127581578874,0.03303516185660782,0.11338771869790835,-0.24512019832595278,0.31896551724137934,4.0344827586206895,116,116,True
mom,nhs_mom,T0_zero,P1_long_cash,2,procyclical,1.4502126289732067,1.4502126289732067,2.5811245149405804,1.2617924349030487,0.1647754618941113,0.10985678873066854,-0.1305884053004106,0.41379310344827586,7.344827586206897,116,116,True
mom,nhs_mom,T0_zero,P1_long_cash,3,procyclical,0.9160950711788193,0.9160950711788193,1.1401339960192176,0.8825974725972389,0.08672148914759359,0.09602828782029858,-0.09825712381930618,0.35344827586206895,7.344827586206897,116,116,True
mom,nhs_mom,T0_zero,P1_long_cash,4,procyclical,0.4071728877959838,0.4071728877959838,0.3935432294302294,0.14615794619281144,0.037776744720141586,0.10450812770740457,-0.25846521317634374,0.3448275862068966,7.448275862068966,116,116,True
mom,nhs_mom,T0_zero,P1_long_cash,5,procyclical,0.8509191731021263,0.8509191731021263,0.7702607770423231,0.47167239161372326,0.09172944653163517,0.11065135008042373,-0.19447703143659323,0.3706896551724138,7.344827586206897,116,116,True
mom,nhs_mom,T0_zero,P1_long_cash,6,procyclical,0.569895192527628,0.569895192527628,0.5705223787195026,0.28701353976801053,0.060272634421637106,0.11428734143549459,-0.2099992720564846,0.3620689655172414,7.448275862068966,116,116,True
mom,nhs_mom,T0_zero,P1_long_cash,7,procyclical,0.6123459719053811,0.6123459719053811,0.5614878706945182,0.3657395557627363,0.06864868226306098,0.12045597448770212,-0.18769827102758052,0.3448275862068966,7.448275862068966,116,116,True
mom,nhs_mom,T0_zero,P1_long_cash,8,procyclical,1.117355727971374,1.117355727971374,1.4423406577214672,1.3559859073803493,0.12222568634870945,0.10884086205520636,-0.09013787361908443,0.3879310344827586,7.448275862068966,116,116,True
mom,nhs_mom,T0_zero,P1_long_cash,9,procyclical,0.40510732981613123,0.40510732981613123,0.3376293152640772,0.12246931493879461,0.039729569434500345,0.1119035256265508,-0.3244042759147925,0.35344827586206895,7.448275862068966,116,116,True
mom,nhs_mom,T0_zero,P1_long_cash,10,procyclical,1.3105753724222506,1.3105753724222506,1.4080715971195035,1.5854044302891699,0.14656429085201772,0.10938203149312022,-0.09244599551502775,0.39655172413793105,7.344827586206897,116,116,True
mom,nhs_mom,T0_zero,P1_long_cash,11,procyclical,0.786304784827515,0.786304784827515,0.9873209804839068,0.5425633398604901,0.08031142701881189,0.10554355449575133,-0.1480222144007416,0.3620689655172414,7.241379310344828,116,116,True
mom,nhs_mom,T0_zero,P1_long_cash,12,procyclical,0.43880212748306285,0.43880212748306285,0.40014411791738214,0.2142218799103129,0.04356028423441516,0.11146014535999567,-0.20334190070898595,0.3448275862068966,7.344827586206897,116,116,True
mom,nhs_mom,T0_zero,P1_long_cash,13,procyclical,0.5861119945130088,0.5861119945130088,0.6255646378642291,0.30244615005987124,0.06873599713620604,0.12739458324099273,-0.22726689403253864,0.35344827586206895,7.344827586206897,116,116,True
mom,nhs_mom,T0_zero,P1_long_cash,14,procyclical,1.1328414245889304,1.1328414245889304,1.0521551230325066,0.9273604761662709,0.12847025694286418,0.11276367601218597,-0.13853324596489502,0.4051724137931034,7.241379310344828,116,116,True
mom,nhs_mom,T0_zero,P1_long_cash,2,countercyclical,0.0026762188528982565,0.0026762188528982565,-0.04756975116938398,-0.017418087188802875,-0.005817834744113237,0.11002799864732699,-0.3340111162064455,0.3017241379310345,7.551724137931035,116,116,True
mom,nhs_mom,T0_zero,P1_long_cash,3,countercyclical,0.5611283457158208,0.5611283457158208,0.5606208781900198,0.2368752589990721,0.06482727066100424,0.1263529534300418,-0.2736768328399303,0.3620689655172414,7.551724137931035,116,116,True
mom,nhs_mom,T0_zero,P1_long_cash,4,countercyclical,0.9566699381728568,0.9566699381728568,0.9085727271478452,0.7172194743130049,0.11170245247289667,0.11840119574762065,-0.1557437527472213,0.3620689655172414,7.655172413793104,116,116,True
mom,nhs_mom,T0_zero,P1_long_cash,5,countercyclical,0.4590071225318101,0.4590071225318101,0.5222955924317718,0.2728891815098251,0.04782861312095443,0.11660080253019907,-0.17526753115067117,0.33620689655172414,7.551724137931035,116,116,True
mom,nhs_mom,T0_zero,P1_long_cash,6,countercyclical,0.6607074667534139,0.6607074667534139,0.5758728248022977,0.46257300546414687,0.07324910415633856,0.11777677240064195,-0.15835144569848003,0.3448275862068966,7.655172413793104,116,116,True
mom,nhs_mom,T0_zero,P1_long_cash,7,countercyclical,0.8649482255285978,0.8649482255285978,1.1125721851427324,0.6143500135361489,0.0930662402125364,0.11011183103434337,-0.15148732507850804,0.3706896551724138,7.655172413793104,116,116,True
mom,nhs_mom,T0_zero,P1_long_cash,8,countercyclical,0.3411538297618146,0.3411538297618146,0.27907180000114395,0.10955732969957312,0.03305055612610386,0.11484669853513642,-0.3016736188873417,0.3275862068965517,7.655172413793104,116,116,True
mom,nhs_mom,T0_zero,P1_long_cash,9,countercyclical,1.0071476992134245,1.0071476992134245,1.283793095358847,0.8552104628935983,0.11168057054550107,0.11156969192093166,-0.13058840530041071,0.3620689655172414,7.655172413793104,116,116,True
mom,nhs_mom,T0_zero,P1_long_cash,10,countercyclical,0.1643615848001307,0.1643615848001307,0.1251404312726194,0.06078493544540045,0.012239102479190134,0.11319209102408842,-0.20135091679391193,0.31896551724137934,7.551724137931035,116,116,True
mom,nhs_mom,T0_zero,P1_long_cash,11,countercyclical,0.6669573272958764,0.6669573272958764,0.5766286240804435,0.4507071735580467,0.07545648228017154,0.12009234374033828,-0.16741797492258792,0.35344827586206895,7.448275862068966,116,116,True
mom,nhs_mom,T0_zero,P1_long_cash,12,countercyclical,0.9111297810554985,0.9111297810554985,1.0044610540067138,0.4453565222976389,0.10123132725166295,0.1131376301464714,-0.2273040186531914,0.3620689655172414,7.551724137931035,116,116,True
mom,nhs_mom,T0_zero,P1_long_cash,13,countercyclical,0.8278514470256764,0.8278514470256764,0.79556722254705,0.7366023794392903,0.0767275497361255,0.09496717386622888,-0.10416413505822686,0.35344827586206895,7.551724137931035,116,116,True
mom,nhs_mom,T0_zero,P1_long_cash,14,countercyclical,0.3428641855364731,0.3428641855364731,0.3517291784250227,0.14100404832926688,0.03337887044307419,0.11484118257461987,-0.23672278093129084,0.3103448275862069,7.448275862068966,116,116,True
mom,nhs_mom,T_roll_p25,P1_long_cash,2,procyclical,1.1134885685643654,1.1134885685643654,1.372563109053074,0.7971207232860965,0.15502167196127004,0.13875246563035157,-0.19447703143659312,0.5517241379310345,5.586206896551724,116,116,True
mom,nhs_mom,T_roll_p25,P1_long_cash,3,procyclical,0.83254621895266,0.83254621895266,0.9869250299889489,0.5429789226584126,0.10559692901124751,0.13137831123626575,-0.194477031436593,0.5172413793103449,5.586206896551724,116,116,True
mom,nhs_mom,T_roll_p25,P1_long_cash,4,procyclical,0.7296311869696113,0.7296311869696113,0.8428566682420541,0.33549791338717017,0.09399560478179358,0.13619041414896296,-0.28016747953159726,0.5172413793103449,5.689655172413794,116,116,True
mom,nhs_mom,T_roll_p25,P1_long_cash,5,procyclical,0.934777501786524,0.934777501786524,1.061652176117506,0.6324131992796814,0.12298984163723103,0.1342363812260358,-0.19447703143659312,0.5172413793103449,5.689655172413794,116,116,True
mom,nhs_mom,T_roll_p25,P1_long_cash,6,procyclical,1.0213493467686987,1.0213493467686987,1.3046345980022767,0.6720562825292126,0.13048078460923618,0.12869659791301466,-0.1941515733149396,0.5344827586206896,5.793103448275862,116,116,True
mom,nhs_mom,T_roll_p25,P1_long_cash,7,procyclical,0.6746039396873853,0.6746039396873853,0.7642286488047979,0.2558302497806972,0.08528652437475714,0.13519827716414196,-0.3333715401046845,0.4827586206896552,5.689655172413794,116,116,True
mom,nhs_mom,T_roll_p25,P1_long_cash,8,procyclical,1.2337091094308956,1.2337091094308956,1.82934638903131,1.2034562395552442,0.15581850431229327,0.12420795848804052,-0.12947583733487344,0.5517241379310345,5.586206896551724,116,116,True
mom,nhs_mom,T_roll_p25,P1_long_cash,9,procyclical,0.7564504137943829,0.7564504137943829,0.8803512812966892,0.33528089440731534,0.09516897158657867,0.13214300980483554,-0.28384847801963575,0.5086206896551724,5.586206896551724,116,116,True
mom,nhs_mom,T_roll_p25,P1_long_cash,10,procyclical,1.0781071627152583,1.0781071627152583,1.4145904691513647,0.8267179612752169,0.14355544994731728,0.13318918193896703,-0.17364501156583345,0.5344827586206896,5.482758620689656,116,116,True
mom,nhs_mom,T_roll_p25,P1_long_cash,11,procyclical,0.9681062277820961,0.9681062277820961,1.191102871554616,0.6209921161781431,0.12076870329985323,0.1265494538982609,-0.19447703143659312,0.5258620689655172,5.379310344827586,116,116,True
mom,nhs_mom,T_roll_p25,P1_long_cash,12,procyclical,0.5904971276043413,0.5904971276043413,0.6884742810280762,0.38435293744886256,0.07474781829898935,0.13856428878407714,-0.19447703143659312,0.49137931034482757,5.482758620689656,116,116,True
mom,nhs_mom,T_roll_p25,P1_long_cash,13,procyclical,0.7873523369235151,0.7873523369235151,1.0371587665503896,0.5440770749790997,0.10563342011178256,0.14044082080612785,-0.1941515733149396,0.5,5.586206896551724,116,116,True
mom,nhs_mom,T_roll_p25,P1_long_cash,14,procyclical,0.8630523451920137,0.8630523451920137,1.047013488046549,0.5618279304537772,0.11307333200456715,0.1351836656748201,-0.20125972005920045,0.5086206896551724,5.586206896551724,116,116,True
mom,nhs_mom,T_roll_p25,P1_long_cash,2,countercyclical,0.019492611070213172,0.019492611070213172,-0.011650039096980931,-0.006332884464850712,-0.0011034492791071049,0.07008994834356015,-0.1742411827077469,0.15517241379310345,5.586206896551724,116,116,True
mom,nhs_mom,T_roll_p25,P1_long_cash,3,countercyclical,0.5289477578556745,0.5289477578556745,0.41985805501383905,0.18697394899327116,0.04355134665741622,0.08788581382559556,-0.2329273510663432,0.1896551724137931,5.586206896551724,116,116,True
mom,nhs_mom,T_roll_p25,P1_long_cash,4,countercyclical,0.6993940898644369,0.6993940898644369,0.5965642732680303,0.3615442674564921,0.05461773254574975,0.08077956009618095,-0.15106789807508814,0.1896551724137931,5.689655172413794,116,116,True
mom,nhs_mom,T_roll_p25,P1_long_cash,5,countercyclical,0.369801450454209,0.369801450454209,0.3551521850564102,0.18968499151381948,0.0273887806927251,0.08216401345601002,-0.14439086864038841,0.1896551724137931,5.689655172413794,116,116,True
mom,nhs_mom,T_roll_p25,P1_long_cash,6,countercyclical,0.2712442641542213,0.2712442641542213,0.17251150230851992,0.0914875310982078,0.020580959745191363,0.09003447246653008,-0.22495917747631222,0.1724137931034483,5.793103448275862,116,116,True
mom,nhs_mom,T_roll_p25,P1_long_cash,7,countercyclical,0.7816971382915989,0.7816971382915989,0.9361815060860653,0.5175629156606268,0.0630807056179703,0.08271775200552317,-0.12188026558559151,0.22413793103448276,5.689655172413794,116,116,True
mom,nhs_mom,T_roll_p25,P1_long_cash,8,countercyclical,0.028074298641449776,0.028074298641449776,-0.013503228036126663,-0.007753901534146331,-0.0017920981318207962,0.09364545934255962,-0.23112211625706414,0.15517241379310345,5.586206896551724,116,116,True
mom,nhs_mom,T_roll_p25,P1_long_cash,9,countercyclical,0.6409862555576493,0.6409862555576493,0.5164998099745544,0.4960604670123974,0.05348781244098788,0.0872185409763091,-0.10782518664131147,0.19827586206896552,5.586206896551724,116,116,True
mom,nhs_mom,T_roll_p25,P1_long_cash,10,countercyclical,0.150096070544699,0.150096070544699,0.0786388399880071,0.059257890020270945,0.00891230432520218,0.0817696915940763,-0.15039861058423543,0.1724137931034483,5.482758620689656,116,116,True
mom,nhs_mom,T_roll_p25,P1_long_cash,11,countercyclical,0.3555047322304825,0.3555047322304825,0.25596497573347865,0.17824485021359876,0.02942485878936507,0.0938164895637905,-0.16508111597111474,0.1810344827586207,5.379310344827586,116,116,True
mom,nhs_mom,T_roll_p25,P1_long_cash,12,countercyclical,0.9600847313061528,0.9600847313061528,0.7481263282055225,0.8348255605800752,0.07350500692900663,0.07712205341109805,-0.08804834255186433,0.21551724137931033,5.482758620689656,116,116,True
mom,nhs_mom,T_roll_p25,P1_long_cash,13,countercyclical,0.6251892957291986,0.6251892957291986,0.34137780817048824,0.2601388430098203,0.043516904557157954,0.07244063884447004,-0.1672833785745529,0.20689655172413793,5.586206896551724,116,116,True
mom,nhs_mom,T_roll_p25,P1_long_cash,14,countercyclical,0.4815992080976447,0.4815992080976447,0.35450666297316885,0.2210050619419969,0.03654191593304401,0.08138497757300177,-0.16534424873324616,0.19827586206896552,5.586206896551724,116,116,True
mom,nhs_mom,T_roll_p50,P1_long_cash,2,procyclical,1.45330920595574,1.45330920595574,2.586436689364848,1.2643893113662443,0.16511458385020217,0.10982331228729394,-0.1305884053004106,0.41379310344827586,7.344827586206897,116,116,True
mom,nhs_mom,T_roll_p50,P1_long_cash,3,procyclical,1.0087070067407455,1.0087070067407455,1.5542561296233064,0.9516886094318424,0.09351018553436807,0.09313802111033384,-0.0982571238193064,0.35344827586206895,7.344827586206897,116,116,True
mom,nhs_mom,T_roll_p50,P1_long_cash,4,procyclical,0.4480361024213918,0.4480361024213918,0.4558222497204812,0.16395472403089284,0.042376592697913384,0.10500003932768906,-0.2584652131763441,0.35344827586206895,7.448275862068966,116,116,True
mom,nhs_mom,T_roll_p50,P1_long_cash,5,procyclical,0.9250951894814302,0.9250951894814302,0.8470972210373725,0.7768689766347437,0.09728321708909027,0.10684263119443943,-0.125224741899855,0.3706896551724138,7.344827586206897,116,116,True
mom,nhs_mom,T_roll_p50,P1_long_cash,6,procyclical,0.7783113961171856,0.7783113961171856,0.989851948975469,0.818130168558629,0.0805175483466618,0.10700271769534228,-0.09841654964089219,0.3706896551724138,7.448275862068966,116,116,True
mom,nhs_mom,T_roll_p50,P1_long_cash,7,procyclical,0.46498337558973435,0.46498337558973435,0.4011708223728245,0.20771802327040945,0.04788734127742189,0.11498855646397571,-0.23054013572564025,0.33620689655172414,7.448275862068966,116,116,True
mom,nhs_mom,T_roll_p50,P1_long_cash,8,procyclical,1.1582585798571863,1.1582585798571863,1.549448962848755,1.380112634923531,0.12440041826683901,0.10645920727140533,-0.09013787361908454,0.3879310344827586,7.448275862068966,116,116,True
mom,nhs_mom,T_roll_p50,P1_long_cash,9,procyclical,0.3172742476185481,0.3172742476185481,0.257474129770477,0.09090379143468427,0.029489578638278058,0.11147199107139551,-0.3244042759147924,0.3448275862068966,7.448275862068966,116,116,True
mom,nhs_mom,T_roll_p50,P1_long_cash,10,procyclical,1.1689166478439559,1.1689166478439559,1.193201206752922,0.91037464337583,0.13520110918580452,0.11452972579799228,-0.14851150586142747,0.3879310344827586,7.344827586206897,116,116,True
mom,nhs_mom,T_roll_p50,P1_long_cash,11,procyclical,0.7437696860979399,0.7437696860979399,0.8909715917986675,0.48396416554051025,0.0740271760851623,0.1033968792838361,-0.1529600357962161,0.3620689655172414,7.241379310344828,116,116,True
mom,nhs_mom,T_roll_p50,P1_long_cash,12,procyclical,0.40951174204948976,0.40951174204948976,0.3636831070791697,0.18848351976691705,0.0411925788802745,0.11482807251879527,-0.21854737714583305,0.3448275862068966,7.344827586206897,116,116,True
mom,nhs_mom,T_roll_p50,P1_long_cash,13,procyclical,0.602036077277319,0.602036077277319,0.6714459285611382,0.29866165544082635,0.07286704992303661,0.13127182128114193,-0.24397859114349452,0.35344827586206895,7.344827586206897,116,116,True
mom,nhs_mom,T_roll_p50,P1_long_cash,14,procyclical,0.9610003010313501,0.9610003010313501,0.9140731890211431,0.6177517801045763,0.10416989692783196,0.1097518670000306,-0.16862743302851757,0.3879310344827586,7.241379310344828,116,116,True
mom,nhs_mom,T_roll_p50,P1_long_cash,2,countercyclical,-0.03420290302969173,-0.03420290302969173,-0.0797742548302747,-0.02921005243663747,-0.009756482218810092,0.1093974488048395,-0.33401111620644575,0.29310344827586204,7.344827586206897,116,116,True
mom,nhs_mom,T_roll_p50,P1_long_cash,3,countercyclical,0.4830071711377772,0.4830071711377772,0.46508905164653075,0.23128672241134557,0.05508588707492179,0.128189703288869,-0.23817141987489898,0.35344827586206895,7.344827586206897,116,116,True
mom,nhs_mom,T_roll_p50,P1_long_cash,4,countercyclical,0.9208630074303334,0.9208630074303334,0.8690460412653314,0.7895520184371851,0.10684293201924766,0.1181736166943061,-0.13532095355886653,0.35344827586206895,7.448275862068966,116,116,True
mom,nhs_mom,T_roll_p50,P1_long_cash,5,countercyclical,0.48788978273947115,0.48788978273947115,0.5889755671898026,0.3052306781764546,0.05145795193212788,0.11688278441249028,-0.16858709039194253,0.33620689655172414,7.344827586206897,116,116,True
mom,nhs_mom,T_roll_p50,P1_long_cash,6,countercyclical,0.6202176824431546,0.6202176824431546,0.5328183805893891,0.410459857072129,0.06777272233605158,0.11703001687857638,-0.1651141303305138,0.33620689655172414,7.448275862068966,116,116,True
mom,nhs_mom,T_roll_p50,P1_long_cash,7,countercyclical,0.9415542266303005,0.9415542266303005,1.172302007380765,0.7802393341054177,0.10102214110490304,0.10875396276448869,-0.12947583733487344,0.3706896551724138,7.448275862068966,116,116,True
mom,nhs_mom,T_roll_p50,P1_long_cash,8,countercyclical,0.2805209212800246,0.2805209212800246,0.22008554148597634,0.09306966391141347,0.026099906569216236,0.11606346530962817,-0.28043409068350045,0.31896551724137934,7.448275862068966,116,116,True
mom,nhs_mom,T_roll_p50,P1_long_cash,9,countercyclical,1.0812434136808182,1.0812434136808182,1.3476267703648948,1.3701962416092353,0.12069824510129634,0.11144421951629227,-0.08808829088564829,0.3620689655172414,7.448275862068966,116,116,True
mom,nhs_mom,T_roll_p50,P1_long_cash,10,countercyclical,0.2049917635368869,0.2049917635368869,0.17125114038890063,0.08414684187705508,0.016337241739913688,0.10727171133524767,-0.1941515733149396,0.31896551724137934,7.344827586206897,116,116,True
mom,nhs_mom,T_roll_p50,P1_long_cash,11,countercyclical,0.6566659011293594,0.6566659011293594,0.5759124624505282,0.45659001781249575,0.07422529878192541,0.12024692596076861,-0.1625644361160934,0.3448275862068966,7.241379310344828,116,116,True
mom,nhs_mom,T_roll_p50,P1_long_cash,12,countercyclical,1.0017894166176924,1.0017894166176924,1.126167081874263,0.5541215347662899,0.10810160150273163,0.10864766049997977,-0.1950864471425484,0.3620689655172414,7.344827586206897,116,116,True
mom,nhs_mom,T_roll_p50,P1_long_cash,13,countercyclical,0.8634840370239787,0.8634840370239787,0.7667209888518322,0.450653820512608,0.0753868936628792,0.08898270819941882,-0.1672833785745529,0.35344827586206895,7.344827586206897,116,116,True
mom,nhs_mom,T_roll_p50,P1_long_cash,14,countercyclical,0.44236801045741464,0.44236801045741464,0.45091538301772077,0.21029695169628734,0.04490003516677987,0.1139185972435455,-0.21350777937868015,0.31896551724137934,7.241379310344828,116,116,True
zscore_60m,nhs_zscore_60m,T_z_0,P1_long_cash,2,procyclical,0.5662233289941334,0.5662233289941334,0.5349361460429959,0.3176223819980583,0.06177025796880198,0.11845583524763241,-0.19447703143659312,0.41379310344827586,2.0689655172413794,116,116,True
zscore_60m,nhs_zscore_60m,T_z_0,P1_long_cash,3,procyclical,0.5720870141177813,0.5720870141177813,0.5417625584442437,0.32173642696582316,0.06257034522132954,0.11857008170083222,-0.19447703143659312,0.4051724137931034,1.9655172413793105,116,116,True
zscore_60m,nhs_zscore_60m,T_z_0,P1_long_cash,4,procyclical,0.5886873896466482,0.5886873896466482,0.6192781637862728,0.3184807138219655,0.07035166623847844,0.13006436181733508,-0.22089772845022526,0.4224137931034483,1.9655172413793105,116,116,True
zscore_60m,nhs_zscore_60m,T_z_0,P1_long_cash,5,procyclical,0.8552541401546614,0.8552541401546614,0.8490096415925715,0.5425268980562619,0.105509020608485,0.12711935234138644,-0.19447703143659312,0.4396551724137931,1.9655172413793105,116,116,True
zscore_60m,nhs_zscore_60m,T_z_0,P1_long_cash,6,procyclical,0.7769131289567992,0.7769131289567992,0.8135344370493985,0.481682136437443,0.09367611199038994,0.12577310056489466,-0.19447703143659312,0.4482758620689655,1.9655172413793105,116,116,True
zscore_60m,nhs_zscore_60m,T_z_0,P1_long_cash,7,procyclical,0.5257574151131568,0.5257574151131568,0.526622537103967,0.2319520946290296,0.06227530812184079,0.13161851105168862,-0.2684834910477537,0.4224137931034483,1.9655172413793105,116,116,True
zscore_60m,nhs_zscore_60m,T_z_0,P1_long_cash,8,procyclical,0.7711304289958795,0.7711304289958795,0.837346253331839,0.4866191636191257,0.09463625038080536,0.12828897766179237,-0.19447703143659312,0.46551724137931033,1.8620689655172415,116,116,True
zscore_60m,nhs_zscore_60m,T_z_0,P1_long_cash,9,procyclical,0.5496031747965577,0.5496031747965577,0.5715914083170718,0.21673823039235215,0.06610239106424998,0.1327682776349227,-0.3049872232719977,0.43103448275862066,1.8620689655172415,116,116,True
zscore_60m,nhs_zscore_60m,T_z_0,P1_long_cash,10,procyclical,0.7383598255508603,0.7383598255508603,0.7972103670810408,0.4801203032383195,0.09337237130622533,0.1333079042201053,-0.19447703143659323,0.45689655172413796,1.7586206896551726,116,116,True
zscore_60m,nhs_zscore_60m,T_z_0,P1_long_cash,11,procyclical,0.6205666886116954,0.6205666886116954,0.6876805451428293,0.3238687776300581,0.07528734056601682,0.13110090520966688,-0.2324624840867323,0.4482758620689655,1.6551724137931036,116,116,True
zscore_60m,nhs_zscore_60m,T_z_0,P1_long_cash,12,procyclical,0.5665194218447086,0.5665194218447086,0.5969478269827296,0.32673113038089935,0.06896270491221101,0.13378988665230934,-0.21106866931172152,0.4482758620689655,1.5517241379310345,116,116,True
zscore_60m,nhs_zscore_60m,T_z_0,P1_long_cash,13,procyclical,0.7127438287607404,0.7127438287607404,0.8376303491053075,0.4478186693255739,0.08948018313510464,0.13299769627333435,-0.19981342731839213,0.46551724137931033,1.5517241379310345,116,116,True
zscore_60m,nhs_zscore_60m,T_z_0,P1_long_cash,14,procyclical,0.7303045932506288,0.7303045932506288,0.7803801662490457,0.3788425485696543,0.09064640220463227,0.13092480518557315,-0.2392719681220441,0.47413793103448276,1.5517241379310345,116,116,True
zscore_60m,nhs_zscore_60m,T_z_0,P1_long_cash,2,countercyclical,0.8428319255566546,0.8428319255566546,0.9376388759384692,0.6690514448267663,0.08662599603905252,0.10535085392164015,-0.12947583733487356,0.29310344827586204,2.0689655172413794,116,116,True
zscore_60m,nhs_zscore_60m,T_z_0,P1_long_cash,3,countercyclical,0.8365385409829833,0.8365385409829833,0.9194316934969377,0.475781830553658,0.08580779552027673,0.10523497977168407,-0.18035113997611862,0.3017241379310345,1.9655172413793105,116,116,True
zscore_60m,nhs_zscore_60m,T_z_0,P1_long_cash,4,countercyclical,0.8739267881526671,0.8739267881526671,0.946419380937097,0.6017656421852513,0.07791411040129326,0.09073788774209308,-0.12947583733487344,0.28448275862068967,1.9655172413793105,116,116,True
zscore_60m,nhs_zscore_60m,T_z_0,P1_long_cash,5,countercyclical,0.5016758272428868,0.5016758272428868,0.5285028027152724,0.19058572922402112,0.043634328279795964,0.09397735648908011,-0.22894856009133113,0.2672413793103448,1.9655172413793105,116,116,True
zscore_60m,nhs_zscore_60m,T_z_0,P1_long_cash,6,countercyclical,0.604108438759305,0.604108438759305,0.5950389354203456,0.25361520720482766,0.054925815313161985,0.09625879000046113,-0.21657145846464232,0.25862068965517243,1.9655172413793105,116,116,True
zscore_60m,nhs_zscore_60m,T_z_0,P1_long_cash,7,countercyclical,0.9804109111926449,0.9804109111926449,1.323285773311368,1.034242637426307,0.0861093685495502,0.08839774353949556,-0.08325838196328061,0.28448275862068967,1.9655172413793105,116,116,True
zscore_60m,nhs_zscore_60m,T_z_0,P1_long_cash,8,countercyclical,0.6133276006745336,0.6133276006745336,0.6012402874655984,0.32262520451032817,0.054000508140144454,0.09283454062740383,-0.1673784545820125,0.2413793103448276,1.8620689655172415,116,116,True
zscore_60m,nhs_zscore_60m,T_z_0,P1_long_cash,9,countercyclical,0.9559953289777482,0.9559953289777482,1.2488900424844465,0.9874136733758995,0.08221046477369676,0.08671135833971631,-0.08325838196328073,0.27586206896551724,1.8620689655172415,116,116,True
zscore_60m,nhs_zscore_60m,T_z_0,P1_long_cash,10,countercyclical,0.6718367999355418,0.6718367999355418,0.7299826995902804,0.4605495471679719,0.05521887547939186,0.085491475821973,-0.11989779562035352,0.25,1.7586206896551726,116,116,True
zscore_60m,nhs_zscore_60m,T_z_0,P1_long_cash,11,countercyclical,0.8350703073321912,0.8350703073321912,0.8372790732948053,0.6330359948661849,0.07296637894265023,0.08922442238496515,-0.11526418645131598,0.25862068965517243,1.6551724137931036,116,116,True
zscore_60m,nhs_zscore_60m,T_z_0,P1_long_cash,12,countercyclical,0.9403912352601694,0.9403912352601694,1.2962509969193357,0.9526332473057347,0.07931470277510133,0.08514642438731468,-0.08325838196328073,0.25862068965517243,1.5517241379310345,116,116,True
zscore_60m,nhs_zscore_60m,T_z_0,P1_long_cash,13,countercyclical,0.7092683215825302,0.7092683215825302,0.6651185236001342,0.6380878280828913,0.05898866449314477,0.08610596487381415,-0.09244599551502775,0.2413793103448276,1.5517241379310345,116,116,True
zscore_60m,nhs_zscore_60m,T_z_0,P1_long_cash,14,countercyclical,0.675458319268854,0.675458319268854,0.7232128292119153,0.694900566325008,0.057856296777587524,0.08919948444821714,-0.08325838196328061,0.23275862068965517,1.5517241379310345,116,116,True
zscore_60m,nhs_zscore_60m,T_z_-0.5,P1_long_cash,2,procyclical,1.0601534198284992,1.0601534198284992,1.2441409223535516,0.716456800146709,0.13933439164509243,0.13186451833785195,-0.19447703143659312,0.5862068965517241,2.4827586206896552,116,116,True
zscore_60m,nhs_zscore_60m,T_z_-0.5,P1_long_cash,3,procyclical,0.5587260931881234,0.5587260931881234,0.629555004521117,0.29094883478343103,0.06701175377345314,0.13193122193061932,-0.2303214371809862,0.5258620689655172,2.3793103448275863,116,116,True
zscore_60m,nhs_zscore_60m,T_z_-0.5,P1_long_cash,4,procyclical,0.8356809145562739,0.8356809145562739,1.0458930024362567,0.5681038281327935,0.11351477297191215,0.14103019237499273,-0.1998134273183919,0.5689655172413793,2.3793103448275863,116,116,True
zscore_60m,nhs_zscore_60m,T_z_-0.5,P1_long_cash,5,procyclical,1.033641437496328,1.033641437496328,1.3125576177116753,0.7280371778076931,0.14547160371296464,0.14177265444303921,-0.1998134273183919,0.5775862068965517,2.2758620689655173,116,116,True
zscore_60m,nhs_zscore_60m,T_z_-0.5,P1_long_cash,6,procyclical,0.7041906383903394,0.7041906383903394,0.8574357312581657,0.3943194779945157,0.09434959756860484,0.14296158637336343,-0.2392719681220441,0.5517241379310345,2.1724137931034484,116,116,True
zscore_60m,nhs_zscore_60m,T_z_-0.5,P1_long_cash,7,procyclical,0.7659433837814213,0.7659433837814213,0.9671290235260473,0.4468112350147829,0.1069094035810283,0.14720904850902053,-0.2392719681220441,0.5603448275862069,2.1724137931034484,116,116,True
zscore_60m,nhs_zscore_60m,T_z_-0.5,P1_long_cash,8,procyclical,0.9214737932768345,0.9214737932768345,1.1607275972320672,0.5480389184410066,0.13113035062285605,0.14589009257147112,-0.2392719681220441,0.5948275862068966,2.0689655172413794,116,116,True
zscore_60m,nhs_zscore_60m,T_z_-0.5,P1_long_cash,9,procyclical,0.6904924191397159,0.6904924191397159,0.8572676158345883,0.3887637180900432,0.09302025996184815,0.1443227367057647,-0.2392719681220441,0.5603448275862069,2.0689655172413794,116,116,True
zscore_60m,nhs_zscore_60m,T_z_-0.5,P1_long_cash,10,procyclical,0.9071650948707616,0.9071650948707616,1.1700142783579945,0.5512160464354148,0.13189054829105373,0.14950544671864135,-0.2392719681220441,0.5862068965517241,1.9655172413793105,116,116,True
zscore_60m,nhs_zscore_60m,T_z_-0.5,P1_long_cash,11,procyclical,0.7475085966530695,0.7475085966530695,0.9591733096604562,0.42942999931020026,0.10275056110559966,0.1454879580858317,-0.2392719681220441,0.5862068965517241,1.8620689655172415,116,116,True
zscore_60m,nhs_zscore_60m,T_z_-0.5,P1_long_cash,12,procyclical,0.8391592211514178,0.8391592211514178,1.060727934715895,0.49357796508815616,0.1180993711283167,0.14633479110651465,-0.2392719681220441,0.5948275862068966,1.8620689655172415,116,116,True
zscore_60m,nhs_zscore_60m,T_z_-0.5,P1_long_cash,13,procyclical,0.9436045305281204,0.9436045305281204,1.1410927250742535,0.5514254555608952,0.13194065402465016,0.14278624936690826,-0.2392719681220441,0.603448275862069,1.7586206896551726,116,116,True
zscore_60m,nhs_zscore_60m,T_z_-0.5,P1_long_cash,14,procyclical,0.8062837778993864,0.8062837778993864,1.0158629830209198,0.46467667962092946,0.11118410367331633,0.14418613526010232,-0.2392719681220441,0.603448275862069,1.6551724137931036,116,116,True
zscore_60m,nhs_zscore_60m,T_z_-0.5,P1_long_cash,2,countercyclical,0.19045129126918245,0.19045129126918245,0.1323659239050696,0.09770293174206196,0.012650168897375469,0.0843727562334329,-0.12947583733487356,0.1206896551724138,2.4827586206896552,116,116,True
zscore_60m,nhs_zscore_60m,T_z_-0.5,P1_long_cash,3,countercyclical,0.9336927996779221,0.9336927996779221,0.8131734063278881,0.6278248560396545,0.08128814893538072,0.08798622445414282,-0.12947583733487356,0.1810344827586207,2.3793103448275863,116,116,True
zscore_60m,nhs_zscore_60m,T_z_-0.5,P1_long_cash,4,countercyclical,0.5379121115660944,0.5379121115660944,0.3634136814206914,0.2790558514356034,0.03613099002782083,0.0706607631270213,-0.12947583733487356,0.13793103448275862,2.3793103448275863,116,116,True
zscore_60m,nhs_zscore_60m,T_z_-0.5,P1_long_cash,5,countercyclical,0.14285417143579773,0.14285417143579773,0.07825856039495788,0.07814928026260655,0.007224588012659572,0.06526536826070779,-0.09244599551502775,0.12931034482758622,2.2758620689655173,116,116,True
zscore_60m,nhs_zscore_60m,T_z_-0.5,P1_long_cash,6,countercyclical,0.811537249016987,0.811537249016987,0.7534943848473121,0.8626852924044964,0.05427659195320622,0.06801081495126679,-0.0629158656477442,0.15517241379310345,2.1724137931034484,116,116,True
zscore_60m,nhs_zscore_60m,T_z_-0.5,P1_long_cash,7,countercyclical,0.753214649379617,0.753214649379617,0.6119912453880622,0.621229588965261,0.04231399642774325,0.057236969222219845,-0.06811329849600811,0.14655172413793102,2.1724137931034484,116,116,True
zscore_60m,nhs_zscore_60m,T_z_-0.5,P1_long_cash,8,countercyclical,0.37140310488414324,0.37140310488414324,0.31529680961549217,0.3379576495457661,0.01999487812760159,0.057704481080879146,-0.05916385723026485,0.11206896551724138,2.0689655172413794,116,116,True
zscore_60m,nhs_zscore_60m,T_z_-0.5,P1_long_cash,9,countercyclical,0.8630570828504822,0.8630570828504822,0.9551609918165467,0.8830651650940089,0.055558809285257915,0.06513099301847607,-0.06291586564774443,0.14655172413793102,2.0689655172413794,116,116,True
zscore_60m,nhs_zscore_60m,T_z_-0.5,P1_long_cash,10,countercyclical,0.42773469115609475,0.42773469115609475,0.36510205501770276,0.23192657737178068,0.019309831566256097,0.04731764363464019,-0.08325838196328073,0.1206896551724138,1.9655172413793105,116,116,True
zscore_60m,nhs_zscore_60m,T_z_-0.5,P1_long_cash,11,countercyclical,0.7618584512764396,0.7618584512764396,0.8967985252325605,0.5554385185410938,0.046244912333813115,0.061838286344287945,-0.08325838196328061,0.1206896551724138,1.8620689655172415,116,116,True
zscore_60m,nhs_zscore_60m,T_z_-0.5,P1_long_cash,12,countercyclical,0.5672549684621766,0.5672549684621766,0.563414398562326,0.3829343079587634,0.03188249087887529,0.0582935945009981,-0.08325838196328073,0.11206896551724138,1.8620689655172415,116,116,True
zscore_60m,nhs_zscore_60m,T_z_-0.5,P1_long_cash,13,countercyclical,0.32529275594971163,0.32529275594971163,0.32498933142474007,0.16488724035163754,0.01926471147388109,0.06496230935447907,-0.11683567165535236,0.10344827586206896,1.7586206896551726,116,116,True
zscore_60m,nhs_zscore_60m,T_z_-0.5,P1_long_cash,14,countercyclical,0.6175687642778058,0.6175687642778058,0.7112074374590248,0.4600646466546523,0.03830423807897487,0.06413954344113053,-0.08325838196328084,0.10344827586206896,1.6551724137931036,116,116,True
zscore_60m,nhs_zscore_60m,T_roll_p25,P1_long_cash,2,procyclical,1.3211879391868935,1.3211879391868935,1.7114794686954287,1.7450835684565484,0.13879994166029763,0.10278519079099802,-0.0795377047662309,0.4482758620689655,3.724137931034483,116,116,True
zscore_60m,nhs_zscore_60m,T_roll_p25,P1_long_cash,3,procyclical,0.5655514395196386,0.5655514395196386,0.4972945741048058,0.2807991951973387,0.05460899391176288,0.1037588487508004,-0.19447703143659312,0.39655172413793105,3.724137931034483,116,116,True
zscore_60m,nhs_zscore_60m,T_roll_p25,P1_long_cash,4,procyclical,0.709653373347568,0.709653373347568,0.6826640737867248,0.4048395742464547,0.0787319986075048,0.11657253095435416,-0.19447703143659323,0.4224137931034483,3.724137931034483,116,116,True
zscore_60m,nhs_zscore_60m,T_roll_p25,P1_long_cash,5,procyclical,0.9377616349468316,0.9377616349468316,0.8664899997120872,0.5286122829185609,0.10292119924115384,0.11142649657682226,-0.19470073353745754,0.43103448275862066,3.724137931034483,116,116,True
zscore_60m,nhs_zscore_60m,T_roll_p25,P1_long_cash,6,procyclical,0.7741024310219667,0.7741024310219667,0.7581234627642665,0.3425412291382439,0.09089437567541103,0.12233906644597631,-0.2653530960465129,0.43103448275862066,3.620689655172414,116,116,True
zscore_60m,nhs_zscore_60m,T_roll_p25,P1_long_cash,7,procyclical,1.0362251477591513,1.0362251477591513,0.9766266670615922,0.8615061016233345,0.1165798271684515,0.11298180620656426,-0.13532095355886664,0.4482758620689655,3.620689655172414,116,116,True
zscore_60m,nhs_zscore_60m,T_roll_p25,P1_long_cash,8,procyclical,0.9424215406527839,0.9424215406527839,1.0115139270150744,0.5824171366551547,0.10292229489521465,0.11078508759662588,-0.17671577365717905,0.4482758620689655,3.517241379310345,116,116,True
zscore_60m,nhs_zscore_60m,T_roll_p25,P1_long_cash,9,procyclical,0.9998746875904118,0.9998746875904118,0.9498488820993934,0.9148038972452252,0.11455608192151479,0.11559747219939821,-0.125224741899855,0.45689655172413796,3.517241379310345,116,116,True
zscore_60m,nhs_zscore_60m,T_roll_p25,P1_long_cash,10,procyclical,1.1854014956231762,1.1854014956231762,1.3936133003633528,0.8806289383939846,0.13303476270727543,0.1109907610372523,-0.15106789807508803,0.45689655172413796,3.517241379310345,116,116,True
zscore_60m,nhs_zscore_60m,T_roll_p25,P1_long_cash,11,procyclical,0.5850776521837958,0.5850776521837958,0.5838114011614894,0.24444308283206206,0.06009544647311471,0.11036138487586404,-0.24584637772058227,0.4051724137931034,3.517241379310345,116,116,True
zscore_60m,nhs_zscore_60m,T_roll_p25,P1_long_cash,12,procyclical,0.6513222281854981,0.6513222281854981,0.6879454043544425,0.2927118393885193,0.07455964064758591,0.12205947411284063,-0.25472027644437767,0.4396551724137931,3.517241379310345,116,116,True
zscore_60m,nhs_zscore_60m,T_roll_p25,P1_long_cash,13,procyclical,0.8526411025600331,0.8526411025600331,0.8895691602455857,0.6321285528934236,0.10201778846025866,0.12318159930930862,-0.16138772405279844,0.43103448275862066,3.517241379310345,116,116,True
zscore_60m,nhs_zscore_60m,T_roll_p25,P1_long_cash,14,procyclical,1.1395597337611187,1.1395597337611187,1.5778540792097278,1.3966141686520592,0.12296956273426374,0.10717298811933254,-0.08804834255186433,0.4482758620689655,3.517241379310345,116,116,True
zscore_60m,nhs_zscore_60m,T_roll_p25,P1_long_cash,2,countercyclical,0.1694595340429615,0.1694595340429615,0.11614586883152367,0.053675461589404595,0.01312541555622282,0.11841745084304985,-0.2445328864915387,0.25862068965517243,3.724137931034483,116,116,True
zscore_60m,nhs_zscore_60m,T_roll_p25,P1_long_cash,3,countercyclical,0.8120677350181862,0.8120677350181862,1.0056746767409241,0.47890395363372046,0.09400466977861077,0.11967542851141202,-0.19629127942115143,0.3103448275862069,3.724137931034483,116,116,True
zscore_60m,nhs_zscore_60m,T_roll_p25,P1_long_cash,4,countercyclical,0.6803329946407622,0.6803329946407622,0.7194928824708239,0.4140334179179367,0.06954013195058728,0.10750534104215775,-0.16795777572807047,0.28448275862068967,3.724137931034483,116,116,True
zscore_60m,nhs_zscore_60m,T_roll_p25,P1_long_cash,5,countercyclical,0.45738646660545756,0.45738646660545756,0.5147855450872599,0.26672789705180705,0.04608304285365761,0.11232082841783292,-0.17277173990055794,0.27586206896551724,3.724137931034483,116,116,True
zscore_60m,nhs_zscore_60m,T_roll_p25,P1_long_cash,6,countercyclical,0.6074997839955897,0.6074997839955897,0.6307716046569419,0.23925301168192628,0.05761583326127773,0.10067913324256374,-0.2408154984392623,0.27586206896551724,3.620689655172414,116,116,True
zscore_60m,nhs_zscore_60m,T_roll_p25,P1_long_cash,7,countercyclical,0.352238103240251,0.352238103240251,0.35893618826093066,0.11827606812771135,0.03328677095644195,0.11012701708070999,-0.2814328501392165,0.25862068965517243,3.620689655172414,116,116,True
zscore_60m,nhs_zscore_60m,T_roll_p25,P1_long_cash,8,countercyclical,0.45556558433588706,0.45556558433588706,0.41256773888947607,0.23062516009422288,0.0460820036642795,0.1129568810237481,-0.1998134273183919,0.25862068965517243,3.517241379310345,116,116,True
zscore_60m,nhs_zscore_60m,T_roll_p25,P1_long_cash,9,countercyclical,0.3748335007065386,0.3748335007065386,0.37548676274830833,0.16405860999098956,0.03516295217815357,0.10746780627922556,-0.21433164757451495,0.25,3.517241379310345,116,116,True
zscore_60m,nhs_zscore_60m,T_roll_p25,P1_long_cash,10,countercyclical,0.218653108134005,0.218653108134005,0.16152810787214109,0.07358385813798188,0.01828046420502183,0.11112079090000705,-0.24843035779318534,0.25,3.517241379310345,116,116,True
zscore_60m,nhs_zscore_60m,T_roll_p25,P1_long_cash,11,countercyclical,0.8025454773793285,0.8025454773793285,0.8011214654890456,0.40873956901415726,0.08834272231660956,0.1137574667864393,-0.21613449984713784,0.3017241379310345,3.517241379310345,116,116,True
zscore_60m,nhs_zscore_60m,T_roll_p25,P1_long_cash,12,countercyclical,0.7542296305767904,0.7542296305767904,0.732084535124871,0.32605948043962507,0.07369299989220024,0.10124963100930354,-0.22601091001200202,0.2672413793103448,3.517241379310345,116,116,True
zscore_60m,nhs_zscore_60m,T_roll_p25,P1_long_cash,13,countercyclical,0.5121293418886138,0.5121293418886138,0.4866986540933155,0.3625433168391876,0.04694059951791618,0.09926364618133585,-0.12947583733487356,0.27586206896551724,3.517241379310345,116,116,True
zscore_60m,nhs_zscore_60m,T_roll_p25,P1_long_cash,14,countercyclical,0.2921291137230463,0.2921291137230463,0.2201663058886019,0.09224294274101386,0.02740733357081271,0.11548146709828361,-0.2971211970954025,0.25862068965517243,3.517241379310345,116,116,True
chg_6m,nhs_6m_chg,T_roll_p25,P1_long_cash,2,procyclical,0.857838323280915,0.857838323280915,1.084040359099751,0.42877184355512205,0.10874128537168959,0.13067494086276515,-0.25361106846492365,0.5086206896551724,2.0689655172413794,116,116,True
chg_6m,nhs_6m_chg,T_roll_p25,P1_long_cash,3,procyclical,0.9493007122174625,0.9493007122174625,1.3516794874629783,0.7364678885972893,0.11864694697374167,0.1269661995223625,-0.16110267509384846,0.5172413793103449,1.9655172413793105,116,116,True
chg_6m,nhs_6m_chg,T_roll_p25,P1_long_cash,4,procyclical,0.8233139113772225,0.8233139113772225,0.9480719654617235,0.5143235486534715,0.1000241169400613,0.1258064123878841,-0.19447703143659312,0.5258620689655172,1.8620689655172415,116,116,True
chg_6m,nhs_6m_chg,T_roll_p25,P1_long_cash,5,procyclical,0.8373639535817547,0.8373639535817547,0.9018446167344051,0.5322703300983697,0.10776883119831093,0.13328643723685393,-0.20247010795885245,0.5431034482758621,1.8620689655172415,116,116,True
chg_6m,nhs_6m_chg,T_roll_p25,P1_long_cash,6,procyclical,0.985217555606478,0.985217555606478,1.1269564967615864,0.6860123051798332,0.13341363664034822,0.13723530438803186,-0.19447703143659323,0.5517241379310345,1.8620689655172415,116,116,True
chg_6m,nhs_6m_chg,T_roll_p25,P1_long_cash,7,procyclical,1.0725148736203627,1.0725148736203627,1.2322090987874257,0.7218765343945163,0.1403884054727813,0.13109516459979026,-0.19447703143659323,0.5603448275862069,1.8620689655172415,116,116,True
chg_6m,nhs_6m_chg,T_roll_p25,P1_long_cash,8,procyclical,0.8887923417849533,0.8887923417849533,1.045430352500142,0.5657012167833002,0.11432128123131768,0.13207917571158145,-0.20208774144304176,0.5344827586206896,1.8620689655172415,116,116,True
chg_6m,nhs_6m_chg,T_roll_p25,P1_long_cash,9,procyclical,1.0152282206768959,1.0152282206768959,1.2167976006566312,0.7007285059838556,0.1362755996867393,0.1354545258437186,-0.19447703143659323,0.5517241379310345,1.8620689655172415,116,116,True
chg_6m,nhs_6m_chg,T_roll_p25,P1_long_cash,10,procyclical,0.8887669938683724,0.8887669938683724,1.1044486761061425,0.534860785432998,0.11977353903607546,0.13858593370591096,-0.22393404470494593,0.5344827586206896,1.8620689655172415,116,116,True
chg_6m,nhs_6m_chg,T_roll_p25,P1_long_cash,11,procyclical,0.973837190218935,0.973837190218935,1.2358560094214877,0.6133870544291112,0.12769554065016964,0.13301139179610488,-0.20818101674646172,0.5431034482758621,1.8620689655172415,116,116,True
chg_6m,nhs_6m_chg,T_roll_p25,P1_long_cash,12,procyclical,1.0277849938004469,1.0277849938004469,1.2590627498401756,0.6803625235822799,0.13209345437802233,0.12937226987655853,-0.1941515733149396,0.5517241379310345,1.8620689655172415,116,116,True
chg_6m,nhs_6m_chg,T_roll_p25,P1_long_cash,13,procyclical,1.2336363361715017,1.2336363361715017,1.485490176847065,0.8772816058642567,0.1598558823674321,0.12744922623806235,-0.1822172963605564,0.5775862068965517,1.8620689655172415,116,116,True
chg_6m,nhs_6m_chg,T_roll_p25,P1_long_cash,14,procyclical,1.4993923568679388,1.4993923568679388,2.3461764893548462,1.8713644464051562,0.1834433824502648,0.11761042525142215,-0.0980265403687961,0.5775862068965517,1.8620689655172415,116,116,True
chg_6m,nhs_6m_chg,T_roll_p25,P1_long_cash,2,countercyclical,0.5157149819628271,0.5157149819628271,0.40621678506412395,0.31585320166111314,0.04274155643340283,0.08890952271495159,-0.13532095355886664,0.20689655172413793,2.0689655172413794,116,116,True
chg_6m,nhs_6m_chg,T_roll_p25,P1_long_cash,3,countercyclical,0.4226636761279081,0.4226636761279081,0.28427336800137304,0.2039133108072293,0.035764035436022024,0.09375122595974449,-0.17538842998744586,0.20689655172413793,2.0689655172413794,116,116,True
chg_6m,nhs_6m_chg,T_roll_p25,P1_long_cash,4,countercyclical,0.6137336042332232,0.6137336042332232,0.579483595007279,0.33987479437956375,0.05631288081049335,0.09697044455598547,-0.16568713462053475,0.19827586206896552,2.0689655172413794,116,116,True
chg_6m,nhs_6m_chg,T_roll_p25,P1_long_cash,5,countercyclical,0.5378915256339541,0.5378915256339541,0.6577861302063764,0.5320793319149605,0.04293969964472155,0.08485006601426388,-0.08070168688977453,0.1810344827586207,2.0689655172413794,116,116,True
chg_6m,nhs_6m_chg,T_roll_p25,P1_long_cash,6,countercyclical,0.35290357939851835,0.35290357939851835,0.3237302862340861,0.18431798963831786,0.024776712741201967,0.0779703578144486,-0.13442373579388878,0.1724137931034483,2.0689655172413794,116,116,True
chg_6m,nhs_6m_chg,T_roll_p25,P1_long_cash,7,countercyclical,0.14999446990068777,0.14999446990068777,0.10531412230302403,0.05224268358723432,0.009307409384677001,0.08642001407457142,-0.17815718385016688,0.15517241379310345,2.0689655172413794,116,116,True
chg_6m,nhs_6m_chg,T_roll_p25,P1_long_cash,8,countercyclical,0.418023132863966,0.418023132863966,0.34887453442104893,0.1655913331475701,0.03308737181043764,0.08683362200014262,-0.19981342731839202,0.1810344827586207,2.0689655172413794,116,116,True
chg_6m,nhs_6m_chg,T_roll_p25,P1_long_cash,9,countercyclical,0.26588185771067735,0.26588185771067735,0.18901558206804583,0.09037563103059366,0.01805826458228532,0.07901703251102621,-0.1998134273183918,0.1724137931034483,2.0689655172413794,116,116,True
chg_6m,nhs_6m_chg,T_roll_p25,P1_long_cash,10,countercyclical,0.4725754001886403,0.4725754001886403,0.32342900684480264,0.16622669552100963,0.03321432574386374,0.0751446257920923,-0.19981342731839202,0.1896551724137931,2.0689655172413794,116,116,True
chg_6m,nhs_6m_chg,T_roll_p25,P1_long_cash,11,countercyclical,0.34568807688988124,0.34568807688988124,0.22282424658609776,0.10792537711664126,0.025823517393012585,0.0839293772038002,-0.2392719681220442,0.1810344827586207,2.0689655172413794,116,116,True
chg_6m,nhs_6m_chg,T_roll_p25,P1_long_cash,12,countercyclical,0.32454289731361263,0.32454289731361263,0.23626823786447085,0.10631079204597933,0.025437192445454837,0.08987637538582058,-0.2392719681220442,0.1724137931034483,2.0689655172413794,116,116,True
chg_6m,nhs_6m_chg,T_roll_p25,P1_long_cash,13,countercyclical,0.0568752353430333,0.0568752353430333,0.010286435972625579,0.00408711455362454,0.0010849285475942327,0.08973219641529026,-0.2654509760760425,0.14655172413793102,2.0689655172413794,116,116,True
chg_6m,nhs_6m_chg,T_roll_p25,P1_long_cash,14,countercyclical,-0.18879768186035573,-0.18879768186035573,-0.19060069486557693,-0.0737256737360785,-0.02327776119814773,0.09856578027721545,-0.31573480469608095,0.14655172413793102,2.0689655172413794,116,116,True
chg_6m,nhs_6m_chg,T_roll_p50,P1_long_cash,2,procyclical,0.5520140865417503,0.5520140865417503,0.49113799796276925,0.32620807528409673,0.052318998914426595,0.10193092987278614,-0.16038535793101272,0.31896551724137934,3.3103448275862073,116,116,True
chg_6m,nhs_6m_chg,T_roll_p50,P1_long_cash,3,procyclical,0.5262721877602582,0.5262721877602582,0.5709974997889975,0.3970523590247794,0.05100876562357293,0.10496046381157685,-0.1284686124239588,0.31896551724137934,3.3103448275862073,116,116,True
chg_6m,nhs_6m_chg,T_roll_p50,P1_long_cash,4,procyclical,0.5508168235162549,0.5508168235162549,0.47972088971253274,0.2873774834563392,0.05579479054833625,0.10965956980468279,-0.19415157331493949,0.33620689655172414,3.3103448275862073,116,116,True
chg_6m,nhs_6m_chg,T_roll_p50,P1_long_cash,5,procyclical,0.849881961091544,0.849881961091544,0.7369506973533697,0.5993169523464648,0.09655156425210798,0.11676533059997081,-0.16110267509384846,0.35344827586206895,3.4137931034482762,116,116,True
chg_6m,nhs_6m_chg,T_roll_p50,P1_long_cash,6,procyclical,0.92364287627238,0.92364287627238,1.0877696863230428,1.17324647828217,0.09768260342589086,0.10739344069042132,-0.08325838196328073,0.3448275862068966,3.4137931034482762,116,116,True
chg_6m,nhs_6m_chg,T_roll_p50,P1_long_cash,7,procyclical,0.509258720211345,0.509258720211345,0.4370102124971579,0.26995888781290117,0.052500803111777294,0.11328292437673805,-0.19447703143659312,0.33620689655172414,3.517241379310345,116,116,True
chg_6m,nhs_6m_chg,T_roll_p50,P1_long_cash,8,procyclical,0.6371697299875801,0.6371697299875801,0.6303117084812397,0.32203235985259476,0.07304603557415379,0.12266451841856818,-0.22682824672523427,0.3620689655172414,3.517241379310345,116,116,True
chg_6m,nhs_6m_chg,T_roll_p50,P1_long_cash,9,procyclical,0.870511518806599,0.870511518806599,0.8624335630506952,0.7498422683466038,0.10146937077140583,0.11961915886966364,-0.13532095355886642,0.3620689655172414,3.517241379310345,116,116,True
chg_6m,nhs_6m_chg,T_roll_p50,P1_long_cash,10,procyclical,0.7610992463182706,0.7610992463182706,0.8636167796777576,0.629911693061648,0.08487620188062173,0.11607061545885693,-0.13474301686334167,0.35344827586206895,3.4137931034482762,116,116,True
chg_6m,nhs_6m_chg,T_roll_p50,P1_long_cash,11,procyclical,0.6352979396054519,0.6352979396054519,0.6010726380780272,0.3430677199314073,0.06671879175398066,0.11176294166249721,-0.19447703143659323,0.3706896551724138,3.4137931034482762,116,116,True
chg_6m,nhs_6m_chg,T_roll_p50,P1_long_cash,12,procyclical,0.8636424311968577,0.8636424311968577,0.8381042018033434,0.49587953171355365,0.09627579125686192,0.114261284126519,-0.1941515733149396,0.3706896551724138,3.4137931034482762,116,116,True
chg_6m,nhs_6m_chg,T_roll_p50,P1_long_cash,13,procyclical,0.9414971717252397,0.9414971717252397,0.8641792292672458,0.5232949772444181,0.1026908613230122,0.11068206148619747,-0.1962389585005473,0.3879310344827586,3.4137931034482762,116,116,True
chg_6m,nhs_6m_chg,T_roll_p50,P1_long_cash,14,procyclical,1.1735350745129236,1.1735350745129236,1.3991003917952631,1.3292481546599182,0.11703809685792987,0.09880178567832491,-0.08804834255186422,0.3706896551724138,3.517241379310345,116,116,True
chg_6m,nhs_6m_chg,T_roll_p50,P1_long_cash,2,countercyclical,0.8441088586342874,0.8441088586342874,0.9963438164345243,0.7345156268138247,0.09939535502433539,0.12128348649027658,-0.13532095355886664,0.39655172413793105,3.3103448275862073,116,116,True
chg_6m,nhs_6m_chg,T_roll_p50,P1_long_cash,3,countercyclical,0.836793872993959,0.836793872993959,0.7900802014256292,0.5543792887869347,0.0963022668878093,0.11868452027778985,-0.17371187711310998,0.3879310344827586,3.3103448275862073,116,116,True
chg_6m,nhs_6m_chg,T_roll_p50,P1_long_cash,4,countercyclical,0.7723732723375101,0.7723732723375101,0.9097118599722873,0.5713591856883914,0.0863140312278392,0.11613442800699446,-0.15106789807508803,0.3706896551724138,3.3103448275862073,116,116,True
chg_6m,nhs_6m_chg,T_roll_p50,P1_long_cash,5,countercyclical,0.5206927867459635,0.5206927867459635,0.6346047764817155,0.3018764375052501,0.05121213125614976,0.1070340490972695,-0.16964600377351113,0.35344827586206895,3.4137931034482762,116,116,True
chg_6m,nhs_6m_chg,T_roll_p50,P1_long_cash,6,countercyclical,0.5360682331055137,0.5360682331055137,0.50197290589292,0.274475701052377,0.05772346684198704,0.11784610739121712,-0.21030447001562413,0.3706896551724138,3.4137931034482762,116,116,True
chg_6m,nhs_6m_chg,T_roll_p50,P1_long_cash,7,countercyclical,0.9281076336814522,0.9281076336814522,1.163571710052489,0.7846147854708061,0.1018931118470241,0.11150752815163952,-0.12986386916719062,0.3793103448275862,3.517241379310345,116,116,True
chg_6m,nhs_6m_chg,T_roll_p50,P1_long_cash,8,countercyclical,0.7958397021698272,0.7958397021698272,0.837303908951048,0.3810817077899592,0.0777432330152279,0.10063584286106436,-0.20400672985877777,0.35344827586206895,3.517241379310345,116,116,True
chg_6m,nhs_6m_chg,T_roll_p50,P1_long_cash,9,countercyclical,0.519422419159912,0.519422419159912,0.5215648618895636,0.24855739189362075,0.049665104359585044,0.10368891200377081,-0.1998134273183919,0.35344827586206895,3.517241379310345,116,116,True
chg_6m,nhs_6m_chg,T_roll_p50,P1_long_cash,10,countercyclical,0.6569477973086428,0.6569477973086428,0.5809438287457054,0.33701636917036687,0.06734039578633144,0.10839392168754115,-0.1998134273183919,0.3620689655172414,3.4137931034482762,116,116,True
chg_6m,nhs_6m_chg,T_roll_p50,P1_long_cash,11,countercyclical,0.7756810587975167,0.7756810587975167,0.8445837625722658,0.32594666588494153,0.0842241571575264,0.112583247767899,-0.25839858471587296,0.3448275862068966,3.4137931034482762,116,116,True
chg_6m,nhs_6m_chg,T_roll_p50,P1_long_cash,12,countercyclical,0.5234086043908978,0.5234086043908978,0.5235868446021957,0.21998524379516796,0.0526363022406775,0.1096396716204633,-0.239271968122044,0.3448275862068966,3.4137931034482762,116,116,True
chg_6m,nhs_6m_chg,T_roll_p50,P1_long_cash,13,countercyclical,0.45763224532333013,0.45763224532333013,0.469943867382964,0.1938707874151967,0.04638784486620451,0.11306277658137906,-0.239271968122044,0.3275862068965517,3.4137931034482762,116,116,True
chg_6m,nhs_6m_chg,T_roll_p50,P1_long_cash,14,countercyclical,0.3366114820149266,0.3366114820149266,0.30352271379379164,0.1700362361886293,0.034427255098028686,0.12311748424737785,-0.20247010795885234,0.3448275862068966,3.517241379310345,116,116,True
chg_6m,nhs_6m_chg,T_roll_p75,P1_long_cash,2,procyclical,0.3681374040693131,0.3681374040693131,0.26402634113194023,0.18218821624307915,0.02527513258098546,0.07542590466437069,-0.13873088557639135,0.1206896551724138,2.4827586206896552,116,116,True
chg_6m,nhs_6m_chg,T_roll_p75,P1_long_cash,3,procyclical,0.11948015204395561,0.11948015204395561,0.06370672864198486,0.04420835091663078,0.006001073527351464,0.0707384346514314,-0.13574524728751902,0.1206896551724138,2.4827586206896552,116,116,True
chg_6m,nhs_6m_chg,T_roll_p75,P1_long_cash,4,procyclical,0.008427682514174096,0.008427682514174096,-0.02163074106293364,-0.014473376382724638,-0.0028527930616415453,0.08434059531624882,-0.19710625815318583,0.1206896551724138,2.4827586206896552,116,116,True
chg_6m,nhs_6m_chg,T_roll_p75,P1_long_cash,5,procyclical,0.5930860976938683,0.5930860976938683,0.4575886236858433,0.3187798972196791,0.0513562942082324,0.09138214027701679,-0.16110267509384857,0.13793103448275862,2.4827586206896552,116,116,True
chg_6m,nhs_6m_chg,T_roll_p75,P1_long_cash,6,procyclical,0.5708553337095537,0.5708553337095537,0.42340104241933735,0.4596878862268856,0.0379061061483692,0.06939924109268049,-0.08246052872852971,0.15517241379310345,2.586206896551724,116,116,True
chg_6m,nhs_6m_chg,T_roll_p75,P1_long_cash,7,procyclical,0.4842213151181209,0.4842213151181209,0.28974257303031126,0.21603758449582453,0.03504435079833024,0.07725889622280714,-0.1622141391745081,0.14655172413793102,2.689655172413793,116,116,True
chg_6m,nhs_6m_chg,T_roll_p75,P1_long_cash,8,procyclical,0.6996049882513584,0.6996049882513584,0.6254852989236089,0.41534973359689487,0.05377775454427458,0.0794688040065424,-0.12947583733487344,0.1896551724137931,2.689655172413793,116,116,True
chg_6m,nhs_6m_chg,T_roll_p75,P1_long_cash,9,procyclical,0.529784106396187,0.529784106396187,0.22306460728467,0.29617281632151304,0.03834722338905561,0.07676591660956349,-0.12947583733487356,0.1724137931034483,2.689655172413793,116,116,True
chg_6m,nhs_6m_chg,T_roll_p75,P1_long_cash,10,procyclical,0.4948289798491475,0.4948289798491475,0.3317273303501693,0.2900604845330023,0.039083624758819324,0.08465883373450257,-0.13474301686334145,0.16379310344827586,2.586206896551724,116,116,True
chg_6m,nhs_6m_chg,T_roll_p75,P1_long_cash,11,procyclical,0.10534416751469458,0.10534416751469458,0.051484383444474056,0.019196097937391625,0.005319528236201743,0.08499011709664585,-0.2771150810728028,0.14655172413793102,2.586206896551724,116,116,True
chg_6m,nhs_6m_chg,T_roll_p75,P1_long_cash,12,procyclical,0.516041933772726,0.516041933772726,0.3361297682257229,0.33129895965786593,0.04408633608049972,0.091687929122824,-0.13307115762158717,0.15517241379310345,2.4827586206896552,116,116,True
chg_6m,nhs_6m_chg,T_roll_p75,P1_long_cash,13,procyclical,0.6812110326804601,0.6812110326804601,0.546939854012149,0.5928198206456179,0.052196802639740136,0.07933233243470715,-0.08804834255186433,0.1724137931034483,2.586206896551724,116,116,True
chg_6m,nhs_6m_chg,T_roll_p75,P1_long_cash,14,procyclical,0.9452962855839924,0.9452962855839924,0.8693708540510553,1.1300643450653447,0.05960108423336208,0.06345124954879809,-0.05274131910596269,0.1724137931034483,2.689655172413793,116,116,True
chg_6m,nhs_6m_chg,T_roll_p75,P1_long_cash,2,countercyclical,0.9550075497835602,0.9550075497835602,1.1884195665725281,0.6675652438805273,0.12960884238977566,0.13820529079493962,-0.19415157331493949,0.5948275862068966,2.689655172413793,116,116,True
chg_6m,nhs_6m_chg,T_roll_p75,P1_long_cash,3,countercyclical,0.9695593059637175,0.9695593059637175,1.1990848992299665,0.552391041475999,0.13601772547789936,0.14267730997966754,-0.24623448836979234,0.5862068965517241,2.689655172413793,116,116,True
chg_6m,nhs_6m_chg,T_roll_p75,P1_long_cash,4,countercyclical,1.1907582574707436,1.1907582574707436,1.6811067161509725,1.1625540038447588,0.1573179163639511,0.13049521590846533,-0.13532095355886664,0.5948275862068966,2.689655172413793,116,116,True
chg_6m,nhs_6m_chg,T_roll_p75,P1_long_cash,5,countercyclical,0.7029659971921998,0.7029659971921998,0.8241756637855968,0.3681499439192601,0.08766291972818196,0.13249238841575617,-0.23811743333419477,0.5689655172413793,2.689655172413793,116,116,True
chg_6m,nhs_6m_chg,T_roll_p75,P1_long_cash,6,countercyclical,0.8725444223302158,0.8725444223302158,1.101924980284048,0.6262259565333371,0.1217865650351444,0.1441472271170224,-0.19447703143659312,0.5603448275862069,2.793103448275862,116,116,True
chg_6m,nhs_6m_chg,T_roll_p75,P1_long_cash,7,countercyclical,0.825238178517188,0.825238178517188,1.1015350836678062,0.566003698755382,0.10989050861543248,0.13842578139133807,-0.19415157331493949,0.5603448275862069,2.896551724137931,116,116,True
chg_6m,nhs_6m_chg,T_roll_p75,P1_long_cash,8,countercyclical,0.6446710555339462,0.6446710555339462,0.7782868568005036,0.3023702486769922,0.0839359007678282,0.14070023638280724,-0.2775931201402455,0.5172413793103449,2.896551724137931,116,116,True
chg_6m,nhs_6m_chg,T_roll_p75,P1_long_cash,9,countercyclical,0.8841384289004711,0.8841384289004711,1.3461139463676943,0.6013435260862436,0.12015651094301916,0.13980162598673213,-0.1998134273183919,0.5431034482758621,2.896551724137931,116,116,True
chg_6m,nhs_6m_chg,T_roll_p75,P1_long_cash,10,countercyclical,0.893009913092027,0.893009913092027,1.1201315322020953,0.5834559727491175,0.11658233760438752,0.13406874571349284,-0.19981342731839202,0.5517241379310345,2.793103448275862,116,116,True
chg_6m,nhs_6m_chg,T_roll_p75,P1_long_cash,11,countercyclical,1.0619145737764513,1.0619145737764513,1.4249835074000696,0.46695569675828325,0.14061706538250407,0.13273267734364205,-0.30113577446147666,0.5603448275862069,2.793103448275862,116,116,True
chg_6m,nhs_6m_chg,T_roll_p75,P1_long_cash,12,countercyclical,0.8856633629850837,0.8856633629850837,1.1191738229300576,0.4681882463761316,0.11202432316202549,0.1299097152706023,-0.2392719681220441,0.5603448275862069,2.689655172413793,116,116,True
chg_6m,nhs_6m_chg,T_roll_p75,P1_long_cash,13,countercyclical,0.7222965067548115,0.7222965067548115,0.870683474753189,0.3913039562952004,0.09362806775669497,0.13737088508249476,-0.2392719681220442,0.5344827586206896,2.793103448275862,116,116,True
chg_6m,nhs_6m_chg,T_roll_p75,P1_long_cash,14,countercyclical,0.6856861367777982,0.6856861367777982,0.8514546713199097,0.459125032099632,0.0929590948158241,0.1454323186772962,-0.20247010795885245,0.5431034482758621,2.896551724137931,116,116,True
BENCHMARK,spy,BUY_HOLD,BUY_HOLD,0,benchmark,1.0034070344090833,1.0034070344090833,1.4573709824065084,0.6425623750943122,0.15374716412999123,0.1553362843766584,-0.2392719681220441,0.7068965517241379,0.0,116,116,False
