,to_state_0,to_state_1
from_state_0,0.9706572547459871,0.029342745254012894
from_state_1,0.08499588685916604,0.915004113140834
