,to_state_0,to_state_1,to_state_2
from_state_0,1.561508409937651e-08,0.9999789416040513,2.104278086451973e-05
from_state_1,0.9419853624112298,1.5159368247124957e-07,0.05801448599508767
from_state_2,0.08353191922952473,1.1695499058210376e-06,0.9164669112205694
