date,position,strategy_return,bh_return
2000-01-03,,0.0,
2000-01-04,,0.0,-0.039106439141977645
2000-01-05,,0.0,0.0017892837286066499
2000-01-06,,0.0,-0.016071755105921293
2000-01-07,,0.0,0.05807614104315251
2000-01-10,,0.0,0.0034306676507696032
2000-01-11,,0.0,-0.011965412530006936
2000-01-12,,0.0,-0.009948117969510895
2000-01-13,,0.0,0.013543020283928175
2000-01-14,,0.0,0.013577138392805832
2000-01-17,,0.0,0.0
2000-01-18,,0.0,-0.007867087650525018
2000-01-19,,0.0,0.008144184650380693
2000-01-20,,0.0,-0.015306680519494242
2000-01-21,,0.0,-0.002158550428681294
2000-01-24,,0.0,-0.028342905323313405
2000-01-25,,0.0,0.011356154211788816
2000-01-26,,0.0,-0.00792563078373143
2000-01-27,,0.0,-0.003995293445140047
2000-01-28,,0.0,-0.031193737613182893
2000-01-31,,0.0,0.027139183032312664
2000-02-01,,0.0,0.009851925262228889
2000-02-02,,0.0,0.0008867588065162302
2000-02-03,,0.0,0.015064643067576489
2000-02-04,,0.0,-0.004146657903649098
2000-02-07,,0.0,-0.0015349738637974175
2000-02-08,,0.0,0.013609023550470445
2000-02-09,,0.0,-0.021004635915015668
2000-02-10,,0.0,0.0019909758816163414
2000-02-11,,0.0,-0.020309260299676057
2000-02-14,,0.0,0.005858274777001515
2000-02-15,,0.0,0.01131305663814941
2000-02-16,,0.0,-0.014730776643794297
2000-02-17,,0.0,-0.005170963308920307
2000-02-18,,0.0,-0.02146883605068406
2000-02-21,,0.0,0.0
2000-02-22,,0.0,-0.002540566311051373
2000-02-23,,0.0,0.01180858178876032
2000-02-24,,0.0,-0.020137245803310222
2000-02-25,,0.0,-0.0036195515683997703
2000-02-28,,0.0,0.02097733683954517
2000-02-29,,0.0,0.009642149032841107
2000-03-01,,0.0,0.007275609503940572
2000-03-02,,0.0,0.0006769697301454158
2000-03-03,,0.0,0.01872360457945077
2000-03-06,,0.0,-0.009743709159902414
2000-03-07,,0.0,-0.019342339597535396
2000-03-08,,0.0,-0.0012542515085312012
2000-03-09,,0.0,0.029223655323235675
2000-03-10,,0.0,-0.005323518879341238
2000-03-13,,0.0,-0.010928230990387533
2000-03-14,,0.0,-0.014205251438199284
2000-03-15,,0.0,0.023330777794814628
2000-03-16,,0.0,0.046713811746973866
2000-03-17,,0.0,0.006609355434944897
2000-03-20,,0.0,-0.0051036324190922855
2000-03-21,,0.0,0.0205208267992234
2000-03-22,,0.0,0.006074914938037024
2000-03-23,,0.0,0.017072533936158596
2000-03-24,,0.0,0.005936320209920742
2000-03-27,,0.0,-0.010581693795159386
2000-03-28,,0.0,-0.005758784955452345
2000-03-29,,0.0,0.0010340387597340683
2000-03-30,,0.0,-0.016739090764753883
2000-03-31,,0.0,0.011349507794766955
2000-04-03,,0.0,0.005819025691003343
2000-04-04,,0.0,-0.0074380918529700635
2000-04-05,,0.0,-0.006245236270493781
2000-04-06,,0.0,0.008692949373354075
2000-04-07,,0.0,0.006334246386559883
2000-04-10,,0.0,-0.003921136678490034
2000-04-11,,0.0,-0.0029004717703502436
2000-04-12,,0.0,-0.02742491164263472
2000-04-13,,0.0,-0.013886508098579164
2000-04-14,,0.0,-0.057192350336085496
2000-04-17,,0.0,0.03492654410404428
2000-04-18,,0.0,0.02642118218121725
2000-04-19,,0.0,-0.009301459401168555
2000-04-20,,0.0,0.004803025104310077
2000-04-21,,0.0,0.0
2000-04-24,,0.0,-0.010863955567426586
2000-04-25,,0.0,0.04151984912927964
2000-04-26,,0.0,-0.011284807462068724
2000-04-27,,0.0,-0.003306985777976501
2000-04-28,,0.0,-0.0062066312203523655
2000-05-01,,0.0,0.013567948737108093
2000-05-02,,0.0,-0.019973969343923148
2000-05-03,,0.0,-0.023416996622319886
2000-05-04,,0.0,0.007548970669237098
2000-05-05,,0.0,0.012119334960463135
2000-05-08,,0.0,-0.007511144806057413
2000-05-09,,0.0,-0.008006602155904874
2000-05-10,,0.0,-0.02255684407857983
2000-05-11,,0.0,0.022850955742245604
2000-05-12,,0.0,0.010838153324638666
2000-05-15,,0.0,0.01728687727337541
2000-05-16,,0.0,0.009679431774464176
2000-05-17,,0.0,-0.010439202619726862
2000-05-18,,0.0,-0.01227111004960213
2000-05-19,,0.0,-0.01569302134911943
2000-05-22,,0.0,-0.007528739741447299
2000-05-23,,0.0,-0.014725603907685292
2000-05-24,,0.0,0.01630416367996923
2000-05-25,,0.0,-0.0171571375243329
2000-05-26,,0.0,0.0011339911020715743
2000-05-29,,0.0,0.0
2000-05-30,,0.0,0.0326088540369176
2000-05-31,,0.0,0.002192768446032334
2000-06-01,,0.0,0.01750554711440211
2000-06-02,,0.0,0.01741919951609905
2000-06-05,,0.0,-0.00486185683307272
2000-06-06,,0.0,-0.004459936647953522
2000-06-07,,0.0,0.006933996157235667
2000-06-08,,0.0,-0.003920448698031098
2000-06-09,,0.0,-0.0021269183308383344
2000-06-12,,0.0,-0.011724802590332817
2000-06-13,,0.0,0.018766573336738146
2000-06-14,,0.0,0.001693755788763518
2000-06-15,,0.0,0.0021140039797449273
2000-06-16,,0.0,-0.008217256336421008
2000-06-19,,0.0,0.012790412874550627
2000-06-20,,0.0,-0.0035778677682586357
2000-06-21,,0.0,-0.0004225043183747612
2000-06-22,,0.0,-0.015215440380911494
2000-06-23,,0.0,-0.008583939594745016
2000-06-26,,0.0,0.012878992515721555
2000-06-27,,0.0,-0.007372585693261602
2000-06-28,,0.0,0.002798398189283624
2000-06-29,,0.0,-0.009445594182835748
2000-06-30,,0.0,0.00758561793526269
2000-07-03,,0.0,0.01376616551191634
2000-07-04,,0.0,0.0
2000-07-05,,0.0,-0.018035047693881534
2000-07-06,,0.0,0.007778761949328139
2000-07-07,,0.0,0.016080624926929632
2000-07-10,,0.0,-0.0016880705735253798
2000-07-11,,0.0,0.0021133701190849674
2000-07-12,,0.0,0.006538332438101646
2000-07-13,,0.0,0.004401213626006317
2000-07-14,,0.0,0.009806307316687413
2000-07-17,,0.0,-0.0016530836654176095
2000-07-18,,0.0,-0.008175220407294015
2000-07-19,,0.0,-0.00803320572453059
2000-07-20,,0.0,0.013882930218066969
2000-07-21,,0.0,-0.01950171510436771
2000-07-24,,0.0,-0.005713217261658743
2000-07-25,,0.0,0.003192302459979812
2000-07-26,,0.0,-0.009758580689408491
2000-07-27,,0.0,-0.0034270796372052326
2000-07-28,,0.0,-0.022570964464979526
2000-07-31,,0.0,0.006377241628243713
2000-08-01,,0.0,0.0061190443794458815
2000-08-02,,0.0,0.004995995425503441
2000-08-03,,0.0,0.006915727236643576
2000-08-04,,0.0,0.005366073239134517
2000-08-07,,0.0,0.01195574241884323
2000-08-08,,0.0,0.0037970721913658245
2000-08-09,,0.0,-0.008406489548539287
2000-08-10,,0.0,-0.004875112336765408
2000-08-11,,0.0,0.004685576677236236
2000-08-14,,0.0,0.012719829818534922
2000-08-15,,0.0,-0.0008368359360358957
2000-08-16,,0.0,-0.0035621039585991277
2000-08-17,,0.0,0.010513425563782652
2000-08-18,,0.0,-0.003329477361292077
2000-08-21,,0.0,0.0054284242359115
2000-08-22,,0.0,-0.0016618840124444922
2000-08-23,,0.0,0.003952499227839024
2000-08-24,,0.0,0.0031070888927700047
2000-08-25,,0.0,-0.0004124415501476353
2000-08-28,,0.0,0.0034089207550571654
2000-08-29,,0.0,0.00020584386348776462
2000-08-30,,0.0,-0.009573551426132698
2000-08-31,,0.0,0.013303594732547497
2000-09-01,,0.0,0.00102594824851443
2000-09-04,,0.0,0.0
2000-09-05,,0.0,-0.007992261090408403
2000-09-06,,0.0,-0.011361578414534779
2000-09-07,,0.0,0.008567154084740736
2000-09-08,,0.0,-0.0068370056193908235
2000-09-11,,0.0,-0.001460257709429813
2000-09-12,,0.0,-0.007311077252684983
2000-09-13,,0.0,0.002630649273537955
2000-09-14,,0.0,0.005037269790033605
2000-09-15,,0.0,-0.02187829555041232
2000-09-18,,0.0,-0.009203783170196767
2000-09-19,,0.0,0.009073443726898667
2000-09-20,,0.0,-0.007385743216425378
2000-09-21,,0.0,-0.01520587468390422
2000-09-22,,0.0,0.018178119311575758
2000-09-25,,0.0,-0.007098166367179304
2000-09-26,,0.0,-0.01278179572910576
2000-09-27,,0.0,0.005266138500881645
2000-09-28,,0.0,0.012879460263300224
2000-09-29,,0.0,-0.00948249924823552
2000-10-02,,0.0,0.00152287459366085
2000-10-03,,0.0,-0.009341414599209896
2000-10-04,,0.0,0.00833331359443057
2000-10-05,,0.0,0.0034796773286387417
2000-10-06,,0.0,-0.02167298778059179
2000-10-09,,0.0,-0.007532126413315243
2000-10-10,,0.0,-0.016518043539115346
2000-10-11,,0.0,-0.00839738572895321
2000-10-12,,0.0,-0.024949019305913867
2000-10-13,,0.0,0.03333319146735936
2000-10-16,,0.0,0.004543966798099541
2000-10-17,,0.0,-0.024875672235303625
2000-10-18,,0.0,-0.003711008998673493
2000-10-19,,0.0,0.037709680055241224
2000-10-20,,0.0,0.0042619919685498164
2000-10-23,,0.0,0.00446715450228341
2000-10-24,,0.0,-0.00667071721983481
2000-10-25,,0.0,-0.02350572569612419
2000-10-26,,0.0,0.0027508669307696465
2000-10-27,,0.0,0.018975794117444655
2000-10-30,,0.0,0.00897439903160624
2000-10-31,,0.0,0.017233722665092488
2000-11-01,,0.0,-0.003388013329092221
2000-11-02,,0.0,0.0016448934055766085
2000-11-03,,0.0,0.0005475663413114784
2000-11-06,,0.0,0.007003696371854939
2000-11-07,,0.0,-0.00021731710464201193
2000-11-08,,0.0,-0.02217409793588576
2000-11-09,,0.0,-0.003779161013562349
2000-11-10,,0.0,-0.02432492088200322
2000-11-13,,0.0,-0.0077769427997081975
2000-11-14,,0.0,0.026279779716135154
2000-11-15,,0.0,0.0031443497320298164
2000-11-16,,0.0,-0.015674196453959732
2000-11-17,,0.0,-0.005345194734606262
2000-11-20,,0.0,-0.014294662604885988
2000-11-21,,0.0,0.005104582954776005
2000-11-22,,0.0,-0.02389150283519026
2000-11-23,,0.0,0.0
2000-11-24,,0.0,0.02045680415894191
2000-11-27,,0.0,0.008805838506673602
2000-11-28,,0.0,-0.017229664912766562
2000-11-29,,0.0,-0.0018697110329362054
2000-11-30,,0.0,-0.008665294572857696
2000-12-01,,0.0,-0.00047251072057108434
2000-12-04,,0.0,0.008508848971349847
2000-12-05,,0.0,0.03281002278456224
2000-12-06,,0.0,-0.01599747837144183
2000-12-07,,0.0,-0.013721176038788752
2000-12-08,,0.0,0.0023382495047961083
2000-12-11,,0.0,0.03475661863613788
2000-12-12,,0.0,-0.00428312821931387
2000-12-13,,0.0,-0.013697388318282044
2000-12-14,,0.0,-0.012739424264303412
2000-12-15,,0.0,-0.022586513170817057
2000-12-18,,0.0,0.013361848103607521
2000-12-19,,0.0,-0.02036744620612685
2000-12-20,,0.0,-0.02896260484304891
2000-12-21,,0.0,0.006930250945659466
2000-12-22,,0.0,0.02999034024314451
2000-12-25,,0.0,0.0
2000-12-26,,0.0,0.010740017040623995
2000-12-27,,0.0,0.007319820689047685
2000-12-28,,0.0,0.003047753120458241
2000-12-29,,0.0,-0.018929463437519334
2001-01-01,,0.0,0.0
2001-01-02,,0.0,-0.01810451678507141
2001-01-03,,0.0,0.04803513087216449
2001-01-04,,0.0,-0.0107640064102964
2001-01-05,,0.0,-0.03264348291221297
2001-01-08,,0.0,0.007741461224179291
2001-01-09,,0.0,-0.0026406066499531367
2001-01-10,,0.0,0.017568832223742614
2001-01-11,,0.0,0.0009462477950370474
2001-01-12,,0.0,-0.0018903430206521632
2001-01-15,,0.0,0.0
2001-01-16,,0.0,0.0063921045563593015
2001-01-17,,0.0,0.004587489612130069
2001-01-18,,0.0,0.009951580746739186
2001-01-19,,0.0,-0.005680441167317918
2001-01-22,,0.0,0.006645611960899966
2001-01-23,,0.0,0.007875995234012168
2001-01-24,,0.0,0.0029875940732837503
2001-01-25,,0.0,-0.00252035961477981
2001-01-26,,0.0,-0.0011483359774155932
2001-01-29,,0.0,0.005335313876565717
2001-01-30,,0.0,0.008785261003791067
2001-01-31,,0.0,-0.005660566923590626
2001-02-01,,0.0,0.00664110750556457
2001-02-02,,0.0,-0.022692471833613337
2001-02-05,,0.0,0.007344067068115523
2001-02-06,,0.0,-0.0029454163374313946
2001-02-07,,0.0,-0.005170149353360687
2001-02-08,,0.0,-0.011656865244324965
2001-02-09,,0.0,-0.009615099888559353
2001-02-12,,0.0,0.011453076687474528
2001-02-13,,0.0,-0.008174112866907501
2001-02-14,,0.0,-0.0015118329688990073
2001-02-15,,0.0,0.00969263813429011
2001-02-16,,0.0,-0.022049013911964788
2001-02-19,,0.0,0.0
2001-02-20,,0.0,-0.01541415128761392
2001-02-21,,0.0,-0.021574403624991745
2001-02-22,,0.0,0.001512242881877457
2001-02-23,,0.0,-0.006756464373620874
2001-02-26,,0.0,0.021286790245170994
2001-02-27,,0.0,-0.009245888869280572
2001-02-28,,0.0,-0.01969353426009046
2001-03-01,,0.0,0.005244276047412955
2001-03-02,,0.0,-0.007945458871782884
2001-03-05,,0.0,0.009141375879982538
2001-03-06,,0.0,0.010742375201780785
2001-03-07,,0.0,0.007138625606534443
2001-03-08,,0.0,0.0011027039387097037
2001-03-09,,0.0,-0.029578642281817724
2001-03-12,,0.0,-0.042801644365324854
2001-03-13,,0.0,0.01642944541258129
2001-03-14,,0.0,-0.019746543155854113
2001-03-15,,0.0,0.00025476257384560164
2001-03-16,,0.0,-0.020057085369987182
2001-03-19,,0.0,0.020346196101088898
2001-03-20,,0.0,-0.026843060184033263
2001-03-21,,0.0,-0.01698736988377436
2001-03-22,,0.0,-0.01015506454937154
2001-03-23,,0.0,0.03023735175627351
2001-03-26,,0.0,0.012753232987645191
2001-03-27,,0.0,0.020441750722848262
2001-03-28,,0.0,-0.02763903705122006
2001-03-29,,0.0,0.0038250250804663377
2001-03-30,,0.0,0.010477518002412145
2001-04-02,,0.0,-0.021338735543129705
2001-04-03,,0.0,-0.03336202065067029
2001-04-04,,0.0,0.004166709192232165
2001-04-05,,0.0,0.0378891892131521
2001-04-06,,0.0,-0.015210948791121837
2001-04-09,,0.0,0.011120570845109201
2001-04-10,,0.0,0.018244090271931857
2001-04-11,,0.0,0.0006856456844497316
2001-04-12,,0.0,0.018162038503538147
2001-04-13,,0.0,0.0
2001-04-16,,0.0,-0.010517964575790573
2001-04-17,,0.0,0.014115711552677324
2001-04-18,,0.0,0.039745070194639576
2001-04-19,,0.0,0.013306834623713293
2001-04-20,,0.0,-0.009152913163366305
2001-04-23,,0.0,-0.018152611400607865
2001-04-24,,0.0,-0.005398664825668975
2001-04-25,,0.0,0.01307759905155459
2001-04-26,,0.0,0.004465273586681029
2001-04-27,,0.0,0.016650841706708608
2001-04-30,,0.0,0.006995880381651665
2001-05-01,,0.0,0.0030792256173401977
2001-05-02,,0.0,-0.0018101661375538036
2001-05-03,,0.0,-0.012695370091742264
2001-05-04,,0.0,0.017011156245348324
2001-05-07,,0.0,-0.00863800840411122
2001-05-08,,0.0,-0.0004751935214934999
2001-05-09,,0.0,-0.004200124131492733
2001-05-10,,0.0,0.002944579913498835
2001-05-11,,0.0,-0.006904188032220815
2001-05-14,,0.0,0.0019980642824484196
2001-05-15,,0.0,0.0046252944692117826
2001-05-16,,0.0,0.02357494785631742
2001-05-17,,0.0,0.0015511234026115428
2001-05-18,,0.0,0.00456848608610283
2001-05-21,,0.0,0.014721509928016463
2001-05-22,,0.0,-0.0012910687738797444
2001-05-23,,0.0,-0.01696092761342971
2001-05-24,,0.0,0.0029396259256460056
2001-05-25,,0.0,-0.01180216885483043
2001-05-28,,0.0,0.0
2001-05-29,,0.0,-0.007963236381124505
2001-05-30,,0.0,-0.014006240526525882
2001-05-31,,0.0,0.005187424527421047
2001-06-01,,0.0,0.006193355803066458
2001-06-04,,0.0,0.004812435687912453
2001-06-05,,0.0,0.011465482415634165
2001-06-06,,0.0,-0.008306892048742687
2001-06-07,,0.0,0.0036012450184716993
2001-06-08,,0.0,-0.009283001198289176
2001-06-11,,0.0,-0.007086471792467353
2001-06-12,,0.0,-0.0017451018337256707
2001-06-13,,0.0,-0.008579563220851072
2001-06-14,,0.0,-0.022435730290656042
2001-06-15,,0.0,0.0016109955604781678
2001-06-18,,0.0,-0.004841789717256129
2001-06-19,,0.0,0.004370660903775914
2001-06-20,,0.0,0.005254962180248457
2001-06-21,,0.0,0.01135319205597729
2001-06-22,,0.0,-0.007834343272883681
2001-06-25,,0.0,-0.009197905371236659
2001-06-26,,0.0,-0.001396362525207917
2001-06-27,,0.0,-0.0005760023724453722
2001-06-28,,0.0,0.005514825064621087
2001-06-29,,0.0,0.0036844344873478985
2001-07-02,,0.0,0.012479785189027481
2001-07-03,,0.0,-0.0002417685557607463
2001-07-04,,0.0,0.0
2001-07-05,,0.0,-0.019500541967967355
2001-07-06,,0.0,-0.021613751614285914
2001-07-09,,0.0,0.005459634614181752
2001-07-10,,0.0,-0.012029986902047707
2001-07-11,,0.0,0.001014874244327002
2001-07-12,,0.0,0.023737024556823805
2001-07-13,,0.0,0.008663531353525933
2001-07-16,,0.0,-0.012515760928228703
2001-07-17,7.789974140948175e-05,0.0,0.009361062554116062
2001-07-18,3.5675460805517645e-06,-5.30676113229696e-07,-0.006812296210846003
2001-07-19,5.695882103518013e-05,3.125021043480906e-08,0.008759581440354047
2001-07-20,7.594486789319621e-05,-3.406118205657391e-07,-0.005979966129484371
2001-07-23,2.0736276470367798e-05,-1.4958912645918804e-06,-0.019697068493102154
2001-07-24,2.7295251576742174e-06,-2.0046735524117575e-07,-0.009667471184021115
2001-07-25,5.411051757331364e-06,3.0121512902622224e-08,0.011035440658216267
2001-07-26,3.5207165721584666e-05,5.678802899450211e-08,0.010494822733410514
2001-07-27,0.00013975122475196056,1.3458157711722767e-07,0.0038225620937932803
2001-07-30,8.765199972404769e-05,4.6260324859733944e-08,0.00033101910156307923
2001-07-31,9.75237595194356e-05,3.6265641662476606e-07,0.004137457419870705
2001-08-01,3.8780508816449455e-06,6.108153792556803e-07,0.0062632468463641455
2001-08-02,7.041708986166295e-05,1.587856012764801e-08,0.004094469261040956
2001-08-03,0.0009210707334804669,-3.84758932987355e-07,-0.005463999346511317
2001-08-06,0.0006706548180422933,-1.2388243796059447e-05,-0.013449828928173369
2001-08-07,0.0006151610878047942,2.620119390378909e-06,0.003906807674963542
2001-08-08,0.0003909033723918931,-1.140967878782796e-05,-0.018547465068935787
2001-08-09,0.0008640328607489867,1.15413594262361e-06,0.0029524839746497555
2001-08-10,0.0017251568319692767,2.9802974133651897e-06,0.003449287114823063
2001-08-13,0.0019483854779476228,4.324558189235948e-07,0.00025067623471075606
2001-08-14,0.0016145660929187677,-8.155756648510545e-07,-0.00041859050690018496
2001-08-15,0.0005221110131569118,-1.3943158068079698e-05,-0.008635854629446382
2001-08-16,0.0003526919197247569,1.810552916021518e-06,0.003467754692769498
2001-08-17,1.9320558535596e-05,-5.6477520284726025e-06,-0.016013273093639757
2001-08-20,2.438404389448756e-05,1.7871427790660554e-07,0.009249954010249972
2001-08-21,1.7154918164119515e-05,-4.159378869799954e-07,-0.017057789461822015
2001-08-22,0.00027159576917712425,1.7772967726389728e-07,0.010360275436092081
2001-08-23,0.0008753079198826619,-9.746978687149893e-07,-0.0035887814882687996
2001-08-24,0.0025588832520275773,1.8166898666605905e-05,0.02075486609219901
2001-08-27,0.0022428230747321143,-1.5264785034998496e-05,-0.005965408942710915
2001-08-28,0.0007184282453380764,-3.279676449703107e-05,-0.014622983358127062
2001-08-29,0.0001282466816900918,-6.408826523142999e-06,-0.008920621599624257
2001-08-30,3.0552299558062046e-06,-2.464127362239393e-06,-0.01921396584898749
2001-08-31,4.622145666210997e-09,2.2377324360305124e-08,0.007324268445908277
2001-09-03,3.4172495638751244e-06,0.0,0.0
2001-09-04,4.125551456013454e-09,-2.185322204608227e-08,-0.006394973980566099
2001-09-05,4.7209722098262574e-07,1.0183611018193241e-11,0.002468424191716112
2001-09-06,3.497987455247653e-09,-1.216577891998135e-08,-0.025769647393092954
2001-09-07,6.912304062467456e-11,-6.473487592445782e-11,-0.018506320206306937
2001-09-10,2.728539616470016e-11,8.45606057155674e-13,0.012233345777526772
2001-09-11,3.456146480118605e-11,0.0,0.0
2001-09-12,3.456146480118605e-11,0.0,0.0
2001-09-13,3.456146480118605e-11,0.0,0.0
2001-09-14,0.0,0.0,0.0
2001-09-17,0.0,-0.0,-0.0522495154700956
2001-09-18,0.0,-0.0,-0.002396414900056043
2001-09-19,0.0,-0.0,-0.020182582493450063
2001-09-20,0.0,-0.0,-0.03178097589191109
2001-09-21,0.0,-0.0,-0.010788383048985328
2001-09-24,0.0,0.0,0.03515546635622879
2001-09-25,0.0,0.0,0.01042746369773595
2001-09-26,0.0,-0.0,-0.003538289083460766
2001-09-27,0.0,0.0,0.008679719422012733
2001-09-28,0.0,0.0,0.021218072414561417
2001-10-01,0.0,-0.0,-0.0016272408764549384
2001-10-02,1.5461720792586675e-10,0.0,0.01256272684667925
2001-10-03,6.184686096588621e-11,2.5921274216131852e-12,0.016764805524466686
2001-10-04,2.000932752821427e-11,5.187471814378219e-14,0.0008387607282509535
2001-10-05,1.8189894035458565e-12,-3.9112820061459844e-14,-0.0019547293634085694
2001-10-08,0.0,-1.1874848402635479e-14,-0.0065282669483874844
2001-10-09,0.0,-0.0,-0.0053499485571122385
2001-10-10,7.276068636485888e-12,0.0,0.02227195343270827
2001-10-11,5.457079232940032e-12,1.1284802543688272e-13,0.015509477861575638
2001-10-12,0.0,-2.480490828929807e-14,-0.004545455037480606
2001-10-15,0.0,-0.0,-0.0018265059648789883
2001-10-16,1.8189894035458565e-12,0.0,0.006312905457298568
2001-10-17,0.0,-3.8697884283750343e-14,-0.021274386870156814
2001-10-18,0.0,-0.0,-0.0021369603552928718
2001-10-19,0.0,-0.0,-0.0006514395128380812
2001-10-22,1.455224829527424e-11,0.0,0.019748811016182755
2001-10-23,1.6371237698820096e-11,-7.444751715271331e-14,-0.0051158773298892735
2001-10-24,2.4193047565290726e-10,-4.3595435229805664e-14,-0.002662928486643845
2001-10-25,3.4179502561570985e-09,4.3434475782014905e-12,0.017953288301028048
2001-10-26,1.8839654503111092e-08,-7.729491574227362e-12,-0.002261440628137712
2001-10-29,5.6389781732946176e-11,-4.901136266608928e-10,-0.02601500078358432
2001-10-30,1.8189894035458565e-12,-6.76996020088839e-13,-0.012005650656620626
2001-10-31,0.0,-6.1685423691180245e-15,-0.0033911920306370913
2001-11-01,5.457079232940032e-12,0.0,0.025614289513408828
2001-11-02,1.8190227102365952e-11,3.721525870367592e-14,0.006819629533512561
2001-11-05,5.65717139799915e-10,2.3809607258926265e-13,0.013089230346018832
2001-11-06,1.2040134445001627e-08,8.791321097240858e-12,0.015540135659227516
2001-11-07,6.8813762466035655e-09,-1.6064479890497357e-11,-0.0013342442282416878
2001-11-08,7.82180986647063e-11,2.1456840422168713e-11,0.003118103073169287
2001-11-09,3.690986039028843e-08,8.33495862037835e-14,0.0010656048616199953
2001-11-12,4.6767164585403975e-09,-2.2593876117438828e-10,-0.006121365911040844
2001-11-13,2.0983920490103003e-07,1.0519709068595432e-10,0.022493792732259488
2001-11-14,4.229235961439315e-09,2.016080853152758e-10,0.0009607741575763384
2001-11-15,0.0,7.744690277593503e-12,0.0018312268098084061
2001-11-16,4.674897136069944e-10,-0.0,-0.004439817216191466
2001-11-19,2.114883143167212e-06,5.763836654080002e-12,0.012329333643746221
2001-11-20,8.243550585484982e-07,-1.771961053839795e-08,-0.008378529374375443
2001-11-21,1.1364760048593325e-06,-5.457500989962782e-09,-0.006620328138183806
2001-11-22,9.105929227426479e-06,0.0,0.0
2001-11-23,1.549031260161815e-05,1.3095089909149208e-07,0.014380838662470197
2001-11-26,1.7155502061605432e-05,3.347504974601966e-08,0.0021610312591446856
2001-11-27,1.2354753416765618e-05,-7.399078769545853e-08,-0.004312947964434821
2001-11-28,3.9961815279099255e-07,-2.2369071906215578e-07,-0.01810564011407978
2001-11-29,2.4533206355314974e-08,5.39441942609625e-09,0.013498934891773118
2001-11-30,1.1535992209377177e-05,-1.7513067173085783e-10,-0.00713851541435051
2001-12-03,7.630630186605813e-07,-6.87856745515609e-08,-0.005962701196664089
2001-12-04,5.32040834810843e-06,1.2922824382347024e-08,0.01693546151015246
2001-12-05,2.7494581056330958e-08,9.737558823170917e-08,0.018302277167565384
2001-12-06,2.8057858020291704e-06,-1.4040477163366124e-11,-0.000510663433445302
2001-12-07,2.5773822082131304e-06,-1.865315845818174e-08,-0.006648104942541089
2001-12-10,6.030071741935927e-08,-4.8204541790497366e-08,-0.018702907794151735
2001-12-11,1.4732118805982353e-06,-1.2122179968651863e-10,-0.0020102878518589717
2001-12-12,1.2987020229227042e-06,1.6776290695110047e-09,0.0011387561365781007
2001-12-13,1.1011292722074018e-07,-2.522929126550917e-08,-0.019426543441220745
2001-12-14,5.79599556749244e-06,1.0514805171219862e-09,0.00954911056913521
2001-12-17,2.989223150784426e-06,5.994249099025225e-08,0.010342052593422801
2001-12-18,2.7386434486853517e-05,1.7782991292436353e-08,0.005949034379641338
2001-12-19,3.7585368634074356e-05,1.929348739609202e-07,0.007044906632644565
2001-12-20,1.7848617139160083e-05,-3.700712767445621e-07,-0.009846152643799289
2001-12-21,5.956061001455293e-05,1.0826218904568441e-07,0.006065578537631122
2001-12-24,7.161092293916926e-05,-1.1393609772474802e-07,-0.0019129437676496108
2001-12-25,9.133769183455875e-05,0.0,0.0
2001-12-26,0.00011527813284384347,5.015308844069928e-07,0.005490952030136942
2001-12-27,0.00018513606075121203,6.994316404400821e-07,0.006067340120676112
2001-12-28,0.000254416731752638,-9.56656359679245e-08,-0.0005167315085983226
2001-12-31,1.323436503464226e-05,-3.728523805958152e-06,-0.014655183172399555
2002-01-01,1.5806789107397634e-05,0.0,0.0
2002-01-02,7.377801255592509e-06,1.700998954274494e-07,0.010761192185947621
2002-01-03,0.0001438083057871964,8.365686904248903e-08,0.011338997371212134
2002-01-04,0.0005521195971379678,9.60095599754451e-07,0.0066762180007542415
2002-01-07,0.0003373878807152453,-3.896182432180057e-06,-0.007056772576769177
2002-01-08,0.00027682252254701556,-7.799297011118169e-07,-0.0023116707673624948
2002-01-09,0.00019876829840470567,-2.2570969588210673e-06,-0.008153588581065407
2002-01-10,0.00013002188932131897,8.771636272066221e-07,0.004412995604664571
2002-01-11,4.212400742065192e-05,-1.2769062821724944e-06,-0.0098207024127831
2002-01-14,2.4419323047308872e-05,-2.6387284490145014e-07,-0.006264191397233554
2002-01-15,2.8153911269424015e-05,1.9882711539863904e-07,0.008142204229553807
2002-01-16,2.825586299459726e-05,-5.696859651962438e-07,-0.020234700597886013
2002-01-17,4.300279251612249e-05,2.1288933610460174e-07,0.007534342028247654
2002-01-18,5.096090572676015e-05,-1.9671401509196986e-07,-0.00457444746217861
2002-01-21,7.962674712702622e-05,0.0,0.0
2002-01-22,3.5450930270353176e-05,-5.489501998417105e-07,-0.006894042763871622
2002-01-23,0.00018980091195197613,2.7133244457952126e-07,0.007653746813138795
2002-01-24,0.0005729246107624153,5.866944693096102e-07,0.0030911045857253683
2002-01-25,0.0006014978271178251,-1.5131596215425534e-07,-0.00026411147175697813
2002-01-28,0.0004544320801979085,1.6420335495340866e-06,0.002729907699587475
2002-01-29,5.772322897112936e-06,-1.4288406510599668e-05,-0.03144233678303909
2002-01-30,1.4742835093617401e-05,8.322578766162656e-08,0.014418075555553633
2002-01-31,0.0,1.7263970974028432e-07,0.011710075344668613
2002-02-01,5.765392025169902e-05,-0.0,-0.004682844611337056
2002-02-04,4.728971314982289e-06,-1.4330489761225956e-06,-0.024856054364843727
2002-02-05,1.891599940795352e-06,-2.9274301669964893e-08,-0.006190416418306088
2002-02-06,7.810513550365883e-07,-8.143072833621769e-09,-0.004304859953737306
2002-02-07,3.1650715125453033e-06,-4.8860995167849564e-09,-0.006255798015427638
2002-02-08,2.0191638422595304e-05,6.065303781210329e-08,0.01916324404415337
2002-02-11,0.00021760476927024097,2.476008486269856e-07,0.012262543704720352
2002-02-12,0.0002913653954536022,-6.834435186600732e-07,-0.003140756155998181
2002-02-13,0.00040808865231289904,3.0949512331012954e-06,0.010622233392826308
2002-02-14,0.00021718370168477552,-7.632265891394298e-07,-0.0018702470279772232
2002-02-15,0.0001544695962543141,-2.2676183110485127e-06,-0.010441015110515872
2002-02-18,0.00011019619921515122,0.0,0.0
2002-02-19,1.0050293111629749e-05,-2.1167174199090283e-06,-0.01920862457130912
2002-02-20,4.535399103999804e-05,1.691095519621323e-07,0.016826330345176332
2002-02-21,2.208743476916908e-05,-9.39155726785994e-07,-0.020707234473758773
2002-02-22,5.035106987916205e-05,2.732895184117164e-07,0.012373076424120999
2002-02-25,0.00015979035586211054,8.312085161126242e-07,0.01650825927050703
2002-02-26,0.00019258499401786366,-3.2967936679176945e-07,-0.0020631994028241785
2002-02-27,0.00019735673719167846,7.445466415890195e-07,0.0038660677867765614
2002-02-28,2.539112815524991e-05,-8.838934726745292e-07,-0.004478658723548246
2002-03-01,8.655140333324596e-06,5.916637078723991e-07,0.023301985806017278
2002-03-04,0.0002887938820849145,1.5295764370189418e-07,0.017672462584224835
2002-03-05,0.0004376640208859639,-9.232023640415751e-07,-0.0031967518057398614
2002-03-06,0.0005801791826308689,5.1966100022261426e-06,0.01187351428090122
2002-03-07,3.7922674302692805e-05,-1.2423409568476632e-06,-0.0021413056414988363
2002-03-08,0.03651978436805525,1.5950809651028974e-07,0.004206140506788136
2002-03-11,0.5271624594660107,7.805069684153826e-05,0.0021372168043196638
2002-03-12,0.7138466313031586,-0.0003147451986725059,-0.0005970554105679815
2002-03-13,0.7818483011711159,-0.0068842411329495925,-0.00964386582644805
2002-03-14,0.800783686596639,-0.0010783860859610848,-0.0013792779038411807
2002-03-15,0.965991607565006,0.007630024065274043,0.009528196182045034
2002-03-18,0.9928892324093606,0.0001655942499673009,0.00017142410831572086
2002-03-19,0.9983985804121739,0.00663756805412493,0.006685104276957565
2002-03-20,0.9990968382820348,-0.018785835225934175,-0.018815967484828278
2002-03-21,0.999862847973617,0.000433719752299274,0.00043411182548136473
2002-03-22,0.9999689149548497,-0.0021689092361829023,-0.002169206747283936
2002-03-25,0.999961384850105,-0.012429418325929446,-0.012429804706969971
2002-03-26,0.9999612536445979,0.0058088699123854445,0.005809094231429945
2002-03-27,0.9999844791481624,0.002625333611615115,0.0026254353376657935
2002-03-28,0.9999812377231901,-0.00043664373334100106,-0.0004366505105288798
2002-03-29,0.9999407471873015,0.0,0.0
2002-04-01,0.9994415518324355,0.0004368153734138995,0.00043684125748710834
2002-04-02,0.9995118229181844,-0.0054958544978171075,-0.00549892536260943
2002-04-03,0.9991386443675639,-0.007017768405866377,-0.007021195992837015
2002-04-04,0.9995758600081085,-0.004149970576038852,-0.00415354825822567
2002-04-05,0.9997748740161307,0.00017708925881046976,0.00017716440131820832
2002-04-08,0.999791637106068,0.0021291067660397394,0.0021295861912262737
2002-04-09,0.9998456488663068,-0.0069941013623837965,-0.006995558977296978
2002-04-10,0.9998273898708506,0.0113237893699635,0.011325537479513148
2002-04-11,0.9995769445130852,-0.024861620139108174,-0.02486591224743262
2002-04-12,0.9993903183016383,0.0075019332881197725,0.007505108365393642
2002-04-15,0.999571855116774,-0.007624339311774732,-0.007628990567700833
2002-04-16,0.9995349045026962,0.023775601205053766,0.02378578496718098
2002-04-17,0.9991781091358511,-0.002119006939064838,-0.002119992938234727
2002-04-18,0.9972494387692356,-0.0043346733628474455,-0.004338238921783755
2002-04-19,0.9897071075806559,0.003635721914645559,0.003645749772627216
2002-04-22,0.9376449519572803,-0.016482826617101345,-0.016654246989691424
2002-04-23,0.7941904651486134,-0.004055293867381136,-0.004324978083565578
2002-04-24,0.6131253887803594,-0.007976242567473665,-0.0100432363740115
2002-04-25,0.37304034550638454,0.0003363113277197292,0.0005485196566215045
2002-04-26,0.10583680822794705,-0.007087976959263582,-0.019000563999698183
2002-04-29,0.0006106211977204845,-0.0005223628878980394,-0.004935550274465905
2002-04-30,3.2378666414700774e-10,5.714401857355925e-06,0.009358341765219436
2002-05-01,0.004749247983255378,3.9624631465661554e-12,0.012237882486621166
2002-05-02,0.006884886563466308,-1.8269173190336344e-05,-0.003846750739222027
2002-05-03,0.006799553812747661,-7.469597298095952e-05,-0.010849267056529777
2002-05-06,0.006647909562311205,-0.00013336012977389355,-0.019613070717062753
2002-05-07,0.010076317000351609,-2.332209672173406e-05,-0.0035081850171297946
2002-05-08,0.019019073965177102,0.00037486244513844363,0.037202327509680666
2002-05-09,0.05508565686856415,-0.00021983539471518947,-0.011558680255289833
2002-05-10,0.11000779660673599,-0.0010378449902387,-0.01884056665993883
2002-05-13,0.43892097282741604,0.002237266451345615,0.02033734444608104
2002-05-14,0.6982880991862148,0.009562223157127406,0.021785751306277357
2002-05-15,0.8900441419257695,-0.0027243620123060326,-0.003901487101786505
2002-05-16,0.9475649136266818,0.004620567319428776,0.005191391192611361
2002-05-17,0.9889893187282961,0.004636945453668636,0.004893538571327349
2002-05-20,0.9943670314292488,-0.010701612483160336,-0.010820756382810215
2002-05-21,0.996030816818639,-0.009064391908700115,-0.009115740588936716
2002-05-22,0.9967234452490527,0.0021993186585530333,0.0022080829442383543
2002-05-23,0.9959683355316726,0.0106130032501394,0.01064789165011315
2002-05-24,0.9901341219567665,-0.012755321865652152,-0.01280695521192754
2002-05-27,0.9612866278812056,0.0,0.0
2002-05-28,0.8206003788127625,-0.005217883690582082,-0.005428020674835499
2002-05-29,0.5537547497154329,-0.006072951116013246,-0.007400619440122047
2002-05-30,0.30731305018931876,-0.0015481645199622452,-0.00279575844858726
2002-05-31,3.678431200693222e-05,0.0006319218297446572,0.002056280491034679
2002-06-03,2.3631725444062113e-05,-9.777557827450458e-07,-0.026580782116049417
2002-06-04,8.586838306512412e-06,5.88679523970968e-08,0.002491056039747974
2002-06-05,4.279638373261285e-05,8.042723185018469e-08,0.009366338223602888
2002-06-06,1.2901447568047786e-05,-8.712515210710597e-07,-0.0203580640484613
2002-06-07,2.217010768146288e-05,-1.495998007426638e-08,-0.0011595582585102182
2002-06-10,1.2820960330839348e-05,8.580986679016267e-08,0.003870520974596392
2002-06-11,5.2876569546222996e-06,-2.1999085387178748e-07,-0.017158687664185712
2002-06-12,3.125258610903181e-06,3.215398365804784e-08,0.006080951153599301
2002-06-13,2.8408437954263732e-06,-3.1379575933080325e-08,-0.010040633381060204
2002-06-14,1.8230461029666856e-07,-4.194852763011204e-09,-0.0014766221112771927
2002-06-17,3.336375931195512e-06,4.890116434783642e-09,0.026823876954213288
2002-06-18,8.774401929145803e-06,2.7238493548989986e-08,0.008164096046343827
2002-06-19,3.7075567482780514e-07,-2.0479645671412968e-07,-0.02334021832688793
2002-06-20,5.4961875828318796e-08,-4.737525432543857e-09,-0.012778025406473326
2002-06-21,4.1873983169793405e-09,-8.59399773604893e-10,-0.0156362889849202
2002-06-24,2.271454165869713e-07,2.1931768878603864e-11,0.00523756452536972
2002-06-25,3.899810241403401e-08,-5.098091889751766e-09,-0.022444176802483562
2002-06-26,0.0,6.394989428771757e-11,0.0016398206663692516
2002-06-27,3.917126679686689e-07,0.0,0.017498399876876958
2002-06-28,1.9003021458630087e-06,-1.8513841052553774e-09,-0.0047263830267635365
2002-07-01,0.0,-3.706183401880892e-08,-0.01950312696299017
2002-07-02,1.7826451426117274e-10,-0.0,-0.021230393716364926
2002-07-03,3.2487807999359575e-09,1.0136695539026151e-12,0.005686322699185675
2002-07-04,3.672613990701734e-09,0.0,0.0
2002-07-05,1.1786743525643573e-07,1.4611878613342818e-10,0.03978604517201356
2002-07-08,3.0883426704875205e-08,-1.4717178445736405e-09,-0.012486212509602246
2002-07-09,8.458471700834025e-10,-7.778182980534176e-10,-0.025185621579053352
2002-07-10,0.0,-3.0790593064440864e-11,-0.03640207611193502
2002-07-11,0.0,0.0,0.008141865836361006
2002-07-12,3.6380898293941755e-12,-0.0,-0.010983562047508166
2002-07-15,0.0,1.940939028834443e-14,0.005335049764721322
2002-07-16,0.0,-0.0,-0.01927697274210649
2002-07-17,0.0,0.0,0.001987657022268108
2002-07-18,0.0,-0.0,-0.03239999191752807
2002-07-19,0.0,-0.0,-0.03519373178128382
2002-07-22,0.0,-0.0,-0.029630183309016345
2002-07-23,0.0,-0.0,-0.027372586044879688
2002-07-24,0.0,0.0,0.05966227598109075
2002-07-25,0.0,-0.0,-0.008498060572489474
2002-07-26,0.0,0.0,0.019046889125786004
2002-07-29,3.6380898293941755e-12,0.0,0.04871495768823175
2002-07-30,2.5466406761154303e-11,4.7418839381838663e-14,0.013033993553076995
2002-07-31,0.0,6.16004048599598e-14,0.002418888751668069
2002-08-01,0.0,-0.0,-0.02610845527236505
2002-08-02,0.0,-0.0,-0.02241489120733009
2002-08-05,0.0,-0.0,-0.034796244632787965
2002-08-06,0.0,0.0,0.03366325610174847
2002-08-07,0.0,0.0,0.01743915723177003
2002-08-08,0.0,0.0,0.03234928958949035
2002-08-09,0.0,0.0,0.0037381969586223196
2002-08-12,0.0,-0.0,-0.007338957191407647
2002-08-13,0.0,-0.0,-0.018208203196360073
2002-08-14,1.0914380510484989e-11,0.0,0.03652906553038582
2002-08-15,1.819056016927334e-11,1.5149223252582453e-13,0.013880057817325708
2002-08-16,3.7163282451402324e-09,-5.447021725474357e-14,-0.0029944222029375522
2002-08-19,1.6813520242742186e-08,8.690644181351906e-11,0.023385028469206093
2002-08-20,2.68128630409592e-09,-1.7799818899711633e-10,-0.010586610443696465
2002-08-21,1.6098631760996795e-08,3.863137385682165e-11,0.01440777652047398
2002-08-22,1.4552470339879164e-11,1.5637586621856434e-10,0.00971361222122158
2002-08-23,3.4616606248150106e-09,-3.1310435736243886e-13,-0.021515546848731026
2002-08-26,5.238877109903228e-10,2.4153230304499215e-11,0.006977353623678795
2002-08-27,9.095268982406424e-11,-6.049442036414517e-12,-0.011547211185731099
2002-08-28,1.819100425848319e-12,-1.989834286197774e-12,-0.021877684871627667
2002-08-29,0.0,7.903099440065632e-16,0.0004344509697082888
2002-08-30,7.276179658788351e-12,-0.0,-0.003906889094449473
2002-09-02,3.6380898293941755e-12,0.0,0.0
2002-09-03,0.0,-1.3873811646143929e-13,-0.038134879282115564
2002-09-04,0.0,0.0,0.014272673646688716
2002-09-05,0.0,-0.0,-0.008488134777221323
2002-09-06,0.0,0.0,0.01374219704223556
2002-09-09,0.0,0.0,0.007333378532361268
2002-09-10,0.0,0.0,0.011471237855436023
2002-09-11,0.0,-0.0,-0.006215697696957956
2002-09-12,0.0,-0.0,-0.01843514408260538
2002-09-13,0.0,0.0,0.0024594454476465355
2002-09-16,0.0,0.0,0.0024530826815951645
2002-09-17,0.0,-0.0,-0.022916409378196723
2002-09-18,0.0,-0.0,-0.010019370048201304
2002-09-19,0.0,-0.0,-0.02587745161754673
2002-09-20,0.0,0.0,0.00033257176394729804
2002-09-23,0.0,-0.0,-0.008180090152788866
2002-09-24,0.0,-0.0,-0.016137037910863294
2002-09-25,0.0,0.0,0.024784542923239616
2002-09-26,0.0,0.0,0.016360041142247095
2002-09-27,0.0,-0.0,-0.03476029734802921
2002-09-30,0.0,-0.0,-0.011601187262518464
2002-10-01,0.0,0.0,0.048050209885986295
2002-10-02,0.0,-0.0,-0.029981534435104984
2002-10-03,0.0,-0.0,-0.010102178689251562
2002-10-04,0.0,-0.0,-0.018345163866317127
2002-10-07,0.0,-0.0,-0.02066871265912429
2002-10-08,0.0,0.0,0.015670577425405563
2002-10-09,0.0,-0.0,-0.02824409246354631
2002-10-10,0.0,0.0,0.03239445203751523
2002-10-11,0.0,0.0,0.04377968591302217
2002-10-14,0.0,0.0,0.005584821436977361
2002-10-15,0.0,0.0,0.04809177696151101
2002-10-16,0.0,-0.0,-0.024238598455410654
2002-10-17,0.0,0.0,0.019872521122551445
2002-10-18,0.0,0.0,0.00419176392394105
2002-10-21,0.0,0.0,0.017260679565429315
2002-10-22,0.0,-0.0,-0.007208322425242497
2002-10-23,1.819100425848319e-12,0.0,0.007595949534996649
2002-10-24,0.0,-3.710824116353455e-14,-0.0203992262528494
2002-10-25,1.3806623622159009e-09,0.0,0.020824020151411826
2002-10-28,1.782672898187343e-10,-9.031161053204927e-12,-0.006541180016459869
2002-10-29,7.276179658788351e-12,-2.069027396790744e-12,-0.011606321041255363
2002-10-30,5.093347965612338e-11,7.065666762833646e-14,0.00971068210815762
2002-10-31,1.4916246016127843e-10,-5.183154138604767e-13,-0.010176320513734294
2002-11-01,2.7467716989804103e-10,2.948924810685839e-12,0.01976988585128847
2002-11-04,5.4571902552424945e-12,2.6168556254914516e-12,0.009527022673427199
2002-11-05,2.0009549572819196e-11,4.3115122962776536e-14,0.007900608361850248
2002-11-06,2.0919121990203848e-10,2.592484881120857e-13,0.012956238078654536
2002-11-07,8.54956105911242e-11,-5.126450469956271e-12,-0.024506049882767167
2002-11-08,4.200196745962614e-09,-1.0455535163791365e-12,-0.012229323928446001
2002-11-11,1.1823853007797425e-10,-6.512569653881074e-11,-0.015505391884656827
2002-11-12,2.801343601532835e-10,9.378075185324986e-13,0.007931488305157774
2002-11-13,6.184786016660837e-11,2.834970876856529e-13,0.0010120039809844439
2002-11-14,1.8590736727830404e-09,1.1668120069970466e-12,0.01886584279316761
2002-11-15,1.5689344601277355e-08,1.3728055007675904e-11,0.0073843523302252745
2002-11-18,5.7844110945559635e-08,-1.5792726642674178e-10,-0.010065893154892147
2002-11-19,2.940865295730788e-08,-7.67213337714827e-11,-0.0013263464943508163
2002-11-20,4.800484676437122e-09,6.541882485753027e-10,0.02224475393432601
2002-11-21,1.976584551588445e-08,8.938941619108707e-11,0.01862091480675887
2002-11-22,3.855576713784892e-06,-1.4075436672724122e-10,-0.0071210900952416445
2002-11-25,7.83242489488245e-06,2.475598912636199e-09,0.0006420826497330889
2002-11-26,3.255688562076031e-07,-1.491395038172233e-07,-0.01904129382902453
2002-11-27,8.203935308870314e-10,9.159829206300209e-09,0.028134844693066485
2002-11-28,1.3715305835493297e-07,0.0,0.0
2002-11-29,9.424156877102519e-08,-4.3644681163211817e-10,-0.0031821879647966345
2002-12-02,0.0,1.5041704804901517e-10,0.001596079628242153
2002-12-03,1.9269243645148038e-08,-0.0,-0.013385093175447449
2002-12-04,2.804982024429137e-09,-8.715047053648403e-11,-0.004522775887907171
2002-12-05,8.385840910563047e-10,-3.094784614160971e-11,-0.01103317093374534
2002-12-06,3.900052725214209e-09,5.503212959230817e-12,0.00656250579747919
2002-12-09,2.69220090665101e-10,-1.072135621438321e-10,-0.027490285310936002
2002-12-10,6.515853079314127e-09,3.60944644073549e-12,0.013407047118283222
2002-12-11,5.755124321549232e-08,5.748247245385891e-12,0.0008821941157075575
2002-12-12,1.0386436588571968e-07,-6.340362065403574e-12,-0.00011016898525828545
2002-12-13,8.300345522016528e-09,-1.6363423175427292e-09,-0.015754607497851292
2002-12-16,1.3140666610400586e-07,2.1461664898293589e-10,0.025856351210159723
2002-12-17,3.325267371456775e-07,-1.1469260762181704e-09,-0.008728066164546022
2002-12-18,2.827902023661011e-08,-3.843318106488547e-09,-0.011557922047046754
2002-12-19,5.820973703052346e-10,-2.015476451915777e-10,-0.007127108489093037
2002-12-20,2.1738607902666018e-07,8.30570959561938e-12,0.014268591509465356
2002-12-23,6.551759046402594e-07,7.261776819906256e-11,0.0003340497630952566
2002-12-24,4.577322059162725e-07,-4.876848764371365e-09,-0.0074435716115798245
2002-12-25,4.3082658340853897e-07,0.0,0.0
2002-12-26,1.2140914418257154e-07,1.9302045479695108e-10,0.0004480235487556161
2002-12-27,1.9027309727803754e-09,-2.7299444569936077e-09,-0.022485492961620723
2002-12-30,2.923220554507111e-09,1.5896011958337575e-11,0.008354313975931893
2002-12-31,1.819100425848319e-12,3.981594060110419e-12,0.0013620573562167504
2003-01-01,1.4832569950051777e-08,0.0,0.0
2003-01-02,1.4006718007664176e-10,4.774379965116008e-10,0.03218848777517036
2003-01-03,1.5266894004550835e-06,4.3063578051559535e-13,0.0030744945409764135
2003-01-06,1.246888988726269e-07,2.6907201223755322e-08,0.01762454184573148
2003-01-07,5.716742268457864e-08,-3.084553188263861e-10,-0.002473799364781315
2003-01-08,4.88328687264783e-07,-8.26101154747684e-10,-0.01445055795685768
2003-01-09,5.955584247985257e-09,7.587543791438459e-09,0.015537780165932213
2003-01-10,7.391049243410386e-06,1.604110983931572e-11,0.0026934569592802493
2003-01-13,4.317087133665076e-06,-2.381032389204696e-09,-0.0003221507949399127
2003-01-14,5.985691732823817e-06,1.3917974963331932e-08,0.0032239272760556936
2003-01-15,1.7760395162325082e-06,-5.963872085625989e-08,-0.00996354699143931
2003-01-16,3.577457054593225e-06,-7.3052025190422965e-09,-0.004113198187469802
2003-01-17,5.906377118503059e-07,-5.287192179202835e-08,-0.014779191192286767
2003-01-20,1.3925507016399052e-06,0.0,0.0
2003-01-21,8.638143522698982e-08,-2.1657699329371833e-08,-0.015552539167060231
2003-01-22,4.838684897201517e-09,-1.0452919762967487e-09,-0.012100886880959671
2003-01-23,4.084686699989959e-08,2.963415557501377e-11,0.006124423516842947
2003-01-24,8.003842033588171e-11,-1.072880346850631e-09,-0.026265915250079486
2003-01-27,0.0,-1.0933166821050555e-12,-0.013659898302801898
2003-01-28,1.819056016927334e-11,0.0,0.007394212175535264
2003-01-29,1.0004796990870091e-10,1.3776209352899352e-13,0.007573273843523243
2003-01-30,1.1460044024858007e-10,-2.3716571363878447e-12,-0.023705200001080562
2003-01-31,1.5643863982006678e-10,2.2124604645567607e-12,0.01930586357048636
2003-02-03,7.640033050648753e-11,3.0910825049449203e-13,0.0019759073004599337
2003-02-04,5.4571902552424945e-12,-7.531613133881253e-13,-0.009858089728082664
2003-02-05,1.819100425848319e-12,-3.3875588512474124e-14,-0.006207514660118596
2003-02-06,0.0,-8.574966879970754e-15,-0.00471385018557835
2003-02-07,0.0,-0.0,-0.012196333927989134
2003-02-10,0.0,0.0,0.007072256699120594
2003-02-11,0.0,-0.0,-0.006904126228525875
2003-02-12,0.0,-0.0,-0.015941044045873376
2003-02-13,0.0,0.0,0.003044607360682239
2003-02-14,1.819100425848319e-12,0.0,0.02185820873980826
2003-02-17,3.6380898293941755e-12,0.0,0.0
2003-02-18,1.1823853007797425e-10,6.398583140132284e-14,0.017587754673989986
2003-02-19,6.548594999600255e-11,-6.213792206716011e-13,-0.0052553023135675225
2003-02-20,1.2187661990736842e-10,-6.534750497446971e-13,-0.009978858820626213
2003-02-21,1.4370526990603594e-10,1.2284480936861065e-12,0.010079440130681183
2003-02-24,2.546673982806169e-11,-2.3281022822078195e-12,-0.01620053519074205
2003-02-25,4.9114490252577525e-11,2.0359463664859724e-13,0.007994530828176805
2003-02-26,2.728584025391001e-11,-7.151617937684306e-13,-0.014561116079809033
2003-02-27,3.0923930083304185e-10,3.605853660317756e-13,0.013215109473497133
2003-02-28,2.2629037532695406e-09,2.0532842937023553e-12,0.006639790893884223
2003-03-03,1.8736256990337097e-10,-2.159133551257434e-11,-0.009541429007476898
2003-03-04,3.8200109742092536e-11,-2.9856051972367897e-12,-0.015934907376519036
2003-03-05,5.60268720306567e-10,3.2314707325506504e-13,0.008459323165215693
2003-03-06,6.912403982539672e-11,-4.6997375655761536e-12,-0.008388363289324019
2003-03-07,1.7462919998934012e-10,4.761407083784813e-13,0.006888207193636031
2003-03-10,1.819100425848319e-12,-4.19171520255655e-12,-0.024003518328048368
2003-03-11,0.0,-1.7895557004012708e-14,-0.009837586067117376
2003-03-12,0.0,0.0,0.006705998485615927
2003-03-13,0.0,0.0,0.03454261374178014
2003-03-14,2.1282942075373512e-10,0.0,0.0032198036414960995
2003-03-17,1.819100425848319e-12,6.7038956705203405e-12,0.031498914232715114
2003-03-18,2.0009549572819196e-11,1.0690221638172592e-14,0.005876652814913896
2003-03-19,4.9114490252577525e-11,1.5358464838295424e-13,0.007675567499609404
2003-03-20,3.001440207484052e-10,1.0609612579885146e-13,0.002160179719940869
2003-03-21,5.54811641073627e-10,6.406574746714188e-12,0.021345002078467123
2003-03-24,2.1282942075373512e-10,-1.843808907968516e-11,-0.03323306094299905
2003-03-25,1.0746973755360045e-08,2.037633587078136e-12,0.009574022143469918
2003-03-26,2.8550059205656453e-08,-5.402415429414162e-11,-0.005026917858359625
2003-03-27,4.039392242916051e-08,2.294147887274482e-11,0.0008035527599956627
2003-03-28,6.24117564296256e-08,-2.0395133242886213e-10,-0.005049059862570537
2003-03-31,3.981910245975939e-09,-1.4179455255517829e-09,-0.0227192055899057
2003-04-01,2.1955987028476898e-09,6.108511778305032e-11,0.015340656621977367
2003-04-02,1.819100425848319e-12,5.307981639101499e-11,0.024175554632169582
2003-04-03,2.01023705459491e-08,-8.671032466178286e-15,-0.004766659576881049
2003-04-04,1.158737661377529e-09,1.1919408125908256e-10,0.0059293545000891346
2003-04-07,1.25878563128623e-09,-2.232858511945675e-12,-0.0019269750059657254
2003-04-08,9.643534826242472e-08,2.0012979352846455e-12,0.0015898639812401694
2003-04-09,8.080785285358161e-08,-1.2684261658631722e-09,-0.01315312474852548
2003-04-10,1.0833118271325048e-06,4.457208891627644e-10,0.005515811563145734
2003-04-11,2.765186330355718e-06,-4.457122402274723e-09,-0.004114348510412369
2003-04-14,5.224496291034164e-06,5.7112513478518595e-08,0.020654128386050408
2003-04-15,6.99903330417806e-05,4.875130767912363e-08,0.009331293384739592
2003-04-16,0.000122942763917111,-1.1928074588329267e-06,-0.017042460108324997
2003-04-17,0.00019972767177678374,1.8250540328381965e-06,0.014844745430228512
2003-04-18,0.0003867445972429717,0.0,0.0
2003-04-21,0.00034750401315286616,3.8872658788840137e-07,0.0010051248049993688
2003-04-22,0.0004900823128037857,6.550740369278597e-06,0.018850833720866822
2003-04-23,0.00025489400531930606,4.507188449494834e-06,0.009196798847338483
2003-04-24,0.0018548083948888294,-2.2675291785110337e-06,-0.008895969034934725
2003-04-25,0.002137530897633688,-2.294168362030845e-05,-0.012368762015271928
2003-04-28,0.001654616071648407,3.695598756413072e-05,0.017289100992665007
2003-04-29,0.0008240566393414861,5.768288776420613e-06,0.0034861795888843083
2003-04-30,0.0006207216045002184,-1.7886306731581928e-06,-0.002170519097555612
2003-05-01,0.00206672350183823,-6.804326322872796e-08,-0.00010961961487310212
2003-05-02,0.007279438394173554,2.9461062175534677e-05,0.014254960641484349
2003-05-05,0.020590535959851053,-1.4058183750475939e-05,-0.0019312181777275672
2003-05-06,0.03411894500077972,0.00019476949420410038,0.009459175544719978
2003-05-07,0.065981835435171,-0.00018891499714905968,-0.005536953066536565
2003-05-08,0.2214666189054696,-0.0006641538901204397,-0.010065708020095765
2003-05-09,0.6248893314841228,0.0030663680276234854,0.013845734597737858
2003-05-12,0.8025013164980594,0.0076668881411527156,0.012269193527346234
2003-05-13,0.8562937902956637,-0.0014377041706913095,-0.0017915287378781342
2003-05-14,0.8804246839642175,-0.001808419897964524,-0.002111915231033157
2003-05-15,0.9001705818454976,0.005589247937297938,0.00634835442383519
2003-05-16,0.9178989277023094,-0.002271597150964999,-0.002523518538350644
2003-05-19,0.9211827983029448,-0.02147917868990833,-0.02340037453107735
2003-05-20,0.921082525645182,-0.001889063913574941,-0.0020506938655987517
2003-05-21,0.9308193406148638,0.0018927397147730108,0.0020549078525262665
2003-05-22,0.9420193904394404,0.009242860168253568,0.009929811043835945
2003-05-23,0.9464336855026575,0.001912799646197847,0.002030531075698505
2003-05-26,0.9411282337716115,0.0,0.0
2003-05-27,0.9133069779881443,0.016461691741816456,0.01749144394047719
2003-05-28,0.8458939363999677,0.002585265341406105,0.0028306641728512716
2003-05-29,0.687443218164413,-0.0022102384293445168,-0.002612902556969554
2003-05-30,0.4341586439265597,0.011022568216511748,0.01603415078549153
2003-06-02,0.03565799726360097,0.0017911823833235043,0.004125640266249064
2003-06-03,0.02273473894368494,0.00014653746148294105,0.004109525849129048
2003-06-04,0.012326281304320341,0.00032791850900447666,0.014423676023584298
2003-06-05,0.0019005196359924703,6.090825476991978e-05,0.004941332528941356
2003-06-06,0.0007151935025517808,-7.438262369950909e-06,-0.003913804534866894
2003-06-09,0.0008750307097975529,-7.277004612921081e-06,-0.010174875172882625
2003-06-10,0.0016180348888489293,8.90625858179219e-06,0.010178224012106662
2003-06-11,0.0020232812991340943,1.711759561848131e-05,0.010579250012747732
2003-06-12,0.0024557825197649708,6.253465702059004e-06,0.0030907544614460214
2003-06-13,0.0018502561991315947,-2.562943263461881e-05,-0.010436360886334373
2003-06-16,0.0003217953765839443,3.9027400848165144e-05,0.02109297126878018
2003-06-17,0.0003829638729370144,0.0,0.0
2003-06-18,0.005421770287433292,-3.3895747222877005e-07,-0.0008850899423730185
2003-06-19,0.017289532807911345,-8.274285404881439e-05,-0.015261224593118183
2003-06-20,0.021696927702006485,-3.81542685992926e-05,-0.0022067842447329733
2003-06-23,0.019456332051018377,-0.00022255774237498962,-0.010257569432487346
2003-06-24,0.02432137619397301,1.9763039575450688e-05,0.0010157638923733447
2003-06-25,0.0313862158960575,-0.0002443960641368643,-0.010048611648769579
2003-06-26,0.17336400061065438,0.0004087072018147596,0.013021869318948331
2003-06-27,0.7245306993069678,-0.0020004423359460998,-0.011538971925542651
2003-06-30,0.8545693639333274,-0.00022248671587576674,-0.0003070770032085335
2003-07-01,0.9516401276192767,0.007877614386390862,0.009218227002817603
2003-07-02,0.979404736135365,0.011976833827160548,0.012585465324085332
2003-07-03,0.9853786958371232,-0.010111633470752425,-0.01032426442070511
2003-07-04,0.9888068853131783,0.0,0.0
2003-07-07,0.9881131727535498,0.019628216496757448,0.01985040434921803
2003-07-08,0.9870944283891743,0.004415480002968445,0.004468597448877176
2003-07-09,0.9857538373915158,-0.005561813956967553,-0.00563453079767029
2003-07-10,0.9746488140490231,-0.01254549005561814,-0.01272679809070365
2003-07-11,0.9300444286359753,0.009226659646979656,0.009466650463205273
2003-07-14,0.6809705541919187,0.004545913824074791,0.004887845874999686
2003-07-15,0.5188597270359157,-0.0014873405545989525,-0.002184148118363094
2003-07-16,0.6157820100452285,-0.003045554508478679,-0.005869706877959069
2003-07-17,0.6502098215228405,-0.00875098355269076,-0.014211171177358706
2003-07-18,0.665532697937371,0.006667260386260951,0.01025401365154055
2003-07-21,0.6577715543555611,-0.008226169201393565,-0.012360278055290497
2003-07-22,0.7963570528404635,0.005955958814918447,0.009054752786860298
2003-07-23,0.8629761581855323,0.000562067191435006,0.0007057979701821093
2003-07-24,0.8760052759725564,-0.006522047514500732,-0.0075576219025723645
2003-07-25,0.8692003895237679,0.015476977098885467,0.017667675667481175
2003-07-28,0.7891281827366439,-0.003208771476315457,-0.0036916360312189145
2003-07-29,0.6714576685058882,-0.0036351047483441806,-0.004606481973230103
2003-07-30,0.04361776453126287,-0.0016214995650286953,-0.002414894700118353
2003-07-31,0.001044867054721288,0.00010118675783012964,0.002319851989608601
2003-08-01,0.0007151074555494796,-9.251403816133644e-06,-0.0088541444333331
2003-08-04,0.0004261441532842358,0.0,0.0
2003-08-05,9.680416093649225e-05,-9.040951216266254e-06,-0.021215711037189777
2003-08-06,0.00012210103775911474,5.622115518875717e-07,0.005807720933157068
2003-08-07,0.2687365196924387,1.2841570252854376e-06,0.01051716716625184
2003-08-08,0.597236146483008,0.0007680704823697485,0.002858080037833277
2003-08-11,0.7077028729440042,0.0022479597313049787,0.00376393784023743
2003-08-12,0.7773916132950236,0.006456395763425848,0.009123031727379605
2003-08-13,0.7831605503295346,-0.0039824446752567836,-0.0051228294814976705
2003-08-14,0.8757602894791295,0.0021348980853105643,0.002726003096571006
2003-08-15,0.8999817983455553,0.0027340246746525407,0.0031218870134870347
2003-08-18,0.898187747830397,0.007768890337499122,0.00863227495464991
2003-08-19,0.8639315369323609,0.003396961182512686,0.003782016834139812
2003-08-20,0.7180382821699194,-0.003511671404455835,-0.004064756585834384
2003-08-21,0.7040773266155136,0.0022874565339162044,0.0031857027552952832
2003-08-22,0.776755125720583,-0.006987006563931382,-0.00992363523125761
2003-08-25,0.7857145960956418,0.001245913843343904,0.0016039982255515728
2003-08-26,0.7963258143651901,0.0014147637489014514,0.0018006076963972273
2003-08-27,0.7912746065126876,0.00023864107605796824,0.00029967768437622055
2003-08-28,0.791804339684838,0.004899133027486313,0.0061914447742457135
2003-08-29,0.7644966531233605,0.005344030555766344,0.006749180685083678
2003-09-01,0.6873056006852922,0.0,0.0
2003-09-02,0.24135327511423088,0.009214439646600828,0.013406612193198164
2003-09-03,0.5305310686386666,0.0013148148438862565,0.005447677655353811
2003-09-04,0.6371882249071283,0.00025627166046245667,0.0004830474134531748
2003-09-05,0.6684514905268057,-0.003573579099481911,-0.005608357091035021
2003-09-08,0.881994802490362,0.005525626203934987,0.008266308449069726
2003-09-09,0.9613442930885607,-0.005784597090700897,-0.00655853875143908
2003-09-10,0.9777115180072238,-0.009707081788243714,-0.010097404080963823
2003-09-11,0.9915182183386739,0.0028773758237833433,0.002942970161227132
2003-09-12,0.9977603227633671,0.001841768749694282,0.0018575238615183842
2003-09-15,0.9993488598624517,-0.0035061237005672807,-0.0035139939127433184
2003-09-16,0.9997445216389392,0.014585209421254365,0.01459471262444012
2003-09-17,0.9995921024818959,-0.0019302793752939544,-0.0019307726459251162
2003-09-18,0.9977722739536193,0.011796333926345725,0.01180114758515649
2003-09-19,0.990818661916167,-0.005074960431557447,-0.005086291295155143
2003-09-22,0.9490828964313529,-0.010704186460725526,-0.010803375907377899
2003-09-23,0.8221322140932064,0.0036093478721358923,0.003802984845377999
2003-09-24,0.4677622687389905,-0.014615403024238869,-0.01777743624893635
2003-09-25,0.14451202742895397,-0.003839727329561455,-0.008208715379957265
2003-09-26,0.030621984512309464,-0.00047554822880502225,-0.003290717300598489
2003-09-29,0.00801699091457897,0.00030024970011098957,0.00980503729241633
2003-09-30,0.0022292417454583546,-7.784363514483738e-05,-0.009709832027285703
2003-10-01,0.00296574774303604,4.750532936956954e-05,0.021310084232162074
2003-10-02,0.0044400200621330654,1.0750878303280562e-05,0.0036250144094436276
2003-10-03,0.011335972276150463,4.073760933039452e-05,0.009175095778919395
2003-10-06,0.3298163485753769,5.1533408377268494e-05,0.0045460069169089845
2003-10-07,0.46270863172235877,0.0012704069292477187,0.0038518616033897946
2003-10-08,0.8169723787805583,-0.0011541480961335595,-0.002494330161590952
2003-10-09,0.927190802428417,0.002199468029370138,0.00269221834972333
2003-10-10,0.9846416410678864,0.0025785184674035964,0.002781000912271958
2003-10-13,0.9934583371513457,0.003107901534623738,0.0031563783258781175
2003-10-14,0.9931261857651738,0.003503609881197481,0.003526680234265056
2003-10-15,0.9945806917646272,-0.002641238285504122,-0.0026595193273140083
2003-10-16,0.9973402783558152,0.003978568248296597,0.0040002468188253815
2003-10-17,0.9995487014545821,-0.010880423809667826,-0.010909439883050709
2003-10-20,0.9999736700857782,0.007477067076452113,0.007480442989492353
2003-10-21,0.9999988109656418,-0.0017134528745678698,-0.0017134979908229875
2003-10-22,0.9998477222392346,-0.012588159575121143,-0.012588174542893182
2003-10-23,0.9999825358289643,-0.001834627786785374,-0.0018349072023453594
2003-10-24,0.9999608557927099,0.00222518309906592,0.002225221960722834
2003-10-27,0.9998965133492291,0.00048283515338482896,0.0004828540543240223
2003-10-28,0.999970393591255,0.013604470789718326,0.013605878816547845
2003-10-29,0.9999162264329575,0.0013329621475138959,0.0013330016129045053
2003-10-30,0.9999663133157874,0.002091360947050647,0.0020915361624955775
2003-10-31,1.0,-0.0009485625080460577,-0.0009485944630481802
2003-11-03,0.9999539101277095,0.006552700928768029,0.006552700928768029
2003-11-04,1.0,-0.0021698052254124247,-0.0021699052360676374
2003-11-05,0.9999727773241284,0.0007565760919117093,0.0007565760919117093
2003-11-06,0.9999831486767892,0.005290248193554097,0.005290392212186523
2003-11-07,0.9999975337171056,-0.0074239706672121685,-0.007424095773049588
2003-11-10,0.9999932494848147,-0.004071992229913836,-0.004072002272623387
2003-11-11,0.9999941329858675,-0.0002844689561593392,-0.0002844708764843107
2003-11-12,0.9999587596192293,0.011221445622127955,0.011221511458894273
2003-11-13,0.9997500461312049,0.0002822513504964243,0.0002822629911296559
2003-11-14,0.9999642164168889,-0.0084603449450376,-0.00846246016969654
2003-11-17,0.9999427888794273,-0.0050247961475298605,-0.005024975959174727
2003-11-18,0.9998065215813869,-0.010387573084079895,-0.010388167402777704
2003-11-19,0.9993551489141312,0.008473466176220863,0.008475105926313065
2003-11-20,0.9992572202260536,-0.008970857431860416,-0.008976646031801483
2003-11-21,0.9997892802880844,0.004140395049147891,0.004143472736890752
2003-11-24,0.9999137127426688,0.013239796661274955,0.013242587135421147
2003-11-25,0.9999832627585401,0.003787549456840586,0.0037878763022978212
2003-11-26,0.999992295171488,0.0035851429308312753,0.0035852029372385186
2003-11-27,1.0,0.0,0.0
2003-11-28,0.9999434630981464,0.0007519117785796947,0.0007519117785796947
2003-12-01,0.9999491880270576,0.010803335712728802,0.01080394653439365
2003-12-02,0.9999974935630492,-0.0025092887051530936,-0.0025094162135418374
2003-12-03,0.9999615956008518,-0.0015841888747811451,-0.0015841928454606302
2003-12-04,0.9999898655302139,0.004106269738807324,0.004106427443685945
2003-12-05,0.9998328418462292,-0.006970744592785258,-0.006970815238301675
2003-12-08,0.9998682858421828,0.006737408605753671,0.006738535006824531
2003-12-09,0.9998484624258984,-0.0077149477622423775,-0.007715964063950809
2003-12-10,0.9999577501043262,-9.367601539862639e-05,-9.369021298621938e-05
2003-12-11,0.9999187394675425,0.011242538404018367,0.011243013420162429
2003-12-12,0.9999959642268086,0.0019458580000368386,0.0019460161343440863
2003-12-15,0.9999827325185708,-0.0049930056098634054,-0.004993025760582914
2003-12-16,1.0,0.00520430327511156,0.005204393141873487
2003-12-17,1.0,0.003142897470243433,0.003142897470243433
2003-12-18,0.9999990083873199,0.011244583255948015,0.011244583255948015
2003-12-19,0.9999951150082778,-0.002783620718021632,-0.0027836234782979696
2003-12-22,0.9999563952660856,0.006978872247069441,0.0069789063389691375
2003-12-23,0.9997883500107453,0.0006379582285249412,0.0006379860477367938
2003-12-24,0.9999444877195076,-0.0010025061018497418,-0.0010027183271729134
2003-12-25,0.9999913731057292,0.0,0.0
2003-12-26,0.9999827458121466,0.0007302708435598293,0.0007302771435835353
2003-12-29,0.999971206384147,0.01330877539722392,0.013309005033296906
2003-12-30,0.9999475367304699,0.00017980208461668083,0.00017980726191790808
2003-12-31,0.9999612017633783,0.0008991376462449155,0.0008991848204205066
2004-01-01,0.9999359141480233,0.0,0.0
2004-01-02,0.9997462634518848,-0.00044874660469395276,-0.000448775364845555
2004-01-05,0.9997703638079933,0.010875189564445702,0.010877949697852607
2004-01-06,0.9999784959555053,0.0009784285819817882,0.0009786533162026156
2004-01-07,0.9999854376361206,0.0033759111370283514,0.003375983734332788
2004-01-08,0.99997086376612,0.0039846901738512614,0.0039847482012045354
2004-01-09,0.9997384600998972,-0.008731154911443443,-0.008731409311827254
2004-01-12,0.9999670844264053,0.0073829556216683445,0.007384887064293411
2004-01-13,0.9999616589009739,-0.0058292433374107205,-0.005829435216614609
2004-01-14,0.9999903984649825,0.008350718325891446,0.008351038513886078
2004-01-15,0.9999930517671095,0.0024674051044968172,0.002467428795600801
2004-01-16,0.9999985155282287,0.00395394034907568,0.00395396782216495
2004-01-19,1.0,0.0,0.0
2004-01-20,0.9999959051629824,-0.00026200965632361406,-0.00026200965632361406
2004-01-21,1.0,0.007880433445165551,0.007880465714388274
2004-01-22,0.9999976351219831,-0.0026057838915921616,-0.0026057838915921616
2004-01-23,0.9999531529782423,-0.003223206729355248,-0.003223214351864012
2004-01-26,0.9999923515435909,0.012583415333433304,0.01258400485658262
2004-01-27,0.9999371714053441,-0.010270068290030538,-0.010270146840800964
2004-01-28,0.999952403632051,-0.011422330572859784,-0.011423048266929081
2004-01-29,0.9999014392113218,0.0009704775812322284,0.0009705237746389095
2004-01-30,0.999895762271441,0.0,0.0
2004-02-02,0.9999732306542611,0.004317044405645882,0.004317494451460568
2004-02-03,0.9999184992839257,-0.0016663620391810178,-0.0016664066477967143
2004-02-04,0.9999675490498187,-0.008173446578003203,-0.00817411277404756
2004-02-05,0.9999697393303801,0.0029242813605686274,0.002924376259356931
2004-02-06,0.9998978056536659,0.011220292640864235,0.011220632184707702
2004-02-09,0.9999741817211594,0.0002623829403101887,0.00026240975710378756
2004-02-10,0.9999891960653516,0.0032317397880916527,0.003231823228204922
2004-02-11,0.9999884233884224,0.010623139920164747,0.010623254693114204
2004-02-12,0.9999175859894159,-0.003618753264191874,-0.003618795157577792
2004-02-13,0.9999846223436641,-0.0044958986203039696,-0.004496269175879419
2004-02-16,0.9999960724172077,0.0,0.0
2004-02-17,0.9999973049425085,0.009033018533371892,0.00903305401143939
2004-02-18,0.9999976493079351,-0.004390253836735287,-0.004390265668753668
2004-02-19,0.9999970613540928,-0.003717774062105864,-0.0037177828014683945
2004-02-20,0.9999910717805167,-0.003037522586925563,-0.0030375315131551117
2004-02-23,0.9999638942093387,-0.0025239086394150023,-0.0025239311736264813
2004-02-24,0.9999820342761548,-0.0017453916703266525,-0.001745454691348347
2004-02-25,0.9999965837220735,0.004195858238872606,0.004195933621857328
2004-02-26,0.9999976880598253,0.0006088478260405478,0.0006088499060410424
2004-02-27,0.9999995888343906,0.0006962748561058158,0.00069627646585535
2004-03-01,0.9999942156660142,0.00991165941914753,0.009911663494482692
2004-03-02,0.9999900025946552,-0.0058537294147638815,-0.005853763274885737
2004-03-03,0.9999995406235158,0.0018182760171784735,0.001818294195402581
2004-03-04,0.9999979907970825,0.0025932873545015485,0.002593288545797323
2004-03-05,0.9999522509610845,0.003362260913768178,0.0033622676692461884
2004-03-08,0.9999936400876426,-0.012200828624770172,-0.012201411230429837
2004-03-09,0.999982901001828,-0.004001540223950052,-0.004001565673557028
2004-03-10,0.999869606823833,-0.01676823135588652,-0.01676851808074653
2004-03-11,0.9996530709411049,-0.012967154726796793,-0.012968845775788718
2004-03-12,0.9996943131107643,0.013134688252589661,0.013139246639060742
2004-03-15,0.9989030579624215,-0.01225432871206116,-0.012258075845134275
2004-03-16,0.9985757515359172,0.00529984377907792,0.005305663784720638
2004-03-17,0.9996446921635335,0.011165846312585907,0.011181771934088758
2004-03-18,0.9997256054241422,0.00026569013294770586,0.0002657845682876303
2004-03-19,0.999358763471984,-0.014329372533740658,-0.014333305515028094
2004-03-22,0.9981716554138154,-0.01268769868810706,-0.012695839724292113
2004-03-23,0.9988313901148735,-0.0017299425798901582,-0.001733111304561108
2004-03-24,0.9995317250889637,0.0008212686718745274,0.0008222295374398225
2004-03-25,0.999859169271015,0.01322983401600272,0.01323603211776514
2004-03-26,0.9997398750153682,0.0002706142147675303,0.000270652330932597
2004-03-29,0.9999314734970558,0.014046342856517718,0.014049997611930598
2004-03-30,0.9999883951163765,0.003374869832842514,0.003375101116719126
2004-03-31,0.9999576807888269,0.0011507052317822938,0.0011507185857375646
2004-04-01,0.9998331614930301,0.006012352247577913,0.006012606696350398
2004-04-02,0.9995977598084252,0.007557029223077397,0.007558290236935772
2004-04-05,0.9999652059551104,0.005493527818033698,0.005495738424910579
2004-04-06,0.9999957133112374,-0.0032101724981715677,-0.0032102841969440243
2004-04-07,0.9999940797601448,-0.002349791943874829,-0.0023498020167447287
2004-04-08,0.9999891868565339,-0.002267796127979274,-0.0022678095539557797
2004-04-09,0.9999948428719483,0.0,0.0
2004-04-12,0.9999949639421927,0.003934129543659991,0.003934149832574452
2004-04-13,0.9999740615831267,-0.014021881072254506,-0.014021951687613776
2004-04-14,0.9999967370433528,0.0015896426655716712,0.001589683899455352
2004-04-15,0.9999976051502446,-0.003791678755654338,-0.0037916911277781074
2004-04-16,0.9999990531972922,0.007701352299986593,0.0077013707436124346
2004-04-19,0.999986828047493,0.0,0.0
2004-04-20,0.999988380559332,-0.016778694487612083,-0.01677891549869015
2004-04-21,0.9999964305922926,0.006700988724553756,0.006701066587199378
2004-04-22,0.9999989242980878,0.014023033119184994,0.014023083173286155
2004-04-23,0.9999824137896443,0.0009628910770910367,0.0009628921128759238
2004-04-26,0.9999988451063723,-0.0013990072410566914,-0.0013990318447250072
2004-04-27,0.9999976243001153,0.0008757568144748739,0.0008757578258820065
2004-04-28,0.9999852358738645,-0.012948381111770045,-0.012948411873310639
2004-04-29,0.9999905920072341,-0.008775130823722712,-0.008775260382773875
2004-04-30,0.999962792967686,-0.007780040974670914,-0.007780114169928742
2004-05-03,0.9999902912226492,0.010724419325021576,0.010724818363684996
2004-05-04,0.9999892304901864,-0.0008019894757872391,-0.0008019972622000937
2004-05-05,0.9999794356015093,0.006424431506343665,0.006424500695066948
2004-05-06,0.9997273210338556,-0.00859976741352192,-0.008599944266202808
2004-05-07,0.997439345479318,-0.01654126942717499,-0.016545781113663116
2004-05-10,0.9856232799663958,-0.01025084962367029,-0.010277165894979068
2004-05-11,0.9966633518835868,0.008332109083293402,0.008453644767377533
2004-05-12,0.9985040759182459,0.0063568568382091845,0.00637813844182733
2004-05-13,0.9983668823734319,-0.004159009934007442,-0.004165240818053473
2004-05-14,0.9967732559032446,0.00045410494823009426,0.00045484776813764505
2004-05-17,0.9947635703828074,-0.008514752869138999,-0.008542316739249989
2004-05-18,0.9918510364761775,0.005015219731443571,0.005041619818781262
2004-05-19,0.9902287730389888,-0.0034375620737628633,-0.0034658047905820055
2004-05-20,0.9962172931641269,0.003171935895048688,0.003203235435498497
2004-05-21,0.9983782917804016,0.0017266117383361636,0.0017331678040362064
2004-05-24,0.9997317935482978,0.004181993620225654,0.004188786609901074
2004-05-25,0.9999807000951111,0.014324765519581,0.01432860854483664
2004-05-26,0.9999950315719154,0.003486861787338665,0.003486929084738355
2004-05-27,0.9999933970775694,0.0056131231732591165,0.005613151061796495
2004-05-28,0.9999807841991245,-8.868831241113898e-05,-8.868889801705304e-05
2004-05-31,0.9999957394800757,0.0,0.0
2004-06-01,0.9999889337050879,-0.0013290250321988304,-0.0013290306945605845
2004-06-02,0.9999935648277017,0.0037262173176295407,0.0037262585535056125
2004-06-03,0.9999870492584872,-0.009193075329519828,-0.009193134488924226
2004-06-04,0.9999513968139458,0.007939964407302484,0.007940067237060866
2004-06-07,0.9999960253951719,0.01522329127196069,0.015224031208382005
2004-06-08,0.9999924671234042,0.0013949791211407886,0.0013949846656535758
2004-06-09,0.9999912526142681,-0.009315657322945608,-0.009315727497171244
2004-06-10,0.9999991026406163,0.004921348456171485,0.004921391505481321
2004-06-11,0.9999983018333238,0.0,0.0
2004-06-14,0.9999804844103033,-0.009882104303791809,-0.009882121085280526
2004-06-15,0.9999169321438138,0.00706616416568153,0.007066302068733377
2004-06-16,0.9999779012193627,-0.0001754737336042984,-0.0001754883110420824
2004-06-17,0.999997722596873,-0.001491628320988796,-0.0014916612848843158
2004-06-18,0.9999956330593011,0.001887305487984385,0.0018873097861495935
2004-06-21,0.9999987966886957,-0.003784465160189357,-0.0037844816867964592
2004-06-22,0.9999972343803963,0.005035399244644296,0.005035405303804419
2004-06-23,1.0,0.008614042186848145,0.00861406601007797
2004-06-24,0.9999980655894125,-0.003137621966973758,-0.003137621966973758
2004-06-25,0.9999956650967212,-0.004808030256189489,-0.004808039556912114
2004-06-28,0.9999641573064423,-0.0034257299214170886,-0.003425744771689332
2004-06-29,0.9999863683237638,0.004142801434333639,0.0041429499288183624
2004-06-30,0.9998903527482453,0.005354515076452634,0.005354588068463562
2004-07-01,0.9999927443741496,-0.013881450520482235,-0.01388297275029049
2004-07-02,0.9999961207825884,-0.0005314823570229156,-0.0005314862132880238
2004-07-05,0.9999982093942655,0.0,0.0
2004-07-06,0.9999890188121617,-0.008770126304699167,-0.00877014200856574
2004-07-07,0.9999946162776003,0.0029490436058295026,0.0029490759901869
2004-07-08,0.9999932811764711,-0.00695046260174172,-0.006950500021304373
2004-07-09,0.9999953008101824,0.0026024541969304287,0.002602471682478402
2004-07-12,0.9999984826766839,0.0004476655204262813,0.00044766762410142213
2004-07-13,0.9999908004171204,0.000715660749701518,0.0007156618355919075
2004-07-14,0.9999965585658909,-0.0030399207632976414,-0.0030399487295579286
2004-07-15,0.9999965358513285,-0.006456260876446897,-0.006456283095319759
2004-07-16,0.9999843505239436,-0.0008118005323975888,-0.0008118033446050665
2004-07-19,0.9999918613029432,-0.004245624318650706,-0.00424569076148662
2004-07-20,0.9999358824306583,0.012699767459771166,0.012699870820172432
2004-07-21,0.9999847070132395,-0.01845057846820258,-0.01845176155030326
2004-07-22,0.9999836443222742,0.0027372050358861868,0.0027372468965667363
2004-07-23,0.9999890352407605,-0.008372598834951216,-0.008372735776719264
2004-07-26,0.9999866158217431,-0.001927185727867544,-0.00192720685922676
2004-07-27,0.9999883848452717,0.009379372940183631,0.009379498477063208
2004-07-28,0.9999920283702878,0.0030059957548380814,0.0030060306703494355
2004-07-29,0.9999953332752866,0.004268661622991737,0.004268695651452825
2004-07-30,0.9999937913793169,0.00244190888244828,0.0024419202782179905
2004-08-02,0.9999973761311844,0.0020750932964083953,0.0020751061799555437
2004-08-03,0.9999953975477891,-0.007742781400677137,-0.007742801716773107
2004-08-04,0.9999875535720859,-9.039517182556946e-05,-9.039558786694268e-05
2004-08-05,0.9998715494722011,-0.016334192436596322,-0.016334395741475438
2004-08-06,0.9992868028874528,-0.014297124164676616,-0.014298960873747824
2004-08-09,0.9997962599444087,0.0014022711991251518,0.0014032720086698536
2004-08-10,0.9999439611947616,0.012894844350994444,0.012897472082673556
2004-08-11,0.9999592762910445,-0.0020293295201407996,-0.002029443247715701
2004-08-12,0.9999139631997722,-0.010909026081822417,-0.01090947035591805
2004-08-13,0.9999641353465762,0.0019623864295616315,0.001962555281538325
2004-08-16,0.9999688631651373,0.010355523582990528,0.010355894993575365
2004-08-17,0.999986969259435,0.0056319604939311235,0.005632135860815346
2004-08-18,0.9999877000500097,0.010283685583673033,0.01028381958945812
2004-08-19,0.9999882279885772,-0.0029084526808750358,-0.002908488455137581
2004-08-20,0.9999853819952431,0.007018625505254457,0.007018708129566731
2004-08-23,0.9999826849826059,-0.0025340467609361902,-0.0025340838041852942
2004-08-24,0.999997370066888,0.00136058927283132,0.0013606128318661703
2004-08-25,0.9999967426613295,0.006796284476058347,0.0067963023498789354
2004-08-26,0.9999986481577667,0.0,0.0
2004-08-27,0.9999990340514369,0.0031506183670773945,0.0031506226262221215
2004-08-30,0.9999968167326919,-0.008254679182897375,-0.008254687156500573
2004-08-31,0.9999747876644755,0.005247055443092455,0.00524707214592568
2004-09-01,0.9999973390029138,0.0018898680723397942,0.0018899157215290785
2004-09-02,0.9999845837866406,0.0113194066207067,0.011319436741694888
2004-09-03,0.9999717911267247,-0.004085800974317755,-0.0040858639628683635
2004-09-06,0.9999990024193455,0.0,0.0
2004-09-07,0.9999977462757715,0.006599433106905873,0.0065994396903792385
2004-09-08,0.9999983564511388,-0.00248043782580561,-0.002480443416041034
2004-09-09,0.9999878079534812,-0.0008884722331742251,-0.0008884736934241522
2004-09-10,0.9999995766705598,0.005156449586123002,0.005156512454562723
2004-09-13,1.0,0.0032728401465005265,0.0032728415319907
2004-09-14,0.9999998655710476,0.0020272204905611435,0.0020272204905611435
2004-09-15,0.9999948523624183,-0.007565862305615525,-0.007565863322686606
2004-09-16,0.9999458573864145,0.0030140935255417046,0.00301410904108268
2004-09-17,0.9999652747067519,0.004250798604098737,0.00425102876590655
2004-09-20,0.9999938471414146,-0.006009562661212414,-0.006009771352284976
2004-09-21,0.9999991690106588,0.00435691702041293,0.004356943828072168
2004-09-22,0.9999980069734853,-0.01248211314486583,-0.01248212351737743
2004-09-23,0.9999687022403031,-0.005379247293684118,-0.005379258014687971
2004-09-24,0.9999984662040968,0.004596150369346316,0.004596294223058406
2004-09-27,0.9999955676945834,-0.006369450752433463,-0.006369460521885917
2004-09-28,0.9999999446724486,0.004785480840034944,0.004785502050841606
2004-09-29,0.9999971677404373,0.00503262667541605,0.005032626953858976
2004-09-30,0.9999975307813678,-0.0007155623521306651,-0.0007155643787947197
2004-10-01,0.9999969305512727,0.016911348875994263,0.016911390633915113
2004-10-04,1.0,0.0016716196459185505,0.0016716247768850945
2004-10-05,0.9999993504481761,0.0005270951357803089,0.0005270951357803089
2004-10-06,0.9999824313127206,0.006848223334816393,0.00684822778309524
2004-10-07,0.9999945143978406,-0.010725419510301334,-0.010725607945153204
2004-10-08,0.99998816905238,-0.008285564369283573,-0.008285609820842699
2004-10-11,0.99999877130648,0.004088279306708022,0.004088327675498604
2004-10-12,0.9999982586000294,-0.003895228615601061,-0.003895233401649101
2004-10-13,0.9999975286495537,-0.008796891130240228,-0.008796906449172859
2004-10-14,0.9999923263184797,-0.008068929920556703,-0.008068949861759545
2004-10-15,0.9999918302206924,0.005603726837136438,0.005603769838681494
2004-10-18,0.9999977831048892,0.0037747855703500733,0.0037748164097670678
2004-10-19,0.9999983605205887,-0.008417010940410736,-0.008417029600082504
2004-10-20,0.9999962815814323,-0.0019864738798931747,-0.0019864771366815415
2004-10-21,0.999990321455733,0.006515020613791386,0.006515044839455086
2004-10-22,0.9999973714319135,-0.01123739020042587,-0.011237498963057035
2004-10-25,0.9999900923421451,-0.0011817015800525638,-0.0011817046862437897
2004-10-26,0.9999819850510072,0.015292152559217726,0.015292304070134266
2004-10-27,0.9999350813969733,0.012013089222686237,0.012013305641774608
2004-10-28,0.9999914465070834,0.003011878125812755,0.0030120736654273284
2004-10-29,0.999993536518993,-0.00017635789933695336,-0.00017635940782589898
2004-11-01,0.9999936962917558,0.002738302001052681,0.002738319700130054
2004-11-02,0.9999941154162718,0.00035261637072757054,0.0003526185935323056
2004-11-03,0.9999935639871024,0.012593240051579009,0.012593314157990587
2004-11-04,0.999986098620306,0.013654400554847238,0.013654488435310919
2004-11-05,0.9998649003004847,0.006263595657249871,0.006263682731081799
2004-11-08,0.9999942929854815,-0.0014492416063052415,-0.001449437424865807
2004-11-09,0.9999998158289852,-0.0019647807093548875,-0.0019647919224509147
2004-11-10,0.9999993358523485,0.0007708565736773425,0.000770856715646806
2004-11-11,0.9999998338028756,0.007608479070711302,0.007608484123868164
2004-11-12,0.9999958728682888,0.007891117106399516,0.007891118417880705
2004-11-15,0.9999983009247579,0.0024567624305955466,0.0024567725700195275
2004-11-16,0.9999991382919373,-0.007159274667108529,-0.007159286831275535
2004-11-17,0.9999957731013978,0.005938245839379362,0.00593825095641809
2004-11-18,0.9999988931147348,0.0013491352292735641,0.0013491409319554837
2004-11-19,0.9999825684825554,-0.01111647766597467,-0.01111648997065362
2004-11-22,0.999997779274809,0.004769089379625833,0.004769172513539699
2004-11-23,0.9999989254522935,0.001525703026572694,0.0015257064147473631
2004-11-24,0.9999989687593686,0.002369362109850228,0.002369364655845585
2004-11-25,0.9999977597876857,0.0,0.0
2004-11-26,0.9999881065005066,-0.0007598889300680002,-0.0007598906323843524
2004-11-29,0.999998789775382,-0.004562661024298757,-0.0045627152909507585
2004-11-30,0.9999975415962034,0.0006791230208271159,0.000679123842719509
2004-12-01,0.9999991659385945,0.011366735410336578,0.011366763354430764
2004-12-02,0.9999994806225431,0.000838864882650089,0.0008388655823154956
2004-12-03,0.9999929819338027,-0.0006705676148107362,-0.0006705679630886197
2004-12-06,0.9999991968274939,-0.0003355066084821884,-0.0003355089631063013
2004-12-07,0.9999982341194374,-0.009310995947450319,-0.009311003425792275
2004-12-08,0.9999954682031673,0.0058420752076542275,0.005842085524079499
2004-12-09,0.9999947943842089,0.003535755187367431,0.0035357712107642048
2004-12-10,0.9999993851653869,0.0010068594600999377,0.001006864701450727
2004-12-13,0.9999988947058576,0.008715289164916975,0.008715294523381711
2004-12-14,0.9999996731195138,0.003489166733533201,0.003489170590093016
2004-12-15,0.9999979953355412,0.0007448248403638819,0.0007448250838326675
2004-12-16,0.9999730602909265,-0.0005785427898220518,-0.0005785439496085454
2004-12-17,0.9999973331138392,-0.006669776547564339,-0.006669956234244823
2004-12-20,0.9999979352902008,0.00025087569865177105,0.00025087636771048416
2004-12-21,0.9999953926476609,0.007700815862344696,0.007700831762327498
2004-12-22,0.9999953528061383,0.002408301324256036,0.0024083124201998984
2004-12-23,0.9999963048240096,0.0007459207473836949,0.0007459242138381228
2004-12-24,0.9999962218989487,0.0,0.0
2004-12-27,0.9999937433418784,-0.002069318150302845,-0.0020693259684254617
2004-12-28,0.9999983037823863,0.005475867849085908,0.005475902109933317
2004-12-29,0.9999959402333829,0.0014853173827440438,0.0014853199021698238
2004-12-30,0.9999947841868335,-0.0018954269809221295,-0.0018954346759445517
2004-12-31,0.9999657508334925,-0.002146399246553773,-0.002146410441829616
2005-01-03,0.9999932569586112,-0.004715322807727442,-0.00471548430913471
2005-01-04,0.9999715518040492,-0.012219230578259565,-0.012219312973592689
2005-01-05,0.9999914908493146,-0.00690086505413475,-0.006901061376881068
2005-01-06,0.9999955707465654,0.005084307280786097,0.005084350544291016
2005-01-07,0.9999991352853113,-0.0014331598350506595,-0.0014331661829068976
2005-01-10,0.9999977467191736,0.004727767235930316,0.0047277713241036246
2005-01-11,0.9999772474404397,-0.006890433657590261,-0.006890449183707292
2005-01-12,0.9999984274580377,0.00330000330856999,0.0033000783938001987
2005-01-13,0.9999983779938398,-0.008011894120603272,-0.008011906719662787
2005-01-14,0.9999987011176037,0.00527090972728639,0.005270918276748304
2005-01-17,0.9999993269569383,0.0,0.0
2005-01-18,0.999997956558317,0.01040262203115609,0.010402629032573385
2005-01-19,0.9999994033686241,-0.010462967777686594,-0.010462989158194769
2005-01-20,0.9999900846728923,-0.00609013104654678,-0.006090134680112214
2005-01-21,0.9999969428209468,-0.006127582888300652,-0.0061276436458918004
2005-01-24,0.9999987359799491,-0.001969669131636101,-0.0019696751532857215
2005-01-25,0.9999875629513887,0.002831549538824653,0.002831553117964569
2005-01-26,0.9999993117525015,0.0029943063801307025,0.002994343620927875
2005-01-27,0.9999970130040986,0.0017062189967878027,0.0017062201710895675
2005-01-28,0.9999974696516515,0.0,0.0
2005-01-31,0.9999995116784555,0.006216369485929838,0.006216385215549902
2005-02-01,0.9999968407219181,0.006347390120792181,0.006347393220361042
2005-02-02,0.9999920771992071,0.003027150467452598,0.0030271600310929347
2005-02-03,0.9999919626174962,-0.002598649544201222,-0.002598670132947012
2005-02-04,0.9999891624212532,0.010675556959816281,0.01067564276404065
2005-02-07,0.999997304633311,-0.0013308274431855422,-0.0013308418662890675
2005-02-08,0.9999955130401695,0.0011658944149734157,0.001165897557494855
2005-02-09,0.9999891718982375,-0.007486401063001951,-0.007486434654333518
2005-02-10,0.9999878021300378,0.0036034915198713807,0.003603530539266764
2005-02-11,0.9999932668999997,0.008601850154164595,0.008601955079694079
2005-02-14,0.999996634869344,-0.0007453632069917381,-0.0007453682256305383
2005-02-15,0.9999866812018259,0.003729047815669741,0.0037290603644450915
2005-02-16,0.9999858697068051,0.0006602819515114798,0.0006602907457906593
2005-02-17,0.999997143199812,-0.008084691833856732,-0.008084806074536988
2005-02-18,0.999990509408566,0.0013309318645979287,0.0013309356668151917
2005-02-21,0.9999960530001248,0.0,0.0
2005-02-22,0.9999996812265031,-0.014868359532059722,-0.014868418217704571
2005-02-23,0.9999989977091144,0.007166907114309839,0.00716690939893061
2005-02-24,0.9999943700006039,0.006613437522980481,0.006613444151575276
2005-02-25,0.9999955167722023,0.009896860431346587,0.00989691615097854
2005-02-28,0.9999979839023293,-0.006588050604746611,-0.00658808014061063
2005-03-01,0.999998454398313,0.004973818055754247,0.004973828083477461
2005-03-02,0.9999966037976651,-0.0004949948119750252,-0.0004949955770410241
2005-03-03,0.9999989067734536,0.00041324212076416204,0.0004132435242227839
2005-03-04,0.9999951129711384,0.012455806662795447,0.012455820279828833
2005-03-07,0.9999955334780303,0.000489586762302244,0.0004895891549385745
2005-03-08,0.9999909807296782,-0.003746520024816131,-0.003746536758804875
2005-03-09,0.999993601149388,-0.011117402699067318,-0.011117502970831916
2005-03-10,0.999987149029014,0.002232113383128157,0.0022321276661796396
2005-03-11,0.9999940256031181,-0.007010759651877586,-0.007010849748104286
2005-03-14,0.9999961344745196,0.00622968781442853,0.006229725033278344
2005-03-15,0.9999986279217029,-0.008254873568801042,-0.008254905478348507
2005-03-16,0.9999737822879701,-0.008490319002922764,-0.008490330652321187
2005-03-17,0.9999630894934106,0.002014717361842072,0.0020147701845065757
2005-03-18,0.9999970252773989,-0.0029688685929437687,-0.0029689781794324244
2005-03-21,0.9999849495806881,-0.0037120520396863566,-0.0037120630820443035
2005-03-22,0.9999975265938603,-0.010160519650393041,-0.010160672572775753
2005-03-23,0.9999681595676085,0.0008553401120921773,0.0008553422277008949
2005-03-24,0.9999986431499638,0.0011965712598195814,0.0011966093603790195
2005-03-25,1.0,0.0,0.0
2005-03-28,0.9999992831052475,0.0014514191734054105,0.0014514191734054105
2005-03-29,0.9999826822565737,-0.006649323099252681,-0.006649327866120935
2005-03-30,0.9999762451163586,0.014159884386655172,0.01416012960814661
2005-03-31,0.9999244528180831,-0.001861687809119849,-0.0018617320343476962
2005-04-01,0.9999952701617918,-0.004492874114202873,-0.004493213563825371
2005-04-04,0.999999039105714,0.001702955237226329,0.0017029632919671744
2005-04-05,0.9999946480437438,0.0047607974044880175,0.0047608019791154366
2005-04-06,0.9999940515136715,0.003468883309537213,0.0034689018749483047
2005-04-07,0.999986886701574,0.0053959378933205885,0.00539596999117431
2005-04-08,0.999997669194841,-0.010398215432716582,-0.010398351789406735
2005-04-11,0.9999852241341235,0.0007620679613797577,0.0007620697376158336
2005-04-12,0.9998803809332465,0.0051657804435820045,0.005165856773588828
2005-04-13,0.9999874126477766,-0.011793208371826881,-0.011794619233172265
2005-04-14,0.9998691774944141,-0.013043065502338589,-0.013043229682064728
2005-04-15,0.9997722858536118,-0.0139911046303095,-0.013992935221155633
2005-04-18,0.9999539946740306,0.0030652668787767233,0.003065965042389207
2005-04-19,0.9999952120576747,0.00794677783529406,0.00794714344621883
2005-04-20,0.9999784343633904,-0.013950281483432152,-0.01395034827689512
2005-04-21,0.9999528351006827,0.01942013713375421,0.019420555950406593
2005-04-22,0.9999907221543498,-0.0037930307902731227,-0.003793209696626554
2005-04-25,0.9999985872553094,0.0065763610470601485,0.006576422062088971
2005-04-26,0.9999911960943846,-0.009713742754944433,-0.009713756478002322
2005-04-27,0.9998987388217271,0.0039060483914629433,0.0039060827802470666
2005-04-28,0.999892685867174,-0.012536942763829278,-0.012538212397990134
2005-04-29,0.9999913215429642,0.013571327096269613,0.01357278364777681
2005-05-02,0.9999979914911837,0.005615835677238881,0.005615884414450489
2005-05-03,0.9999959374932684,0.0017184150592072802,0.0017184185106660088
2005-05-04,0.999999595902939,0.00771843030028952,0.007718461656591957
2005-05-05,0.999998954884199,-0.00034016017575737143,-0.0003401603132151543
2005-05-06,0.9999815122775596,-0.0031505628394392577,-0.0031505661321457046
2005-05-09,0.9999982554941788,0.0062347785114995925,0.006234893780485251
2005-05-10,0.9999813648354778,-0.010354606025076853,-0.010354624088778852
2005-05-11,0.9999745142171644,0.0054885173351722685,0.005488619616501822
2005-05-12,0.9999882403098354,-0.011002889277240989,-0.011003169701634508
2005-05-13,0.9999575771345334,-0.001983546776427705,-0.0019835701025975316
2005-05-16,0.9999514975608065,0.009332389518828933,0.009332785442330183
2005-05-17,0.9999848930669658,0.006677846210755104,0.00667817011829519
2005-05-18,0.9999893497095533,0.01029038438163781,0.01029053984013406
2005-05-19,0.9997956711586306,0.004209568669687596,0.004209613503294074
2005-05-20,0.9999778756729385,-0.0014252505734937456,-0.0014255418528088537
2005-05-23,0.9999970956811299,0.005540437559356081,0.005540560140520734
2005-05-24,0.9999961295651983,-0.0023373862290535265,-0.002337393017588174
2005-05-25,0.9999387255037803,-0.0007528775423522124,-0.000752880456326932
2005-05-26,0.9999739197974985,0.005359225800318289,0.005359554204302119
2005-05-27,0.9999905513803165,0.0016657540793872322,0.0016657975237239775
2005-05-30,0.9998998905926962,0.0,0.0
2005-05-31,0.9978264733021663,-0.006402322222144629,-0.0064029632189974706
2005-06-01,0.9998745057305395,0.008518179830603916,0.008536734651280797
2005-06-02,0.9998944727447469,0.002157309606222618,0.002157580370194978
2005-06-03,0.9999353669596964,-0.005050641501030407,-0.005051174537615166
2005-06-06,0.9999643524286628,-0.0009155445587713579,-0.0009156037370245951
2005-06-07,0.9999977687900213,0.0007500283350234138,0.0007500550726651234
2005-06-08,0.9999992682583885,-0.0018315078497128613,-0.0018315119362005694
2005-06-09,0.9999961021951985,0.004753558601646465,0.004753562080025642
2005-06-10,0.9999584451091794,-0.0023243619547601165,-0.002324371014704618
2005-06-13,0.9999946940748724,0.0031615145169866894,0.003161645898836829
2005-06-14,0.9999923572923363,0.0023225243974225973,0.002322536720628543
2005-06-15,0.9999932694536209,0.0019026922726208622,0.0019027068144528148
2005-06-16,0.9999915815744148,0.0025595053566499965,0.002559522583635454
2005-06-17,0.9999967539593694,0.0037056417491671163,0.0037056729450990478
2005-06-20,0.9999969961937404,0.00032921465578694394,0.0003292157244345617
2005-06-21,0.9999944356585949,0.0005773877132956877,0.0005773894476617247
2005-06-22,0.999978348917663,0.0008226114595791213,0.0008226160368955959
2005-06-23,0.9999959313158614,-0.014065626246556284,-0.014065930789181946
2005-06-24,0.9999934564205896,-0.00734194529967294,-0.0073419751718508675
2005-06-27,0.9999961321911207,0.0014289560873134888,0.0014289654378623062
2005-06-28,0.9999681764690124,0.008392878992606599,0.008392911454784047
2005-06-29,0.9999904053370254,-0.002663516890946246,-0.0026636016561560893
2005-06-30,0.9999923058566571,-0.005424103291032871,-0.005424155333975222
2005-07-01,0.999953070919662,0.0029363812954939553,0.002936403888606387
2005-07-04,0.9999945792022635,0.0,0.0
2005-07-05,0.9999959528204693,0.00803155756697952,0.00803160110466461
2005-07-06,0.9999970236437622,-0.008382088881678598,-0.00838212280563444
2005-07-07,0.9999927626847039,0.00393361104191821,0.0039336227497808185
2005-07-08,0.9999311570962561,0.011421461682583385,0.011421544343900969
2005-07-11,0.9999849098986564,0.005110029904718468,0.005110381718235191
2005-07-12,0.9999841699969442,0.002624003293398209,0.0026240428904713564
2005-07-13,0.9999916617603033,0.0013905153785569644,0.0013905373907681096
2005-07-14,0.9999901210884832,0.003921147094304157,0.0039211797900411405
2005-07-15,0.999989181604564,-0.000570198835004002,-0.0005702044680034879
2005-07-18,0.9999927340428878,-0.003988746993920102,-0.003988790146229215
2005-07-19,0.9999887714146565,0.005475899757436842,0.005475939545378727
2005-07-20,0.9999898256489957,0.0034141300258743027,0.0034141683621551344
2005-07-21,0.9999845155837945,-0.005832678874838011,-0.005832738219163969
2005-07-22,0.9999890255827258,0.0066819131540389555,0.00668201662116541
2005-07-25,0.9999945930051359,-0.002833193125050646,-0.002833224218035446
2005-07-26,0.9999946346603319,0.0012172801429726062,0.0012172867248356756
2005-07-27,0.9999875142446386,0.0036487613144117023,0.003648780891360559
2005-07-28,0.9999901361405156,0.006301156481375738,0.006301235157056384
2005-07-29,0.9999837400410286,-0.006663278953168886,-0.0066633446794645
2005-08-01,0.9999962300133282,-0.0007268608320697695,-0.000726872650989252
2005-08-02,0.9999978180628064,0.005984502854034839,0.005984525415615893
2005-08-03,0.999996395584158,0.0026528550405880533,0.0026528608289637656
2005-08-04,0.9999991318861468,-0.008017695208583652,-0.008017724107795443
2005-08-05,0.9999987286427817,-0.006790055208226586,-0.006790061102772693
2005-08-08,0.9999993997326103,-0.0018713709983648945,-0.001871373377548946
2005-08-09,0.9999986304364847,0.006033498502385461,0.006033502124100032
2005-08-10,0.9999989405224198,-0.00048637858401266997,-0.00048637925013994554
2005-08-11,0.9999961751053149,0.003973209416041811,0.003973213625572569
2005-08-12,0.9999947306287907,-0.006137758645105206,-0.006137782121475421
2005-08-15,0.9999957932151176,0.006175654601625352,0.006175687143613384
2005-08-16,0.9999973312798168,-0.013002906210399071,-0.013002960911058459
2005-08-17,0.999996840782496,-8.175416309543363e-05,-8.175438127500101e-05
2005-08-18,0.999997470746356,-8.203547966428854e-05,-8.203573883303061e-05
2005-08-19,0.999999249012432,0.0022916894273022526,0.0022916952235807475
2005-08-22,1.0,0.0,0.0
2005-08-23,0.9999998829318593,-0.001878459933268184,-0.001878459933268184
2005-08-24,0.9999989736193657,-0.00891654836804871,-0.008916549411892571
2005-08-25,0.9999998872115684,0.003631895143941272,0.0036318988716519396
2005-08-26,0.9999977008737697,-0.006826470741977488,-0.006826471511924503
2005-08-29,0.9999864501961736,0.007701754493339754,0.007701772200686241
2005-08-30,0.9997304837127835,-0.0052593470334377935,-0.005259418297523966
2005-08-31,0.9984472295576724,0.012635784813142245,0.012639191281049733
2005-09-01,0.9999274076745102,-0.0007329763002069359,-0.0007341162141655255
2005-09-02,0.9999970931106738,-0.0017959073956880503,-0.0017960377742467504
2005-09-05,0.9999996017210268,0.0,0.0
2005-09-06,0.999992048196504,0.011695200233920837,0.011695204891875033
2005-09-07,0.999997450225713,0.0016978675121652412,0.0016978810133814193
2005-09-08,0.9999984614691508,-0.003308913552943159,-0.0033089219899473665
2005-09-09,0.9999968832421494,0.008907277843619324,0.008907291547762153
2005-09-12,0.9999703582958549,-0.002006713761314702,-0.0020067200157750653
2005-09-13,0.9999653035516937,-0.0055484865240585995,-0.0055486509955298136
2005-09-14,0.9999661039822682,-0.003639391212814503,-0.0036395174911449946
2005-09-15,0.9998983597005366,-0.00048689190701860224,-0.0004869084112747446
2005-09-16,0.999696589473513,0.007110585523871404,0.007111308319378562
2005-09-19,0.999018522128223,-0.0033191703367603472,-0.0033201777136284694
2005-09-20,0.9996402335366189,-0.008440679299541691,-0.008448971778381442
2005-09-21,0.9983767792731201,-0.009336766983983216,-0.00934012724853095
2005-09-22,0.9992388144097759,0.0035499088053857755,0.00355568045960597
2005-09-23,0.9972345724712415,0.0008239706057216197,0.0008245982780485939
2005-09-26,0.9994891472601121,0.0011498025160504672,0.0011529910291829815
2005-09-27,0.999942118467051,-0.0002469205739121444,-0.0002470467784357888
2005-09-28,0.9998398944340625,0.00098727426779212,0.0009873314160480096
2005-09-29,0.9994188540537094,0.008135506106562294,0.00813680885494894
2005-09-30,0.9901464595473507,0.0030963341022301957,0.003098134570576949
2005-10-03,0.9982948492644068,-0.003540924711688373,-0.0035761625742792846
2005-10-04,0.999915587105583,-0.011237054545266724,-0.011256248145071313
2005-10-05,0.9998684260578787,-0.013115636279933462,-0.01311674350221781
2005-10-06,0.9997470131731034,-0.003593998557867495,-0.003594471496652152
2005-10-07,0.9998580327482786,0.003438893313196956,0.0034397635280571937
2005-10-10,0.9997676837576317,-0.008443220154177113,-0.008444418985132818
2005-10-11,0.9989637207384409,-0.0014324892130051358,-0.0014328220808469405
2005-10-12,0.9991954125578407,-0.007844698516268855,-0.007852836247616679
2005-10-13,0.9992760274431265,-0.0005953470705764503,-0.0005958264650679501
2005-10-14,0.9993017357042694,0.010551715853814458,0.010559360541064322
2005-10-17,0.9977241750209815,0.003705172131491806,0.0037077611287050782
2005-10-18,0.9994217538335258,-0.010805936063711195,-0.010830584578632618
2005-10-19,0.999870603057548,0.016626515374760946,0.01663613515613993
2005-10-20,0.9995587580084349,-0.017614024768105436,-0.017616304264014504
2005-10-21,0.9996362100604822,0.003907970324527309,0.003909695446332462
2005-10-24,0.9994794019408941,0.015485569880976434,0.015491205425661292
2005-10-25,0.9995275400586512,-0.0019992374607141947,-0.002000278801976174
2005-10-26,0.9998494154998603,-0.002922228800758076,-0.0029236100894094452
2005-10-27,0.998476624410905,-0.01063758142861616,-0.01063918352474913
2005-10-28,0.9999072474316966,0.01437251365657776,0.014394441797831226
2005-10-31,0.9998140526012701,0.0027541960316591545,0.0027544515141113557
2005-11-01,0.999491090782184,0.002996820496210174,0.0029973778508245452
2005-11-02,0.999848722620286,0.010451468491271808,0.01045679004811606
2005-11-03,0.9996463379381154,0.0042702432064196955,0.004270889295361346
2005-11-04,0.999982270537618,-0.0013079843347896028,-0.001308447082882802
2005-11-07,0.9999663893311628,0.0009828773041642487,0.000982894730359396
2005-11-08,0.9994916042316306,0.0,0.0
2005-11-09,0.9995703598585413,0.0013083005479655892,0.0013089660207514786
2005-11-10,0.999250926980632,0.007758724149423939,0.00776205904156857
2005-11-11,0.9997951139291962,0.0034028672858910773,0.003405418192778953
2005-11-14,0.9998537656981992,-0.000565662556847493,-0.0005657784769765861
2005-11-15,0.999638640699643,-0.003637181766274342,-0.0036377137248010394
2005-11-16,0.9985709315207603,0.00202739678226608,0.0020281296657831405
2005-11-17,0.9990462734779119,0.00929891985120036,0.009312227662223949
2005-11-18,0.9981274234990046,0.003927488295165445,0.003931237620748984
2005-11-21,0.9994105654973452,0.005025317030453202,0.005034744975582983
2005-11-22,0.9994060792904145,0.004291548527279838,0.0042940796059567354
2005-11-23,0.9993929490097123,0.005776709410716401,0.0057801423569665555
2005-11-24,0.9996287391808383,0.0,0.0
2005-11-25,0.9994524169046521,0.000786843539434996,0.0007871357721065397
2005-11-28,0.9997031956027798,-0.007075649802958322,-0.0070795264319555296
2005-11-29,0.9970467849507803,-0.0011087334450113834,-0.0011090626196736952
2005-11-30,0.9994948550342915,-0.0053771191089444685,-0.005393045933355989
2005-12-01,0.999489324672345,0.010201489353034639,0.010206645188468366
2005-12-02,0.9996687364636273,0.0012623282730520372,0.0012629732423263818
2005-12-05,0.9997865231952074,-0.0021276214667476884,-0.0021283265037118637
2005-12-06,0.9993813067321841,0.0018957009869638773,0.0018961057615634047
2005-12-07,0.9998400573456528,-0.0058316296388772155,-0.005835239862496233
2005-12-08,0.9997049653698531,-0.0006347053791641991,-0.000634806911866681
2005-12-09,0.997882384544791,0.0026184964626338575,0.0026192692377646765
2005-12-12,0.9996792834471004,0.0009477856222393166,0.0009497969268910111
2005-12-13,0.999610893677159,0.006799030646811586,0.006801211908050275
2005-12-14,0.9984780665458395,0.003926020262051569,0.003927548496004629
2005-12-15,0.9994481681213594,-0.002890614774048146,-0.002895020803058812
2005-12-16,0.9995300536889054,-0.0032168028763715608,-0.0032185789908626417
2005-12-19,0.999740488687581,-0.005141818423961756,-0.005144235938664532
2005-12-20,0.9996837959268726,0.0009545782974558573,0.0009548260856264701
2005-12-21,0.9990883871784519,0.0015891212646994707,0.001589623910254634
2005-12-22,0.9985404047341653,0.0052318945242718256,0.005236668338271189
2005-12-23,0.998548904592684,0.0005518593017330256,0.0005526659703669612
2005-12-26,0.9993209389949828,0.0,0.0
2005-12-27,0.9997170726244782,-0.010169884974929797,-0.010176795640004954
2005-12-28,0.9995398866306683,0.002230909382209689,0.0022315407461763748
2005-12-29,0.9997649655392478,-0.004451271344993296,-0.00445332037723678
2005-12-30,0.9997844258546253,-0.0054302253776846365,-0.005431501967820718
2006-01-02,0.9984562757050874,0.0,0.0
2006-01-03,0.9682239378898612,0.01756175382324088,0.01758890624513243
2006-01-04,0.9974096756152142,0.004585206206061193,0.004735687712962511
2006-01-05,0.9990554661372407,0.0006265663024699541,0.0006281935274825567
2006-01-06,0.9980234774779471,0.00831413235024754,0.008321992754209528
2006-01-09,0.9991667458903191,0.002563652390520351,0.002568729542313797
2006-01-10,0.9995761118465049,0.0010089225879057143,0.001009763977890099
2006-01-11,0.999463340783199,0.0031796428735451593,0.003180991258055821
2006-01-12,0.9987891443198994,-0.003942166735374183,-0.003944283471452814
2006-01-13,0.9979460358137356,-0.0009307904783828816,-0.0009319188976735227
2006-01-16,0.9996358680311157,0.0,0.0
2006-01-17,0.9998156385964913,-0.0027189169274364875,-0.0027199073326487078
2006-01-18,0.9998496131088126,-0.0039735008068632295,-0.003974233502129554
2006-01-19,0.9993361643253428,0.003833278339310081,0.0038338549008298806
2006-01-20,0.999902065721065,-0.018225002925563723,-0.018237109369365734
2006-01-23,0.9999577738521866,0.003572394843145604,0.003572744737325273
2006-01-24,0.9995506644522177,0.0010281396163255578,0.001028183032534269
2006-01-25,0.9981761213067776,0.0008684071757574236,0.0008687975573837825
2006-01-26,0.9998539251127947,0.005516576794353923,0.0055266567458374105
2006-01-27,0.9998166111052003,0.009263532034174285,0.009264885401264245
2006-01-30,0.9993131998579287,-0.000777179775766746,-0.0007773223280493902
2006-01-31,0.9987349255606344,-0.0073140965627246654,-0.007319123337672817
2006-02-01,0.9990251128087698,0.006971469791124208,0.006980300390727612
2006-02-02,0.9999477445794768,-0.011593866876844078,-0.011605180618781241
2006-02-03,0.9998936328594307,-0.004964193743892095,-0.004964453163479821
2006-02-06,0.9999894506017333,0.0026130362226113625,0.0026133141933695203
2006-02-07,1.0,-0.008846661459920054,-0.008846754787859679
2006-02-08,0.9999694647314051,0.009085574661957141,0.009085574661957141
2006-02-09,0.9999811385711955,-0.0016586007940035167,-0.0016586514413707842
2006-02-10,0.999873380159685,0.0018190885892120762,0.00181912290046915
2006-02-13,0.9999562202835404,-0.0018155897824668138,-0.0018158197012674293
2006-02-14,0.9999104306783391,0.010599806152786027,0.010600270229611075
2006-02-15,0.9997212639955043,0.0035218678472861455,0.0035221833268574976
2006-02-16,0.9997527846941011,0.007486602877507851,0.007488690245105678
2006-02-17,0.9998775461039421,-0.0027092144045923693,-0.0027098843294758312
2006-02-20,0.9998981552462441,0.0,0.0
2006-02-21,0.9999280699891139,-0.0024839255677829137,-0.0024841785683374917
2006-02-22,0.9998194177856253,0.006070399609180082,0.006070836284500114
2006-02-23,0.9997573381634047,-0.001470157422687569,-0.0014704229549208359
2006-02-24,0.9997922916104252,0.0025562330731415312,0.0025568535239135493
2006-02-27,0.9997824734428016,0.000385967959252466,0.0003860481446908981
2006-02-28,0.9993759642463355,-0.009498859865054275,-0.009500926568901003
2006-03-01,0.9997445638028365,0.008885005973473383,0.00889055399703742
2006-03-02,0.9998404311042822,-7.74193085698578e-05,-7.743908931634458e-05
2006-03-03,0.9997753104946108,-0.004637398158639067,-0.004638138261239599
2006-03-06,0.9998519378171409,-0.004581345599538748,-0.0045823752111584515
2006-03-07,0.9998614264571513,-0.0015600254948170771,-0.0015602565098017385
2006-03-08,0.9999235278583993,0.0021095403471646356,0.002109832714158655
2006-03-09,0.9999527369950866,-0.006705661629059516,-0.00670617446458277
2006-03-10,0.999815066386404,0.009498667200163062,0.00949911615693666
2006-03-13,0.9995675558767644,0.0018660194842455638,0.0018663646378023202
2006-03-14,0.9982123400497379,0.010474556397633844,0.010479088017663951
2006-03-15,0.9994320959310334,0.004447128655230973,0.004455092846286979
2006-03-16,0.999635444512759,0.002063728139694459,0.0020649008052637807
2006-03-17,0.9997812989898281,0.0008351517988951693,0.0008354563690988748
2006-03-20,0.9997499462630814,-0.0016077297377411258,-0.0016080814267735999
2006-03-21,0.9978463777260617,-0.0062858786207893765,-0.00628745082136295
2006-03-22,0.9996131513009767,0.006082929798062917,0.0060960584052276445
2006-03-23,0.9996372477759076,-0.002070211486536519,-0.0020710126550878005
2006-03-24,0.999217704267927,0.0007683547504269257,0.0007686335739653938
2006-03-27,0.9994755197439189,-0.0014583099604335845,-0.001459451683256563
2006-03-28,0.9988653147840925,-0.006149420206637472,-0.006152647148589541
2006-03-29,0.9995241359435633,0.0062612729385293185,0.006268385582977931
2006-03-30,0.9996853596509515,-0.0017678484792731574,-0.0017686901353355378
2006-03-31,0.9997632831945829,0.0002309830074278321,0.00023105570687609323
2006-04-03,0.9995846492693289,-0.0007702788396515234,-0.000770461220770402
2006-04-04,0.9996201154915341,0.006395348696792209,0.006398006113306209
2006-04-05,0.9995403463172444,0.003445704622631359,0.0034470140898845703
2006-04-06,0.9997194240715598,-0.0010687083463696734,-0.0010691998079990217
2006-04-07,0.9995591035879553,-0.010160020520059609,-0.010162871977300258
2006-04-10,0.9996920560166341,0.0015434364252588238,0.0015441172210013399
2006-04-11,0.9999546322788809,-0.008475706785888304,-0.008478317632792387
2006-04-12,0.9996359182807143,0.0018658876336934513,0.0018659722886038566
2006-04-13,0.9999190000275143,-0.0013188382737718272,-0.001319318613560938
2006-04-14,0.9999101468454303,0.0,0.0
2006-04-17,0.999775726884059,-0.0003884621489984495,-0.0003884970566845336
2006-04-18,0.9995744369483133,0.015852083135115057,0.015855639128707688
2006-04-19,0.9994661972215939,0.0019120957550190615,0.0019129098187591342
2006-04-20,0.9995709842815605,0.0013740159071491688,0.001374749752386606
2006-04-21,0.9997262419430215,0.0001523813344024913,0.0001524467364486526
2006-04-24,0.9996319527258972,-0.001829759266590738,-0.0018302603150983643
2006-04-25,0.99608469235011,-0.004123148949030113,-0.004124667021483952
2006-04-26,0.9986587660562458,0.0002292291387642116,0.0002301301691760571
2006-04-27,0.9982664414647052,0.004824887708065958,0.004831367702423206
2006-04-28,0.998808929247922,0.003352082924626896,0.003357904047849747
2006-05-01,0.998944997064474,-0.008129019068831489,-0.008138712851668672
2006-05-02,0.9991618499184501,0.007507250169987544,0.007515178705582937
2006-05-03,0.9985532042493757,-0.003726854841361672,-0.00372998112534606
2006-05-04,0.9990127193998869,0.0035861080758555334,0.0035913039591628504
2006-05-05,0.9979864056671925,0.008821996889096064,0.008830715282980073
2006-05-08,0.998926321382805,-0.0012051831404184337,-0.0012076147867091658
2006-05-09,0.9989544714054511,0.0019623664331268574,0.001964475648624786
2006-05-10,0.9987773678429127,-0.0005273915736550143,-0.0005279435537367538
2006-05-11,0.9993582121010055,-0.01205607774250428,-0.012070835934680946
2006-05-12,0.9998218320931259,-0.013050098142232448,-0.013058478915979999
2006-05-15,0.9987436109151925,0.0020112856031685154,0.0020116440135717895
2006-05-16,0.996648697201495,-0.0014650140084233626,-0.001466856951486184
2006-05-17,0.9963834396063721,-0.01896041205364067,-0.01902416780042948
2006-05-18,0.9919663831116248,-0.005027169614603707,-0.005045416668697067
2006-05-19,0.9920467067523989,0.006995051576091744,0.007051702250382208
2006-05-22,0.9789770458357807,-0.00757100911747833,-0.007631706315787357
2006-05-23,0.9794244204310704,-0.007451014749306315,-0.007611020892675957
2006-05-24,0.9884659608204065,0.007824602331973334,0.007988980230378084
2006-05-25,0.9947185408156184,0.012221553888321945,0.012364162624455277
2006-05-26,0.9994915809629094,0.005062247145741455,0.005089125152518692
2006-05-29,0.9990768442388072,0.0,0.0
2006-05-30,0.9813631861859237,-0.017743659236165176,-0.017760054532826253
2006-05-31,0.996079568727131,0.01097328502953045,0.01118167584029539
2006-06-01,0.9992397162426693,0.009530249962142011,0.009567759706506695
2006-06-02,0.992485356338172,0.0020959637680876796,0.002097558507751174
2006-06-05,0.9932965006135007,-0.014464193533533804,-0.014573709769280851
2006-06-06,0.9875595380122688,-0.0024225471181203075,-0.0024388962576874507
2006-06-07,0.9718188403643278,-0.007397807097364689,-0.007490998580454988
2006-06-08,0.8611938920272896,-0.0008496712473539705,-0.0008743103262285334
2006-06-09,0.17980212769743176,-0.0027390447071301747,-0.0031805203595700604
2006-06-12,0.0,-0.0019508084545334322,-0.010849751777221583
2006-06-13,0.0,-0.0,-0.011613928916053173
2006-06-14,0.37153506257579716,0.0,0.007752023168609901
2006-06-15,0.9593084073475657,0.007881904538606311,0.021214429895155096
2006-06-16,0.9946939689361043,-0.00699065292594051,-0.007287179881253492
2006-06-19,0.9983926090270903,-0.007820449388525306,-0.007862166287074035
2006-06-20,0.9994813314193833,0.0033909831261671043,0.003396442537241473
2006-06-21,0.9995465710507867,0.007410603465168399,0.007414449106962762
2006-06-22,0.9997527904491996,-0.004398196611537112,-0.0044001917858749184
2006-06-23,0.9998059869046273,-0.0001606647867726512,-0.00016070451446348333
2006-06-26,0.9998456697008762,0.004418697143552933,0.004419554595020081
2006-06-27,0.9997163432729084,-0.008639299153144863,-0.008640632664568604
2006-06-28,0.999727795179374,0.006777183983557446,0.006779106922839784
2006-06-29,0.9999828581979655,0.020195057730088596,0.020200556418925153
2006-06-30,0.9999711202799128,7.85768131702971e-05,7.857816014156249e-05
2006-07-03,0.9999638877323763,0.00408553894170308,0.004085656934331716
2006-07-04,0.9999790994821359,0.0,0.0
2006-07-05,0.9996318162800927,-0.005712210631001279,-0.005712330021656942
2006-07-06,0.9998808647489338,0.002911069035509941,0.002912141238504029
2006-07-07,0.999969092891228,-0.006512164674539117,-0.0065129405953521236
2006-07-10,0.9999164458617195,0.0018953873127136233,0.0018954458954660858
2006-07-11,0.9999328859063583,0.0044142309953779865,0.004414599853464596
2006-07-12,0.9998834551800282,-0.01067322214504566,-0.0106739385167548
2006-07-13,0.9981489877735248,-0.01626166101786484,-0.01626355645112354
2006-07-14,0.9983797480304567,-0.003863873531762561,-0.003871038872043875
2006-07-17,0.9978178189040904,-0.0014553415337213008,-0.0014577033804945572
2006-07-18,0.9984499618626617,0.00509719329894343,0.005108340623283025
2006-07-19,0.9995912202538383,0.013853176728411324,0.01387468301622996
2006-07-20,0.999730499770045,-0.006839695666073681,-0.006842492738518446
2006-07-21,0.9993020487828376,-0.00704769920006414,-0.007049599068634227
2006-07-24,0.9999108216423371,0.01822027165139713,0.018232997394120876
2006-07-25,0.9998637479250544,0.003565658433801868,0.0035659764417244055
2006-07-26,0.9999622265781806,0.0013416448439988976,0.001341827670803264
2006-07-27,0.9999014886518596,-0.000946086667551078,-0.0009461224058318063
2006-07-28,0.9998767736189058,0.01002202155033344,0.010023008930455601
2006-07-31,0.999843594616976,-0.0010158952401055246,-0.0010160204406275408
2006-08-01,0.999919359653,-0.004926851458229441,-0.004927622164861534
2006-08-02,0.9999442255608427,0.00675965936610926,0.006760204511346846
2006-08-03,0.9999763968672295,0.0026541835103438137,0.0026543315541975865
2006-08-04,0.9999614072942015,-0.0017130271621499213,-0.0017130675959118324
2006-08-07,0.9998743560038118,-0.002339724736949296,-0.002339815036742632
2006-08-08,0.9999029342856391,-0.0038310530853744333,-0.003831534494679878
2006-08-09,0.9999245497542212,-0.003374389353397876,-0.003374716922706744
2006-08-10,0.9999712914740636,0.003070882072002471,0.003071113788292612
2006-08-11,0.9999049245829513,-0.0028259078216339006,-0.0028259889516110137
2006-08-14,0.9999456114696247,0.0007870554404599675,0.0007871302771993438
2006-08-15,0.9999406031839124,0.011957397629465695,0.011958048010123123
2006-08-16,0.9998940601829704,0.008317874307806854,0.008318368392404407
2006-08-17,0.999819915072156,0.002544311649841496,0.0025445812223106046
2006-08-18,0.999812841180348,0.005075077865654342,0.005075991975302951
2006-08-21,0.9999184622276133,-0.004284840593328058,-0.004285642689155211
2006-08-22,0.9999516668202199,-7.692936110312926e-05,-7.693563426336425e-05
2006-08-23,0.9999665078498037,-0.002766130525929152,-0.002766264228275417
2006-08-24,0.9999664842081112,-0.0008476601312811086,-0.0008476885221924135
2006-08-25,0.9999510980690921,0.0012335361728769752,0.0012335775172043206
2006-08-28,0.9998853755172058,0.004776370983052791,0.004776604568239362
2006-08-29,0.9999544276268639,0.0011497314306131421,0.0011498632330915193
2006-08-30,0.9999247420003844,0.000612999398741287,0.000613027335851779
2006-08-31,0.9994515980872541,-0.00015323551707508443,-0.00015324705014152507
2006-09-01,0.9999034724627502,0.0059672105125960825,0.005970484737846338
2006-09-04,0.9999238251111862,0.0,0.0
2006-09-05,0.9997670020849394,0.0019023590049500152,0.0019025039279751965
2006-09-06,0.9999173239873206,-0.008808081665936222,-0.008810134408884895
2006-09-07,0.9999914240880737,-0.0045970119130980605,-0.004597392007137935
2006-09-08,0.999989756512549,0.002848369145620694,0.0028483935731931087
2006-09-11,0.9999230370318668,0.000997735825058008,0.000997746045457104
2006-09-12,0.9999143625048365,0.009814398927908497,0.00981515433131852
2006-09-13,0.9998056402870038,0.004024684055633089,0.004025028749013115
2006-09-14,0.9998133786430068,7.503994540046973e-05,7.505453297795839e-05
2006-09-15,0.9999006692299782,0.002347021699751405,0.0023474597858821333
2006-09-18,0.9998969831070382,0.0013636667280932453,0.0013638021956154933
2006-09-19,0.9995618340738693,-0.0024967519192570123,-0.0024970091533816907
2006-09-20,0.9997849792140477,0.005308508511745542,0.0053108355389179795
2006-09-21,0.9987904341318707,-0.0048291648545526,-0.004830203448694448
2006-09-22,0.9997025008861977,-0.0030293114386307014,-0.0030329800277509866
2006-09-25,0.9998900296334156,0.007679965447414957,0.007682250910252764
2006-09-26,0.9996465043536537,0.008302077866936554,0.008302990949895062
2006-09-27,0.999741134142691,0.0011975165189716014,0.0011979399855410744
2006-09-28,0.999870950514231,-0.0003740313476096038,-0.00037412819662596686
2006-09-29,0.999905080065281,-0.0008225800686474178,-0.0008226862358831077
2006-10-02,0.999966676299622,-0.003742623559720887,-0.0037429788430283217
2006-10-03,0.9999544296541536,0.0021039750028146393,0.0021040451173837127
2006-10-04,0.9999031282386336,0.011696781590607198,0.011697314641280876
2006-10-05,0.9996593779464796,0.0019272438666273822,0.0019274305802226
2006-10-06,0.9990429489402551,-0.0012573124713447634,-0.0012577408856280226
2006-10-09,0.9998526506770954,0.0005921800889192783,0.0005927473784259618
2006-10-10,0.9997421800185907,0.0013320067781611529,0.0013322030773825766
2006-10-11,0.999812744351878,-0.0011824259358458257,-0.0011827308674960957
2006-10-12,0.9998012403114913,0.008657713724947275,0.008659335234378895
2006-10-13,0.9996719656815544,0.002567649730301395,0.0025681601770182194
2006-10-16,0.9998057711026164,0.0015365889032904654,0.0015370931225853202
2006-10-17,0.99989152337239,-0.003141300840242204,-0.003141911090168925
2006-10-18,0.9998490943582728,0.0013188477655912416,0.001318990845269985
2006-10-19,0.9997774828751426,0.0016105966514216629,0.0016108397362257776
2006-10-20,0.9997175593693219,0.00021916703433727324,0.000219215813609841
2006-10-23,0.9997262336267777,0.004603061739242349,0.0046043621982054805
2006-10-24,0.9997162248518645,0.0029815175658038776,0.002982334028574618
2006-10-25,0.999490463953723,0.003408004042960568,0.0034089714243314972
2006-10-26,0.9996197363057533,0.003105955080724875,0.0031075384835974607
2006-10-27,0.9996916169207862,-0.006266288830225957,-0.006268672578818801
2006-10-30,0.9997339899884584,-0.0007250903399066609,-0.0007253140144758419
2006-10-31,0.998744754486636,-0.00014493897888157714,-0.00014497754435982557
2006-11-01,0.9997758549029159,-0.006740631783851031,-0.006749103565821257
2006-11-02,0.9992379467516889,-0.0005842040642413135,-0.0005843350400756009
2006-11-03,0.9968442861866607,-0.0017539723269757723,-0.0017553099666376415
2006-11-06,0.9996411819676736,0.011243051289005525,0.011278643459967874
2006-11-07,0.99975298687934,0.0038375322244722167,0.003838909694495074
2006-11-08,0.9997284238589085,0.0021638655250061675,0.0021644001602441065
2006-11-09,0.9997594961802435,-0.005254333045148228,-0.00525576038427189
2006-11-10,0.9996979235122854,0.0004343762181349827,0.0004344807124059269
2006-11-13,0.9997243114217534,0.0024588204553634735,0.0024595634316462167
2006-11-14,0.9996186666009418,0.00750253158193562,0.007504600514581794
2006-11-15,0.9987680003549326,0.0028640034270599472,0.0028650959838500967
2006-11-16,0.9988431770666588,0.0025676616189116894,0.0025708288791783662
2006-11-17,0.9986376656314473,0.0002849402501496241,0.0002852702573254984
2006-11-20,0.9992467343220686,0.0005689782430554146,0.0005697544391094489
2006-11-21,0.9986127957401032,0.0009950515186794124,0.0009958016218631904
2006-11-22,0.99945918861609,0.001988648848958515,0.001991411343257088
2006-11-23,0.9995614129492605,0.0,0.0
2006-11-24,0.9997226415248842,-0.0040434006716394974,-0.004045174832939202
2006-11-27,0.9999266198222536,-0.013747359673613256,-0.013751173678175688
2006-11-28,0.999602797894235,0.004334108983824783,0.004334427044851763
2006-11-29,0.9993150381800372,0.010426342157293097,0.010430485167965964
2006-11-30,0.9996444311781891,0.00042694903286557385,0.0004272416771022858
2006-12-01,0.9998740495307739,-0.0022052859508341306,-0.002206070360673107
2006-12-04,0.9998190834910686,0.007630062929364065,0.007631024060425151
2006-12-05,0.9994300151339822,0.004316458657335622,0.004317239717273491
2006-12-06,0.9994500776495668,-0.0008452360161766646,-0.0008457180626733063
2006-12-07,0.9999209011557401,-0.0043709911712036245,-0.00437339619952104
2006-12-08,0.9998014079563446,0.0018420052220528662,0.001842150934062703
2006-12-11,0.9997020403225356,0.002898923748760747,0.002899499566305197
2006-12-12,0.9994372234945224,-0.000775778590229932,-0.0007760098098625878
2006-12-13,0.9990309236939019,0.0010580492310506443,0.0010586450115908086
2006-12-14,0.9994491350083806,0.008802194438899449,0.008810732711209246
2006-12-15,0.9994931476525213,9.13844310748931e-05,9.143479930484588e-05
2006-12-18,0.9996667733290812,-0.0027385760248922852,-0.002739964782474291
2006-12-19,0.9996129055219428,0.0019012938488785736,0.001901927621888344
2006-12-20,0.9995984101436011,-0.0005624987123785768,-0.0005627165368427001
2006-12-21,0.9996130350211604,-0.0036566019797433314,-0.0036580710239605407
2006-12-22,0.9996060533411836,-0.006140815051554858,-0.006143192251814589
2006-12-25,0.9998442708029651,0.0,0.0
2006-12-26,0.9998139648445747,0.005896219789682364,0.005897138146270686
2006-12-27,0.9992809003035572,0.006567400159448786,0.006568622154092152
2006-12-28,0.9996916540227284,-0.0021036724844978164,-0.0021051863233438883
2006-12-29,0.9998707925362658,-0.00414750686103887,-0.004148786122550319
2007-01-01,0.9998565479168531,0.0,0.0
2007-01-02,0.9992747130834272,0.0,0.0
2007-01-03,0.9998906728355293,-0.0017638618286053406,-0.001765142063049563
2007-01-04,0.9997255546431921,0.0021220841656667236,0.0021223161924781575
2007-01-05,0.9999087054034761,-0.007974395778970599,-0.007976584915663887
2007-01-08,0.9999250649823519,0.004624725471294443,0.004625147722289613
2007-01-09,0.9998553158578188,-0.0008500529014223843,-0.0008501166049251774
2007-01-10,0.9998319343412616,0.003331145146237214,0.003331627179857799
2007-01-11,0.9996056903503261,0.004379404423495538,0.0043801405747065925
2007-01-12,0.9995312098290965,0.007594091790491395,0.007597087395360802
2007-01-15,0.9995655481583643,0.0,0.0
2007-01-16,0.9997044392323468,-0.0019534570873789405,-0.0019543061392802707
2007-01-17,0.999423199483915,0.0004194813313666693,0.00041960535024609946
2007-01-18,0.9997172696605444,-0.0033544118610964514,-0.003356347804242099
2007-01-19,0.9995718834681301,0.0019641110660071387,0.0019646665368440175
2007-01-22,0.9997182272527219,-0.0030793619434221465,-0.003080680833816518
2007-01-23,0.9995323396747335,0.002948905929806138,0.002949737085328419
2007-01-24,0.9994323401026859,0.008049293406316379,0.008053059502742821
2007-01-25,0.9995627532597968,-0.011733898256575281,-0.011740562903307383
2007-01-26,0.999795900377989,-0.0009131557008767169,-0.0009135551498880012
2007-01-29,0.9998487589559253,-0.000562345598426007,-0.0005624603963803043
2007-01-30,0.9994762157798519,0.005208518127232545,0.005209305988109092
2007-01-31,0.9981454995683413,0.006719680879224403,0.006723202386543337
2007-02-01,0.9991564630831106,0.005971431816819014,0.005982526414637368
2007-02-02,0.999490231456175,0.001381809722433803,0.0013829763140098539
2007-02-05,0.999678588824518,0.00027644796817495983,0.0002765889645286457
2007-02-06,0.9997074008097596,0.00027582285238224834,0.00027591153343253794
2007-02-07,0.9995971322730859,0.0022079897243091643,0.002208635969405348
2007-02-08,0.999647633696241,-0.0013078715398918473,-0.0013083986514824675
2007-02-09,0.9995599641161611,-0.007445082962752947,-0.007447707283840033
2007-02-12,0.999863906744731,-0.0034027176473306175,-0.0034042156243616617
2007-02-13,0.9996180044071606,0.008434127299964818,0.008435275284037314
2007-02-14,0.9993090241843868,0.006564358521888593,0.006566867036155166
2007-02-15,0.9994666181687307,0.0013040526884826793,0.001304954380400014
2007-02-16,0.9995017910722682,-0.0004796858564878094,-0.00047994184874999846
2007-02-19,0.9995120405951954,0.0,0.0
2007-02-20,0.999570002670734,0.0021260260789691694,0.0021270639998525187
2007-02-21,0.9993654449718217,-0.00041102611296846037,-0.0004112029291297725
2007-02-22,0.9992342492210922,-0.0007524993314071376,-0.0007529771368354199
2007-02-23,0.9980916658361728,-0.003904667991326913,-0.003907660285234038
2007-02-26,0.9913262485521954,-0.0008931079443862151,-0.0008948155514734157
2007-02-27,0.8780136295579082,-0.03871901151359917,-0.03905778906807644
2007-02-28,0.9935135995259462,0.009000557640136365,0.010251045470294429
2007-03-01,0.9991288841383655,-0.002961217405236429,-0.0029805504490822976
2007-03-02,0.9956621104557494,-0.013083629275022601,-0.013095036569086616
2007-03-05,0.993145237053007,-0.009477499927958714,-0.009518791393618997
2007-03-06,0.9988676861631309,0.016992419173840374,0.01710970212600782
2007-03-07,0.9997360463617996,-0.0010012071296621131,-0.0010023420954861084
2007-03-08,0.9995145870246944,0.008452897213240508,0.00845512897529499
2007-03-09,0.9987205594096734,0.00028437215892737806,0.00028451026390108325
2007-03-12,0.9994921660842478,0.0014897996756893027,0.0014917082277448035
2007-03-13,0.9937749171940183,-0.019424146001047173,-0.019434015253111947
2007-03-14,0.9988331415534365,0.007403447231319066,0.007449822996361322
2007-03-15,0.9989201342491221,0.0013629043237157873,0.0013644964979797614
2007-03-16,0.9995416452745066,-0.0027971464553700107,-0.002800170263334012
2007-03-19,0.9998646038941011,0.012049802620920856,0.012055328237585927
2007-03-20,0.9999332608349812,0.005491298368633387,0.005492041969729522
2007-03-21,0.9998722246175312,0.016456149600146183,0.016457247943132414
2007-03-22,0.9989072926962406,-0.0007681438024188343,-0.000768241964829719
2007-03-23,0.99991297514724,0.001465968169012339,0.001467571795431999
2007-03-26,0.9999379891596304,-0.001325324404869734,-0.001325439751068913
2007-03-27,0.9999853381838999,-0.002373916095234901,-0.0023740633128960242
2007-03-28,0.9998954344556779,-0.007279760337449863,-0.007279867073522128
2007-03-29,0.9998812227577298,0.001057093160575234,0.0010572037076563845
2007-03-30,0.9999170411524747,0.0002116656054676654,0.00021169074951110645
2007-04-02,0.9998004224183489,0.0011266750428392907,0.001126768518256993
2007-04-03,0.9999195840280574,0.010760510958220126,0.010762658943664238
2007-04-04,0.9999376430538658,0.0011133509830039883,0.0011134405214057175
2007-04-05,0.9999272252876494,0.0027112474662007785,0.0027114165418560265
2007-04-06,0.9999757820030869,0.0,0.0
2007-04-09,0.9995035952113086,0.0013863470440127895,0.00138638061937435
2007-04-10,0.9999347246950026,0.0011764066222494961,0.001176990886161633
2007-04-11,0.9999659625320108,-0.004080033490233611,-0.004080299833049694
2007-04-12,0.9999763745105156,0.0044437082175234205,0.004443859475248058
2007-04-13,0.9998277254487675,0.004562169452230717,0.0045622772382636345
2007-04-16,0.9999236064634034,0.009495174745396058,0.009496810804215494
2007-04-17,0.9999403088363472,0.0026581679123968654,0.002658370994758741
2007-04-18,0.9999594372809011,0.0012236484059314917,0.001223721451288906
2007-04-19,0.9999434787906994,-0.0002716928329381206,-0.0002717038539852279
2007-04-20,0.9999169953532414,0.009440576007419382,0.009441109630352829
2007-04-23,0.9999908428745886,-0.003767821812555874,-0.0037681345852360604
2007-04-24,0.9999707594901694,0.00040501154096735516,0.0004050152497427906
2007-04-25,0.9999229841950367,0.00918194582655125,0.009182214319179316
2007-04-26,0.9998563902922738,0.0011369287738614486,0.0011370163420902912
2007-04-27,0.9999074993096512,-0.0008018883123668229,-0.0008020034878533089
2007-04-30,0.9986408096497206,-0.008291852848905915,-0.008292619921973499
2007-05-01,0.9999442092788638,0.002559218728886717,0.002562701928618738
2007-05-02,0.9999547373229565,0.005851105051824157,0.005851431507407634
2007-05-03,0.999783831923259,0.005416936499585552,0.0054171816957311325
2007-05-04,0.9999233712907505,0.0037901311097159203,0.0037909505922144593
2007-05-07,0.9999859157886836,0.00019897793637727452,0.00019899318496818807
2007-05-08,0.9999894003470102,-0.0013250223293911816,-0.0013250409915485095
2007-05-09,0.9997850648807833,0.0027196396330175588,0.002719668460559488
2007-05-10,0.9999879361117436,-0.010450498665060676,-0.010452745327123703
2007-05-11,0.9999829774982713,0.008557253531224029,0.008557356766219826
2007-05-14,0.9999560072030671,-0.0021873160747364314,-0.0021873533089619146
2007-05-15,0.9998583457804403,0.00026595196962571577,0.0002659636701114465
2007-05-16,0.9999884919745209,0.00683954828954296,0.006840517277679314
2007-05-17,0.9999271417513753,-0.0019786954629724767,-0.001978718234112331
2007-05-18,0.9999156762281876,0.008723759805307912,0.00872439544948067
2007-05-21,0.9999624983248112,-0.0005239596120743691,-0.0005240037980510648
2007-05-22,0.9999255731302884,-0.000786992194008161,-0.000787021708640645
2007-05-23,0.9999652207684685,0.0001313230802859517,0.00013133285497923808
2007-05-24,0.999989934632702,-0.00905257042952292,-0.009052885281916168
2007-05-25,0.9999997629521937,0.004170206621237467,0.004170248596321313
2007-05-28,0.9999974503072336,0.0,0.0
2007-05-29,0.9999304465428354,0.0036259182694576273,0.003625927514458782
2007-05-30,0.9999802730564444,0.008144580460272152,0.008145146983403961
2007-05-31,0.9999807721354179,-0.0010422561895289076,-0.0010422767504635333
2007-06-01,0.9997777704707269,0.004956662334601565,0.004956757642466281
2007-06-04,0.9999311186967619,0.00013010003507657515,0.0001301289535726724
2007-06-05,0.9999030226079548,-0.00395864932126473,-0.003958922016972677
2007-06-06,0.9994866471259303,-0.010748538090498787,-0.010749580556786764
2007-06-07,0.9994969811566614,-0.018036360673782892,-0.01804562444695712
2007-06-08,0.9999166597229986,0.013004997293847917,0.013011542344828264
2007-06-11,0.9999352681822404,0.0017214914121849707,0.001721634893713908
2007-06-12,0.999649975485827,-0.010904967448766165,-0.010905673392828774
2007-06-13,0.999847496874344,0.014962764701959843,0.014968003870242663
2007-06-14,0.9999219203490002,0.006385652762989624,0.00638662674353041
2007-06-15,0.9999735290066294,0.005689105816961591,0.005689550055044235
2007-06-18,0.9999673313945986,-0.001175912864512231,-0.0011759439929178717
2007-06-19,0.9993046590591029,0.002485295899633674,0.0024853770934372132
2007-06-20,0.9999118011588848,-0.013886743207510904,-0.013896405947497525
2007-06-21,0.9996913309111046,0.005556179310930469,0.0055566694027322505
2007-06-22,0.9996191174992912,-0.009406017052188477,-0.009408921295352202
2007-06-25,0.9960403725679374,-0.004780260683101306,-0.004782082094488049
2007-06-26,0.9969186015030874,-0.010237811337924509,-0.010278510409703512
2007-06-27,0.9983509641291031,0.01418483181327428,0.014228676034219179
2007-06-28,0.9991768384302082,-0.00013259362229585595,-0.00013281263509523633
2007-06-29,0.9990528492094984,0.00033212499993600926,0.00033239861770395507
2007-07-02,0.9964141906106543,0.009032658983356909,0.009041222384285286
2007-07-03,0.9996673316888542,0.0036103503423545852,0.0036233429595597944
2007-07-04,0.9998996488144206,0.0,0.0
2007-07-05,0.9991576324008793,-0.0010510604910110154,-0.0010511659767630244
2007-07-06,0.9996424210216606,0.005253102392536918,0.005257531166442897
2007-07-09,0.9951700553188255,0.0007844255643669997,0.0007847061587935578
2007-07-10,0.9084820955641306,-0.014170187254558837,-0.014238960646800303
2007-07-11,0.9922513941114289,0.006440715300996836,0.007089534656153473
2007-07-12,0.9977487438646403,0.01566795896850681,0.015790311872061036
2007-07-13,0.9997479137794357,0.0029728826687661796,0.002979590490137962
2007-07-16,0.9995367720128225,-0.0001288937210625137,-0.00012892622158644507
2007-07-17,0.9934324191519368,-0.0005164381281995638,-0.0005166774676629293
2007-07-18,0.887247961735102,-0.0017978735009413543,-0.0018097592410726282
2007-07-19,0.7802219975328916,0.0034470705759102327,0.0038851265086810027
2007-07-20,0.0,-0.007899633641553277,-0.010124853780760334
2007-07-23,0.0,0.0,0.0030614731319122956
2007-07-24,0.0,-0.0,-0.017341002379843484
2007-07-25,0.0,0.0,0.0020493101159972937
2007-07-26,0.0,-0.0,-0.02367923547909967
2007-07-27,0.0,-0.0,-0.019659474516215636
2007-07-30,0.00017912504829264986,0.0,0.015643206096470186
2007-07-31,1.1158259834775919e-05,-2.017633437648434e-06,-0.011263826342991834
2007-08-01,5.956889277181077e-06,5.436565407765465e-08,0.004872234101254591
2007-08-02,2.4772515642479398e-05,4.760009097598174e-08,0.007990763091454856
2007-08-03,0.0,-6.377802977095529e-07,-0.02574547966440277
2007-08-06,4.337987538982624e-05,0.0,0.016759502349509292
2007-08-07,4.1052602881230804e-05,4.6286255468287897e-07,0.010669983500953828
2007-08-08,0.0,5.722835660632134e-07,0.013940250456685677
2007-08-09,1.5161061106550022e-07,-0.0,-0.029633509897247334
2007-08-10,1.9698030206960482e-08,-7.090747818546644e-10,-0.004676946929185077
2007-08-13,2.186519327818104e-07,7.077805805781711e-11,0.003593154102931928
2007-08-14,6.072210068097661e-08,-3.3423996340975374e-09,-0.01528639418629274
2007-08-15,0.0,-8.36446647293998e-10,-0.013774995230954601
2007-08-16,0.0,0.0,0.00751569675536623
2007-08-17,4.9113157984947975e-11,0.0,0.01836752315704504
2007-08-20,5.808834496745519e-07,-2.3762422214237015e-14,-0.0004838300608061008
2007-08-21,2.6488986250017277e-06,1.164568433817413e-09,0.0020048228856750505
2007-08-22,4.237763311154552e-06,3.143696450446207e-08,0.011867937945130524
2007-08-23,4.678584033535049e-05,-3.756142295141139e-09,-0.0008863501850738809
2007-08-24,0.00026619884463108257,5.779574656345417e-07,0.012353256059779438
2007-08-27,9.75140706399591e-05,-2.476683672314802e-06,-0.009303885881800755
2007-08-28,2.316760221443559e-07,-2.143389325417831e-06,-0.021980308188872977
2007-08-29,1.3544762512029962e-05,4.545733197179933e-09,0.019621077550906474
2007-08-30,3.6422790481438483e-06,-3.604526196779266e-08,-0.0026611955680860833
2007-08-31,1.0340966800304052e-05,3.588841233375893e-08,0.009853284676814678
2007-09-03,2.748816077113858e-05,0.0,0.0
2007-09-04,3.1929575405098554e-05,2.7749963268124274e-07,0.010095241911296071
2007-09-05,5.618739591262134e-06,-2.762800973786768e-07,-0.008652795844399486
2007-09-06,4.8075793309676484e-06,1.29244662481909e-08,0.002300242970556976
2007-09-07,1.2596624943128631e-07,-6.685707722241424e-08,-0.013906598855636054
2007-09-10,1.2068567167844435e-07,-2.414688130712289e-10,-0.0019169326241069706
2007-09-11,9.149275242981147e-07,1.407305986165185e-09,0.011660920195355251
2007-09-12,1.382513734271562e-06,2.3573283981851935e-09,0.0025765192712872143
2007-09-13,2.417624155315323e-07,9.723560908488283e-09,0.007033247241924556
2007-09-14,4.128403229164412e-06,-1.6364108847707428e-11,-6.768673621881938e-05
2007-09-17,1.3445213222440522e-05,-2.217913617096237e-08,-0.005372327977626212
2007-09-18,0.017973831371074334,3.95820483023353e-07,0.029439509546989928
2007-09-19,0.03968804119853597,0.00010610646650258056,0.005903386112397824
2007-09-20,0.36620807715493753,-0.00027949867598972057,-0.007042390290605494
2007-09-21,0.8016997167621925,0.0009881106414592379,0.002698221866475059
2007-09-24,0.9223987611605734,-0.001476795287492163,-0.001842080340824448
2007-09-25,0.9809126362247811,-0.0018244653952006736,-0.0019779573347487034
2007-09-26,0.9978215719869947,0.005183549637795947,0.005284415192922554
2007-09-27,0.9998086795460057,0.005900789940500473,0.005913672450225782
2007-09-28,0.999952974505418,-0.0033304741133315203,-0.00333111142308129
2007-10-01,0.9999716577436718,0.011272084518551875,0.011272614618829557
2007-10-02,0.9999566715077656,-0.0013601718318582516,-0.001360210383289595
2007-10-03,0.999927817157552,-0.0020123730211119243,-0.002012460217978851
2007-10-04,0.9999327745259016,0.001560537916641793,0.0015606505688359196
2007-10-05,0.9998215557095721,0.011880924180095537,0.011881722934552919
2007-10-08,0.9999631507374475,-0.00532520115865343,-0.005326151579992833
2007-10-09,0.9999484545933788,0.00941801306473278,0.009418360124357816
2007-10-10,0.99974351861167,-0.0016615785430447708,-0.0016616641942013288
2007-10-11,0.9969867914200464,-0.004799551367356973,-0.004800782678763493
2007-10-12,0.9864795235711944,0.005515040653803456,0.005531708846361116
2007-10-15,0.909083829521444,-0.008329574652496188,-0.008443738013275692
2007-10-16,0.6211686894868633,-0.007213452773292097,-0.007934859843551911
2007-10-17,0.34306136863971504,0.0018984635420122879,0.0030562769407784796
2007-10-18,0.2088838901153488,-0.0012454736083740959,-0.003630468838017431
2007-10-19,0.07218160387813344,-0.005463774269768465,-0.026156992129700796
2007-10-22,0.07546807100234965,0.0004195833621113374,0.005812884995181511
2007-10-23,0.08279744862996752,0.0006116184877103999,0.008104334450145911
2007-10-24,0.08837882299429656,-0.00015275986881326887,-0.0018449828025012271
2007-10-25,0.09412090053671085,0.00021005602154625905,0.0023767687148290584
2007-10-26,0.10208130741931509,0.0011033494043622798,0.01172268218929684
2007-10-29,0.09887068675492394,0.0003388924164048462,0.0033198283306932197
2007-10-30,0.08420870278434633,-0.000686387881734051,-0.006942278892382303
2007-10-31,0.06908502308836906,0.0008747816062876496,0.010388256526500772
2007-11-01,0.0014820250835255733,-0.0016171092593460295,-0.023407522890707133
2007-11-02,0.0001267265119483385,1.6678661615496519e-06,0.0011253967156763522
2007-11-05,1.807143620469187e-05,-9.638213921979582e-07,-0.007605522927916386
2007-11-06,9.761848966194364e-05,2.4327972666687005e-07,0.013462113575882118
2007-11-07,5.558739323285877e-07,-2.6704792195572933e-06,-0.027356284949759613
2007-11-08,1.8479293717454937e-07,-2.8183595521358015e-09,-0.005070141606262291
2007-11-09,1.3489758199369817e-08,-2.536625751719502e-09,-0.01372685444857391
2007-11-12,1.6552970105720988e-10,-1.3383429869779662e-10,-0.009921178476279047
2007-11-13,1.0735254311278197e-05,5.0453153714362635e-12,0.030479819266347352
2007-11-14,6.976072562947522e-07,-2.9726447059145764e-08,-0.002769049171747695
2007-11-15,1.215096911977298e-09,-1.0061949994570006e-08,-0.014423516819496274
2007-11-16,7.603647822485016e-07,2.086652302809927e-12,0.0017172723280272084
2007-11-19,8.33287261414739e-09,-1.0587263491366298e-08,-0.013923926697470557
2007-11-20,2.4878350349810674e-06,5.100891731799212e-11,0.006121408508200421
2007-11-21,7.205815366617685e-08,-5.0912567769483254e-08,-0.02046460760203528
2007-11-22,2.5670373793307277e-07,0.0,0.0
2007-11-23,5.704550868346203e-07,4.4390044889848095e-09,0.017292325093225314
2007-11-26,5.748063136579162e-09,-1.258597241454202e-08,-0.02206303827419598
2007-11-27,2.186446567131739e-07,6.606336277132438e-11,0.011493151902058019
2007-11-28,8.198811385362603e-08,6.993169054912569e-09,0.03198417541978382
2007-11-29,1.0420956817136506e-05,2.7878823920754687e-11,0.0003400349466573527
2007-11-30,4.677777705297537e-05,1.0479095006884876e-07,0.010055789684928707
2007-12-03,2.1162538407559772e-05,-3.0836187147478796e-07,-0.006592059112291104
2007-12-04,1.705921460715132e-05,-1.8915728485835286e-07,-0.008938307929580946
2007-12-05,3.7526111880237245e-05,2.855569730601371e-07,0.016739162947186914
2007-12-06,4.141941422786122e-05,5.371308926192244e-07,0.0143135237227201
2007-12-07,1.1971885125583448e-05,-8.220030684663891e-09,-0.00019845840019472316
2007-12-10,8.458456334992093e-05,9.281223981055916e-08,0.0077525167370862125
2007-12-11,8.973122880617801e-06,-2.3192823195374554e-06,-0.027419687797438086
2007-12-12,3.931657203359862e-05,8.857457981534014e-08,0.00987109850090917
2007-12-13,4.595222793291054e-05,-8.159789882224168e-08,-0.0020754072545416946
2007-12-14,3.3452773257725e-05,-5.826554459914414e-07,-0.01267959078811387
2007-12-17,0.00011252975051245784,-4.773270088582704e-07,-0.014268682754068673
2007-12-18,0.003566382175701044,6.28299623045232e-07,0.005583409011252316
2007-12-19,0.029150541507530936,0.0,0.0
2007-12-20,0.07891252507213742,0.00018383736375338525,0.006306481946686704
2007-12-21,0.13011496185836735,0.0011375276580939358,0.014415045736454024
2007-12-24,0.18103943454564142,0.0009661895032807803,0.007425660273662427
2007-12-25,0.189108057045269,0.0,0.0
2007-12-26,0.17279818155380477,0.00040560915784532413,0.0021448539220527696
2007-12-27,0.12464070178054576,-0.0021723759356137755,-0.012571752295537642
2007-12-28,0.04564378359794652,-0.00031226380909512967,-0.002505311705039426
2007-12-31,0.00017597771496957737,-0.0003377497068075884,-0.00739968688359971
2008-01-01,9.711927533329057e-05,0.0,0.0
2008-01-02,2.5930825314768313e-06,-8.502310980879413e-07,-0.008754504141120778
2008-01-03,4.834176520251976e-05,-1.2530175898413634e-09,-0.0004832154683205303
2008-01-04,8.493687391197824e-07,-1.1846437174664326e-06,-0.02450559495507798
2008-01-07,1.0725149834023284e-05,-7.217982783654983e-10,-0.0008498055616145139
2008-01-08,1.9134720027347285e-06,-1.731922300134276e-07,-0.016148234075389012
2008-01-09,3.602707071559408e-07,2.0111019802374217e-08,0.010510224227807674
2008-01-10,2.887220667213697e-06,2.361264985626435e-09,0.006554140924381002
2008-01-11,1.828084015986775e-05,-2.3295038185613612e-08,-0.008068326210789567
2008-01-14,4.2779252550473323e-05,1.47391122449039e-07,0.008062601125554902
2008-01-15,2.3925570206473346e-05,-9.417120163386222e-07,-0.022013288222545224
2008-01-16,5.029666328204563e-06,-2.060601218457623e-07,-0.008612548000632825
2008-01-17,4.5547943194890195e-09,-1.3034932361453953e-07,-0.02591609763128566
2008-01-18,1.680216935584511e-07,-4.676685298903583e-11,-0.010267610282407302
2008-01-21,1.625937765536989e-07,0.0,0.0
2008-01-22,0.0,-1.6498057676854489e-09,-0.010146795299637912
2008-01-23,6.495675219930774e-09,0.0,0.024020933480491946
2008-01-24,0.0,5.483505073071196e-11,0.00844177839471727
2008-01-25,1.6734869046075573e-10,-0.0,-0.014445744800495097
2008-01-28,6.078212821947204e-08,2.767396306048786e-12,0.016536707269291462
2008-01-29,4.0927661260070636e-10,3.011255942811403e-10,0.004954179840393813
2008-01-30,1.542154404177154e-08,-3.011394358970922e-12,-0.007357846176050287
2008-01-31,4.484398685722368e-08,2.8119266001096955e-10,0.01823375527439519
2008-02-01,1.1778981755194984e-05,7.214442745796953e-10,0.016087870975358687
2008-02-04,4.4449071479046864e-07,-1.4851871911659927e-07,-0.012608790997668096
2008-02-05,4.576622414376175e-09,-1.190077552352376e-08,-0.026773957537299164
2008-02-06,9.185987082105385e-09,-3.685028043734479e-11,-0.008051850710163455
2008-02-07,6.55388322501338e-08,6.075618741712314e-11,0.006614007495773455
2008-02-08,6.56115950459224e-09,-4.208599985803454e-10,-0.006421536425521013
2008-02-11,3.851929852860536e-08,3.352778242015393e-11,0.005110039223507279
2008-02-12,5.051982369108643e-07,3.5712771540659307e-10,0.009271397170989015
2008-02-13,3.907816756965055e-06,5.164457040732951e-09,0.010222634727136137
2008-02-14,5.342060604984766e-08,-3.438705976557179e-08,-0.00879955788722242
2008-02-15,3.3732579221013026e-06,-1.1839488972854419e-11,-0.00022162775468714813
2008-02-18,3.31522268703921e-06,0.0,0.0
2008-02-19,7.747440284866514e-07,9.321592845436627e-09,0.00281175466187511
2008-02-20,6.646507025753756e-06,2.2866803585251777e-09,0.0029515301498894697
2008-02-21,1.6357919413456656e-06,-5.525535507982114e-08,-0.00831344266480405
2008-02-22,1.0044779093498768e-05,1.0072809433021881e-08,0.006157757095156979
2008-02-25,1.1044879114630035e-06,1.2665045121831465e-07,0.012608585021076868
2008-02-26,6.987301756000708e-05,8.283558588364057e-09,0.007499908783421327
2008-02-27,6.178828048519769e-05,-7.069081784494483e-08,-0.0010117040928457888
2008-02-28,1.3168676749053532e-06,-6.034868362531709e-07,-0.009767011341216159
2008-02-29,1.946337535585485e-10,-2.9344609882939865e-08,-0.022283643559744104
2008-03-03,5.751772302886593e-07,-4.654400230968429e-13,-0.0023913633405668877
2008-03-04,1.0063998634457505e-06,-2.197317175543768e-09,-0.003820243674181989
2008-03-05,2.9278737800897403e-07,6.356476722875818e-09,0.00631605483441966
2008-03-06,9.499219666420089e-08,-6.060092037748106e-09,-0.020697927892104562
2008-03-07,4.548245846613952e-08,-9.784764204675846e-10,-0.010300597889387864
2008-03-10,1.666210724948769e-09,-5.996062110438703e-10,-0.013183240995872314
2008-03-11,1.880853583990927e-09,5.987947965413235e-11,0.035937519040980526
2008-03-12,1.01973550714618e-08,-1.7588463659649686e-11,-0.009351319958850413
2008-03-13,9.087578334288082e-08,2.2511715409782784e-11,0.002207603368915123
2008-03-14,1.4370160617005467e-10,-1.4081996782105986e-09,-0.015495873888617395
2008-03-17,0.0,-1.452435095426693e-12,-0.010107298965802092
2008-03-18,1.618916112278157e-10,0.0,0.041543732666378785
2008-03-19,1.1405175692758007e-09,-4.010082680819289e-12,-0.024770169685792154
2008-03-20,3.772402222823601e-07,2.1125668607727262e-11,0.018522878714741342
2008-03-21,3.556595270515217e-07,0.0,0.0
2008-03-24,0.0,7.108880428366876e-09,0.0199878813518668
2008-03-25,2.7911572275662877e-07,0.0,0.0009648714812020565
2008-03-26,8.396479768135734e-07,-3.415192079061414e-09,-0.012235756715286317
2008-03-27,3.932911367687808e-07,-2.647376681538372e-09,-0.0031529602341031637
2008-03-28,1.2586595151686808e-06,-3.7617122110952045e-09,-0.00956470120837416
2008-03-31,7.938148027797354e-09,4.4025866134437715e-09,0.0034978376283547608
2008-04-01,2.497642280774315e-07,2.7909629214008537e-10,0.035158867176923625
2008-04-02,1.3340245293980146e-06,1.6465095685318844e-10,0.0006592255348998322
2008-04-03,1.5108851836198589e-05,3.31783978456318e-09,0.0024870905380280917
2008-04-04,6.837660547986957e-05,-1.6536030340234877e-08,-0.0010944597590544225
2008-04-07,3.118851301664449e-07,3.496819708540609e-08,0.0005114058652078146
2008-04-08,6.576653412815325e-05,-3.1881250539278273e-10,-0.0010222113033174773
2008-04-09,2.3193515218178362e-05,-4.758608452462322e-07,-0.007235607768518948
2008-04-10,0.00010858545884273596,3.2436081018829704e-08,0.0013984978436303308
2008-04-11,2.982489264891086e-05,-2.107508271304815e-06,-0.01940875227462191
2008-04-14,1.4259462462140604e-05,-1.0062068889484226e-07,-0.0033737150399606453
2008-04-15,1.606490537109373e-05,3.3255550328927e-08,0.0023321741908028937
2008-04-16,1.056339820726393e-05,4.3525410571641904e-07,0.02709347460580691
2008-04-17,0.0016329044200530385,1.5441552678835537e-08,0.0014617978396589404
2008-04-18,0.004676774842669262,1.703721124294437e-05,0.010433685544430693
2008-04-21,0.14183174321243042,2.3667827102003878e-06,0.000506071553542986
2008-04-22,0.22468857841310708,-0.000624498916529443,-0.004403096954072483
2008-04-23,0.3306918742116588,-0.00035834051723962734,-0.0015948319214552642
2008-04-24,0.38490268613156897,0.0014407461751921936,0.004356763160954014
2008-04-25,0.6242653642956314,0.00356198508941709,0.009254248457490677
2008-04-28,0.8338897745157833,0.00013401714528671005,0.00021467977073807987
2008-04-29,0.9047379909029677,-0.003284892091475305,-0.003939240163225111
2008-04-30,0.9413160480046271,-0.005334193681900562,-0.005895843587353733
2008-05-01,0.9704634494591368,0.01947153949686195,0.020685443043425344
2008-05-02,0.9765526711071584,0.0026820130552516665,0.0027636414918525976
2008-05-05,0.9949706725036869,-0.004692513378698259,-0.004805182062917468
2008-05-06,0.9987071234893375,0.008619378700693342,0.008662947500758023
2008-05-07,0.999218208296275,-0.01778729515509664,-0.01781032170167207
2008-05-08,0.9992115605210957,-0.0025783606085577515,-0.002580377926613253
2008-05-09,0.9995508027310913,-0.0018673106181928104,-0.0018687840413085244
2008-05-12,0.999786074874976,0.011226279831027886,0.011231324911504359
2008-05-13,0.9992614873071123,0.00014241499047872602,0.00014244546314223783
2008-05-14,0.9995518268664669,0.0020628836748245102,0.002064408266532647
2008-05-15,0.9999568282938454,0.012497006883251003,0.01250261021724941
2008-05-16,0.9999771279781494,0.0009120361142793388,0.0009120754901343897
2008-05-19,0.9999772643844154,0.0027338941317169613,0.002733956662833492
2008-05-20,0.99993316249207,-0.008108944107407336,-0.008109128473435034
2008-05-21,0.9998109861033196,-0.01691375689869757,-0.016914887447621485
2008-05-22,0.9994314474986269,0.00014378993789098464,0.00014381712132549573
2008-05-23,0.9980387128236418,-0.013396310679352354,-0.013403931518145229
2008-05-26,0.9970482179217477,0.0,0.0
2008-05-27,0.9933114783061646,0.007388516692679291,0.007410390550699697
2008-05-28,0.9816169111104518,0.004584639180148472,0.004615510119712285
2008-05-29,0.9743035811977621,0.004933120993011649,0.00502550530372492
2008-05-30,0.9340309185715163,0.0024353131891723897,0.0024995424795406507
2008-06-02,0.582803770520442,-0.009649895708843283,-0.010331452114670459
2008-06-03,0.3556620656072773,-0.003398419930121199,-0.005831156389201841
2008-06-04,0.20868404530270834,-0.00018036180714217038,-0.00050711567126005
2008-06-05,0.02318637856604222,0.004173034723897399,0.019996903538285205
2008-06-06,0.0017543536754919264,-0.0007394997010942839,-0.031893712896472914
2008-06-09,6.570503571401431e-05,4.248548417402683e-06,0.002421717169550419
2008-06-10,4.873016011042175e-06,-3.270302990527749e-07,-0.004977248630929854
2008-06-11,8.660134554916432e-06,-7.169559808324144e-08,-0.014712777040087777
2008-06-12,3.939720201406871e-06,3.2978368507466654e-08,0.0038080665257960167
2008-06-13,0.000383531512012647,4.9814251876418634e-08,0.012644109055924835
2008-06-16,0.0006910658348405763,2.2535721849035968e-07,0.0005875846219460801
2008-06-17,0.0005863673604814545,-3.34801144237178e-06,-0.004844706934678866
2008-06-18,0.00011734581981970305,-5.70930747514095e-06,-0.00973674160589899
2008-06-19,0.00019540456238709147,1.4859716732530982e-07,0.001266318370382713
2008-06-20,1.4175802047211583e-05,-3.171661811112753e-06,-0.016231257716643133
2008-06-23,4.858426559661844e-05,-1.4020000207802367e-08,-0.0009890093104509834
2008-06-24,3.1388421861677784e-07,-9.607451795447822e-08,-0.0019774821493064865
2008-06-25,0.00021218421512991803,1.4833390610899229e-09,0.004725752277787931
2008-06-26,5.397848242827408e-07,-5.762980637382069e-06,-0.027160270304996348
2008-06-27,4.947991487203041e-06,-2.9465484537151405e-09,-0.005458746376633461
2008-06-30,7.020747390118487e-07,1.7458970714377183e-08,0.0035284965140969238
2008-07-01,6.866729117982473e-06,2.194422052116776e-09,0.003125624566987506
2008-07-02,9.85956060350901e-07,-1.1767173754060309e-07,-0.017136504952910747
2008-07-03,2.881152492251182e-06,1.0157767836917105e-09,0.0010302454891653046
2008-07-04,4.4883814340757056e-06,0.0,0.0
2008-07-07,2.4797614439631133e-07,-4.584003900536425e-08,-0.010213044430080642
2008-07-08,1.794680562450246e-05,4.4033279498350926e-09,0.017757062722927763
2008-07-09,7.997953777039157e-07,-3.4557114175656607e-07,-0.0192553008589319
2008-07-10,1.1811480690182563e-06,3.2690626227505285e-09,0.004087373738187239
2008-07-11,4.378168660945647e-08,-1.3762702616730276e-08,-0.011651970635798037
2008-07-14,2.0138229972488375e-08,-3.959680743787481e-10,-0.009044148479497416
2008-07-15,6.8594766533536244e-09,-2.838951751755558e-10,-0.014097325115633108
2008-07-16,4.7326557872651165e-07,1.68384628646671e-10,0.0245477369712086
2008-07-17,1.0386531634765106e-09,4.73404549281723e-09,0.010002936417974562
2008-07-18,6.318938448046652e-07,6.471191415066347e-12,0.006230367982904328
2008-07-21,1.6467024963051635e-05,3.509307787791906e-10,0.0005553635023738401
2008-07-22,0.0002358757988805138,1.8681807041808822e-07,0.01134498009429552
2008-07-23,3.47707630099503e-05,1.2767037785275858e-06,0.005412610299941445
2008-07-24,1.4532239139830594e-06,-7.216220151967539e-07,-0.020753700889170834
2008-07-25,2.4719420269603276e-05,-3.4796871538636655e-10,-0.00023944604271797232
2008-07-28,6.200921326415809e-07,-3.6246676555465195e-07,-0.014663238927183353
2008-07-29,0.00017692886346132308,1.3240392723843906e-08,0.02135229916148118
2008-07-30,0.0002698305065755857,3.1523772625754128e-06,0.01781720178892421
2008-07-31,3.4458524383884637e-06,-3.568826397199199e-06,-0.013226178323908266
2008-08-01,6.9152207794132e-05,-1.8202878814660577e-08,-0.005282547392880699
2008-08-04,0.0016318939710510127,-6.413244082613938e-07,-0.009274098813600196
2008-08-05,0.017670965813346817,4.399917243537995e-05,0.02696202891603461
2008-08-06,0.03958243430726127,7.84659185223084e-05,0.004440386527319484
2008-08-07,0.06375110440155118,-0.0005894439089333033,-0.014891552761957638
2008-08-08,0.1386759497545904,0.0011845847815342223,0.018581400160110784
2008-08-11,0.19976213985965208,0.0014363928666908524,0.010357908990223486
2008-08-12,0.2793153913481723,-0.0020783962771292737,-0.01040435529269712
2008-08-13,0.3627374046187959,-0.001684449273648468,-0.006030635352810787
2008-08-14,0.5110911706573634,0.0027366115409337127,0.0075443323629931225
2008-08-15,0.59026309342612,0.0024859547942467056,0.004864014361761093
2008-08-18,0.6135679270382237,-0.008071724822889903,-0.013674791652716123
2008-08-19,0.6364811196785296,-0.0066903751917829525,-0.010904049734278498
2008-08-20,0.6665039979439126,0.0029568637510162554,0.004645642517266957
2008-08-21,0.6841079219861754,0.0011495823550955126,0.0017247943877933825
2008-08-22,0.6872764783404388,0.00990281150470776,0.01447551064159125
2008-08-25,0.6704477375488196,-0.013941621363098067,-0.02028531719398108
2008-08-26,0.6551678099290983,0.0019527221291670664,0.0029125642757872328
2008-08-27,0.6296134014276764,0.006377418854418807,0.009734023494086141
2008-08-28,0.552984688217905,0.007635982710902419,0.012128049837547117
2008-08-29,0.42844234349402466,-0.00594667438395236,-0.010753777655429508
2008-09-01,0.2610220523836031,0.0,0.0
2008-09-02,0.10768214133208753,-0.001621344469379879,-0.006211522952080384
2008-09-03,0.043225506277002834,-9.252278649594833e-05,-0.0008592212724541914
2008-09-04,0.001967305977725542,-0.0013013743139641373,-0.030106629766798232
2008-09-05,0.0002833633257230961,6.186666155850937e-06,0.0031447401806827813
2008-09-08,2.8227830556559752e-05,5.853111619948141e-06,0.020655854475917
2008-09-09,2.132423664646943e-06,-8.380220890876865e-07,-0.02968779649603437
2008-09-10,5.2343163362555956e-06,8.653335814148388e-09,0.004057981515404485
2008-09-11,4.498174925648968e-06,7.573099814790395e-08,0.014468173737103296
2008-09-12,4.445653833951013e-08,2.0786582610098898e-08,0.004621114775144042
2008-09-15,7.276068636485888e-12,-2.1154657259984953e-09,-0.04758503034678263
2008-09-16,1.800817273078792e-10,1.2178337838131855e-13,0.01673752468065448
2008-09-17,0.0,-8.097066401356464e-12,-0.04496328707194819
2008-09-18,1.8189894035458565e-12,0.0,0.029671508366914567
2008-09-19,0.0,7.223924231750036e-14,0.03971394345490986
2008-09-22,0.0,-0.0,-0.022639261219917883
2008-09-23,0.0,-0.0,-0.02275176505124832
2008-09-24,0.0,0.0,0.003205343741843558
2008-09-25,3.637978807091713e-12,0.0,0.01563955283777796
2008-09-26,0.0,1.805878019569927e-15,0.0004963959702155574
2008-09-29,0.0,-0.0,-0.07836188623560159
2008-09-30,0.0,0.0,0.04139010249981401
2008-10-01,0.0,0.0,0.00060380516035341
2008-10-02,0.0,-0.0,-0.036274322610742815
2008-10-03,0.0,-0.0,-0.013499878981776958
2008-10-06,0.0,-0.0,-0.05093395470525086
2008-10-07,0.0,-0.0,-0.04478571305181689
2008-10-08,0.0,-0.0,-0.025192641883344136
2008-10-09,0.0,-0.0,-0.0698394519780221
2008-10-10,0.0,-0.0,-0.024255305431338692
2008-10-13,0.0,0.0,0.14519709776934953
2008-10-14,0.0,-0.0,-0.01479990838912948
2008-10-15,0.0,-0.0,-0.09844737503756407
2008-10-16,0.0,0.0,0.041656920765767325
2008-10-17,0.0,-0.0,-0.005971487158274225
2008-10-20,0.0,0.0,0.06007890358232282
2008-10-21,0.0,-0.0,-0.029855105568345586
2008-10-22,0.0,-0.0,-0.05445424246822861
2008-10-23,0.0,0.0,0.011584102489364145
2008-10-24,0.0,-0.0,-0.050714004930294876
2008-10-27,0.0,-0.0,-0.03550139560264487
2008-10-28,0.0,0.0,0.11685580547512298
2008-10-29,0.0,-0.0,-0.007252469136287187
2008-10-30,0.0,0.0,0.03459338269848389
2008-10-31,0.0,0.0,0.005503776761205392
2008-11-03,0.0,0.0,0.0028913876618774648
2008-11-04,0.0,0.0,0.0339821029858105
2008-11-05,0.0,-0.0,-0.042027694872482924
2008-11-06,0.0,-0.0,-0.05541080176929336
2008-11-07,0.0,0.0,0.03301739479306809
2008-11-10,0.0,-0.0,-0.013104503902844566
2008-11-11,0.0,-0.0,-0.03087502747716897
2008-11-12,0.0,-0.0,-0.044001583525337895
2008-11-13,0.0,0.0,0.06233982863950782
2008-11-14,0.0,-0.0,-0.04990697926064924
2008-11-17,0.0,-0.0,-0.013276543601268509
2008-11-18,0.0,0.0,0.018837242369425633
2008-11-19,0.0,-0.0,-0.06407875679258557
2008-11-20,0.0,-0.0,-0.07423382565272196
2008-11-21,0.0,0.0,0.053943464334335944
2008-11-24,0.0,0.0,0.06929128526169803
2008-11-25,0.0,0.0,0.0074085577277438475
2008-11-26,0.0,0.0,0.03864149015043772
2008-11-27,0.0,0.0,0.0
2008-11-28,0.0,0.0,0.012588364076545178
2008-12-01,0.0,-0.0,-0.0885782066819375
2008-12-02,0.0,0.0,0.03848469303124791
2008-12-03,0.0,0.0,0.02404169957079949
2008-12-04,0.0,-0.0,-0.02313327076535132
2008-12-05,0.0,0.0,0.030832242189585912
2008-12-08,0.0,0.0,0.03491415428229239
2008-12-09,0.0,-0.0,-0.01648353299434191
2008-12-10,0.0,0.0,0.006815625113473223
2008-12-11,0.0,-0.0,-0.024081872519027825
2008-12-12,0.0,0.0,0.01194078707190016
2008-12-15,0.0,-0.0,-0.013934743491633927
2008-12-16,0.0,0.0,0.047065436780562075
2008-12-17,0.0,-0.0,-0.009686124156107145
2008-12-18,0.0,-0.0,-0.018684062573109728
2008-12-19,0.0,-0.0,-0.004301309074093096
2008-12-22,0.0,-0.0,-0.012813513518629138
2008-12-23,0.0,-0.0,-0.01033732125403175
2008-12-24,0.0,0.0,0.005802828781406033
2008-12-25,0.0,0.0,0.0
2008-12-26,0.0,0.0,0.005770132743149858
2008-12-29,0.0,-0.0,-0.0028683949652031915
2008-12-30,0.0,0.0,0.023702922285654182
2008-12-31,0.0,0.0,0.014273934590933068
2009-01-01,0.0,0.0,0.0
2009-01-02,0.0,0.0,0.03014224737910598
2009-01-05,0.0,-0.0,-0.0011833307483511968
2009-01-06,0.0,0.0,0.006677379898061719
2009-01-07,0.0,-0.0,-0.029956048033077498
2009-01-08,0.0,0.0,0.004080686323918892
2009-01-09,0.0,-0.0,-0.021419588020496372
2009-01-12,0.0,-0.0,-0.024020348290161198
2009-01-13,0.0,0.0,0.0018399716595169924
2009-01-14,0.0,-0.0,-0.03145441409439442
2009-01-15,0.0,0.0,0.0003553822198218981
2009-01-16,0.0,0.0,0.007819772244335832
2009-01-19,0.0,0.0,0.0
2009-01-20,0.0,-0.0,-0.05278606456873447
2009-01-21,0.0,0.0,0.043192405890200236
2009-01-22,0.0,-0.0,-0.015467091670654187
2009-01-23,0.0,0.0,0.004351289860820673
2009-01-26,0.0,0.0,0.006857638229644802
2009-01-27,0.0,0.0,0.010157675616024209
2009-01-28,0.0,0.0,0.03383428139563782
2009-01-29,0.0,-0.0,-0.03249795485428508
2009-01-30,0.0,-0.0,-0.02034297255217643
2009-02-02,0.0,-0.0,-0.00301790198220131
2009-02-03,0.0,0.0,0.01404662538182233
2009-02-04,0.0,-0.0,-0.0048961703538380474
2009-02-05,0.0,0.0,0.014880846745582321
2009-02-06,0.0,0.0,0.028496872255393768
2009-02-09,0.0,0.0,0.0013794728065381623
2009-02-10,0.0,-0.0,-0.04580862702222033
2009-02-11,0.0,0.0,0.005895083407295942
2009-02-12,0.0,0.0,0.0007179972848758709
2009-02-13,0.0,-0.0,-0.010758179152925873
2009-02-16,0.0,0.0,0.0
2009-02-17,0.0,-0.0,-0.04277397042259645
2009-02-18,0.0,-0.0,-0.0023988500585374606
2009-02-19,0.0,-0.0,-0.010755074988305635
2009-02-20,0.0,-0.0,-0.009721244091320247
2009-02-23,0.0,-0.0,-0.03577891019599522
2009-02-24,0.0,0.0,0.03791006280936071
2009-02-25,0.0,-0.0,-0.00787280283482028
2009-02-26,0.0,-0.0,-0.016261150149121106
2009-02-27,0.0,-0.0,-0.02234864162376038
2009-03-02,0.0,-0.0,-0.04504246109679022
2009-03-03,0.0,-0.0,-0.007507409103775342
2009-03-04,0.0,0.0,0.023691119208233857
2009-03-05,0.0,-0.0,-0.04084796209611641
2009-03-06,0.0,0.0,0.0017441421419739367
2009-03-09,0.0,-0.0,-0.011752612869103118
2009-03-10,0.0,0.0,0.05960925071936418
2009-03-11,0.0,0.0,0.0065122379391435725
2009-03-12,0.0,0.0,0.03937234276703028
2009-03-13,0.0,0.0,0.007814443178087327
2009-03-16,0.0,-0.0,-0.003022249680807665
2009-03-17,0.0,0.0,0.03058256389394809
2009-03-18,0.0,0.0,0.022384075780559565
2009-03-19,0.0,-0.0,-0.012385787451332897
2009-03-20,0.0,-0.0,-0.021293873547653108
2009-03-23,0.0,0.0,0.07182902362342425
2009-03-24,0.0,-0.0,-0.01970331576039741
2009-03-25,0.0,0.0,0.010545556986105487
2009-03-26,0.0,0.0,0.02038106807568618
2009-03-27,0.0,-0.0,-0.018049024502280187
2009-03-30,0.0,-0.0,-0.03455428675110361
2009-03-31,0.0,0.0,0.00926538785689246
2009-04-01,0.0,0.0,0.019365901452576217
2009-04-02,0.0,0.0,0.029237582835142994
2009-04-03,0.0,0.0,0.009948966399967452
2009-04-06,0.0,-0.0,-0.007833093168224114
2009-04-07,0.0,-0.0,-0.023325600550391568
2009-04-08,0.0,0.0,0.010778173125821189
2009-04-09,0.0,0.0,0.03974302284468689
2009-04-10,0.0,0.0,0.0
2009-04-13,0.0,0.0,0.00023291976544825843
2009-04-14,0.0,-0.0,-0.017243514221391587
2009-04-15,0.0,0.0,0.01067030413777692
2009-04-16,0.0,0.0,0.014662495943909892
2009-04-17,0.0,0.0,0.0067052232722291105
2009-04-20,0.0,-0.0,-0.0419158368000655
2009-04-21,0.0,0.0,0.019537375731815132
2009-04-22,0.0,-0.0,-0.006112905566133753
2009-04-23,0.0,0.0,0.00981741412128967
2009-04-24,0.0,0.0,0.015110498546470064
2009-04-27,0.0,-0.0,-0.00946220374881901
2009-04-28,0.0,-0.0,-0.0031452200745988312
2009-04-29,0.0,0.0,0.021269196015178515
2009-04-30,0.0,0.0,0.00034350750080269776
2009-05-01,0.0,0.0,0.005376570239928435
2009-05-04,0.0,0.0,0.034019307535737564
2009-05-05,0.0,-0.0,-0.003411100077780449
2009-05-06,1.8189894035458565e-12,0.0,0.017334956331505724
2009-05-07,0.0,-2.5269578327105115e-14,-0.013892097599824238
2009-05-08,1.0914047443577601e-11,0.0,0.023332306521380852
2009-05-11,0.0,-2.0423870216975167e-13,-0.01871337862746203
2009-05-12,3.2742142330732804e-11,-0.0,-0.0029591841484457593
2009-05-13,0.0,-8.242255756904347e-13,-0.02517323293524354
2009-05-14,1.0186451682159259e-10,0.0,0.00857011164074617
2009-05-15,1.8189894035458565e-12,-8.313830183396035e-13,-0.00816165475752173
2009-05-18,2.0190993321733686e-10,5.1671700744659747e-14,0.028406817897857595
2009-05-19,1.478853928205126e-09,-2.4340048907330816e-13,-0.0012054904144379597
2009-05-20,3.8199221563672836e-11,-9.899893136987778e-12,-0.006694300869189429
2009-05-21,7.276068636485888e-12,-5.486703484790761e-13,-0.014363390823672106
2009-05-22,0.0,-1.5497198566064037e-14,-0.0021298862531825558
2009-05-25,7.276068636485888e-12,0.0,0.0
2009-05-26,3.9472547452845674e-10,1.8635569552042648e-13,0.025612140955617813
2009-05-27,0.0,-7.047049762291883e-12,-0.017853040193847036
2009-05-28,1.6371126676517633e-11,0.0,0.013939991486269676
2009-05-29,4.602099368256063e-09,2.8989610843184197e-13,0.01770776771568583
2009-06-01,0.0,1.1141179540761039e-10,0.02420890695583333
2009-06-02,8.49478376530044e-10,0.0,0.0008431564042012951
2009-06-03,2.0918633492073013e-10,-1.0746841902223789e-11,-0.012651107078349155
2009-06-04,1.2733036847123458e-11,1.96573205701875e-12,0.009397038567378946
2009-06-05,0.0,2.6928931382707054e-15,0.00021148867867126775
2009-06-08,6.548441788822856e-10,-0.0,-0.0041248005798604215
2009-06-09,2.857859326965695e-08,3.338168967902403e-12,0.005097653877904396
2009-06-10,1.2369323343364158e-09,-7.247870492686556e-11,-0.0025361187040587874
2009-06-11,3.587285568595888e-08,5.504093994984918e-12,0.004449793931482704
2009-06-12,3.258043301812563e-08,9.834505727731806e-11,0.0027414895022090935
2009-06-15,2.9649993571467803e-10,-7.470101499147962e-10,-0.022928183597167306
2009-06-16,3.6380898293941755e-12,-4.021503967895931e-12,-0.013563254097180732
2009-06-17,0.0,-3.5703260121931174e-15,-0.0009813737921879895
2009-06-18,1.3860986802782804e-09,0.0,0.007318201875968766
2009-06-19,4.598373093411823e-08,5.108903870875718e-12,0.0036858154066274906
2009-06-22,9.09528008463667e-12,-1.3789212036615572e-09,-0.02998715362259674
2009-06-23,1.9281920504710115e-10,7.132347298142402e-15,0.0007841811611926097
2009-06-24,5.6008508941829405e-09,1.6616648266730311e-12,0.008617735076063227
2009-06-25,4.126820347671867e-07,1.2181216667913696e-10,0.021748867981051134
2009-06-26,8.844811121289098e-07,-1.0756675326506958e-09,-0.0026065286153237333
2009-06-29,1.268782020669157e-06,8.282572512999176e-09,0.00936432943498744
2009-06-30,0.0,-1.0264824064631792e-08,-0.008090297543165148
2009-07-01,3.030971235107316e-07,0.0,0.004132360553695369
2009-07-02,5.0356723790834224e-08,-8.272647073009486e-09,-0.027293716869327467
2009-07-03,4.51997209660604e-08,0.0,0.0
2009-07-06,5.83914627760862e-09,-5.033657058639342e-12,-0.00011136478170781228
2009-07-07,2.94685942314743e-10,-1.1314174210335356e-10,-0.019376418524950867
2009-07-08,1.819100425848319e-12,-2.0071548732574933e-13,-0.000681116600775522
2009-07-09,1.0441340014821776e-09,3.5149707632962974e-15,0.0019322576771192423
2009-07-10,3.8982213013127875e-09,-2.487537175422017e-12,-0.0023823926544781493
2009-07-13,5.852732887223766e-07,9.484246097449727e-11,0.024329675932599715
2009-07-14,6.648440842305092e-08,3.312750769948481e-09,0.005660177619211115
2009-07-15,1.1205339989217578e-09,1.9444095787742272e-09,0.02924609882066842
2009-07-16,1.259346626980573e-06,-1.8024514995522022e-12,-0.0016085647568807593
2009-07-17,9.304720784975018e-07,1.3795808795952639e-08,0.010954735178057895
2009-07-20,6.15025202455044e-06,9.885195780378388e-09,0.010623849988428136
2009-07-21,8.629646185753792e-06,2.8448536858568983e-08,0.004625588796200342
2009-07-22,3.822066848568895e-06,-1.8043727618196699e-09,-0.00020909000473257056
2009-07-23,8.185718769482264e-11,8.440233965263891e-08,0.022082905139202857
2009-07-24,2.0215480447838274e-05,3.3524356049385036e-13,0.004095468827290949
2009-07-27,7.282740697167611e-07,5.977131857069206e-08,0.002956710265923146
2009-07-28,1.2941959173229378e-06,-3.4058422430583125e-09,-0.004676594134929046
2009-07-29,4.419887157380842e-07,-3.173413625706268e-09,-0.0024520349533094787
2009-07-30,1.4104748097265585e-06,4.616897407374763e-09,0.010445735927137711
2009-07-31,3.7037097866399193e-07,2.00087921085481e-09,0.0014185855692401272
2009-08-03,9.440862536180816e-10,6.109846720468311e-09,0.01649655905143499
2009-08-04,1.515888527259257e-06,2.443794650363845e-12,0.002588529004631024
2009-08-05,1.159779298154362e-06,-4.365936293948004e-09,-0.002880116984486758
2009-08-06,1.3782704165743453e-06,-6.00580282260143e-09,-0.005178401470140814
2009-08-07,1.5479921278149789e-07,1.8075254486055106e-08,0.013114447113347083
2009-08-10,3.6121494096930107e-06,-3.213244846570057e-10,-0.0020757501209683893
2009-08-11,8.731448106757966e-07,-4.506525256016022e-08,-0.012476021185400032
2009-08-12,3.4731636389118137e-07,9.367973402338729e-09,0.010729003125023562
2009-08-13,6.339128020282914e-07,2.653198928577872e-09,0.007639141729035126
2009-08-14,8.897034905253065e-06,-4.868387658613051e-09,-0.007679901152076396
2009-08-17,1.0113910819953276e-09,-2.1891450273786945e-07,-0.024605332570811433
2009-08-18,6.737499423925541e-07,8.024318815852878e-12,0.007933942624866797
2009-08-19,5.451705639147875e-07,5.915672288663578e-09,0.008780219360993824
2009-08-20,3.204049045080204e-06,5.617091569103793e-09,0.010303365480278881
2009-08-21,1.734353636262398e-07,6.281898043402931e-08,0.019606123236623807
2009-08-24,3.0463580257267253e-06,-1.682875683548986e-11,-9.703186526455188e-05
2009-08-25,3.813935731900031e-06,5.918849800469206e-09,0.0019429265209420787
2009-08-26,3.6828301078761783e-06,3.6824906192232157e-10,9.655355721971404e-05
2009-08-27,3.7364918452631457e-06,8.210880479332613e-09,0.0022295029199888017
2009-08-28,3.829919651643365e-06,-7.22474070652694e-10,-0.00019335625516447852
2009-08-31,6.799656275813248e-07,-3.4084352638900146e-08,-0.008899495482698971
2009-09-01,6.299365584716554e-09,-1.4998037487228368e-08,-0.022057052413924527
2009-09-02,9.657329491652433e-09,-2.388926001401095e-11,-0.003792327924572403
2009-09-03,9.986576832154981e-08,8.029781303740581e-11,0.008314701606361607
2009-09-04,3.8518894374117707e-07,1.3989713160178167e-09,0.014008517027710443
2009-09-07,2.517551127345641e-06,0.0,0.0
2009-09-08,7.358285734060388e-07,2.1708371471281357e-08,0.00862281255601327
2009-09-09,5.159887478289882e-06,5.647008583711668e-09,0.007674353494554476
2009-09-10,1.6583629193100968e-05,5.2728654479271727e-08,0.010218954328195418
2009-09-11,5.577892976393883e-07,-3.1640146161192284e-09,-0.00019079144735312248
2009-09-14,1.8292353520799054e-08,2.715223933098621e-09,0.004867830818177543
2009-09-15,3.1458627702818376e-08,7.644644396673772e-11,0.004179147526304661
2009-09-16,1.5098103878230518e-09,4.761107465101059e-10,0.01513450462645105
2009-09-17,1.821198051110695e-05,-2.250869178772882e-12,-0.0014908290451083328
2009-09-18,2.4527276692998257e-06,1.160973052628638e-08,0.0006374776493531797
2009-09-21,1.2219126640622413e-05,-6.205250444071975e-09,-0.0025299386155835935
2009-09-22,1.8344295694694424e-05,7.116744876383397e-08,0.005824266402742584
2009-09-23,9.270980624531688e-06,-1.5248162564992824e-07,-0.008312209320417208
2009-09-24,3.4466183816972418e-06,-1.0215885841301112e-07,-0.011019207411855803
2009-09-25,1.658157918860148e-06,-1.8380252720438302e-08,-0.005332836619813763
2009-09-28,3.743704346304e-06,2.9687083505022497e-08,0.017903652702409678
2009-09-29,1.308726459425813e-06,-1.126924850216396e-08,-0.0030101865584790666
2009-09-30,1.4958390027741686e-06,-5.06206163312391e-09,-0.0038679294643013673
2009-10-01,3.0687351548763786e-09,-3.7116319579355354e-08,-0.024813044392157035
2009-10-02,1.0012043971663331e-08,-1.4304402288465811e-11,-0.004661334903970249
2009-10-05,1.4886547683445883e-07,1.494639243418666e-10,0.014928412696237459
2009-10-06,3.9256336425985694e-07,2.1323462991214792e-09,0.014323981251157969
2009-10-07,4.303301501473733e-06,1.0791189886807875e-09,0.0027489039653900704
2009-10-08,1.1337269126832084e-06,3.2944017934629014e-08,0.007655521678726629
2009-10-09,2.1335744887496233e-06,6.912643253854227e-09,0.00609727367015922
2009-10-12,4.204195556500867e-05,8.355003479280549e-09,0.003915965213934003
2009-10-13,3.773074564528134e-05,-8.591882601509633e-08,-0.002043644850968973
2009-10-14,1.205206347387744e-06,6.495669297356378e-07,0.017215851916694724
2009-10-15,0.00016390443327984894,4.40983819069779e-09,0.0036589901806076686
2009-10-16,0.0005540333373064144,-1.2249880264944594e-06,-0.007473794344555196
2009-10-19,0.00070571229207117,4.579124149474589e-06,0.008265069700926775
2009-10-20,0.0007526392533976356,-3.7281583204331508e-06,-0.0052828303578098534
2009-10-21,0.0002003876818656991,-6.753744621530809e-06,-0.008973415339476931
2009-10-22,0.0003429297079388105,2.036613069006448e-06,0.010163364584313106
2009-10-23,9.177562109874415e-05,-3.920752804824201e-06,-0.011433109217600324
2009-10-26,2.581204936014103e-06,-9.935339704314685e-07,-0.010825685062512358
2009-10-27,7.531422659967646e-07,-1.1829521855518289e-08,-0.00458294561987993
2009-10-28,1.4592408503766308e-08,-1.422492506017837e-08,-0.018887434290189575
2009-10-29,3.2652107215813686e-06,3.130644687748412e-10,0.0214539271357459
2009-10-30,2.000953847058895e-10,-9.460421047774e-08,-0.02897338596019383
2009-11-02,4.820479571066016e-10,1.4684653907290543e-12,0.00733882689442078
2009-11-03,1.1498206831106472e-08,1.5249185057088652e-12,0.0031634165921206048
2009-11-04,2.3713118579848924e-08,2.96640308582882e-11,0.0025798832195327304
2009-11-05,2.1401448786484423e-06,4.3620618225069504e-10,0.018395141945664495
2009-11-06,1.0484048559078474e-05,5.608251845808721e-09,0.00262050102390754
2009-11-09,2.997948859240207e-05,2.387845514293074e-07,0.02277598678446946
2009-11-10,3.42230729122317e-05,5.461198939031709e-09,0.00018216451298691538
2009-11-11,4.011771029599487e-05,1.7489158865626034e-07,0.005110341467722268
2009-11-12,1.1994511408319752e-05,-4.0791578571517975e-07,-0.010167972765781297
2009-11-13,2.6551741016955788e-05,6.490849668406091e-08,0.005411516524052695
2009-11-16,6.415557477534861e-05,3.8511250528697764e-07,0.014504227991718022
2009-11-17,0.00013589825074911133,7.501297556888428e-08,0.0011692355002905774
2009-11-18,0.00022733402218788612,-8.542441889299661e-08,-0.0006285910114524063
2009-11-19,0.00030958485614451803,-2.9624923542103793e-06,-0.013031451806900907
2009-11-20,0.0009004229461645474,-1.099474918713704e-06,-0.0035514492937614994
2009-11-23,0.0025504976707734217,1.1437317090439325e-05,0.01270216084469844
2009-11-24,0.004260286968045479,3.912309962113831e-06,0.00153393982944805
2009-11-25,0.004468862338741664,1.4969915647563085e-05,0.003513828002631225
2009-11-26,0.003160688462052197,0.0,0.0
2009-11-27,7.227822816480156e-05,-5.136254716593456e-05,-0.016250430177666253
2009-11-30,9.15905377074644e-06,2.440778138267644e-07,0.0033769202707936152
2009-12-01,4.9660226029812904e-05,1.1329768766454118e-07,0.012370021019683097
2009-12-02,9.476397751395638e-05,-2.2294033999350424e-08,-0.00044893138396040477
2009-12-03,2.9197686415405322e-05,-7.41091079888165e-07,-0.007820388077094176
2009-12-04,8.192774392790092e-06,1.6665252021566818e-07,0.005707730326459659
2009-12-07,9.392330343938049e-05,-1.2547980618046301e-08,-0.001531591133412502
2009-12-08,2.4616440958080688e-05,-1.0422406704138528e-06,-0.011096720752443834
2009-12-09,4.147757925732076e-05,9.206491751874807e-08,0.0037399767771273407
2009-12-10,4.795879639607481e-05,2.337454602946873e-07,0.0056354653400712
2009-12-11,9.627582272930812e-05,2.0373965321733913e-07,0.004248222818911573
2009-12-14,0.00020160899120746922,6.585142262633239e-07,0.006839871190868152
2009-12-15,0.0005627241859416099,-9.370734779749374e-07,-0.0046479746382472875
2009-12-16,0.0035342834849124705,8.590244767657639e-07,0.0015265462161153653
2009-12-17,0.005526481259675475,-4.246687376872632e-05,-0.0120156953877677
2009-12-18,0.023834335876146584,3.1264115844321424e-05,0.00565714681282703
2009-12-21,0.0818930339631806,0.00024221683017046762,0.01016251643969146
2009-12-22,0.4409741979552678,0.00029423115828874056,0.00359287162838573
2009-12-23,0.6363612282257984,0.0008681838209368743,0.001968785985580368
2009-12-24,0.7563499386182486,0.0030128239846516722,0.004734455606372423
2009-12-25,0.8082124847474756,0.0,0.0
2009-12-28,0.8216587952865211,0.0017248502176557595,0.0021341543841588706
2009-12-29,0.8260327063850985,-0.0011665663427826334,-0.0014197697991851221
2009-12-30,0.8205411292903725,-0.00029333032298555774,-0.00035510739552824244
2009-12-31,0.8000809191618975,-0.007875711962319048,-0.009598192803729644
2010-01-01,0.8287028361237112,0.0,0.0
2010-01-04,0.8791131546939829,0.014054256971679613,0.0169593446034515
2010-01-05,0.9074989982236067,0.002327258438361453,0.0026472797340537646
2010-01-06,0.9138229058859519,0.0006390200873162969,0.0007041551434956439
2010-01-07,0.9321809294370622,0.003857548267051453,0.004221330240471
2010-01-08,0.9910404603247418,0.003102421615390225,0.0033281324659406586
2010-01-11,0.9988841531829078,0.0013838878543457568,0.0013963989461058812
2010-01-12,0.9996538506098552,-0.00931606667477749,-0.00932647359064831
2010-01-13,0.9999217209111535,0.008443270978538454,0.008446194623656478
2010-01-14,0.99995522042959,0.0027045435603207982,0.0027047552861001467
2010-01-15,0.9996731506122929,-0.011223976576415409,-0.01122447920377223
2010-01-18,0.9978489350425562,0.0,0.0
2010-01-19,0.9824659894499953,0.012468867744334927,0.012495746907625005
2010-01-20,0.8313593902335099,-0.009990177551808166,-0.010168471640836008
2010-01-21,0.15450468998175304,-0.015986471058347114,-0.019229314356883465
2010-01-22,3.273478983090161e-05,-0.00344418521244862,-0.022291784235516587
2010-01-25,2.3676582430187665e-06,1.6785540392398178e-07,0.005127737333615823
2010-01-26,7.060485245125037e-06,-9.921676908594702e-09,-0.0041905021292028
2010-01-27,2.4627946157651515e-05,3.35867809707009e-08,0.004757007458360052
2010-01-28,1.6611192780402462e-05,-2.8254325710368366e-07,-0.011472465275627619
2010-01-29,7.155886394882849e-06,-1.8053946884406519e-07,-0.010868543350906257
2010-02-01,7.082903937916107e-05,1.1127823804520529e-07,0.01555058757287986
2010-02-02,0.00022161449277147138,8.572928866776202e-07,0.012103692132380495
2010-02-03,6.749093026059416e-05,-1.1042319729794798e-06,-0.004982670398357758
2010-02-04,4.516987932579042e-07,-2.0831733444297257e-06,-0.030865974678171315
2010-02-05,1.2169435681386176e-08,9.337553001922103e-10,0.0020672078697785423
2010-02-08,4.5599538445184606e-07,-8.78559446592425e-11,-0.00721939348376055
2010-02-09,9.50934538113124e-07,5.72735310479296e-09,0.01256011201007623
2010-02-10,2.0319208022812063e-06,-1.8624915111038044e-09,-0.0019585906668185826
2010-02-11,1.503009703163194e-05,2.126653182948012e-08,0.010466220831837791
2010-02-12,5.609083251334468e-05,-1.2505169628668013e-08,-0.0008320085760158413
2010-02-15,7.057526728637686e-05,0.0,0.0
2010-02-16,9.477815383585053e-05,1.1104863995395101e-06,0.015734781350999816
2010-02-17,1.969391128620046e-06,4.49084977670705e-07,0.0047382752195035405
2010-02-18,0.0052471547870633906,1.1609615659706209e-08,0.005895027905320704
2010-02-19,0.08738983995314364,1.0884482801750623e-05,0.0020743590085403607
2010-02-22,0.18607731158088792,1.569057641883806e-05,0.00017954691789401345
2010-02-23,0.2574863976336318,-0.002259855793969493,-0.012144714338196638
2010-02-24,0.6041350134714426,0.0023683056787228243,0.009197789477378926
2010-02-25,0.813062183168457,-0.0008174074213917997,-0.0013530211015164717
2010-02-26,0.9434297911666337,0.0005138962232813451,0.0006320503325818461
2010-03-01,0.9821298703137489,0.009796777912615856,0.01038421513115595
2010-03-02,0.9934523002876094,0.00272168365302013,0.0027712054538679975
2010-03-03,0.9979499575042047,0.0008855074280355196,0.0008913436787847395
2010-03-04,0.9992187185279933,0.0030210099663130372,0.0030272158875264132
2010-03-05,0.9995958720746522,0.014282525956647172,0.014293693354431536
2010-03-08,0.9997963870737722,0.00017458890285291379,0.00017465948762929173
2010-03-09,0.9999444319025689,0.0016625184331398725,0.0016628570123220499
2010-03-10,0.9999161959526152,0.004455510228721997,0.004455757826707041
2010-03-11,0.9999847747520684,0.004174451123989382,0.004174800989209304
2010-03-12,0.9999941266343005,8.690650681371794e-05,8.6907830006977e-05
2010-03-15,0.9999955310110821,0.00025981617416921297,0.0002598177001735813
2010-03-16,0.999993263699555,0.007965961313770534,0.007965996913722462
2010-03-17,0.9999994667392443,0.005927087769329324,0.0059271276962422625
2010-03-18,0.999985230118037,-0.0005122706307965771,-0.0005122709039705464
2010-03-19,1.0,-0.0050614871920561496,-0.00506156195072871
2010-03-22,1.0,0.005346326943969526,0.005346326943969526
2010-03-23,0.9999686268803457,0.007032868333914921,0.007032868333914921
2010-03-24,0.9994487671630516,-0.004854725904972511,-0.00485487821764774
2010-03-25,0.9998280570661311,-0.0016252333647076061,-0.0016261297408178832
2010-03-26,0.9999746948489565,-0.000599611155079655,-0.000599714271711016
2010-03-29,0.9999947286844756,0.0063471761271140376,0.006347336747429155
2010-03-30,0.999996014293591,0.000681630635991187,0.0006816342291002808
2010-03-31,0.9999488043075141,-0.0034067874987688666,-0.0034068010772777546
2010-04-01,0.9999809833379326,0.006836978018249701,0.006837328059994485
2010-04-02,0.99990980949601,0.0,0.0
2010-04-05,0.9990974261615049,0.008148995890028217,0.008149730918367126
2010-04-06,0.9999514992597189,0.002355390893697894,0.0023575187284259336
2010-04-07,0.9999942835809345,-0.0057120739191616095,-0.0057123509724125165
2010-04-08,1.0,0.0034639150464526617,0.0034639348477558674
2010-04-09,1.0,0.006567341304499319,0.006567341304499319
2010-04-12,1.0,0.0015891829888701192,0.0015891829888701192
2010-04-13,0.9999963527235143,0.0007518175284157991,0.0007518175284157991
2010-04-14,0.9999814996308025,0.011349340697122543,0.011349382091456972
2010-04-15,0.9999903129186721,0.000825091302760522,0.0008251065675366487
2010-04-16,0.9999677743078808,-0.01591193540437273,-0.015912089546078256
2010-04-19,0.9999861049860573,0.0037699116746310007,0.003770033166559106
2010-04-20,0.9999877453846457,0.008930807687160001,0.008930931782581641
2010-04-21,0.9999150864819925,-0.0018201694314182433,-0.0018201917371678533
2010-04-22,0.9987352083148067,0.0029832450949255664,0.0029834984342735904
2010-04-23,0.9897314472196448,0.006519385572851658,0.006527641679772156
2010-04-26,0.9100243110102897,-0.003737462898050378,-0.0037762394117613063
2010-04-27,0.24759297007820635,-0.021522167062269264,-0.023650101213643193
2010-04-28,0.2114206169516235,0.0018807330546083858,0.007596068070972795
2010-04-29,0.19284606284494332,0.0026210198875114016,0.01239718209748264
2010-04-30,0.06841772427366644,-0.003271023197306448,-0.016961835513004453
2010-05-03,0.03365788955961946,0.0008868517229948916,0.012962309582931208
2010-05-04,0.0012370556982284064,-0.0007914623023447985,-0.023514911739871636
2010-05-05,3.550913175720538e-07,-7.3687930708186295e-06,-0.005956718910370418
2010-05-06,0.0,-1.1793762138347216e-08,-0.03321332162945401
2010-05-07,0.0,-0.0,-0.014875115493936386
2010-05-10,9.276968082616577e-11,0.0,0.044040912135218546
2010-05-11,2.0905918218794284e-08,-2.635758960138548e-13,-0.0028411857588229728
2010-05-12,3.303691675782261e-08,2.923943609554081e-10,0.01398620036179743
2010-05-13,2.267490615270873e-07,-4.1067926530829167e-10,-0.01243091988028966
2010-05-14,1.0914047443577601e-11,-4.105214356835878e-09,-0.018104658644179095
2010-05-17,3.001371373656525e-10,5.747334675164031e-15,0.0005265997518222321
2010-05-18,0.0,-4.082719159722367e-12,-0.013602845671005559
2010-05-19,0.0,-0.0,-0.0056937571406863174
2010-05-20,0.0,-0.0,-0.037758804796688805
2010-05-21,0.0,0.0,0.014598819984902756
2010-05-24,0.0,-0.0,-0.012831332769206893
2010-05-25,0.0,0.0,0.001021423302555391
2010-05-26,0.0,-0.0,-0.006028668243544977
2010-05-27,5.457079232940032e-12,0.0,0.03349854722448997
2010-05-28,2.5466184716549378e-11,-6.848715434559423e-14,-0.012550148425955032
2010-05-31,1.819011608006349e-11,0.0,0.0
2010-06-01,0.0,-3.060196185839262e-13,-0.016823401084247402
2010-06-02,7.25786208910506e-10,0.0,0.02603936672659013
2010-06-03,4.4929626685785706e-10,2.4996552300040594e-12,0.0034440654828042927
2010-06-04,0.0,-1.5786864172670932e-11,-0.035136869226793266
2010-06-07,0.0,-0.0,-0.012451034430046803
2010-06-08,0.0,0.0,0.010712107408517024
2010-06-09,0.0,-0.0,-0.005346289717985675
2010-06-10,7.639855414964813e-11,0.0,0.02923176184381604
2010-06-11,8.323804312482252e-09,3.709410889260143e-13,0.004855341741146324
2010-06-14,2.1755397483502747e-09,-1.2896362438601752e-11,-0.0015493351302435787
2010-06-15,3.223291289433661e-08,4.9465359295825405e-11,0.02273705149875349
2010-06-16,4.699455811163489e-07,-1.149419350982887e-11,-0.00035659803839349635
2010-06-17,1.5638735250123048e-06,7.553882099942315e-10,0.0016073950694457384
2010-06-18,2.8770125812815905e-06,1.6958581653543079e-09,0.0010843959810247217
2010-06-21,3.081826214224037e-07,-8.240938131992991e-09,-0.0028644080966521157
2010-06-22,1.51672944981307e-07,-5.08974280808376e-09,-0.016515346597391733
2010-06-23,2.1031973806984183e-07,-4.70648735135726e-10,-0.0031030500211737255
2010-06-24,2.051846914596922e-09,-3.4851071161453662e-09,-0.01657051852635938
2010-06-25,1.85102779770574e-08,8.595195593995144e-12,0.004189004322324719
2010-06-28,8.627579428654997e-09,-5.83366012469213e-11,-0.003151578886023576
2010-06-29,0.0,-2.6637953325634743e-10,-0.03087534985439999
2010-06-30,0.0,-0.0,-0.009499822033511962
2010-07-01,5.457079232940032e-12,-0.0,-0.004456976212031449
2010-07-02,6.748538394774073e-10,-2.97348281988757e-14,-0.005448854035211781
2010-07-05,9.149636603922318e-10,0.0,0.0
2010-07-06,2.772176044274488e-09,5.997809363476772e-12,0.006555243255131682
2010-07-07,1.2031316209970555e-07,8.731268707451256e-11,0.03149608310584884
2010-07-08,1.4278706683690245e-07,1.1905463754425566e-09,0.009895395937278506
2010-07-09,7.884454923390294e-07,1.0659592338796423e-09,0.007465376644351318
2010-07-12,5.715966986175047e-06,5.11361798773911e-10,0.0006485696268703212
2010-07-13,3.2031361651974066e-07,8.624408055138289e-08,0.015088274785347355
2010-07-14,3.900027580661103e-06,-2.9049177248625356e-11,-9.068979821791334e-05
2010-07-15,2.7112445549759556e-06,1.0647691448562756e-09,0.00027301579869232206
2010-07-16,6.474156831748346e-07,-7.465287519753548e-08,-0.027534541308907312
2010-07-19,9.609896548523622e-07,3.824370866510228e-09,0.005907133493825878
2010-07-20,1.3369706565069528e-05,1.0658197842903786e-08,0.011090855961962687
2010-07-21,1.0808406725182351e-06,-1.737757337986008e-07,-0.012997722347371288
2010-07-22,1.7274334633832211e-06,2.4126297293449376e-08,0.022321788869434256
2010-07-23,1.2701191557940028e-05,1.499257004101576e-08,0.008679101313489923
2010-07-26,3.813977336153407e-05,1.3229402668300287e-07,0.010415875241272188
2010-07-27,1.1185153134696257e-05,-3.4379863630223947e-09,-9.014176173605115e-05
2010-07-28,9.445807032992803e-06,-7.219209861658031e-08,-0.006454278966699256
2010-07-29,1.1919098281465423e-05,-4.6020794424745346e-08,-0.004872087082025023
2010-07-30,2.1819739929873627e-05,-2.163730772808837e-09,-0.00018153477064397627
2010-08-02,0.00010166707045333734,4.927082368584523e-07,0.022580848279675436
2010-08-03,9.550147833925493e-05,-4.868618714790576e-07,-0.0047887862737474585
2010-08-04,9.255367179128449e-05,6.382665693336899e-07,0.006683316116493421
2010-08-05,0.00018488571590258296,-9.831937356306695e-08,-0.0010622957648269704
2010-08-06,0.00020655834952942875,-7.536468810760186e-07,-0.0040762850574844745
2010-08-09,0.00015412490419020042,1.1027551617465273e-06,0.005338710172010819
2010-08-10,0.0001003896374474067,-8.321207969096283e-07,-0.005399002849550749
2010-08-11,1.777393994206733e-07,-2.7513733738899156e-06,-0.027406946014037925
2010-08-12,1.3122552515731911e-06,-1.0894734287834507e-09,-0.006129611286718073
2010-08-13,6.114992906480765e-07,-3.8658572353332e-09,-0.002945964385129063
2010-08-16,7.948229473475621e-07,-2.823946281294402e-10,-0.00046180695946540506
2010-08-17,1.821952858249709e-06,9.764947498372196e-09,0.012285688946147344
2010-08-18,4.094059121384497e-06,3.3247394652143753e-09,0.00182482189380484
2010-08-19,4.98107529334213e-07,-7.12242505475889e-08,-0.017396976554530763
2010-08-20,1.4492776867491841e-06,-1.6158781878126148e-09,-0.0032440348572374544
2010-08-23,1.5113896186802478e-06,-5.5263503643349285e-09,-0.0038131756356029056
2010-08-24,5.9150668585417066e-08,-2.2433724433163e-08,-0.014843111369755357
2010-08-25,2.885773032756944e-07,2.2980959626098756e-10,0.0038851563601369765
2010-08-26,1.1411214684287074e-07,-1.9340435914835932e-09,-0.006701994819169443
2010-08-27,3.5452742375152724e-07,1.767590715914061e-09,0.015489943575840215
2010-08-30,1.1972925895165076e-07,-5.142377859631319e-09,-0.014504880342445348
2010-08-31,8.127274796487782e-07,0.0,0.0
2010-09-01,1.1468216638554907e-06,2.4309904212810774e-08,0.02991150763515016
2010-09-02,1.3028593346064987e-05,1.0679398974794692e-08,0.009312170594067526
2010-09-03,9.39039157951127e-05,1.6899780658851852e-07,0.012971301052969064
2010-09-06,0.00024321613253319718,0.0,0.0
2010-09-07,2.5142349591167346e-05,-2.7415783839316674e-06,-0.011272189699659263
2010-09-08,7.359616544078129e-06,1.7657968225689246e-07,0.007023197319590446
2010-09-09,4.783529357177407e-06,3.39942571409696e-08,0.004619025588815884
2010-09-10,5.029060971428745e-05,2.4149870320969126e-08,0.005048546484769378
2010-09-13,0.00041212606566309873,5.593985936015667e-07,0.01112332096945412
2010-09-14,0.0003796830650456551,-2.5593113734319524e-07,-0.0006210020638500735
2010-09-15,0.0001361214169046665,1.449306701644082e-06,0.003817148656524383
2010-09-16,0.00016753796514656916,-3.609688572634274e-08,-0.0002651815309241412
2010-09-17,0.0002451031088764877,6.248826196473368e-08,0.0003729797118525724
2010-09-20,0.00032049967865543927,3.7477680922712316e-06,0.015290577542856898
2010-09-21,0.0001305379692538855,-6.454924996745424e-07,-0.0020140191789973505
2010-09-22,9.713587522697242e-05,-6.413155957337689e-07,-0.004912866343787403
2010-09-23,2.7838577746019944e-05,-7.87932887072141e-07,-0.008111656843890258
2010-09-24,9.762269942537039e-05,5.740947743736495e-07,0.020622273867986207
2010-09-27,9.235872616575325e-05,-4.676196452232473e-07,-0.004790070833686877
2010-09-28,7.477530054345038e-05,3.233049798598516e-07,0.003500535285422046
2010-09-29,1.3828701012297273e-05,-1.3042024833396754e-07,-0.0017441621415908992
2010-09-30,5.024299216216388e-05,-4.107174945558357e-08,-0.0029700366953526736
2010-10-01,0.0007116816434485917,2.1131611578593218e-07,0.004205882386620008
2010-10-04,0.004439841622546625,-5.340300641747146e-06,-0.00750377741354924
2010-10-05,0.045031192134849074,8.938179502671802e-05,0.02013175302758885
2010-10-06,0.1603749152242966,-3.8855968352440355e-06,-8.628678591515726e-05
2010-10-07,0.35371397806958904,-0.00019350191172165832,-0.0012065597132259187
2010-10-08,0.6686468617946244,0.0019839373527768636,0.005608874615598447
2010-10-11,0.9151535470709844,0.0006310612004595484,0.0009437884726861689
2010-10-12,0.9702198641368444,0.0028242702421443144,0.0030861162601441006
2010-10-13,0.9831118198502552,0.00754552126666517,0.007777125109037053
2010-10-14,0.9892469550518936,-0.003835086797983476,-0.003900967031977731
2010-10-15,0.9947919148753932,0.002021308671976468,0.0020432801553282864
2010-10-18,0.9960089601036171,0.0049019809266690455,0.004927644518786689
2010-10-19,0.9957216484691551,-0.013052039351153764,-0.01310433929208421
2010-10-20,0.9950826061414351,0.00972445001976494,0.009766233399379765
2010-10-21,0.9920571302007825,0.0021947094138492435,0.0022055549964434817
2010-10-22,0.9851460139909465,0.0018477178023261873,0.0018625114885795213
2010-10-25,0.9559241130282211,0.0029133418216619918,0.002957269054827405
2010-10-26,0.9049795944858476,0.00016086564062857184,0.00016828285680436927
2010-10-27,0.8916395283636916,-0.002591909558170079,-0.002864053039386638
2010-10-28,0.8803849574686609,0.00015075618242982254,0.00016907750008177125
2010-10-29,0.8669412834122371,0.0006693154316252222,0.0007602531437493898
2010-11-01,0.8577057191214343,0.0002931825143686028,0.0003381803588988763
2010-11-02,0.8796381511900828,0.006801720832735897,0.0079301334724724
2010-11-03,0.9171892358730994,0.0035342157206411443,0.004017806317131223
2010-11-04,0.929848580033368,0.017663117229346582,0.019257876715629507
2010-11-05,0.926992285031554,0.0034983930709276113,0.0037623255506848974
2010-11-08,0.9204859849244071,-0.0017373630768557514,-0.0018741936744345322
2010-11-09,0.8703569581732646,-0.006612961937255916,-0.007184207087953642
2010-11-10,0.8476602644302742,0.0035069787084035537,0.0040293567776652495
2010-11-11,0.8036254149368947,-0.003193353032957171,-0.0037672557827203024
2010-11-12,0.5500335081244405,-0.009513897649940007,-0.011838721714254263
2010-11-15,0.1985913201234799,-0.000777665326652511,-0.0014138508202968803
2010-11-16,0.004675006647662072,-0.0030939676885269416,-0.015579571587535535
2010-11-17,0.0148098449876084,2.374536346082838e-06,0.0005079214908219054
2010-11-18,0.03447216680396914,0.00021798379888910438,0.014718844057550529
2010-11-19,0.043383747600421074,9.480618998844722e-05,0.0027502242759376294
2010-11-22,0.036727718852258784,-3.6068333290766616e-05,-0.0008313789215023126
2010-11-23,0.01673102267384219,-0.0005317106078410504,-0.014477093172595712
2010-11-24,0.011612532145885979,0.0002471832906395648,0.014773949892854965
2010-11-25,0.010762486663787207,0.0,0.0
2010-11-26,0.003974841136100027,-0.0001253499922940613,-0.011646935899658706
2010-11-29,0.0014790306728824643,1.2045831350994455e-05,0.003030518941145255
2010-11-30,1.1070440164351325e-05,-8.316603623111786e-06,-0.005623009566734449
2010-12-01,9.977636215030561e-05,2.3544271998128316e-07,0.02126769274626028
2010-12-02,0.07145323449560681,1.2780224028761667e-06,0.012808869509101983
2010-12-03,0.14167994812233253,0.00019239646355855383,0.00269262077380672
2010-12-06,0.1472599149981494,-0.00014988227043915496,-0.0010578933181831784
2010-12-07,0.12369401836412741,8.396857812942018e-05,0.0005702066182129428
2010-12-08,0.850586624930494,0.00045314455973729536,0.003663431471709
2010-12-09,0.9846274517178796,0.0033120136341226367,0.003893799334539594
2010-12-10,0.9963973192908963,0.005728126646838295,0.005817557327743028
2010-12-13,0.9983188681595615,0.0006402876351506261,0.0006426027276009716
2010-12-14,0.9973809900228857,0.0008816175098766135,0.0008831021209705359
2010-12-15,0.9996514200922427,-0.004559865433360138,-0.004571839125643962
2010-12-16,0.9999409116654646,0.005799839413116646,0.005801861825576626
2010-12-17,0.9999461215799277,0.0010710304684043914,0.0010710937575506563
2010-12-20,0.999991013651741,0.002413386945871321,0.0024135169823531477
2010-12-21,0.9999937496893498,0.00634020591270793,0.0063402628885183
2010-12-22,0.999994438221396,0.0031101426004658196,0.0031101620399447416
2010-12-23,0.9999795278782804,-0.0014306338235516366,-0.001430641780464481
2010-12-24,0.9999921651101409,0.0,0.0
2010-12-27,0.9999535636306263,0.000397621709309067,0.0003976248246557734
2010-12-28,0.9996842827198357,0.0014327717654086015,0.0014328383012172097
2010-12-29,0.9997623583264519,0.0007148901696126095,0.0007151159440734745
2010-12-30,0.9998600711687752,-0.001587827640105993,-0.0015882050638152956
2010-12-31,0.9998503646700686,0.00023860019237885595,0.00023863358409736968
2011-01-03,0.9997872093979187,0.010336297513428551,0.010337844420189146
2011-01-04,0.9998034343152453,-0.000550629549428842,-0.0005507467431599133
2011-01-05,0.9989648440856245,0.005196743665747396,0.005197765368056162
2011-01-06,0.9998681683581621,-0.0019572197981308995,-0.001959247925208407
2011-01-07,0.9999250407490056,-0.001961736435266648,-0.0019619950883004167
2011-01-10,0.9999737643217181,-0.0012583247245752337,-0.001258419054725013
2011-01-11,0.9999772265893309,0.0035434978849228837,0.0035435908534324767
2011-01-12,0.9999859819351476,0.009024585162514413,0.00902479068777895
2011-01-13,0.9999956156950716,-0.0016334900072520835,-0.0016335129059419362
2011-01-14,0.9999891358475057,0.007244898206758488,0.007244929970740666
2011-01-17,0.9999999449373717,0.0,0.0
2011-01-18,0.9999968064988111,0.0017012174958150898,0.0017012175894886017
2011-01-19,0.9999806885108624,-0.009805197540134276,-0.009805228853144277
2011-01-20,0.999892573575469,-0.001325555321301721,-0.0013255809202432633
2011-01-21,0.9999522327340776,0.002263809138751944,0.0022640523578016936
2011-01-24,0.9999788342588521,0.005686141475423961,0.005686413099830645
2011-01-25,0.9999819744924152,0.0005428421494622946,0.0005428536393619066
2011-01-26,0.999966072471039,0.0038706961780238074,0.0038707659505448078
2011-01-27,0.9999869652628921,0.002467648277695148,0.002467732001744105
2011-01-28,0.9998566044074756,-0.017462629800451268,-0.017462857424206946
2011-01-31,0.9998608001610262,0.007515070587016867,0.007516148369565823
2011-02-01,0.9998616222357283,0.0160063998100937,0.016008628208562525
2011-02-02,0.9998959203244493,-0.00191161050464113,-0.00191187506563828
2011-02-03,0.9999504593542837,0.0022221598580846563,0.002222391163835935
2011-02-04,0.9998363455034113,0.0028289815211809443,0.0028291216776956674
2011-02-07,0.9999779741419728,0.006251266702217327,0.006252289917576315
2011-02-08,0.9999309995885638,0.004546693935746296,0.004546794082787242
2011-02-09,0.9999801519826893,-0.0022631018622002526,-0.0022632580279353665
2011-02-10,0.9999910733184921,0.0003785492529025246,0.00037855676650377923
2011-02-11,0.999994799186383,0.005969841256966269,0.005969894548313537
2011-02-14,0.9999980662282928,0.002404171005488466,0.0024041835091987984
2011-02-15,0.9999962933384694,-0.003147743267311392,-0.0031477493543400348
2011-02-16,0.9999872524950596,0.006315279341948425,0.006315302750638185
2011-02-17,0.9999572198282279,0.0029881840715859746,0.0029882221639627726
2011-02-18,0.9995043449663503,0.0020854193907032938,0.002085508609119824
2011-02-21,0.993809612808622,0.0,0.0
2011-02-22,0.9091812396181986,-0.019945428130522094,-0.020069667140926506
2011-02-23,0.8960845431386844,-0.005585968190407839,-0.006143954524131634
2011-02-24,0.8951445580278959,-0.0006156257413939581,-0.0006870174763171644
2011-02-25,0.899023865470348,0.009571389495620189,0.01069256290481957
2011-02-28,0.8899853399380308,0.005571039019211278,0.006196764327603965
2011-03-01,0.8398212524671935,-0.014838625832906365,-0.016672887930872626
2011-03-02,0.7999133368559477,0.0017959939721350895,0.0021385431326712556
2011-03-03,0.7583533160740714,0.013777800362901958,0.017224116323720118
2011-03-04,0.7204094478969558,-0.005681507466130591,-0.007491900339466118
2011-03-07,0.6521303217692971,-0.005656059053442359,-0.007851172787855187
2011-03-08,0.5554529195063496,0.005705775300179534,0.008749440272458386
2011-03-09,0.3819246675721778,-0.0007959195395423673,-0.0014329198958027423
2011-03-10,0.1262158789954334,-0.007067679528387099,-0.018505428238806854
2011-03-11,0.10158600793547967,0.0008741865514635343,0.006926121803542351
2011-03-14,0.046184873802511905,-0.0006133644891457773,-0.006037883578763559
2011-03-15,0.0003832561169891946,-0.0005291498465099325,-0.011457211050799776
2011-03-16,1.1108713504626166e-08,-7.095128825103556e-06,-0.0185127608160357
2011-03-17,2.13143187177689e-06,1.4702243336056193e-10,0.013234874884417103
2011-03-18,0.0022692181850800797,7.752273980832081e-09,0.0036371202305280903
2011-03-21,0.1906204130041771,3.516801981315905e-05,0.015497857387352987
2011-03-22,0.6677571021212789,-0.0006611483145862994,-0.0034684024872604358
2011-03-23,0.9197660657175678,0.0019110034224695796,0.0028618241818751944
2011-03-24,0.9808980052813363,0.00879612646157387,0.009563438780176625
2011-03-25,0.9966028304024092,0.00299744101919814,0.003055813145769859
2011-03-28,0.998884662001904,-0.002429044211660807,-0.002437324215384784
2011-03-29,0.9998096783358276,0.006711144366008476,0.006718637918174064
2011-03-30,0.9999634515511112,0.00690000491829429,0.00690131838869501
2011-03-31,0.9999790026421738,-0.001355784774937671,-0.0013558343285793306
2011-04-01,0.9999689290371476,0.004223731025749511,0.004223819714803456
2011-04-04,0.9999826350012276,0.000825855066030067,0.0008258807269394541
2011-04-05,0.999968963090494,-0.00015025776857643388,-0.00015026037784771074
2011-04-06,0.9999588870941671,0.003152406702602879,0.003152504546601209
2011-04-07,0.999987090275723,-0.0025435481769344264,-0.0025436527538905684
2011-04-08,0.9999779098420131,-0.003450504333693194,-0.0034505488793278305
2011-04-11,0.9999912144425412,-0.0030105164393644775,-0.003010582943617335
2011-04-12,0.9999538350824363,-0.007473835893727927,-0.007473901556119489
2011-04-13,0.999988850877331,-7.596024441906861e-05,-7.596375127938426e-05
2011-04-14,0.9999854973338925,0.0007605199081170245,0.0007605283873413082
2011-04-15,0.9999820035537398,0.0036483297362130884,0.0036483826474884573
2011-04-18,0.9999858850532223,-0.011208155122262187,-0.011208356832853594
2011-04-19,0.9999975514509704,0.005743925532421263,0.005744006608768837
2011-04-20,0.9999791883142747,0.013632477116927685,0.013632510496798034
2011-04-21,1.0,0.005108376854032375,0.005108483170178646
2011-04-22,1.0,0.0,0.0
2011-04-25,0.9999951906743454,-0.0010466177322141501,-0.0010466177322141501
2011-04-26,0.9999973636878585,0.008605267758527243,0.008605309144261275
2011-04-27,0.9999941682522774,0.006528562221658641,0.006528579433031867
2011-04-28,0.999993449334157,0.0032435382071440647,0.0032435571227509286
2011-04-29,0.9999987153912466,0.002350663491421543,0.002350678889933455
2011-05-02,0.9999964974580734,-0.0015392847193092915,-0.0015392866966904561
2011-05-03,0.9999911191655464,-0.0035969498398411978,-0.0035969624383529464
2011-05-04,0.9999877049204389,-0.00663097902809773,-0.0066310379172477285
2011-05-05,0.9999699079540771,-0.00904796531411068,-0.009048076560931873
2011-05-06,0.9999680831150494,0.004415458064643526,0.004415590938808833
2011-05-09,0.9999862538343397,0.0038744586126819953,0.003874582277278771
2011-05-10,0.999982328329002,0.008536651259490182,0.008536768607325662
2011-05-11,0.9999897567077347,-0.01052506601717575,-0.010525252015966546
2011-05-12,0.9999938924790144,0.004760451967768692,0.004760500730969008
2011-05-13,0.9999863721441031,-0.0076987830952488555,-0.007698830116015354
2011-05-16,0.9999675007356588,-0.0063410545316235425,-0.006341140947778601
2011-05-17,0.9999808522462685,-0.00015033440541819697,-0.00015033929133456692
2011-05-18,0.9999912081674567,0.008935632295163714,0.008935803395726527
2011-05-19,0.9999973136831828,0.002381646049817073,0.0023816669890344144
2011-05-20,0.9999841717465342,-0.007944575631483822,-0.007944596973188278
2011-05-23,0.9999661640075613,-0.011600961621222197,-0.011601145247089661
2011-05-24,0.9999779891658126,-0.000832820217061383,-0.0008328483973134571
2011-05-25,0.9999874523992065,0.0033340970598947474,0.003334170447767626
2011-05-26,0.9999767151594056,0.004608150807724547,0.004608208629686805
2011-05-27,0.9999955200044885,0.003834510254219536,0.003834599542258621
2011-05-30,0.9999961457826,0.0,0.0
2011-05-31,0.9999884151658586,0.010410931323630227,0.01041097144977754
2011-06-01,0.9999582786824119,-0.022460825418322075,-0.02246108562627369
2011-06-02,0.9999593741698739,-0.0010616570829551646,-0.0010617013785355622
2011-06-03,0.9999297706961279,-0.009944284394689171,-0.009944688405911006
2011-06-06,0.9999487142109482,-0.010580550052213311,-0.010581293169066641
2011-06-07,0.9999172303886472,-0.0006197397601920866,-0.0006197715456648378
2011-06-08,0.9996036137686553,-0.004186863915250424,-0.0041872104890352535
2011-06-09,0.9990254443001161,0.00762807705789536,0.0076311019216270815
2011-06-10,0.9931832110623502,-0.013896813803658382,-0.013910370234257674
2011-06-13,0.9696776550313146,0.0007781939707415434,0.0007835351645837374
2011-06-14,0.8989958587471889,0.012301374631195301,0.012686045272228164
2011-06-15,0.7891000758361381,-0.01598892619990669,-0.01778531685583995
2011-06-16,0.7737689407909694,0.0017394941446730815,0.0022044024553284913
2011-06-17,0.822750668613367,0.0023091056564845825,0.0029842315124772867
2011-06-20,0.9286365073818696,0.0042090919939919025,0.005115877937948987
2011-06-21,0.9727327228109758,0.01272642027892563,0.01370441521280008
2011-06-22,0.9816602721681588,-0.005861523405419885,-0.006025831421072603
2011-06-23,0.9823853214032228,-0.0028227078723082216,-0.002875442708987097
2011-06-24,0.9839478520053664,-0.011408833159621047,-0.011613399458498486
2011-06-27,0.986286679075861,0.008768107595192209,0.008911150705113169
2011-06-28,0.9884017894184157,0.01287396909224951,0.013052968640225648
2011-06-29,0.9953251670778189,0.00846458973271638,0.008563915831938163
2011-06-30,0.9990848915561371,0.009517484155420933,0.009562185776295973
2011-07-01,0.9999110384685989,0.014763139337388287,0.014776661585176987
2011-07-04,0.9999921652715547,0.0,0.0
2011-07-05,0.9999934989633049,-0.0008213658765190437,-0.0008213723117480587
2011-07-06,0.9999587182908652,0.0011958188723404366,0.0011958266464533462
2011-07-07,0.9994761458394954,0.010374419025264335,0.01037484731669358
2011-07-08,0.9990511500968138,-0.0070884293427251515,-0.0070921445921766635
2011-07-11,0.9973763475824714,-0.018063332392292464,-0.01808048806163931
2011-07-12,0.9979389771159156,-0.004307572028034552,-0.004318903329195267
2011-07-13,0.9975854956629321,0.003341974559956946,0.003348876671412704
2011-07-14,0.9965990536857423,-0.006885464808265558,-0.0069021300311608025
2011-07-15,0.9975278747915822,0.005784433858695288,0.005804173541307911
2011-07-18,0.9970273777952614,-0.008180711906840315,-0.008200985770497438
2011-07-19,0.9967447588399876,0.016182951833159927,0.016231201061845946
2011-07-20,0.9936199562639059,-0.0006003701217530978,-0.0006023308539407912
2011-07-21,0.9900513325226571,0.013782499353189644,0.01387099692020377
2011-07-22,0.9816221293757446,0.0006624931461125127,0.0006691502999389698
2011-07-25,0.8943373946807569,-0.005470570224655956,-0.005572989912253634
2011-07-26,0.6141384032854185,-0.0033412224862271103,-0.003735975378084011
2011-07-27,0.06887070829322028,-0.012574709020812282,-0.020475366714639787
2011-07-28,0.0037653351638643473,-0.00020039997640497784,-0.0029097998462824792
2011-07-29,8.089825562995756e-06,-2.573401487625721e-05,-0.0068344553024720645
2011-08-01,5.394615848142159e-06,-3.4404168733131476e-08,-0.004252770157431085
2011-08-02,4.184193438394601e-07,-1.3781941498262653e-07,-0.02554758649405775
2011-08-03,1.6646585004775893e-05,2.26732461892471e-09,0.005418785370005841
2011-08-04,0.0,-7.797509119664254e-07,-0.046841494020708474
2011-08-05,2.364708429070106e-11,-0.0,-0.0014967400775368622
2011-08-08,0.0,-1.5399766231075646e-12,-0.06512331939854177
2011-08-09,0.0,0.0,0.046499203903169306
2011-08-10,0.0,-0.0,-0.044177557653290234
2011-08-11,0.0,0.0,0.04488335711279401
2011-08-12,0.0,0.0,0.00673349835631476
2011-08-15,0.0,0.0,0.021164890148028137
2011-08-16,3.637978807091713e-12,-0.0,-0.008539313179914632
2011-08-17,3.8199221563672836e-11,2.4332383058357496e-15,0.0006688434526040954
2011-08-18,0.0,-1.647095575950204e-12,-0.04311856390069946
2011-08-19,0.0,-0.0,-0.016330187259747442
2011-08-22,0.0,0.0,0.0007988645954417617
2011-08-23,0.0,0.0,0.032910205096505774
2011-08-24,0.0,0.0,0.014085155409728989
2011-08-25,0.0,-0.0,-0.01524447982415389
2011-08-26,0.0,0.0,0.014534068301907066
2011-08-29,0.0,0.0,0.02873645371334055
2011-08-30,3.637978807091713e-12,0.0,0.0026365983692848705
2011-08-31,2.1828094887155203e-11,1.614409986128964e-14,0.004437656379366217
2011-09-01,2.364708429070106e-11,-2.286003005615985e-13,-0.010472755489812302
2011-09-02,0.0,-6.04184768100409e-13,-0.025550074616936924
2011-09-05,0.0,0.0,0.0
2011-09-06,0.0,-0.0,-0.007297508228823246
2011-09-07,0.0,0.0,0.028207510185539464
2011-09-08,0.0,-0.0,-0.010391215161914436
2011-09-09,0.0,-0.0,-0.026209574218122866
2011-09-12,0.0,0.0,0.0064698339664275295
2011-09-13,0.0,0.0,0.009170916565983456
2011-09-14,0.0,0.0,0.013844139136312217
2011-09-15,9.095058040031745e-12,0.0,0.017257554708989042
2011-09-16,1.5279677523238888e-10,5.3829136408210774e-14,0.005918503892034854
2011-09-19,1.8189894035458565e-12,-1.5214564669536626e-12,-0.009957385976501643
2011-09-20,3.637978807091713e-12,-2.1163658550012622e-15,-0.001163484433100992
2011-09-21,0.0,-1.0716830074762594e-13,-0.029458198200252528
2011-09-22,0.0,-0.0,-0.03232473037018091
2011-09-23,0.0,0.0,0.006025537462902131
2011-09-26,0.0,0.0,0.02378008115111019
2011-09-27,0.0,0.0,0.011183806897077986
2011-09-28,0.0,-0.0,-0.020418779322879943
2011-09-29,0.0,0.0,0.007903637652589834
2011-09-30,0.0,-0.0,-0.02498929790884541
2011-10-03,0.0,-0.0,-0.028457667443637757
2011-10-04,0.0,0.0,0.021922847930333278
2011-10-05,0.0,0.0,0.018515286678134624
2011-10-06,0.0,0.0,0.01809117719675868
2011-10-07,0.0,-0.0,-0.006695697432661629
2011-10-10,3.637978807091713e-12,0.0,0.033445618063078664
2011-10-11,0.0,3.651616667220423e-15,0.0010037487464473749
2011-10-12,0.0,0.0,0.008771627162366347
2011-10-13,3.037745610612319e-10,-0.0,-0.001987882828870191
2011-10-14,7.403367918712433e-10,5.192747926685832e-12,0.01709408420687053
2011-10-17,1.8189894035458565e-12,-1.413395693893843e-11,-0.019091252919112733
2011-10-18,5.457023721788801e-11,3.555463003246469e-14,0.019546364570984354
2011-10-19,0.0,-6.455246004714005e-13,-0.011829243070612838
2011-10-20,0.0,0.0,0.004375539974752485
2011-10-21,1.8189894035458565e-12,0.0,0.01898709819754263
2011-10-24,2.96498492424746e-10,2.230303060200572e-14,0.012261220740774625
2011-10-25,1.6371126676517633e-11,-5.765013500513163e-12,-0.01944365198408682
2011-10-26,3.0195557165768605e-10,1.6630318715271095e-13,0.010158322663964992
2011-10-27,2.5466184716549378e-11,1.0518713231247927e-11,0.03483530101299981
2011-10-28,6.12179336756391e-06,-5.948121311715989e-15,-0.0002335693932138394
2011-10-31,8.36744007415291e-11,-1.475693662670592e-07,-0.02410557779505429
2011-11-01,0.0,-2.3335306704205767e-12,-0.027888226861986998
2011-11-02,1.8189894035458565e-12,0.0,0.01631117630353307
2011-11-03,6.18463058543739e-11,3.315515995099353e-14,0.01822724194344527
2011-11-04,9.458848149179744e-10,-3.77199655597623e-13,-0.006098984416074815
2011-11-07,1.8990456984724347e-09,5.879829284582174e-12,0.006216221247924425
2011-11-08,2.6277407916275308e-08,2.4365613881737555e-11,0.012830451579620705
2011-11-09,0.0,-9.698805458106924e-10,-0.036909292914313
2011-11-10,3.637978807091713e-12,0.0,0.009418700719672213
2011-11-11,1.1841750913177407e-09,6.847530291096312e-14,0.018822347941521933
2011-11-14,7.821743253089153e-11,-1.1219338604082613e-11,-0.009474391655711845
2011-11-15,1.4188272778881128e-10,3.8655649415093275e-13,0.004942075975176818
2011-11-16,1.8189894035458565e-12,-2.2506644227172777e-12,-0.015862849959209502
2011-11-17,0.0,-2.887958418548763e-14,-0.015876719308639764
2011-11-18,1.819011608006349e-11,-0.0,-0.001064803861288266
2011-11-21,1.8189894035458565e-12,-3.4596775560482937e-13,-0.019019546333957305
2011-11-22,3.092315292718695e-11,-7.144765320391883e-15,-0.003927876273750797
2011-11-23,0.0,-6.823423619575011e-13,-0.022065743540581884
2011-11-24,0.0,0.0,0.0
2011-11-25,0.0,-0.0,-0.0018876735307443715
2011-11-28,5.457079232940032e-12,0.0,0.028966985505831877
2011-11-29,3.401546821990564e-10,1.549946619227315e-14,0.002840249432098263
2011-11-30,5.69349900558791e-10,1.3997109277298316e-11,0.041149247709332704
2011-12-01,2.166440049578e-08,-9.078802679214705e-14,-0.00015945910713788258
2011-12-02,8.995546252332787e-08,-1.9078438986743116e-11,-0.0008806354457147059
2011-12-05,2.4722154989831324e-08,9.798309408344085e-10,0.010892400676393743
2011-12-06,1.1925424758807424e-08,7.834539848535563e-12,0.00031690359726965767
2011-12-07,1.5005007569790507e-08,4.4394908198405827e-11,0.003722710854858091
2011-12-08,4.1837211472994795e-10,-3.2915808975036925e-10,-0.02193654939655354
2011-12-09,2.9730429140784054e-07,7.0882490466179255e-12,0.016942450983362667
2011-12-12,1.3391828478370726e-06,-4.339886713436314e-09,-0.014597457348783704
2011-12-13,1.9675385597439643e-06,-1.2506735984563643e-08,-0.009339080174722514
2011-12-14,9.08278221078973e-07,-2.0947211782889432e-08,-0.010646404706607271
2011-12-15,2.7843318183284893e-06,3.2827192631224732e-09,0.003614222147948043
2011-12-16,8.792282822689401e-06,4.128666519369801e-09,0.001482821297444481
2011-12-19,3.93120423070048e-06,-9.4002866880637e-08,-0.010691519913128
2011-12-20,5.004032927913293e-06,1.1895775450357363e-07,0.03025987649651496
2011-12-21,0.00023892904210032206,9.69121945634764e-09,0.001936681791658179
2011-12-22,0.0005204271034017216,2.1166876558303902e-06,0.008859063917987964
2011-12-23,0.0005110023095060701,4.652819437467641e-06,0.008940386476905093
2011-12-26,0.0007946684190699438,0.0,0.0
2011-12-27,0.00038764818612069263,6.287770736771276e-07,0.0007912445726898643
2011-12-28,5.612690333067771e-05,-5.087121265767365e-06,-0.013123036422988732
2011-12-29,5.127386344205842e-05,5.800010165076924e-07,0.010333743393797334
2011-12-30,3.149285598058604e-05,-2.5206548814881797e-07,-0.004916061931507509
2012-01-02,2.5793966701104232e-05,0.0,0.0
2012-01-03,1.1823564349811022e-10,4.110592222760382e-07,0.015936254669137062
2012-01-04,0.0026681675996429455,1.8545949768987869e-13,0.0015685582807594134
2012-01-05,0.016750167312013176,7.104148519525106e-06,0.0026625570749287952
2012-01-06,0.03580400523115479,-4.317157789108993e-05,-0.0025773818903962464
2012-01-09,0.047953064343707386,8.691441596381748e-05,0.0024275053978650707
2012-01-10,0.05962655682751805,0.0004157710266602287,0.008670374507876222
2012-01-11,0.07511264175550247,3.233371133924187e-05,0.0005422703080570912
2012-01-12,0.09260646810822748,0.00018023351793207304,0.002399509772519348
2012-01-13,0.1056764629827206,-0.0004791039579620688,-0.005173547461092554
2012-01-16,0.1276796754231474,0.0,0.0
2012-01-17,0.15266953044469977,0.0004955042894646979,0.003880839200307573
2012-01-18,0.2215880725886692,0.0016879441733771432,0.01105619548616188
2012-01-19,0.311319387468456,0.0011691758746928149,0.005276348410968579
2012-01-20,0.8091360997434586,0.0011603952389192412,0.0037273465310181386
2012-01-23,0.9581063381284654,-0.0020847400736521476,-0.0025765011279476058
2012-01-24,0.9918561504973856,-0.0010921846417881506,-0.0011399409421730677
2012-01-25,0.9987072978997302,0.008299053645052727,0.008367194820429358
2012-01-26,0.9996913334021922,-0.005122882237066341,-0.005129513169513933
2012-01-27,0.9998622495708733,-0.00045454615521705623,-0.0004546865017526214
2012-01-30,0.9997311686692365,-0.003413756065531684,-0.0034142263766802072
2012-01-31,0.9997461324080614,-0.00038029906034832737,-0.0003804013241425208
2012-02-01,0.9998693670090407,0.00875518491445519,0.008757408136570444
2012-02-02,0.9999525876350066,0.001585068773812337,0.0015852758631398345
2012-02-03,0.9999286145074234,0.014017968287743873,0.014018632944285736
2012-02-06,0.9999663216869695,-0.0006690070700183612,-0.0006690548308270206
2012-02-07,0.9999347858331186,0.0025286537342683072,0.002528738897928484
2012-02-08,0.9999056890521871,0.0029676185466717777,0.002967812090064692
2012-02-09,0.9998262297103385,0.0012575109057639774,0.0012576295139954397
2012-02-10,0.9993205619585345,-0.007386746801692868,-0.007388030621914066
2012-02-13,0.9994219673562994,0.0074379628098619355,0.007443019880712276
2012-02-14,0.9995890681982842,-0.0012553238307835488,-0.001256049868609721
2012-02-15,0.9994242674839101,-0.004658371010027587,-0.004660286069778752
2012-02-16,0.9997908033778218,0.011066694247649037,0.011073069373740418
2012-02-17,0.9999450415600597,0.0026457472727420685,0.0026463008699453283
2012-02-20,0.9999709622012332,0.0,0.0
2012-02-21,0.9999419974062749,0.0004396459265875357,0.00043965869330819807
2012-02-22,0.9999666011179942,-0.003224067058102852,-0.0032242540732019265
2012-02-23,0.9999744241142129,0.004410954933404662,0.004411102259288535
2012-02-24,0.9999239832206831,0.002195629566123498,0.002195685722730767
2012-02-27,0.999956774066653,0.0016795814886055342,0.0016797091746871828
2012-02-28,0.9999637691123554,0.0029165471070751073,0.0029166731829957104
2012-02-29,0.9999402802237582,-0.00392591196499643,-0.003926054209425378
2012-03-01,0.9998171387524972,0.005181552158965318,0.005181861618581696
2012-03-02,0.9984108477168463,-0.0030489086537429447,-0.0030494662829516628
2012-03-05,0.9847668140873364,-0.004072243138935674,-0.004078724853849525
2012-03-06,0.8905329184745772,-0.014402091017224585,-0.014624874448650238
2012-03-07,0.9519356637330018,0.006212262395247696,0.00697589304827595
2012-03-08,0.9896475626287626,0.009470703017030385,0.009948889801954852
2012-03-09,0.9991155735207768,0.0038271577344847667,0.003867192603717262
2012-03-12,0.9999422267481719,7.327014756322165e-05,7.333500698525341e-05
2012-03-13,0.9999740313878868,0.01802466298092658,0.018025704384485364
2012-03-14,0.9999415357230409,-0.0010707896473526877,-0.0010708174549958205
2012-03-15,0.9999907919091419,0.0057890584233816446,0.005789396896285215
2012-03-16,0.9999996214576313,0.0013846437551906538,0.0013846565052335613
2012-03-19,0.9999895994378891,0.003920304260921258,0.0039203057449230805
2012-03-20,0.9999972287863479,-0.002911200347431569,-0.002911230625866512
2012-03-21,0.9999949603434505,-0.001637313907363919,-0.001637318444723146
2012-03-22,0.9999956884864558,-0.007203696607999692,-0.0072037329123394445
2012-03-23,0.9999994551523401,0.0032327540437985746,0.003232767981921514
2012-03-26,0.9999997452417326,0.01403513765346626,0.014035145300482332
2012-03-27,0.9999978547817719,-0.003107437743939048,-0.0031074385355847056
2012-03-28,0.9999972015057284,-0.00495852717482239,-0.004958537811968089
2012-03-29,0.9999807456106546,-0.0017083328887215596,-0.0017083376694947416
2012-03-30,0.999985130771458,0.004135891034784914,0.0041359706703745225
2012-04-02,0.9999929123345853,0.007314977732233247,0.007315086501926249
2012-04-03,0.9999688164565353,-0.0040895443659733485,-0.0040895733515009525
2012-04-04,0.9999809671786958,-0.009909965460372875,-0.009910274497848426
2012-04-05,0.9999715395296258,-0.0005007045855268141,-0.0005007141155290995
2012-04-06,0.9997900583695031,0.0,0.0
2012-04-09,0.9971916944892811,-0.011228856437927943,-0.011231214337378392
2012-04-10,0.9982649628099493,-0.016737470068378592,-0.016784606370945365
2012-04-11,0.9991685727480047,0.008080061747568142,0.008094105321320821
2012-04-12,0.999842554185063,0.013054470197881201,0.013065333071853535
2012-04-13,0.9998503778300747,-0.011886372802375917,-0.011888244556728322
2012-04-16,0.9998278367643197,-0.000656394930135422,-0.0006564931560659737
2012-04-17,0.9998678337489815,0.014809629772615822,0.014812179885432375
2012-04-18,0.9999367362406703,-0.0033786443343375564,-0.003379090936118434
2012-04-19,0.9999599815787983,-0.006420253499413039,-0.006420659694482689
2012-04-20,0.9999620322832696,0.0016695883145275532,0.0016696551314898667
2012-04-23,0.9999192890440144,-0.008408197934383757,-0.00840851718658242
2012-04-24,0.9999118990163548,0.0038008688602417296,0.0038011756567628563
2012-04-25,0.9999345859572664,0.013690595979815055,0.013691802241060369
2012-04-26,0.9999912565119977,0.006968318062176804,0.006968773917851667
2012-04-27,0.9999878841300223,0.001640713956495755,0.0016407283021839802
2012-04-30,0.9999866384493532,-0.003703590138340475,-0.0037036350111007144
2012-05-01,0.9999656316166554,0.0062198054200600416,0.006219888527415618
2012-05-02,0.9999845037897811,-0.0029839432438556793,-0.002984045800685675
2012-05-03,0.9999323212073419,-0.0076251796055015805,-0.007625297768718786
2012-05-04,0.9996114169823782,-0.016157009203697205,-0.01615810276458396
2012-05-07,0.9984227978680875,0.0007299142288169333,0.000730197971348101
2012-05-08,0.9927633911493909,-0.004005479516543103,-0.004011806947012753
2012-05-09,0.9701285869191095,-0.005889180560638006,-0.005932108912496958
2012-05-10,0.9211667507888084,0.002000888672809718,0.002062498414941105
2012-05-11,0.7503442506339998,-0.002776296497944503,-0.003013891345478026
2012-05-14,0.3070234913129589,-0.008299553416198082,-0.01106099421590212
2012-05-15,0.11613475188115774,-0.001762964261561208,-0.005742115217379773
2012-05-16,0.02959275907990666,-0.0004441816190483929,-0.003824708899390683
2012-05-17,3.1463807316667314e-05,-0.00043887994055627705,-0.014830652977345204
2012-05-18,4.173104201088407e-06,-2.6929374968641596e-07,-0.008558841813900986
2012-05-21,3.9520088153777166e-05,7.172839954318907e-08,0.017188259886844248
2012-05-22,2.9647025435730612e-05,6.88686896330022e-08,0.0017426248991405657
2012-05-23,6.956501218069455e-05,1.570264080999678e-08,0.0005296531634864099
2012-05-24,0.00023800390363426516,1.367479269682048e-07,0.001965757248960198
2012-05-25,0.00037664333962805774,-7.721970909567123e-07,-0.0032444723769881056
2012-05-28,0.0004072272299564528,0.0,0.0
2012-05-29,0.0003632997022190443,4.932167237327454e-06,0.012111585067272834
2012-05-30,1.2815314923697585e-05,-5.27150643654918e-06,-0.01451007640345059
2012-05-31,2.8076408087329696e-08,-2.820599867958667e-08,-0.00220096024541927
2012-06-01,2.2761263096526818e-08,-7.068718757741705e-10,-0.02517672038301677
2012-06-04,7.89493377117978e-07,-1.0655130112577658e-11,-0.00046812560741427145
2012-06-05,4.342440512061785e-06,5.978409601415651e-09,0.007572463271623198
2012-06-06,2.8219506440496644e-06,9.75672725035555e-08,0.022468303764334285
2012-06-07,7.348852556532393e-05,1.7103794057305616e-09,0.0006060982708315787
2012-06-08,0.0003190778425843366,5.843463667758041e-07,0.007951532055931354
2012-06-11,0.00017179112653753492,-4.051358345878942e-06,-0.012697084551736348
2012-06-12,0.0015131090865735386,1.974005446131571e-06,0.011490729969107383
2012-06-13,0.004857797384631324,-9.676105670150456e-06,-0.006394850018422771
2012-06-14,0.09272806020228175,5.149417396244874e-05,0.01060031324595001
2012-06-15,0.3716182820423598,0.0009483401477958177,0.010227110819821528
2012-06-18,0.6585576114996043,0.0007203775194790576,0.0019384878362818103
2012-06-19,0.7108861127299411,0.006369967028391555,0.009672604062515466
2012-06-20,0.8686953504257566,-0.0011522961436018714,-0.0016209293204179076
2012-06-21,0.9500934379469472,-0.019492505129399224,-0.022438827512827997
2012-06-22,0.9870586127742781,0.007317120535859993,0.007701474658820429
2012-06-25,0.9915245204029481,-0.015827201755963027,-0.01603471318838734
2012-06-26,0.9958413692307743,0.0049836351807760046,0.0050262349323955124
2012-06-27,0.9977587738457765,0.008978420444128003,0.009015914302760164
2012-06-28,0.9987681576544586,-0.0028471856547653447,-0.0028535811755291407
2012-06-29,0.9989840672060764,0.02489606456855551,0.024926770419896327
2012-07-02,0.9996258263469003,0.0030092148750752745,0.0030122751441785667
2012-07-03,0.999940690226267,0.006590819754547138,0.006593286788750818
2012-07-04,0.9999874641280411,0.0,0.0
2012-07-05,0.9999826858176469,-0.004512099682314814,-0.004512156246127774
2012-07-06,0.9999833499231651,-0.00950336851524684,-0.00950353306115126
2012-07-09,0.9999721210140942,-0.001254508701340848,-0.0012545295893549024
2012-07-10,0.9999420179114971,-0.00872029737258219,-0.008720540492407669
2012-07-11,0.9999652300889219,0.0001492003779590313,0.00014920902941018
2012-07-12,0.9999637130623545,-0.004844821930838221,-0.0048449903907232805
2012-07-13,0.9999895708914512,0.01677752255093048,0.0167781313779376
2012-07-16,0.9999892048480993,-0.002357718424000572,-0.0023577430131583865
2012-07-17,0.9999931078613609,0.006866792573066907,0.006866866701936036
2012-07-18,0.9999947814594976,0.007407102855920063,0.007407153907051711
2012-07-19,0.9999902052335519,0.002620761596277147,0.0026207752728990563
2012-07-20,0.9999860273145103,-0.00914850618193161,-0.009148595790290703
2012-07-23,0.9998600125647095,-0.010111826937052917,-0.010111968228404655
2012-07-24,0.9997689007667004,-0.008585670175504934,-0.00858687222972554
2012-07-25,0.999880958273321,0.00022429371068747732,0.00022434555677364187
2012-07-26,0.9999511001008702,0.0164952875986476,0.01649725145994685
2012-07-27,0.9999383751491698,0.01843159577450913,0.018432497121759095
2012-07-30,0.9999569660324595,0.0,0.0
2012-07-31,0.9998977504879412,-0.00699393834873821,-0.006994239338606878
2012-08-01,0.9998840285653493,-0.0008711109126171417,-0.0008711999923912694
2012-08-02,0.9999664182964813,-0.006903799643975845,-0.006904600380387649
2012-08-03,0.9999336996829598,0.01983250694151731,0.019833172973251934
2012-08-06,0.9999912925945385,0.001937314987642489,0.0019374434407568586
2012-08-07,0.9999667816073787,0.00501389344129073,0.005013937099674015
2012-08-08,0.9999969401753047,0.0012112372901580024,0.0012112775268504627
2012-08-09,0.9999979074409865,0.0008537508609793271,0.0008537534733152885
2012-08-10,0.9999850012254337,0.0016358067722053642,0.0016358101952347326
2012-08-13,0.9999985493712215,-0.0004967262722222551,-0.0004967337226193802
2012-08-14,0.9999987888432503,0.00014176779779825815,0.00014176800345100382
2012-08-15,0.9999967351965796,0.0011365315592304645,0.001136532935750001
2012-08-16,1.0,0.007378743684464773,0.007378767774691042
2012-08-17,1.0,0.001337854708295394,0.001337854708295394
2012-08-20,0.9999990504115718,7.069283274985239e-05,7.069283274985239e-05
2012-08-21,0.9999963170050743,-0.0030242219723170156,-0.003024224844085932
2012-08-22,0.9999941350851221,0.0004231535318661345,0.00042315509034418497
2012-08-23,0.9999958416278831,-0.008179473950556687,-0.008179521922756505
2012-08-24,0.9999969287853284,0.006042829610192436,0.006042854738631087
2012-08-27,0.9999939458160445,0.0002121221458231174,0.00021212279729776462
2012-08-28,0.9999921782499656,-0.0009889593176108274,-0.0009889653049887093
2012-08-29,0.9999778687213794,0.0007776504869605303,0.0007776565695958304
2012-08-30,0.9999672651559228,-0.007207490672916582,-0.0072076501874310805
2012-08-31,0.9998827226153164,0.0047687921509883425,0.004768948261766104
2012-09-03,0.9999713389631608,0.0,0.0
2012-09-04,0.9999638112508672,-0.0009208785326310033,-0.0009209049267210334
2012-09-05,0.9999661462936378,-0.0008510728413732738,-0.0008511036417494511
2012-09-06,0.9999535412250953,0.02029606485960726,0.020296751979888894
2012-09-07,0.9999927602267192,0.003894591106992089,0.00389477205333022
2012-09-10,0.9999833014824117,-0.005681112873465742,-0.005681154003732702
2012-09-11,0.9999817690874617,0.002787331178846953,0.0027873777239229014
2012-09-12,0.9999013714549676,0.003335414106759325,0.0033354749155107832
2012-09-13,0.9999830118038802,0.015234932786673233,0.015236435534141446
2012-09-14,0.9997662407828084,0.004434086847368625,0.0044341621757852945
2012-09-17,0.9999851198987382,-0.003395047551875112,-0.003395841361093388
2012-09-18,0.9999992204348281,-0.0008179730840660457,-0.0008179852557694822
2012-09-19,0.9999995262805831,0.0005457033402221373,0.0005457037656337871
2012-09-20,0.9999982822605371,6.858080447862882e-05,6.858083696670292e-05
2012-09-21,0.9999883496354731,-0.000418267408124174,-0.00041826812659984114
2012-09-24,0.9998648973349165,-0.0015080978453247264,-0.0015081154154190646
2012-09-25,0.9987596425698863,-0.01064035483909233,-0.010641792573630293
2012-09-26,0.9820978105573822,-0.005614591040415941,-0.005621563788830275
2012-09-27,0.9982356426994519,0.00925268006987462,0.009421342732271576
2012-09-28,0.9999022607553071,-0.004623305195168834,-0.004631476775029175
2012-10-01,0.9999876846227952,0.002638783397868655,0.002639041335775527
2012-10-02,0.9999957755424015,0.0010390935140922202,0.0010391063110783971
2012-10-03,0.9999931680038279,0.004083305726383507,0.004083322976208281
2012-10-04,0.9999969761937108,0.0071679542336077874,0.007168003205378248
2012-10-05,0.9999940228052914,6.81523446876411e-05,6.815255076775273e-05
2012-10-08,0.999998076870418,-0.0034211101038711623,-0.003421130552634599
2012-10-09,0.9999932107953192,-0.009887585608422246,-0.009887604623567192
2012-10-10,0.9999858463275961,-0.006379945365562279,-0.006379988680611293
2012-10-11,0.9999937455503325,0.0005582129587230483,0.0005582208595982241
2012-10-12,0.9999944259976643,-0.0032784378232928696,-0.0032784583282454705
2012-10-15,0.9999867772889216,0.008327976836531614,0.008328023256952699
2012-10-16,0.9999912552176994,0.010133310830399173,0.010133444822012283
2012-10-17,0.9999647581733588,0.004534763872114782,0.00453480352798441
2012-10-18,0.9999955965463255,-0.0025993572264640975,-0.002599448835789331
2012-10-19,0.9999763107456588,-0.016664112650164768,-0.016664186030135975
2012-10-22,0.9999664743442911,0.0001393775684798492,0.00013938087030873625
2012-10-23,0.9997568734406141,-0.013875587762457611,-0.013876052966231955
2012-10-24,0.9999175139993886,-0.0028276719096338248,-0.0028283595589621013
2012-10-25,0.999927565336399,0.0029067642106128137,0.002907003997746349
2012-10-26,0.9999407818937693,-0.0005653454828672207,-0.000565386436443549
2012-10-29,0.9999484633272215,0.0,0.0
2012-10-30,0.999871287738109,0.0,0.0
2012-10-31,0.9990891253365709,0.0,0.0
2012-11-01,0.9998710035240961,0.010460671648365472,0.010470208696187644
2012-11-02,0.9999560936493052,-0.008890152666076229,-0.008891299612392434
2012-11-05,0.9999480230020461,0.0020482516627567575,0.0020483415979613007
2012-11-06,0.999879053315455,0.007824826394483111,0.007825233126609321
2012-11-07,0.9997448901203774,-0.022660940107380213,-0.02266368120448148
2012-11-08,0.9999081099737588,-0.012021021049564373,-0.012024088513337583
2012-11-09,0.999897222525963,0.0008692463048586029,0.0008693261872647629
2012-11-12,0.999984762735014,0.0007961956610835988,0.0007962775004737299
2012-11-13,0.9999886544092067,-0.0034713276881870206,-0.0034713805825328237
2012-11-14,0.9999731158627938,-0.01349867258167669,-0.013498825733829656
2012-11-15,0.9999370215392416,-0.00169190254609654,-0.001691948032659596
2012-11-16,0.9999760114084142,0.004936571923470965,0.004936882840753221
2012-11-19,0.9998734706040132,0.020238875420480536,0.020239360934243944
2012-11-20,0.9999761039237091,0.00043082171742408576,0.0004308762359339635
2012-11-21,0.9999797909189585,0.0018677606505082087,0.0018678052837257653
2012-11-22,0.9999971657366398,0.0,0.0
2012-11-23,0.9999979466712982,0.013625436588705136,0.01362547520689028
2012-11-26,0.9999960763645386,-0.002122384140518679,-0.002122388498479899
2012-11-27,0.9999930594906564,-0.005104696759094584,-0.005104716788142394
2012-11-28,0.999996023696838,0.008052838865937698,0.008052894757129003
2012-11-29,0.9999733214905124,0.004665303738326254,0.004665322289062024
2012-11-30,0.9999738349180689,0.00021110368866262378,0.00021110932074464017
2012-12-03,0.9999776732862254,-0.004924489322727012,-0.004924618175765061
2012-12-04,0.9999822805508672,-0.001413712191860724,-0.0014137437561129174
2012-12-05,0.9999667825913321,0.0017700942914756572,0.0017701256571271973
2012-12-06,0.9999858942519361,0.003391958496777511,0.0033920711725918817
2012-12-07,0.9999867037830131,0.0030285466520267867,0.003028589372545465
2012-12-10,0.9999937229887893,0.00042114994804574564,0.0004211555478212947
2012-12-11,0.9999844667154801,0.006808425299947287,0.006808468036777482
2012-12-12,0.9999858866937565,0.0004879581742833423,0.00048796575399423503
2012-12-13,0.9999898227956594,-0.0061315114635791665,-0.006131598000699512
2012-12-14,0.9999883946608916,-0.003716178441240032,-0.0037162162619323036
2012-12-17,0.9999843510407189,0.011752071250776949,0.011752207639131873
2012-12-18,0.9999073911233212,0.011128677660365408,0.011128851815314311
2012-12-19,0.9999773193241887,-0.0074288746016825,-0.007429562645133281
2012-12-20,0.9999774163812638,0.0057524122117010665,0.005752542683256756
2012-12-21,0.9999525365913373,-0.009076767131570265,-0.009076972122447957
2012-12-24,0.9999666241397387,-0.0030812553064144452,-0.0030814015602359524
2012-12-25,0.9999516010426984,0.0,0.0
2012-12-26,0.9997671840752622,-0.004215025460116104,-0.004215229472827375
2012-12-27,0.9993855804708907,-0.0013396642368408932,-0.0013399762046401031
2012-12-28,0.9982860738001448,-0.01080153888052953,-0.010808179637172732
2012-12-31,0.9997250816645873,0.016967225356554396,0.01699635585615833
2013-01-01,0.9998893953986971,0.0,0.0
2013-01-02,0.999691241546774,0.025627171282116064,0.02563000607871979
2013-01-03,0.9999445079145938,-0.0022588269333882124,-0.0022595245807027764
2013-01-04,0.999997841012187,0.004391810376238795,0.004392054100480047
2013-01-07,0.9999998003085016,-0.0027327051462608483,-0.002732711046150693
2013-01-08,1.0,-0.0028774646249236906,-0.002877465199529028
2013-01-09,0.9999968509912984,0.0025416465703702595,0.0025416465703702595
2013-01-10,0.9999969746559428,0.007949621840022658,0.007949646873529836
2013-01-11,0.9999997693867769,-6.743077159923356e-05,-6.743097560113487e-05
2013-01-14,0.9999993405118821,-0.0006798932546853723,-0.0006798934114777833
2013-01-15,0.9999988581807409,0.0006803555323399847,0.0006803559810266702
2013-01-16,0.9999993961654117,-0.00013636945715333527,-0.0001363696128627856
2013-01-17,0.9999882876481542,0.0064604183315946,0.006460422232620999
2013-01-18,0.999998794866644,0.002229686176963983,0.0022297122921388635
2013-01-21,0.9999993980024648,0.0,0.0
2013-01-22,0.999999158978674,0.005393717989107035,0.005393721236113924
2013-01-23,0.9999977743719031,0.001609010087532498,0.0016090114407454337
2013-01-24,0.9999975118709246,0.0002677051085633932,0.0002677057043767306
2013-01-25,0.9999882135131113,0.005622417656874915,0.005622431646210568
2013-01-28,0.9999993718841577,-0.001198275247986851,-0.0011982893716088183
2013-01-29,0.9999930897963034,0.003931659129676826,0.003931661599215763
2013-01-30,0.9999945727195141,-0.00391623711156829,-0.00391626417375146
2013-01-31,0.9999847608839292,-0.0024653365134091453,-0.0024653498935545137
2013-02-01,0.9999990876664764,0.010287344172533141,0.01028750094495412
2013-02-04,0.9999953802862359,-0.01124120499070632,-0.011241215246443836
2013-02-05,0.9999998332588466,0.010097771802082019,0.010097818451112905
2013-02-06,0.9999995290631339,0.0007288432936104885,0.0007288434151386802
2013-02-07,0.9999977158888737,-0.0013229938707096211,-0.001322994493756502
2013-02-08,0.9999998891626619,0.0055639252243738025,0.005563937933026342
2013-02-11,0.999999700820731,-0.00019745473080259412,-0.00019745475268795332
2013-02-12,0.9999986584077711,0.0016470014031405762,0.0016470018958893995
2013-02-13,0.9999922684728293,0.0008551753145544182,0.0008551764618525137
2013-02-14,0.9999993548880529,0.0009203784029882399,0.0009203855189738874
2013-02-15,0.999999256514505,-0.0011821740199056035,-0.0011821747825406792
2013-02-18,0.9999991841879519,0.0,0.0
2013-02-19,0.9999976286334341,0.007494786456255408,0.007494792570597486
2013-02-20,0.9999987454534486,-0.012463667677163193,-0.0124636972331581
2013-02-21,0.9999877714908981,-0.006078532055715612,-0.006078539681526607
2013-02-22,0.999996429917712,0.009772078711342932,0.009772198210757699
2013-02-25,0.9999547303139449,-0.019026372939515576,-0.019026440865475114
2013-02-26,0.9999863727134854,0.006844774754124104,0.006845084628956277
2013-02-27,0.9999947686465139,0.012598574992065075,0.012598746678795791
2013-02-28,0.9999973368580021,-0.001974810093580937,-0.0019748204245646495
2013-03-01,0.999997566862993,0.003297660633036575,0.0032976694151984898
2013-03-04,0.9999988792605845,0.005325250973662752,0.005325263930759494
2013-03-05,0.999995007564851,0.008958796081997648,0.008958806122484786
2013-03-06,0.9999978853552274,0.0013612364754200426,0.0013612432713387967
2013-03-07,0.999992028004104,0.0018118996936290445,0.0018119035251613624
2013-03-08,0.9999961748176747,0.004264297871314813,0.004264331866550952
2013-03-11,0.9999973569307357,0.0037955110284617535,0.0037955255470389915
2013-03-12,0.9999988438623779,-0.0022430030235869925,-0.002243008952015013
2013-03-13,0.9999979659688099,0.0014132245256954633,0.001413226159579395
2013-03-14,0.9999949947442685,0.005324008538336436,0.005324019367557886
2013-03-15,0.9999965717853573,-0.0013201129760270387,-0.0013201195835631507
2013-03-18,0.9999974929686727,-0.00551891272533922,-0.005518931645421499
2013-03-19,0.99999949238029,-0.0023228321498668996,-0.002322837973294467
2013-03-20,0.9999981434871809,0.006984858196029954,0.006984861741683446
2013-03-21,0.9999999482836521,-0.008542541071864621,-0.008542556931231071
2013-03-22,1.0,0.008033295160283135,0.008033295575735844
2013-03-25,0.9999993115713506,-0.004177643820901911,-0.004177643820901911
2013-03-26,0.999999610110762,0.00800276455006013,0.008002770059396314
2013-03-27,0.9999994697753941,0.0,0.0
2013-03-28,0.9999995089557804,0.0030728838425103343,0.0030728854718298226
2013-03-29,0.9999994355386896,0.0,0.0
2013-04-01,0.9999934751691317,-0.003957240931538262,-0.003957243165248925
2013-04-02,0.9999978998466257,0.004934262389890502,0.004934294585328125
2013-04-03,0.9999992826599894,-0.010139124135724866,-0.010139145429485352
2013-04-04,0.9999985393592696,0.004059094168995177,0.00405909708074792
2013-04-05,0.9999933730406587,-0.0044916439199476285,-0.0044916504806352675
2013-04-08,0.9999966850260753,0.006767737571814068,0.006767782421633006
2013-04-09,0.9999981776105943,0.003456250619024457,0.0034562620764431173
2013-04-10,0.9999811035208616,0.012249131422729194,0.012249153745457209
2013-04-11,0.9999928575944338,0.0032771962277689513,0.003277258156409335
2013-04-12,0.999997025332392,-0.0024497772613215696,-0.0024497947587492908
2013-04-15,0.999984794818392,-0.02317391012593067,-0.02317397906081553
2013-04-16,0.9999988291749864,0.014762622563068217,0.014762847034838433
2013-04-17,0.9999928015037268,-0.014611634201515768,-0.014611651309202611
2013-04-18,0.9999845546594386,-0.0062532815992353144,-0.0062533266137836385
2013-04-19,0.9999970656350514,0.00869305947347371,0.008693193742811633
2013-04-22,0.9999986142388667,0.004438128734796619,0.00443814175792423
2013-04-23,0.9999981713106618,0.010308874872556007,0.01030888915821393
2013-04-24,0.9999947030965447,0.0006335959205250937,0.0006335970791773171
2013-04-25,0.9999947560941183,0.004054389985243141,0.004054411461069218
2013-04-26,0.9999991836981226,-0.001766670668310634,-0.0017666799326139238
2013-04-29,0.99998810661353,0.00669874512284317,0.0066987505910458545
2013-04-30,0.9999988382636732,0.0023851936395143367,0.0023852220078814934
2013-05-01,0.9999934261869081,-0.008767311485378865,-0.008767321670694939
2013-05-02,0.9999923973046343,0.009287266770185506,0.00928732782334274
2013-05-03,0.9999615016398274,0.010140734059902406,0.010140811157400398
2013-05-06,0.9999970307251694,0.0025403364974938996,0.0025404343000485774
2013-05-07,0.9999948113857797,0.0050684503938740215,0.005068465443540893
2013-05-08,0.9999994579041277,0.004551452193255757,0.004551475809107863
2013-05-09,0.9999996554678217,-0.0028160710194097298,-0.002816072545991033
2013-05-10,0.9999961551265503,0.0032536957479811983,0.003253696868984468
2013-05-13,0.9999186594072074,0.0007954874571446807,0.000795490515705044
2013-05-14,0.9999961960807867,0.010332899562767771,0.010333740115314516
2013-05-15,0.999999343949785,0.005386522609644822,0.005386543099619612
2013-05-16,0.9999954497868693,-0.0046953065832384105,-0.004695309663597325
2013-05-17,0.9999962558490745,0.009677210414175885,0.009677254447746142
2013-05-20,0.9999990695227705,-6.011721421457612e-05,-6.0117439303342124e-05
2013-05-21,0.9999989850426865,0.0014375319161515578,0.001437533253743517
2013-05-22,0.9999733379717398,-0.007417365935317913,-0.007417373463635357
2013-05-23,0.9998281453936383,-0.002892891203282453,-0.0028929683356859748
2013-05-24,0.9999904762291061,-0.0008458497141604628,-0.0008459951023157553
2013-05-27,0.9999922641833836,0.0,0.0
2013-05-28,0.9998355860070152,0.005988797994571387,0.005988844323172815
2013-05-29,0.9987278986294824,-0.006493197910731413,-0.006494265658879894
2013-05-30,0.9999234005320089,0.003687132826895166,0.0036918292078902404
2013-05-31,0.9999229924973836,-0.01435096651813172,-0.014352065878742604
2013-06-03,0.9993544719476877,0.005505596278733855,0.005506020283605251
2013-06-04,0.9987679016793516,-0.004803259620892421,-0.00480636226256248
2013-06-05,0.9872769728501651,-0.013983978637365098,-0.014001229528754489
2013-06-06,0.9930803956192027,0.0089383709922626,0.00905355967784649
2013-06-07,0.9904711780442486,0.01263227596096643,0.012720295372551371
2013-06-10,0.9959958210257974,0.0,0.0
2013-06-11,0.9940306649180854,-0.010274322497493256,-0.010315628118711895
2013-06-12,0.9980391729311116,-0.008228043745440427,-0.008277454645846838
2013-06-13,0.9995330211538836,0.015179338821066578,0.015209161356349199
2013-06-14,0.9995948450709499,-0.006270034518968853,-0.00627296386039411
2013-06-17,0.9985013405609725,0.0077183836223681315,0.007721512031027222
2013-06-18,0.992417664856129,0.007893581097382588,0.007905428642637435
2013-06-19,0.9125608538159573,-0.013711627233208151,-0.013816387715343548
2013-06-20,0.7115533799986814,-0.02261145577135708,-0.024778025133124215
2013-06-21,0.7236954302443575,0.0022839166549288225,0.00320976151491692
2013-06-24,0.7185194680697837,-0.009144570470952268,-0.012635937839022393
2013-06-25,0.957281025037846,0.0069081977656563045,0.009614489339049292
2013-06-26,0.9948235748867325,0.0094779017595123,0.009900856187071705
2013-06-27,0.9994160903491383,0.005840034582454163,0.0058704223843097925
2013-06-28,0.9998921490870761,-0.0040952451134956425,-0.004097637763731621
2013-07-01,0.9999873333414937,0.005858714410731078,0.005859346346583694
2013-07-02,0.9999929334659602,-0.000929317233204967,-0.0009293290046981095
2013-07-03,0.9999938815458888,0.0004341892469379462,0.00043419231517272117
2013-07-04,0.9999928195196196,0.0,0.0
2013-07-05,0.9999651267526517,0.010788708097177758,0.010788785565840842
2013-07-08,0.9999858801220347,0.005703875417553782,0.005704074337149034
2013-07-09,0.9999927081042869,0.007198427048449203,0.007198528690795847
2013-07-10,0.9999898415934154,0.0003623913230324685,0.0003623939655714725
2013-07-11,0.9999843826971216,0.013621076413099155,0.013621214782937097
2013-07-12,0.9999716744481348,0.00041757719896039203,0.000417583720491832
2013-07-15,0.9999979530558045,0.0038208195044650076,0.00382092773435172
2013-07-16,0.9999974631453353,-0.003746892581896024,-0.003746900251591745
2013-07-17,0.9999954673703654,0.0025667268566934463,0.0025667333681229643
2013-07-18,0.9999734098767709,0.005478077958009434,0.005478102788220474
2013-07-19,0.9999983560892819,0.0017764018327021327,0.0017764490687017798
2013-07-22,0.9999984323617266,0.0019506704527549748,0.0019506736594883112
2013-07-23,0.9999986908091565,-0.002123790076744656,-0.0021237934060844843
2013-07-24,0.9999943141981783,-0.00366560479895175,-0.0036656095979342718
2013-07-25,0.9999751203059871,0.002432556916047447,0.0024325707471626323
2013-07-26,0.9999907788066378,0.0010658467407885662,0.0010658732593891163
2013-07-29,0.9999989023421799,-0.003074997149159073,-0.003075025504563844
2013-07-30,0.9999982194791902,0.0,0.0
2013-07-31,0.9999953289221614,0.0007121638885462505,0.0007121651565711318
2013-08-01,0.9999898500170963,0.011557700416904565,0.011557754404075027
2013-08-02,0.9999692327854933,0.0017000806662055624,0.0017000979221704071
2013-08-05,0.9999966672775419,-0.0014633524956523501,-0.0014633975203177663
2013-08-06,0.9999988864723588,-0.005682139751774944,-0.005682158688832817
2013-08-07,0.9999972957465123,-0.0032403554903831094,-0.003240359098612533
2013-08-08,0.9999994695511021,0.00366450886535994,0.0036645187751476183
2013-08-09,1.0,-0.0028852534451119,-0.002885254975592222
2013-08-12,0.9999988419498912,-0.0011815203049981848,-0.0011815203049981848
2013-08-13,0.9999940454898651,0.0029570669793838366,0.0029570704038195395
2013-08-14,0.999996549231546,-0.0051298198053640045,-0.00512985035110991
2013-08-15,0.9999966793543593,-0.013986291356263057,-0.013986339619882604
2013-08-16,0.9999975417273433,-0.0033052501674067703,-0.003305261143007776
2013-08-19,0.9999977187923998,-0.0063923100157296355,-0.0063923257298091896
2013-08-20,0.9999830429298393,0.004915959528033327,0.004915970742383147
2013-08-21,0.9999919534927721,-0.00616013206931107,-0.006160236528874097
2013-08-22,0.9999950309345765,0.009115040256739327,0.009115113601566804
2013-08-23,0.999998480236058,0.0033725315351000747,0.003372548293513189
2013-08-26,0.9999979032842056,-0.0037209298756849273,-0.0037209355306285774
2013-08-27,0.9999811593144127,-0.01608400812758942,-0.016084041851254005
2013-08-28,0.9999807805831291,0.0035507468521107912,0.0035508137518762695
2013-08-29,0.9999889052316537,0.0015860856155813271,0.001586116099807855
2013-08-30,0.9999884109546762,-0.0031670578924052188,-0.003167093030568724
2013-09-02,0.9999840894746088,0.0,0.0
2013-09-03,0.9999340443458761,0.004521242258841892,0.004521314195326198
2013-09-04,0.999985214753725,0.008272407305271427,0.008272952953294999
2013-09-05,0.9999826223581119,0.0012672239280514786,0.0012672426645463641
2013-09-06,0.9999906737498458,0.000482139733048487,0.00048214811164570825
2013-09-09,0.9999959682337239,0.009575471623117565,0.009575560927194138
2013-09-10,0.9999903218773226,0.007397570859733435,0.007397600685130401
2013-09-11,0.9999983551050056,0.003138595253033452,0.0031386256290373282
2013-09-12,0.9999988030920404,-0.0026567801441747386,-0.0026567845143062874
2013-09-13,0.9999994211918941,0.002249220998810435,0.0022492236909241736
2013-09-16,0.999990667868038,0.0057874197595341416,0.00578742310934155
2013-09-17,0.9999942904636582,0.004462483905655738,0.0044625255505330585
2013-09-18,0.9999875442697173,0.011574318739710675,0.011574384824081463
2013-09-19,0.9999142022183184,-0.0016758287834900748,-0.0016758496574214021
2013-09-20,0.9999943019189955,-0.006990899057891528,-0.006991498912988892
2013-09-23,0.9999927353179596,-0.0046275570513468695,-0.0046275834196920496
2013-09-24,0.9999953030482677,-0.002353763571120947,-0.0023537806705891118
2013-09-25,0.9999956823658839,-0.0028905243318326137,-0.0028905379085496508
2013-09-26,0.9999991873620158,0.0038451690330755335,0.003845185635180215
2013-09-27,0.9999926876558536,-0.00459656670686888,-0.004596570442216619
2013-09-30,0.9999867724542852,-0.005328256544439594,-0.005328295506770053
2013-10-01,0.9999916255018099,0.007916158138495177,0.007916262851223932
2013-10-02,0.9999910419945677,-0.0009445839525536783,-0.0009445918630365258
2013-10-03,0.9999761885069447,-0.009221326326805909,-0.009221408932237218
2013-10-04,0.9999651719762258,0.007576969430338364,0.007577149853589482
2013-10-07,0.9998834340300312,-0.008644789232247244,-0.008645090323658566
2013-10-08,0.999785389400926,-0.011645125921060422,-0.011646483504706873
2013-10-09,0.9998636741798721,0.0007252984834209317,0.0007254541735757236
2013-10-10,0.9999695510768368,0.02155478097354813,0.021557719847386414
2013-10-11,0.999994473790488,0.006442969696872416,0.006443165884335356
2013-10-14,0.9999897252036649,0.003993993339205264,0.003994015410971219
2013-10-15,0.999933199024822,-0.007254007039926989,-0.007254081574137761
2013-10-16,0.9999958233111766,0.013965373385655852,0.01396630634853957
2013-10-17,0.9999989342233401,0.006682940407983083,0.006682968320662175
2013-10-18,0.9999948531516895,0.006754392740170378,0.006754399938852185
2013-10-21,0.999996739815756,5.6968328452747504e-05,5.696862166160166e-05
2013-10-22,0.9999986382523322,0.005791713752298202,0.005791732634413682
2013-10-23,0.9999998964414734,-0.004788756629060705,-0.004788763150147757
2013-10-24,0.9999970467821372,0.0033226275852032703,0.003322627929289723
2013-10-25,0.9999992825965083,0.004567030682112441,0.004567044169588863
2013-10-28,0.9999994869079805,0.0015916051557285905,0.0015916062975525058
2013-10-29,0.9999994561570862,0.0053339676420647575,0.005333970378882391
2013-10-30,0.9999978033680615,-0.004966980378889318,-0.004966983080147869
2013-10-31,0.999987695636737,-0.002836260007881389,-0.0028362662381143933
2013-11-01,0.9999964409986449,0.0023890689403762767,0.0023890983367100826
2013-11-04,0.9999996065673332,0.0035186062947404496,0.003518618817509589
2013-11-05,1.0,-0.003167048871791402,-0.0031670501178123756
2013-11-06,0.9999995014315282,0.005106031069930683,0.005106031069930683
2013-11-07,0.999999624017858,-0.012643455949663613,-0.012643462253295268
2013-11-08,0.9999971920027997,0.013491301422551397,0.01349130649504171
2013-11-11,0.9999992831018427,0.00016906861719782668,0.0001690690919433635
2013-11-12,0.9999976220273452,-0.0020299759143744484,-0.0020299773696614842
2013-11-13,0.9999879035493829,0.008024231379422347,0.008024250460870519
2013-11-14,0.9999985258265215,0.004989454600788313,0.004989514956209584
2013-11-15,0.9999982606627064,0.004350820976615405,0.004350827390489753
2013-11-18,0.9999991224788791,-0.0034989570755114196,-0.0034989631613885352
2013-11-19,0.9999983666235203,-0.0021736985383147486,-0.0021737004457828
2013-11-20,0.9999991843876619,-0.0031281268732557153,-0.0031281319826729215
2013-11-21,0.9999981149033027,0.008069062772908456,0.008069069354140979
2013-11-22,0.9999988534892154,0.005002187325057472,0.005002196754682053
2013-11-25,0.9999990137486732,-0.0009953960477329614,-0.0009953971889665736
2013-11-26,0.9999995281451944,0.0002767802560635142,0.0002767805290386782
2013-11-27,0.9999991857640458,0.0024350353614063305,0.0024350365103900096
2013-11-28,0.9999998611218112,0.0,0.0
2013-11-29,0.9999997448796821,-0.0006627056348161935,-0.0006627057268515646
2013-12-02,0.999997882326975,-0.002596648445556991,-0.0025966491080149368
2013-12-03,0.9999981250604267,-0.0043203487077209815,-0.0043203578568262735
2013-12-04,0.9999970024864525,-0.00011138011810353519,-0.00011138032693491784
2013-12-05,0.9999962471912129,-0.004395165789903535,-0.004395178964512025
2013-12-06,0.99999908871711,0.011176584922656017,0.01117662686639953
2013-12-09,0.9999997205095582,0.002542392237616493,0.0025423945544571502
2013-12-10,0.9999974308429105,-0.003583497683046098,-0.0035834986845997285
2013-12-11,0.9999951564776144,-0.011230828280900254,-0.011230857134736483
2013-12-12,0.9999971482040554,-0.0033010471869136257,-0.0033010631756870135
2013-12-13,0.9999960692072422,-0.00011271103887863707,-0.00011271136030843731
2013-12-16,0.9999934328102666,0.006232354413311412,0.006232378911501302
2013-12-17,0.9999868105366793,-0.0031807552598235632,-0.0031807761485840302
2013-12-18,0.999999262741155,0.01707284523933442,0.01707307042397055
2013-12-19,0.9999944400432144,-0.001156109850704259,-0.0011561107030571005
2013-12-20,0.9999988825040524,0.005816871365016907,0.005816903706750143
2013-12-23,0.999996854795047,0.0053425929998234,0.005342598970156098
2013-12-24,0.9999977099107001,0.002191398635957411,0.002191405528376933
2013-12-25,0.9999993118239655,0.0,0.0
2013-12-26,0.9999991870032789,0.005084055796265239,0.005084059294993004
2013-12-27,0.9999993643192809,-5.4049061663057504e-05,-5.404910560480314e-05
2013-12-30,0.9999995147546537,-0.00016327993260578902,-0.00016328003639975996
2013-12-31,0.9999988348372664,0.0047329283974547175,0.004732930694087312
2014-01-01,0.9999999955015293,0.0,0.0
2014-01-02,0.9999997146541268,-0.009583910257386048,-0.009583910300498988
2014-01-03,0.9999992532796376,-0.00016421289100646593,-0.00016421293786395008
2014-01-06,0.9999997502727667,-0.0028979745523699477,-0.0028979767163481718
2014-01-07,0.999998043840672,0.0061417167010535,0.0061417182348078025
2014-01-08,0.9999948105426751,0.00021797479978456286,0.0002179752261788348
2014-01-09,0.9999986406494756,0.0006539844992439765,0.0006539878930862386
2014-01-10,0.9999907328132738,0.002722670510032445,0.0027226742111010616
2014-01-13,0.9999989536952351,-0.0133045106469998,-0.013304633943526878
2014-01-14,0.9999959773452066,0.01089734953592484,0.010897360937885514
2014-01-15,0.9999959879696942,0.005390434006141475,0.005390455690083895
2014-01-16,0.9999991539659742,-0.001300301955519597,-0.0013003071723913795
2014-01-17,0.9999993297105865,-0.004229306949511685,-0.004229310527652297
2014-01-20,0.99999933943554,0.0,0.0
2014-01-21,0.9999993890417509,0.0029406621522764798,0.00294066409477467
2014-01-22,0.9999944931461201,0.0006516438076039801,0.0006516442057313832
2014-01-23,0.9999547067756321,-0.00819335850932095,-0.008193403629197515
2014-01-24,0.9995519557431097,-0.0213346676587588,-0.021335634018417426
2014-01-27,0.9999459920709788,-0.004917131873481093,-0.004919335953702864
2014-01-28,0.9999914615074426,0.005954099611883427,0.005954421197840842
2014-01-29,0.9999706987147876,-0.009604836284042597,-0.009604918295565978
2014-01-30,0.9999574247208707,0.010600535703678768,0.010600846322100343
2014-01-31,0.9997967456047334,-0.005858612758489884,-0.005858862201183479
2014-02-03,0.9993608263910957,-0.022500568570593925,-0.022505142839792214
2014-02-04,0.9997255087814703,0.007000161731955114,0.007004638912287753
2014-02-05,0.9997647161507692,-0.0012539782442718772,-0.0012543225447956274
2014-02-06,0.9999432967483963,0.01318387831745038,0.013186981001100051
2014-02-07,0.9999947602159162,0.012395027796382158,0.012395730674617411
2014-02-10,0.999994812675203,0.001836709515515496,0.0018367191395272098
2014-02-11,0.9999849761444695,0.010944118355847632,0.010944175126838651
2014-02-12,0.9999896453716396,0.0004941436420660465,0.0004941510661202742
2014-02-13,0.9999927459718722,0.005162394177424613,0.005162447632651279
2014-02-14,0.9999980833727108,0.005519279479977664,0.0055193195172766885
2014-02-17,0.9999999468271599,0.0,0.0
2014-02-18,0.9999987968644062,0.0011954985081321498,0.0011954985717002042
2014-02-19,0.9999902114997399,-0.0066218812897353265,-0.006621889256765989
2014-02-20,0.9999965058402932,0.005901296471963882,0.00590135423737137
2014-02-21,0.9999980483681354,-0.001141098201400468,-0.0011411021885937567
2014-02-24,0.9999964160338378,0.0055470368729922895,0.005547047698787333
2014-02-25,0.9999998944009825,-0.0003786321711466163,-0.0003786335281563691
2014-02-26,0.9999994130075806,5.4270691629149176e-05,5.42706973600815e-05
2014-02-27,0.9999996350211515,0.005247200758754723,0.0052472038388236
2014-02-28,0.9999993012357088,0.0025292833851420942,0.0025292843082773686
2014-03-03,0.9999905142482886,-0.007031734315553789,-0.007031739229082068
2014-03-04,0.9999866655290559,0.014055289340795451,0.01405542266704507
2014-03-05,0.9999992046685422,0.0009062090051249832,0.0009062210891037648
2014-03-06,0.9999997174046142,0.0022898642457458477,0.002289866066948365
2014-03-07,0.999999757539102,0.00042546140619506356,0.00042546152642852775
2014-03-10,0.9999986085312547,-0.0005311515743494849,-0.0005311517031330037
2014-03-11,0.9999986306640933,-0.0049424389130812455,-0.004942445790340089
2014-03-12,0.9999967753710892,0.00026708660338392706,0.00026708696911570406
2014-03-13,0.9999908467591203,-0.011213317271821167,-0.011213353430724826
2014-03-14,0.9999784992559171,-0.002807638024691015,-0.0028076637239133895
2014-03-17,0.9999876901706506,0.009043156085167413,0.00904335052393268
2014-03-18,0.9999942870285029,0.007138015713613505,0.0071381035824504835
2014-03-19,0.9999484123947631,-0.0053288673800435254,-0.005328897823884904
2014-03-20,0.9999924205749227,0.005839008159149061,0.005839309395136993
2014-03-21,0.9999973211370862,-0.0038784149955256382,-0.0038784443919043232
2014-03-24,0.9999981536407309,-0.004135204619690773,-0.004135215697366745
2014-03-25,0.9999995602775434,0.004745345510516329,0.004745354272145175
2014-03-26,0.999998483012858,-0.007192023569791032,-0.007192026732286694
2014-03-27,0.9999988750810123,-0.00210860349394841,-0.0021086066926776503
2014-03-28,0.9999986869583992,0.004929932769700499,0.004929938315481719
2014-03-31,0.999999452753532,0.008194494784528704,0.008194505544255382
2014-04-01,0.9999989073501868,0.0066305501440547775,0.00663055377260191
2014-04-02,0.9999922381702072,0.003346737770896678,0.0033467414277130736
2014-04-03,0.9999988774387202,-0.0013233882153216349,-0.0013233984873154414
2014-04-04,0.9999972636735913,-0.011821950524357116,-0.011821963795235924
2014-04-07,0.9999929726091422,-0.011051801703549111,-0.011051831944968726
2014-04-08,0.9999986491147269,0.004123038052575867,0.004123067026979399
2014-04-09,0.9999996699361818,0.010750834253316298,0.010750848776479582
2014-04-10,0.9999944407015858,-0.02100597579657221,-0.021005982729887074
2014-04-11,0.9999850763134275,-0.009008682948274614,-0.009008733030509863
2014-04-14,0.9999802746227079,0.007878859514876515,0.007878977098261242
2014-04-15,0.9999958920556778,0.006887013796099253,0.006887149647724522
2014-04-16,0.9999992880811167,0.010478117124712395,0.010478160168410966
2014-04-17,0.9999970605187238,0.0013963057464788998,0.0013963067405360352
2014-04-18,0.999999938885845,0.0,0.0
2014-04-21,0.9999999972302029,0.0034877054187969327,0.003487705631945115
2014-04-22,0.9999992443223334,0.004544417324654422,0.004544417337241535
2014-04-23,0.9999986905541564,-0.002342008821601386,-0.002342010591406485
2014-04-24,0.9999992484282179,0.002027227765362039,0.0020272304199104862
2014-04-25,0.9999994359379838,-0.008198754768570484,-0.008198760930527849
2014-04-28,0.9999996692408339,0.003166901146448895,0.003166902932778548
2014-04-29,0.9999990944443119,0.004655493060667553,0.004655494600515064
2014-04-30,0.9999957366438548,0.0029824902449032786,0.0029824929457167304
2014-05-01,0.9999972991460045,0.00010637067028765813,0.0001063711237856424
2014-05-02,0.9999990280835364,-0.0014338177327594432,-0.0014338216053022546
2014-05-05,0.9999994540807413,0.0019144390405326605,0.0019144409012092911
2014-05-06,0.9999992158867564,-0.008703834333692555,-0.008703839085285936
2014-05-07,0.9999995284717506,0.0058891167243164,0.0058891213420544375
2014-05-08,0.9999999352809414,-0.0010643532824762267,-0.0010643537843491035
2014-05-09,0.999999515366745,0.0014919021161364033,0.0014919022126909098
2014-05-12,0.9999960698450735,0.009735800263510183,0.00973580498180504
2014-05-13,0.99999861921388,0.0008959671138798016,0.0008959706351832075
2014-05-14,0.9999970742384827,-0.004737829769021636,-0.004737836310960253
2014-05-15,0.9999955365671532,-0.008780298044312105,-0.008780323733445394
2014-05-16,0.9999989952499916,0.0034685930865946506,0.0034686085684960677
2014-05-19,0.9999991417983085,0.0036693531851720034,0.0036693568719583514
2014-05-20,0.9999996369394818,-0.006305191319945713,-0.0063051967310762125
2014-05-21,0.9999974838352257,0.008424502679791284,0.008424505738396704
2014-05-22,0.9999951372832667,0.0024321640702680072,0.0024321701900089643
2014-05-23,0.9999890772261432,0.004008478911126366,0.004008498403318628
2014-05-26,0.9999888241388254,0.0,0.0
2014-05-27,0.9999896838819697,0.006146470613019278,0.006146539305889265
2014-05-28,0.999985205526753,-0.0007311338055291759,-0.0007311413480696194
2014-05-29,0.9999868544205326,0.005173159337616015,0.005173235872915738
2014-05-30,0.9999218642060409,0.0016109684748426673,0.0016109896522351619
2014-06-02,0.9987997040791068,0.0011422910894469415,0.001142380350242611
2014-06-03,0.9999323580315337,-0.0005178022154585987,-0.0005184244782451275
2014-06-04,0.9999924890442008,0.00202293225475898,0.0020230690991351885
2014-06-05,0.9999910586345913,0.006521789060350745,0.006521838045588035
2014-06-06,0.9999671639942813,0.004782382475081392,0.004782425236492971
2014-06-09,0.9999819867975188,0.0010237504324560262,0.0010237840494349282
2014-06-10,0.9999776391311387,0.00010251092113331426,0.00010251276771655604
2014-06-11,0.9999901061928783,-0.0034765847316771863,-0.0034766624728708173
2014-06-12,0.9999877108024962,-0.007079893713290558,-0.0070799637610864385
2014-06-13,0.9999899372438701,0.0030484274859881445,0.0030484649491759885
2014-06-16,0.9999875710116779,0.0008243889294538014,0.0008243972251620324
2014-06-17,0.999988543597978,0.002779448682117557,0.0027794832282821424
2014-06-18,0.9999756623489764,0.007339169241165607,0.007339253322602213
2014-06-19,0.9999759561344536,0.001121323933835868,0.0011213512248906543
2014-06-20,0.9999745256743531,0.002030343865929359,0.0020303926844180697
2014-06-23,0.9999830808146717,-0.00030635639164536916,-0.0003063641960666663
2014-06-24,0.9999881254048466,-0.006024246333992311,-0.006024348261057022
2014-06-25,0.9999692352783623,0.004519803518705603,0.004519857190179888
2014-06-26,0.9999775918665448,-0.0007157631209458926,-0.0007157851418765349
2014-06-27,0.999986390922739,0.001944370344139864,0.0019444139148263595
2014-06-30,0.999977381995143,-0.0005110081005392683,-0.0005110150549826331
2014-07-01,0.9999786021886438,0.0066934219488169674,0.006693573344091375
2014-07-02,0.9999730972518682,0.0010149761405514413,0.0010149978592841613
2014-07-03,0.9999669712463511,0.004917766809267223,0.004917899114268431
2014-07-04,0.9999702610445084,0.0,0.0
2014-07-07,0.9999861329253305,-0.0034810815637119573,-0.0034811850905204222
2014-07-08,0.9999824206773258,-0.006429729620130762,-0.006429818782907937
2014-07-09,0.9999820616491347,0.004484022791426635,0.004484101618895897
2014-07-10,0.9998701317207284,-0.00395674595874395,-0.003956816937514485
2014-07-11,0.9999891999343875,0.0013748460174842216,0.0013750245895616242
2014-07-14,0.9999823195694157,0.005035221233903756,0.005035275615210777
2014-07-15,0.9999865883401671,-0.0018723531776338313,-0.0018723862822295212
2014-07-16,0.9999683878717558,0.0037010681811772903,0.0037011178193104843
2014-07-17,0.9998807688306347,-0.011365477091335976,-0.011365836389613526
2014-07-18,0.9999779513495615,0.010218075653352133,0.010219294111739163
2014-07-21,0.9999960769606204,-0.0018713030418806486,-0.0018713443024970244
2014-07-22,0.9999956387039449,0.004357598460379998,0.004357615555477423
2014-07-23,0.9999877390461137,0.0022204807733284156,0.002220490457544688
2014-07-24,0.9999748867379914,5.022548597303154e-05,5.022610179294951e-05
2014-07-25,0.9999844824298881,-0.004681357184586427,-0.0046814747516884525
2014-07-28,0.9998308451457073,0.0004042370202085533,0.000404243293082196
2014-07-29,0.9961020644714044,-0.004296598385978531,-0.0042973252994134015
2014-07-30,0.9318810877284628,0.00015166136649650007,0.00015225484607039874
2014-07-31,0.0,-0.018402761642896743,-0.019747972016209703
2014-08-01,0.06919303324767834,-0.0,-0.0030550713924838435
2014-08-04,0.9492497132271841,0.0004995980110259072,0.007220351350078591
2014-08-05,0.9914317500908421,-0.009204391936908763,-0.009696491669843543
2014-08-06,0.9994265422670134,0.00030986005514704027,0.000312537958481407
2014-08-07,0.9999415449485167,-0.005411299554613477,-0.005414404486735913
2014-08-08,0.9999877401197369,0.011568274854574104,0.011568951118207327
2014-08-11,0.9999569039620916,0.0028973894685154064,0.0028974249905988625
2014-08-12,0.9999852217252718,-0.0013929865650400097,-0.0013930465998290842
2014-08-13,0.9999917253630479,0.006768928727770289,0.006769028762336982
2014-08-14,0.9999815669867906,0.004721583974830522,0.004721623044547041
2014-08-15,0.9999980720089219,-0.00020433185697484098,-0.00020433562349608803
2014-08-18,0.9999722900697235,0.0083795517358864,0.008379567891618533
2014-08-19,0.9999888828448955,0.0052188637879633385,0.00521900840632239
2014-08-20,0.9999773334812594,0.002671407205518414,0.002671436904296831
2014-08-21,0.9999905145412646,0.002915685349553766,0.002915751439488412
2014-08-22,0.9999922463974454,-0.0015538283402886232,-0.0015538430792030322
2014-08-25,0.999993644265057,0.005070471823744228,0.0050705111384723445
2014-08-26,0.9999928555691946,0.0006489632130326522,0.0006489673376970373
2014-08-27,0.9999917561480975,-0.0003989740071142863,-0.0003989768575768382
2014-08-28,0.9999968237085981,-0.000549620941920675,-0.0005496254729516759
2014-08-29,0.99999553314944,0.002848305949440397,0.0028483149965188304
2014-09-01,0.999990172208982,0.0,0.0
2014-09-02,0.9999910385001634,-0.000498467318549931,-0.0004984722174307121
2014-09-03,0.999994517750849,-0.0005481704513120528,-0.0005481753637854858
2014-09-04,0.9999957569267116,-0.0014463794210605627,-0.0014463873505163871
2014-09-05,0.9999577204367606,0.004495017922566636,0.004495036995338042
2014-09-08,0.9999970157978756,-0.002585310712498249,-0.002585420022927609
2014-09-09,0.9999988787610289,-0.006331350288859046,-0.006331369182944413
2014-09-10,0.9999764724648915,0.003762788463675088,0.003762792682664884
2014-09-11,0.9999953438024062,0.0011496150015819048,0.0011496420498255944
2014-09-12,0.9999982316776544,-0.0058414807759392135,-0.005841507975154592
2014-09-15,0.9999970156343495,-0.0007529389212776964,-0.0007529402527187701
2014-09-16,0.9999958028228652,0.00753842112346161,0.00753844362093381
2014-09-17,0.9999912458062418,0.001346902794057474,0.0013469084472708115
2014-09-18,0.9999706332584795,0.005329807553225848,0.005329854211802321
2014-09-19,0.9999958045860343,-0.0009010505051274707,-0.0009010769668218455
2014-09-22,0.9999892376866404,-0.007722893809138994,-0.0077229262100114715
2014-09-23,0.9998866447281827,-0.005724391022785271,-0.005724452631138299
2014-09-24,0.9999640635048799,0.007827143914110555,0.007828031262722135
2014-09-25,0.999577534887996,-0.01613492121986879,-0.016135501073224368
2014-09-26,0.9999398622082449,0.007941645533179916,0.007945002019347891
2014-09-29,0.9998637106202464,-0.0018184253112498367,-0.0018185346739093555
2014-09-30,0.9995787524263189,-0.002632105734294082,-0.0026324645112495437
2014-10-01,0.9999334108133017,-0.0135462478669888,-0.013551956595823422
2014-10-02,0.999911943859382,0.00015413551342223096,0.0001541457778642119
2014-10-03,0.9992853296962271,0.011008222898326899,0.011009192325314388
2014-10-06,0.9984523822557893,-0.0011694073980672024,-0.0011702437365138652
2014-10-07,0.9795713478606716,-0.015412204397928075,-0.015436093570238674
2014-10-08,0.9340818455925213,0.017132201865383424,0.01748948854292154
2014-10-09,0.6074191964258175,-0.01852590957896462,-0.019833282989471845
2014-10-10,0.0,-0.006933153802272868,-0.011414117043170524
2014-10-13,0.0,-0.0,-0.016427069782302905
2014-10-14,0.0,0.0,0.0015472319465881235
2014-10-15,0.0,-0.0,-0.00676597439477411
2014-10-16,2.6691383714361194e-07,-0.0,-0.0008586260313947491
2014-10-17,6.228645010875056e-08,3.1525411045620536e-09,0.011811081577107752
2014-10-20,0.28649829292879847,6.047899307609109e-10,0.009709815372443975
2014-10-21,0.3339244157017347,0.0056757587725175355,0.01981079438378397
2014-10-22,0.8778102433313385,-0.002374459399073779,-0.00711076904659369
2014-10-23,0.9849487295755444,0.010204165371437169,0.011624568577272232
2014-10-24,0.9991076843706307,0.007579651799013515,0.007695478527374622
2014-10-27,0.9999397878474967,-0.0013733756314188229,-0.001374602210455378
2014-10-28,0.9999953870513133,0.011469339964235601,0.011470030599467274
2014-10-29,0.9999879916626357,-0.0015117761571500265,-0.001511783130928035
2014-10-30,0.999998334306684,0.006410180632681577,0.00641025760921754
2014-10-31,0.9999945210403633,0.011435494547875303,0.011435513595933866
2014-11-03,0.9999984670109925,0.0005455370648841459,0.0005455400538760813
2014-11-04,0.9999947799046242,-0.003468960709128288,-0.0034689660270150746
2014-11-05,0.9999977036192578,0.006315764651932031,0.006315797620997987
2014-11-06,0.9999980745021817,0.004003257808338194,0.004003267001363442
2014-11-07,0.9999954804977864,0.0009353335658990732,0.0009353353668852815
2014-11-10,0.999997876821622,0.003147414817491172,0.0031474290423036955
2014-11-11,0.9999997727208647,0.0009802110025520917,0.0009802130837193168
2014-11-12,0.9999998642746838,-0.001077341612600566,-0.001077341857457892
2014-11-13,0.9999986511317714,0.0011275554231073522,0.0011275555761451894
2014-11-14,0.9999957471626554,0.0002448009765152945,0.00024480130671999945
2014-11-17,0.9999990521822385,0.0006366151951012748,0.0006366179025336649
2014-11-18,0.9999934842891193,0.005773957284133413,0.005773962756797868
2014-11-19,0.9999983814620782,-0.001605366430242728,-0.0016053768904144006
2014-11-20,0.9999972215596253,0.0017542073192922665,0.0017542101585479308
2014-11-21,0.9999920465221271,0.005350550295160717,0.005350565161386989
2014-11-24,0.9999992257604694,0.0028062857687229602,0.002806308088632248
2014-11-25,0.9999989974652356,-0.0007237038336092191,-0.0007237043939297694
2014-11-26,0.999997880541334,0.002558950137142729,0.0025589527025817738
2014-11-27,0.9999964934224701,0.0,0.0
2014-11-28,0.9999558475381937,-0.0021188608390014757,-0.0021188682689773364
2014-12-01,0.9995718207690737,-0.006949838484538567,-0.006950145350565706
2014-12-02,0.9999807722728788,0.0064613504895550886,0.00646411829075344
2014-12-03,0.9999868679298899,0.0038630594404700036,0.0038631337197509996
2014-12-04,0.999771473978419,-0.0011063144325649367,-0.001106328960954417
2014-12-05,0.9951041322947197,0.0016369575616366418,0.0016373317345439453
2014-12-08,0.9369146152745055,-0.0066501995253699904,-0.006682918208805511
2014-12-09,0.4890682429718515,-0.0006349825250018011,-0.0006777378798982214
2014-12-10,0.3396640241938047,-0.007840366770114305,-0.01603123261995476
2014-12-11,0.23399645499497745,0.0017220178847655151,0.0050697682477640615
2014-12-12,0.0035678580618846434,-0.003781673217646905,-0.01616124149285969
2014-12-15,0.002624062276500694,-2.450859520478999e-05,-0.006869274163850525
2014-12-16,1.891271978793352e-05,-2.104399605766147e-05,-0.008019625237600914
2014-12-17,2.2699572921336397e-07,3.7077682152009104e-07,0.0196046272391055
2014-12-18,7.127698783526704e-06,5.61332602489946e-09,0.024728773727823006
2014-12-19,0.8963337304768908,3.033029070885769e-08,0.004255271109233183
2014-12-22,0.9929047380195666,0.0041228168504236894,0.004599644875832309
2014-12-23,0.9991335058827191,0.0013399770461465317,0.0013495524745095189
2014-12-24,0.9999620367027645,9.614529677973685e-05,9.62286783634525e-05
2014-12-25,0.9999980529758576,0.0,0.0
2014-12-26,0.9999993156081707,0.0032247188309262173,0.003224725109543858
2014-12-29,0.9999966507084018,0.0013432713559369724,0.0013432722752615422
2014-12-30,0.9999819295818059,-0.005365598456930176,-0.005365616427944198
2014-12-31,0.999753805139621,-0.009922792799082966,-0.009922972111338746
2015-01-01,0.9992501724604099,0.0,0.0
2015-01-02,0.9972200250095895,-0.000534950207899957,-0.0005353516292949667
2015-01-05,0.9797029202518027,-0.01800983007436026,-0.0180600365242235
2015-01-06,0.9726237338749035,-0.009227302997557156,-0.009418470443249838
2015-01-07,0.9804693764714368,0.012119721871577017,0.012460853513508674
2015-01-08,0.9861438881757374,0.017398453431622666,0.01774502483110396
2015-01-09,0.9919062970657844,-0.007902251191224959,-0.008013284152521893
2015-01-12,0.9899242929768515,-0.007770592065741537,-0.007833998119306407
2015-01-13,0.9846249922873149,-0.002784064473780302,-0.002812401406382503
2015-01-14,0.9765550083464501,-0.005944379895425527,-0.00603720192153212
2015-01-15,0.9760186333793877,-0.008946070661258548,-0.0091608466341353
2015-01-16,0.9823473586061842,0.012799885893958817,0.013114386812104417
2015-01-19,0.9883304747264104,0.0,0.0
2015-01-20,0.9959861457459517,0.0021079664891340702,0.002132855905022657
2015-01-21,0.9990783083779923,0.005027514836108991,0.005047775872769389
2015-01-22,0.9997937834618998,0.014857316940445639,0.01487102343815927
2015-01-23,0.9999721831198644,-0.00548168554387058,-0.005482816191244577
2015-01-26,0.999986044465613,0.002342095007759439,0.0023421601593478503
2015-01-27,0.9998858117423332,-0.01319046260363613,-0.013190646686159546
2015-01-28,0.9988118738325156,-0.012823301178555133,-0.012824765616195832
2015-01-29,0.997287933917844,0.009232812548444309,0.009243795343578887
2015-01-30,0.9906303869925187,-0.012540817672055986,-0.012574921690658991
2015-02-02,0.9873683712296877,0.012268258146814667,0.01238429419075282
2015-02-03,0.9895621530741215,0.01427829453753258,0.014460960016118518
2015-02-04,0.9945498547708335,-0.003768106333286303,-0.003807852110734533
2015-02-05,0.995258522085982,0.01004000763371651,0.010095026996942202
2015-02-06,0.9903039260553422,-0.002752299829374374,-0.0027654119691492562
2015-02-09,0.998338912677878,-0.004432203728206634,-0.004475599471630232
2015-02-10,0.9997483157642626,0.010635565176383288,0.010653261173457773
2015-02-11,0.9999718554803783,0.0005801175637920274,0.00058026360699448
2015-02-12,0.9999965710385734,0.009616564302749486,0.009616834963949827
2015-02-13,0.9999968827675559,0.004116321353620658,0.004116335468376198
2015-02-16,0.999995127735483,0.0,0.0
2015-02-17,0.999934994126133,0.0015728839344676278,0.0015728915980115499
2015-02-18,0.9999856697175485,9.531702016766087e-05,9.532321673666466e-05
2015-02-19,0.9999948336814121,-0.0007137496861078989,-0.000713759914489076
2015-02-20,0.9999960451753205,0.006000799972532196,0.006000830974736804
2015-02-23,0.9999981319970037,-0.000142350153256131,-0.00014235071622825668
2015-02-24,0.9999992233012693,0.0028408715658872646,0.0028408768726537748
2015-02-25,0.9999932248882484,-0.0008495436213290476,-0.0008495442811690124
2015-02-26,0.9999727046446545,-0.001181798168037915,-0.0011818061749068187
2015-02-27,0.9999986961336117,-0.0034060436703654516,-0.0034061366420754524
2015-03-02,0.9999993272745417,0.006313557423780143,0.006313565655826192
2015-03-03,0.9999997419135402,-0.004103829693438535,-0.004103832454191103
2015-03-04,0.9999958003419958,-0.004215783917662386,-0.004215785005699413
2015-03-05,0.9999991161034371,0.0010944033621970099,0.0010944079583361521
2015-03-06,0.9999954563799881,-0.014064919623386223,-0.014064932055331325
2015-03-09,0.9999643484610344,0.004144842646387781,0.004144861479063344
2015-03-10,0.9998163496523768,-0.016221352870908316,-0.016221931207720863
2015-03-11,0.9999581185058832,-0.0023411661516153826,-0.0023415961865690393
2015-03-12,0.9999953290965478,0.012713498893621647,0.012714031376251933
2015-03-13,0.9999908327515166,-0.006132649335388877,-0.006132677980535628
2015-03-16,0.9999950561770831,0.013360430093133487,0.013360552572638795
2015-03-17,0.9999877799284405,-0.0029723523094320435,-0.0029723670042881567
2015-03-18,0.9999300199920771,0.012021695232255877,0.012021842140027106
2015-03-19,0.9998911440309802,-0.004561630532123305,-0.004561949777404872
2015-03-20,0.9999946755461007,0.008825971922530219,0.008826932786852204
2015-03-23,0.999999730647407,-0.0019482807524392868,-0.0019482911260255698
2015-03-24,0.9999994471348141,-0.00561903942536087,-0.005619040938864117
2015-03-25,0.9999904143727298,-0.014653947150361593,-0.014653955252023287
2015-03-26,0.9999947657200069,-0.002381080262268292,-0.0023811030866349725
2015-03-27,0.9999978099310692,0.0022891903052500526,0.0022892022875757867
2015-03-30,0.999994816980541,0.012200157696238036,0.012200184415482873
2015-03-31,0.9999466284725743,-0.008739901577296883,-0.008739946876611615
2015-04-01,0.9999946233984393,-0.003535660106884293,-0.0035358488205365912
2015-04-02,0.9999970259154217,0.003597333598830018,0.003597352940363452
2015-04-03,0.9999991029595796,0.0,0.0
2015-04-06,0.9999977341229825,0.00673298228871123,0.00673298832847391
2015-04-07,0.9999893241773268,-0.00264652753861588,-0.0026465335353353936
2015-04-08,0.9999939190853443,0.0033774184934974734,0.0033774545506033427
2015-04-09,0.9999966963307191,0.00442346752411276,0.004423494423004826
2015-04-10,0.9999992465021876,0.005457273956712582,0.005457291985800472
2015-04-13,0.9999999246834578,-0.004523070811651737,-0.004523074219778267
2015-04-14,0.9999993693380538,0.0019129529036067874,0.0019129530476837964
2015-04-15,0.9999948085402126,0.004487225826975186,0.0044872286568995445
2015-04-16,0.9999976543441704,-0.00028531037173112564,-0.0002853118529161369
2015-04-17,0.9999954413368929,-0.01150377237402005,-0.011503799357974076
2015-04-20,0.9999920209052493,0.00913676522495205,0.009136806876576475
2015-04-21,0.999998883873866,-0.0011908086375261113,-0.0011908181391768746
2015-04-22,0.9999980485802569,0.004914048455767703,0.00491405394047173
2015-04-23,0.9999991629884383,0.002516071425314615,0.0025160763352356508
2015-04-24,0.9999989669313214,0.0023206436199422883,0.002320645562349455
2015-04-27,0.9999996535869193,-0.004157848867797779,-0.004157853163145653
2015-04-28,0.9999977785810241,0.003178622894026085,0.003178623995143015
2015-04-29,0.9999997501002126,-0.004114346077716451,-0.0041143552174232045
2015-04-30,0.9999969346421081,-0.010020564969983152,-0.010020567474120834
2015-05-01,0.9999946033805198,0.010841234844809677,0.010841268077176336
2015-05-04,0.9999987901499939,0.0028475234804809972,0.0028475388475646124
2015-05-05,0.9999977224364666,-0.011451721904339848,-0.011451735759222426
2015-05-06,0.9999977624546139,-0.004116865834134056,-0.0041168752105789075
2015-05-07,0.9999942053821739,0.0039898988127825595,0.003989907740382215
2015-05-08,0.9999974758088767,0.013165731706914867,0.013165807997740586
2015-05-11,0.9999894547983786,-0.0047726535637697895,-0.004772665610889959
2015-05-12,0.9999659619950119,-0.002991223060774932,-0.0029912546041578336
2015-05-13,0.9999928904506117,0.0001907837531443732,0.00019079024726376126
2015-05-14,0.9999991779722395,0.010427104448526129,0.010427178581067231
2015-05-15,0.9999974713897049,0.0010839589751247246,0.0010839598661698258
2015-05-18,0.9999946152005442,0.003106914946675406,0.0031069228028723916
2015-05-19,0.9999979563378296,-0.0003288205564969783,-0.0003288223271392665
2015-05-20,0.9999991129588877,-0.0007039270247102791,-0.0007039284633022502
2015-05-21,0.9999984806638477,0.0029122211477637756,0.0029122237310259536
2015-05-22,0.9999958295204415,-0.002388685863310489,-0.0023886894925327917
2015-05-25,0.9999986236230307,0.0,0.0
2015-05-26,0.9999974085102775,-0.010751141670377783,-0.010751156468021938
2015-05-27,0.9999969524494515,0.009491562919065711,0.00949158751641721
2015-05-28,0.9999998188955874,-0.0011282019906801337,-0.0011282054289432075
2015-05-29,0.9999999254639877,-0.006213087025312442,-0.006213088150530122
2015-06-01,0.9999996365989886,0.0020367733223836454,0.002036773474196618
2015-06-02,0.9999978213520269,-0.0009928202224568949,-0.000992820583248899
2015-06-03,0.9999972142318513,0.0026499733324622586,0.002649979105833866
2015-06-04,0.9999770977349423,-0.008446608303463068,-0.008446631833820994
2015-06-05,0.9999985263001621,-0.0017132279591785746,-0.0017132671968780322
2015-06-08,0.9999937713449135,-0.006149778269338738,-0.006149787332279333
2015-06-09,0.9999963762946538,-0.0001440333444717455,-0.00014403424161135714
2015-06-10,0.9999881239403995,0.011993480488387389,0.011993523949384244
2015-06-11,0.9999987017251822,0.00322343801655688,0.003223476298753525
2015-06-12,0.9999995316299699,-0.00765504861762327,-0.007655058555993022
2015-06-15,0.9999907650901878,-0.004285440259064004,-0.0042854422662367275
2015-06-16,0.9999945255285765,0.005451498060632162,0.005451548405190021
2015-06-17,0.9999986787935615,0.0016171830765085986,0.0016171919297796045
2015-06-18,0.9999921509420446,0.010399294506201006,0.010399308245834016
2015-06-19,0.9999975363378766,-0.004439106046566143,-0.0044391408896402584
2015-06-22,0.999962131051111,0.005123177215910778,0.005123189837719533
2015-06-23,0.9999967927876304,0.0007077090488517173,0.0007077358500644504
2015-06-24,0.9999922571833068,-0.007262504264097099,-0.0072625275565653125
2015-06-25,0.9998620559934835,-0.003040832060836626,-0.003040855605624171
2015-06-26,0.9966747104889977,-0.00018994913291039145,-0.00018997533886977447
2015-06-29,0.9207326161614457,-0.020900951655126343,-0.020970685254842802
2015-06-30,0.9805973053990555,0.0019273761676588401,0.002093307148924639
2015-07-01,0.9948437024224986,0.007860126337937763,0.008015651577524041
2015-07-02,0.9995282718216126,-0.0009110030638394043,-0.0009157248134767926
2015-07-03,0.9998620899171046,0.0,0.0
2015-07-06,0.999395769081866,-0.0028458081242144742,-0.0028462006439812226
2015-07-07,0.9997688035123679,0.006285374769653857,0.0062891748835680605
2015-07-08,0.9988829189537536,-0.01677379704291594,-0.016777675982673768
2015-07-09,0.9975285534643528,0.0018072921191277683,0.0018093132686869406
2015-07-10,0.9982659033356771,0.012560329115703038,0.012591448206752398
2015-07-13,0.9999159081757351,0.011018040592433172,0.01103718012967958
2015-07-14,0.9999966121720901,0.004337698520573283,0.004338063316231322
2015-07-15,0.9999990756239658,-0.00033228803115950035,-0.0003322891568979802
2015-07-16,0.9999979595637408,0.008024474528685193,0.008024481946323991
2015-07-17,0.9999951022676306,0.0008475550722685292,0.000847556801654159
2015-07-20,0.9999972765014464,0.000517791823244941,0.0005177943592631351
2015-07-21,0.9999679650063654,-0.003951204884911076,-0.003951215646041173
2015-07-22,0.9999660502913597,-0.0017948921908952978,-0.0017949496920972585
2015-07-23,0.999988253447419,-0.005629595413153079,-0.005629786542765913
2015-07-24,0.9998839373673915,-0.010371555188047244,-0.010371677019496706
2015-07-27,0.9994587681009433,-0.005816948501568699,-0.005817623710292041
2015-07-28,0.9999415723483297,0.012276572658537314,0.01228322072941923
2015-07-29,0.9999269517486981,0.006878783917146176,0.0068791858518209015
2015-07-30,0.9999778641684081,0.00023703273160879352,0.00023705004770024907
2015-07-31,0.9999748360820758,-0.0015176969567237573,-0.0015177305529516794
2015-08-03,0.9999704164593745,-0.0033732572553224864,-0.0033733421418272735
2015-08-04,0.9999896205514104,-0.0019538430154545415,-0.0019539008187587914
2015-08-05,0.9998987286842346,0.003295275100652834,0.0032953093041463433
2015-08-06,0.9999413642050085,-0.008187314109431666,-0.008188143333480724
2015-08-07,0.9999355449479342,-0.0019196299149951254,-0.0019197424806216556
2015-08-10,0.9999749303234222,0.01259864825783349,0.012599460356706782
2015-08-11,0.999640854119626,-0.009022994774811197,-0.009023220984042957
2015-08-12,0.9998117146054839,0.001197885479017956,0.0011983158492185897
2015-08-13,0.9995903817655032,-0.0012445294905555336,-0.0012447638614102585
2015-08-14,0.9994492865408154,0.0036407825176462904,0.003642274459680017
2015-08-17,0.9996321454233075,0.005583768165963643,0.005586844916653622
2015-08-18,0.9977111115922358,-0.0028953769615868083,-0.0028964424311912484
2015-08-19,0.9531755498987646,-0.007887453700975038,-0.007905548619567382
2015-08-20,0.7153532346799016,-0.019903820082594344,-0.02088158900499315
2015-08-21,7.731793759280237e-05,-0.02153369787187591,-0.030102188440528366
2015-08-24,0.0,-3.255612193702477e-06,-0.04210681628431778
2015-08-25,0.0,-0.0,-0.011767666069127158
2015-08-26,7.567071413916437e-10,0.0,0.038393588922776445
2015-08-27,1.1602356264628355e-07,1.871719324540508e-11,0.024735055639864445
2015-08-28,2.3368421786518212e-07,5.7926183429860854e-12,4.992622369859312e-05
2015-08-31,1.6298306371176352e-08,-1.8879212779357416e-09,-0.008078942151861224
2015-09-01,8.185530031568078e-11,-4.864646471868816e-10,-0.029847558151636977
2015-09-02,4.527945004495493e-07,1.5537092766674039e-12,0.018981168851319508
2015-09-03,1.2222176236642568e-06,3.244743794614572e-10,0.0007166040646238159
2015-09-04,6.265025154217341e-08,-1.850076592415737e-08,-0.015137047254065394
2015-09-07,5.776075995278518e-08,0.0,0.0
2015-09-08,6.196228574673057e-07,1.4516052430871237e-09,0.02513133906606657
2015-09-09,3.097951056796333e-07,-8.28557514766904e-09,-0.013371964974849604
2015-09-10,7.727253727995986e-06,1.6857625364210678e-09,0.005441540248748655
2015-09-11,3.015337690159825e-05,3.511662255151316e-08,0.004544515268637417
2015-09-14,1.1134891882536024e-05,-1.1188979657541822e-07,-0.0037106887543825184
2015-09-15,3.6351729610140104e-05,1.3917886355333395e-07,0.012499345752213564
2015-09-16,0.00020897237965888937,3.1504934422849265e-07,0.008666694751729542
2015-09-17,0.00010109178253858708,-4.697800267802379e-07,-0.0022480484145659396
2015-09-18,0.00012006416007293019,-1.6519884140456908e-06,-0.01634147081554449
2015-09-21,0.0004398906798994684,6.204510148774991e-07,0.005167662144145435
2015-09-22,1.6898619222827094e-06,-5.7096082294937495e-06,-0.012979607185127473
2015-09-23,8.167354291888085e-05,-2.7018270246183834e-09,-0.0015988448458372773
2015-09-24,3.5863922540624316e-06,-2.953095941031629e-07,-0.0036157314051683542
2015-09-25,1.8928082833991056e-05,-9.298474535462552e-10,-0.0002592709853455055
2015-09-28,1.8189894035458565e-12,-4.7504076728152816e-07,-0.02509714118687445
2015-09-29,1.55386877698227e-07,1.0643897679956567e-15,0.0005851544631985117
2015-09-30,8.386420325967592e-06,2.899253619564638e-09,0.018658291243841107
2015-10-01,6.235026353040851e-05,2.1882886455292754e-08,0.002609323836003652
2015-10-02,2.9373029573509513e-05,9.313796674269019e-07,0.014937862563686899
2015-10-05,0.00011002475619703578,5.226850650065953e-07,0.017794727768836838
2015-10-06,0.015020852407986007,-3.7698418478232997e-07,-0.0034263578290254504
2015-10-07,0.03459164800316494,0.0001230273481965866,0.008190437190580324
2015-10-08,0.761737840668046,0.0003122475907913363,0.00902667576759475
2015-10-09,0.8764564764542617,0.00045437449690348755,0.0005964972102541211
2015-10-12,0.9892620990571206,0.0008274966904216248,0.0009441389420377089
2015-10-13,0.9958984595140504,-0.006235062977222035,-0.00630274118776486
2015-10-14,0.9992827270733965,-0.004774195392920889,-0.004793857593926254
2015-10-15,0.9999309080393629,0.015343883824120292,0.015354897476370866
2015-10-16,0.9999765150772852,0.004545898391005734,0.004546212497740676
2015-10-19,0.9999943064271823,0.0004921658667014701,0.0004921774254502687
2015-10-20,0.9999555004862036,-0.0012786316102617148,-0.001278638890285344
2015-10-21,0.9999887246201391,-0.006203236940071141,-0.006203512993383176
2015-10-22,0.9999932891672342,0.016893669177538668,0.016893859662223676
2015-10-23,0.9999345638813013,0.010961466601907017,0.010961540162969907
2015-10-26,0.9999913551205452,-0.0024574391953959412,-0.002457600011201988
2015-10-27,0.9999879658449579,-0.0019321651521715783,-0.0019321818556508052
2015-10-28,0.9999679015503363,0.01137393468375353,0.011374071561094157
2015-10-29,0.9999828114408185,-0.0005741224932736258,-0.0005741409223071203
2015-10-30,0.9999973313999748,-0.0043095000892728165,-0.004309574164643393
2015-11-02,0.9999959399217901,0.011831084341816275,0.011831115914332502
2015-11-03,0.9999899150174968,0.0028992942906598627,0.002899306062069229
2015-11-04,0.999993477421254,-0.0030329913958413043,-0.003033021983814943
2015-11-05,0.9999821790357653,-0.0009983933718313478,-0.0009983998839732111
2015-11-06,0.999992275405115,-0.0005233242115422402,-0.0005233335378505011
2015-11-09,0.9998883821360527,-0.009331745530595313,-0.00933181761510593
2015-11-10,0.9999674941113469,0.0023066057714189857,0.0023068632585683257
2015-11-11,0.9999738152599996,-0.003931461227595393,-0.003931589027390547
2015-11-12,0.999679015260976,-0.013959537299971608,-0.013959902836397808
2015-11-13,0.9994080004073079,-0.011224836070095003,-0.01122844022805125
2015-11-16,0.9998233844898402,0.015197956740035778,0.015206959253720065
2015-11-17,0.9997629351834282,-0.0007294789075500263,-0.0007296077675981172
2015-11-18,0.999968233738408,0.01586249807295873,0.015866259404834215
2015-11-19,0.9999501766183883,-0.0008622653829848,-0.0008622927748026532
2015-11-20,0.9999921830342323,0.0036438877495621404,0.0036440693094179633
2015-11-23,0.9999952908135414,-0.0011465578484209722,-0.0011465668110944849
2015-11-24,0.999991061851463,0.0013394076059205027,0.0013394139134703664
2015-11-25,0.999993733519884,-0.00014356323556119146,-0.0001435645187621848
2015-11-26,0.9999980540106344,0.0,0.0
2015-11-27,0.999998202723969,0.0011466833855741279,0.0011466856170121442
2015-11-30,0.9999940467781553,-0.004151306116331793,-0.004151313577388183
2015-12-01,0.9999962769500486,0.009535362918350868,0.009535419684819635
2015-12-02,0.9999367313836645,-0.010205068343154574,-0.010205106337275227
2015-12-03,0.9996661695541171,-0.014001842678545432,-0.014002728611809623
2015-12-04,0.9977362645373515,0.019496717111656275,0.019503227882916585
2015-12-07,0.9656353347300165,-0.006045478820820487,-0.00605919523595122
2015-12-08,0.9085587038273625,-0.0064881830158053135,-0.006719082020356426
2015-12-09,0.8219690372926489,-0.007068346511906054,-0.007779735620967787
2015-12-10,0.6278744095781794,0.0021214558931545247,0.0025809438031170195
2015-12-11,1.5497942928988095e-09,-0.012168857285812594,-0.019381037194982853
2015-12-14,3.2923483272995213e-07,7.82998569041363e-12,0.005052274180057825
2015-12-15,5.770560667861524e-06,3.4563825487267916e-09,0.010498228635369866
2015-12-16,0.09384163676513879,8.443596470457534e-08,0.0146321942640395
2015-12-17,0.15956214568514182,-0.001430017387422741,-0.015238623671938956
2015-12-18,0.1716800214234926,-0.00284258305227462,-0.017814896133847347
2015-12-21,0.8193961788887327,0.0014162270592407318,0.00824922461855504
2015-12-22,0.9511859985221757,0.007435521837730994,0.009074391642654556
2015-12-23,0.9889457720708564,0.011778443815966419,0.012382902854190636
2015-12-24,0.9994030355783887,-0.0016318553623486964,-0.0016500958985158354
2015-12-25,0.9999574388224344,0.0,0.0
2015-12-28,0.9999452496482903,-0.002284943348591534,-0.0022850406026103665
2015-12-29,0.9994920056598467,0.010671349928406567,0.010671934220558565
2015-12-30,0.9983243186142613,-0.007084351330610511,-0.007087951970094597
2015-12-31,0.9846700056857155,-0.009986412211585225,-0.010003174344632826
2016-01-01,0.8907736959209629,0.0,0.0
2016-01-04,0.21441251679779672,-0.012452562830674004,-0.013979490961281038
2016-01-05,0.15648033548093288,0.0003626590345889899,0.0016914079457917008
2016-01-06,0.0768806422620939,-0.0019739025938616795,-0.012614381147605602
2016-01-07,0.0002881219307885319,-0.0018444815693643042,-0.023991495324353296
2016-01-08,3.2472005773165336e-07,-3.1625829655736314e-06,-0.01097654370466794
2016-01-11,7.3548311586568715e-06,3.215121145593692e-10,0.0009901208961506924
2016-01-12,5.617409725366951e-05,5.9338754656876996e-08,0.008067996854969728
2016-01-13,8.329249719940535e-07,-1.401010626139894e-06,-0.02494050985480456
2016-01-14,1.2795938686305242e-05,1.3673848836497909e-08,0.01641666332054159
2016-01-15,2.5466073694246916e-11,-2.7467953302971224e-07,-0.021466149515368182
2016-01-18,2.0777610154620874e-07,0.0,0.0
2016-01-19,4.773656425705042e-07,2.766125402035955e-10,0.001331301040615962
2016-01-20,0.0,-6.117325794649818e-09,-0.012814759272806953
2016-01-21,5.7753485327438625e-09,0.0,0.005601576006642794
2016-01-22,3.3378786401527805e-09,1.184839900157152e-10,0.020515470078378728
2016-01-25,7.22487675852701e-06,-5.0457483729244994e-11,-0.015116632199346669
2016-01-26,5.120222381660433e-05,9.856930592290374e-08,0.013643043226525542
2016-01-27,3.407330487037452e-05,-5.572409234256935e-07,-0.010883139088286753
2016-01-28,0.00028138168322244805,1.7748643334916695e-07,0.005208958568133637
2016-01-29,0.0014484668060308348,6.8595086760818495e-06,0.02437795025434908
2016-02-01,0.0014499967700775107,-5.242739244190181e-07,-0.0003619509416689093
2016-02-02,9.556342064720447e-05,-2.6131797622882654e-05,-0.018021969539618876
2016-02-03,0.000256768549729558,5.728888231146131e-07,0.005994854717785492
2016-02-04,0.00021362475996467012,4.0269561107401457e-07,0.0015683213987778277
2016-02-05,3.592237761917971e-05,-4.069524586010156e-06,-0.0190498731826928
2016-02-08,0.0,-4.835682185639099e-07,-0.013461475843562276
2016-02-09,2.271576214907256e-07,0.0,5.393844085577193e-05
2016-02-10,4.135877096356211e-08,-1.9596352751124445e-10,-0.0008626764368513395
2016-02-11,0.0,-5.380122448170612e-10,-0.013008419551225558
2016-02-12,2.892222017436552e-10,0.0,0.020617208139668053
2016-02-15,9.642735611103959e-07,0.0,0.0
2016-02-16,3.5320752334033756e-07,1.6275225598142448e-08,0.016878224452613777
2016-02-17,3.345518395647673e-08,5.7694972781339875e-09,0.01633458207110361
2016-02-18,0.0002758080259689377,-1.370152768947446e-10,-0.004095487176904888
2016-02-19,0.0005504697102647338,-1.2929260208675423e-07,-0.000468777518828678
2016-02-22,0.0003766168110888035,7.970523261341496e-06,0.014479494716445496
2016-02-23,0.0009453111508958001,-4.7566091163367955e-06,-0.012629837480131023
2016-02-24,0.0009603306354737384,4.325304032595061e-06,0.0045755347628093634
2016-02-25,0.0006627014162883249,1.1631550177316483e-05,0.012112026574658374
2016-02-26,2.0394163469106275e-07,-1.525035666872239e-06,-0.002301240995399856
2016-02-29,0.0004372251220711165,-1.5994891694860944e-09,-0.007842877065828424
2016-03-01,0.00013579150558706843,1.0277773299110288e-05,0.023506822413188244
2016-03-02,0.3300026780933998,6.100896273153518e-07,0.00449284087894708
2016-03-03,0.6547785315340274,0.0012934616677073795,0.0039195490023911095
2016-03-04,0.6786130272509648,0.002130406284892386,0.0032536287955275967
2016-03-07,0.9107112092432585,0.0005416107998149729,0.000798114356880264
2016-03-08,0.9366951990845879,-0.009942902779274683,-0.010917734050442385
2016-03-09,0.9571065002666093,0.004627065312089429,0.00493977690566938
2016-03-10,0.9577743975865767,0.0007679031673166323,0.0008023173670879125
2016-03-11,0.9533750397883868,0.015455676395552155,0.01613707406931919
2016-03-14,0.9936666100304714,-0.0012224167303263376,-0.001282199217841562
2016-03-15,0.9979564460721483,-0.00161924735376809,-0.0016295680436705373
2016-03-16,0.9995805176147419,0.0057751312908590115,0.005786957250077718
2016-03-17,0.9998683431791769,0.006341662881357442,0.006344324213611419
2016-03-18,0.9999545614653533,0.0039287919887627054,0.003929309309134377
2016-03-21,0.9999939316250053,0.0014188769478022873,0.0014189414224212715
2016-03-22,0.9999894466641324,-0.0005373897352560221,-0.0005373929963582436
2016-03-23,0.9999447379405941,-0.006599089434239879,-0.006599159077382066
2016-03-24,0.999873945534718,-0.0004430364416768868,-0.00044306092613610737
2016-03-25,0.999991761796348,0.0,0.0
2016-03-28,0.9999681606290519,0.0005904743609530869,0.0005904792254411984
2016-03-29,0.9996898242590923,0.009250212886682162,0.009250507417019271
2016-03-30,0.9999090060267685,0.004386066434655441,0.004387427308171432
2016-03-31,0.9999931791609445,-0.0024267850373505804,-0.0024270058802586814
2016-04-01,0.9999995697690044,0.006812540069429589,0.0068125865369859095
2016-04-04,0.9999984118016801,-0.003238681638819825,-0.00323868303220165
2016-04-05,0.9999700434592321,-0.009987507353290005,-0.009987523215457594
2016-04-06,0.9999664656792179,0.01092091733352834,0.010921244496234328
2016-04-07,0.9999819291995394,-0.011965719903058895,-0.011966121178805023
2016-04-08,0.999969023999453,0.002696666010419663,0.0026967147422136684
2016-04-11,0.9999757358685661,-0.0023470478507301496,-0.0023471205551377494
2016-04-12,0.9997842637437555,0.009312540972890975,0.009312766939091999
2016-04-13,0.9996675295686979,0.01009894633336763,0.010101125512369524
2016-04-14,0.9999296722592463,4.799300886112593e-05,4.800897042422925e-05
2016-04-15,0.9999960954512982,-0.0011055433843645984,-0.0011056211402015181
2016-04-18,0.9999888599102625,0.007026816901449915,0.007026844338105853
2016-04-19,0.9997338745159534,0.003153984451391856,0.003154019587453094
2016-04-20,0.9998423672828646,0.0009525179001015301,0.0009527714568666745
2016-04-21,0.9999935990222225,-0.005377379247848507,-0.005378227032388994
2016-04-22,0.9999996118290356,0.0,0.0
2016-04-25,0.9999974009851551,-0.0017227061089655285,-0.0017227067776702798
2016-04-26,0.9999946632440821,0.001485730181744024,0.0014857340431888577
2016-04-27,0.9999992854029216,0.0020582932796923592,0.0020583042643598226
2016-04-28,0.9999909922613466,-0.009075831595256307,-0.009075838080823684
2016-04-29,0.9999888976222497,-0.005398745174700935,-0.00539879380562458
2016-05-02,0.9999525847255539,0.007948513549780954,0.007948601798160704
2016-05-03,0.9997856070527065,-0.008702640902761573,-0.00870305356043466
2016-05-04,0.9999620549402258,-0.005577038297921299,-0.005578234231998991
2016-05-05,0.9999936829764323,-0.00019517965562153958,-0.00019518706200627456
2016-05-06,0.9999946657004187,0.003659046798873458,0.003659069913304336
2016-05-09,0.999994481006324,0.0008262411463815124,0.0008262455538228242
2016-05-10,0.9999865609015892,0.012433454070161765,0.012433522690694865
2016-05-11,0.999984224013629,-0.00935434111339314,-0.009354466828993435
2016-05-12,0.9999967182144911,0.0002908374533144576,0.0002908420416345425
2016-05-13,0.9999936941061514,-0.008714348610766138,-0.008714377209482982
2016-05-16,0.9999520087328776,0.009865060936771811,0.009865123145191168
2016-05-17,0.9999841939969263,-0.00933324093048042,-0.009333688866036027
2016-05-18,0.9999279100113935,0.0002929170547792493,0.000292921684700298
2016-05-19,0.9998742992146997,-0.0034645222666385292,-0.0034647720420155625
2016-05-20,0.9999695299087448,0.00631649615694979,0.006317290245294593
2016-05-23,0.9999936463791808,-0.0013622899844720315,-0.0013623314948369991
2016-05-24,0.9999835114799444,0.012962304262818816,0.012962386620908317
2016-05-25,0.9999708814793876,0.006782283851598303,0.006782395683265552
2016-05-26,0.9999943586706913,0.00028714197021601547,0.00028715033160886527
2016-05-27,0.9999997171692528,0.004299388080030062,0.004299412334430874
2016-05-30,0.9999975559521649,0.0,0.0
2016-05-31,0.9999391615063917,-0.0019029686551345591,-0.0019029733060923482
2016-06-01,0.9999945113009542,0.0020492408585757764,0.002049365538888015
2016-06-02,0.9999991754419117,0.0030435722235194894,0.003043588928863139
2016-06-03,0.9999876787483287,-0.0029870045631520724,-0.0029870070261128756
2016-06-06,0.9999687825219262,0.0050885442136436145,0.005088606911650029
2016-06-07,0.9998830813988375,0.0015610897516293277,0.001561138486435798
2016-06-08,0.9988981623782838,0.0032592309834690537,0.0032596120927552708
2016-06-09,0.9942540283774357,-0.0013638829563708621,-0.0013653873915671078
2016-06-10,0.9053478433873365,-0.009423082683763972,-0.009477540361734205
2016-06-13,0.5967320947388621,-0.00698213375856684,-0.0077121007241187645
2016-06-14,0.4139510621960698,-0.0011735440188463337,-0.0019666178997124195
2016-06-15,0.31610729183120456,-0.0005769315427897651,-0.0013937191989049635
2016-06-16,0.13606012295194003,0.0009433276416947828,0.002984200826972705
2016-06-17,0.05530605636472696,-0.0005066997253230834,-0.003724086928115322
2016-06-20,0.011875065984339073,0.000356170274925259,0.00643998683573499
2016-06-21,0.014913950491389771,3.370607496181742e-05,0.002838390540841562
2016-06-22,0.00967619237193773,-2.43242970610096e-05,-0.0016309761169619463
2016-06-23,0.005893810937670274,0.00012600990470361316,0.013022674607943818
2016-06-24,0.0,-0.00021164317018708875,-0.035909392483965186
2016-06-27,4.2899855109412854e-06,-0.0,-0.01790964999074729
2016-06-28,0.01578113757438826,7.737383326186947e-08,0.01803591948376826
2016-06-29,0.02542197825551662,0.00026871269625031895,0.01702746047195114
2016-06-30,0.9165971774046803,0.00034690163401155397,0.013645737185550288
2016-07-01,0.9900631545922216,0.0019254108061633193,0.002100607391804399
2016-07-04,0.9995365039445635,0.0,0.0
2016-07-05,0.9999407008606126,-0.0071897918814273504,-0.007193125866892913
2016-07-06,0.999814638644127,0.005997323595238985,0.005997679252456978
2016-07-07,0.9964981654232726,-0.000619862200275079,-0.0006199771200746662
2016-07-08,0.9862763593248308,0.014838328287955662,0.014890472258574539
2016-07-11,0.9595669797075022,0.0034784210746123703,0.003526821911247646
2016-07-12,0.9647902794919506,0.006969531940482643,0.0072632052664078905
2016-07-13,0.9883689491984604,-0.00013440883121578913,-0.00013931403961342514
2016-07-14,0.9966113491200457,0.00551837436006518,0.005583314170827025
2016-07-15,0.9998537497201768,-0.0013372347952677619,-0.0013417816247511816
2016-07-18,0.9999919633855229,0.002687024159780934,0.0026874171952977477
2016-07-19,0.9999972010486908,-0.0010166618659923261,-0.0010166700365774606
2016-07-20,0.9999929245805613,0.004162874986607086,0.0041628866383240926
2016-07-21,0.9999992961991462,-0.0037771292222041545,-0.003777155947166766
2016-07-22,0.9999985918090731,0.004485196839941742,0.00448519999662933
2016-07-25,0.9999995194707122,-0.0027161931144465334,-0.002716196939370419
2016-07-26,0.9999953902977845,0.0004617532090392018,0.0004617534309252491
2016-07-27,0.999995047220835,-0.0010609855306429835,-0.00106099042149288
2016-07-28,0.999998431512085,0.0011544516884843816,0.0011544574062569701
2016-07-29,0.9999882674392201,0.0016144565324620417,0.001614459064721574
2016-08-01,0.9999808558602682,-0.0008287547483719609,-0.0008287644719014997
2016-08-02,0.9999964557439522,-0.006407189362401388,-0.006407312024878098
2016-08-03,0.9999946575666588,0.0029227454167428057,0.00292275577573764
2016-08-04,0.9999015578315831,0.0010640301121563553,0.0010640357966966718
2016-08-05,0.9990128094715687,0.008178046880878687,0.00817885202480717
2016-08-08,0.9999418395426641,-0.0005955058989627811,-0.000596094357666721
2016-08-09,0.9999847895757775,0.0005964152082868652,0.0005964498980857158
2016-08-10,0.9999957782593256,-0.0024749946070083883,-0.0024750322532989255
2016-08-11,0.9999889437513355,0.0046405124010542925,0.004640531992176955
2016-08-12,0.9999925221218647,-0.0008687166345933464,-0.000868726239446671
2016-08-15,0.9999563227564994,0.002883555908332209,0.0028835774713731332
2016-08-16,0.999991995266471,-0.005157544410092015,-0.005157769687254565
2016-08-17,0.9999969038319976,0.0018810657470309047,0.001881080804581492
2016-08-18,0.9999967073902202,0.0022443460650069247,0.0022443530139009127
2016-08-19,0.999995157855354,-0.0014622929732862854,-0.0014622977880622834
2016-08-22,0.9999982112229525,-4.5783943738332055e-05,-4.578416543188357e-05
2016-08-23,0.9999977349751181,0.002013201974315192,0.002013205575491117
2016-08-24,0.999999776972914,-0.005114727542322679,-0.005114739127334067
2016-08-25,0.9999985163467336,-0.000688445531464332,-0.0006884456850063669
2016-08-26,0.9999731557538858,-0.0018833241689038003,-0.0018833269631080007
2016-08-29,0.9999910562934401,0.004924159883463221,0.00492429207237155
2016-08-30,0.9999980230260878,-0.001648673913395298,-0.0016486886587828709
2016-08-31,0.999999532714846,-0.0028438412211706614,-0.002843846843381681
2016-09-01,0.9999995048892298,4.5535294441625545e-05,4.5535315719602565e-05
2016-09-02,0.99999705171679,0.0045081175204088435,0.004508119752427486
2016-09-05,0.9999985109878337,0.0,0.0
2016-09-06,0.9999984115724672,0.0030224672579242983,0.003022471758421519
2016-09-07,0.9999964258455083,-9.128177869640136e-05,-9.12819236911222e-05
2016-09-08,0.9999698060169466,-0.002282982499262946,-0.0022829906590242643
2016-09-09,0.9998850040631296,-0.023934113564462175,-0.023934836252502367
2016-09-12,0.9999800217257412,0.014345449072393927,0.01434709893047681
2016-09-13,0.9999622427016358,-0.014374967593903441,-0.014375254786686109
2016-09-14,0.9999726672798869,-0.00037538038842467917,-0.00037539456230917256
2016-09-15,0.9999930320750211,0.009992911894985105,0.009993185035914731
2016-09-16,0.9999976014616077,-0.0038657377904679348,-0.003865764726826537
2016-09-19,0.9999969172132099,0.00018721418299437665,0.0001872146320358592
2016-09-20,0.999995523365644,4.7148785460380036e-05,4.7148930810481104e-05
2016-09-21,0.9999953250158331,0.011245522365236639,0.011245572707553775
2016-09-22,0.9999119505812705,0.006301574384028999,0.006301603843927195
2016-09-23,0.9999948952624714,-0.005478789749280932,-0.005479272196012852
2016-09-26,0.9999953519161044,-0.0081023332926627,-0.008102374653158662
2016-09-27,0.9999995627097281,0.006207980018785794,0.006208008874131865
2016-09-28,0.9999958811484123,0.00496337369704765,0.004963375867483633
2016-09-29,0.9999892378131066,-0.009047076411603102,-0.009047113675321627
2016-09-30,0.9999141983640795,0.007545821776814893,0.007545902987233122
2016-10-03,0.9999936839273705,-0.002403739268929861,-0.002403945531389118
2016-10-04,0.9999871115114564,-0.0050976656451502565,-0.005097697842580073
2016-10-05,0.9999914261936728,0.0044249338823189955,0.004424990913763693
2016-10-06,0.9999987947362885,0.0006957419588637233,0.0006957479240716768
2016-10-07,0.9999995998147656,-0.0034292738466064512,-0.003429277979790757
2016-10-10,1.0,0.005208241689323608,0.005208243773585863
2016-10-11,0.9999978332526853,-0.012629358754287279,-0.012629358754287279
2016-10-12,0.9999947814889508,0.001311630144005552,0.0013116329859828024
2016-10-13,0.9999720418839263,-0.003275477125769557,-0.00327549421897233
2016-10-14,0.9999447126448378,0.0005165096564067304,0.0005165240974474017
2016-10-17,0.9999901871487838,-0.003471720647895468,-0.0034719126007605183
2016-10-18,0.9999950245830799,0.006261896469510516,0.006261957917171879
2016-10-19,0.9999936226982081,0.002667231920249589,0.002667245190906442
2016-10-20,0.9999966877831191,-0.0018666726381803011,-0.0018666845425909795
2016-10-21,0.9999999314682491,0.0004677916999150615,0.0004677932493477588
2016-10-24,0.9999992195708329,0.004252535145530767,0.004252535436964466
2016-10-25,0.999998758044762,-0.0033506567705257587,-0.003350659385478072
2016-10-26,0.999967282708711,-0.0020077556139356297,-0.0020077581074813278
2016-10-27,0.9994968853193859,-0.0026665339539389144,-0.002666621198561425
2016-10-28,0.9906703848764042,-0.002954141688258895,-0.0029556287084525623
2016-10-31,0.8950639050833942,4.665164885260028e-05,4.709098966193537e-05
2016-11-01,0.8109213051572426,-0.00648494449654357,-0.0072452307144922345
2016-11-02,0.7527646340492256,-0.004880756556580155,-0.006018779535745145
2016-11-03,0.6641657469872184,-0.003445353079097295,-0.004576932713435622
2016-11-04,0.6321592579502617,-0.0007317425286182407,-0.0011017468635465821
2016-11-07,0.6309832096729804,0.013943498445965225,0.022056939403491738
2016-11-08,0.9329084789431051,0.0028420815700818222,0.004504211089158439
2016-11-09,0.9968976569042868,0.009890743300693233,0.010602051030663251
2016-11-10,0.9998188094178618,0.002487660402938058,0.002495401996091662
2016-11-11,0.9999564208857437,-0.002304376238049902,-0.0023047938449883842
2016-11-14,0.9994577188263221,0.000785338601578783,0.0007853728274309635
2016-11-15,0.999128149141644,0.007798436603911544,0.007802667843787692
2016-11-16,0.9999601935615862,-0.00187661102251462,-0.0018782485751470679
2016-11-17,0.9999693977970259,0.005140060922836189,0.0051402655384997775
2016-11-18,0.9999973114683505,-0.0022373985230607954,-0.0022374669944799086
2016-11-21,0.9999895467533185,0.007551706056885175,0.007551726359940503
2016-11-22,0.9999722168390965,0.0019532810681582432,0.001953301486500525
2016-11-23,0.9999964695663642,0.0005439152648065123,0.0005439303769116943
2016-11-24,0.9999992106432407,0.0,0.0
2016-11-25,0.9999985750689212,0.003715465008230302,0.0037154679410600355
2016-11-28,0.9999993790843137,-0.0046947487388186845,-0.004694755428521602
2016-11-29,0.9999984604247236,0.0019501346237588443,0.0019501358346287745
2016-11-30,0.9999991621332294,-0.00239908231678237,-0.0023990860103558775
2016-12-01,0.9999966582566947,-0.003675202039625114,-0.0036752051189573587
2016-12-02,0.9999989097449219,0.0005009283296550061,0.0005009300036344921
2016-12-05,0.9999898600277397,0.006008467527610968,0.006008474078380344
2016-12-06,0.9999831050802184,0.0031675760025790464,0.003167608122037535
2016-12-07,0.9999792780967383,0.01308053378645901,0.013080754784761783
2016-12-08,0.9999949002818955,0.002448665290784277,0.002448716032841025
2016-12-09,0.9999571690781313,0.006040204002846063,0.006040234806340861
2016-12-12,0.9999968698004904,-0.0011473911204700625,-0.0011474402663944616
2016-12-13,0.9999959803458566,0.006673778240706734,0.006673799131029501
2016-12-14,0.9999867338762061,-0.008254362014586233,-0.008254395194400077
2016-12-15,0.9999822567514975,0.004117144803639544,0.004117199422916773
2016-12-16,0.9999979706472054,-0.001955714819745579,-0.00195574952109534
2016-12-19,0.9999969931326005,0.002177352514299047,0.0021773569329244236
2016-12-20,0.9999963954602633,0.0038575854187689477,0.0038575970180516617
2016-12-21,0.9999963319979843,-0.0027824428130990087,-0.0027824528425608452
2016-12-22,0.9999963297812586,-0.0017274792843045943,-0.001727485620725333
2016-12-23,0.9999969043291028,0.0014640134815996925,0.0014640188548691313
2016-12-26,0.9999969870690741,0.0,0.0
2016-12-27,0.9999954069446753,0.002481192859004238,0.0024812003346894596
2016-12-28,0.9999970433753627,-0.008264791500821232,-0.0082648294616402
2016-12-29,0.9999986865326191,-0.0002223333663157458,-0.0002223340236739979
2016-12-30,0.9999994473532617,-0.003655024638066839,-0.003655029438828783
2017-01-02,0.9999992498264418,0.0,0.0
2017-01-03,0.9999829181327684,0.007649649053680796,0.0076496547922495495
2017-01-04,0.9999355988276458,0.005949300015824768,0.005949401642713736
2017-01-05,0.9999940332070613,-0.0007944597341202938,-0.0007945109015538021
2017-01-06,0.9999907753376784,0.0035776522086881095,0.0035776735559254202
2017-01-09,0.9999950213542526,-0.0033004233230681094,-0.003300453768639633
2017-01-10,0.99999629282937,0.0,0.0
2017-01-11,0.9999941861822972,0.002825875608205491,0.0028258860842473865
2017-01-12,0.9999962407596115,-0.0025100458043706276,-0.0025100603974042013
2017-01-13,0.999995566596057,0.0022955004645060484,0.0022955090938765466
2017-01-16,0.9999951642168979,0.0,0.0
2017-01-17,0.999988783213668,-0.003523279617001383,-0.00352329665489981
2017-01-18,0.9999909815313262,0.0022096653398642214,0.002209690125486219
2017-01-19,0.9999989877139589,-0.003704307398419692,-0.0037043408059012073
2017-01-20,0.999994187805196,0.0036737529225802806,0.0036737566414728473
2017-01-23,0.9999747774996074,-0.002602187483914108,-0.002602202608422588
2017-01-24,0.9999748245907353,0.006411854530018965,0.006412016257101527
2017-01-25,0.9999571568763254,0.008655197690809663,0.008655415594439608
2017-01-26,0.9999905159897114,-0.0010453262724190457,-0.0010453710593806287
2017-01-27,0.9999930619021499,-0.0015697211504991663,-0.0015697360378919
2017-01-30,0.9999962143795311,-0.00620186133729251,-0.006201904366711863
2017-01-31,0.9999974334274743,-8.768661833720006e-05,-8.768695028671392e-05
2017-02-01,0.9999928672023931,0.0003956734716008048,0.00039567448712807263
2017-02-02,0.9999968527539328,0.0006586484459595857,0.000658653143999155
2017-02-03,0.9999852604605173,0.006893088655973616,0.006893110350288056
2017-02-06,0.9999893659818858,-0.0017879567075068804,-0.0017879830615538106
2017-02-07,0.9999955124436132,4.4080516426496494e-05,4.408098518449144e-05
2017-02-08,0.9999900082517743,0.0013103227734731675,0.0013103286536468861
2017-02-09,0.9999881220529184,0.0059328019021094285,0.005932861181764615
2017-02-10,0.999993399075904,0.00394601936722837,0.00394606623839433
2017-02-13,0.9999934222451751,0.005442648210620281,0.00544268413736515
2017-02-14,0.9999905019400264,0.0039950491595706975,0.003995075438197437
2017-02-15,0.9999971588646825,0.00522049503861291,0.00522054462365884
2017-02-16,0.9999920314772232,-0.0008514637532573461,-0.0008514661723879602
2017-02-17,0.9999948765685207,0.0015761431774745632,0.0015761557371074542
2017-02-20,0.9999968610483082,0.0,0.0
2017-02-21,0.9999920793840263,0.005955109344085086,0.005955128036944313
2017-02-22,0.9999969589845215,-0.0008878059855846813,-0.0008878130176106502
2017-02-23,0.999996844451167,0.000677070724689863,0.0006770727836786783
2017-02-24,0.9999802912498722,0.0012689848588592547,0.001268988863215581
2017-02-27,0.99997737354938,0.001563049502509188,0.0015630803088684253
2017-02-28,0.9999850079421185,-0.002699270772917542,-0.0026993318492163354
2017-03-01,0.9996858003537997,0.01399740211727407,0.01399761197028293
2017-03-02,0.9999817145543864,-0.006295563275001047,-0.006297541960456954
2017-03-03,0.99998541586452,0.0006295725913984617,0.0006295841036243477
2017-03-06,0.999983687583659,-0.002977776953611564,-0.002977820382547458
2017-03-07,0.9999852040229756,-0.00298703729541975,-0.0029870860220105877
2017-03-08,0.999987516232899,-0.0018562661885982716,-0.0018562936542765307
2017-03-09,0.9999860623381347,0.0012678806680104467,0.0012678964961350125
2017-03-10,0.9999963918122029,0.0035043933223044684,0.003504442166034405
2017-03-13,0.9999870789990436,0.0005046416125412395,0.0005046434333895178
2017-03-14,0.9999560280495776,-0.003826379838319247,-0.0038264292796156285
2017-03-15,0.9999810738715289,0.008652823573029916,0.008653204071290332
2017-03-16,0.9998407360889242,-0.00196662202453067,-0.0019666592457762144
2017-03-17,0.9999834858095119,-0.001756378841264313,-0.0017566586135855378
2017-03-20,0.9999838965201793,-0.0010965590793778801,-0.0010965771884624553
2017-03-21,0.9999816488222857,-0.012839319597469857,-0.012839526358523479
2017-03-22,0.9999434505569057,0.0023530414821187973,0.002353084663993643
2017-03-23,0.9999915421087601,-0.0010669512325245996,-0.0010670115714347395
2017-03-24,0.9999961337916675,-0.0007264811053805935,-0.0007264872499307407
2017-03-27,0.9999915009999747,-0.0010261848404456728,-0.0010261888079053927
2017-03-28,0.9999506486234457,0.007276882642509685,0.0072769444892610835
2017-03-29,0.9999755660557843,0.0009346035483742735,0.0009346496746223121
2017-03-30,0.9999650256368855,0.0031841321258429933,0.003184209928650761
2017-03-31,0.9999916857547378,-0.002327360730386956,-0.0023274421311931803
2017-04-03,0.9999909244686798,-0.0017394316873555638,-0.0017394461495374713
2017-04-04,0.9999972748819486,0.0006375989074612281,0.000637604694062599
2017-04-05,0.9999880385911768,-0.0029727126779227862,-0.002972720778937843
2017-04-06,0.9999977903705649,0.0028111893202518072,0.002811222946438763
2017-04-07,0.9999920993810743,-0.0010194492406323133,-0.0010194514932423404
2017-04-10,0.9999991445205385,0.0005951575081696993,0.000595162210319522
2017-04-11,0.9999881639149424,-0.0011897649313204418,-0.0011897659491407753
2017-04-12,0.9999952806200454,-0.004381768459235692,-0.0043818203228337405
2017-04-13,0.9999881078245052,-0.006494744309827167,-0.006494774961137928
2017-04-14,0.9999954759186667,0.0,0.0
2017-04-17,0.9999978861269212,0.00885971236598634,0.00885975244822701
2017-04-18,0.9999924518596508,-0.002984022111003688,-0.002984028418861029
2017-04-19,0.9999886567581069,-0.0018388150483003886,-0.0018388289280392156
2017-04-20,0.9999973879296973,0.008139008247331426,0.008139100571117996
2017-04-21,0.9999964386701637,-0.0031868327088247143,-0.0031868410330775365
2017-04-24,0.999942059086666,0.010997874186186331,0.010997913353383293
2017-04-25,0.9999724523438914,0.005818306144581347,0.005818643282087477
2017-04-26,0.999992055587067,-0.0006289807605761896,-0.0006289980879992108
2017-04-27,0.999988211859414,0.0008391606968203608,0.0008391673635124164
2017-04-28,0.9999917208472908,-0.0021792868154060325,-0.0021793125054482276
2017-05-01,0.9999879381139565,0.0025199772562529005,0.0025199981197021604
2017-05-02,0.9999911777009822,0.0003771002991590722,0.00037710484775477227
2017-05-03,0.9999907816313658,-0.0012143766294447965,-0.001214387343133061
2017-05-04,0.9999825139323099,0.0011737944039116976,0.0011738052244809616
2017-05-05,0.9999902789745657,0.0039370904920028645,0.003937159337437546
2017-05-08,0.9999855605700088,-0.00016715649540150233,-0.0001671581203498418
2017-05-09,0.999979654636841,-0.0009178580779495194,-0.0009178713314883513
2017-05-10,0.999988789253794,0.0017958700703685838,0.0017959066087407383
2017-05-11,0.9999916607956225,-0.002042600167903995,-0.002042623067232796
2017-05-12,0.9999816210324218,-0.0016710084260637707,-0.0016710223610607589
2017-05-15,0.9999867071524078,0.005523163634563668,0.005523265146474721
2017-05-16,0.9999878309853314,-0.0009153412902255111,-0.0009153534578795197
2017-05-17,0.9999165062674473,-0.017743932956952074,-0.017744148885760147
2017-05-18,0.9999951779965294,0.004028291825298178,0.00402862819050287
2017-05-19,0.9999893895954493,0.00650401071748096,0.006504042079994443
2017-05-22,0.9999842632292897,0.005077537315147257,0.005077591190443931
2017-05-23,0.9999890174102242,0.0022125626087621895,0.0022125974279005867
2017-05-24,0.9999885045701803,0.0023331110822552154,0.00233313670613855
2017-05-25,0.9999880111144278,0.0047793918572763515,0.004779446799071607
2017-05-26,0.9999863470239416,-0.00020685540477996956,-0.00020685788477547984
2017-05-29,0.9999859332315129,0.0,0.0
2017-05-30,0.999990439643501,-0.0008687231280276332,-0.0008687353483266547
2017-05-31,0.9999806894844184,-0.0002485380409377929,-0.0002485404170727845
2017-06-01,0.999977884468137,0.007952055926359987,0.007952209487625206
2017-06-02,0.9999850659681291,0.0033284572983187776,0.003328530910550187
2017-06-05,0.9999883655535768,-0.0007373848301838826,-0.0007373958424768956
2017-06-06,0.999985911115921,-0.0031969335007491608,-0.0031969706957334365
2017-06-07,0.9999904272026789,0.0018505237097565222,0.0018505497819378824
2017-06-08,0.9999863364981953,0.0004927418413761519,0.0004927465583390855
2017-06-09,0.9999915387913002,-0.001517841134106181,-0.0015178618734146276
2017-06-12,0.999996358569967,-0.00020567077273304406,-0.00020567251297110012
2017-06-13,0.9999902476812291,0.00488992114802692,0.004889938954397488
2017-06-14,0.9999917944851113,-0.0012675581252701868,-0.0012675704870216409
2017-06-15,0.9999928262765504,-0.0019241423929875036,-0.0019241581816961117
2017-06-16,0.9999849136439853,0.00021828846801766786,0.00021829003397000335
2017-06-19,0.9999818285035057,0.008325056724864511,0.008325182321528901
2017-06-20,0.9999703813217387,-0.006744102909607143,-0.0067442254622764874
2017-06-21,0.9999611853392812,-0.00024694307889205664,-0.0002469503932363004
2017-06-22,0.9999894339592633,-0.00045241620391674615,-0.00045243376497983157
2017-06-23,0.999988364147906,0.0011942839765904242,0.0011942965955769047
2017-06-26,0.9999866510492423,0.0006577933085920569,0.0006578009626667658
2017-06-27,0.9999885188115918,-0.008056094049838518,-0.00805620159167686
2017-06-28,0.9999892367866454,0.008950329870334905,0.008950432631938288
2017-06-29,0.999996603001958,-0.008788664078584684,-0.008788758673869412
2017-06-30,0.9999956677730751,0.0018643884069661325,0.0018643947403114147
2017-07-03,0.9999928947441042,0.0016954363356396517,0.0016954436806864148
2017-07-04,0.9999960267936594,0.0,0.0
2017-07-05,0.999995070638806,0.0023120884196488785,0.002312097606089747
2017-07-06,0.9999907188885081,-0.009144420969036794,-0.009144466045412858
2017-07-07,0.9999847598065577,0.006485146955459461,0.006485207145390026
2017-07-10,0.999995042404822,0.0010739834412335735,0.0010739998091984226
2017-07-11,0.9999930863688785,-0.0007428758865140441,-0.0007428795694102153
2017-07-12,0.999986432853551,0.007514885732004807,0.00751493768751188
2017-07-13,0.9999839140492356,0.0016802087520594142,0.0016802315480068941
2017-07-14,0.9999769874210582,0.004663911468345167,0.004663986493002259
2017-07-17,0.9999830336610203,-0.00012215450850373806,-0.00012215731965870003
2017-07-18,0.9999858760571254,0.0005295467135120271,0.0005295556981335103
2017-07-19,0.9999765239638218,0.005413716046966726,0.005413792511062887
2017-07-20,0.9999788843792918,0.00044537738704108815,0.00044538784298220335
2017-07-21,0.9999733693991503,-0.0008902185890362616,-0.0008902373869512648
2017-07-24,0.9999773981796335,-0.00024307280702741234,-0.00024307928037470283
2017-07-25,0.9999552443198144,0.0024309741376977944,0.0024310290833804427
2017-07-26,0.9999804360210519,4.012809457752876e-05,4.0129890618079145e-05
2017-07-27,0.9999881981394366,-0.0009293018334160088,-0.0009293200146132108
2017-07-28,0.9999843436023561,-0.0011732894127344806,-0.0011733032598959525
2017-07-31,0.9999895967325596,-0.0005669417998788624,-0.0005669506762840948
2017-08-01,0.9999893152119605,0.002228759417520335,0.0022287826041418324
2017-08-02,0.9999904717951643,0.00048535932166633044,0.00048536450768321693
2017-08-03,0.999988437308394,-0.0019399315280056951,-0.0019399500122467828
2017-08-04,0.9999883533024359,0.0018221639373684206,0.0018221850067317025
2017-08-07,0.99998566410478,0.0018592636633407102,0.0018592853178744928
2017-08-08,0.9999638489975305,-0.0024608232729950354,-0.0024608585516053827
2017-08-09,0.9994819155240205,-4.06501374204827e-05,-4.065160701682835e-05
2017-08-10,0.999888257096212,-0.014107937965535325,-0.014115250857879347
2017-08-11,0.999978021699074,0.0014767629478244606,0.0014769279840460836
2017-08-14,0.9999575969747787,0.009912792759851203,0.009913010630981933
2017-08-15,0.9999965687203934,-0.00012152454700521506,-0.00012152970023215914
2017-08-16,0.9999974465231956,0.001744523021036921,0.0017445290070037256
2017-08-17,0.9999929922607507,-0.015591048077859767,-0.015591087889341049
2017-08-18,0.9999971292022689,-0.001563109347974143,-0.0015631203019136342
2017-08-21,0.9999986990251536,0.0007828175634351188,0.0007828198107524553
2017-08-22,0.9999836444217944,0.010456838821822556,0.010456852425924534
2017-08-23,0.9999975153484023,-0.0035853317332003656,-0.0035853903743330306
2017-08-24,0.9999958732657944,-0.0023306171583997,-0.0023306229491857344
2017-08-25,0.9999963492899514,0.0023360578012465777,0.0023360674415759952
2017-08-28,0.9999965491447241,4.1028666765679935e-05,4.10288165499928e-05
2017-08-29,0.9999973285300583,0.001144889348878241,0.0011448932997393246
2017-08-30,0.9999927408499922,0.0047374575716497115,0.004737470227659024
2017-08-31,0.999992046979386,0.006015859126507659,0.0060159027968484935
2017-09-01,0.9999889077195372,0.0014142560832155298,0.0014142673309127662
2017-09-04,0.9999886301057123,0.0,0.0
2017-09-05,0.9999782502619875,-0.007181877970372351,-0.007181959628494106
2017-09-06,0.9999827436294791,0.003413736164728383,0.0034138104142105163
2017-09-07,0.9999943974315321,-0.0001215631606045556,-0.00012156525837969667
2017-09-08,0.999994289345804,-0.0011748651645922784,-0.0011748717468916814
2017-09-11,0.9999779902978937,0.010666258434789572,0.010666319346450903
2017-09-12,0.9999898569978016,0.0033705149507080798,0.003370589136370894
2017-09-13,0.9999912358214256,0.0004797102576983569,0.00047971512344990863
2017-09-14,0.9999877957097457,-0.00031953727457899864,-0.0003195400750852784
2017-09-15,0.999989395926835,0.0013461919381344294,0.0013462083676520908
2017-09-18,0.99998525887119,0.0021265689404871405,0.002126591491018903
2017-09-19,0.9999885587661292,0.0010011553434791979,0.00100117010185663
2017-09-20,0.9999769628735908,0.0003601068241710311,0.00036011094428456403
2017-09-21,0.9999810376071143,-0.0026791023231591124,-0.002679164043399851
2017-09-22,0.9999811044091781,0.00020031345316693606,0.00020031725166136383
2017-09-25,0.9999875603139655,-0.0020446462873954254,-0.0020446849229250885
2017-09-26,0.9999868851678443,0.0006024749260789442,0.0006024824207710999
2017-09-27,0.9999816185287959,0.003894453531277068,0.003894504607051319
2017-09-28,0.9999817525285108,0.001199893958716398,0.0011999160149380739
2017-09-29,0.9999819252122493,0.00351490970067923,0.0035149738400641617
2017-10-02,0.9999804145374269,0.004338628259268399,0.004338706680470761
2017-10-03,0.9999812324970805,0.002139878364607762,0.0021399202759362357
2017-10-04,0.9999830100195266,0.001186559373038313,0.0011865816422127473
2017-10-05,0.9999771700382882,0.005925018882310643,0.005925119549976099
2017-10-06,0.9999841286574955,-0.0011387561185468684,-0.0011387821168989953
2017-10-09,0.9999905241730584,-0.0016511483682943725,-0.0016511745746515816
2017-10-10,0.9999884028240438,0.0026382369064814003,0.00263826190619465
2017-10-11,0.9999861291495845,0.0015711773880073578,0.001571195609439302
2017-10-12,0.9999785001188645,-0.001490270197153579,-0.0014902908687552952
2017-10-13,0.9999767639460249,0.0012175393661128231,0.0012175655436272859
2017-10-16,0.9999727269296894,0.0013336094472892461,0.0013336404358303966
2017-10-17,0.9999871746471757,0.0007048524858521793,0.0007048717098678825
2017-10-18,0.9999863816163517,0.0009786918120738021,0.000978704364302585
2017-10-19,0.9999860232152544,0.00027371649405571384,0.00027372022168270504
2017-10-20,0.999980392413625,0.005160359509908925,0.005160431636151097
2017-10-23,0.9999940497866049,-0.003889295579059539,-0.0038893718402538413
2017-10-24,0.9999955762735528,0.0017570372967480943,0.0017570477515571614
2017-10-25,0.9999920815051969,-0.004949931494468608,-0.004949953391708339
2017-10-26,0.999995422254299,0.001292334199097681,0.0012923444325203537
2017-10-27,0.9999821183799632,0.00817620077775075,0.00817623820649005
2017-10-30,0.9999818738119904,-0.003724737517533821,-0.0037248041230658613
2017-10-31,0.9999886254620347,0.001557521499546687,0.0015575497319859632
2017-11-01,0.9999872725933794,0.0013224193430568965,0.0013224343851370168
2017-11-02,0.9999822498156156,0.00038816197791327644,0.000388166918271482
2017-11-03,0.9999762660086077,0.0033388697272230847,0.0033389289938283717
2017-11-06,0.9999762046400785,0.0015474702803679227,0.001547507008885951
2017-11-07,0.9999721912977656,-0.0006952284063787024,-0.0006952449499825208
2017-11-08,0.9998377250934573,0.001700944582495442,0.0017009918848722716
2017-11-09,0.9998388989199164,-0.003627290794082916,-0.0036278795078910075
2017-11-10,0.9999826305214813,-0.0003098816768487482,-0.00030993160716541457
2017-11-13,0.9999936735975326,0.0009297293607375268,0.0009297455099321894
2017-11-14,0.9999639510826149,-0.002322493556429793,-0.0023225082495517135
2017-11-15,0.9997179534069437,-0.005005052845367403,-0.005005233278608356
2017-11-16,0.9989090196218958,0.008498449045571203,0.008500846680415508
2017-11-17,0.999933032415032,-0.0029354155395983354,-0.0029386215180131625
2017-11-20,0.9999755516058726,0.0017064240959792567,0.0017065383787331356
2017-11-21,0.9999811676230134,0.006542568570482418,0.00654272852968818
2017-11-22,0.9999785776381184,-0.0008845981142911562,-0.0008846147736900623
2017-11-23,0.9999860382681836,0.0,0.0
2017-11-24,0.999983981102347,0.0023096229450576297,0.0023096551918440067
2017-11-27,0.9999867191003938,-0.0004991269509421289,-0.0004991349465337525
2017-11-28,0.9999882067305766,0.010144636468587955,0.010144771200275793
2017-11-29,0.9999927250460539,-0.000608640672604283,-0.0006086478505523685
2017-11-30,0.9999945429846273,0.008754959035704111,0.008755022728091255
2017-12-01,0.9999958338059428,-0.0020755093260254294,-0.0020755206521735348
2017-12-04,0.999994472733341,-0.0012100378468896868,-0.0012100428881631764
2017-12-05,0.9999957266727559,-0.0035964429772809806,-0.0035964628558902145
2017-12-06,0.9999833205676804,0.00018987933170505424,0.00018988014312504298
2017-12-07,0.9999888266977852,0.003153027479927508,0.003153080071513159
2017-12-08,0.9999833834518388,0.005453206677792221,0.005453267608799273
2017-12-11,0.9999794568467307,0.003012666667152716,0.0030127167281053246
2017-12-12,0.9999846699381095,0.0017648948611011573,0.0017649311183516314
2017-12-13,0.9999727473750323,-0.00011234102242954454,-0.00011234274465077299
2017-12-14,0.9999900221898418,-0.00408616188266084,-0.004086273244333083
2017-12-15,0.9999792138595802,0.00832747004363224,0.008327553134376497
2017-12-18,0.9999824325390918,0.006341060271193636,0.006341192080102642
2017-12-19,0.9999854481349335,-0.0038402837589840036,-0.0038403512242040083
2017-12-20,0.9999842128095378,-0.0005241617864037309,-0.000524169414046316
2017-12-21,0.9999840823788329,0.002059765040106443,0.0020597975585228134
2017-12-22,0.9999869386850743,-0.000261808552308658,-0.0002618127197443476
2017-12-25,0.9999874368487329,0.0,0.0
2017-12-26,0.999989833161369,-0.0011959159843629816,-0.001195931009025153
2017-12-27,0.9999903269705449,0.00048649270033205975,0.00048649764647512583
2017-12-28,0.9999881070599687,0.002057607676810842,0.002057627580303034
2017-12-29,0.9999925091521993,-0.0037706745992431654,-0.0037707194441833902
2018-01-01,0.9999943533747362,0.0,0.0
2018-01-02,0.9999784235740202,0.007157227113095701,0.0071572675275033415
2018-01-03,0.9999249080923762,0.006325211004840556,0.006325347483232324
2018-01-04,0.9999372423667714,0.004214304740478187,0.004214621224425841
2018-01-05,0.9999660751852658,0.006663777876359527,0.006664196105534481
2018-01-08,0.9999804738597006,0.0018286721413184918,0.001828734180786773
2018-01-09,0.999980174026878,0.002263062070760178,0.0022631062604905328
2018-01-10,0.9998880338065355,-0.00152963294684207,-0.0015296632739050242
2018-01-11,0.9999775092998056,0.007294998347638383,0.007295815232298164
2018-01-12,0.9999866756207346,0.006519099386740842,0.006519246009148327
2018-01-15,0.9999900833809925,0.0,0.0
2018-01-16,0.9999972715216454,-0.0034185635085132323,-0.003418597409441282
2018-01-17,0.9999983671202785,0.009531761389230583,0.009531787396506175
2018-01-18,0.9999987118259724,-0.0016806747347821948,-0.001680677479126369
2018-01-19,0.9999963773787847,0.004549568005357743,0.0045495738660006335
2018-01-22,0.9999948366346502,0.008131156144473918,0.00813118560067938
2018-01-23,0.9999955822258687,0.002122299809920815,0.002122310768186697
2018-01-24,0.9999954176094293,-0.000388532812567195,-0.0003885345290249864
2018-01-25,0.9999969196446625,0.00042400752260887367,0.0004240094655858506
2018-01-26,0.9999924018672969,0.011577688661979507,0.011577724325484429
2018-01-29,0.9999962806827472,-0.006629931336082618,-0.006629981711563482
2018-01-30,0.999951388438732,-0.010256969526319123,-0.010257007675384733
2018-01-31,0.999670207143308,0.000496572257734759,0.0004965963980609889
2018-02-01,0.9941156673870565,-0.0011345702746750255,-0.0011349445712873774
2018-02-02,0.8579522411592037,-0.021641726442169686,-0.021769827347207005
2018-02-05,0.0,-0.03588173553082863,-0.04182253254837098
2018-02-06,7.257839884644568e-10,0.0,0.019702241621801564
2018-02-07,1.7571613053490864e-09,-3.937271774137796e-12,-0.005424853450498257
2018-02-08,0.0,-6.590926848650076e-11,-0.03750894598342347
2018-02-09,1.5279666421008642e-10,0.0,0.01502144305444486
2018-02-12,1.3210806137919917e-06,2.2437244588976787e-12,0.014684381170865679
2018-02-13,0.002434029668930915,3.2860677102146537e-09,0.002487408925623713
2018-02-14,0.15587172732623322,3.285083327234529e-05,0.013496480216189877
2018-02-15,0.2942751483305609,0.0019889115492807766,0.012759924993440697
2018-02-16,0.5967499987381042,8.626977918007472e-05,0.0002931602606250916
2018-02-19,0.8381751248861576,0.0,0.0
2018-02-20,0.9087534546347626,-0.005247984553287048,-0.0062612029365579636
2018-02-21,0.964151991408364,-0.004520766966399658,-0.004974690267578241
2018-02-22,0.9919068899939787,0.0012500975960887215,0.0012965773106610179
2018-02-23,0.99919805895157,0.01581010765137827,0.01593910457812653
2018-02-26,0.99969451597632,0.011602850846782533,0.011612163117047158
2018-02-27,0.9995202708754611,-0.0124826663774245,-0.01248648079782022
2018-02-28,0.9983991768984508,-0.010125136146945565,-0.010129995800962743
2018-03-01,0.9957851397031884,-0.014517297986668285,-0.01454057487483773
2018-03-02,0.9983257412839136,0.00513310788215453,0.0051548347906502645
2018-03-05,0.999334037188208,0.011538439928891156,0.011557790660643441
2018-03-06,0.9997946654889468,0.0025331178859939727,0.0025348059725067706
2018-03-07,0.9999603533601713,-0.0003656714545913023,-0.0003657465549813388
2018-03-08,0.9999906539587815,0.004838555457215521,0.004838747297286838
2018-03-09,0.9999951342570742,0.017402133650452466,0.017402296293030917
2018-03-12,0.9999962910595342,-0.0012550036283495937,-0.0012550097349043332
2018-03-13,0.9999930258916394,-0.006462857951667909,-0.006462881922112196
2018-03-14,0.9999836902955845,-0.00513130436871725,-0.005131340155239528
2018-03-15,0.9999648227620573,-0.0010898432738592934,-0.0010898610491708594
2018-03-16,0.9996285897797063,0.0010843926926403576,0.001084430839922046
2018-03-19,0.9939233847310198,-0.013525159857286808,-0.01353018510631776
2018-03-20,0.9731246784110369,0.0016903313251435017,0.001700665615791852
2018-03-21,0.8684422171109822,-0.0018675291043122359,-0.00191910568680842
2018-03-22,0.06780329493531823,-0.02170882354430195,-0.024997430014998545
2018-03-23,0.005734145331253271,-0.0014451758870406026,-0.02131424274320659
2018-03-26,0.005440254433168423,0.00015687881736440278,0.027358709677160364
2018-03-27,0.00495360670074485,-9.25495504508599e-05,-0.017011989344946632
2018-03-28,0.007038420279224966,-1.4634406756762813e-05,-0.0029542932333651573
2018-03-29,0.019776294563637387,8.993256950514459e-05,0.012777379857607407
2018-03-30,0.024020000497512295,0.0,0.0
2018-04-02,0.023450356348467705,-0.000518461544354569,-0.02158457675337122
2018-04-03,0.05569504657318736,0.00030055788663731084,0.012816772682302968
2018-04-04,0.1159550281017292,0.0005959050121033968,0.01069942568986515
2018-04-05,0.1419445047663953,0.0009150856001358334,0.007891728501268735
2018-04-06,0.17724995156628187,-0.0031633531837067324,-0.02228584466100192
2018-04-09,0.23620490924283177,0.000873575192984192,0.004928493267641443
2018-04-10,0.3822559684151774,0.0037557904497307307,0.01590056049965316
2018-04-11,0.7121310252182642,-0.0020039841806422137,-0.0052425190087957985
2018-04-12,0.9064981606756332,0.00585866682850686,0.008226950688900558
2018-04-13,0.9891623972957126,-0.0026584652640353305,-0.0029326758501682093
2018-04-16,0.9988436072354417,0.00813248918005152,0.00822159152257007
2018-04-17,0.9999270069714136,0.010685963722057226,0.010698335199474718
2018-04-18,0.9999811504989875,0.000740311918432596,0.0007403659599862777
2018-04-19,0.9999662811184442,-0.0055474145600215895,-0.005547519127989009
2018-04-20,0.999988328556143,-0.008479020592849749,-0.008479306505581485
2018-04-23,0.9999913295734875,-0.0001501892499848189,-0.00015019100293067744
2018-04-24,0.9999649443545504,-0.013467154294978592,-0.01346727106196266
2018-04-25,0.9999615783822874,0.0024715301108974067,0.002471616755018058
2018-04-26,0.9999821330281625,0.010165216610719828,0.010165607189793091
2018-04-27,0.9999968932369089,0.0009388431499145505,0.0009388599244983808
2018-04-30,0.9999960445934303,-0.0076903698718644685,-0.007690393764095971
2018-05-01,0.999997266832183,0.001776968999558033,0.0017769760282206892
2018-05-02,0.9999942419126105,-0.006717588157390177,-0.006717606517736119
2018-05-03,0.9999935007519118,-0.002203708477433846,-0.0022037211666529055
2018-05-04,0.999997823903889,0.012946302543756135,0.01294638668553505
2018-05-07,0.9999970820692272,0.0033831830587281305,0.003383190420875648
2018-05-08,0.9999991233073969,0.0,0.0
2018-05-09,0.9999984376379208,0.009665808379013612,0.009665816852963749
2018-05-10,0.9999997913938093,0.009350750368560208,0.00935076497784082
2018-05-11,0.9999996359234311,0.003051228567442435,0.0030512292039477362
2018-05-14,0.9999991712704228,0.000476087270065494,0.00047608744339777687
2018-05-15,0.9999991021508924,-0.006886725484554899,-0.006886731191792728
2018-05-16,0.9999999688268238,0.004204993202962025,0.00420499697841481
2018-05-17,0.9999997379493176,-0.0008447717755521369,-0.000844771801886357
2018-05-18,0.9999959512725483,-0.0024998296954354573,-0.0024998303505177066
2018-05-21,0.9999996103422376,0.007518318688838114,0.007518349128584623
2018-05-22,0.999999139357679,-0.002779904966815121,-0.0027799060500270922
2018-05-23,0.9999827937806537,0.002751359298926558,0.002751361666864849
2018-05-24,0.9999984068207095,-0.002048822901369717,-0.0020488581544725326
2018-05-25,0.9999945659730893,-0.0023825157605835545,-0.002382519556364371
2018-05-28,0.9999098310937944,0.0,0.0
2018-05-29,0.9977934726957425,-0.011499941956918213,-0.011500978987613819
2018-05-30,0.999357338056757,0.013315175248512487,0.01334462051805052
2018-05-31,0.999955422971006,-0.006122051710087248,-0.00612598864985725
2018-06-01,0.9999841687217914,0.009817100365591636,0.009817538002267812
2018-06-04,0.9999939026523196,0.004751473058154932,0.004751548281237694
2018-06-05,0.9999986561442199,0.0007277392682695388,0.0007277437055759339
2018-06-06,0.9999894792843005,0.008360319083237956,0.008360330318316178
2018-06-07,0.9999984347500278,-0.00010812061093191988,-0.00010812174845009626
2018-06-08,0.9999986031415157,0.002956327516196891,0.002956332143595697
2018-06-11,0.9999914380233342,0.0013303335186811006,0.0013303353769713588
2018-06-12,0.9999986185215598,0.0012922324744372255,0.0012922435385962494
2018-06-13,0.9999968485309034,-0.00319099331940803,-0.0031909977277025936
2018-06-14,0.9999980423699217,0.0025177991801052617,0.0025178071148965753
2018-06-15,0.9999978058248185,-0.0012755321232705656,-0.0012755346202955042
2018-06-18,0.9999990400656881,-0.0020567934807303946,-0.002056797993705506
2018-06-19,0.9999972112797498,-0.003832857826393684,-0.003832861505688956
2018-06-20,0.9999919530483303,0.001705759143988726,0.0017057639008870584
2018-06-21,0.9999986174049743,-0.006268786166012042,-0.006268836611037276
2018-06-22,0.9999990637626179,0.0018232298739864004,0.0018232323947784401
2018-06-25,0.9999762690892442,-0.013612835861137467,-0.01361284860599521
2018-06-26,0.9999916640488509,0.002213768262069979,0.002213820798053767
2018-06-27,0.9999410723620988,-0.008284006219766937,-0.00828407527541375
2018-06-28,0.9999645174872972,0.005717170794222577,0.005717507713446812
2018-06-29,0.9999587492794797,0.0014396024208563236,0.001439653503380045
2018-07-02,0.9995218060735396,0.002137879812531123,0.002137968005251789
2018-07-03,0.9999654377648448,-0.0035296244992497725,-0.0035313131517513696
2018-07-04,0.999993373417798,0.0,0.0
2018-07-05,0.9999975271449888,0.008158148064588706,0.008158202125585712
2018-07-06,0.9999991685365436,0.008457978836477921,0.008457999751884993
2018-07-09,0.9999821234970095,0.009004698365016928,0.00900470585210078
2018-07-10,0.99999522531402,0.0035980038515297107,0.0035980681724061547
2018-07-11,0.9999894265610298,-0.0073142191354263735,-0.007314254058692682
2018-07-12,0.9999940002688081,0.009065932534135642,0.00906602839323356
2018-07-13,0.9999980258820457,0.0007872845935165899,0.0007872893170408624
2018-07-16,0.9999990081445981,-0.0008938938853393062,-0.0008938956499947581
2018-07-17,0.9999985627241947,0.004044986632082622,0.004044990644128443
2018-07-18,0.9999981137262819,0.002103643376583336,0.0021036464001034094
2018-07-19,0.999998318953886,-0.0037714883919974036,-0.003771495506070255
2018-07-20,0.9999980615384523,-0.0011428823746777068,-0.0011428842959189112
2018-07-23,0.9999965740759672,0.0018593698178100547,0.0018593734221339364
2018-07-24,0.999998498403428,0.00503199178094963,0.005032009020230266
2018-07-25,0.9999982947703546,0.008522614588934172,0.00852262738648224
2018-07-26,0.9999959399095144,-0.0023589873083950733,-0.002358991331017024
2018-07-27,0.9999996804969935,-0.0067764429381118,-0.006776470451195005
2018-07-30,0.9999996847194452,-0.005223738209655945,-0.0052237398786565414
2018-07-31,0.9999983625041573,0.0049297828664494,0.004929784420714567
2018-08-01,0.9999983214937491,-0.0016707183762245015,-0.0016707211120233767
2018-08-02,0.9999988832689806,0.005447321736711263,0.005447330880090195
2018-08-03,0.9999974305638463,0.004285088769799093,0.004285093555095987
2018-08-06,0.9999956506338766,0.003667092851581998,0.00366710227396716
2018-08-07,0.9999801712861125,0.0033022695341685493,0.003302283897010261
2018-08-08,0.9999933440129055,-0.000420259355841898,-0.0004202676892096635
2018-08-09,0.9999946410991724,-0.001366043750721183,-0.0013660528431512775
2018-08-10,0.9999658717991764,-0.006699854843132399,-0.006699890747182469
2018-08-13,0.9999975199261821,-0.0037432143099380205,-0.003743342063467714
2018-08-14,0.9999966182108715,0.0063804227949396004,0.006380438618898365
2018-08-15,0.9999924613504114,-0.007467508865248875,-0.007467534118874575
2018-08-16,0.9999946929775198,0.00809130608343244,0.008091367081413559
2018-08-17,0.9999992474384168,0.003520266619909976,0.0035202853021432112
2018-08-20,0.9999987495376677,0.002140266516212258,0.002140268126895828
2018-08-21,0.9999981926676942,0.0023450999022702323,0.0023451028347329927
2018-08-22,0.9999988894733326,-0.0005936678314894638,-0.0005936689044464538
2018-08-23,0.9999991156168246,-0.0013280022235397887,-0.0013280036983233101
2018-08-24,0.9999983994079918,0.0060185436043744605,0.006018548927077871
2018-08-27,0.9999973197922799,0.007895657069408552,0.007895669707154385
2018-08-28,0.9999986707146911,0.00048298686818827114,0.0004829881626968735
2018-08-29,0.9999988424208344,0.005380736650647957,0.0053807438031916455
2018-08-30,0.9999975915933295,-0.004048012917785942,-0.004048017603686782
2018-08-31,0.9999983626161193,3.446264893036662e-05,3.446273193064009e-05
2018-09-03,0.9999997307236833,0.0,0.0
2018-09-04,0.9999983806338064,-0.0017224846280049322,-0.0017224850918293733
2018-09-05,0.9999987045858597,-0.0026916850944678802,-0.0026916894532987845
2018-09-06,0.999998074349841,-0.003010418417003448,-0.0030104223167470856
2018-09-07,0.999996803435036,-0.0019428114665364707,-0.0019428152077188843
2018-09-10,0.9999987049302481,0.001738650873086158,0.0017386564308143893
2018-09-11,0.9999950974770893,0.0032969277266651008,0.0032969319964220034
2018-09-12,0.9999995685631036,0.0002424002750696103,0.00024240146344833846
2018-09-13,0.9999983743481466,0.005914681871115216,0.005914684422928307
2018-09-14,0.9999937972537508,0.00017199940168650658,0.00017199968129810728
2018-09-17,0.9999995849248351,-0.005294164275579405,-0.005294197114140697
2018-09-18,0.9999948480836937,0.00542574733381301,0.005425749585906914
2018-09-19,0.9999976289428305,0.0010658631585929476,0.0010658686498590253
2018-09-20,0.9999973171507146,0.008103715771111027,0.008103734985529965
2018-09-21,0.9999978001848714,-0.0009136549350041223,-0.0009136573862091879
2018-09-24,0.9999973513771936,-0.003322032979512103,-0.003322040287386585
2018-09-25,0.9999991468712938,-0.0009275348523657835,-0.0009275373090622541
2018-09-26,0.9999997014750409,-0.0029923667347573285,-0.0029923692876334673
2018-09-27,0.9999986906343166,0.0027941441416946336,0.002794144975816648
2018-09-28,0.999998725849599,0.00010349052560858137,0.0001034906611157016
2018-10-01,0.9999956091559264,0.0034740494765812726,0.0034740539030484463
2018-10-02,0.9999979500085759,-0.0005828286278380355,-0.0005828311869588987
2018-10-03,0.9999846722965412,0.0005487760058779061,0.0005487771308663181
2018-10-04,0.9998366603305845,-0.007815577203272715,-0.007815696999958655
2018-10-05,0.9996426999086676,-0.0055961073279298,-0.00559702154357844
2018-10-08,0.9939614315935908,0.0,0.0
2018-10-09,0.8858780709179589,-0.0014503434057632448,-0.0014591546106954567
2018-10-10,0.2198987046010793,-0.028049752043196,-0.031663219763562345
2018-10-11,0.17880716112361839,-0.004843637113045846,-0.02202667415359605
2018-10-12,0.22802075324933857,0.0024833220874917474,0.013888269753216997
2018-10-15,0.3212087185095719,-0.001280779294134849,-0.00561694177342853
2018-10-16,0.4952115939524637,0.0070234588888245285,0.021865716850444805
2018-10-17,0.5236643887054371,8.861132161765705e-05,0.00017893628238874193
2018-10-18,0.5069306173777366,-0.007562507823287023,-0.014441516334502857
2018-10-19,0.4717880407713606,-0.0002750899865945978,-0.0005426580623943966
2018-10-22,0.3794827993083204,-0.002117684841159136,-0.004488636120781653
2018-10-23,0.09906059177347326,-0.0019318008065219998,-0.0050906149370750775
2018-10-24,0.0011600202250835467,-0.0030014065548503214,-0.0302986939722083
2018-10-25,5.659388296119783e-05,2.08112373177796e-05,0.017940409027162207
2018-10-26,6.154507656619401e-06,-9.953255185491057e-07,-0.017587157241561346
2018-10-29,0.0002729915646657588,-3.409789805203729e-08,-0.005540312881951448
2018-10-30,0.013376505040173736,4.045253103158667e-06,0.014818234798249286
2018-10-31,0.13025071748302286,0.00014287899090136138,0.010681339443468385
2018-11-01,0.6394634990254449,0.0013860448510187124,0.010641360583671045
2018-11-02,0.7843898596928729,-0.0037874681318698046,-0.0059228840076751554
2018-11-05,0.9043640926747257,0.004327802405993949,0.005517412486296669
2018-11-06,0.9569481543208757,0.005722210778377416,0.0063273308004230255
2018-11-07,0.9811562881451216,0.02048758638662565,0.021409296098350517
2018-11-08,0.9840791341388739,-0.0017811095093131473,-0.0018153168163252964
2018-11-09,0.9747180902615892,-0.009612375916133306,-0.00976788916934479
2018-11-12,0.9640396599512753,-0.018212923585435657,-0.018685324266986547
2018-11-13,0.9460637295092718,-0.0018038636607034227,-0.0018711508827288226
2018-11-14,0.9482090805029482,-0.00646799408766417,-0.006836742479303326
2018-11-15,0.9553643261597078,0.009896172028078203,0.01043669822570048
2018-11-16,0.9610474528863391,0.0024844504854672146,0.002600526749260146
2018-11-19,0.9564779940958946,-0.01625542708328842,-0.0169142814274863
2018-11-20,0.9467449387749631,-0.017700820958068377,-0.018506250083463738
2018-11-21,0.948792189850615,0.0032259951891825743,0.0034074596621100905
2018-11-22,0.961922416381858,0.0,0.0
2018-11-23,0.972111087114269,-0.006424342393461254,-0.006678649217496724
2018-11-26,0.9889817614019082,0.015694093740139664,0.01614434188455549
2018-11-27,0.993146382737125,0.0033273348343024647,0.0033644046474485823
2018-11-28,0.9930218898613172,0.02286737434084813,0.023025180112749677
2018-11-29,0.9909711911495691,-0.002169958449356607,-0.002185207064931527
2018-11-30,0.9821155875240031,0.006040629282346031,0.006095665884432666
2018-12-03,0.9203042495766758,0.013004190824373252,0.013240998299556495
2018-12-04,0.6168876909438292,-0.029820021586416137,-0.03240235128777558
2018-12-05,0.3580389769509216,0.0,0.0
2018-12-06,0.015463987956751968,-0.0005430010979171838,-0.0015165977250337637
2018-12-07,0.0021321944482672883,-0.0003593261247592905,-0.0232363169037777
2018-12-10,0.0005172835983272561,4.044768672424161e-06,0.001896998032103081
2018-12-11,0.00019776249735747875,1.1769360294162173e-07,0.00022752239452827894
2018-12-12,0.0002520397125829188,9.957851868686976e-07,0.005035257949178806
2018-12-13,0.0006312833733715939,-8.54609944321762e-08,-0.000339077495194573
2018-12-14,0.0002762284889913369,-1.1656465385225465e-05,-0.018464711533538347
2018-12-17,3.2901718109989986e-06,-5.419211863222621e-06,-0.019618584176495202
2018-12-18,2.9680378188512435e-07,-3.607347165618987e-09,-0.0010964008485999654
2018-12-19,3.9875730140082055e-07,-4.444798664578409e-09,-0.014975545919083788
2018-12-20,2.7285063097792772e-11,-6.491030475900692e-09,-0.016278148269882275
2018-12-21,6.98498925366664e-10,-5.590543696298556e-13,-0.02048939258912985
2018-12-24,0.0,-1.8456366143124007e-11,-0.026422898408090867
2018-12-25,0.0,0.0,0.0
2018-12-26,6.38471608915836e-10,0.0,0.05052479332752968
2018-12-27,1.3733506554203245e-09,4.90175132463989e-12,0.007677320739387872
2018-12-28,3.325145825350262e-09,-1.7716566512074287e-12,-0.0012900249795746443
2018-12-31,2.0924604186012274e-06,2.912444720300109e-11,0.008758848102528916
2019-01-01,2.1938462259063485e-06,0.0,0.0
2019-01-02,2.9531148096006987e-05,2.28228017711133e-09,0.0010403100044846791
2019-01-03,1.820273754393753e-06,-7.04698548474672e-07,-0.02386289033476341
2019-01-04,0.0,6.097135864448067e-08,0.033495708267676116
2019-01-07,1.9356349973964626e-06,0.0,0.007884917268800029
2019-01-08,0.0026072583994620757,1.818540899760706e-08,0.009395061063716792
2019-01-09,0.15379438535191914,1.218524579555203e-05,0.004673585785768708
2019-01-10,0.7708510953299241,0.0005425549416583728,0.003527794206640733
2019-01-11,0.96133211726046,0.0002976715180749254,0.0003861595577645538
2019-01-14,0.9874288494092021,-0.0058650389493587664,-0.006100949759249241
2019-01-15,0.9946558801269453,0.011316834033577645,0.011460910870032537
2019-01-16,0.9965957442142556,0.002406609344952838,0.0024195396549062664
2019-01-17,0.9991025331914919,0.007561165283444958,0.007586993349451232
2019-01-18,0.9992320100624811,0.013297819909935416,0.013309764982236016
2019-01-21,0.9992130812569617,0.0,0.0
2019-01-22,0.9965563589888679,-0.01349974042297378,-0.013510371987916492
2019-01-23,0.9988308380595999,0.0020849685976158145,0.002092173291364352
2019-01-24,0.9995150461948444,0.0005310018008455398,0.0005316233546384108
2019-01-25,0.9997601051081008,0.008457391974840781,0.008461495409236797
2019-01-28,0.9998400407682289,-0.007598256001052086,-0.00760007922123529
2019-01-29,0.9999118520461393,-0.0013271786313837348,-0.001327390959821928
2019-01-30,0.9999600330157329,0.01582981968253493,0.01583121517175945
2019-01-31,0.9999889893332939,0.008781826025235282,0.008782177022366167
2019-02-01,0.9999800444287583,0.00048177958344288016,0.0004817848882157083
2019-02-04,0.9999919937558033,0.007035357307436486,0.007035497704812155
2019-02-05,0.9999567476831324,0.00419149836225544,0.0041915319206835555
2019-02-06,0.9999826489952229,-0.001318194142165752,-0.0013182511595826174
2019-02-07,0.9997756315465317,-0.009532266022108896,-0.00953243141937199
2019-02-08,0.9999818469469026,0.001221200386226764,0.0012214744465592897
2019-02-11,0.9999850932178339,0.0005544710539996258,0.00055448111952483
2019-02-12,0.999940676784703,0.012859344694481856,0.01285953638878956
2019-02-13,0.99998794713361,0.003246758925390206,0.0032469515449957687
2019-02-14,0.9999914247327067,-0.0022185007209032516,-0.002218527460518316
2019-02-15,0.9999947038587423,0.010897273885668758,0.010897367333506436
2019-02-18,0.9999987379693974,0.0,0.0
2019-02-19,0.9999986267716425,0.0017306276578145819,0.0017306298419224042
2019-02-20,0.9999980091541626,0.00201524038683381,0.0020152431542228566
2019-02-21,0.9999961210894209,-0.0035555071951515293,-0.003555514273632321
2019-02-22,0.9999997034964269,0.006199559719482543,0.006199583767113603
2019-02-25,0.9999952951497398,0.0013612799202888809,0.0013612803239133608
2019-02-26,0.9999978446926264,-0.0007150439072634314,-0.0007150472714537726
2019-02-27,0.9999900091772053,-0.00043007752079509076,-0.0004300784477463404
2019-02-28,0.9999982490153609,-0.0018622222479110252,-0.001862240853229391
2019-03-01,0.9999947745628575,0.006244069994834106,0.006244080928123896
2019-03-04,0.9999951019018302,-0.0036376974598605434,-0.003637716468519292
2019-03-05,0.9999983107368132,-0.0013602501633651065,-0.0013602568260365766
2019-03-06,0.9999831836181394,-0.0060569539874345,-0.006056964219241179
2019-03-07,0.9999165613482911,-0.008365072686910799,-0.008365213359532997
2019-03-08,0.9999667656552251,-0.0019998209984453947,-0.001999987874737097
2019-03-11,0.999988579200563,0.014500640008564143,0.014501121943850448
2019-03-12,0.9999966167509425,0.003771142736404643,0.003771185806361377
2019-03-13,0.9999741285957433,0.006619194579077925,0.006619216973537512
2019-03-14,0.9999972823168044,-0.0006402576380165851,-0.0006402742028093211
2019-03-15,0.9999996687478822,0.004940723566666739,0.0049407369940246415
2019-03-18,0.999999959781259,0.003626202214475326,0.0036262034156628875
2019-03-19,0.999998289216578,0.00024802087753532614,0.00024802088751041396
2019-03-20,0.9999955596371555,-0.003010056279466184,-0.003010061429029376
2019-03-21,0.9999923135499247,0.011294746994452596,0.011294797147450186
2019-03-22,0.9999137917570415,-0.019246543930132906,-0.01924669186886907
2019-03-25,0.9999356372825497,-0.0007517801315937209,-0.0007518449468255639
2019-03-26,0.9999920219484365,0.00745369708530389,0.0074541768563827215
2019-03-27,0.9999981281369098,-0.005229068128145925,-0.00522910984625391
2019-03-28,0.9999981766648112,0.0037905455060097556,0.0037905526014052615
2019-03-29,0.9999733140519363,0.00630532515787399,0.006305336654616189
2019-04-01,0.9999936170799096,0.01185896952003829,0.011859285996328461
2019-04-02,0.9999996477572993,0.0004894905400359031,0.000489493664434848
2019-04-03,0.9999970386134461,0.0015740237210980946,0.0015740242755366562
2019-04-04,0.9999999555391827,0.002653307035621221,0.0026533148931122685
2019-04-05,0.9999982920447058,0.004839839636464807,0.004839839851648042
2019-04-08,0.9999997875296036,0.0007626039900977854,0.0007626052925935323
2019-04-09,0.9999993855357732,-0.005124775676531783,-0.005124776765395134
2019-04-10,0.9999995960168755,0.003410925678112215,0.0034109277740053123
2019-04-11,0.9999903761514177,-0.00027779382319587234,-0.00027779393541993436
2019-04-12,0.9999709855514678,0.0067662848763417145,0.006766349994669518
2019-04-15,0.9999977187895949,-0.0006544971358207719,-0.0006545161262452304
2019-04-16,0.9999973010169964,0.0006549433041105153,0.0006549447981774037
2019-04-17,0.9999977536099027,-0.002447248571893606,-0.0024472551769937345
2019-04-18,0.9999935164403255,0.0019694144001529026,0.001969418824235847
2019-04-19,0.9999986067438098,0.0,0.0
2019-04-22,0.9999993390735805,0.0008621672534819015,0.0008621684547034381
2019-04-23,0.9999990492274474,0.008991336967742448,0.008991342910358524
2019-04-24,0.9999998943638723,-0.0022194456096016825,-0.0022194477197916562
2019-04-25,0.999999562899597,-0.0006154501108804875,-0.000615450175894261
2019-04-26,0.9999996031430265,0.004656589964251056,0.0046565919996492955
2019-04-29,0.9999993176786096,0.0015677093101712908,0.0015677099323279098
2019-04-30,0.999999757549455,0.0005104543471800143,0.0005104546954741718
2019-05-01,0.9999981928003908,-0.0075166068559432645,-0.007516608678349135
2019-05-02,0.999999035906464,-0.0021590871391059304,-0.002159091041014416
2019-05-03,0.9999960092747202,0.009787881775548436,0.009787891211991084
2019-05-06,0.999928369036065,-0.004114927328151576,-0.004114943749761624
2019-05-07,0.999792204137423,-0.016698855334785066,-0.01670005157557719
2019-05-08,0.9996272249323782,-0.0013886530548235915,-0.0013889416711562186
2019-05-09,0.9992326053531864,-0.0030248613506987784,-0.0030259893640885993
2019-05-10,0.9990226463692817,0.00501955087225031,0.005023405806975356
2019-05-13,0.9914181838311537,-0.025105620189782605,-0.025130181263681273
2019-05-14,0.9976202614300255,0.008966084813013442,0.009043696150867087
2019-05-15,0.9997592325163434,0.005843648709021671,0.005857588237677902
2019-05-16,0.9998565943058974,0.00925897824387586,0.009261208041631663
2019-05-17,0.9999877810044969,-0.006464196756235807,-0.006465123891814972
2019-05-20,0.999992185372248,-0.006611941486616195,-0.006612022278886687
2019-05-21,0.9999801472116647,0.009015718584437187,0.009015789039472422
2019-05-22,0.9999626827817358,-0.0030714634351929424,-0.0030715244135169906
2019-05-23,0.9993222320010099,-0.012217937055292142,-0.012218393011730999
2019-05-24,0.9998948165119582,0.0022667338928825036,0.002268271254551868
2019-05-27,0.9998355081189304,0.0,0.0
2019-05-28,0.9976681495378877,-0.009299306530055973,-0.009300836442137861
2019-05-29,0.975425563914773,-0.006694995863418734,-0.006710644081922235
2019-05-30,0.9616079861112866,0.002664090716574626,0.002731208628449888
2019-05-31,0.8209678294732368,-0.012957761810069517,-0.013475097958025817
2019-06-03,0.8519470369943173,-0.0020878386713739623,-0.0025431431006420757
2019-06-04,0.8715838768198049,0.018492815712757227,0.021706532107911514
2019-06-05,0.9893087052164529,0.007549960977400832,0.008662345848971853
2019-06-06,0.9987837119103857,0.006433086907519811,0.006502608208741378
2019-06-07,0.9997958169266852,0.009995102072054127,0.01000727379998656
2019-06-10,0.9997747502748442,0.004587795971967415,0.004588732913556326
2019-06-11,0.9999775958444099,-0.00024238446846732732,-0.00024243907780296947
2019-06-12,0.9999946536339407,-0.001765222982869439,-0.001765262532085865
2019-06-13,0.999996029390758,0.004126795070516154,0.004126817133991212
2019-06-14,0.9999976094700475,-0.0011054020650374792,-0.0011054064541745623
2019-06-17,0.9999971867607678,0.0003802749648651058,0.0003802758739259726
2019-06-18,0.9999828224657329,0.010470966944388054,0.010470996401805932
2019-06-19,0.9999953717903036,0.0022567669296123557,0.0022568056959695326
2019-06-20,0.9999295191149704,0.0095550151625148,0.009555059385333298
2019-06-21,0.9999843857268086,-0.0014537475545448794,-0.0014538500231812135
2019-06-24,0.9999842973615571,-0.001224199310238399,-0.0012242184255193411
2019-06-25,0.999973159244514,-0.009808238414498202,-0.009808392432138269
2019-06-26,0.9999896763171605,-0.0009971256697882472,-0.0009971524341129134
2019-06-27,0.99999352786373,0.003546057331577075,0.0035460939403262337
2019-06-28,0.9999974488481719,0.005145741084409727,0.005145774388562785
2019-07-01,0.9999867941848967,0.009078098415456325,0.009078121575122777
2019-07-02,0.9999920096231576,0.0026045554155812614,0.0026045898113127297
2019-07-03,0.9999985688421642,0.00799493654057841,0.00799500042364465
2019-07-04,0.9999994964600512,0.0,0.0
2019-07-05,0.9999984625684201,-0.0011378704720037924,-0.0011378710449673202
2019-07-08,0.9999995119315213,-0.00549465220699994,-0.005494660654664751
2019-07-09,0.9999994864693805,0.0012460930681710458,0.0012460936763500907
2019-07-10,0.9999992801263438,0.004778175449753005,0.004778177903493663
2019-07-11,0.9999998242773537,0.0023445899454516434,0.0023445916332613947
2019-07-12,0.9999977995930881,0.004476933825861582,0.004476934612560379
2019-07-15,0.9999988137181912,0.00033247589973830956,0.0003324766313221872
2019-07-16,0.9999966521257079,-0.0032254609117735727,-0.0032254647380837165
2019-07-17,0.9999945978895701,-0.006804773064964492,-0.00680479584656557
2019-07-18,0.9999773586108477,0.0036608109541583977,0.003660830730370268
2019-07-19,0.9999966334087729,-0.0055547447372719366,-0.005554870507256782
2019-07-22,0.9999996800060034,0.0024563444460150552,0.0024563527155505582
2019-07-23,0.9999919249759207,0.007150011173483676,0.0071500134614450594
2019-07-24,0.999998207145421,0.004699425292857516,0.004699463241136348
2019-07-25,0.9999965337286538,-0.004777010565720261,-0.004777019130220883
2019-07-26,0.9999948356306457,0.006700216373642887,0.00670023959849142
2019-07-29,0.9999515863040958,-0.0018211031772329027,-0.0018211125821309126
2019-07-30,0.9992658583292158,-0.0024547159277142796,-0.002454834775338588
2019-07-31,0.9841648044261905,-0.010932221073753183,-0.010940252769199965
2019-08-01,0.7985561453488447,-0.008570271226364825,-0.008708166749939461
2019-08-02,0.6773959171847876,-0.006012741997498091,-0.007529516906881306
2019-08-05,1.2146015442304758e-06,-0.020371206421862825,-0.030072821381215586
2019-08-06,0.0006480583051776678,1.7031848417992893e-08,0.014022580902269155
2019-08-07,0.0014442505680223316,3.8306132431840045e-07,0.0005910908343553789
2019-08-08,0.00046033253131894103,2.8335821784005336e-05,0.019619740792490514
2019-08-09,0.004469828076162474,-3.13555342926478e-06,-0.006811496507276638
2019-08-12,0.0027328283542553677,-5.441261756639288e-05,-0.012173313299581823
2019-08-13,0.001815028472543112,4.249990793843848e-05,0.015551619944319084
2019-08-14,0.0018890698721125698,-5.366637001851406e-05,-0.029567784103860295
2019-08-15,0.4077651304981422,4.991712197581723e-06,0.0026424179810773385
2019-08-16,0.8378765103726586,0.006016367323220744,0.014754491920069057
2019-08-19,0.9556102278876963,0.010094627902368888,0.012047870751119572
2019-08-20,0.9934666077070792,-0.007322305406979265,-0.0076624393432505045
2019-08-21,0.9970438814337954,0.008082297815053326,0.008135449900734226
2019-08-22,0.9993460228516429,-0.0003071119833897768,-0.0003080225345228893
2019-08-23,0.9992413134951579,-0.02567041720282772,-0.02568721605513269
2019-08-26,0.9995273274706269,0.011050095921764279,0.01105848584573943
2019-08-27,0.9995083991870815,-0.0039219660702836685,-0.003923820752563589
2019-08-28,0.9996936917626649,0.007038349818594675,0.007041811578891277
2019-08-29,0.9997293161492133,0.012769083131133743,0.01277299560490297
2019-08-30,0.9998730656183976,-0.0004443089347084311,-0.00044442923452503447
2019-09-02,0.9998625562319575,0.0,0.0
2019-09-03,0.9996899501478883,-0.0058466675079877585,-0.0058474712064638945
2019-09-04,0.9998546732115418,0.011346944295364899,0.011350463504895991
2019-09-05,0.9992983674123281,0.012853659776940793,0.012855528029543262
2019-09-06,0.999961124360108,0.0007715908369810513,0.0007721325903684573
2019-09-09,0.999985754860256,0.0005033287730428713,0.0005033483410317174
2019-09-10,0.9999626485897983,-0.00023458595061515904,-0.00023458929237241133
2019-09-11,0.9999962897771281,0.007110871332983253,0.007111136943976248
2019-09-12,0.9999942579183256,0.0034636976847041054,0.003463710535842157
2019-09-13,0.9999995509281785,-0.0006639845215398583,-0.0006639883342151043
2019-09-16,0.9999973688725773,-0.003088688867206312,-0.0030886902542500705
2019-09-17,0.9999994988780052,0.002531727055693646,0.002531733717007656
2019-09-18,0.9999994344650169,0.000598481022921978,0.0005984813228341324
2019-09-19,0.999996540238005,-6.661984205457259e-05,-6.661987973044514e-05
2019-09-20,0.9999955110447811,-0.004724599592752138,-0.004724615938798804
2019-09-23,0.999996902230358,-0.0002349097778215342,-0.00023491083232574095
2019-09-24,0.9999837446045383,-0.007846918280933708,-0.007846942588954242
2019-09-25,0.9999949020164393,0.005915068999895075,0.005915165153243862
2019-09-26,0.9999908552028942,-0.0020832447242827316,-0.0020832553446842317
2019-09-27,0.9999683934245315,-0.005387316817810559,-0.005387366084180334
2019-09-30,0.9997951491185201,0.004637658186524132,0.004637804771650655
2019-10-01,0.9969015206007162,-0.01189242689909945,-0.011894863572387337
2019-10-02,0.9850157461862695,-0.017610051432257152,-0.017664785405930195
2019-10-03,0.9917758417415671,0.008069989554467973,0.008192751827280853
2019-10-04,0.9989757859765113,0.013420896495677272,0.013532187345993485
2019-10-07,0.9995286701304091,-0.004310302134931615,-0.0043147213330283485
2019-10-08,0.9994618933393913,-0.015517122040401966,-0.015524439172292515
2019-10-09,0.999710016622234,0.00949100524992004,0.009496115172744402
2019-10-10,0.9998406695929443,0.006761611676989083,0.006763573000733603
2019-10-11,0.9997373464253948,0.01036536629292361,0.010367018074133316
2019-10-14,0.999985961665796,-0.0011136653704387851,-0.0011139579554777512
2019-10-15,0.9999943436786598,0.009900707404205027,0.00990084639559563
2019-10-16,0.9999999073106564,-0.0016065956309533316,-0.0016066047184258858
2019-10-17,1.0,0.0029496004430185916,0.002949600716415146
2019-10-18,0.9999985869065714,-0.004377526202084536,-0.004377526202084536
2019-10-21,0.9999981205838774,0.006779174987885094,0.006779184567506258
2019-10-22,0.9999990839592512,-0.0032666439937846887,-0.003266650133179616
2019-10-23,0.9999991107785078,0.0029094617471264743,0.002909464412314433
2019-10-24,0.9999996048636237,0.0016341465669181547,0.0016341480200376957
2019-10-25,0.9999946881308017,0.004094958831091969,0.004094960449159801
2019-10-28,0.9999979778447113,0.005636521008255791,0.0056365509488771615
2019-10-29,0.9999959678965397,-0.0002969654881518173,-0.00029696608866336405
2019-10-30,0.9999060577738931,0.003067593494044637,0.0030676058629488523
2019-10-31,0.9995005020888051,-0.0026631866582328997,-0.0026634368674213205
2019-11-01,0.9999582905889357,0.009259377822811176,0.00926400517404491
2019-11-04,0.9999692476566486,0.004017283408430022,0.0040174509739441255
2019-11-05,0.9999985018972081,-0.0011059396658892099,-0.0011059736771714679
2019-11-06,0.9999946991047075,0.00022788793760070933,0.00022788827900077635
2019-11-07,0.9999963255213297,0.00351707536634218,0.003517094010089261
2019-11-08,0.9999954865434747,0.002465719931026683,0.0024657289912952685
2019-11-11,0.9999993099239582,-0.00190915304538643,-0.0019091616623045926
2019-11-12,0.9999994101696622,0.0021077283864965254,0.002107729840990391
2019-11-13,0.9999973135866844,0.0003235254326431514,0.0003235256234683792
2019-11-14,0.9999992476911614,0.001455444821756712,0.001455448731693565
2019-11-15,0.9999985228027127,0.007236632609321946,0.007236638053508715
2019-11-18,0.9999977758737809,0.000737589352173999,0.0007375904417405987
2019-11-19,0.9999981368484053,-0.00028845106219958186,-0.0002884517037525791
2019-11-20,0.999995122026417,-0.0037186725885146794,-0.0037186795169783515
2019-11-21,0.9999989818267605,-0.0016090551679706388,-0.0016090630169375286
2019-11-22,0.9999974389379817,0.0022239341355225306,0.0022239363998750594
2019-11-25,0.9999950368852893,0.0077500818638373496,0.007750101712328483
2019-11-26,0.9999953363804117,0.0022657492457462645,0.002265760490975488
2019-11-27,0.999992595538993,0.004457362417171159,0.004457383204710785
2019-11-28,0.9999977692684083,0.0,0.0
2019-11-29,0.9999987774600952,-0.0037086314588109966,-0.003708639731790808
2019-12-02,0.9999968214549677,-0.008494616439474264,-0.008494626824494533
2019-12-03,0.9999625732032854,-0.006706743293685482,-0.00670676461143882
2019-12-04,0.9999467693245139,0.006170094414532597,0.006170325350045136
2019-12-05,0.9999948941126077,0.001798049959903699,0.0017981456764126769
2019-12-06,0.9999607248947573,0.00913425731343736,0.009134303952164746
2019-12-09,0.9999941001165715,-0.003144231304908803,-0.0031443547997744847
2019-12-10,0.9999938202549962,-0.0011153164528553408,-0.0011153230331312214
2019-12-11,0.9999940178503212,0.0028390330640236175,0.002839050608632432
2019-12-12,0.9999112117346337,0.00861882276570983,0.008618874325106107
2019-12-13,0.9999939153485515,0.000599193941376848,0.0005992471474915995
2019-12-16,0.9999803353189763,0.0068699881289276425,0.006870029930665211
2019-12-17,0.9999962242444099,0.00021909455864665153,0.0002190988671559868
2019-12-18,0.9999914475492073,6.237570828733125e-05,6.237594380364975e-05
2019-12-19,0.9999961774363487,0.0040991948881873895,0.004099229946649796
2019-12-20,0.9999991467281136,0.004383862621607021,0.004383879379264988
2019-12-23,0.9999993713849735,0.001527831194092498,0.0015278324977490154
2019-12-24,0.9999990351595844,3.1083872662608646e-05,3.108389220241037e-05
2019-12-25,0.9999996246032594,0.0,0.0
2019-12-26,0.9999995910664636,0.0053234948536247705,0.005323496852048137
2019-12-27,0.9999986847449992,-0.0002479669923925382,-0.0002479670937945988
2019-12-30,0.9999967876891726,-0.0055134057377901596,-0.0055134129893341655
2019-12-31,0.9999997044759437,0.0024294417969160246,0.0024294496010632827
2020-01-01,0.9999999109980174,0.0,0.0
2020-01-02,0.9999964762018055,0.009351965397364817,0.009351966229708353
2020-01-03,0.9999984953721642,-0.007572314632478591,-0.007572341315881248
2020-01-06,0.9999966898975841,0.0038150020632346697,0.0038150078034016044
2020-01-07,0.9999967195469016,-0.002811395254016439,-0.0028114045600534654
2020-01-08,0.9999982901554234,0.005329259706399706,0.005329277188843573
2020-01-09,0.9999994488107128,0.0067809672057968385,0.006780978800216664
2020-01-10,0.9999995029646982,-0.0028781170953960404,-0.0028781186817842253
2020-01-13,0.9999990748644098,0.006877776072608922,0.006877779491108127
2020-01-14,0.9999963482435669,-0.001524640449365114,-0.0015246418598655609
2020-01-15,0.999999025313902,0.0022595972389137984,0.0022596054904426843
2020-01-16,0.9999989825136422,0.008318290572215408,0.00831829867994549
2020-01-17,0.999998428804347,0.003112634454505229,0.0031126376215715457
2020-01-20,0.9999940314286858,0.0,0.0
2020-01-21,0.9998988057696888,-0.0019579485543956775,-0.001957960240621004
2020-01-22,0.9993892816036786,0.0001204395726164639,0.00012045176163977267
2020-01-23,0.9872068986073055,0.00114632576311424,0.0011470262731603231
2020-01-24,0.8721319826344227,-0.008779216133598684,-0.008892984992288744
2020-01-27,0.001534003899915537,-0.013979930855737137,-0.01602960461730618
2020-01-28,0.11633029287451813,1.6074933361926436e-05,0.010479069422712373
2020-01-29,0.9209723141302263,-9.605734455357722e-05,-0.0008257294138955817
2020-01-30,0.9838821754440156,0.0029886663341620366,0.003245120714605365
2020-01-31,0.9960837723918171,-0.017865052662772437,-0.01815771553612111
2020-02-03,0.999071609823507,0.007399494103639626,0.007428586137762094
2020-02-04,0.9996660275508434,0.015226876166120177,0.015241025784738405
2020-02-05,0.9999111429576624,0.011544359184898344,0.011548215970869524
2020-02-06,0.9999916736744954,0.003364570208166496,0.003364869200491505
2020-02-07,0.9999947179630782,-0.005329495827436347,-0.005329540202922867
2020-02-10,0.9999961144048103,0.007465227735161344,0.007465267166978151
2020-02-11,0.9999483266692244,0.0017328463330275466,0.0017328530661930852
2020-02-12,0.9999942334748927,0.006442474821269254,0.006442807742604861
2020-02-13,0.99999879343278,-0.0010671685498240351,-0.001067174703713758
2020-02-14,0.9999997872885211,0.0016024207029142878,0.0016024226363449134
2020-02-17,0.9999992322163541,0.0,0.0
2020-02-18,0.9999790613134277,-0.002577339788290122,-0.0025773417671309806
2020-02-19,0.999730661370997,0.004781532601776899,0.004781632722885787
2020-02-20,0.9952768907838586,-0.004107146305864735,-0.004108252817046076
2020-02-21,0.9151578162865913,-0.010249791212981002,-0.010298431831275101
2020-02-24,1.9567063191949785e-08,-0.03035171799525018,-0.03316555620800732
2020-02-25,1.5741690506665407e-08,-5.929236834686491e-10,-0.030302129535340172
2020-02-26,6.985170353246417e-08,-5.7900868943378504e-11,-0.003678186209979284
2020-02-27,0.0,-3.137144207591757e-09,-0.044911491759592415
2020-02-28,0.0,-0.0,-0.004201312340465502
2020-03-02,0.0,0.0,0.04330594922659059
2020-03-03,0.0,-0.0,-0.0286322608916616
2020-03-04,3.637978807091713e-12,0.0,0.04203296877466034
2020-03-05,0.0,-1.2093209255640803e-13,-0.03324156048426352
2020-03-06,0.0,-0.0,-0.016531323562485323
2020-03-09,0.0,-0.0,-0.07809442049678583
2020-03-10,0.0,0.0,0.05174528133299794
2020-03-11,0.0,-0.0,-0.048748702806800104
2020-03-12,0.0,-0.0,-0.09567723037773745
2020-03-13,0.0,0.0,0.08548655240796332
2020-03-16,0.0,-0.0,-0.10942386593749542
2020-03-17,0.0,0.0,0.05399211634571799
2020-03-18,0.0,-0.0,-0.05063299081721451
2020-03-19,0.0,0.0,0.0021248937744431373
2020-03-20,0.0,-0.0,-0.04309401033209348
2020-03-23,0.0,-0.0,-0.02556832918434848
2020-03-24,0.0,0.0,0.09060336601156083
2020-03-25,0.0,0.0,0.014970182312689317
2020-03-26,0.0,0.0,0.05838995751193998
2020-03-27,0.0,-0.0,-0.029785933561275346
2020-03-30,0.0,0.0,0.032475849850948535
2020-03-31,0.0,-0.0,-0.014905516115017892
2020-04-01,0.0,-0.0,-0.04500488384109025
2020-04-02,0.0,0.0,0.02307539332114228
2020-04-03,0.0,-0.0,-0.014454196321742385
2020-04-06,0.0,0.0,0.0671663163188938
2020-04-07,0.0,0.0,0.0010196747720052635
2020-04-08,0.0,0.0,0.033568034936400704
2020-04-09,0.0,0.0,0.0152174958618283
2020-04-10,0.0,0.0,0.0
2020-04-13,0.0,-0.0,-0.009130345645475102
2020-04-14,0.0,0.0,0.029493046599160522
2020-04-15,0.0,-0.0,-0.021248004559536127
2020-04-16,0.0,0.0,0.004824537551372465
2020-04-17,0.0,0.0,0.027015202861435217
2020-04-20,0.0,-0.0,-0.017618309569768065
2020-04-21,0.0,-0.0,-0.03036317750786144
2020-04-22,0.0,0.0,0.022195037624802794
2020-04-23,0.0,-0.0,-7.196409645804369e-05
2020-04-24,0.0,0.0,0.013938723812254139
2020-04-27,1.8189894035458565e-12,0.0,0.014418306762015165
2020-04-28,0.0,-8.364911669225701e-15,-0.004598658822816404
2020-04-29,3.637978807091713e-12,0.0,0.026178759920210792
2020-04-30,0.0,-3.3871324643155267e-14,-0.009310478823331247
2020-05-01,0.0,-0.0,-0.02647377286264274
2020-05-04,0.0,0.0,0.0027584741459818485
2020-05-05,0.0,0.0,0.009239239618938466
2020-05-06,0.0,-0.0,-0.006778701541552579
2020-05-07,5.0932258410796294e-11,0.0,0.012066907931634452
2020-05-08,6.068208935339214e-09,8.427315722185587e-13,0.01654612613918416
2020-05-11,6.677394304155371e-08,1.2434302423896817e-12,0.00020490893699265378
2020-05-12,0.0,-1.3309018583579572e-09,-0.019931455261369413
2020-05-13,0.0,-0.0,-0.017685838127395215
2020-05-14,0.0,0.0,0.011967313942221391
2020-05-15,3.638012113782452e-11,0.0,0.004597041793121148
2020-05-18,0.0,1.1081346048921017e-12,0.030459893211844502
2020-05-19,4.693039290515344e-10,-0.0,-0.010271436648426557
2020-05-20,6.948608355372698e-10,7.97257648113524e-12,0.01698808807598917
2020-05-21,1.3187804182024365e-09,-4.797347841296543e-12,-0.006904041206448497
2020-05-22,2.907683394060001e-08,2.5047406884145315e-12,0.00189928562317343
2020-05-25,3.426828121266823e-08,0.0,0.0
2020-05-26,0.0,4.222098143994774e-10,0.012320717569091144
2020-05-27,5.2793052485178293e-08,0.0,0.014878672533670034
2020-05-28,4.112775897624488e-09,-9.739429064355389e-11,-0.0018448315840592366
2020-05-29,1.9621633429167673e-08,1.8325927449161426e-11,0.004455853638839491
2020-06-01,0.0,7.93051908695887e-11,0.0040417221713917595
2020-06-02,6.548428466146561e-11,0.0,0.008279943492205177
2020-06-03,0.0,8.715085917535473e-13,0.013308667816392727
2020-06-04,8.772596246098274e-07,-0.0,-0.0026268172293092418
2020-06-05,4.74760897262172e-10,2.248351622388363e-08,0.025629261387566382
2020-06-08,1.0975212029196157e-06,5.738848842996602e-12,0.012087871760482205
2020-06-09,5.493402399636693e-10,-8.184056877121917e-09,-0.0074568553713137975
2020-06-10,8.98043983621477e-09,-3.0653696847748706e-12,-0.005580093104007089
2020-06-11,0.0,-5.17711472211873e-10,-0.057648787994117545
2020-06-12,0.0,0.0,0.011975302615626626
2020-06-15,0.0,0.0,0.009335916530698762
2020-06-16,0.0,0.0,0.019247758834080253
2020-06-17,1.8189894035458565e-12,-0.0,-0.004153862424814858
2020-06-18,0.0,7.004511200647942e-16,0.00038507707559998217
2020-06-19,0.0,-0.0,-0.005714942245765409
2020-06-22,4.3656189774310405e-11,0.0,0.006414980174401119
2020-06-23,9.095035835571252e-11,2.0098176321168423e-13,0.0046037403687930745
2020-06-24,0.0,-2.3200104227949406e-12,-0.02550853525745589
2020-06-25,1.637101565421517e-11,0.0,0.010720522503325558
2020-06-26,0.0,-3.8884002655163705e-13,-0.023751735064251767
2020-06-29,1.819011608006349e-11,0.0,0.014697743547216646
2020-06-30,1.8735779594436508e-10,2.33004302722702e-13,0.012809390643640617
2020-07-01,2.030012380416224e-09,1.3124402960939938e-12,0.007004994318377422
2020-07-02,3.0231903647148783e-09,1.1178457521305265e-11,0.005506595737614806
2020-07-03,6.978803823720625e-08,0.0,0.0
2020-07-06,3.008638338464209e-09,1.0773379961835387e-09,0.015437287297311864
2020-07-07,3.881761911905812e-09,-3.102921004225959e-11,-0.010313373211251031
2020-07-08,4.0507476595230685e-08,2.969022740989048e-11,0.007648647208069903
2020-07-09,4.298314704165307e-09,-2.3061730543338796e-10,-0.005693203448287387
2020-07-10,1.2886029998604442e-07,4.388773649106278e-11,0.010210452121742764
2020-07-13,0.0,-1.1157404164626106e-09,-0.008658527231299673
2020-07-14,3.4506572044179507e-09,0.0,0.012958817257538113
2020-07-15,2.910416352364109e-11,3.1702083007102345e-11,0.009187259449160434
2020-07-16,2.3736228316195707e-08,-9.585484282022407e-14,-0.0032935096293821298
2020-07-17,1.2423813314788035e-06,6.881240826801979e-11,0.0028990456003099574
2020-07-20,1.5727138480414737e-08,1.0040373143590905e-08,0.008081555066220991
2020-07-21,9.615273466323515e-09,3.346404294247186e-11,0.002127789679231551
2020-07-22,5.690845090056129e-06,5.4729077450014434e-11,0.005691889850215626
2020-07-23,6.515337029888713e-07,-6.790291823545339e-08,-0.011931956881782502
2020-07-24,1.1828343751130177e-06,-4.195832152297714e-09,-0.0064399310934332155
2020-07-27,2.343546453342782e-06,8.625514773748738e-09,0.007292242223620349
2020-07-28,2.0439493039203782e-06,-1.4864202570410333e-08,-0.006342610597374065
2020-07-29,5.67701156750644e-07,2.513823659753627e-08,0.012298855235460149
2020-07-30,3.886198228775228e-06,-2.0255123410347856e-09,-0.003567920052564677
2020-07-31,7.255074069179024e-06,3.070840948978568e-08,0.007901915363556666
2020-08-03,2.7959688290168927e-06,5.044231421622402e-08,0.006952694587986752
2020-08-04,1.5445953553627767e-05,1.079958633479173e-08,0.0038625560566742934
2020-08-05,2.137056828821482e-05,9.593587997332349e-08,0.0062110687851182345
2020-08-06,8.437136408645518e-05,1.428448893253756e-07,0.0066841876827463675
2020-08-07,0.00014196691294832142,6.056611853476837e-08,0.0007178515979984201
2020-08-10,0.00012436375344382355,4.243650330811116e-07,0.002989182650154465
2020-08-11,1.1521870741937335e-05,-1.026595301211189e-06,-0.008254779007413227
2020-08-12,7.8017166530997e-05,1.6064405063164966e-07,0.013942531922957357
2020-08-13,0.00013420149831422368,-1.410484008971859e-07,-0.0018079149393505078
2020-08-14,0.0001383537737327245,3.977105090976128e-09,2.9635325543564406e-05
2020-08-17,0.00036546517817748203,4.395186022219498e-07,0.003176773501466057
2020-08-18,0.0002630867058857067,7.895067139873556e-07,0.0021602789024237623
2020-08-19,0.00012879548060618085,-1.0954047718332282e-06,-0.004163664477630835
2020-08-20,8.753001187633558e-05,4.0101820983035597e-07,0.0031136046695345865
2020-08-21,6.219394954243285e-05,3.1049926382382547e-07,0.003547346300632359
2020-08-24,2.967258663244543e-05,6.302163456451549e-07,0.010133081276904266
2020-08-25,1.4976691325108149e-05,1.0383470486544353e-07,0.0034993479386089543
2020-08-26,1.4713945053479449e-05,1.5015107317070237e-07,0.01002565051995008
2020-08-27,4.0602929232136376e-06,3.217612431744588e-08,0.002186777522989125
2020-08-28,3.867066899965188e-05,2.6225445548376424e-08,0.006459003339005287
2020-08-31,6.160521657250229e-07,-1.4008020843332952e-07,-0.003622389062743925
2020-09-01,4.3302918706356053e-07,5.802357792262094e-09,0.009418614388658764
2020-09-02,2.676450856498036e-07,6.263256283385708e-09,0.014463820154613227
2020-09-03,0.0,-9.210824932755293e-09,-0.03441432488996665
2020-09-04,2.12823869638612e-10,-0.0,-0.008164396497943427
2020-09-07,3.074123178237187e-10,0.0,0.0
2020-09-08,4.547517917785626e-11,-8.399423243025886e-12,-0.027322988559757122
2020-09-09,1.4533869663324595e-09,8.980166712911241e-13,0.019747402594697316
2020-09-10,2.1755329759898245e-09,-2.523638692326185e-11,-0.017363845629457142
2020-09-11,2.4522400521309606e-07,1.1080545467839726e-12,0.0005093255579267097
2020-09-14,8.790622594290198e-07,3.229873048265315e-09,0.013171112858460177
2020-09-15,9.153077697998668e-07,4.441387169294211e-09,0.0050524147995831825
2020-09-16,3.1162139746410134e-07,-3.632738371793747e-09,-0.00396887089966258
2020-09-17,3.592029789167839e-07,-2.7407615339577167e-09,-0.008795164761667085
2020-09-18,1.1921022071703646e-06,-4.135367394428676e-09,-0.011512619986892458
2020-09-21,6.548428466146561e-11,-1.3267572491307478e-08,-0.011129559539026501
2020-09-22,2.717469463897615e-07,6.669131377080662e-13,0.010184323477851365
2020-09-23,1.5894487170875493e-08,-6.302059447957893e-09,-0.023190911734915942
2020-09-24,4.112775897624488e-09,4.236558625276026e-11,0.002665426433536622
2020-09-25,3.5356951477716336e-07,6.649129238189442e-11,0.01616701080656968
2020-09-28,4.814548870690771e-08,5.8725866284750594e-09,0.016609425821613177
2020-09-29,5.417002784113834e-07,-2.621997138631834e-10,-0.005445987171495137
2020-09-30,7.800631340870723e-08,4.1070203037384145e-09,0.007581720865610153
2020-10-01,1.8377794597235209e-07,5.00817095112629e-10,0.006420212329335984
2020-10-02,8.343059321180846e-08,-1.7449339997427552e-09,-0.009494795420149416
2020-10-05,1.4006362736296296e-10,1.4795105309710518e-09,0.0177334293574416
2020-10-06,2.964982703801411e-10,-1.991146123156826e-12,-0.014216011398854755
2020-10-07,3.022098971072751e-08,5.160993239949454e-12,0.017406486834923296
2020-10-08,2.4916033647404134e-07,2.678418434858074e-10,0.008862775377297849
2020-10-09,2.0463285608229853e-06,2.225048930807167e-09,0.008930189139630507
2020-10-12,3.24750332747481e-06,3.291991731562235e-08,0.01608730775002365
2020-10-13,5.627516402872956e-07,-2.119409953136988e-08,-0.00652627492389668
2020-10-14,5.204979385275976e-07,-3.535835522712194e-09,-0.006283118998830606
2020-10-15,7.768798715446223e-08,-6.433026515633538e-10,-0.0012359369825424293
2020-10-16,3.873394427422738e-08,-4.6949417926407644e-11,-0.0006043330461511509
2020-10-19,4.4438352997389075e-09,-5.888929225377741e-10,-0.015203536163746922
2020-10-20,3.7507934536051835e-09,1.7801561029906956e-11,0.004005900270640739
2020-10-21,1.571622443297116e-08,-7.099337617880153e-12,-0.0018927562143035148
2020-10-22,2.3750780342446376e-08,8.620671146292972e-11,0.005485204912324626
2020-10-23,8.57880266824651e-08,8.064368911422013e-11,0.0033954121907353585
2020-10-26,1.8189894035458565e-12,-1.585354058232671e-09,-0.01847989888030277
2020-10-27,1.8189894035458565e-12,-6.271563172610551e-15,-0.003447828316308521
2020-10-28,0.0,-6.217074268484699e-14,-0.03417872724472948
2020-10-29,0.0,0.0,0.010163652666482337
2020-10-30,0.0,-0.0,-0.01042504613017814
2020-11-02,0.0,0.0,0.011208343129572862
2020-11-03,0.0,0.0,0.0176561287225403
2020-11-04,0.0,0.0,0.02234899752964492
2020-11-05,2.673941068565e-10,0.0,0.019502830433135943
2020-11-06,1.6819420253222361e-06,-6.105090849768772e-14,-0.00022831807781931168
2020-11-09,0.0,2.1134814355260544e-08,0.012565721075440406
2020-11-10,4.1375135395593787e-07,-0.0,-0.0014666816467020505
2020-11-11,2.2611029525609894e-05,3.073560117056638e-09,0.00742851978046688
2020-11-12,7.692582570939521e-09,-2.1935074596965962e-07,-0.009701050795640098
2020-11-13,3.407649072206809e-05,1.0650212533878545e-10,0.01384478156154234
2020-11-16,7.648578842278653e-06,4.253585966275866e-07,0.012482464820009254
2020-11-17,4.346982124103782e-05,-4.113755163746633e-08,-0.005378456898433526
2020-11-18,1.1258030351291026e-05,-5.23147660596551e-07,-0.012034732273126347
2020-11-19,2.509851929310969e-05,4.739819677855344e-08,0.00421016779130623
2020-11-20,2.113804041037337e-05,-1.718746853939536e-07,-0.006848001007021098
2020-11-23,3.0287465483835874e-05,1.2671729652699242e-07,0.005994751361380057
2020-11-24,7.820437507000122e-05,4.880369955669364e-07,0.01611349737492551
2020-11-25,0.0010828663200045385,-1.2055719076737004e-07,-0.0015415658095785378
2020-11-26,0.0018351619463989888,0.0,0.0
2020-11-27,0.00235549492269016,5.1108652064394626e-06,0.0027849668616266587
2020-11-30,0.0021476700025715445,-1.0428130405825167e-05,-0.004427150449518025
2020-12-01,0.0009358663870467909,2.349006498077444e-05,0.010937464765372829
2020-12-02,0.0008361399635072875,1.968620697198201e-06,0.002103527516796877
2020-12-03,0.0006031288984966743,-2.2784622595230608e-07,-0.00027249771078585727
2020-12-04,0.0006916127146344708,5.1975898728913655e-06,0.00861770988895838
2020-12-07,0.001007202522357309,-1.421292072073532e-06,-0.0020550404033921055
2020-12-08,0.0010632691866777622,2.9472458045641096e-06,0.002926169999719841
2020-12-09,0.0003967937681567113,-9.536379395471487e-06,-0.008968922935939094
2020-12-10,0.00015587737057420892,-1.2975773219590233e-07,-0.0003270155496611915
2020-12-11,3.790829031391496e-05,-1.8276438973916864e-07,-0.0011724882775858703
2020-12-14,2.774144438277837e-06,-1.697245377410802e-07,-0.004477240633529167
2020-12-15,5.9339514562273266e-05,3.750500183958945e-08,0.01351948417756943
2020-12-16,0.0001262562244684906,9.311812703820288e-08,0.0015692431548370855
2020-12-17,0.00021436936596241907,7.060392202283163e-07,0.005592114156752093
2020-12-18,0.00020057021920116824,-8.559853052754848e-07,-0.003993039310596025
2020-12-21,4.685070927878954e-07,-7.171480146138066e-07,-0.0035755458485814406
2020-12-22,3.923051176246695e-06,-7.895495019575869e-10,-0.0016852455685554268
2020-12-23,2.7204456499396734e-05,3.5257246325117826e-09,0.000898720020238164
2020-12-24,0.0002508704904701231,1.0583194814433455e-07,0.003890243061708709
2020-12-25,0.00025322437301378287,0.0,0.0
2020-12-28,4.83582330912391e-06,2.1754109587651796e-06,0.008590843499281853
2020-12-29,2.5793922705963368e-05,-9.225259572986981e-09,-0.0019076916138729416
2020-12-30,5.909887412502979e-05,3.679698327927334e-08,0.0014265756976454824
2020-12-31,6.28878684063583e-05,3.0028334759581537e-07,0.005081033302944737
2021-01-01,5.679410693693043e-05,0.0,0.0
2021-01-04,2.4299390255499986e-07,-7.732012495935261e-07,-0.013614110535308921
2021-01-05,1.7633661165694647e-06,1.6735869079651794e-09,0.006887361741870768
2021-01-06,3.472812082350174e-07,1.0542184744506255e-08,0.005978443526529542
2021-01-07,0.00010384416553677056,5.15974744526332e-09,0.014857548646201257
2021-01-08,0.00018315936688750867,5.916782708034352e-07,0.005697751700782128
2021-01-11,1.5674217249350697e-05,-1.2346348144485218e-06,-0.006740768083167703
2021-01-12,3.55742256850089e-05,3.3080106141952645e-09,0.00021104789869696994
2021-01-13,7.783945061801134e-05,9.58020721270389e-08,0.0026930191812273296
2021-01-14,9.005750843615878e-06,-2.725924803916704e-07,-0.0035019836114901226
2021-01-15,8.267638547554412e-06,-6.567607137933312e-08,-0.0072926813676941205
2021-01-18,9.330140567032075e-06,0.0,0.0
2021-01-19,4.117727945440741e-05,7.326093700352198e-08,0.007852072160883461
2021-01-20,0.00018166820015652618,5.698396439258715e-07,0.013838690935296327
2021-01-21,0.00025003602792683655,1.6560413378166838e-07,0.000911574692978645
2021-01-22,0.00010454228242873231,-8.849573693557076e-07,-0.003539319420058362
2021-01-25,4.331217288522371e-05,4.122904419363905e-07,0.003943767367212914
2021-01-26,3.771782014905245e-05,-6.761064658692351e-08,-0.0015610079588038728
2021-01-27,0.0,-9.218294803223791e-07,-0.024440157906249982
2021-01-28,1.5461565361363228e-10,0.0,0.008600143538562754
2021-01-29,3.637978807091713e-12,-3.095374368115053e-12,-0.02001979939139964
2021-02-01,9.404268475066146e-10,6.055635186757895e-14,0.016645603253524488
2021-02-02,5.472682571561194e-07,1.3297923293372229e-11,0.014140305892616167
2021-02-03,3.7839734518985146e-05,4.301363243887004e-10,0.0007859698032257612
2021-02-04,0.00031870645506570927,4.300855793809142e-07,0.01136597771755321
2021-02-05,0.0007288900721236224,1.2543825792219028e-06,0.003935855578963032
2021-02-08,0.0010748341631928726,5.264116063640928e-06,0.007222098729241733
2021-02-09,0.0014078793970104808,-7.159576578195784e-07,-0.0006661098821912903
2021-02-10,0.002284208692253431,-6.132005618624914e-07,-0.000435549069873864
2021-02-11,0.0043958655911341404,3.689301040119293e-06,0.001615133088596954
2021-02-12,0.006687689514501716,2.1714975896695478e-05,0.004939863480014406
2021-02-15,0.006354390918993924,0.0,0.0
2021-02-16,0.0031605667444748464,-5.504255822000089e-06,-0.0008662129686650699
2021-02-17,0.0016807632799584749,7.260267740658471e-07,0.00022971410913408263
2021-02-18,0.0005143516449449548,-7.153544721262965e-06,-0.004256128633081335
2021-02-19,0.0001575603962787886,-9.083150386032609e-07,-0.001765941739528154
2021-02-22,4.540704723043909e-05,-1.2119556797780968e-06,-0.007692007055082883
2021-02-23,5.794062523589716e-05,5.514787589335331e-08,0.0012145223981088193
2021-02-24,0.0001356270185575159,6.384650136212588e-07,0.011019297962730601
2021-02-25,1.6092759014263436e-08,-3.2680183805609464e-06,-0.024095629435185617
2021-02-26,2.493859208030358e-08,-8.29218321386637e-11,-0.005152741805501959
2021-03-01,2.628538935600666e-05,6.045128023919009e-10,0.024240053345647494
2021-03-02,1.0546040389858291e-05,-2.0510615515867893e-07,-0.007803048011986502
2021-03-03,3.1573235304005465e-07,-1.3969006397151526e-07,-0.013245735727112296
2021-03-04,1.7753512771001567e-08,-3.907131754884459e-09,-0.012374822273562791
2021-03-05,5.50653700881476e-06,3.266080866326177e-10,0.01839681480760791
2021-03-08,2.5873255955488617e-06,-2.7416520326133723e-08,-0.0049789042155252705
2021-03-09,0.00042388822904837475,3.694018084370639e-08,0.014277360726171029
2021-03-10,0.00831872238256004,2.6384985806760925e-06,0.0062245148599655575
2021-03-11,0.03847820085247722,8.434588779983684e-05,0.010139283885307382
2021-03-12,0.37937499576701006,5.1823226603108546e-05,0.0013468204192237376
2021-03-15,0.6283316649798945,0.0022624762886060603,0.005963693743262777
2021-03-16,0.736811615964415,-0.0007924535757016851,-0.0012612026734750703
2021-03-17,0.7749538080848539,0.0025122123942214764,0.003409572188860288
2021-03-18,0.7979878645130596,-0.011275255852020282,-0.014549584419598971
2021-03-19,0.835238869448727,-0.0014764936108282514,-0.0018502707578507138
2021-03-22,0.8678166768734299,0.006669542070743448,0.007985191200626796
2021-03-23,0.8986594138321442,-0.006830654897604789,-0.007871080470836622
2021-03-24,0.9173343744306874,-0.004568326007698791,-0.005083489848749401
2021-03-25,0.9670659827728143,0.005160683756199498,0.0056257389890161935
2021-03-26,0.9851269965183583,0.0155842398104425,0.016114970527407735
2021-03-29,0.9901319126663047,-0.0004978118200009806,-0.0005053275585384931
2021-03-30,0.996453263002323,-0.0026266466329281156,-0.0026528249411281735
2021-03-31,0.9984330582387919,0.004038729615143493,0.004053104912291383
2021-04-01,0.9998339849638658,0.010782298899137304,0.010799220648960661
2021-04-02,0.99996298031826,0.0,0.0
2021-04-05,0.9999184917130537,0.014352799227866888,0.014353330583597002
2021-04-06,0.999963159478362,-0.0005907909884894419,-0.0005908391467761565
2021-04-07,0.9999795869959103,0.0011573929822404905,0.0011574356227725957
2021-04-08,0.9999876507199493,0.004746765883878478,0.004746862781607852
2021-04-09,0.9999879254804932,0.007269886078160142,0.007269975857127964
2021-04-12,0.9999877769846349,0.0003647855365996158,0.00036478994126287745
2021-04-13,0.9999661169967494,0.0029634164071598054,0.002963452629486829
2021-04-14,0.9999654300656218,-0.0034151095242990316,-0.003415225242387021
2021-04-15,0.9999896279991338,0.010742363642926958,0.010742735018571592
2021-04-16,0.9999893413787886,0.003342386527288065,0.0033424211948835936
2021-04-19,0.999976801478348,-0.004913205832741316,-0.0049132582012993975
2021-04-20,0.9998836612930776,-0.007321234583377252,-0.007321404429136424
2021-04-21,0.9999682679133978,0.009460971077619229,0.009462071882826883
2021-04-22,0.9999556353588499,-0.009132783634459747,-0.009133073445937279
2021-04-23,0.9999699162587885,0.010841828927364246,0.010842309942554085
2021-04-26,0.999972310356108,0.002087794514198136,0.0020878573247575805
2021-04-27,0.9999800288189326,-0.00021562908886764624,-0.00021563505972566066
2021-04-28,0.9999839883174138,-0.0002874392521713245,-0.0002874449927873224
2021-04-29,0.9999735003624655,0.006372709760137222,0.0063728117995769384
2021-04-30,0.99994019761182,-0.006570461948993675,-0.006570636068467861
2021-05-03,0.9998932597496598,0.0021568061905701897,0.0021569351804451298
2021-05-04,0.99953422108309,-0.006168617324323013,-0.006169275834369992
2021-05-05,0.9987417525761072,0.0003125128565569251,0.00031265848628803106
2021-05-06,0.9961530216527624,0.007975616231775116,0.007985664173149054
2021-05-07,0.9785723961431682,0.007249905091688772,0.007277903027047117
2021-05-10,0.7552760211485237,-0.009690223059138976,-0.009902407933568225
2021-05-11,0.12474940380415422,-0.0067407068862165714,-0.008924825755710075
2021-05-12,0.010195681249258182,-0.002650296485375063,-0.021244963138547734
2021-05-13,0.07797853176704661,0.00012247579074676145,0.01201251664823011
2021-05-14,0.5556839158685305,0.0011973705114481472,0.015355130243092763
2021-05-17,0.6527012773846963,-0.0014139960170922884,-0.002544604903458869
2021-05-18,0.6846405967142652,-0.005623433942775818,-0.008615631894131281
2021-05-19,0.7256202572339316,-0.0017949432431518405,-0.002621730659511212
2021-05-20,0.8452234664580204,0.007806166454922479,0.010757922449243118
2021-05-21,0.9285903487887482,-0.000691831414019005,-0.000818518937859336
2021-05-24,0.988467158610297,0.009466122203947682,0.010194077739764662
2021-05-25,0.9976597141036107,-0.002193050327133788,-0.0022186375217736476
2021-05-26,0.9997672742517554,0.0019799444034932505,0.001984588908926943
2021-05-27,0.9999537286112696,0.0005248461804935919,0.0005249683541466155
2021-05-28,0.999987093097704,0.0017886890989608083,0.0017887718679192588
2021-05-31,0.99998637243679,0.0,0.0
2021-06-01,0.9999760591806406,-0.000880952944091208,-0.0008809649494967431
2021-06-02,0.9999797467598249,0.0015727715950623786,0.0015728092494045054
2021-06-03,0.999967337502721,-0.003711572546208896,-0.003711647719101596
2021-06-04,0.9999909481571246,0.009145674253724256,0.009145972984041961
2021-06-07,0.9999921060562162,-0.0009704116775748555,-0.0009704204616683976
2021-06-08,0.9999858284336932,0.00021368116698088093,0.00021368285378131624
2021-06-09,0.9999661987603395,-0.0014923442031158313,-0.001492365352270375
2021-06-10,0.9999935604190759,0.004648456702614497,0.004648613831524706
2021-06-11,0.9999959644771719,0.0016524274050990762,0.001652438046107596
2021-06-14,0.9999896328544562,0.002238803314274312,0.0022388123490526546
2021-06-15,0.9999864896513935,-0.001834022017115946,-0.0018340410308862465
2021-06-16,0.9999599703125334,-0.0055833598792023025,-0.005583435313359808
2021-06-17,0.9999524255449093,-0.00033144754113110847,-0.00033146080940371636
2021-06-18,0.9997885516250875,-0.013489996350808409,-0.013490638160567725
2021-06-21,0.9999353500629873,0.014313224093005075,0.014316251241064837
2021-06-22,0.9999878136670369,0.0053457739235736965,0.005346119549865858
2021-06-23,0.9999915751704272,-0.0012053849467619647,-0.0012053996361632846
2021-06-24,0.9999900027735149,0.0059157715278858524,0.005915821367672658
2021-06-25,0.9999939538852187,0.003551964869847313,0.003552000379999587
2021-06-28,0.9999963354962395,0.002015865655345327,0.0020158778435741542
2021-06-29,0.9999941059496237,0.0005382667632639949,0.0005382687357518012
2021-06-30,0.9999961515409123,0.0008414964809652989,0.0008415014408171828
2021-07-01,0.9999949506908968,0.005536543070821218,0.005536564378062714
2021-07-02,0.9999979951031961,0.00764370435815591,0.007643742953776789
2021-07-05,0.9999979402300679,0.0,0.0
2021-07-06,0.9999929701220511,-0.001821683821265345,-0.0018216875735226346
2021-07-07,0.9999887132711236,0.0035342248256499775,0.0035342496709938054
2021-07-08,0.9999103321063783,-0.008148007707150401,-0.008148099672542264
2021-07-09,0.999960639228508,0.010673768529918904,0.010674725710088317
2021-07-12,0.9999838133291182,0.0035818133796574115,0.0035819543681447907
2021-07-13,0.9998966561472564,-0.003408762743365293,-0.0034088179207790725
2021-07-14,0.9988845738260921,0.0014919869520253633,0.0014921411556412245
2021-07-15,0.9883626543448967,-0.0034117955887406994,-0.0034156054444531847
2021-07-16,0.8648907650456803,-0.007752188572432524,-0.007843465693845753
2021-07-19,0.11553341973328102,-0.01277270711911146,-0.014768000347924692
2021-07-20,0.31617638414386817,0.0016556541345382595,0.014330521318943745
2021-07-21,0.5105004845813468,0.0025598166052697275,0.00809616636043553
2021-07-22,0.9482128525480359,0.0010690708992728399,0.0020941623594139536
2021-07-23,0.9951196944986108,0.009755267359681298,0.010288056456382089
2021-07-26,0.9993236604273836,0.002442805861043902,0.0024547859665009497
2021-07-27,0.9996976020768386,-0.004554474310753051,-0.004557556766748849
2021-07-28,0.9999235779650667,-0.00040997261405298287,-0.0004100966264211081
2021-07-29,0.9999647667287452,0.0041471581239347815,0.004147475082420415
2021-07-30,0.999944922606761,-0.004856331861478377,-0.004856502971964938
2021-08-02,0.9998274733462599,-0.0020980103352301054,-0.0020981258945350634
2021-08-03,0.9999312814012645,0.008134187646127564,0.008135591252462548
2021-08-04,0.9999681565431072,-0.004918654007842752,-0.0049189920340825255
2021-08-05,0.9999674619558925,0.006332767345252616,0.006332969008878253
2021-08-06,0.999982776071767,0.0016523118871918055,0.0016523656519382701
2021-08-09,0.999990201751364,-0.0008134344143697827,-0.0008134484251470786
2021-08-10,0.999988466769211,0.0012439153137054565,0.0012439275020164065
2021-08-11,0.9999893853388112,0.002484809049703989,0.0024848377079107475
2021-08-12,0.9999940228903988,0.0029969126070459435,0.0029969444185955485
2021-08-13,0.999996154924138,0.0018198406501162123,0.0018198515275682503
2021-08-16,0.9999799121670494,0.0023547372228418548,0.0023547462770199257
2021-08-17,0.9997455399793412,-0.006555241242265534,-0.00655537292550179
2021-08-18,0.9980018997658457,-0.010942195556756906,-0.010944980616750755
2021-08-19,0.9978723342104371,0.0015451487996236638,0.0015482423430117631
2021-08-20,0.9994113552023296,0.007940363885182045,0.007957294348144073
2021-08-23,0.999912086034606,0.00879128212280101,0.00879646011328461
2021-08-24,0.9999364479056692,0.0015871243647545843,0.0015872639074188122
2021-08-25,0.9999774095428924,0.0020983970156881722,0.0020985303816889456
2021-08-26,0.9999494489078309,-0.00590334892461429,-0.005903482286977679
2021-08-27,0.999988698254314,0.008940710472872843,0.008941162458400376
2021-08-30,0.9999933293910488,0.004397531702215433,0.0043975814025620785
2021-08-31,0.9999877808305767,-0.0014816617219201244,-0.0014816716055719992
2021-09-01,0.9999927018129257,0.0005316884198752706,0.0005316949167455398
2021-09-02,0.999989603939644,0.0030765033787557745,0.0030765258318168343
2021-09-03,0.9999912100071069,-0.00024275455858409082,-0.00024275708230137027
2021-09-06,0.999990751847484,0.0,0.0
2021-09-07,0.9999644485204292,-0.0035756449888717347,-0.0035756780572877567
2021-09-08,0.9999190989583037,-0.0012181050109147623,-0.0012181483178898
2021-09-09,0.9995275656757587,-0.004279712505991931,-0.00428005876720472
2021-09-10,0.9977182521135116,-0.007880937284177375,-0.007884662269268428
2021-09-13,0.9966851852329391,0.002553313559801827,0.002559152901526085
2021-09-14,0.9923993098694004,-0.005378553383741167,-0.005396441588006673
2021-09-15,0.9773620934943289,0.008289309435513151,0.00835279645307696
2021-09-16,0.8893370332488091,-0.0015493971686274745,-0.001585284695345579
2021-09-17,0.46115295707559445,-0.008663298802223225,-0.009741299955288718
2021-09-20,0.0001381054516964575,-0.007689267525005692,-0.016674006762891103
2021-09-21,0.0002961004658407207,-1.304734812800689e-07,-0.0009447380945311057
2021-09-22,0.017114173194278992,2.8883801722382003e-06,0.00975473025358875
2021-09-23,0.05737102805507943,0.00020793819125365884,0.012150057668177006
2021-09-24,0.06832570305668251,9.450342154916205e-05,0.0016472324926517512
2021-09-27,0.06014704050642039,-0.00019546514978104255,-0.0028607850492059494
2021-09-28,0.008600790015986792,-0.0012120765338352773,-0.020151889829157832
2021-09-29,0.00366837706015255,1.4476510646493443e-05,0.0016831605724108023
2021-09-30,0.003574403845564289,-4.483666624506851e-05,-0.012222480271208536
2021-10-01,0.008814743963195593,4.247890022076449e-05,0.011884191617989481
2021-10-04,0.014683231823737986,-0.00011367433918967157,-0.012895932050244308
2021-10-05,0.05033575524762435,0.00015277739291021165,0.010404888701901482
2021-10-06,0.11655105624141704,0.0002091964469004883,0.00415602082200528
2021-10-07,0.35405772258242907,0.0010076684343599234,0.008645725460202591
2021-10-08,0.8405328220158517,-0.0006457445501887016,-0.0018238397555030428
2021-10-11,0.9311083702945696,-0.006085048946039105,-0.007239513778230955
2021-10-12,0.9698021588529594,-0.002292121250038701,-0.002461712646094627
2021-10-13,0.9937290522035871,0.0034889025799770654,0.0035975405376531544
2021-10-14,0.9990779667705978,0.016715238538280636,0.016820720397793254
2021-10-15,0.9998952530976137,0.007608801838514556,0.007615823881202299
2021-10-18,0.9999872658363392,0.0029603190202369396,0.0029606291369681514
2021-10-19,0.9999949712006427,0.0077148006984410445,0.007714898941226789
2021-10-20,0.999996052628729,0.00392767312345551,0.003927692875034916
2021-10-21,0.9999945139819781,0.0026081834239587865,0.002608193719467744
2021-10-22,0.9999950441054243,-0.0010362062656848639,-0.001036211950362298
2021-10-25,0.9999954896738383,0.005362870838192824,0.005362897416147039
2021-10-26,0.999993884258313,0.000899983255852669,0.0008999873150890014
2021-10-27,0.9999892515654754,-0.004430217328555112,-0.004430244422785612
2021-10-28,0.9999887035692149,0.009648732655524007,0.009648836365409919
2021-10-29,0.9999931534637361,0.002029196476423579,0.0020292193993600716
2021-11-01,0.9999800908429987,0.0017202148356655447,0.0017202266132594346
2021-11-02,0.9999919336287654,0.004043043050985193,0.004043123546166649
2021-11-03,0.9999958100572527,0.0061052973775150374,0.006105346625507435
2021-11-04,0.9999953202474552,0.0047122769918439885,0.004712296736097521
2021-11-05,0.9999596198044731,0.0034697241608396576,0.003469740398366117
2021-11-08,0.9999248303267745,0.0008536787428603601,0.0008537132159669447
2021-11-09,0.9999632958338351,-0.00330514633763722,-0.0033053948030844493
2021-11-10,0.9999487366116232,-0.00804467408191839,-0.008044969365810783
2021-11-11,0.9999785647875493,0.0003236301895517183,0.00032364678078233844
2021-11-12,0.9999928549834994,0.007546586457569769,0.007546748223721256
2021-11-15,0.9999930605324773,0.0003425843416177554,0.0003425867894060186
2021-11-16,0.9999920363135077,0.003957713845437157,0.003957741310054441
2021-11-17,0.9999671612264805,-0.0024291160568390706,-0.002429135401711857
2021-11-18,0.9997961699789372,0.003396227016288426,0.003396338547880795
2021-11-19,0.9981612249186782,-0.0017879845483195506,-0.0017883490675476565
2021-11-22,0.9873984045424102,-0.0028099628932786672,-0.0028151393012763037
2021-11-23,0.9668999406840527,0.0013092939144951803,0.0013260036764004557
2021-11-24,0.9439307710945867,0.002581479774789097,0.0026698520355299404
2021-11-25,0.8067890633660318,0.0,0.0
2021-11-26,3.464663789198852e-08,-0.017993952731761527,-0.02230316888120465
2021-11-29,4.669321667205573e-06,4.2499808372442223e-10,0.012266647201075065
2021-11-30,3.2263737792526115e-08,-9.085398559402802e-08,-0.0194576411884686
2021-12-01,1.819011608006349e-11,-3.583613600314966e-10,-0.011107248711725859
2021-12-02,2.0622089369481955e-08,2.786050169904272e-13,0.015316285820505593
2021-12-03,4.165527922594947e-10,-1.794387817186753e-10,-0.008701290082867241
2021-12-06,2.6866743274567284e-09,4.93335643281294e-12,0.011843292193657096
2021-12-07,2.4466080522644873e-06,5.557328583932552e-11,0.02068478686508035
2021-12-08,0.04810615517862604,6.4789246980977e-09,0.002648125306422111
2021-12-09,0.0736094558221424,-0.0003247946851798455,-0.006751624277056223
2021-12-10,0.11548404391293865,0.0006929132772246428,0.009413373179919748
2021-12-13,0.12038408033965076,-0.0010229829418570136,-0.00885821891228733
2021-12-14,0.119505326683638,-0.0008282552101761513,-0.0068801058066757514
2021-12-15,0.125364886215525,0.0018672832886758941,0.01562510509359205
2021-12-16,0.11818120493867501,-0.0011055297702691248,-0.008818496180569402
2021-12-17,0.10573866582396507,-0.0012578067000590114,-0.010643034996230538
2021-12-20,0.09929959365513041,-0.0011243653040309898,-0.010633435699887173
2021-12-21,0.10955508679692594,0.0017634874919141461,0.017759261916405977
2021-12-22,0.7800845726765323,0.0010954003947842678,0.009998626506633412
2021-12-23,0.9283477701071968,0.004853666749797847,0.006221975052197903
2021-12-24,0.9887592127307661,0.0,0.0
2021-12-27,0.9960527112309286,0.013992972153426047,0.014152052363466838
2021-12-28,0.9995948148047658,-0.0008139072829803815,-0.0008171327418752261
2021-12-29,0.99995247325919,0.001278792396424028,0.0012793107542017346
2021-12-30,0.9999696350089193,-0.002764372926868693,-0.002764504314748728
2021-12-31,0.9999847833185034,-0.002520168832364856,-0.002520245359592721
2022-01-03,0.9999811072202897,0.005789836912101797,0.005789925015546649
2022-01-04,0.9999529504980624,-0.0003349361196024755,-0.0003349424475963536
2022-01-05,0.9996831306921359,-0.01920119765375893,-0.019202101103051983
2022-01-06,0.999207067624696,-0.0009391764043002586,-0.0009394740948064362
2022-01-07,0.998732532613837,-0.003950348912548979,-0.00395348375781579
2022-01-10,0.9961650493788746,-0.0012429112085362473,-0.0012444885571949449
2022-01-11,0.987260630682394,0.009073526011464552,0.009108456492347372
2022-01-12,0.9596733532276093,0.0026690856504131165,0.0027035268777690913
2022-01-13,0.9386326737098968,-0.013223067319568444,-0.013778716763465537
2022-01-14,0.8998434832825022,0.00038409983930418886,0.00040921209122846136
2022-01-17,0.748830136334202,0.0,0.0
2022-01-18,0.13387859681485526,-0.01326155743937392,-0.01770970049936038
2022-01-19,0.006563649224886614,-0.0013901356945534564,-0.010383554411433793
2022-01-20,3.781790718793143e-05,-7.264629366919834e-05,-0.01106797319298447
2022-01-21,9.513427823293341e-10,-7.423945698680544e-07,-0.019630768201392423
2022-01-24,3.8744940589197086e-10,4.040110285375414e-12,0.004246745085386916
2022-01-25,5.820832704728218e-11,-4.730319279980661e-12,-0.012208869617674867
2022-01-26,0.0,-1.4603543497952758e-13,-0.0025088409577705972
2022-01-27,3.092315292718695e-11,-0.0,-0.00493796398617774
2022-01-28,1.5956365451152976e-08,7.679903474908179e-13,0.02483544770803814
2022-01-31,4.6758426425208555e-06,2.873911416699761e-10,0.018011065398932047
2022-02-01,1.6125097964114765e-05,3.1593606334812634e-08,0.006756772789466625
2022-02-02,4.178766949358703e-05,1.5664139618536677e-07,0.009714136096038661
2022-02-03,8.727671850228269e-06,-9.822143732581503e-07,-0.02350488517692728
2022-02-04,3.726997925712627e-05,4.1038523609228604e-08,0.004702115789121386
2022-02-07,7.928424457726013e-05,-1.1961078420634965e-07,-0.0032093064335011467
2022-02-08,0.00018147169581916867,6.523570648398913e-07,0.008228079466711558
2022-02-09,0.0002313218730081168,2.656001392843897e-06,0.014635898897922495
2022-02-10,2.3498086085593783e-05,-4.155809274190825e-06,-0.01796548341991422
2022-02-11,1.411552652541559e-09,-4.633503154256757e-07,-0.019718640647492847
2022-02-14,2.0600300687512174e-08,-4.614955753363833e-12,-0.003269418073108654
2022-02-15,3.965698114338778e-07,3.322172031547632e-10,0.016126813302106413
2022-02-16,6.770889440899097e-06,4.444929757617463e-10,0.0011208442068613156
2022-02-17,3.9752668157255755e-08,-1.4463545630392208e-07,-0.021361367301356515
2022-02-18,6.895143311869134e-08,-2.574034362711226e-10,-0.006475123512536873
2022-02-21,6.241936467699105e-08,0.0,0.0
2022-02-22,3.7162397603651698e-09,-6.698647329697229e-10,-0.01073168136901348
2022-02-23,9.640754861095502e-11,-6.592076026130782e-11,-0.0177385649237094
2022-02-24,1.819011608006349e-10,1.4508406238435012e-12,0.015049035524160592
2022-02-25,0.0,4.013485040371395e-12,0.022064098011832955
2022-02-28,3.292409678223862e-10,-0.0,-0.0025586232298335787
2022-03-01,1.8189894035458565e-12,-5.014452370786407e-12,-0.015230341484998688
2022-03-02,0.0,3.3462542980030756e-14,0.01839622755074899
2022-03-03,5.165992078559611e-10,-0.0,-0.0049784194857172
2022-03-04,5.457079232940032e-12,-4.197175463878775e-12,-0.00812462620935539
2022-03-07,0.0,-1.6086996324971273e-13,-0.029479132771001226
2022-03-08,0.0,-0.0,-0.007581681944362262
2022-03-09,1.8189894035458565e-12,0.0,0.026810811214108332
2022-03-10,9.040485027256295e-10,-8.213756312496736e-15,-0.004515560286654341
2022-03-11,3.5652614194248144e-10,-1.1495019633146854e-11,-0.01271504747642449
2022-03-14,2.3647195313003522e-11,-2.6056511650145153e-12,-0.007308443500995465
2022-03-15,1.9681700713647388e-09,5.200130500521026e-13,0.021990474691353734
2022-03-16,3.365170364588721e-10,4.3642490620326445e-11,0.022174146053376642
2022-03-17,3.1761566199328684e-07,4.210145345962724e-12,0.012510942656174473
2022-03-18,1.4408956296563247e-05,3.4787857255753807e-09,0.010952815436566565
2022-03-21,3.0258167346142173e-06,-4.2128846877501995e-09,-0.00029237958676819886
2022-03-22,3.884633068729215e-05,3.5406834633987353e-08,0.011701579355070102
2022-03-23,3.360755017378647e-05,-5.002773747046054e-07,-0.012878368840850696
2022-03-24,0.00011286795387777104,5.066019852911472e-07,0.015074052784909364
2022-03-25,0.00022520054281260915,5.512189973965553e-07,0.00488375113093209
2022-03-28,0.003215307075336016,1.6018089181357362e-06,0.007112811088864079
2022-03-29,0.003296192349075744,3.9776290838845506e-05,0.012370915096713953
2022-03-30,0.006120991003513154,-2.0352935647490022e-05,-0.006174680811087074
2022-03-31,0.005983278108028345,-9.421017465567171e-05,-0.015391327090923612
2022-04-01,0.010302274700097591,1.6957473490514338e-05,0.0028341442908630388
2022-04-04,0.010246212772875185,8.825427851393912e-05,0.008566484692269283
2022-04-05,0.004744038168621678,-0.00012942258041249928,-0.01263126027941952
2022-04-06,7.077408117273087e-05,-4.7437627254286184e-05,-0.009999419390858022
2022-04-07,0.00025904172125446046,3.566290195323846e-07,0.005038977739068029
2022-04-08,0.00034263415894464355,-6.926340816629211e-07,-0.002673832146839916
2022-04-11,2.40824412856e-06,-5.8563712483498604e-06,-0.017092199056825574
2022-04-12,1.2037122672392542e-05,-8.923561087566903e-09,-0.0037054221296504153
2022-04-13,0.00012197578075578974,1.378669842094407e-07,0.011453483358248251
2022-04-14,3.054471200458764e-05,-1.5188127374660235e-06,-0.012451756636072453
2022-04-15,7.109952283101961e-05,0.0,0.0
2022-04-18,9.051582284891335e-05,2.924164510514147e-08,0.000411277656175546
2022-04-19,0.0001860096365868813,1.4611592390437312e-06,0.016142583617481554
2022-04-20,0.0004524236712425411,-1.379209478289035e-07,-0.000741472056822623
2022-04-21,4.664763947503925e-05,-6.765351637482681e-06,-0.014953575746605496
2022-04-22,1.0801287975148455e-08,-1.2799752661373084e-06,-0.027439229091585915
2022-04-25,4.05239288792103e-08,6.262252312370217e-11,0.005797690355796803
2022-04-26,1.8189894035458565e-12,-1.173609011471993e-09,-0.02896088913220063
2022-04-27,6.548439568376807e-11,5.114710622354192e-15,0.0028118419009939277
2022-04-28,4.3474368549567544e-10,1.6540980810116818e-12,0.025259423466309716
2022-04-29,1.8189894035458565e-12,-1.6066189199209357e-11,-0.036955543542608105
2022-05-02,7.276068636485888e-12,1.0949028786839621e-14,0.006019292231992157
2022-05-03,1.2805838611740228e-09,3.3354909228215804e-14,0.004584193868232278
2022-05-04,4.892483868035313e-07,3.899734963924477e-11,0.030452788623692717
2022-05-05,5.275135883664461e-11,-1.7389290201427903e-08,-0.035542866712427124
2022-05-06,1.6734902352766312e-10,-3.148584781174038e-13,-0.005968727347714919
2022-05-09,0.0,-5.358068417453928e-12,-0.03201732704803162
2022-05-10,3.637978807091713e-12,0.0,0.0023104980165646882
2022-05-11,9.095058040031745e-12,-5.779387594119675e-14,-0.01588625965289736
2022-05-12,1.8189894035458565e-12,-9.492228254947539e-15,-0.0010436687938842892
2022-05-13,2.437474666550088e-10,4.3487895140037483e-14,0.023907723186987306
2022-05-16,9.034664016915883e-08,-9.890333853612908e-13,-0.004057615034666728
2022-05-17,5.48013465717645e-08,1.8584735033529964e-09,0.02057047721833727
2022-05-18,1.8189894035458565e-12,-2.2091367060925106e-09,-0.0403117230559209
2022-05-19,4.0945939971948064e-09,-1.114035191806795e-14,-0.006124473235716188
2022-05-20,2.8412954211631813e-09,1.787204642462181e-12,0.0004364790852735556
2022-05-23,4.973176426226189e-09,5.316088468817449e-11,0.0187100870582515
2022-05-24,1.477037048225327e-09,-3.7965057321658276e-11,-0.007633965511749885
2022-05-25,2.146433031313677e-10,1.3050029297318148e-11,0.008835275535571618
2022-05-26,0.0,4.288841626228636e-12,0.019981250584854005
2022-05-27,8.72761529713273e-09,0.0,0.024548982868633606
2022-05-30,1.2834897836766501e-06,0.0,0.0
2022-05-31,6.987419539639106e-07,-7.2014417725627976e-09,-0.005610829056958866
2022-06-01,5.22785477907739e-07,-5.651853127253773e-09,-0.008088612820786323
2022-06-02,5.113490937458387e-06,9.955693829683978e-09,0.01904355467089114
2022-06-03,3.865240179257157e-06,-8.391996030102254e-08,-0.016411481183290055
2022-06-06,2.8790702648606725e-06,1.1768654692405799e-08,0.003044740856095407
2022-06-07,1.438527528319078e-06,2.761689876822084e-08,0.009592297591791255
2022-06-08,1.2722766778217043e-05,-1.5640164233152002e-08,-0.010872342673502788
2022-06-09,6.33046592146691e-07,-3.0258286598296074e-07,-0.0237827880725614
2022-06-10,5.8599441521423046e-08,-1.8355714251565944e-08,-0.028995834555116784
2022-06-13,0.0,-2.2249007596530094e-09,-0.03796795160308175
2022-06-14,7.276068636485888e-12,-0.0,-0.0030133786132765517
2022-06-15,6.493869886270431e-10,1.0373166901119568e-13,0.01425655449304486
2022-06-16,0.0,-2.1492316652804084e-11,-0.03309631549323755
2022-06-17,9.458855920740916e-11,0.0,0.002155881774996926
2022-06-20,1.4552092864050792e-10,0.0,0.0
2022-06-21,1.1277867528747265e-10,3.66328442781738e-12,0.025173591606655332
2022-06-22,3.638023216012698e-11,-2.0448472552343696e-13,-0.0018131506244616347
2022-06-23,7.843575899890709e-09,3.5662730755972537e-13,0.009802777123302464
2022-06-24,1.3642587060047617e-10,2.493757333410723e-10,0.03179362787125539
2022-06-27,7.970178805827288e-08,-5.210903712982475e-13,-0.0038195861899555927
2022-06-28,5.23147603015417e-09,-1.6285408255642266e-09,-0.020432927105393683
2022-06-29,0.0,-4.259680931265511e-12,-0.000814240743284067
2022-06-30,2.6921365137155817e-10,-0.0,-0.008124305153112799
2022-07-01,3.3399767085384724e-07,2.847386882844253e-12,0.010576680893920942
2022-07-04,3.3537648080894655e-07,0.0,0.0
2022-07-05,9.389916855173652e-08,6.33359577153918e-10,0.0018885032594599949
2022-07-06,1.0586644894061692e-09,3.1710781519931304e-10,0.003377109937076739
2022-07-07,9.095058040031745e-12,1.5855721306877153e-11,0.01497709752763221
2022-07-08,4.1866714950433703e-07,-7.481042616506343e-15,-0.0008225392937107889
2022-07-11,5.374139574465531e-07,-4.782640441102891e-09,-0.011423491063879965
2022-07-12,1.0421114160497069e-07,-4.7555986954729695e-09,-0.00884904202724568
2022-07-13,2.803004790496999e-07,-5.472415011943846e-10,-0.005251276329634624
2022-07-14,4.846608430142396e-07,-6.807862319698295e-10,-0.0024287729877519038
2022-07-15,4.707726998232076e-07,9.25955711242708e-09,0.01910523048414503
2022-07-18,1.7223123394138895e-07,-3.8872733851856955e-09,-0.008257219219902745
2022-07-19,1.331024916950696e-07,4.653548449468763e-09,0.027019190090993517
2022-07-20,3.5647160223639673e-08,8.483099207260626e-10,0.0063733586796368424
2022-07-21,1.708448670589835e-05,3.6300135843787753e-10,0.01018317745819064
2022-07-22,2.9170655661325817e-05,-1.5851328336167124e-07,-0.009278199930170872
2022-07-25,1.995202823390496e-05,3.54424408358419e-08,0.0012150032295239477
2022-07-26,3.2051251969145156e-06,-2.3605310488234663e-07,-0.01183103302155597
2022-07-27,3.1425133400042604e-05,8.322561049177735e-08,0.025966414844542207
2022-07-28,1.999593828516666e-05,3.9414512852435847e-07,0.012542353392963612
2022-07-29,7.428438467682597e-07,2.9151560517970333e-07,0.014578740993412387
2022-08-01,4.4101357730363944e-05,-2.19970436595366e-09,-0.0029611934937920914
2022-08-02,6.746166314464119e-08,-2.909586315207159e-07,-0.006597498274308
2022-08-03,0.00018204826118572992,1.0564250944126701e-09,0.01565963608320242
2022-08-04,0.0008449906605291213,-1.2298222272038585e-07,-0.0006755473626574027
2022-08-05,0.001360313393018675,-1.428141012075027e-06,-0.0016901263869363303
2022-08-08,0.006573956488390875,-1.5792078984796908e-06,-0.0011609147616897797
2022-08-09,0.01452847110116251,-2.610648569373091e-05,-0.0039711984312389426
2022-08-10,0.029901656865570336,0.00030515499634231,0.021003930435453233
2022-08-11,0.06650958608149748,0.0,0.0
2022-08-12,0.1170555989196802,0.0011259613855583554,0.016929309771656964
2022-08-15,0.13459687210050886,0.0004823473118922687,0.004120668437425534
2022-08-16,0.1388007218220606,0.00026362417703427787,0.0019586203818868775
2022-08-17,0.13073279607645216,-0.0009852000163644902,-0.007097945914341097
2022-08-18,0.11227499834765109,0.00037995321870357536,0.0029063343713797707
2022-08-19,0.05505687196148534,-0.0015087443364732275,-0.013437936839700626
2022-08-22,0.00030143291215689594,-0.0011464275575404565,-0.02082260609252251
2022-08-23,2.4718307534588035e-05,-7.292100615760198e-07,-0.0024191454621135255
2022-08-24,3.759545910375639e-05,7.912600121427817e-08,0.0032011091820731696
2022-08-25,0.00013351862552235527,5.307463414074524e-07,0.01411729911164783
2022-08-26,2.4483968825705915e-06,-4.519449711912883e-06,-0.03384883340606426
2022-08-29,2.297792770500351e-07,-1.6188946167984675e-08,-0.006612059622861377
2022-08-30,2.277692703334111e-07,-2.5224906343375856e-09,-0.010977885676732746
2022-08-31,4.649373148701841e-07,-1.7331524732877729e-09,-0.007609246281338855
2022-09-01,1.7210995452154876e-06,1.4589086045227304e-09,0.003137860863953401
2022-09-02,1.4991823649168623e-06,-1.8148163297918333e-08,-0.01054451693300873
2022-09-05,1.809607012903669e-06,0.0,0.0
2022-09-06,3.5170579448795536e-08,-6.82751717626858e-09,-0.003772928115101215
2022-09-07,4.886415819860268e-06,6.318364801266947e-10,0.017964915279447657
2022-09-08,2.531299172492396e-07,3.1939065071097083e-08,0.00653629700143088
2022-09-09,1.806459926090298e-08,3.932439258187513e-09,0.015535260710868526
2022-09-12,5.418448364657991e-06,1.9415209504717462e-10,0.010747655801442324
2022-09-13,4.052756796824042e-09,-2.356074081356668e-07,-0.04348244963861314
2022-09-14,6.179724564292499e-07,1.5464879288429278e-11,0.0038158912719727933
2022-09-15,6.209192526807072e-07,-7.016175008722849e-09,-0.011353540009312879
2022-09-16,5.620744314427384e-09,-4.736842962591633e-09,-0.007628758396749924
2022-09-19,8.988643040996891e-08,4.358889310059698e-11,0.007755003725878895
2022-09-20,1.575772827777655e-07,-1.0317727167388849e-09,-0.011478625995414493
2022-09-21,3.8495731491394736e-08,-2.748754491235054e-09,-0.01744385004475346
2022-09-22,1.2941899474316898e-07,-3.233502543178449e-10,-0.00839963917532327
2022-09-23,5.6389337643736326e-11,-2.1684186482798583e-09,-0.016755026204484658
2022-09-26,1.6371126676517633e-11,-5.57832639663535e-13,-0.009892519809114986
2022-09-27,7.276068636485888e-12,-4.179675123111872e-14,-0.0025530772595554474
2022-09-28,8.18555223602857e-11,1.4316861481778897e-13,0.01967664434882721
2022-09-29,4.001821096721869e-11,-1.7098664025547738e-12,-0.02088883380438067
2022-09-30,1.6371126676517633e-11,-6.188312404792536e-13,-0.015463740770075285
2022-10-03,1.198728338813737e-09,4.322181445695185e-13,0.026401246115179244
2022-10-04,0.0,3.7144737442087055e-11,0.030986785111667192
2022-10-05,9.356993180276163e-09,-0.0,-0.0023283926239052732
2022-10-06,2.7285174120095235e-11,-9.652459032468626e-11,-0.010315770083936027
2022-10-07,1.0368361724744091e-10,-7.61084779290932e-13,-0.027893711652380526
2022-10-10,1.0914047443577601e-11,-7.916785112373187e-13,-0.00763552171745685
2022-10-11,0.0,-6.911831784000937e-14,-0.00633296842416442
2022-10-12,1.8189894035458565e-12,-0.0,-0.003298409072095443
2022-10-13,9.095058040031745e-12,4.800495793784026e-14,0.02639100472177658
2022-10-14,3.637978807091713e-12,-2.0726464137686484e-13,-0.022788710139571733
2022-10-17,5.457079232940032e-12,9.348448084547766e-14,0.02569681842655136
2022-10-18,8.913159099677159e-11,6.411964989542342e-14,0.01174981105430617
2022-10-19,3.256029890152945e-10,-6.316323060735479e-13,-0.007086514433433888
2022-10-20,3.3106006824823453e-10,-2.7302841744817874e-12,-0.008385316678875876
2022-10-21,1.7571647470404628e-09,8.045218092529378e-12,0.024301384745975874
2022-10-24,7.312425109873288e-10,2.1501896084450135e-11,0.012236698989474437
2022-10-25,1.0915885750861776e-08,1.167676982759734e-11,0.015968395781354783
2022-10-26,4.761079586135253e-08,-8.224231390107717e-11,-0.007534186027421952
2022-10-27,5.108146894361454e-08,-2.542373368565466e-10,-0.005339909410397414
2022-10-28,7.094143050778712e-10,1.2152606991057036e-09,0.023790637274882398
2022-10-31,5.68328034411536e-07,-5.124244636830426e-12,-0.007223204550784956
2022-11-01,1.1387712534061123e-06,-2.486912020459955e-09,-0.004375839075112631
2022-11-02,1.141859930720024e-06,-2.857872888442857e-08,-0.02509611021436342
2022-11-03,9.118884225500778e-08,-1.1757741588500213e-08,-0.010297008654192918
2022-11-04,5.578027513664097e-06,1.3124908470664082e-09,0.014393107913313052
2022-11-07,4.759856912728289e-06,5.335806489663402e-08,0.00956575864244602
2022-11-08,1.2836425804518825e-06,2.567946818173474e-08,0.005395008432515169
2022-11-09,7.445212557577463e-09,-2.6445206161770954e-08,-0.020601689726170824
2022-11-10,1.1737532357170011e-07,4.0914462469033183e-10,0.054954055579503835
2022-11-11,6.156295644976773e-05,1.1360246630927378e-09,0.00967856469761963
2022-11-14,4.861346330820027e-06,-5.237108628937882e-07,-0.008506915409774218
2022-11-15,6.633260344002245e-06,4.146357400289055e-08,0.008529236795991935
2022-11-16,7.995465969967697e-06,-5.060387439703668e-08,-0.007628808726434566
2022-11-17,1.2800910498600437e-05,-2.446461201839331e-08,-0.0030598106614782017
2022-11-18,1.7010135893946732e-05,5.812084494938821e-08,0.0045403680430187165
2022-11-21,0.00026521365940157526,-6.184913562718394e-08,-0.0036360165499438324
2022-11-22,0.0008082666294511043,3.5689313988902075e-06,0.013456815938300837
2022-11-23,0.0021617997965475144,5.093495752319312e-06,0.006301751880785078
2022-11-24,0.003068369956922834,0.0,0.0
2022-11-25,0.0025377629188420014,-6.866599450191264e-07,-0.00022378655594312846
2022-11-28,0.0006749502490087655,-4.049494530839998e-05,-0.015956945783918264
2022-11-29,0.000940467794070865,-1.159314232268647e-06,-0.0017176291644772634
2022-11-30,0.0017053196959782024,2.962537348334974e-05,0.031500678354029255
2022-12-01,0.0036542069416550804,-1.2550550022311808e-06,-0.0007359646435745049
2022-12-02,0.004722405040948896,-4.2157373638951455e-06,-0.001153666836937739
2022-12-05,0.0019236208122153098,-8.49521815841765e-05,-0.017989177304263304
2022-12-06,8.668640342335276e-05,-2.7728630944250798e-05,-0.014414811260186733
2022-12-07,2.599347657472606e-05,-1.474711799722864e-07,-0.0017012031200795974
2022-12-08,7.725603239583378e-06,2.036283907125319e-07,0.007833826695984314
2022-12-09,1.0796818635472327e-05,-5.771113858975348e-08,-0.0074701142163321466
2022-12-12,1.7272841723592336e-06,1.556606053101664e-07,0.014417265915605215
2022-12-13,5.929907380930466e-05,1.3075112098105712e-08,0.0075697515830570605
2022-12-14,0.0002500008709716006,-3.7913280997572743e-07,-0.006393570516715852
2022-12-15,4.7391166464461065e-06,-6.11545120075557e-06,-0.02446171958117005
2022-12-16,1.7907141919404346e-05,-5.594994240082245e-08,-0.011805985497904903
2022-12-19,0.00013202513376486813,-1.5184635730775682e-07,-0.008479653424939615
2022-12-20,0.0003114631299443449,1.8065937980489084e-07,0.001368371117325573
2022-12-21,0.00023161940161897654,4.657192043868615e-06,0.014952627120586648
2022-12-22,0.00044485554162887464,-3.3043764802503693e-06,-0.014266406255924124
2022-12-23,0.000996889084540542,2.5590222748085955e-06,0.005752479255262344
2022-12-26,0.0009907840172836968,0.0,0.0
2022-12-27,0.00036630865224851483,-3.907425052632967e-06,-0.003943770775941102
2022-12-28,2.8900115851548946e-06,-4.55240404624016e-06,-0.012427781921874104
2022-12-29,0.00022837959681709652,5.20211723582462e-08,0.018000333502281807
2022-12-30,0.0002836941228168133,-6.015616184942745e-07,-0.002634042737959863
2023-01-02,0.00024233227668168933,0.0,0.0
2023-01-03,1.0665945827881274e-05,-1.020202590636242e-06,-0.004209932760943391
2023-01-04,0.0001172757236537203,8.234208494252487e-08,0.007720092176661808
2023-01-05,0.0009103667068626198,-1.3385057450744694e-06,-0.011413323263957609
2023-01-06,0.00529390077056846,2.0876615514087437e-05,0.022932094678675297
2023-01-09,0.05301822930956901,-3.000274505436582e-06,-0.0005667417345857073
2023-01-10,0.371455581240536,0.0003718073002253698,0.0070128200256258655
2023-01-11,0.61634788672178,0.004698117141498434,0.012647857183376576
2023-01-12,0.9048533331477543,0.002243952514603726,0.0036407239530564794
2023-01-13,0.9615174915222667,0.0035102952865872484,0.003879408030001752
2023-01-16,0.9836682545245331,0.0,0.0
2023-01-17,0.986754164245558,-0.0018018376069782265,-0.0018317533362395277
2023-01-18,0.9853840946526722,-0.01557886461880341,-0.01578798973776263
2023-01-19,0.9838947907376284,-0.007173483532007787,-0.0072798856516314014
2023-01-20,0.9899590796639022,0.018329056793877772,0.01862908205880065
2023-01-23,0.9927703809252224,0.011878145148882252,0.011998622360143374
2023-01-24,0.996134826381754,-0.0010655837168294425,-0.0010733435820641235
2023-01-25,0.9967605807039026,0.00037328912478247776,0.00037473755047634505
2023-01-26,0.995079822644263,0.010954702003420646,0.010990304206938584
2023-01-27,0.9934181106409926,0.0022864059829782284,0.0022977111292463714
2023-01-30,0.9807276091426692,-0.012464103308780023,-0.012546684195980373
2023-01-31,0.950353683633731,0.014419998387312945,0.01470336743136924
2023-02-01,0.8522437582477884,0.010100049470544045,0.010627674353747896
2023-02-02,0.00013783394216071443,0.012406115847005413,0.014557004057750289
2023-02-03,0.2972567160081071,-1.4650584371432755e-06,-0.010629155737525209
2023-02-06,0.3400367139202174,-0.0018166371432449674,-0.006111340956869826
2023-02-07,0.3502056913472852,0.004447270091745657,0.013078793876325712
2023-02-08,0.3318636229909505,-0.003829497798062322,-0.010934995897210475
2023-02-09,0.300885607313764,-0.002876958110702397,-0.008669097518955393
2023-02-10,0.2640205683990704,0.0007021974496883453,0.0023337688231663822
2023-02-13,0.279405507231799,0.0030993274607942277,0.011738962155817934
2023-02-14,0.28667337476146393,-0.00012860460099478523,-0.00046027940633286413
2023-02-15,0.2853874204545156,0.0009309523744550788,0.003247432291993313
2023-02-16,0.235210932479602,-0.003929462334635594,-0.013768870149838519
2023-02-17,0.15768862124618943,-0.0005876018517058972,-0.002498191072631606
2023-02-20,0.11366203205612047,0.0,0.0
2023-02-21,0.010651641844798831,-0.0022801723579830464,-0.020060985332878922
2023-02-22,0.0017204996822701712,-1.4678448534929193e-05,-0.0013780456336031088
2023-02-23,0.0012503912789744165,9.151989524412676e-06,0.005319378793686713
2023-02-24,0.004058992626581381,-1.3357103527346055e-05,-0.010682339002157537
2023-02-27,0.009414434690933504,1.3823723848989782e-05,0.003405703119158554
2023-02-28,0.02329922458949174,-3.4794729887884994e-05,-0.0036958915782159263
2023-03-01,0.033512015713007215,-8.93732692641106e-05,-0.0038358902855685217
2023-03-02,0.04337181911751431,0.00026062996382608254,0.007777209406264474
2023-03-03,0.04393135007944127,0.0006955901593017862,0.01603783685939275
2023-03-06,0.046388833488087644,3.0441370074160703e-05,0.0006929304475986608
2023-03-07,0.04337826978194337,-0.0007110793603780467,-0.015328675176982998
2023-03-08,0.02797537083441526,7.07909464855167e-05,0.001631944907931393
2023-03-09,0.00048350365834581854,-0.0005161440890113204,-0.018449946278329965
2023-03-10,1.2387465497809558e-09,-6.976651428837697e-06,-0.01442936637275194
2023-03-13,2.1828094887155203e-11,-1.7656566500911038e-12,-0.0014253574715532569
2023-03-14,2.0009105483609346e-11,3.608210955561705e-13,0.016530123101512473
2023-03-15,1.8189894035458565e-12,-1.2514028463761495e-13,-0.006254166871183964
2023-03-16,1.5261503172325774e-09,3.1913885027746006e-14,0.017544843837756563
2023-03-17,2.7940010305371743e-09,-1.7844443036552623e-11,-0.011692454429332089
2023-03-20,8.016939224253505e-06,2.686604772687893e-11,0.009615618402872839
2023-03-21,1.6364550281533496e-07,1.0526649331956289e-07,0.013130509085200748
2023-03-22,2.671108757734686e-06,-2.7895839143263635e-09,-0.017046505197727657
2023-03-23,4.0189720992511724e-05,7.22112679639876e-09,0.002703419235734472
2023-03-24,7.370495664815735e-05,2.6372445117740314e-07,0.006561987609382536
2023-03-27,0.00012561187941717566,1.378167036453499e-07,0.0018698430867172267
2023-03-28,0.011381590426211563,-2.819482965654331e-07,-0.002244598981192225
2023-03-29,0.016115195328269327,0.0001654293162759651,0.014534815441520799
2023-03-30,0.11997798081443678,9.435936007131778e-05,0.005855303528700784
2023-03-31,0.15909508329142497,0.0016910457394677125,0.014094634098594794
2023-04-03,0.518878379442034,0.0006062487639482069,0.0038106065341925177
2023-04-04,0.5779181242260982,-0.0028788441285150356,-0.005548205981545706
2023-04-05,0.8139625508901462,-0.0015131722790409459,-0.002618316013305977
2023-04-06,0.9489239381183564,0.0031754124175243027,0.003901177534582745
2023-04-07,0.9704215985875132,0.0,0.0
2023-04-10,0.9721171279270574,0.0009956974525006088,0.00102604626066638
2023-04-11,0.9875564486844526,0.000261164685705307,0.00026865557472710577
2023-04-12,0.9952536389943634,-0.004025323170418369,-0.004076043628473691
2023-04-13,0.9967620282717314,0.013219719801032353,0.013282764596962426
2023-04-14,0.99966500866657,-0.0024348946376901307,-0.002442804369175211
2023-04-17,0.9999633171327184,0.003587055262380921,0.0035882572974776927
2023-04-18,0.9999840812072097,0.0006522547115194723,0.0006522786389702162
2023-04-19,0.9999787338624873,-0.0001688942702849471,-0.00016889695892063905
2023-04-20,0.9998315648208749,-0.005457034917244115,-0.005457150969767066
2023-04-21,0.9998946909259927,0.0007768322189065875,0.0007769630868232902
2023-04-24,0.9998868792563269,0.0010429867043715074,0.0010430965519034885
2023-04-25,0.9989568914966882,-0.015872135151013798,-0.015873930821873383
2023-04-26,0.9993393957669983,-0.004231007089454608,-0.004235425097388834
2023-04-27,0.9989011051295202,0.01989497856268091,0.01990812995760205
2023-04-28,0.9992709231012313,0.008525538387214631,0.008534917364126038
2023-05-01,0.9956768924192423,-0.0010088363926722852,-0.001009572448622209
2023-05-02,0.9571735714162493,-0.011190810746654883,-0.011239399881485701
2023-05-03,0.9684071496691188,-0.006570055378136702,-0.006864016699098308
2023-05-04,0.9704342630814387,-0.006858921022148266,-0.007082683171527382
2023-05-05,0.9748690295816782,0.017965059975660124,0.018512392502110675
2023-05-08,0.9962017931288386,0.0002599871322529881,0.00026668929298589994
2023-05-09,0.9995787676872108,-0.004368789778136874,-0.004385446611590127
2023-05-10,0.9999510293360953,0.004670356390409755,0.004672324524475302
2023-05-11,0.9999859490082632,-0.0017437630661304613,-0.0017438484635474705
2023-05-12,0.999981329039145,-0.0013102681000800968,-0.0013102865109050343
2023-05-15,0.9999879953503357,0.003449844641039305,0.0034499090541562083
2023-05-16,0.9999780109802228,-0.006682517794948462,-0.006682598017196506
2023-05-17,0.9999824745502908,0.012138630392306905,0.012138897314760033
2023-05-18,0.9999887017285757,0.0096331718646584,0.009633340693286252
2023-05-19,0.9999717817513459,-0.0014551807770809759,-0.0014551972182941242
2023-05-22,0.9999218416005591,0.00040604062704030866,0.00040605208511901303
2023-05-23,0.9998348031092195,-0.011221830244972513,-0.011222707393819809
2023-05-24,0.9995200828583292,-0.007243718204827368,-0.00724491504226632
2023-05-25,0.9995319616366286,0.008655832934488718,0.008659989011662095
2023-05-26,0.9998670944856178,0.01294459316966132,0.012950654572832176
2023-05-29,0.9998928345670619,0.0,0.0
2023-05-30,0.999482580234359,0.00038094972074105424,0.0003809905497582644
2023-05-31,0.9960947499695809,-0.005542183289552097,-0.005545052409270168
2023-06-01,0.9856391639722746,0.009463656116476373,0.009500758955677036
2023-06-02,0.8376498460345005,0.014253521140394111,0.01446119600498652
2023-06-05,0.9926461360628852,-0.0016049613632971766,-0.0019160289599469138
2023-06-06,0.9996910371610954,0.0021612753502494577,0.0021772868212852625
2023-06-07,0.9999706677817448,-0.0034565884573650786,-0.0034576567448089124
2023-06-08,0.9999936684704731,0.006048371265530201,0.006048548682880295
2023-06-09,0.9999606978628005,0.0017942953219265104,0.0017943066826322518
2023-06-12,0.9999832853513735,0.009071514305010043,0.009071870848922803
2023-06-13,0.9997663426939905,0.006592868046744637,0.006592978246059422
2023-06-14,0.9999938426339385,0.001190501257073438,0.0011907794914014502
2023-06-15,1.0,0.01239741761571953,0.012397493951628036
2023-06-16,1.0,-0.0034060276428777847,-0.0034060276428777847
2023-06-19,1.0,0.0,0.0
2023-06-20,0.9999880748167442,-0.005188189603518523,-0.005188189603518523
2023-06-21,0.9999653836152556,-0.00512376289757085,-0.005123824000111021
2023-06-22,0.9999976502624371,0.0036097530857357846,0.0036098780466631286
2023-06-23,0.9999770909734652,-0.0075600964607777125,-0.007560114225062087
2023-06-26,0.9999895571175195,-0.004085578687554125,-0.004085672286328945
2023-06-27,0.999865954256399,0.010963142665053516,0.010963257153059569
2023-06-28,0.9999897451642745,0.0005043956911589733,0.0005044633123187925
2023-06-29,0.999957668777035,0.0039413184294968505,0.003941358847484366
2023-06-30,0.9999780934382975,0.01180016266509239,0.011800662201555179
2023-07-03,0.9999943103800641,0.0011503118575952567,0.001150337057524986
2023-07-04,1.0,0.0,0.0
2023-07-05,0.9999981075063874,-0.001486977731643413,-0.001486977731643413
2023-07-06,0.9999818398838838,-0.007830828469623815,-0.007830843289444722
2023-07-07,0.9999979927795456,-0.0025246706017423466,-0.002524716450886255
2023-07-10,0.9999955369550516,0.002531101697317805,0.0025311067778071017
2023-07-11,0.9999821915647193,0.006368606911630003,0.006368635335135764
2023-07-12,0.999972252541995,0.008045717256848899,0.008045860541035621
2023-07-13,0.9999978307187037,0.007936792572925993,0.007937012804855481
2023-07-14,0.9999821241939029,-0.0006229006241642096,-0.0006229019754138143
2023-07-17,0.9999920687676611,0.0034722334073204668,0.0034722954774011328
2023-07-18,0.999992076319207,0.007430485793594055,0.007430544726970689
2023-07-19,0.9999997290333026,0.0022237579047227193,0.0022237755252101365
2023-07-20,0.9999997487280192,-0.006634519075317731,-0.006634520873051941
2023-07-21,0.9999999870672985,0.0,0.0
2023-07-24,0.9999920656604832,0.0044673211181901805,0.004467321175964711
2023-07-25,0.9999978031005521,0.00272998572193597,0.0027300073827414284
2023-07-26,0.9999803030900134,0.00015366262674364775,0.00015366296432572923
2023-07-27,0.9999538406594015,-0.006629806444949231,-0.006629937034222211
2023-07-28,0.9999933903306745,0.009789793329110268,0.009790245240374862
2023-07-31,0.9999980913494273,0.0019041460753589754,0.0019041586612180694
2023-08-01,0.9999947716294066,-0.002861605402450292,-0.002861610864265507
2023-08-02,0.9999079290301272,-0.013910630653922106,-0.013910703384234613
2023-08-03,0.9999906889746812,-0.0028657524733774545,-0.0028660163502824965
2023-08-04,0.9999871994777982,-0.004522626243939339,-0.004522668354618897
2023-08-07,0.9999909942356487,0.008728437701559094,0.008728549431549881
2023-08-08,0.9999941049088334,-0.0043485885235864255,-0.00434862768630262
2023-08-09,0.9999761628105408,-0.0066852727085901864,-0.006685312119114606
2023-08-10,0.9999319647297563,0.0003589373336381927,0.0003589458898993758
2023-08-11,0.9999960040039523,-0.0005830381078606445,-0.0005830777777148244
2023-08-14,0.9999944478566964,0.005520009369550744,0.005520031427574512
2023-08-15,0.9999831257789978,-0.011648799747812006,-0.011648864423976613
2023-08-16,0.999931782588486,-0.007338225249774758,-0.0073383490786989025
2023-08-17,0.9996965135902445,-0.007619178458826904,-0.007619698254918372
2023-08-18,0.999935466506159,0.0004810769178097472,0.0004812229624389097
2023-08-21,0.9999724157970098,0.006505885891326702,0.006506305765969778
2023-08-22,0.9999835560346553,-0.0027085719467785548,-0.0027086466626379258
2023-08-23,0.999994265460382,0.011137565108231308,0.011137748256977664
2023-08-24,0.9999886374215812,-0.013858968169328112,-0.013859047644585898
2023-08-25,0.9999961814684171,0.007049755235370181,0.0070498353396770685
2023-08-28,0.9999964432320965,0.00634135838387141,0.006341382598641143
2023-08-29,0.9999991198378427,0.014454743564122682,0.014454794976473506
2023-08-30,0.9999877407360004,0.004118834270595751,0.004118837895840999
2023-08-31,0.9999953854414082,-0.0014635754861310449,-0.0014635934287092756
2023-09-01,0.9999970576255313,0.0018653494177397585,0.001865358025543662
2023-09-04,1.0,0.0,0.0
2023-09-05,0.9999996445433847,-0.004321942791645328,-0.004321942791645328
2023-09-06,0.9999992242221403,-0.006722467890935808,-0.00672247028048234
2023-09-07,0.9999972507016667,-0.003070270044022729,-0.0030702724258721004
2023-09-08,0.9999948124807717,0.0015062293943623056,0.0015062335354476541
2023-09-11,0.9999982378552145,0.006576520220283603,0.006576554336285678
2023-09-12,0.9999994692049633,-0.005485697066315074,-0.005485706732924589
2023-09-13,0.9999999133336189,0.0011660167647247316,0.0011660173836409715
2023-09-14,0.9999923446743146,0.008622398768041687,0.00862239951531385
2023-09-15,0.9999993764749635,-0.012048205349311053,-0.012048297582953005
2023-09-18,0.9999989015541723,0.0005865579613847115,0.0005865583271185137
2023-09-19,0.9999993216283561,-0.0020738911214634673,-0.002073893399523019
2023-09-20,0.999984798965599,-0.009193316317287028,-0.009193322553776362
2023-09-21,0.9998396565075721,-0.016528129810396253,-0.016528381058885322
2023-09-22,0.9999675673265738,-0.0022482019110658075,-0.0022485624534225312
2023-09-25,0.9999750276422295,0.004205093520851503,0.004205229907699781
2023-09-26,0.9999228807583317,-0.014690866715843682,-0.014691233590584996
2023-09-27,0.9999559415837613,0.0003991076003011731,0.000399138381550479
2023-09-28,0.9999682124374465,0.005797098353658455,0.005797353775884195
2023-09-29,0.9998913566219713,-0.0024267281900741356,-0.0024268053323004413
2023-10-02,0.9997596111924617,-0.00039767489032987904,-0.000397718099767741
2023-10-03,0.9987364940844059,-0.013382889584497206,-0.013386107454905871
2023-10-04,0.9993523233947822,0.0072726693791631755,0.007281870065066975
2023-10-05,0.9998640333504258,-0.000376390325574066,-0.00037663426277478873
2023-10-06,0.9999468939511524,0.011871136819047206,0.011872751117237845
2023-10-09,0.9999721927080795,0.006401825413546619,0.006402165407255467
2023-10-10,0.999940131245358,0.005204648663335852,0.00520479339454516
2023-10-11,0.9999903142201146,0.004096064406896879,0.004096309647854124
2023-10-12,0.9999681262470755,-0.006096319658848582,-0.006096378707030836
2023-10-13,0.9996546219532778,-0.004980695391359955,-0.004980854149874481
2023-10-16,0.9988275530977605,0.01051774947757167,0.010521383332395828
2023-10-17,0.9907048432560178,-4.579682288096744e-05,-4.5850580251749484e-05
2023-10-18,0.9292294147654796,-0.01320121971386981,-0.013325078406282054
2023-10-19,0.7285505264225367,-0.008164662216930643,-0.008786487047433011
2023-10-20,0.5766702655791343,-0.008952431560810735,-0.012288003695187233
2023-10-23,0.568443654201449,-0.0009994338408495075,-0.0017331114512134649
2023-10-24,0.5500430912601766,0.0042857311367940545,0.007539412402825851
2023-10-25,0.5237951685240197,-0.007894436855712013,-0.014352397077882495
2023-10-26,0.48079039831662485,-0.006272203513465774,-0.01197453487618061
2023-10-27,0.47917542101456057,-0.0021793845008116785,-0.0045329201840184075
2023-10-30,0.4795606558347809,0.005729008318479927,0.011955972838401996
2023-10-31,0.46991208678094054,0.0030117934894396676,0.006280318147027675
2023-11-01,0.4411899005058738,0.005011468035361557,0.010664692771986006
2023-11-02,0.0939136648997313,0.008455176490524777,0.019164483323008907
2023-11-03,0.767382268700308,0.0008567980045111105,0.00912325171662598
2023-11-06,0.9871882861915151,0.0017653211103697702,0.002300445530699635
2023-11-07,0.9989415093230197,0.0028094975151119342,0.002845959128983111
2023-11-08,0.9999538284133913,0.0007317720199298074,0.0007325474145385424
2023-11-09,0.9999934091168442,-0.007798374432141828,-0.0077987345120877904
2023-11-10,0.9999996638043811,0.01560464621980797,0.01560474906888576
2023-11-13,0.9999980701456811,-0.0009532323960747955,-0.0009532327165474586
2023-11-14,0.9999713212689275,0.01940080701083791,0.019400844451641364
2023-11-15,0.9999898142787456,0.0021168474013133045,0.0021169081115517407
2023-11-16,0.9998355595774482,0.0012230875167020675,0.0012230999748574778
2023-11-17,0.9999918978971012,0.0012437788430739584,0.0012439834042305975
2023-11-20,0.9999946805199946,0.007697548561197302,0.007697610928033116
2023-11-21,0.9999974356163917,-0.0021795649412416182,-0.0021795765354554186
2023-11-22,0.9999982916612111,0.003861044647475342,0.003861054548700338
2023-11-23,0.9999997702622395,0.0,0.0
2023-11-24,0.9999965105146789,0.000615132353307474,0.0006151324946266357
2023-11-27,0.9999969059890796,-0.0018008989190581876,-0.0018009052032904593
2023-11-28,0.9999990740557858,0.0009901585004814912,0.0009901615640521833
2023-11-29,0.9999882769754411,-0.0007034238925789268,-0.0007034245439108133
2023-11-30,0.9999967202172781,0.003937513309300075,0.0039375594694064375
2023-12-01,0.99999781050836,0.0059159566018544074,0.005915976004970291
2023-12-04,0.9999923597181402,-0.005249560574223779,-0.005249572068117936
2023-12-05,0.9999994556013685,-0.00019710006006355837,-0.00019710156597507744
2023-12-06,0.9999993409892541,-0.0040296887122623515,-0.0040296909060205666
2023-12-07,0.9999997039063256,0.0076304064811556225,0.007630411509678803
2023-12-08,0.9999951496135406,0.004299123250232913,0.00429912452317649
2023-12-11,0.9999068140472619,0.003889368996627489,0.0038893878616617084
2023-12-12,0.9983026710507282,0.00456697751705326,0.004567403134865922
2023-12-13,0.9650712316027996,0.01376663412059572,0.013790040355302402
2023-12-14,0.38431004403587565,0.003097315310938554,0.0032094162684701555
2023-12-15,0.9657116630894148,-0.0006327665208301595,-0.0016465000867140756
2023-12-18,0.9984848937686043,0.005432190852744242,0.005625064975777638
2023-12-19,0.999900451316866,0.006071720441757386,0.006080933702302449
2023-12-20,0.9999918621056811,-0.013856001099948112,-0.013857380583936929
2023-12-21,0.9999981585579515,0.009481813038493386,0.009481890201113785
2023-12-22,0.999999332216166,0.0020097364008319616,0.002009740101651891
2023-12-25,1.0,0.0,0.0
2023-12-26,0.9999997786197307,0.004222542089372228,0.004222542089372228
2023-12-27,0.9999987688255293,0.0018080693023785042,0.0018080697026494619
2023-12-28,0.9999990861105913,0.00037772830450386876,0.0003777287695538867
2023-12-29,0.9999947173296443,-0.002894912170210264,-0.0028949148158422533
2024-01-01,0.9999099746271353,0.0,0.0
2024-01-02,0.997933033191631,-0.005595947012939337,-0.005596450835512523
2024-01-03,0.9989599696141243,-0.008149714062771244,-0.008166594141799766
2024-01-04,0.999952834283341,-0.0032178094280212854,-0.0032211595318121233
2024-01-05,0.9999978657378779,0.0013696412164323581,0.001369705819588951
2024-01-08,0.9999969600348058,0.01427592746799089,0.01427595793662717
2024-01-09,0.9999984654042637,-0.0015170570628440156,-0.001517061674658704
2024-01-10,0.9999874067714825,0.005655415296698497,0.0056554239754880165
2024-01-11,0.9999909590765723,-0.0004406536984943929,-0.00044065924781699906
2024-01-12,0.9999987438608384,0.0006926412925904427,0.0006926475547639477
2024-01-15,0.9999989495111202,0.0,0.0
2024-01-16,0.9999975901110258,-0.003671144843276253,-0.003671148699777138
2024-01-17,0.999996757680059,-0.005558659289047664,-0.005558672684831678
2024-01-18,0.9999978832893118,0.008892770242915099,0.008892799076214875
2024-01-19,0.999996828624348,0.0124661386512062,0.012466165038470978
2024-01-22,0.9999949792614284,0.0021144069264855104,0.002114413632085421
2024-01-23,0.9999985588311472,0.0029164933826426698,0.0029165080256670084
2024-01-24,0.9999951135081749,0.001092974115829348,0.0010929756909918709
2024-01-25,0.9999992659403248,0.00543898784642568,0.005439014424125199
2024-01-26,0.9999951863022637,-0.0012704743413173224,-0.0012704752739219893
2024-01-29,0.9999994441493111,0.007919379231748217,0.007919417353429603
2024-01-30,0.9999891337338614,-0.0007734189640212411,-0.000773419393926944
2024-01-31,0.9997386517627599,-0.01631724967747735,-0.016317426986981687
2024-02-01,0.9999776158165873,0.013084831223647791,0.013088251815188245
2024-02-02,0.9999857798428204,0.010527123275936225,0.010527358922269192
2024-02-05,0.9999952268456475,-0.0036411121309703623,-0.0036411639088934633
2024-02-06,0.9999981730129309,0.0029032920617317512,0.0029033059196590383
2024-02-07,0.9999740893955218,0.008340314022099529,0.008340329259773238
2024-02-08,0.9999951483528997,0.0004418000626882483,0.0004418115102915454
2024-02-09,0.9999920132922399,0.005779244307064212,0.005779272346054132
2024-02-12,0.9999991396626372,-0.0004389502077371673,-0.0004389537135321975
2024-02-13,0.9999962517367064,-0.013772951173795846,-0.013772963023190532
2024-02-14,0.9999984315103481,0.009087573051645988,0.009087607114390162
2024-02-15,0.9999991710973068,0.00689972641006791,0.00689973723223436
2024-02-16,0.999999852332892,-0.004979915661223588,-0.004979919789092513
2024-02-19,0.999999748890322,0.0,0.0
2024-02-20,0.9999965763664106,-0.005505420641194471,-0.005505422023659223
2024-02-21,0.999994412680781,0.0009057611806106877,0.0009057642816157063
2024-02-22,0.9999353199862006,0.020695360382574374,0.02069547601480526
2024-02-23,0.9999972423361124,0.0006896948900273991,0.0006897395023879316
2024-02-26,0.9999997705811989,-0.003662542798752454,-0.0036625528988423195
2024-02-27,0.9999988603278883,0.0018577460332067613,0.0018577464594087267
2024-02-28,0.9999987608515921,-0.0013216453823185217,-0.001321646888562622
2024-02-29,0.9999970950998237,0.003594954872224546,0.0035949593269126723
2024-03-01,0.9999992031021069,0.009388248926998657,0.009388276199003842
2024-03-04,0.9999950061161779,-0.0010724550357221407,-0.0010724558903599801
2024-03-05,0.9999969659995768,-0.009994107683523528,-0.009994157593185449
2024-03-06,0.9999960103895019,0.005067386555219618,0.0050674019297192174
2024-03-07,0.9999994651337017,0.00992624849845725,0.009926288100480463
2024-03-08,0.999999234312937,-0.00600213231707623,-0.006002135527416241
2024-03-11,0.999998185171764,-0.0008597973066064427,-0.0008597979649426213
2024-03-12,0.9999948028668504,0.010757408956213823,0.010757428479098774
2024-03-13,0.9999982029222183,-0.0015676193706981591,-0.0015676275178670984
2024-03-14,0.9999995991885728,-0.001976782956137353,-0.001976786508576467
2024-03-15,0.9999992647010093,-0.006866657954929384,-0.006866660707165462
2024-03-18,0.999998845679119,0.005943208512610884,0.005943212882649318
2024-03-19,0.9999982112816066,0.005557248709618838,0.0055572551244744695
2024-03-20,0.9999965126001542,0.009249257912421139,0.009249274456768486
2024-03-21,0.9999825147241532,0.0033046965806003874,0.003304708105438925
2024-03-22,0.9999987010548481,-0.001895877062684846,-0.0018959102131979044
2024-03-25,0.9999987031328087,-0.0027628077530784845,-0.0027628113418188827
2024-03-26,0.999998770224272,-0.0018467942544578364,-0.0018467966495078203
2024-03-27,0.9999996035904112,0.008403708482007789,0.008403718816697214
2024-03-28,0.9999993122082446,-0.00019114551550491923,-0.00019114559127686448
2024-03-29,0.9999999271319446,0.0,0.0
2024-04-01,0.9999982323916248,-0.001739882803294989,-0.0017398829300768748
2024-04-02,0.9999521129331536,-0.006358130725953905,-0.006358141964658892
2024-04-03,0.9999974357300413,0.0010984917578812379,0.001098544363948628
2024-04-04,0.999993464790124,-0.012206050785207326,-0.01220608208489693
2024-04-05,0.999982031399366,0.010446814195478889,0.010446882468048369
2024-04-08,0.9999964421102319,0.0005593140623742042,0.0005593241126458093
2024-04-09,0.9999982178469703,0.001156889231435767,0.001156893347534771
2024-04-10,0.9999948642460273,-0.010013119635098437,-0.010013137480041734
2024-04-11,0.9999899587467059,0.00754670588768075,0.007546744645904546
2024-04-12,0.9999674947641749,-0.013802846528679424,-0.013802985127949308
2024-04-15,0.9999278557748364,-0.012527754406932098,-0.012528161637780588
2024-04-16,0.9999412435814239,-0.0018236792831488823,-0.001823810860570263
2024-04-17,0.9999444148630895,-0.005917892774448058,-0.005918240509064643
2024-04-18,0.9999607726114187,-0.0020576123852883432,-0.002057726764312262
2024-04-19,0.9999429434275698,-0.008727968175890718,-0.008728310564720898
2024-04-22,0.9999470694222257,0.00920861895433135,0.009209144396545632
2024-04-23,0.9999629958128584,0.011865980842235295,0.011866608948703172
2024-04-24,0.9999932151890953,-0.0004746515902963295,-0.000474669155042573
2024-04-25,0.9999927529311063,-0.003798821551634715,-0.003798847326095478
2024-04-26,0.9999881018979789,0.009473816845855893,0.00947388550375683
2024-04-29,0.9999947525574234,0.0035413261060929973,0.0035413682416536307
2024-04-30,0.9999924555776873,-0.01584113427861051,-0.015841217404489183
2024-05-01,0.9999962897183189,-0.0032469400369484302,-0.0032469645334201047
2024-05-02,0.9999949413129546,0.009353245814202693,0.009353280517508056
2024-05-03,0.9999878105250738,0.0123952966138596,0.012395359318103205
2024-05-06,0.9999964786653748,0.010326791052655538,0.01032691693235055
2024-05-07,0.9999986108652867,0.0011033677492033624,0.0011033716345441036
2024-05-08,0.9999984740365405,9.665684594520449e-05,9.665698021477098e-05
2024-05-09,0.9999969309782019,0.005761677351954718,0.005761686144077238
2024-05-10,0.9999988266018367,0.001288340411754072,0.0012883443657110139
2024-05-13,1.0,0.0001342622774418605,0.0001342624349851551
2024-05-14,1.0,0.004588134306342306,0.004588134306342306
2024-05-15,0.9999990554001386,0.012383146543229584,0.012383146543229584
2024-05-16,0.999996296077475,-0.0020576605182600575,-0.002057662461927734
2024-05-17,0.9999982165708552,0.0014375101153049743,0.0014375154397507917
2024-05-20,0.9999986100412592,0.0011521618748498292,0.001152163929652561
2024-05-21,0.9999979817047089,0.0024525305695201,0.0024525339784411404
2024-05-22,0.9999960647459705,-0.002879521961239164,-0.002879527772976509
2024-05-23,0.9999993034102458,-0.00730400961186414,-0.007304038355110509
2024-05-24,0.9999982114089768,0.006616505498711993,0.0066165101077051425
2024-05-27,0.999998187234202,0.0,0.0
2024-05-28,0.9999987694622957,0.0006986079155960917,0.000698609182010923
2024-05-29,0.9999931408026101,-0.007002329075428379,-0.007002337692068927
2024-05-30,0.9999969149949243,-0.006633718146672645,-0.0066337636489669505
2024-05-31,0.9999995165303852,0.009108109002291752,0.009108137100940938
2024-06-03,0.9999982761548672,0.0008155162110110586,0.0008155166052885576
2024-06-04,0.9999984972375634,0.001117858093027437,0.0011178600200449917
2024-06-05,0.9999979280405789,0.011885029220220347,0.011885047080622657
2024-06-06,0.9999991662919538,-1.8826173535418002e-05,-1.8826212542566445e-05
2024-06-07,0.9999974327114937,-0.001215657311200367,-0.0012156583247044939
2024-06-10,0.9999994575049005,0.003089902103768676,0.003089910036459198
2024-06-11,0.9999968534836855,0.0024083347998213075,0.002408336106331843
2024-06-12,0.9999673459077013,0.00821282001082521,0.008212845852678674
2024-06-13,0.9999644857067287,0.0020134671310709155,0.0020135328811594633
2024-06-14,0.9999897200364066,0.0006084143173244141,0.000608435925496309
2024-06-17,0.9999975350084559,0.007958797765905848,0.007958879582898204
2024-06-18,0.9999974568174204,0.0025406989591534746,0.002540705221970363
2024-06-19,0.999999053299221,0.0,0.0
2024-06-20,0.9999997446291832,-0.0027165285666328554,-0.002716531138375
2024-06-21,0.9999992358156022,-0.0013407057696996022,-0.0013407061120768171
2024-06-24,0.999999259534594,-0.003250624619595782,-0.0032506271036742973
2024-06-25,0.9999996942884025,0.003850845966967153,0.0038508488183874867
2024-06-26,0.9999986338690054,0.0012480370849776103,0.0012480374665171379
2024-06-27,0.9999958764985903,0.0015765214449355777,0.0015765235986733295
2024-06-28,0.9999973036798611,-0.003934974923493523,-0.003934991149435074
2024-07-01,0.9999936467362132,0.0020581118475142984,0.002058117396857684
2024-07-02,0.999996592038116,0.006729467567721239,0.0067295103220754715
2024-07-03,0.9999978832697819,0.004462730484778909,0.004462745693646131
2024-07-04,0.9999986120575246,0.0,0.0
2024-07-05,0.999997231909225,0.005766462322660167,0.005766470326189266
2024-07-08,0.9999872964058691,0.001153937039774423,0.0011539402339857396
2024-07-09,0.9999986117078947,0.0009723551929422489,0.000972367545504893
2024-07-10,0.9999968059009819,0.00989529256506895,0.009895306302644569
2024-07-11,0.9999996410100072,-0.00862247485419815,-0.008622502395324583
2024-07-12,0.9999983690497581,0.0063074297814635725,0.006307432045768557
2024-07-15,0.9999918855708353,0.002750116038343799,0.002750120523653532
2024-07-16,0.9999945944287475,0.005930033452273137,0.00593008157149999
2024-07-17,0.9999991309636435,-0.01402098989782601,-0.014021065689695633
2024-07-18,0.9999958680675276,-0.007684806544894548,-0.007684813223276632
2024-07-19,0.999993019229902,-0.006640689489156687,-0.006640716928150603
2024-07-22,0.999994485434433,0.010309967057292998,0.010310039029305162
2024-07-23,0.999995111324994,-0.0015685126998167354,-0.0015685213495305605
2024-07-24,0.9999649530091889,-0.02266259255130884,-0.022662703341900237
2024-07-25,0.9999608273573262,-0.005210210127745484,-0.005210392736331837
2024-07-26,0.9999762713623697,0.011199390152229939,0.01119982887912463
2024-07-29,0.9997866562495487,0.0005876511775022013,0.0005876651219949292
2024-07-30,0.9972201374590981,-0.0050653832682652075,-0.005066464166732065
2024-07-31,0.9809777055366515,0.01620951658359955,0.01625470242197591
2024-08-01,0.762485066402595,-0.01389154118446264,-0.014160914265491042
2024-08-02,2.192303822923236e-07,-0.01419632946394348,-0.018618501646100127
2024-08-05,0.0,-6.384800725578492e-09,-0.029123703835287507
2024-08-06,7.276068636485888e-12,0.0,0.009219586455327056
2024-08-07,3.473757771432773e-07,-4.863234918815914e-14,-0.006683877189433307
2024-08-08,0.010090997279239455,8.030373744839176e-09,0.023117253053390074
2024-08-09,0.49944705259594724,4.449880755432165e-05,0.004409753201090494
2024-08-12,0.7681654484515773,0.00026238008031223884,0.0005253411326555657
2024-08-13,0.9678178511807026,0.012632985774948962,0.016445657378125755
2024-08-14,0.9955213243120183,0.0030530843987358353,0.00315460641174492
2024-08-15,0.9987149249389272,0.01706348168648499,0.01714024729533259
2024-08-16,0.9999323586926329,0.002239210827805611,0.002242092084427938
2024-08-19,0.9999788632443058,0.009560724171118173,0.00956137091474707
2024-08-20,0.9999936179708113,-0.0016259683109584534,-0.0016260026793798454
2024-08-21,0.9999921597320898,0.003436419134538969,0.0034364410660061573
2024-08-22,0.9999672910125784,-0.00784840538366822,-0.00784846691775154
2024-08-23,0.9999936061990679,0.010625073937984838,0.010625421484762532
2024-08-26,0.9999891934544635,-0.002383875540801448,-0.002383890782924558
2024-08-27,0.9999963379272835,0.0013730838293986771,0.0013730986678519574
2024-08-28,0.9999882904051229,-0.005805118048409633,-0.005805139307251905
2024-08-29,0.9999888372791095,8.940953637140746e-05,8.941058333311602e-05
2024-08-30,0.9999580357170497,0.009545991691788033,0.009546098252218416
2024-09-02,0.9991693328612915,0.0,0.0
2024-09-03,0.9834737147271699,-0.02056201009177831,-0.02057910447761191
2024-09-04,0.9805885339914587,-0.0020130496297546528,-0.002046876901344641
2024-09-05,0.9791023699237081,-0.0023848298109069867,-0.002432039258300933
2024-09-06,0.9774011719509652,-0.0164783364896606,-0.016830044534510313
2024-09-09,0.9917137035439718,0.010942952319354224,0.011195968076763485
2024-09-10,0.9970621519972983,0.004319805746128264,0.004355900025068804
2024-09-11,0.9996326764592204,0.010228807160695646,0.010258946385845125
2024-09-12,0.9999480124612753,0.008419965603036024,0.008423059591109228
2024-09-13,0.9999856139740461,0.0052225790948076,0.005222850617956354
2024-09-16,0.9999735035807066,0.0014768806900223744,0.0014769019367719682
2024-09-17,0.9999460330932398,0.0004085582293627772,0.00040856905497976825
2024-09-18,0.9999537197121209,-0.0029656810282349126,-0.0029658410855042394
2024-09-19,0.9999348940584193,0.0170637012918174,0.017064491041375307
2024-09-20,0.999985427688886,-0.0017286324204013553,-0.0017287449719705084
2024-09-23,0.9999951544363518,0.0024988978531378207,0.002498934268385433
2024-09-24,0.9999904741193137,0.0028612094436878347,0.002861223307927485
2024-09-25,0.9999953588198295,-0.002205540690021196,-0.002205561699938796
2024-09-26,0.9999841700598319,0.003964839127594907,0.003964857529213051
2024-09-27,0.9999120474206342,-0.0014503400495489496,-0.0014503630087085995
2024-09-30,0.9990017139506943,0.004006876416892029,0.00400722886300664
2024-10-01,0.9977605535233013,-0.008949489560336648,-0.008958432638663472
2024-10-02,0.9932172635856872,0.0004212455595713586,0.0004221910337944834
2024-10-03,0.9708607880480523,-0.0018159932401149554,-0.0018283947598322081
2024-10-04,0.9370671317450542,0.008822474589514403,0.009087270490398813
2024-10-07,0.9285521480028432,-0.008471415347377272,-0.00904035053668073
2024-10-08,0.9366473520829983,0.008781921935972064,0.009457650768306847
2024-10-09,0.9487874952144822,0.0064877532191195166,0.006926569754018397
2024-10-10,0.9626094410241514,-0.0016605380371218234,-0.001750168552491771
2024-10-11,0.9793733957130291,0.005764258924209281,0.005988159557293038
2024-10-14,0.9902241276630016,0.008009756796047474,0.008178450457311026
2024-10-15,0.9940164768785652,-0.007693777398304252,-0.007769733319326511
2024-10-16,0.9978308472400653,0.0043204899417578334,0.004346497308902908
2024-10-17,0.9994606849699744,8.549085551470832e-05,8.56767013679427e-05
2024-10-18,0.999894478270318,0.0038444051864110875,0.003846479650699397
2024-10-21,0.9999291077519703,-0.0016420317641305377,-0.0016422050524481646
2024-10-22,0.9998722137933755,-0.0005309481683615937,-0.0005309858111394172
2024-10-23,0.9994277152382829,-0.009136256928033206,-0.009137424564856667
2024-10-24,0.9977743827161801,0.002161489232113003,0.002162726927777525
2024-10-25,0.9914868626300519,-0.00034460667564923986,-0.00034537534899536926
2024-10-28,0.9829557819691259,0.003065108523535664,0.003091426259955732
2024-10-29,0.9726743010755281,0.001590808404901659,0.0016183926419506278
2024-10-30,0.9348505336807073,-0.0029426686490826044,-0.003025338127910615
2024-10-31,0.8973850098019979,-0.018325931735251207,-0.019603060676553374
2024-11-01,0.8985180079872958,0.0037873691921555905,0.0042204506992948865
2024-11-04,0.91774841734912,-0.0019352263915467945,-0.0021537981146106944
2024-11-05,0.9652938048738966,0.011097245988658806,0.012091817080668754
2024-11-06,0.9941213438537426,0.024002489231033732,0.024865475267573434
2024-11-07,0.9996852874636348,0.0076867112734815566,0.007732166018771691
2024-11-08,0.9999188992868691,0.004330274634061389,0.004331637854797288
2024-11-11,0.9999950623638566,0.0009528526516853472,0.0009529299349826381
2024-11-12,0.9999980143425591,-0.0031064322159352815,-0.0031064475544430037
2024-11-13,0.9999987071303575,0.0004859767208429348,0.0004859776858281428
2024-11-14,0.9999840518720344,-0.006430216238804837,-0.006430224552246955
2024-11-15,0.9999037941688792,-0.012808296573075136,-0.012808500844685655
2024-11-18,0.9999918316486088,0.004096881022564312,0.004097275204330675
2024-11-19,0.9999890717990432,0.0036554528577625307,0.0036554827170298676
2024-11-20,0.9999804379369592,0.0003387953574868337,0.00033879905995104487
2024-11-21,0.9999704765785071,0.005368130795528366,0.005368235809295685
2024-11-22,0.9999967997741076,0.0030992922188837367,0.0030993837232957677
2024-11-25,0.9999980658523977,0.0033920374398185003,0.0033920482951392827
2024-11-26,0.9999986206707999,0.005221575337430714,0.005221585436747667
2024-11-27,0.9999998036941081,-0.003030055619081146,-0.003030059798531104
2024-11-28,0.9999998081850563,0.0,0.0
2024-11-29,0.9999987344131319,0.006212167462836864,0.006212168654423644
2024-12-02,0.9999983484087875,0.001792256189805087,0.0017922584580638556
2024-12-03,0.9999997527776572,0.00046388471476018124,0.0004638854809093651
2024-12-04,1.0,0.006209395799354156,0.006209397334455913
2024-12-05,0.9999997930758319,-0.0016454982831360931,-0.0016454982831360931
2024-12-06,0.9999995468979384,0.0018956361616825255,0.0018956365539355424
2024-12-09,0.9999997493154643,-0.005149726176394882,-0.0051497285097474865
2024-12-10,0.9999997017900919,-0.0031090156662758528,-0.003109016445658197
2024-12-11,0.9999995493681297,0.007730661475697376,0.0077306637810579115
2024-12-12,0.999994021066523,-0.005152795347142255,-0.005152797669157105
2024-12-13,0.9998578208793203,-0.00019831225563060197,-0.00019831344133347528
2024-12-16,0.9968881091632495,0.004269376014433109,0.0042699831168779845
2024-12-17,0.9289885616028435,-0.004107333467538291,-0.004120154939941889
2024-12-18,0.003642798083039467,-0.027686990657150877,-0.02980337089337326
2024-12-19,0.006349219888500124,-1.1191084794466421e-06,-0.0003072112299216112
2024-12-20,0.7842025720589737,7.626046012169127e-05,0.012010996856451017
2024-12-23,0.9841036473195697,0.0046960588978521185,0.005988323763746806
2024-12-24,0.999333440880047,0.010938376447781761,0.011115065448212613
2024-12-25,0.9999717723342091,0.0,0.0
2024-12-26,0.9999975048590453,6.662474818845281e-05,6.662662890266624e-05
2024-12-27,0.9999911450172219,-0.01052658868172764,-0.010526614947115709
2024-12-30,0.999942531185339,-0.01141150755669319,-0.011411608606290868
2024-12-31,0.9999772795792587,-0.0036379467857514127,-0.0036381558662565983
2025-01-01,0.999981095706026,0.0,0.0
2025-01-02,0.999951591722451,-0.0024568918922454907,-0.002456938338930126
2025-01-03,0.9999657791007222,0.01250286732685956,0.012503472598431431
2025-01-06,0.9999763387833019,0.005760364351076063,0.0057605614826703455
2025-01-07,0.9999738784310688,-0.011303955909900958,-0.011304223381579992
2025-01-08,0.9999629335767889,0.0014610063121380725,0.0014610444769120878
2025-01-09,0.9999639764585103,0.0,0.0
2025-01-10,0.9998977596318225,-0.015266828452711463,-0.015267378437752055
2025-01-13,0.9999038059064452,0.0015503886591178042,0.0015505471876331445
2025-01-14,0.9999000002428271,0.001375796880563655,0.0013759292368293874
2025-01-15,0.9999608207554265,0.018188159745584274,0.018189978739041157
2025-01-16,0.9999881024931503,-0.001923098800753333,-0.0019231741492636845
2025-01-17,0.9999653526234177,0.01003983418557293,0.010039953635990084
2025-01-20,0.999993957195643,0.0,0.0
2025-01-21,0.9999960185191411,0.009153425425342284,0.009153480738035569
2025-01-22,0.999997915568938,0.005621548332879114,0.005621570715055313
2025-01-23,0.9999973789098501,0.005458112207104508,0.005458123584186847
2025-01-24,0.9999973115543173,-0.002919473407454494,-0.0029194810596775422
2025-01-27,0.9999722554725864,-0.014145331108480912,-0.0141453691375375
2025-01-28,0.999991928864348,0.008592313699013573,0.008592552095310735
2025-01-29,0.9999922598258888,-0.004482985398258421,-0.004483021581333735
2025-01-30,0.9999952151099563,0.0053670368649851455,0.005367078407106485
2025-01-31,0.9999911552582624,-0.0053218219056466115,-0.005321847370101107
2025-02-03,0.9999588092807964,-0.006729588814337858,-0.006729648336339378
2025-02-04,0.9999837556700929,0.006708050525458538,0.006708326846265988
2025-02-05,0.9999925818375137,0.00405443425795604,0.004054500120593607
2025-02-06,0.999992269057266,0.0034756907269819556,0.003475716510411786
2025-02-07,0.9999928292208523,-0.009153613746636053,-0.00915368451324683
2025-02-10,0.9999956082715961,0.006791247195521984,0.0067912958944049695
2025-02-11,0.9999955241361808,0.0007605286043906254,0.000760531944440368
2025-02-12,0.9999961264927514,-0.0032214784583988725,-0.0032214928773622864
2025-02-13,0.9999982965855357,0.01055762990044659,0.010557670795660945
2025-02-14,0.9999980495575174,-4.9355174776065065e-05,-4.935525884852687e-05
2025-02-17,0.9999989189274211,0.0,0.0
2025-02-18,0.9999969701919662,0.0029357640829574655,0.0029357672567349447
2025-02-19,0.9999793396928971,0.002355138926350372,0.0023551460619908315
2025-02-20,0.9998366002446634,-0.004160277666764833,-0.0041603636211549055
2025-02-21,0.9975277682333091,-0.017101387672990766,-0.01710418249222523
2025-02-24,0.9941625592640823,-0.004539127196889318,-0.004550376782922472
2025-02-25,0.978155822994231,-0.0049441259577825275,-0.004973156463911055
2025-02-26,0.923904116954906,0.0004938268542643905,0.0005048549961628179
2025-02-27,0.7403386359143773,-0.01474738667821424,-0.015962031565375123
2025-02-28,0.5756080281020214,0.011553434898519583,0.015605608485163236
2025-03-03,0.085462762513973,-0.010084639340448301,-0.017519976873326182
2025-03-04,0.007071989229645248,-0.0010116136140500024,-0.011836893452684794
2025-03-05,0.0005888336176007591,7.60083839071759e-05,0.010747808210532117
2025-03-06,6.465484179929426e-06,-1.0452446124931714e-05,-0.017751102879487224
2025-03-07,1.784039907026802e-05,3.623815303844307e-08,0.005604862997103277
2025-03-10,2.7812622205303228e-09,-4.7518702804399857e-07,-0.026635448353614644
2025-03-11,2.544590825825921e-07,-2.3120821895458022e-11,-0.008313067974960453
2025-03-12,5.376661949885175e-06,1.350300626601381e-09,0.00530655307288197
2025-03-13,5.698511745810819e-07,-7.167255907458796e-08,-0.013330307864365287
2025-03-14,0.0014854080341535347,1.1770682923567279e-08,0.020655714068186892
2025-03-17,0.0452287574592507,1.1454300876981521e-05,0.007711215109664327
2025-03-18,0.10616180966738187,-0.0004888476742693535,-0.010808337476654883
2025-03-19,0.22744988428115165,0.0011561853500686328,0.01089078411239508
2025-03-20,0.28214267657409187,-0.0006577151953010343,-0.002891692811274549
2025-03-21,0.3036809969363444,9.30845829369743e-05,0.000329920251935123
2025-03-24,0.3023538190765621,0.005438454059146568,0.01790844377492129
2025-03-25,0.3166316641282111,0.0007268228510547674,0.0024038818271738815
2025-03-26,0.28908922214106847,-0.0037800565445808834,-0.01193834026356333
2025-03-27,0.21317987727698162,-0.0007677179200779754,-0.0026556435220658203
2025-03-28,0.004934100380044604,-0.0042930768979131005,-0.020138283935378976
2025-03-31,0.0014490392222742399,3.312148938675404e-05,0.00671277169810125
2025-04-01,0.00040398724301238254,4.092606087141618e-06,0.002824358391568138
2025-04-02,0.00015932984943101136,2.556606934308006e-06,0.006328434817011397
2025-04-03,0.0,-7.851886047567846e-06,-0.04928069709227745
2025-04-04,0.0,-0.0,-0.05854306726048053
2025-04-07,0.0,-0.0,-0.0017811932094612404
2025-04-08,0.0,-0.0,-0.015662714676747957
2025-04-09,0.0,0.0,0.1050192812545172
2025-04-10,0.0,-0.0,-0.04381888159598191
2025-04-11,0.0,0.0,0.017842703415233307
2025-04-14,2.910416352364109e-11,0.0,0.009701435762081934
2025-04-15,5.52978218770761e-10,-8.152187771732228e-14,-0.002801038334295458
2025-04-16,5.4569682106375694e-12,-1.2291492353682038e-11,-0.022227805610509077
2025-04-17,9.276934775925838e-11,7.78541112899669e-15,0.0014266916772247562
2025-04-18,2.424736744721656e-09,0.0,0.0
2025-04-21,0.0,-5.7715429076231485e-11,-0.023802760939665157
2025-04-22,1.8189894035458565e-12,0.0,0.026017940681550833
2025-04-23,3.637978807091713e-12,2.8185671628845236e-14,0.015495236846295724
2025-04-24,4.4739384508218905e-07,7.657630668390687e-14,0.021049134902774158
2025-04-25,2.515016384041502e-06,3.232488109989706e-09,0.007225151050962442
2025-04-28,2.493330233055424e-06,9.59262982462652e-10,0.00038141420809401083
2025-04-29,8.80283435200635e-06,1.5706056380636866e-08,0.006299228306147819
2025-04-30,1.8951325952976106e-07,3.4950377205890077e-09,0.0003970354979805357
2025-05-01,4.1513384174685086e-08,1.3430643482619002e-09,0.007086914929300692
2025-05-02,7.902146663685272e-07,6.16230035198313e-10,0.014844129127253636
2025-05-05,1.8639528979624842e-05,-4.531323588566083e-09,-0.005734294466325229
2025-05-06,4.574878436192087e-06,-1.5579720478187084e-07,-0.008358430352621848
2025-05-07,2.0887006348835335e-05,1.9239870170188272e-08,0.00420554784974847
2025-05-08,3.856271710067638e-06,1.455362846690867e-07,0.006967790512363292
2025-05-09,0.00011239186846911942,-4.913335207703692e-09,-0.0012741154091596707
2025-05-12,1.9286023245079775e-07,3.714258846832226e-06,0.03304739833427317
2025-05-13,0.820866712172068,1.2736170420215002e-09,0.006603834423700716
2025-05-14,0.9647526339909019,0.0010491166340879285,0.0012780596636838837
2025-05-15,0.989627513514839,0.004712182194576606,0.004884342398821628
2025-05-16,0.9971719348930752,0.006268378103314157,0.006334078244299102
2025-05-19,0.9975037259830948,0.001090720713206047,0.0010938140906693317
2025-05-20,0.9952357332834585,-0.003353735256903308,-0.003362128049795521
2025-05-21,0.9762540712474523,-0.01677040809448813,-0.016850689272540076
2025-05-22,0.955511369497474,0.0003850689712237487,0.0003944352014140229
2025-05-23,0.9264648017014785,-0.006522010894160748,-0.0068256758656789485
2025-05-26,0.9223964161254496,0.0,0.0
2025-05-27,0.9281406664372988,0.01917723739513652,0.020790667721467315
2025-05-28,0.9807701140770594,-0.005369775375727328,-0.005785518908830278
2025-05-29,0.9947378403700948,0.0038714750740334682,0.0039473827948730555
2025-05-30,0.9983053970114164,-0.0011125713200422834,-0.0011184568183596477
2025-06-02,0.999584308716952,0.005623460760832019,0.005633006470431523
2025-06-03,0.9998674538059916,0.0057002192713217475,0.005702589788187495
2025-06-04,0.9999554400444947,-0.00026851180803027185,-0.00026854740296644586
2025-06-05,0.9999225504159949,-0.004832553708215123,-0.0048327690561892345
2025-06-06,0.9999511173491532,0.010268184530744568,0.010268979858962801
2025-06-09,0.9999825805227461,0.0009012388310475482,0.0009012828881442836
2025-06-10,0.9999876278238938,0.005669668850805326,0.005669767615193333
2025-06-11,0.999974982584316,-0.002851981379108547,-0.0028520166647609813
2025-06-12,0.9998578126107907,0.003974126672288181,0.003974226097154476
2025-06-13,0.9991436798061862,-0.011178474732299734,-0.01118006439646746
2025-06-16,0.9986143801518521,0.009506049280142684,0.00951419647871532
2025-06-17,0.9979392993177679,-0.00853329466181793,-0.008545134970438073
2025-06-18,0.9987083426461669,-0.00015022225069113345,-0.00015053245301976936
2025-06-19,0.9990748706507652,0.0,0.0
2025-06-20,0.9991701321036731,-0.0023464663551703182,-0.0023486391501789106
2025-06-23,0.9996115754656152,0.009869283500528386,0.009877480504495662
2025-06-24,0.999910531016776,0.011042917986078362,0.011047208993087754
2025-06-25,0.9999824038809787,0.000560314495350536,0.0005603646306042709
2025-06-26,0.9999908502439147,0.007823642206325478,0.007823779874487347
2025-06-27,0.999992432266111,0.004968286304981449,0.0049683317640052405
2025-06-30,0.9999833963555825,0.0047812699853082685,0.004781306168960997
2025-07-01,0.9999851551333143,-0.0003236739339687166,-0.0003236793082248557
2025-07-02,0.9999886382975017,0.004533209219930394,0.0045332765158159205
2025-07-03,0.9999828275358124,0.007881296408912481,0.007881385954874975
2025-07-04,0.999991452812199,0.0,0.0
2025-07-07,0.9999722103525592,-0.00745195338950784,-0.0074520170832973465
2025-07-08,0.9999835066588225,-0.0005477009969047089,-0.0005477162177452977
2025-07-09,0.9999950599229758,0.00599652786280017,0.005996626767211355
2025-07-10,0.9999944744019588,0.0028202962857931256,0.0028203102183428364
2025-07-11,0.9999877488337967,-0.003515404445776304,-0.0035154238705955576
2025-07-14,0.9999856415325467,0.001908093849959597,0.0019081172266208757
2025-07-15,0.9999841759114825,-0.004273105694497061,-0.00427316705062708
2025-07-16,0.9999768018190731,0.0033431382155629193,0.0033431911185151097
2025-07-17,0.9999533977411614,0.006119548011842235,0.006119689977517551
2025-07-18,0.9999897941154614,-0.0007323787700148167,-0.0007324129021104575
2025-07-21,0.9999845723605926,0.0018961558135217303,0.001896175165666536
2025-07-22,0.999992079032385,0.000143118955202871,0.0001431211632245688
2025-07-23,0.999990292698226,0.008507473734157224,0.008507541122114937
2025-07-24,0.9999969117126456,0.00033104930920031567,0.00033105252282705777
2025-07-25,0.9999971515856382,0.004224336594313573,0.004224349640319147
2025-07-28,0.999990454247486,-0.0002510994299544363,-0.0002511001451916961
2025-07-29,0.9998584186946755,-0.0026377200612228394,-0.0026377452404861
2025-07-30,0.9977540351676517,-0.0012590559550516433,-0.0012592342390789213
2025-07-31,0.9625671513025933,-0.0037427046055854055,-0.0037511295105476794
2025-08-01,0.6111321084533385,-0.01577701723341789,-0.016390562686528054
2025-08-04,0.8070881889297602,0.009289094493399177,0.015199814188961769
2025-08-05,0.9707905865070531,-0.004091910138878006,-0.005069966572431306
2025-08-06,0.9978728902710841,0.007435945477484701,0.007659680244984202
2025-08-07,0.9998348678506894,-0.0008358423591801054,-0.0008376240775045396
2025-08-08,0.9999898035182292,0.007796285828628611,0.007797573458693252
2025-08-11,0.9999942895919594,-0.0019774230734508867,-0.0019774432364148
2025-08-12,0.9999988813003166,0.010646053662042595,0.010646114455700184
2025-08-13,0.999998509690129,0.003423047525789614,0.0034230513551560815
2025-08-14,0.9999989119299567,9.296531629138764e-05,9.296545483872265e-05
2025-08-15,0.9999984597255478,-0.002341192094639004,-0.002341194642022759
2025-08-18,0.999998575888486,-0.00021763110197896984,-0.00021763143719111255
2025-08-19,0.9999971517061961,-0.0054251223406874705,-0.005425130066677664
2025-08-20,0.9999953501871673,-0.002657076062491809,-0.0026570836306466505
2025-08-21,0.9999919789459385,-0.004011803633335831,-0.004011822287558586
2025-08-22,0.9999850151615164,0.015356763372733395,0.01535688655115064
2025-08-25,0.9999833376685623,-0.004401091106990805,-0.0044011570576184544
2025-08-26,0.9999948038076167,0.004186966584103413,0.004187036349890816
2025-08-27,0.9999985844611761,0.002278501442415981,0.0022785132820093423
2025-08-28,0.9999955814153274,0.003541357719206346,0.003541362732142783
2025-08-29,0.9999906413830656,-0.005963655252947071,-0.0059636816039791984
2025-09-01,0.9999961248804676,0.0,0.0
2025-09-02,0.9999715334836113,-0.007410266840093198,-0.007410295555874247
2025-09-03,0.9999887344022642,0.005419405437422284,0.0054195597134076845
2025-09-04,0.9999963142222141,0.008357266291153695,0.008357360441814565
2025-09-05,0.9999977972514692,-0.0028961378139753806,-0.002896148488535144
2025-09-08,0.9999983196171601,0.002456536497569392,0.002456541908713472
2025-09-09,0.9999973139710923,0.002311916812698014,0.0023119206976098816
2025-09-10,0.9999963717559963,0.002890846514086545,0.0028908542790047065
2025-09-11,0.9999930211973184,0.008310234580117462,0.008310264731785644
2025-09-12,0.999998231981714,-0.00033461057663030546,-0.00033461291182779185
2025-09-15,0.9999952931335049,0.005323848880428183,0.005323858293106998
2025-09-16,0.9999926586288299,-0.0013767863049018569,-0.0013767927852816886
2025-09-17,0.9999954620421986,-0.0012424261713700007,-0.0012424352925486382
2025-09-18,0.9999786269243053,0.004672423938971454,0.004672445142330339
2025-09-19,0.9999958888437986,0.004952768917164537,0.004952874775332017
2025-09-22,0.999991732978472,0.004730988518183477,0.004731007968096224
2025-09-23,0.9999920591841016,-0.005443429838483872,-0.0054434748398075605
2025-09-24,0.9999934215830352,-0.0031816081878481826,-0.003181633452613686
2025-09-25,0.9999862243337718,-0.004613467138961917,-0.0046134974884720625
2025-09-26,0.9999972119245363,0.005729065444213659,0.005729144366994232
2025-09-29,0.9999942085744625,0.0028103586056261367,0.0028103664411398555
2025-09-30,0.999989115311585,0.00376684494358363,0.0037668667591119753
2025-10-01,0.999993686112406,0.0034075323356015565,0.0034075694259330103
2025-10-02,0.9999916478701982,0.0011517043312623486,0.001151711603039951
2025-10-03,0.9999845525846053,-1.4767238882686574e-05,-1.4767362221612679e-05
2025-10-06,0.9999012861309337,0.0035861735123684305,0.003586228910336109
2025-10-07,0.9988476992999844,-0.003707126270057271,-0.003707492250961897
2025-10-08,0.9896034157856746,0.0059561811833227785,0.005963052412792269
2025-10-09,0.8438658613592834,-0.002866889387653105,-0.0028970083792374535
2025-10-10,0.048470464841023575,-0.022807861270735752,-0.02702782789908964
2025-10-13,0.04533591223294353,0.0007437344329352145,0.015344074693208754
2025-10-14,0.02214740924470704,-5.5384834948467126e-05,-0.0012216548034567065
2025-10-15,0.012093163541100127,9.8325989488641e-05,0.004439615866679292
2025-10-16,0.015232815015946977,-8.235759429266994e-05,-0.006810260525524803
2025-10-17,0.5166353248099584,8.646603334219872e-05,0.005676300358907982
2025-10-20,0.9082980093173694,0.005373252986261505,0.010400475399621634
2025-10-21,0.9874599590772988,-1.3620764295261913e-05,-1.4995920012528252e-05
2025-10-22,0.9978531179053572,-0.005133622597996093,-0.005198815962920711
2025-10-23,0.9997305092537886,0.005917160413279629,0.005929891190499692
2025-10-24,0.9999285257896535,0.008170368672345314,0.008172571104630766
2025-10-27,0.9999690756193654,0.011796868790998193,0.011797712023148943
2025-10-28,0.999990059667481,0.002655916821468378,0.002655998956591077
2025-10-29,0.9999742818414621,0.00048029292448703066,0.0004802976988058649
2025-10-30,0.9999687232019872,-0.010997862067156722,-0.010998144919191377
2025-10-31,0.999963272351067,0.0032801780140414155,0.0032802806107155025
2025-11-03,0.9999373324481826,0.0018766181616599886,0.0018766870879645126
2025-11-04,0.9997855924557446,-0.01185279711011897,-0.011853539942447533
2025-11-05,0.9998029483982543,0.0034646461914086208,0.003465389196996238
2025-11-06,0.9996323613696231,-0.010727218980370785,-0.010729333212666003
2025-11-07,0.9994676248572472,0.0009841456383579902,0.0009845075813768034
2025-11-10,0.9983818169997232,0.015596127378310816,0.015604434791510524
2025-11-11,0.9975250930634576,0.0022854454393121722,0.0022891497024457585
2025-11-12,0.9851753076790979,0.0005550215716715107,0.0005563986064420767
2025-11-13,0.864976688898334,-0.01634802020806772,-0.016594021470737852
2025-11-14,0.6583958050594217,-0.00014149816276796238,-0.00016358609958400105
2025-11-17,0.14074925319677767,-0.006133960273881201,-0.009316523930962162
2025-11-18,0.0028419784146008764,-0.001181936302316969,-0.00839746055820656
2025-11-19,0.000255066508779378,1.097913039624554e-05,0.003863199783587179
2025-11-20,0.0001665329814526384,-3.887809603312822e-06,-0.015242336682765423
2025-11-21,0.047259068057180276,1.6588721612131891e-06,0.009961222976632822
2025-11-24,0.503528992919071,0.0006955829269516756,0.014718507062180475
2025-11-25,0.8801805151420674,0.004736143179323238,0.00940589965210692
2025-11-26,0.9720085051015268,0.006076392211281431,0.006903575013019525
2025-11-27,0.9975437770247961,0.0,0.0
2025-11-28,0.9997349765083327,0.005444999275558036,0.005458406338614941
2025-12-01,0.9999632112065829,-0.004564205660167292,-0.004565415602551193
2025-12-02,0.9999894394582928,0.001852141133567654,0.0018522092741120044
2025-12-03,0.9999916766716812,0.0034627312245566763,0.0034627677932603795
2025-12-04,0.9999961250469319,0.0007310500691779881,0.0007310561539983773
2025-12-05,0.9999957673884743,0.0018995294820933761,0.0018995368427094927
2025-12-08,0.9999863057578012,-0.0030042647987350564,-0.0030042775146746914
2025-12-09,0.9999888488927295,-0.000863133146845374,-0.0008631449669616043
2025-12-10,0.9999948599963625,0.006632194051882715,0.00663226800901473
2025-12-11,0.9999964828946729,0.002326936170005396,0.002326948130527251
2025-12-12,0.9999963711766265,-0.010752020178975813,-0.010752057995096265
2025-12-15,0.9999923983629555,-0.0015107924007355536,-0.0015107978831542246
2025-12-16,0.999983133996847,-0.002732276825344093,-0.00273229759527871
2025-12-17,0.9999816033981701,-0.011003434514950032,-0.011003620102041367
2025-12-18,0.9999817434648358,0.007551193658756151,0.0075513325776148665
2025-12-19,0.9999940039526273,0.00906328001234071,0.009063445479451815
2025-12-22,0.9999986242864909,0.006229854923590932,0.006229892278320159
2025-12-23,0.9999966565300725,0.004570448530796442,0.004570454818432879
2025-12-24,0.9999997926042745,0.0035176085444747793,0.0035176203055324873
2025-12-25,0.9999999934725459,0.0,0.0
2025-12-26,0.9999995250440862,-0.00010141503158116421,-0.00010141503224314619
2025-12-29,0.9999995983811806,-0.0035636265144885115,-0.003563628207054803
2025-12-30,0.9999976264007793,-0.0012211002441652235,-0.0012211007345822589
2025-12-31,0.9999965261764565,-0.007408949787471512,-0.007408967373390696
2026-01-01,0.999998641109376,0.0,0.0
2026-01-02,0.999998919466163,0.0018330372425513282,0.0018330397334518356
2026-01-05,0.9999977922527971,0.006660106619584793,0.006660113816063129
2026-01-06,0.9999979977846274,0.005947170243211847,0.005947183373089304
2026-01-07,0.9999976080801548,-0.0032233503383728847,-0.0032233567922274053
2026-01-08,0.9999951222018676,-0.00010153243912772396,-0.00010153268198576093
2026-01-09,0.9999989380046039,0.006613310135543435,0.006613342394092614
2026-01-12,0.9999982533074617,0.0015704521439570702,0.0015704538117717881
2026-01-13,0.9999951794850601,-0.0019994716134020376,-0.0019994751058702853
2026-01-14,0.9999913734620659,-0.0049152136476435454,-0.0049152373416185835
2026-01-15,0.999990076937749,0.0027231909046171554,0.0027232143965294497
2026-01-16,0.999986326730235,-0.0008378656766196401,-0.0008378739908954103
2026-01-19,0.9999834716211508,0.0,0.0
2026-01-20,0.9997817284841123,-0.020356449258878456,-0.020356785723545046
2026-01-21,0.9999661253667655,0.01153856011324204,0.011541079202094462
2026-01-22,0.9999897313344437,0.00522305308472647,0.005223230019727687
2026-01-23,0.9999920614230888,0.0003627765144716154,0.0003627802397405677
2026-01-26,0.9999944978113521,0.005078106747348821,0.005078147060609828
2026-01-27,0.9999925092391629,0.003984242807508439,0.003984264729684606
2026-01-28,0.9999932699175099,-0.00010066914955570309,-0.00010066990364987483
2026-01-29,0.9999863925217176,-0.0019843690939122392,-0.0019843824489698125
2026-01-30,0.9999821709928186,-0.0029825396750070925,-0.0029825802604032114
2026-02-02,0.9999808986303935,0.004971273496484386,0.004971362130935519
2026-02-03,0.9998046721060567,-0.008455234921048198,-0.00845539643070059
2026-02-04,0.9987036828594529,-0.004842975525877168,-0.004843921678897134
2026-02-05,0.9925243291871787,-0.012473021277578399,-0.012489211256201727
2026-02-06,0.9929234367347837,0.0190412932505896,0.019184711840951385
2026-02-09,0.9991394704514525,0.004787710103079255,0.004821832103010459
2026-02-10,0.9998408744277535,-0.0026348910776047767,-0.002637160432080843
2026-02-11,0.9998180408717394,-0.00023102204705025177,-0.00023105881441631837
2026-02-12,0.9989817573309067,-0.015446063164214083,-0.0154488742279012
2026-02-13,0.9988302417210324,0.0007037681566258498,0.0007044854938154099
2026-02-16,0.99868937673041,0.0,0.0
2026-02-17,0.9986286006822724,0.001611351824023787,0.0016134664707250224
2026-02-18,0.9983570378298804,0.005030849762990183,0.005037758541617032
2026-02-19,0.9980990278615094,-0.0026331007362269715,-0.0026374339404172664
2026-02-20,0.9972780221557688,0.00721811701602969,0.007231864589122949
2026-02-23,0.9929503211505207,-0.01018351973847119,-0.010211314710874664
2026-02-24,0.9906071169805547,0.007217212671503178,0.00726845293039502
2026-02-25,0.9816796845749908,0.00835908851907699,0.008438348943581309
2026-02-26,0.9144111462692888,-0.005452716632105834,-0.005554476391621099
2026-02-27,0.5280951066356667,-0.00439095043935007,-0.004801943258527341
2026-03-02,0.11217555501430054,0.0003002636726860239,0.0005685787823312971
2026-03-03,0.008615701967049416,-0.000988753311391512,-0.00881433848279567
2026-03-04,0.0014505128415944757,6.0786434055811635e-05,0.007055308353084655
2026-03-05,0.00011307416849204444,-8.087402299605833e-06,-0.005575546846393831
2026-03-06,2.088220374396599e-09,-1.4820783994477506e-06,-0.013107135070836495
2026-03-09,1.664335741780043e-06,1.8292862712452025e-11,0.008760025013039074
2026-03-10,1.962017482926015e-07,-2.6747987501788653e-09,-0.0016071269053671289
2026-03-11,8.105689319859444e-06,-2.462651609671222e-10,-0.0012551629285171284
2026-03-12,1.3481026128747686e-07,-1.2308447787301148e-07,-0.015184948869363502
2026-03-13,9.642375431440087e-08,-7.630408407463993e-10,-0.005660109501006372
2026-03-16,2.083675368202975e-05,9.812916376242046e-10,0.010176866111483163
2026-03-17,5.5069061212442705e-05,5.481222387273726e-08,0.00263055486997521
2026-03-18,3.5071509205675255e-06,-7.684141519600402e-07,-0.013953645387120184
2026-03-19,6.7132204303321785e-06,-8.642814001232385e-09,-0.0024643404851918405
2026-03-20,2.6393792718071296e-07,-9.623922347195851e-08,-0.01433577587250423
2026-03-23,3.361852382033348e-07,2.771353314866483e-09,0.01050001924493782
2026-03-24,2.3265100901337377e-07,-1.1285233335785073e-09,-0.0033568497522664664
2026-03-25,1.7852340357116248e-06,1.2965079920976498e-09,0.0055727589473859585
2026-03-26,1.134787651624336e-07,-3.1882037906175364e-08,-0.017858744158138706
2026-03-27,7.276068636485888e-12,-1.935026685920907e-09,-0.017051883523327982
2026-03-30,4.583898816079568e-10,-2.4327261783559936e-14,-0.0033434623831846144
2026-03-31,2.921689512547232e-08,1.3324443019714444e-11,0.02906792569891481
2026-04-01,1.0559459243664193e-06,2.201336381713672e-10,0.007534463782890022
2026-04-02,1.4807925082349627e-05,9.508523023390407e-10,0.0009004744280911581
2026-04-03,8.937701634459394e-06,0.0,0.0
2026-04-06,3.6869882513723695e-06,4.224670438868029e-08,0.004726797348638012
2026-04-07,4.993747625892109e-05,1.6225480579976772e-09,0.0004400741058487867
2026-04-08,0.010451041620066492,1.2718852800767817e-06,0.025469554638327674
2026-04-09,0.612458887000696,6.029301193900269e-05,0.00576909117108837
2026-04-10,0.8785943373766234,-0.0004053133573797777,-0.0006617805145495703
2026-04-13,0.9605379451425684,0.008585973355923347,0.009772397784351794
2026-04-14,0.9792510565044683,0.011704040319688828,0.01218488075237012
2026-04-15,0.9971666081477739,0.007727265060419204,0.007890994867038925
2026-04-16,0.9996039376759641,0.0024503490958744513,0.002457311622604319
2026-04-17,0.999874721467657,0.012080898445683769,0.012085685130224011
2026-04-20,0.9996541702496734,-0.001999417037489502,-0.001999667552905704
2026-04-21,0.9985925662976722,-0.006544685025144602,-0.006546949154936255
2026-04-22,0.9951778755266288,0.0,0.0
