signal,signal_column,threshold,strategy,lead_months,direction,is_sharpe,oos_sharpe,oos_sortino,oos_calmar,oos_ann_return,oos_ann_vol,max_drawdown,win_rate,annual_turnover,is_n,oos_n,valid
yoy,cement_yoy,T0_zero,P1_long_cash,2,countercyclical,0.43695001374249,0.43695001374249,0.4640800626958316,0.24007267652039077,0.04910968192847598,0.1288737481835807,-0.20456172955736096,0.3333333333333333,3.411764705882353,102,102,True
yoy,cement_yoy,T0_zero,P1_long_cash,3,countercyclical,0.9341754831925373,0.9341754831925373,1.2399521239804203,0.562286446397201,0.1169726842885801,0.1274214079379419,-0.2080304176600234,0.35294117647058826,3.5294117647058822,102,102,True
yoy,cement_yoy,T0_zero,P1_long_cash,4,countercyclical,1.0836949916346406,1.0836949916346406,1.5785897034048617,1.3367010511887298,0.11732113166579716,0.10807835141529795,-0.08776916241777721,0.37254901960784315,3.5294117647058822,102,102,True
yoy,cement_yoy,T0_zero,P1_long_cash,5,countercyclical,0.45381884144141676,0.45381884144141676,0.45963299731149004,0.13003090900938052,0.04207740375576052,0.10251902855990778,-0.323595398019751,0.3431372549019608,3.5294117647058822,102,102,True
yoy,cement_yoy,T0_zero,P1_long_cash,6,countercyclical,0.9325070648184774,0.9325070648184774,1.0064996259456267,0.4338180798738923,0.10222685220206307,0.11132995558173583,-0.23564451770147443,0.38235294117647056,3.411764705882353,102,102,True
yoy,cement_yoy,T0_zero,P1_long_cash,7,countercyclical,1.0809767666183192,1.0809767666183192,1.4867348114021197,0.8213153330050907,0.10846195243320578,0.10021931189865231,-0.1320588427788837,0.4019607843137255,3.411764705882353,102,102,True
yoy,cement_yoy,T0_zero,P1_long_cash,8,countercyclical,0.47638869543838347,0.47638869543838347,0.527966961587827,0.20009440624818697,0.04901562209230059,0.11427269181111865,-0.24496248051784164,0.35294117647058826,3.5294117647058822,102,102,True
yoy,cement_yoy,T0_zero,P1_long_cash,9,countercyclical,0.6478168092663583,0.6478168092663583,0.6888118975139583,0.37365757412319883,0.06634878667870803,0.10839791366625412,-0.17756574809007386,0.38235294117647056,3.6470588235294117,102,102,True
yoy,cement_yoy,T0_zero,P1_long_cash,10,countercyclical,0.35589599422474827,0.35589599422474827,0.29455552595222273,0.11697580503759997,0.03728807115682353,0.12507023140910045,-0.31876738223633416,0.35294117647058826,3.764705882352941,102,102,True
yoy,cement_yoy,T0_zero,P1_long_cash,11,countercyclical,0.674804376658291,0.674804376658291,0.654099367780956,0.4185497603143498,0.08126200227190061,0.12827334288738232,-0.1941513530216077,0.38235294117647056,3.764705882352941,102,102,True
yoy,cement_yoy,T0_zero,P1_long_cash,12,countercyclical,0.4910049475052234,0.4910049475052234,0.4948182288119538,0.23649813102273998,0.054569785968116014,0.1239934716706837,-0.2307408761842138,0.3627450980392157,3.764705882352941,102,102,True
yoy,cement_yoy,T0_zero,P1_long_cash,13,countercyclical,0.7074331071578414,0.7074331071578414,0.9867468492348274,0.4026353163781371,0.07880814055868757,0.11704921661990089,-0.19573081980884777,0.37254901960784315,3.8823529411764706,102,102,True
yoy,cement_yoy,T0_zero,P1_long_cash,14,countercyclical,0.7717057973511896,0.7717057973511896,0.9166588289424338,0.4070147786724677,0.08350431365453947,0.11236119814136183,-0.20516285410298807,0.38235294117647056,3.8823529411764706,102,102,True
yoy,cement_yoy,T0_zero,P1_long_cash,2,procyclical,0.9400657429288978,0.9400657429288978,0.9138930796908273,0.9340060568094205,0.0919428106457576,0.09899773615456461,-0.09843920173262655,0.3627450980392157,3.411764705882353,102,102,True
yoy,cement_yoy,T0_zero,P1_long_cash,3,procyclical,0.304968056654654,0.304968056654654,0.21225836184439414,0.12652623215926329,0.02560052799347501,0.09949176785797054,-0.20233375764521833,0.3431372549019608,3.5294117647058822,102,102,True
yoy,cement_yoy,T0_zero,P1_long_cash,4,procyclical,0.2680048923751798,0.2680048923751798,0.20339582042309504,0.11969931784074817,0.02528068457163002,0.12034033411690567,-0.2112015759794409,0.3235294117647059,3.5294117647058822,102,102,True
yoy,cement_yoy,T0_zero,P1_long_cash,5,procyclical,0.8176624183333913,0.8176624183333913,0.7893903327262506,0.5106603516523806,0.09931159684674662,0.1257862625864121,-0.19447681130010763,0.35294117647058826,3.5294117647058822,102,102,True
yoy,cement_yoy,T0_zero,P1_long_cash,6,procyclical,0.38603526624131446,0.38603526624131446,0.3484330086584907,0.19546989520235425,0.039321236342596766,0.1180197777368499,-0.20116262047355504,0.3137254901960784,3.411764705882353,102,102,True
yoy,cement_yoy,T0_zero,P1_long_cash,7,procyclical,0.3221369435906856,0.3221369435906856,0.26871220025231296,0.15229001504368958,0.0334750527485399,0.12740239675680032,-0.2198112117786346,0.29411764705882354,3.411764705882353,102,102,True
yoy,cement_yoy,T0_zero,P1_long_cash,8,procyclical,0.822021923709005,0.822021923709005,0.7481680125296102,0.47406684583820674,0.09204071954217374,0.11549271997733009,-0.1941513530216077,0.3431372549019608,3.5294117647058822,102,102,True
yoy,cement_yoy,T0_zero,P1_long_cash,9,procyclical,0.6525748288005527,0.6525748288005527,0.6263841655085051,0.49176388927714626,0.07428994065692862,0.12129455867822093,-0.15106831200259319,0.3137254901960784,3.6470588235294117,102,102,True
yoy,cement_yoy,T0_zero,P1_long_cash,10,procyclical,1.015180252455177,1.015180252455177,1.5899624655322904,1.0773964622495884,0.10438730244248906,0.10329571700928102,-0.09688847708347759,0.3431372549019608,3.764705882352941,102,102,True
yoy,cement_yoy,T0_zero,P1_long_cash,11,procyclical,0.6285387982457512,0.6285387982457512,0.7125961826027117,0.39368207568584485,0.05947288663953776,0.0999402955117591,-0.1510683120025933,0.3137254901960784,3.764705882352941,102,102,True
yoy,cement_yoy,T0_zero,P1_long_cash,12,procyclical,0.8414928027647619,0.8414928027647619,0.8445399375323376,0.7486221912554456,0.0862892053265143,0.10516353566765513,-0.11526402280675996,0.3333333333333333,3.764705882352941,102,102,True
yoy,cement_yoy,T0_zero,P1_long_cash,13,procyclical,0.5894674224705848,0.5894674224705848,0.45686998254749234,0.31820126978611996,0.06188276829964989,0.11293461332173249,-0.19447681130010763,0.3235294117647059,3.8823529411764706,102,102,True
yoy,cement_yoy,T0_zero,P1_long_cash,14,procyclical,0.5331301976550322,0.5331301976550322,0.4560557487043481,0.2641320756645601,0.05728030827748576,0.11754347943317145,-0.2168623713472424,0.3137254901960784,3.8823529411764706,102,102,True
yoy,cement_yoy,T_roll_p25,P1_long_cash,2,countercyclical,0.5280312955493438,0.5280312955493438,0.5968822282444514,0.36249463648779107,0.05176230119799241,0.10628420482851195,-0.14279466780396288,0.2647058823529412,3.5294117647058822,102,102,True
yoy,cement_yoy,T_roll_p25,P1_long_cash,3,countercyclical,0.3992363603050414,0.3992363603050414,0.39623683882646643,0.157904763411318,0.03737957761043775,0.10589457175882783,-0.23672229262058175,0.24509803921568626,3.5294117647058822,102,102,True
yoy,cement_yoy,T_roll_p25,P1_long_cash,4,countercyclical,1.252902392830711,1.252902392830711,1.9829838112747336,1.4565328811474467,0.12126838571326015,0.0952690449063815,-0.08325825477947724,0.3137254901960784,3.5294117647058822,102,102,True
yoy,cement_yoy,T_roll_p25,P1_long_cash,5,countercyclical,0.610644573876994,0.610644573876994,0.5827262145714138,0.20782757875400054,0.05328152943374609,0.0920690036929472,-0.25637371975936785,0.28431372549019607,3.5294117647058822,102,102,True
yoy,cement_yoy,T_roll_p25,P1_long_cash,6,countercyclical,0.6876898358464221,0.6876898358464221,0.6070831274633769,0.3647170260919464,0.0608898608194417,0.09226809455046983,-0.16695096873292437,0.29411764705882354,3.411764705882353,102,102,True
yoy,cement_yoy,T_roll_p25,P1_long_cash,7,countercyclical,0.647754773329924,0.647754773329924,0.7596085944548349,0.3308948405912574,0.055415821710608215,0.08954016246596325,-0.16747260734434177,0.29411764705882354,3.411764705882353,102,102,True
yoy,cement_yoy,T_roll_p25,P1_long_cash,8,countercyclical,0.6316592248097497,0.6316592248097497,0.5881427064242695,0.30329956668860814,0.06329811699453147,0.10628889569061159,-0.20869834298022072,0.30392156862745096,3.5294117647058822,102,102,True
yoy,cement_yoy,T_roll_p25,P1_long_cash,9,countercyclical,0.520292621674015,0.520292621674015,0.5619957267319967,0.2589360873225684,0.04631971268027013,0.09588664805588203,-0.17888473236473823,0.30392156862745096,3.6470588235294117,102,102,True
yoy,cement_yoy,T_roll_p25,P1_long_cash,10,countercyclical,0.18284672089175055,0.18284672089175055,0.11716060129330708,0.039540372467177884,0.014089232445381628,0.11017874145511376,-0.35632523333150123,0.29411764705882354,3.764705882352941,102,102,True
yoy,cement_yoy,T_roll_p25,P1_long_cash,11,countercyclical,0.6564591207195513,0.6564591207195513,0.6684012217904566,0.352186913810404,0.06858912711901843,0.11042802121039251,-0.194752060424206,0.30392156862745096,3.764705882352941,102,102,True
yoy,cement_yoy,T_roll_p25,P1_long_cash,12,countercyclical,0.6378835246191055,0.6378835246191055,0.6495889610073039,0.325262568301621,0.061120167526146796,0.10116432128337409,-0.18791024077959417,0.30392156862745096,3.764705882352941,102,102,True
yoy,cement_yoy,T_roll_p25,P1_long_cash,13,countercyclical,0.5633131231821709,0.5633131231821709,0.6509010379309976,0.23847770799598478,0.05339156084814056,0.10156152242396585,-0.22388491275268174,0.29411764705882354,3.8823529411764706,102,102,True
yoy,cement_yoy,T_roll_p25,P1_long_cash,14,countercyclical,0.5507167348392322,0.5507167348392322,0.6107547541843213,0.2332810771882531,0.05457811809973734,0.10698506256065782,-0.23395861660778383,0.30392156862745096,3.8823529411764706,102,102,True
yoy,cement_yoy,T_roll_p25,P1_long_cash,2,procyclical,0.7586050390463386,0.7586050390463386,0.7364344734810331,0.4586091919116366,0.08918885327589421,0.12292876431651838,-0.19447681130010763,0.43137254901960786,3.5294117647058822,102,102,True
yoy,cement_yoy,T_roll_p25,P1_long_cash,3,procyclical,0.8722695856461633,0.8722695856461633,0.8646852992266562,0.5362587168715823,0.10428988528907257,0.12278176928740331,-0.19447681130010763,0.45098039215686275,3.5294117647058822,102,102,True
yoy,cement_yoy,T_roll_p25,P1_long_cash,4,procyclical,0.22982607275697092,0.22982607275697092,0.1872584738796757,0.0699541443031492,0.021671340561287167,0.1305898488380684,-0.30979351941428246,0.38235294117647056,3.5294117647058822,102,102,True
yoy,cement_yoy,T_roll_p25,P1_long_cash,5,procyclical,0.6956517457986552,0.6956517457986552,0.7461325797168042,0.45053100461801343,0.08761783316994531,0.1339094302019971,-0.19447681130010763,0.4117647058823529,3.5294117647058822,102,102,True
yoy,cement_yoy,T_roll_p25,P1_long_cash,6,procyclical,0.6416669685453114,0.6416669685453114,0.7144137396579207,0.41042331768114065,0.07981781810583932,0.13390736915412732,-0.19447681130010763,0.4019607843137255,3.411764705882353,102,102,True
yoy,cement_yoy,T_roll_p25,P1_long_cash,7,procyclical,0.6736027575016088,0.6736027575016088,0.6856739565719904,0.4392216248655404,0.08541842105790232,0.1356522041612912,-0.19447681130010752,0.4019607843137255,3.411764705882353,102,102,True
yoy,cement_yoy,T_roll_p25,P1_long_cash,8,procyclical,0.6679368157951961,0.6679368157951961,0.733077050537389,0.3985145886219421,0.0773721465797994,0.12312153339019007,-0.19415135302160758,0.39215686274509803,3.5294117647058822,102,102,True
yoy,cement_yoy,T_roll_p25,P1_long_cash,9,procyclical,0.7592836054241939,0.7592836054241939,0.7802912420188512,0.5670295948748091,0.09485443204176236,0.13102699731040848,-0.16728303583996296,0.39215686274509803,3.6470588235294117,102,102,True
yoy,cement_yoy,T_roll_p25,P1_long_cash,10,procyclical,1.099052862672081,1.099052862672081,1.6428221741345521,1.2449194995677457,0.129651847301669,0.11758301099825415,-0.10414476385556337,0.4019607843137255,3.764705882352941,102,102,True
yoy,cement_yoy,T_roll_p25,P1_long_cash,11,procyclical,0.6435989464640132,0.6435989464640132,0.646492709234633,0.3704176747256586,0.0720376482298466,0.1194599294205127,-0.19447681130010774,0.39215686274509803,3.764705882352941,102,102,True
yoy,cement_yoy,T_roll_p25,P1_long_cash,12,procyclical,0.6663100103280831,0.6663100103280831,0.6861003069499751,0.409218213257069,0.07958345324016225,0.1273351912551438,-0.19447681130010774,0.39215686274509803,3.764705882352941,102,102,True
yoy,cement_yoy,T_roll_p25,P1_long_cash,13,procyclical,0.7263678088514819,0.7263678088514819,0.6954201468922383,0.4066453060011507,0.08750422666980584,0.12688451623459257,-0.21518563076579134,0.4019607843137255,3.8823529411764706,102,102,True
yoy,cement_yoy,T_roll_p25,P1_long_cash,14,procyclical,0.7391186866230186,0.7391186866230186,0.7123069676941949,0.42642365169615565,0.08628062264830172,0.1223853539809664,-0.20233545279467802,0.39215686274509803,3.8823529411764706,102,102,True
yoy,cement_yoy,T_roll_p50,P1_long_cash,2,countercyclical,0.5938905281277511,0.5938905281277511,0.6631848622304055,0.3521338299555998,0.07180557477469218,0.13162980108241423,-0.20391558170865343,0.4117647058823529,3.5294117647058822,102,102,True
yoy,cement_yoy,T_roll_p50,P1_long_cash,3,countercyclical,1.0967866949922067,1.0967866949922067,1.4941953917167676,0.702036155526515,0.14154143255679208,0.12872753523051075,-0.20161558837470195,0.43137254901960786,3.5294117647058822,102,102,True
yoy,cement_yoy,T_roll_p50,P1_long_cash,4,countercyclical,1.1370216249337297,1.1370216249337297,1.6518351681683339,1.0072950714976892,0.13081118433122274,0.11428202420073828,-0.12986381849037254,0.45098039215686275,3.5294117647058822,102,102,True
yoy,cement_yoy,T_roll_p50,P1_long_cash,5,countercyclical,0.648190776348907,0.648190776348907,0.7267415286969982,0.18912188876777894,0.06497487336341834,0.10601334514569889,-0.3435608315185579,0.4215686274509804,3.5294117647058822,102,102,True
yoy,cement_yoy,T_roll_p50,P1_long_cash,6,countercyclical,0.7613519705877314,0.7613519705877314,0.8924903684271736,0.42817031165519237,0.08859363067618564,0.12146697533985022,-0.20691212880618992,0.43137254901960786,3.411764705882353,102,102,True
yoy,cement_yoy,T_roll_p50,P1_long_cash,7,countercyclical,0.9829336226082315,0.9829336226082315,1.471932419380308,0.5651134458426862,0.11767770447174009,0.12101905463526738,-0.20823731117609734,0.45098039215686275,3.411764705882353,102,102,True
yoy,cement_yoy,T_roll_p50,P1_long_cash,8,countercyclical,0.5331700870823651,0.5331700870823651,0.6380011096883115,0.23393056571604295,0.05690551098139429,0.11675933301042692,-0.24325812579134765,0.4215686274509804,3.5294117647058822,102,102,True
yoy,cement_yoy,T_roll_p50,P1_long_cash,9,countercyclical,0.45264518842035883,0.45264518842035883,0.47079013826226834,0.19534726103029215,0.047935091949192765,0.11928074368109903,-0.24538399820082224,0.4215686274509804,3.6470588235294117,102,102,True
yoy,cement_yoy,T_roll_p50,P1_long_cash,10,countercyclical,0.5970346845189589,0.5970346845189589,0.5958609825071779,0.3349260960088691,0.07293138721775216,0.13307280766769825,-0.2177536718901142,0.4411764705882353,3.764705882352941,102,102,True
yoy,cement_yoy,T_roll_p50,P1_long_cash,11,countercyclical,0.613864703795252,0.613864703795252,0.6889183781252286,0.3331070514178341,0.07562265040183958,0.13358873009423097,-0.22702206416814041,0.4411764705882353,3.764705882352941,102,102,True
yoy,cement_yoy,T_roll_p50,P1_long_cash,12,countercyclical,0.6771113127871157,0.6771113127871157,0.7388500090865002,0.3158267580836092,0.08427261478096648,0.13287905734517172,-0.2668317760417782,0.46078431372549017,3.8823529411764706,102,102,True
yoy,cement_yoy,T_roll_p50,P1_long_cash,13,countercyclical,0.989657549077142,0.989657549077142,1.4155539803544188,0.685370752005555,0.11841805174462872,0.1208398724424743,-0.17277955237819798,0.47058823529411764,3.8823529411764706,102,102,True
yoy,cement_yoy,T_roll_p50,P1_long_cash,14,countercyclical,0.7751274350872385,0.7751274350872385,0.9655121409279803,0.4414351110132556,0.09017024011767161,0.12117036851664498,-0.20426612625057805,0.45098039215686275,3.8823529411764706,102,102,True
yoy,cement_yoy,T_roll_p50,P1_long_cash,2,procyclical,0.7448720651366668,0.7448720651366668,0.677441295494211,0.7551349074978874,0.06882050413058405,0.09558966925552753,-0.09113670080306358,0.28431372549019607,3.5294117647058822,102,102,True
yoy,cement_yoy,T_roll_p50,P1_long_cash,3,procyclical,0.08560693214514048,0.08560693214514048,0.029425530178824724,0.014573510623967362,0.003527110001471323,0.09565952547432471,-0.2420219871847964,0.2647058823529412,3.5294117647058822,102,102,True
yoy,cement_yoy,T_roll_p50,P1_long_cash,4,procyclical,0.1711681758408137,0.1711681758408137,0.1024904406621309,0.06710086261014751,0.013049561795908105,0.113541161920873,-0.19447681130010763,0.24509803921568626,3.5294117647058822,102,102,True
yoy,cement_yoy,T_roll_p50,P1_long_cash,5,procyclical,0.6537784612438079,0.6537784612438079,0.5830488159798535,0.363524348702088,0.07567587124634145,0.12337343414387421,-0.20817277169062098,0.27450980392156865,3.5294117647058822,102,102,True
yoy,cement_yoy,T_roll_p50,P1_long_cash,6,procyclical,0.5269488505371048,0.5269488505371048,0.4416835573782916,0.2691188978623544,0.05233738511687003,0.10797375368019492,-0.19447681130010763,0.2647058823529412,3.411764705882353,102,102,True
yoy,cement_yoy,T_roll_p50,P1_long_cash,7,procyclical,0.28380558109453924,0.28380558109453924,0.1886408097732689,0.11643430780107492,0.0249535891942112,0.10719334176476501,-0.21431474679133045,0.24509803921568626,3.411764705882353,102,102,True
yoy,cement_yoy,T_roll_p50,P1_long_cash,8,procyclical,0.7698549893700309,0.7698549893700309,0.6300718404411213,0.4320780774825221,0.0838885433542067,0.11316830296667416,-0.1941513530216077,0.27450980392156865,3.5294117647058822,102,102,True
yoy,cement_yoy,T_roll_p50,P1_long_cash,9,procyclical,0.864776741677887,0.864776741677887,0.7768847381635607,0.7461029136840205,0.09316672717760066,0.11029888655742623,-0.12487114775838737,0.27450980392156865,3.6470588235294117,102,102,True
yoy,cement_yoy,T_roll_p50,P1_long_cash,10,procyclical,0.747391968527622,0.747391968527622,0.9627877118222359,0.45456012115024785,0.06769900518173899,0.09356092602935283,-0.14893300584844338,0.2549019607843137,3.764705882352941,102,102,True
yoy,cement_yoy,T_roll_p50,P1_long_cash,11,procyclical,0.7260144682629113,0.7260144682629113,0.7196734231178566,0.37627546068279893,0.06502756736545745,0.09279479010631203,-0.1728190492344539,0.2549019607843137,3.764705882352941,102,102,True
yoy,cement_yoy,T_roll_p50,P1_long_cash,12,procyclical,0.6343202626492173,0.6343202626492173,0.6535932840269366,0.492164314193781,0.05653113353976269,0.09364647002964727,-0.11486231713562345,0.23529411764705882,3.8823529411764706,102,102,True
yoy,cement_yoy,T_roll_p50,P1_long_cash,13,procyclical,0.27746108620400434,0.27746108620400434,0.18351606175693178,0.101684385662241,0.02427511159505813,0.10735081752029169,-0.23872998235630127,0.22549019607843138,3.8823529411764706,102,102,True
yoy,cement_yoy,T_roll_p50,P1_long_cash,14,procyclical,0.5121997278300677,0.5121997278300677,0.38638479463215164,0.26173131910384234,0.05081548973214112,0.10826497254172061,-0.19415135302160758,0.24509803921568626,3.8823529411764706,102,102,True
mom,cement_mom,T0_zero,P1_long_cash,2,countercyclical,0.6677877041506005,0.6677877041506005,0.6354500508154538,0.31615571217577115,0.0774462874844617,0.12343542023430062,-0.24496248051784164,0.39215686274509803,6.235294117647059,102,102,True
mom,cement_mom,T0_zero,P1_long_cash,3,countercyclical,0.3995077048855415,0.3995077048855415,0.4554645830758473,0.2076048457892975,0.04299896704419881,0.12488607200739267,-0.20711928414156267,0.3627450980392157,6.352941176470588,102,102,True
mom,cement_mom,T0_zero,P1_long_cash,4,countercyclical,0.47825744166998874,0.47825744166998874,0.463359665410848,0.15822700315106647,0.0531456912569539,0.12477942834249503,-0.3358825623854691,0.37254901960784315,6.235294117647059,102,102,True
mom,cement_mom,T0_zero,P1_long_cash,5,countercyclical,0.5287785248216491,0.5287785248216491,0.6146211251006648,0.35905753836982357,0.06208482057509879,0.1300116327084561,-0.17291050581189138,0.38235294117647056,6.352941176470588,102,102,True
mom,cement_mom,T0_zero,P1_long_cash,6,countercyclical,0.7348147470821099,0.7348147470821099,0.7706257138160207,0.4621429214984183,0.08972567349827654,0.12856647500460383,-0.1941513530216077,0.4117647058823529,6.352941176470588,102,102,True
mom,cement_mom,T0_zero,P1_long_cash,7,countercyclical,0.6658815852802769,0.6658815852802769,0.6810839201478385,0.38985209370344376,0.08381863600746531,0.134802937150682,-0.21500111801688881,0.39215686274509803,6.470588235294118,102,102,True
mom,cement_mom,T0_zero,P1_long_cash,8,countercyclical,0.5740182671661092,0.5740182671661092,0.7157180061457281,0.3800964623056299,0.0653181668843712,0.12361310815157686,-0.1718462899869082,0.37254901960784315,6.470588235294118,102,102,True
mom,cement_mom,T0_zero,P1_long_cash,9,countercyclical,0.690821305288362,0.690821305288362,0.6882437766594336,0.356864450414433,0.07882233578539255,0.12070052324555897,-0.22087472062250746,0.4019607843137255,6.352941176470588,102,102,True
mom,cement_mom,T0_zero,P1_long_cash,10,countercyclical,0.5516113197069956,0.5516113197069956,0.5833410753197188,0.30128446429941874,0.0641828685292658,0.12770674174986965,-0.2130307936006962,0.39215686274509803,6.235294117647059,102,102,True
mom,cement_mom,T0_zero,P1_long_cash,11,countercyclical,1.0715070695753246,1.0715070695753246,1.3071319564334272,0.5920258288096842,0.1299419795710317,0.12134209046166718,-0.2194870109506718,0.4117647058823529,6.235294117647059,102,102,True
mom,cement_mom,T0_zero,P1_long_cash,12,countercyclical,0.5142745068768759,0.5142745068768759,0.5815282954856649,0.22932208292977357,0.05623575814798376,0.12063419042144705,-0.24522609174627596,0.38235294117647056,6.235294117647059,102,102,True
mom,cement_mom,T0_zero,P1_long_cash,13,countercyclical,0.8530586204507586,0.8530586204507586,0.791042004596487,0.752856572449487,0.09427615279007573,0.11353576847049454,-0.12522458624932997,0.4019607843137255,6.117647058823529,102,102,True
mom,cement_mom,T0_zero,P1_long_cash,14,countercyclical,0.831878446836222,0.831878446836222,1.110225178284806,0.48250805489357174,0.10037635218383523,0.12454869627708706,-0.2080304176600234,0.38235294117647056,6.235294117647059,102,102,True
mom,cement_mom,T0_zero,P1_long_cash,2,procyclical,0.6320422756740146,0.6320422756740146,0.7368499861844623,0.4185189389576798,0.06322494964945302,0.10592188705377417,-0.15106831200259319,0.30392156862745096,6.235294117647059,102,102,True
mom,cement_mom,T0_zero,P1_long_cash,3,procyclical,0.9587920770325843,0.9587920770325843,0.7379694452981506,0.7853112580853511,0.09834027737067896,0.10375849030201856,-0.12522458624933008,0.3333333333333333,6.352941176470588,102,102,True
mom,cement_mom,T0_zero,P1_long_cash,4,procyclical,0.8608213530093869,0.8608213530093869,0.9223598775443853,0.6039258174193829,0.08775811767638264,0.10420173238102526,-0.14531274395815563,0.3235294117647059,6.235294117647059,102,102,True
mom,cement_mom,T0_zero,P1_long_cash,5,procyclical,0.8247650300598334,0.8247650300598334,0.6928502235535319,0.6294721257075878,0.07860290681901838,0.09775924552378369,-0.12487114775838737,0.3137254901960784,6.352941176470588,102,102,True
mom,cement_mom,T0_zero,P1_long_cash,6,procyclical,0.5526190164966845,0.5526190164966845,0.5601161215290837,0.2715537147607772,0.05124418247678242,0.09935095060715234,-0.188707352141824,0.28431372549019607,6.352941176470588,102,102,True
mom,cement_mom,T0_zero,P1_long_cash,7,procyclical,0.6560885451963697,0.6560885451963697,0.7052446978223003,0.5920294122722669,0.05697368240562928,0.09086117014602887,-0.09623454717724023,0.30392156862745096,6.470588235294118,102,102,True
mom,cement_mom,T0_zero,P1_long_cash,8,procyclical,0.7415488039738697,0.7415488039738697,0.571899666177314,0.6032557669129184,0.07532924000628238,0.10575107648458949,-0.12487114775838748,0.3235294117647059,6.470588235294118,102,102,True
mom,cement_mom,T0_zero,P1_long_cash,9,procyclical,0.6053538655151613,0.6053538655151613,0.6200227320048963,0.31993593974685647,0.06186879596506789,0.10901602710116567,-0.19337869954222853,0.29411764705882354,6.352941176470588,102,102,True
mom,cement_mom,T0_zero,P1_long_cash,10,procyclical,0.7833124466110178,0.7833124466110178,0.7392940554288301,0.3724250184534417,0.07647642960449819,0.10076602563338516,-0.20534718618550274,0.30392156862745096,6.235294117647059,102,102,True
mom,cement_mom,T0_zero,P1_long_cash,11,procyclical,0.18268809722182544,0.18268809722182544,0.11930055569905113,0.06567378061705037,0.013828847385205956,0.10595577355022179,-0.21056877273204644,0.28431372549019607,6.235294117647059,102,102,True
mom,cement_mom,T0_zero,P1_long_cash,12,procyclical,0.8010753564500092,0.8010753564500092,0.692910293097958,0.6753931730819146,0.084575830654805,0.1090242970671773,-0.1252245862493302,0.3137254901960784,6.235294117647059,102,102,True
mom,cement_mom,T0_zero,P1_long_cash,13,procyclical,0.4521679103441523,0.4521679103441523,0.4851731120288447,0.22727398160879042,0.0468726489559359,0.11615839868656,-0.20623851715951536,0.29411764705882354,6.117647058823529,102,102,True
mom,cement_mom,T0_zero,P1_long_cash,14,procyclical,0.44012924962765193,0.44012924962765193,0.320574540521562,0.2841027456750812,0.0410690601330479,0.10398397845755593,-0.14455706873039942,0.3137254901960784,6.235294117647059,102,102,True
mom,cement_mom,T_roll_p25,P1_long_cash,2,countercyclical,0.5796412285843479,0.5796412285843479,0.40101099431198856,0.21166521223012194,0.050877947233975984,0.09317436789165691,-0.2403699063153637,0.19607843137254902,5.294117647058823,102,102,True
mom,cement_mom,T_roll_p25,P1_long_cash,3,countercyclical,0.31867796907499846,0.31867796907499846,0.23469289708301222,0.1453706217927269,0.02185866570268069,0.07712120486557208,-0.15036508362636936,0.16666666666666666,5.411764705882353,102,102,True
mom,cement_mom,T_roll_p25,P1_long_cash,4,countercyclical,-0.09075156671724231,-0.09075156671724231,-0.09672436339852296,-0.044308437130810036,-0.011684580720902171,0.08721104001906582,-0.26371006240654005,0.13725490196078433,5.411764705882353,102,102,True
mom,cement_mom,T_roll_p25,P1_long_cash,5,countercyclical,0.3600486420654941,0.3600486420654941,0.31491879157539104,0.17830551802820627,0.030722114763050534,0.09685035716402461,-0.17230041505608695,0.16666666666666666,5.411764705882353,102,102,True
mom,cement_mom,T_roll_p25,P1_long_cash,6,countercyclical,0.5701685300017747,0.5701685300017747,0.35149097677992763,0.38677625809526756,0.050643976633581556,0.09462813064065022,-0.13093869019516535,0.19607843137254902,5.411764705882353,102,102,True
mom,cement_mom,T_roll_p25,P1_long_cash,7,countercyclical,0.8399828810211358,0.8399828810211358,0.6920506900608461,0.7090366660084169,0.07232173312816736,0.08779210511376638,-0.10199999040290653,0.19607843137254902,5.294117647058823,102,102,True
mom,cement_mom,T_roll_p25,P1_long_cash,8,countercyclical,0.610439790867179,0.610439790867179,0.551881776654795,0.4092985600169484,0.04718509340991228,0.08095247475353251,-0.11528282290550551,0.17647058823529413,5.176470588235294,102,102,True
mom,cement_mom,T_roll_p25,P1_long_cash,9,countercyclical,0.7824268947077709,0.7824268947077709,0.7262409454802153,0.5725718826777046,0.05043661919849152,0.06570657782366045,-0.08808783791935137,0.19607843137254902,5.176470588235294,102,102,True
mom,cement_mom,T_roll_p25,P1_long_cash,10,countercyclical,0.1547225166720148,0.1547225166720148,0.11164562010919507,0.04989366224417269,0.008834780818967936,0.0750283689311672,-0.1770722055986137,0.1568627450980392,5.176470588235294,102,102,True
mom,cement_mom,T_roll_p25,P1_long_cash,11,countercyclical,0.5664968154614254,0.5664968154614254,0.49463966504427437,0.43724760654709216,0.045210896913199905,0.08440418222739464,-0.10339884366715368,0.17647058823529413,5.0588235294117645,102,102,True
mom,cement_mom,T_roll_p25,P1_long_cash,12,countercyclical,0.3418187338216575,0.3418187338216575,0.27285294491904505,0.14214886655841827,0.024921455209390597,0.08167824866182286,-0.1753194085381521,0.17647058823529413,5.0588235294117645,102,102,True
mom,cement_mom,T_roll_p25,P1_long_cash,13,countercyclical,0.5394393334371572,0.5394393334371572,0.25933478854267383,0.3918835115981974,0.03450468936379392,0.06713022561760387,-0.08804833156433478,0.17647058823529413,4.9411764705882355,102,102,True
mom,cement_mom,T_roll_p25,P1_long_cash,14,countercyclical,0.53344285177302,0.53344285177302,0.3588970788698125,0.26313883621271017,0.044659195483200076,0.08940279457123936,-0.1697172341641714,0.17647058823529413,5.0588235294117645,102,102,True
mom,cement_mom,T_roll_p25,P1_long_cash,2,procyclical,0.7165795318048611,0.7165795318048611,0.889465140151501,0.4640989925102909,0.0901054473318379,0.13308789480601876,-0.19415135302160758,0.5,5.294117647058823,102,102,True
mom,cement_mom,T_roll_p25,P1_long_cash,3,procyclical,0.8803625855263787,0.8803625855263787,1.0693341371522649,0.3922599591337088,0.12106283697551046,0.14175856577603815,-0.30862909699698415,0.5294117647058824,5.411764705882353,102,102,True
mom,cement_mom,T_roll_p25,P1_long_cash,4,procyclical,1.1818785630709394,1.1818785630709394,1.6140578659025848,1.173074096013029,0.15911150672551777,0.13308499693433476,-0.13563636539780055,0.5588235294117647,5.411764705882353,102,102,True
mom,cement_mom,T_roll_p25,P1_long_cash,5,procyclical,0.8829257172758447,0.8829257172758447,0.9886363185231782,0.4793137097545514,0.11142252441532996,0.1296880639054289,-0.23246262760225989,0.5294117647058824,5.411764705882353,102,102,True
mom,cement_mom,T_roll_p25,P1_long_cash,6,procyclical,0.7225814890095957,0.7225814890095957,0.9500086693296009,0.3880327683022515,0.09034820570829827,0.1320567793853614,-0.23283653621212497,0.5,5.411764705882353,102,102,True
mom,cement_mom,T_roll_p25,P1_long_cash,7,procyclical,0.5522161175882359,0.5522161175882359,0.6362304620851544,0.3373705241528841,0.06830603108156441,0.13696069099219083,-0.20246591267294767,0.5,5.294117647058823,102,102,True
mom,cement_mom,T_roll_p25,P1_long_cash,8,procyclical,0.7102884198683792,0.7102884198683792,0.8188054934284827,0.39064980527437465,0.09394965796388921,0.14073037356582221,-0.24049585253959938,0.5196078431372549,5.176470588235294,102,102,True
mom,cement_mom,T_roll_p25,P1_long_cash,9,procyclical,0.6596228980924339,0.6596228980924339,0.8013966834852135,0.43586626856755983,0.09056344173792508,0.14851693757318962,-0.20777804631579933,0.5,5.176470588235294,102,102,True
mom,cement_mom,T_roll_p25,P1_long_cash,10,procyclical,0.9701230071273136,0.9701230071273136,1.1365618623952483,0.540838525839598,0.13553556691482194,0.14201002074098337,-0.2506026483679513,0.5392156862745098,5.176470588235294,102,102,True
mom,cement_mom,T_roll_p25,P1_long_cash,11,procyclical,0.732568302264928,0.732568302264928,0.8485513331823928,0.49371393787806545,0.0960159123329456,0.13863699216691994,-0.19447681130010763,0.5196078431372549,5.0588235294117645,102,102,True
mom,cement_mom,T_roll_p25,P1_long_cash,12,procyclical,0.8714163502727701,0.8714163502727701,1.058110348258904,0.5805145945979945,0.11771274660907394,0.1393783934050681,-0.20277310459453624,0.5196078431372549,5.0588235294117645,102,102,True
mom,cement_mom,T_roll_p25,P1_long_cash,13,procyclical,0.7680205572709601,0.7680205572709601,1.0543639865790524,0.5084865120823083,0.1073587065759607,0.14734381937345858,-0.21113383349405856,0.5196078431372549,4.9411764705882355,102,102,True
mom,cement_mom,T_roll_p25,P1_long_cash,14,procyclical,0.7506423697175958,0.7506423697175958,0.9339677805991188,0.5494281483269893,0.09659473607637392,0.13546328962482834,-0.17580958742377006,0.5196078431372549,5.0588235294117645,102,102,True
mom,cement_mom,T_roll_p50,P1_long_cash,2,countercyclical,0.6515684745108393,0.6515684745108393,0.5909688584496028,0.33868480286147823,0.07422939840531484,0.12153359762013455,-0.2191695575891387,0.37254901960784315,6.705882352941177,102,102,True
mom,cement_mom,T_roll_p50,P1_long_cash,3,countercyclical,0.5305434274442752,0.5305434274442752,0.6303425933948511,0.2447458853790769,0.05728398578544547,0.11820936443316,-0.23405494926593207,0.35294117647058826,6.823529411764706,102,102,True
mom,cement_mom,T_roll_p50,P1_long_cash,4,countercyclical,0.4142231744949331,0.4142231744949331,0.3725523061796116,0.1383360971020049,0.043670436623941544,0.12111623691108872,-0.31568359624704656,0.35294117647058826,6.705882352941177,102,102,True
mom,cement_mom,T_roll_p50,P1_long_cash,5,countercyclical,0.4504394228543284,0.4504394228543284,0.5329358173422268,0.25609804449958873,0.050824576622575,0.1283908815706369,-0.19845749592459938,0.3627450980392157,6.823529411764706,102,102,True
mom,cement_mom,T_roll_p50,P1_long_cash,6,countercyclical,1.0218656382348643,1.0218656382348643,1.0065166786679032,0.9618028158074846,0.12010142152712944,0.11830489470081305,-0.12487114775838737,0.4117647058823529,6.823529411764706,102,102,True
mom,cement_mom,T_roll_p50,P1_long_cash,7,countercyclical,0.771520470139783,0.771520470139783,0.8761948046132659,0.39244896194341455,0.09279909668925646,0.12545285912727064,-0.2364615674601701,0.37254901960784315,6.9411764705882355,102,102,True
mom,cement_mom,T_roll_p50,P1_long_cash,8,countercyclical,0.6140568594400246,0.6140568594400246,0.7206807362498115,0.48018127324059273,0.06431331566346055,0.11183993236014415,-0.13393549321369858,0.3627450980392157,6.9411764705882355,102,102,True
mom,cement_mom,T_roll_p50,P1_long_cash,9,countercyclical,0.5409519422787832,0.5409519422787832,0.5005860654945004,0.17970937809040377,0.05733050451311361,0.11568731901797619,-0.31901787832281736,0.37254901960784315,6.823529411764706,102,102,True
mom,cement_mom,T_roll_p50,P1_long_cash,10,countercyclical,0.562919222886679,0.562919222886679,0.5756414899775855,0.30612375459695695,0.06521378638181452,0.12662374620179412,-0.2130307936006962,0.37254901960784315,6.705882352941177,102,102,True
mom,cement_mom,T_roll_p50,P1_long_cash,11,countercyclical,1.1604910698981794,1.1604910698981794,1.5004938098346405,0.9617477663487536,0.1346273705292611,0.11497140929341404,-0.1399819944894386,0.39215686274509803,6.705882352941177,102,102,True
mom,cement_mom,T_roll_p50,P1_long_cash,12,countercyclical,0.34081529469234945,0.34081529469234945,0.33925926367730275,0.13166125543345597,0.03280752123279984,0.11369118967474148,-0.24918128818376162,0.3627450980392157,6.823529411764706,102,102,True
mom,cement_mom,T_roll_p50,P1_long_cash,13,countercyclical,0.8563164743082687,0.8563164743082687,0.7525330204298946,0.7429837606298463,0.09303983401484373,0.11151149572670088,-0.12522458624932997,0.39215686274509803,6.823529411764706,102,102,True
mom,cement_mom,T_roll_p50,P1_long_cash,14,countercyclical,0.9485659830238792,0.9485659830238792,1.20146437415288,0.5465154493344246,0.1136918371826956,0.12163791582601434,-0.20803041766002317,0.39215686274509803,6.9411764705882355,102,102,True
mom,cement_mom,T_roll_p50,P1_long_cash,2,procyclical,0.6491127535910993,0.6491127535910993,0.8053534530225734,0.4395950673465417,0.06640888478870832,0.10812960496433349,-0.15106831200259319,0.3235294117647059,6.705882352941177,102,102,True
mom,cement_mom,T_roll_p50,P1_long_cash,3,procyclical,0.7761018293201162,0.7761018293201162,0.6326109472584407,0.38384104689702375,0.08350054494547776,0.11166133333279238,-0.21753938412917873,0.3431372549019608,6.823529411764706,102,102,True
mom,cement_mom,T_roll_p50,P1_long_cash,4,procyclical,0.9173417051477917,0.9173417051477917,1.0666388068693797,0.8103771566559261,0.09763363468101338,0.10814575826366354,-0.12047925324537145,0.3431372549019608,6.705882352941177,102,102,True
mom,cement_mom,T_roll_p50,P1_long_cash,5,procyclical,0.9184799379398252,0.9184799379398252,0.7937732940938386,0.71999289987995,0.09016081298992207,0.09966842829161826,-0.12522458624933008,0.3333333333333333,6.823529411764706,102,102,True
mom,cement_mom,T_roll_p50,P1_long_cash,6,procyclical,0.2588340934382284,0.2588340934382284,0.22773935509239854,0.07514374463481399,0.022735756552122677,0.11004755717517027,-0.3025635289086889,0.28431372549019607,6.823529411764706,102,102,True
mom,cement_mom,T_roll_p50,P1_long_cash,7,procyclical,0.5096780608795023,0.5096780608795023,0.43512847073354755,0.24871127038970212,0.04828762965788358,0.10317555650970457,-0.1941513530216077,0.3235294117647059,6.9411764705882355,102,102,True
mom,cement_mom,T_roll_p50,P1_long_cash,8,procyclical,0.6832193374116542,0.6832193374116542,0.5961090446010899,0.42203257635911123,0.07634449170312685,0.11811681019883573,-0.1808971533945395,0.3333333333333333,6.9411764705882355,102,102,True
mom,cement_mom,T_roll_p50,P1_long_cash,9,procyclical,0.7595569014184228,0.7595569014184228,0.8363291807917094,0.5524181327253567,0.08345287483044417,0.11426989386101172,-0.1510683120025933,0.3235294117647059,6.823529411764706,102,102,True
mom,cement_mom,T_roll_p50,P1_long_cash,10,procyclical,0.7646890424198073,0.7646890424198073,0.7587683832616654,0.31725789436663404,0.07543461172407362,0.10212886713824926,-0.23777063727498238,0.3235294117647059,6.705882352941177,102,102,True
mom,cement_mom,T_roll_p50,P1_long_cash,11,procyclical,0.1417410171166423,0.1417410171166423,0.08118328490844968,0.049663770868609125,0.009642288310295566,0.11254662180488187,-0.1941513530216077,0.30392156862745096,6.705882352941177,102,102,True
mom,cement_mom,T_roll_p50,P1_long_cash,12,procyclical,0.9584482390045374,0.9584482390045374,0.8944733230719332,0.8718605884835258,0.10917838145994696,0.11542414666885004,-0.12522458624933008,0.3333333333333333,6.823529411764706,102,102,True
mom,cement_mom,T_roll_p50,P1_long_cash,13,procyclical,0.45610674163841564,0.45610674163841564,0.5124341158169797,0.26725778829418295,0.04805674881296218,0.1181447907723995,-0.17981421278568654,0.30392156862745096,6.823529411764706,102,102,True
mom,cement_mom,T_roll_p50,P1_long_cash,14,procyclical,0.318505876070557,0.318505876070557,0.23933033849500468,0.19799699452474304,0.028621865145925796,0.1067301415194985,-0.14455706873039942,0.30392156862745096,6.9411764705882355,102,102,True
chg_3m,cement_3m,T0_zero,P1_long_cash,2,countercyclical,0.2592208187949041,0.2592208187949041,0.2249389379736612,0.08956008375254389,0.024882271640224163,0.124893410441842,-0.2778276950809283,0.29411764705882354,4.588235294117647,102,102,True
chg_3m,cement_3m,T0_zero,P1_long_cash,3,countercyclical,0.3270414275972671,0.3270414275972671,0.3398960255392399,0.19740828056886991,0.03360524748390681,0.12464591641863797,-0.17023220802626327,0.3137254901960784,4.705882352941177,102,102,True
chg_3m,cement_3m,T0_zero,P1_long_cash,4,countercyclical,0.6756668570254581,0.6756668570254581,0.6479527502879562,0.4052078031134334,0.07867164322938636,0.12369425112517823,-0.1941513530216078,0.37254901960784315,4.588235294117647,102,102,True
chg_3m,cement_3m,T0_zero,P1_long_cash,5,countercyclical,0.9272432534318595,0.9272432534318595,0.8546149192223704,0.7013233557367863,0.11298507682378811,0.12418119922942239,-0.16110268665598604,0.39215686274509803,4.588235294117647,102,102,True
chg_3m,cement_3m,T0_zero,P1_long_cash,6,countercyclical,0.8322510829229478,0.8322510829229478,1.0721564553409981,0.6489060532243772,0.09089532230109265,0.11234388110003916,-0.14007470241561004,0.3627450980392157,4.588235294117647,102,102,True
chg_3m,cement_3m,T0_zero,P1_long_cash,7,countercyclical,0.7286203010862434,0.7286203010862434,0.7918221952064859,0.31159622329463993,0.07337272474457146,0.10492661451394082,-0.2354737293307676,0.3431372549019608,4.705882352941177,102,102,True
chg_3m,cement_3m,T0_zero,P1_long_cash,8,countercyclical,0.5775217635897808,0.5775217635897808,0.7194857097808297,0.4429879488008841,0.05735622661397599,0.10652409047447264,-0.12947581704927302,0.35294117647058826,4.588235294117647,102,102,True
chg_3m,cement_3m,T0_zero,P1_long_cash,9,countercyclical,0.7075163417696252,0.7075163417696252,0.5997792883790585,0.36117241111867565,0.0743585355306513,0.11030545210248754,-0.20588099545127836,0.3627450980392157,4.588235294117647,102,102,True
chg_3m,cement_3m,T0_zero,P1_long_cash,10,countercyclical,0.5821638968994165,0.5821638968994165,0.6412047758994007,0.36184070156870685,0.06475774289929581,0.12025741433868524,-0.17896754737249898,0.3431372549019608,4.588235294117647,102,102,True
chg_3m,cement_3m,T0_zero,P1_long_cash,11,countercyclical,0.9261985963516688,0.9261985963516688,0.9904253532798254,0.7454627079338789,0.09608317147413081,0.10532873376546052,-0.1288906479848395,0.35294117647058826,4.588235294117647,102,102,True
chg_3m,cement_3m,T0_zero,P1_long_cash,12,countercyclical,0.6596628792283032,0.6596628792283032,0.7420180917129908,0.3407423967578762,0.06892530316062473,0.11038122368274306,-0.2022797979248866,0.3235294117647059,4.588235294117647,102,102,True
chg_3m,cement_3m,T0_zero,P1_long_cash,13,countercyclical,0.9844227092053569,0.9844227092053569,1.007198769218833,0.8619510785097885,0.10763282048509715,0.11038661532236876,-0.12487114775838737,0.3627450980392157,4.588235294117647,102,102,True
chg_3m,cement_3m,T0_zero,P1_long_cash,14,countercyclical,0.6068740551367977,0.6068740551367977,0.6610678690493438,0.23247923792199723,0.06087282136485084,0.10685076947175445,-0.26184196880959854,0.3137254901960784,4.588235294117647,102,102,True
chg_3m,cement_3m,T0_zero,P1_long_cash,2,procyclical,1.1382327016422522,1.1382327016422522,1.20112572469433,1.403002312462685,0.11775547929742958,0.10279162963834149,-0.08393106572342979,0.4019607843137255,4.588235294117647,102,102,True
chg_3m,cement_3m,T0_zero,P1_long_cash,3,procyclical,1.0482469576056441,1.0482469576056441,0.8522976011779615,0.8278195590864263,0.1083223286155901,0.10361240468052065,-0.13085258426985413,0.38235294117647056,4.705882352941177,102,102,True
chg_3m,cement_3m,T0_zero,P1_long_cash,4,procyclical,0.6230774313855609,0.6230774313855609,0.6757953801703476,0.4789862890501783,0.062017141130171094,0.10560430730109006,-0.12947581704927302,0.3235294117647059,4.588235294117647,102,102,True
chg_3m,cement_3m,T0_zero,P1_long_cash,5,procyclical,0.32984271538044696,0.32984271538044696,0.3336086044994187,0.17256561170621024,0.029275053740929424,0.10377548340954247,-0.16964593033037,0.30392156862745096,4.588235294117647,102,102,True
chg_3m,cement_3m,T0_zero,P1_long_cash,6,procyclical,0.47591690023665356,0.47591690023665356,0.40303820366295634,0.2577019180746564,0.05011704729308075,0.11741009763095524,-0.19447681130010763,0.3333333333333333,4.588235294117647,102,102,True
chg_3m,cement_3m,T0_zero,P1_long_cash,7,procyclical,0.5865790331925319,0.5865790331925319,0.5615221712596662,0.2875814688455272,0.06726000051218528,0.12432102213110986,-0.233881552876808,0.35294117647058826,4.705882352941177,102,102,True
chg_3m,cement_3m,T0_zero,P1_long_cash,8,procyclical,0.7152144600073566,0.7152144600073566,0.6472107177089609,0.3981956816725594,0.08342651788145727,0.12283838029472038,-0.20951135765972417,0.3431372549019608,4.588235294117647,102,102,True
chg_3m,cement_3m,T0_zero,P1_long_cash,9,procyclical,0.5965852545498423,0.5965852545498423,0.7078464210819713,0.42290394238149037,0.06628070320568868,0.11956858794860706,-0.15672756047731196,0.3333333333333333,4.588235294117647,102,102,True
chg_3m,cement_3m,T0_zero,P1_long_cash,10,procyclical,0.7245021406705049,0.7245021406705049,0.6684156841809207,0.39025335555310614,0.07589522818713523,0.10954590332938662,-0.19447681130010763,0.35294117647058826,4.588235294117647,102,102,True
chg_3m,cement_3m,T0_zero,P1_long_cash,11,procyclical,0.41916710266558443,0.41916710266558443,0.3923358662129206,0.23167890211911568,0.045146759456195173,0.123627166177104,-0.19486780644783686,0.3431372549019608,4.588235294117647,102,102,True
chg_3m,cement_3m,T0_zero,P1_long_cash,12,procyclical,0.6406589592549764,0.6406589592549764,0.593364796594646,0.351320730396975,0.07170049335852924,0.11950409729384455,-0.2040884216468275,0.37254901960784315,4.588235294117647,102,102,True
chg_3m,cement_3m,T0_zero,P1_long_cash,13,procyclical,0.34299564626592405,0.34299564626592405,0.3149619576511085,0.10771877185700077,0.03424867300243584,0.11868569165179538,-0.3179452607192901,0.3333333333333333,4.588235294117647,102,102,True
chg_3m,cement_3m,T0_zero,P1_long_cash,14,procyclical,0.6894460142337585,0.6894460142337585,0.7117873009965843,0.41120064633800923,0.07983516184988404,0.12260685378886008,-0.19415135302160758,0.38235294117647056,4.588235294117647,102,102,True
chg_3m,cement_3m,T_roll_p25,P1_long_cash,2,countercyclical,0.5775821164729757,0.5775821164729757,0.49556530202513843,0.2528957165470842,0.05206642186807797,0.09583460736264234,-0.20588099545127814,0.21568627450980393,4.352941176470588,102,102,True
chg_3m,cement_3m,T_roll_p25,P1_long_cash,3,countercyclical,0.03669741867970714,0.03669741867970714,-0.00925416703946533,-0.004028357591248022,-0.0009295544820387969,0.0931122513893167,-0.2307527226625411,0.19607843137254902,4.470588235294118,102,102,True
chg_3m,cement_3m,T_roll_p25,P1_long_cash,4,countercyclical,0.5596876771094329,0.5596876771094329,0.34107981207665894,0.35778964679317643,0.047868361634493706,0.09113198781653743,-0.13378911900758395,0.2549019607843137,4.352941176470588,102,102,True
chg_3m,cement_3m,T_roll_p25,P1_long_cash,5,countercyclical,0.9737104555743641,0.9737104555743641,0.9359056681946311,1.0283255443800947,0.09054234848765375,0.09367682284086047,-0.08804833156433489,0.24509803921568626,4.352941176470588,102,102,True
chg_3m,cement_3m,T_roll_p25,P1_long_cash,6,countercyclical,0.8946369760433566,0.8946369760433566,1.0788338786213687,0.7245962564371792,0.0696182760348163,0.07884082385797798,-0.09607871337498697,0.24509803921568626,4.352941176470588,102,102,True
chg_3m,cement_3m,T_roll_p25,P1_long_cash,7,countercyclical,0.5145575426573872,0.5145575426573872,0.42995567063793066,0.21007913242117643,0.037893508042989854,0.0782949180872046,-0.18037730642860417,0.20588235294117646,4.352941176470588,102,102,True
chg_3m,cement_3m,T_roll_p25,P1_long_cash,8,countercyclical,0.3457951226847845,0.3457951226847845,0.34083269064347604,0.2109107251433827,0.023768321736492126,0.07628181542516457,-0.11269375571267792,0.20588235294117646,4.352941176470588,102,102,True
chg_3m,cement_3m,T_roll_p25,P1_long_cash,9,countercyclical,0.9832706877862704,0.9832706877862704,0.9795502541758899,0.8624818429124064,0.071808733019874,0.07339536597913213,-0.08325825477947701,0.22549019607843138,4.352941176470588,102,102,True
chg_3m,cement_3m,T_roll_p25,P1_long_cash,10,countercyclical,0.06373337460862033,0.06373337460862033,0.019842980055248895,0.006894359741228309,0.0018130392537551998,0.08451862358886766,-0.26297427488635605,0.19607843137254902,4.352941176470588,102,102,True
chg_3m,cement_3m,T_roll_p25,P1_long_cash,11,countercyclical,0.8964503529969072,0.8964503529969072,0.7209602368263054,0.796968551545055,0.07017175127278663,0.07928349509280327,-0.08804833156433478,0.21568627450980393,4.352941176470588,102,102,True
chg_3m,cement_3m,T_roll_p25,P1_long_cash,12,countercyclical,0.5667799609641587,0.5667799609641587,0.5425577498916121,0.2250901890300871,0.04862794388875491,0.09111135458083257,-0.21603759852125304,0.20588235294117646,4.352941176470588,102,102,True
chg_3m,cement_3m,T_roll_p25,P1_long_cash,13,countercyclical,0.9761117641184126,0.9761117641184126,1.6101631482379228,0.8273155146750342,0.06888084590382815,0.07091296044885514,-0.08325825477947701,0.21568627450980393,4.352941176470588,102,102,True
chg_3m,cement_3m,T_roll_p25,P1_long_cash,14,countercyclical,0.47145849442634447,0.47145849442634447,0.35926759805976,0.18084009923752792,0.03346039512987775,0.0759603718464619,-0.1850275202842515,0.19607843137254902,4.352941176470588,102,102,True
chg_3m,cement_3m,T_roll_p25,P1_long_cash,2,procyclical,0.7165337309857459,0.7165337309857459,0.8401031025775711,0.45775628264968166,0.08887400163057713,0.13121979748959003,-0.19415135302160758,0.4803921568627451,4.352941176470588,102,102,True
chg_3m,cement_3m,T_roll_p25,P1_long_cash,3,procyclical,1.1214014108734733,1.1214014108734733,1.288107819213924,0.7272931343043305,0.14663363319364864,0.13015748485562237,-0.20161558837470184,0.5,4.470588235294118,102,102,True
chg_3m,cement_3m,T_roll_p25,P1_long_cash,4,procyclical,0.7318605400995769,0.7318605400995769,0.9784735044669611,0.46557973668619884,0.09323634218115817,0.13441128529964785,-0.20025859124534784,0.4411764705882353,4.352941176470588,102,102,True
chg_3m,cement_3m,T_roll_p25,P1_long_cash,5,procyclical,0.43785663451897877,0.43785663451897877,0.4621269277179184,0.16629502257997852,0.050456936724476265,0.1328326671241231,-0.30341820182987933,0.45098039215686275,4.352941176470588,102,102,True
chg_3m,cement_3m,T_roll_p25,P1_long_cash,6,procyclical,0.5540843440895423,0.5540843440895423,0.6060789863157711,0.33291778925978394,0.07100617147959865,0.14229214563130127,-0.21328440164604956,0.45098039215686275,4.352941176470588,102,102,True
chg_3m,cement_3m,T_roll_p25,P1_long_cash,7,procyclical,0.7687524307859478,0.7687524307859478,0.8996834783508336,0.5024490357914023,0.10374307757324086,0.14190332466492436,-0.20647482666542727,0.49019607843137253,4.352941176470588,102,102,True
chg_3m,cement_3m,T_roll_p25,P1_long_cash,8,procyclical,0.8642537277234217,0.8642537277234217,0.9792423726515682,0.5401862033639849,0.1189716954882638,0.1423168714894805,-0.22024201052780135,0.49019607843137253,4.352941176470588,102,102,True
chg_3m,cement_3m,T_roll_p25,P1_long_cash,9,procyclical,0.5318023005561454,0.5318023005561454,0.6220861357248629,0.25613687674815355,0.06881735469066674,0.14518224979266325,-0.2686741384698439,0.47058823529411764,4.352941176470588,102,102,True
chg_3m,cement_3m,T_roll_p25,P1_long_cash,10,procyclical,1.0582266972773384,1.0582266972773384,1.2797339844787534,0.7378492749437459,0.1434945742111562,0.13606641157149987,-0.19447681130010774,0.5,4.352941176470588,102,102,True
chg_3m,cement_3m,T_roll_p25,P1_long_cash,11,procyclical,0.5512347850663251,0.5512347850663251,0.6474110593707794,0.34339678593985623,0.07045226469321375,0.14204845446044947,-0.20516285410298807,0.4803921568627451,4.352941176470588,102,102,True
chg_3m,cement_3m,T_roll_p25,P1_long_cash,12,procyclical,0.7269628548055499,0.7269628548055499,0.8181045034432111,0.4753494612011277,0.0924444474676196,0.13444383820643527,-0.19447681130010774,0.49019607843137253,4.352941176470588,102,102,True
chg_3m,cement_3m,T_roll_p25,P1_long_cash,13,procyclical,0.5475293825666244,0.5475293825666244,0.6291543995880287,0.2273881750517172,0.0717450678910645,0.14639724196707693,-0.31551802495774806,0.4803921568627451,4.352941176470588,102,102,True
chg_3m,cement_3m,T_roll_p25,P1_long_cash,14,procyclical,0.7942972234316333,0.7942972234316333,0.9774191283348223,0.5587273645757297,0.108477673802575,0.14297368860091197,-0.1941513530216077,0.5,4.352941176470588,102,102,True
chg_3m,cement_3m,T_roll_p50,P1_long_cash,2,countercyclical,0.3837459729662026,0.3837459729662026,0.3765785091787481,0.17042309526619417,0.041656321682969066,0.1276963559827355,-0.24442885289639604,0.3235294117647059,4.588235294117647,102,102,True
chg_3m,cement_3m,T_roll_p50,P1_long_cash,3,countercyclical,0.35951146405474904,0.35951146405474904,0.40020915920736383,0.185669845233075,0.03871617843312425,0.12847762353197048,-0.20852162818643527,0.3333333333333333,4.705882352941177,102,102,True
chg_3m,cement_3m,T_roll_p50,P1_long_cash,4,countercyclical,0.6042110426176502,0.6042110426176502,0.5953732283594857,0.33666904761850275,0.07001029041025597,0.12520613065457598,-0.20794988700472483,0.37254901960784315,4.588235294117647,102,102,True
chg_3m,cement_3m,T_roll_p50,P1_long_cash,5,countercyclical,0.8341375357907619,0.8341375357907619,0.8162513282256151,0.5343765824593623,0.10374993650754782,0.12866171262014656,-0.19415135302160758,0.4019607843137255,4.588235294117647,102,102,True
chg_3m,cement_3m,T_roll_p50,P1_long_cash,6,countercyclical,0.6238488559530702,0.6238488559530702,0.6796498175669877,0.3495762540716898,0.07535103065809179,0.1302865495703332,-0.21554962552644974,0.37254901960784315,4.588235294117647,102,102,True
chg_3m,cement_3m,T_roll_p50,P1_long_cash,7,countercyclical,0.848490869384538,0.848490869384538,1.009401615603881,0.40015030344450475,0.09353431533845269,0.11315985173100973,-0.2337479555389731,0.37254901960784315,4.705882352941177,102,102,True
chg_3m,cement_3m,T_roll_p50,P1_long_cash,8,countercyclical,0.503098902753316,0.503098902753316,0.5902649270696857,0.39532273536597007,0.051184734159662515,0.11175769826146897,-0.12947581704927302,0.3627450980392157,4.588235294117647,102,102,True
chg_3m,cement_3m,T_roll_p50,P1_long_cash,9,countercyclical,0.8242958564196413,0.8242958564196413,0.7365397037988058,0.687848208053477,0.09131361285027517,0.11432105501157351,-0.1327525634015695,0.39215686274509803,4.588235294117647,102,102,True
chg_3m,cement_3m,T_roll_p50,P1_long_cash,10,countercyclical,0.6279434732048075,0.6279434732048075,0.7399151436356017,0.3402677781045554,0.07229579017131593,0.12338512993007231,-0.21246734138047396,0.3627450980392157,4.588235294117647,102,102,True
chg_3m,cement_3m,T_roll_p50,P1_long_cash,11,countercyclical,0.8881600712371459,0.8881600712371459,0.9408632999819602,0.4723831605628029,0.09892695971705945,0.11384824615917466,-0.20942101238155209,0.37254901960784315,4.588235294117647,102,102,True
chg_3m,cement_3m,T_roll_p50,P1_long_cash,12,countercyclical,0.6889089520716384,0.6889089520716384,0.8315019319851149,0.36974503313725726,0.07479195058673493,0.11430187451368994,-0.2022797979248867,0.3431372549019608,4.588235294117647,102,102,True
chg_3m,cement_3m,T_roll_p50,P1_long_cash,13,countercyclical,1.02500321102833,1.02500321102833,1.1033026096601382,0.9153648083179804,0.11430265423230246,0.11210930439726002,-0.12487114775838737,0.38235294117647056,4.588235294117647,102,102,True
chg_3m,cement_3m,T_roll_p50,P1_long_cash,14,countercyclical,0.6421509329273757,0.6421509329273757,0.7585505393075199,0.2279928164780126,0.0693965798970011,0.11482433723159761,-0.3043805544798541,0.3333333333333333,4.588235294117647,102,102,True
chg_3m,cement_3m,T_roll_p50,P1_long_cash,2,procyclical,1.0013061016485996,1.0013061016485996,1.0175278574800466,1.136456773479934,0.0997559856496637,0.10024187797336843,-0.08777807302270002,0.37254901960784315,4.588235294117647,102,102,True
chg_3m,cement_3m,T_roll_p50,P1_long_cash,3,procyclical,1.041140441820133,1.041140441820133,0.7665270747584836,0.8238004316956938,0.10286890542969629,0.09910919194689628,-0.12487114775838737,0.3627450980392157,4.705882352941177,102,102,True
chg_3m,cement_3m,T_roll_p50,P1_long_cash,4,procyclical,0.7097757551918762,0.7097757551918762,0.7525859858247858,0.545382094181084,0.07061379224813935,0.10387060862825355,-0.1294758170492729,0.3235294117647059,4.588235294117647,102,102,True
chg_3m,cement_3m,T_roll_p50,P1_long_cash,5,procyclical,0.4262767639588132,0.4262767639588132,0.4441829072412608,0.1896928776939512,0.037887058354383996,0.09865469119202708,-0.1997284179299058,0.29411764705882354,4.588235294117647,102,102,True
chg_3m,cement_3m,T_roll_p50,P1_long_cash,6,procyclical,0.6992483057462711,0.6992483057462711,0.6793388542744041,0.698594506459413,0.06529657953607382,0.0973855080822545,-0.09346849843839622,0.3235294117647059,4.588235294117647,102,102,True
chg_3m,cement_3m,T_roll_p50,P1_long_cash,7,procyclical,0.45783124136940184,0.45783124136940184,0.39724672670079697,0.1994182310747203,0.0475828318255378,0.11655094853729644,-0.23860823340524429,0.3235294117647059,4.705882352941177,102,102,True
chg_3m,cement_3m,T_roll_p50,P1_long_cash,8,procyclical,0.7895627223938706,0.7895627223938706,0.694989680921018,0.6484280105329341,0.08978730144558855,0.11797744297536947,-0.13846919008294167,0.3333333333333333,4.588235294117647,102,102,True
chg_3m,cement_3m,T_roll_p50,P1_long_cash,9,procyclical,0.47755836948133423,0.47755836948133423,0.5309277433075223,0.24212768192635478,0.049714547011542765,0.11546524572191562,-0.20532368135694568,0.30392156862745096,4.588235294117647,102,102,True
chg_3m,cement_3m,T_roll_p50,P1_long_cash,10,procyclical,0.6781326473718085,0.6781326473718085,0.581422012721715,0.35136259718574425,0.06833187751080771,0.10602185232463182,-0.19447681130010763,0.3333333333333333,4.588235294117647,102,102,True
chg_3m,cement_3m,T_roll_p50,P1_long_cash,11,procyclical,0.41711011351800886,0.41711011351800886,0.38240121261721377,0.21860338454331654,0.042442142884187684,0.11570158201220698,-0.19415135302160758,0.3235294117647059,4.588235294117647,102,102,True
chg_3m,cement_3m,T_roll_p50,P1_long_cash,12,procyclical,0.6102112987248288,0.6102112987248288,0.5268551208682712,0.32265779616474394,0.06585072035130635,0.11575036709879517,-0.2040884216468274,0.35294117647058826,4.588235294117647,102,102,True
chg_3m,cement_3m,T_roll_p50,P1_long_cash,13,procyclical,0.29524971138578904,0.29524971138578904,0.2537382059599516,0.0882479420636861,0.028058014947379473,0.11672617484088203,-0.31794526071928997,0.3137254901960784,4.588235294117647,102,102,True
chg_3m,cement_3m,T_roll_p50,P1_long_cash,14,procyclical,0.6563601654576326,0.6563601654576326,0.6054967358353983,0.36686945618769223,0.07122820130114182,0.11524345188971727,-0.19415135302160758,0.3627450980392157,4.588235294117647,102,102,True
chg_6m,cement_6m,T0_zero,P1_long_cash,2,countercyclical,0.8451951048118315,0.8451951048118315,0.9200566892592602,0.8387349895974506,0.11134421988365029,0.13631917320151793,-0.1327525634015695,0.38235294117647056,4.235294117647059,102,102,True
chg_6m,cement_6m,T0_zero,P1_long_cash,3,countercyclical,0.5223047807633898,0.5223047807633898,0.5984546439265936,0.23403237853143632,0.05758736431875855,0.12140854255547018,-0.2460657994424611,0.3627450980392157,4.352941176470588,102,102,True
chg_6m,cement_6m,T0_zero,P1_long_cash,4,countercyclical,0.6405651825903858,0.6405651825903858,0.5884474019206716,0.2922368043061549,0.06982155342443308,0.11616019135043204,-0.23892115023022975,0.37254901960784315,4.470588235294118,102,102,True
chg_6m,cement_6m,T0_zero,P1_long_cash,5,countercyclical,1.0002071800374814,1.0002071800374814,1.3627644057190853,0.9124737090905379,0.1139261826963982,0.11479615760205777,-0.12485420846804274,0.4019607843137255,4.470588235294118,102,102,True
chg_6m,cement_6m,T0_zero,P1_long_cash,6,countercyclical,0.7885627856334998,0.7885627856334998,0.8096383971775142,0.6246779214928387,0.08715726970533999,0.1146540861969114,-0.1395235315777671,0.37254901960784315,4.588235294117647,102,102,True
chg_6m,cement_6m,T0_zero,P1_long_cash,7,countercyclical,0.5974887583432761,0.5974887583432761,0.7339391580232092,0.19733207045466802,0.06270104148222355,0.11241881717782316,-0.3177437977403045,0.3627450980392157,4.588235294117647,102,102,True
chg_6m,cement_6m,T0_zero,P1_long_cash,8,countercyclical,0.6833399275731545,0.6833399275731545,0.7864876794625377,0.3297044445987494,0.06723187361228256,0.10321648840290377,-0.20391558170865365,0.37254901960784315,4.588235294117647,102,102,True
chg_6m,cement_6m,T0_zero,P1_long_cash,9,countercyclical,0.8391229672898451,0.8391229672898451,1.0332202776195227,0.4322798047692422,0.08992734833213878,0.11004723413049505,-0.20803041766002328,0.37254901960784315,4.705882352941177,102,102,True
chg_6m,cement_6m,T0_zero,P1_long_cash,10,countercyclical,0.8350411347579623,0.8350411347579623,0.936733669119192,0.635763017902164,0.08706396955439466,0.10706477571575619,-0.13694406107747636,0.37254901960784315,4.588235294117647,102,102,True
chg_6m,cement_6m,T0_zero,P1_long_cash,11,countercyclical,0.34402063889735934,0.34402063889735934,0.3059526843256933,0.0977594660323969,0.0323306404866186,0.11028410928172658,-0.33071621397670503,0.3333333333333333,4.588235294117647,102,102,True
chg_6m,cement_6m,T0_zero,P1_long_cash,12,countercyclical,0.5480492020314507,0.5480492020314507,0.6104316333946158,0.2613242027746056,0.061579615726544246,0.12292722218320801,-0.23564451770147443,0.3627450980392157,4.588235294117647,102,102,True
chg_6m,cement_6m,T0_zero,P1_long_cash,13,countercyclical,0.7253345557917612,0.7253345557917612,0.7060686205369365,0.5169618773061799,0.08119801202684096,0.1174549547306944,-0.15706769800889975,0.37254901960784315,4.588235294117647,102,102,True
chg_6m,cement_6m,T0_zero,P1_long_cash,14,countercyclical,0.6476128088804625,0.6476128088804625,0.7552294805702898,0.36149674716214186,0.07605344770604394,0.12546219906428635,-0.2103848742847242,0.35294117647058826,4.705882352941177,102,102,True
chg_6m,cement_6m,T0_zero,P1_long_cash,2,procyclical,0.39166985171790586,0.39166985171790586,0.3467301054247246,0.1884286887318856,0.030794738717937253,0.08721495513258247,-0.1634291408871128,0.3137254901960784,4.235294117647059,102,102,True
chg_6m,cement_6m,T0_zero,P1_long_cash,3,procyclical,0.7945834607678669,0.7945834607678669,0.68156408392321,0.6643242790636794,0.08318973298113375,0.10818687836891407,-0.12522458624933008,0.3333333333333333,4.352941176470588,102,102,True
chg_6m,cement_6m,T0_zero,P1_long_cash,4,procyclical,0.6582024946480611,0.6582024946480611,0.759970890687772,0.3687978795673723,0.07080266900004473,0.11389745990592583,-0.19198231042733105,0.3235294117647059,4.470588235294118,102,102,True
chg_6m,cement_6m,T0_zero,P1_long_cash,5,procyclical,0.3028814521825971,0.3028814521825971,0.22730465181595721,0.10351110875323094,0.02840546578020664,0.11409026568968143,-0.27441949103187446,0.29411764705882354,4.470588235294118,102,102,True
chg_6m,cement_6m,T0_zero,P1_long_cash,6,procyclical,0.5116918523185872,0.5116918523185872,0.491926291768898,0.2358687665789042,0.05372774177479256,0.1152330656886636,-0.22778658893278791,0.3235294117647059,4.588235294117647,102,102,True
chg_6m,cement_6m,T0_zero,P1_long_cash,7,procyclical,0.6993263898924339,0.6993263898924339,0.6066477526757347,0.40096021982704155,0.07797746501015324,0.11755138676938642,-0.19447681130010763,0.3333333333333333,4.588235294117647,102,102,True
chg_6m,cement_6m,T0_zero,P1_long_cash,8,procyclical,0.6270635406275542,0.6270635406275542,0.5930298983375921,0.3774281005325565,0.07340101348662809,0.12573497517935808,-0.19447681130010774,0.3235294117647059,4.588235294117647,102,102,True
chg_6m,cement_6m,T0_zero,P1_long_cash,9,procyclical,0.4768809973735212,0.4768809973735212,0.41640636462830716,0.24688010903941038,0.051049665387020715,0.1195950459229327,-0.20677917546962632,0.3235294117647059,4.705882352941177,102,102,True
chg_6m,cement_6m,T0_zero,P1_long_cash,10,procyclical,0.4902189694065015,0.4902189694065015,0.4525213373002777,0.21704054925518232,0.05381818075549294,0.12233772734783611,-0.24796371433900577,0.3235294117647059,4.588235294117647,102,102,True
chg_6m,cement_6m,T0_zero,P1_long_cash,11,procyclical,0.9392596180885278,0.9392596180885278,0.9749615640777746,0.5649755203139355,0.10969076169303738,0.11864212465317833,-0.1941513530216077,0.3627450980392157,4.588235294117647,102,102,True
chg_6m,cement_6m,T0_zero,P1_long_cash,12,procyclical,0.7698878972116834,0.7698878972116834,0.6857874644877365,0.5656367895714446,0.0791162130375227,0.10651628723848329,-0.13987105240708475,0.3333333333333333,4.588235294117647,102,102,True
chg_6m,cement_6m,T0_zero,P1_long_cash,13,procyclical,0.5706084458704075,0.5706084458704075,0.6008582521660418,0.26845437325057137,0.05953559109228013,0.11247928325569931,-0.22177173115637971,0.3235294117647059,4.588235294117647,102,102,True
chg_6m,cement_6m,T0_zero,P1_long_cash,14,procyclical,0.6580399139442032,0.6580399139442032,0.542036009677665,0.38264254649494306,0.06460118426534067,0.10352691050852549,-0.16882906738180625,0.3431372549019608,4.705882352941177,102,102,True
chg_6m,cement_6m,T_roll_p25,P1_long_cash,2,countercyclical,0.37134350803343874,0.37134350803343874,0.26840571950457803,0.20210645808286848,0.036996908284074426,0.11590727284087698,-0.18305653681241996,0.19607843137254902,4.0,102,102,True
chg_6m,cement_6m,T_roll_p25,P1_long_cash,3,countercyclical,0.7256604492603071,0.7256604492603071,0.671680840107817,0.7124215823958768,0.06517554136959713,0.0930303933305084,-0.0914845127942524,0.22549019607843138,4.0,102,102,True
chg_6m,cement_6m,T_roll_p25,P1_long_cash,4,countercyclical,0.7103207645983804,0.7103207645983804,0.652164898981266,0.3285201003718521,0.05629500942916743,0.08191111455273713,-0.17135940651864856,0.22549019607843138,3.8823529411764706,102,102,True
chg_6m,cement_6m,T_roll_p25,P1_long_cash,5,countercyclical,0.9109405055297124,0.9109405055297124,1.0750154847773066,0.8672474302587831,0.07052602904719807,0.07829913419316124,-0.08132169273324152,0.22549019607843138,3.8823529411764706,102,102,True
chg_6m,cement_6m,T_roll_p25,P1_long_cash,6,countercyclical,1.1445489422694697,1.1445489422694697,1.1931841942254022,1.3292454993582816,0.0847677907554738,0.07362817745768521,-0.0637713581098428,0.22549019607843138,3.8823529411764706,102,102,True
chg_6m,cement_6m,T_roll_p25,P1_long_cash,7,countercyclical,0.24479004507142169,0.24479004507142169,0.18781120442519147,0.08701423767527222,0.016962961052805037,0.08274139902492118,-0.19494466085089412,0.18627450980392157,3.8823529411764706,102,102,True
chg_6m,cement_6m,T_roll_p25,P1_long_cash,8,countercyclical,0.24230748600703378,0.24230748600703378,0.23271189851347943,0.10834480608857354,0.01554190977797254,0.07514151202981553,-0.14344859102213714,0.16666666666666666,3.764705882352941,102,102,True
chg_6m,cement_6m,T_roll_p25,P1_long_cash,9,countercyclical,0.7423447323910005,0.7423447323910005,0.6960485004320828,0.4933942442254337,0.05757812825434816,0.07972028309897228,-0.1166980136639788,0.19607843137254902,3.8823529411764706,102,102,True
chg_6m,cement_6m,T_roll_p25,P1_long_cash,10,countercyclical,0.5602129561404445,0.5602129561404445,0.44382495599255906,0.2951857257003999,0.04506360650870689,0.08513303115978112,-0.15266187550831778,0.18627450980392157,4.0,102,102,True
chg_6m,cement_6m,T_roll_p25,P1_long_cash,11,countercyclical,0.6185267531803063,0.6185267531803063,0.5038775483188954,0.27240901160867886,0.046619850015322095,0.07870885458318724,-0.17113916217387282,0.17647058823529413,4.0,102,102,True
chg_6m,cement_6m,T_roll_p25,P1_long_cash,12,countercyclical,0.023887618606228903,0.023887618606228903,-0.01424551288948615,-0.004698640480946958,-0.00140641303283906,0.0818234818272198,-0.2993233975959815,0.17647058823529413,4.117647058823529,102,102,True
chg_6m,cement_6m,T_roll_p25,P1_long_cash,13,countercyclical,0.627380852881121,0.627380852881121,0.39047218772550885,0.4456251391826792,0.055803223676451186,0.0937350088413451,-0.1252245862493302,0.20588235294117646,4.117647058823529,102,102,True
chg_6m,cement_6m,T_roll_p25,P1_long_cash,14,countercyclical,0.8002546897904634,0.8002546897904634,0.6623934171937629,0.8391587124726624,0.07365225732930591,0.09447673904782322,-0.08776916241777721,0.21568627450980393,4.235294117647059,102,102,True
chg_6m,cement_6m,T_roll_p25,P1_long_cash,2,procyclical,0.9375757133001054,0.9375757133001054,1.288825570184942,0.8524150702794779,0.10469738685743568,0.11341415057423228,-0.1228244202945743,0.5,4.0,102,102,True
chg_6m,cement_6m,T_roll_p25,P1_long_cash,3,procyclical,0.6135781072687705,0.6135781072687705,0.6751642602659107,0.30545627384563206,0.07547322508709886,0.13342602748917956,-0.24708356497938766,0.47058823529411764,4.0,102,102,True
chg_6m,cement_6m,T_roll_p25,P1_long_cash,4,procyclical,0.6495464192975531,0.6495464192975531,0.7391322113100786,0.3053043914564132,0.08451499300345411,0.14039427852853892,-0.2768220679705483,0.47058823529411764,3.8823529411764706,102,102,True
chg_6m,cement_6m,T_roll_p25,P1_long_cash,5,procyclical,0.5473558936869527,0.5473558936869527,0.6024140535135266,0.2418940223770935,0.0700980113302323,0.14259445169409882,-0.2897881090296439,0.47058823529411764,3.8823529411764706,102,102,True
chg_6m,cement_6m,T_roll_p25,P1_long_cash,6,procyclical,0.4489524569371123,0.4489524569371123,0.503515354264539,0.22143698607908574,0.056048847065084395,0.14501471768307705,-0.2531142066983637,0.47058823529411764,3.8823529411764706,102,102,True
chg_6m,cement_6m,T_roll_p25,P1_long_cash,7,procyclical,0.9337779013407108,0.9337779013407108,1.1221295390561818,0.6502558437916774,0.12645968302986632,0.1382785943470145,-0.19447681130010763,0.5098039215686274,3.8823529411764706,102,102,True
chg_6m,cement_6m,T_roll_p25,P1_long_cash,8,procyclical,0.9210155010720337,0.9210155010720337,1.0478243108784935,0.6142699188895948,0.12803594192494905,0.14241716387931985,-0.20843596273833076,0.5294117647058824,3.764705882352941,102,102,True
chg_6m,cement_6m,T_roll_p25,P1_long_cash,9,procyclical,0.6366671660640383,0.6366671660640383,0.7461159566697471,0.402357696457644,0.08319919271736986,0.14166873840949412,-0.20677917546962643,0.5,3.8823529411764706,102,102,True
chg_6m,cement_6m,T_roll_p25,P1_long_cash,10,procyclical,0.7358392579042988,0.7358392579042988,0.8764191136799216,0.2926186515840325,0.09617038391348154,0.1381866192688086,-0.32865431985583426,0.5098039215686274,4.0,102,102,True
chg_6m,cement_6m,T_roll_p25,P1_long_cash,11,procyclical,0.7092245777544111,0.7092245777544111,0.8728632845035875,0.4354991820788719,0.09454046256039028,0.14197510536538316,-0.21708528155919327,0.5196078431372549,4.0,102,102,True
chg_6m,cement_6m,T_roll_p25,P1_long_cash,12,procyclical,1.0728897711298735,1.0728897711298735,1.3085543290139359,0.9029959655204457,0.14718118533073388,0.13740572635351733,-0.16299207410733596,0.5196078431372549,4.117647058823529,102,102,True
chg_6m,cement_6m,T_roll_p25,P1_long_cash,13,procyclical,0.6819645310023835,0.6819645310023835,0.9253547355935341,0.4484777018513131,0.08502015249738792,0.13280487843181174,-0.18957498253854155,0.49019607843137253,4.117647058823529,102,102,True
chg_6m,cement_6m,T_roll_p25,P1_long_cash,14,procyclical,0.5570174856403526,0.5570174856403526,0.6256597242510648,0.25366098602626125,0.06698213219449656,0.13243805594782032,-0.2640616250997383,0.4803921568627451,4.235294117647059,102,102,True
chg_6m,cement_6m,T_roll_p50,P1_long_cash,2,countercyclical,0.9042881389757637,0.9042881389757637,1.0040008685194286,0.9152595354656281,0.12150304951079183,0.1377829049822345,-0.1327525634015695,0.4019607843137255,4.470588235294118,102,102,True
chg_6m,cement_6m,T_roll_p50,P1_long_cash,3,countercyclical,0.4960277643242866,0.4960277643242866,0.5821255527539465,0.22183942861883982,0.0545870963509536,0.1223067169626709,-0.2460657994424611,0.37254901960784315,4.588235294117647,102,102,True
chg_6m,cement_6m,T_roll_p50,P1_long_cash,4,countercyclical,0.6193489418952628,0.6193489418952628,0.5823121239156913,0.28229398183623927,0.06744600284338587,0.11661401126443417,-0.23892115023022975,0.38235294117647056,4.705882352941177,102,102,True
chg_6m,cement_6m,T_roll_p50,P1_long_cash,5,countercyclical,1.086626331793594,1.086626331793594,1.5579408230014444,1.0431590635488992,0.1302427991856625,0.1196689195950279,-0.12485420846804274,0.4215686274509804,4.705882352941177,102,102,True
chg_6m,cement_6m,T_roll_p50,P1_long_cash,6,countercyclical,0.8267252137790503,0.8267252137790503,0.8564295526968566,0.6607797193768914,0.09219432004242978,0.115048836496194,-0.1395235315777671,0.39215686274509803,4.823529411764706,102,102,True
chg_6m,cement_6m,T_roll_p50,P1_long_cash,7,countercyclical,0.6067787303094659,0.6067787303094659,0.7338915203169002,0.20115353515473985,0.06391528818895487,0.1126286160408844,-0.31774379774030437,0.37254901960784315,4.823529411764706,102,102,True
chg_6m,cement_6m,T_roll_p50,P1_long_cash,8,countercyclical,0.7390177505251945,0.7390177505251945,0.8612017858722572,0.3610254348707681,0.07361871156329225,0.10361782613389266,-0.20391558170865343,0.39215686274509803,4.823529411764706,102,102,True
chg_6m,cement_6m,T_roll_p50,P1_long_cash,9,countercyclical,0.912447517669191,0.912447517669191,1.143470862212924,0.47840656226333045,0.09952311695893656,0.1109984174051589,-0.20803041766002328,0.39215686274509803,4.9411764705882355,102,102,True
chg_6m,cement_6m,T_roll_p50,P1_long_cash,10,countercyclical,0.8975473107135904,0.8975473107135904,1.024592979749016,0.695393308045727,0.09522998364988222,0.10813366579987832,-0.13694406107747614,0.39215686274509803,4.823529411764706,102,102,True
chg_6m,cement_6m,T_roll_p50,P1_long_cash,11,countercyclical,0.4056700605051118,0.4056700605051118,0.37674475234637467,0.1203792864281017,0.03981138184871913,0.11177303334997947,-0.3307162139767049,0.35294117647058826,4.823529411764706,102,102,True
chg_6m,cement_6m,T_roll_p50,P1_long_cash,12,countercyclical,0.5306012649947219,0.5306012649947219,0.608108766754545,0.25345618016135696,0.059725559332580946,0.12388020379984209,-0.23564451770147432,0.37254901960784315,4.823529411764706,102,102,True
chg_6m,cement_6m,T_roll_p50,P1_long_cash,13,countercyclical,0.7180471166332857,0.7180471166332857,0.7199417736777405,0.4480738286828965,0.0807307835367328,0.11815578698350454,-0.18017295001147293,0.38235294117647056,4.823529411764706,102,102,True
chg_6m,cement_6m,T_roll_p50,P1_long_cash,14,countercyclical,0.6792703549588185,0.6792703549588185,0.7986634681315989,0.3822867793624708,0.08042735601688555,0.12566440982966087,-0.2103848742847243,0.37254901960784315,4.9411764705882355,102,102,True
chg_6m,cement_6m,T_roll_p50,P1_long_cash,2,procyclical,0.29486868799490096,0.29486868799490096,0.24159919163649382,0.1312958354827116,0.021457565594995343,0.0840384913899394,-0.16342914088711347,0.29411764705882354,4.470588235294118,102,102,True
chg_6m,cement_6m,T_roll_p50,P1_long_cash,3,procyclical,0.8281519474784725,0.8281519474784725,0.6767770080040363,0.688933197205837,0.08627137457352907,0.10711589741416451,-0.12522458624933008,0.3235294117647059,4.588235294117647,102,102,True
chg_6m,cement_6m,T_roll_p50,P1_long_cash,4,procyclical,0.680174015354684,0.680174015354684,0.7749955230705482,0.381210589246087,0.07318568968282801,0.11342832892441616,-0.19198231042733094,0.3137254901960784,4.705882352941177,102,102,True
chg_6m,cement_6m,T_roll_p50,P1_long_cash,5,procyclical,0.17934235330188625,0.17934235330188625,0.10850117737717385,0.0494097990587353,0.013559011909685337,0.10784049021860587,-0.2744194910318746,0.27450980392156865,4.705882352941177,102,102,True
chg_6m,cement_6m,T_roll_p50,P1_long_cash,6,procyclical,0.4730184737590748,0.4730184737590748,0.44743180119247306,0.21453455292246396,0.04886809401842873,0.11471431981866342,-0.22778658893278791,0.30392156862745096,4.823529411764706,102,102,True
chg_6m,cement_6m,T_roll_p50,P1_long_cash,7,procyclical,0.690471279184525,0.690471279184525,0.5941905254889362,0.3946340369602941,0.07674716913852686,0.11736203985803317,-0.19447681130010774,0.3235294117647059,4.823529411764706,102,102,True
chg_6m,cement_6m,T_roll_p50,P1_long_cash,8,procyclical,0.5804819459882713,0.5804819459882713,0.5414390868395649,0.344593631236459,0.0670154705971917,0.1254136397275178,-0.19447681130010763,0.30392156862745096,4.823529411764706,102,102,True
chg_6m,cement_6m,T_roll_p50,P1_long_cash,9,procyclical,0.40610222766329435,0.40610222766329435,0.34158543488982923,0.20252007792232155,0.041876934728822146,0.11843209104386486,-0.20677917546962643,0.30392156862745096,4.9411764705882355,102,102,True
chg_6m,cement_6m,T_roll_p50,P1_long_cash,10,procyclical,0.4316991479882619,0.4316991479882619,0.38645495346464437,0.18535345949155715,0.04596093228111098,0.12119710157829926,-0.24796371433900588,0.30392156862745096,4.823529411764706,102,102,True
chg_6m,cement_6m,T_roll_p50,P1_long_cash,11,procyclical,0.8846990637356366,0.8846990637356366,0.9040022373921667,0.5238556608318344,0.10170728533852902,0.11759116459904193,-0.19415135302160758,0.3431372549019608,4.823529411764706,102,102,True
chg_6m,cement_6m,T_roll_p50,P1_long_cash,12,procyclical,0.793705629110463,0.793705629110463,0.6747931503544465,0.5791348045462681,0.08100419459745778,0.10538513337246372,-0.13987105240708464,0.3235294117647059,4.823529411764706,102,102,True
chg_6m,cement_6m,T_roll_p50,P1_long_cash,13,procyclical,0.5774971041396421,0.5774971041396421,0.5915772296367093,0.2705198540296893,0.05999365634033538,0.11174834264387006,-0.22177173115637983,0.3137254901960784,4.823529411764706,102,102,True
chg_6m,cement_6m,T_roll_p50,P1_long_cash,14,procyclical,0.6201646993042297,0.6201646993042297,0.5058743205928471,0.3571147207602622,0.06029134525426927,0.10322364079641637,-0.16882906738180636,0.3235294117647059,4.9411764705882355,102,102,True
yoy_zscore_60m,cement_yoy_zscore_60m,T_z_0,P1_long_cash,2,countercyclical,0.5779445126309902,0.5779445126309902,0.6439619056131074,0.34170314042721983,0.0696785946518903,0.13185333898503243,-0.20391558170865365,0.4117647058823529,3.5294117647058822,102,102,True
yoy_zscore_60m,cement_yoy_zscore_60m,T_z_0,P1_long_cash,3,countercyclical,1.1149016319239005,1.1149016319239005,1.5215480815851665,0.7148876054406101,0.1441324851926904,0.12868924303106608,-0.20161558837470195,0.4411764705882353,3.5294117647058822,102,102,True
yoy_zscore_60m,cement_yoy_zscore_60m,T_z_0,P1_long_cash,4,countercyclical,1.1597500139738717,1.1597500139738717,1.6886120574150811,1.0297217518330775,0.13372359867563932,0.11428467704327747,-0.12986381849037265,0.46078431372549017,3.5294117647058822,102,102,True
yoy_zscore_60m,cement_yoy_zscore_60m,T_z_0,P1_long_cash,5,countercyclical,0.6851708907112742,0.6851708907112742,0.7766762213269592,0.20211652718090053,0.0694393221419134,0.10650692480251575,-0.3435608315185579,0.43137254901960786,3.5294117647058822,102,102,True
yoy_zscore_60m,cement_yoy_zscore_60m,T_z_0,P1_long_cash,6,countercyclical,0.7882630208954798,0.7882630208954798,0.929505225087092,0.4459281085711179,0.09226793423896784,0.12165664231099967,-0.20691212880619003,0.4411764705882353,3.411764705882353,102,102,True
yoy_zscore_60m,cement_yoy_zscore_60m,T_z_0,P1_long_cash,7,countercyclical,0.9825084523940574,0.9825084523940574,1.3765941986800792,0.564858376448381,0.11762458950690657,0.12102306432357939,-0.20823731117609723,0.45098039215686275,3.411764705882353,102,102,True
yoy_zscore_60m,cement_yoy_zscore_60m,T_z_0,P1_long_cash,8,countercyclical,0.4401254508768149,0.4401254508768149,0.5149118534561401,0.19197708928450374,0.04669998693422661,0.12028154604972396,-0.24325812579134776,0.4215686274509804,3.5294117647058822,102,102,True
yoy_zscore_60m,cement_yoy_zscore_60m,T_z_0,P1_long_cash,9,countercyclical,0.3088184205641478,0.3088184205641478,0.2708383660152467,0.09971670909199594,0.03161898325028378,0.1272629118462683,-0.31708811430101413,0.4215686274509804,3.6470588235294117,102,102,True
yoy_zscore_60m,cement_yoy_zscore_60m,T_z_0,P1_long_cash,10,countercyclical,0.6775704100525263,0.6775704100525263,0.7200182642983771,0.40471337005797753,0.0881278223931472,0.13930413604616745,-0.2177536718901142,0.45098039215686275,3.764705882352941,102,102,True
yoy_zscore_60m,cement_yoy_zscore_60m,T_z_0,P1_long_cash,11,countercyclical,0.6523660228628559,0.6523660228628559,0.742722763487829,0.3591226444555143,0.08152876403381204,0.13429684997885952,-0.22702206416814041,0.45098039215686275,3.764705882352941,102,102,True
yoy_zscore_60m,cement_yoy_zscore_60m,T_z_0,P1_long_cash,12,countercyclical,0.6927067655480078,0.6927067655480078,0.7585302786124051,0.32423923104312496,0.0865173298816575,0.13289939095745087,-0.2668317760417782,0.47058823529411764,3.8823529411764706,102,102,True
yoy_zscore_60m,cement_yoy_zscore_60m,T_z_0,P1_long_cash,13,countercyclical,1.0374962338782494,1.0374962338782494,1.5058627403240206,0.7290956707243443,0.12597282362863416,0.12194608003424441,-0.17277955237819786,0.4803921568627451,3.8823529411764706,102,102,True
yoy_zscore_60m,cement_yoy_zscore_60m,T_z_0,P1_long_cash,14,countercyclical,0.8304504134173156,0.8304504134173156,1.0585360977315321,0.4839659492676564,0.09885784969408795,0.12298605421177071,-0.20426612625057805,0.46078431372549017,3.8823529411764706,102,102,True
yoy_zscore_60m,cement_yoy_zscore_60m,T_z_0,P1_long_cash,2,procyclical,0.7678876194967905,0.7678876194967905,0.6787423138679485,0.7784545345180642,0.07094577800116086,0.0952897934931663,-0.09113670080306346,0.28431372549019607,3.5294117647058822,102,102,True
yoy_zscore_60m,cement_yoy_zscore_60m,T_z_0,P1_long_cash,3,procyclical,0.06181918195608969,0.06181918195608969,0.010465705357300105,0.00518332438821046,0.0012544784686581156,0.09543832793007959,-0.24202198718479662,0.2549019607843137,3.5294117647058822,102,102,True
yoy_zscore_60m,cement_yoy_zscore_60m,T_z_0,P1_long_cash,4,procyclical,0.14855340923678467,0.14855340923678467,0.08205123094084632,0.053719237997085806,0.010447146111144834,0.11332025777684185,-0.19447681130010774,0.23529411764705882,3.5294117647058822,102,102,True
yoy_zscore_60m,cement_yoy_zscore_60m,T_z_0,P1_long_cash,5,procyclical,0.6212924640805726,0.6212924640805726,0.5484516431520174,0.3018453780719428,0.07118538756015691,0.12296998001655328,-0.23583394920557754,0.2647058823529412,3.5294117647058822,102,102,True
yoy_zscore_60m,cement_yoy_zscore_60m,T_z_0,P1_long_cash,6,procyclical,0.49675275344575925,0.49675275344575925,0.41180909761779316,0.23464376787417732,0.04879740478587369,0.10765583819164769,-0.20796377942601163,0.2549019607843137,3.411764705882353,102,102,True
yoy_zscore_60m,cement_yoy_zscore_60m,T_z_0,P1_long_cash,7,procyclical,0.2842520890450365,0.2842520890450365,0.19138256507975762,0.11683464954564254,0.025002299981677023,0.10719211561856824,-0.2139973037014986,0.24509803921568626,3.411764705882353,102,102,True
yoy_zscore_60m,cement_yoy_zscore_60m,T_z_0,P1_long_cash,8,procyclical,0.8833457823128799,0.8833457823128799,0.7147298911754897,0.7564330479749631,0.09445666290300903,0.10917219357348858,-0.12487114775838748,0.27450980392156865,3.5294117647058822,102,102,True
yoy_zscore_60m,cement_yoy_zscore_60m,T_z_0,P1_long_cash,9,procyclical,1.0975016747504511,1.0975016747504511,1.4245567561047696,1.4573983676037803,0.11045627635831123,0.1002956419347162,-0.07579003710558618,0.27450980392156865,3.6470588235294117,102,102,True
yoy_zscore_60m,cement_yoy_zscore_60m,T_z_0,P1_long_cash,10,procyclical,0.6574663042166272,0.6574663042166272,0.7507276436253556,0.3544403864391949,0.05278787214647318,0.08363532167475048,-0.1489330058484435,0.24509803921568626,3.764705882352941,102,102,True
yoy_zscore_60m,cement_yoy_zscore_60m,T_z_0,P1_long_cash,11,procyclical,0.6738286061473864,0.6738286061473864,0.6553065324249412,0.3426217496102562,0.059211565014689604,0.09166287088300533,-0.1728190492344539,0.24509803921568626,3.764705882352941,102,102,True
yoy_zscore_60m,cement_yoy_zscore_60m,T_z_0,P1_long_cash,12,procyclical,0.6126304294623135,0.6126304294623135,0.6283569215398881,0.47316100228754665,0.054348369100961635,0.09355633742050586,-0.11486231713562345,0.22549019607843138,3.8823529411764706,102,102,True
yoy_zscore_60m,cement_yoy_zscore_60m,T_z_0,P1_long_cash,13,procyclical,0.21653340060343743,0.21653340060343743,0.13156159250541952,0.07289694200379368,0.01740268567839398,0.10555954689132856,-0.23872998235630127,0.21568627450980393,3.8823529411764706,102,102,True
yoy_zscore_60m,cement_yoy_zscore_60m,T_z_0,P1_long_cash,14,procyclical,0.44612613750039576,0.44612613750039576,0.32321504460707623,0.2189410689925167,0.04250770477689425,0.10589369886786844,-0.19415135302160758,0.23529411764705882,3.8823529411764706,102,102,True
yoy_zscore_60m,cement_yoy_zscore_60m,T_z_1.0,P1_long_cash,2,countercyclical,0.8281179355375293,0.8281179355375293,1.0909505426214356,0.49885781386069117,0.11936257067669431,0.15032617651258492,-0.23927172705372712,0.5490196078431373,2.1176470588235294,102,102,True
yoy_zscore_60m,cement_yoy_zscore_60m,T_z_1.0,P1_long_cash,3,countercyclical,1.0071699958019997,1.0071699958019997,1.510178599386018,0.6048825884350566,0.14473130159958503,0.14529405917856053,-0.23927172705372746,0.5686274509803921,2.1176470588235294,102,102,True
yoy_zscore_60m,cement_yoy_zscore_60m,T_z_1.0,P1_long_cash,4,countercyclical,0.8258185804953332,0.8258185804953332,1.0950389930213393,0.4690865123453918,0.11223913994649148,0.14144407470940515,-0.23927172705372735,0.5686274509803921,2.1176470588235294,102,102,True
yoy_zscore_60m,cement_yoy_zscore_60m,T_z_1.0,P1_long_cash,5,countercyclical,1.010907323670982,1.010907323670982,1.495805770374335,0.5867362267679083,0.14038939030374475,0.14024460229560654,-0.23927172705372723,0.5686274509803921,2.1176470588235294,102,102,True
yoy_zscore_60m,cement_yoy_zscore_60m,T_z_1.0,P1_long_cash,6,countercyclical,0.9019675827724508,0.9019675827724508,1.3297605804498804,0.5061857342452901,0.12111593484282968,0.13779000484618115,-0.23927172705372746,0.5784313725490197,2.0,102,102,True
yoy_zscore_60m,cement_yoy_zscore_60m,T_z_1.0,P1_long_cash,7,countercyclical,0.7269391817314972,0.7269391817314972,0.923461802109746,0.4148498694874511,0.09926184474027577,0.14516300215777134,-0.23927172705372723,0.5588235294117647,2.0,102,102,True
yoy_zscore_60m,cement_yoy_zscore_60m,T_z_1.0,P1_long_cash,8,countercyclical,0.9483264938307652,0.9483264938307652,1.4366644860299547,0.5468053797194501,0.13083506756774188,0.1405828530212342,-0.23927172705372712,0.5882352941176471,2.0,102,102,True
yoy_zscore_60m,cement_yoy_zscore_60m,T_z_1.0,P1_long_cash,9,countercyclical,0.8051515863156413,0.8051515863156413,0.96742726495478,0.4595322852151607,0.10995308352037747,0.14279870946474915,-0.23927172705372723,0.5980392156862745,2.0,102,102,True
yoy_zscore_60m,cement_yoy_zscore_60m,T_z_1.0,P1_long_cash,10,countercyclical,0.7013511384553845,0.7013511384553845,0.8813527199957306,0.4097379604039348,0.09803870942532122,0.1497891738721516,-0.23927172705372735,0.5882352941176471,2.0,102,102,True
yoy_zscore_60m,cement_yoy_zscore_60m,T_z_1.0,P1_long_cash,11,countercyclical,0.7817343831736466,0.7817343831736466,1.0307975091702466,0.4653563986498578,0.11134662920045435,0.14999891195150505,-0.23927172705372746,0.5980392156862745,2.0,102,102,True
yoy_zscore_60m,cement_yoy_zscore_60m,T_z_1.0,P1_long_cash,12,countercyclical,0.9191756412035293,0.9191756412035293,1.2126384028346677,0.5622601048014314,0.13453294632924817,0.15023936644569338,-0.23927172705372723,0.6176470588235294,2.0,102,102,True
yoy_zscore_60m,cement_yoy_zscore_60m,T_z_1.0,P1_long_cash,13,countercyclical,1.0438540761054238,1.0438540761054238,1.5834484669339515,0.612436759562888,0.14653880117180051,0.14121146480784724,-0.23927172705372723,0.6372549019607843,2.0,102,102,True
yoy_zscore_60m,cement_yoy_zscore_60m,T_z_1.0,P1_long_cash,14,countercyclical,0.7545910540721849,0.7545910540721849,0.9277958397529958,0.4225428773682219,0.10110256402214568,0.14142588629584887,-0.23927172705372712,0.6078431372549019,2.0,102,102,True
yoy_zscore_60m,cement_yoy_zscore_60m,T_z_1.0,P1_long_cash,2,procyclical,0.423693558564833,0.423693558564833,0.2293583530075416,0.26787575758098553,0.023410827528492995,0.05874048111501134,-0.08739434930544365,0.14705882352941177,2.1176470588235294,102,102,True
yoy_zscore_60m,cement_yoy_zscore_60m,T_z_1.0,P1_long_cash,3,procyclical,0.04536010990613681,0.04536010990613681,0.005196541195361669,0.0042160771879781,0.0007307157233344963,0.06701812362548956,-0.17331649558458984,0.12745098039215685,2.1176470588235294,102,102,True
yoy_zscore_60m,cement_yoy_zscore_60m,T_z_1.0,P1_long_cash,4,procyclical,0.41493542018138607,0.41493542018138607,0.24999917864415003,0.34032842189803386,0.0299653497320449,0.07849082012822049,-0.08804833156433478,0.12745098039215685,2.1176470588235294,102,102,True
yoy_zscore_60m,cement_yoy_zscore_60m,T_z_1.0,P1_long_cash,5,procyclical,0.09781100827244162,0.09781100827244162,0.031558170176829825,0.02143123258674945,0.004540891471756847,0.07771590329746589,-0.2118819556167012,0.12745098039215685,2.1176470588235294,102,102,True
yoy_zscore_60m,cement_yoy_zscore_60m,T_z_1.0,P1_long_cash,6,procyclical,0.2985275406034192,0.2985275406034192,0.15508349331194551,0.15593125557521287,0.021810268820463108,0.08405806973200862,-0.13987105240708464,0.11764705882352941,2.0,102,102,True
yoy_zscore_60m,cement_yoy_zscore_60m,T_z_1.0,P1_long_cash,7,procyclical,0.6061568003033622,0.6061568003033622,0.41473846076994403,0.5321061688487224,0.0421245677196429,0.07234282020440524,-0.07916571952320084,0.13725490196078433,2.0,102,102,True
yoy_zscore_60m,cement_yoy_zscore_60m,T_z_1.0,P1_long_cash,8,procyclical,0.20519471988840018,0.20519471988840018,0.08661392253369407,0.07887482137837032,0.013028166189259505,0.07825407172592899,-0.16517522273378094,0.10784313725490197,2.0,102,102,True
yoy_zscore_60m,cement_yoy_zscore_60m,T_z_1.0,P1_long_cash,9,procyclical,0.4516633436069596,0.4516633436069596,0.43842630363585644,0.4233625534336964,0.032086663633855705,0.07616548799861984,-0.07579003710558652,0.09803921568627451,2.0,102,102,True
yoy_zscore_60m,cement_yoy_zscore_60m,T_z_1.0,P1_long_cash,10,procyclical,0.7120970233857234,0.7120970233857234,0.7558683652984817,0.5711228071358587,0.0432854187446734,0.062240056266530744,-0.0757900371055864,0.10784313725490197,2.0,102,102,True
yoy_zscore_60m,cement_yoy_zscore_60m,T_z_1.0,P1_long_cash,11,procyclical,0.5307877816792297,0.5307877816792297,0.4335108775060676,0.40628696340047765,0.030792504031638135,0.060507156765267286,-0.07579003710558618,0.09803921568627451,2.0,102,102,True
yoy_zscore_60m,cement_yoy_zscore_60m,T_z_1.0,P1_long_cash,12,procyclical,0.19885896863053684,0.19885896863053684,0.10877046073440014,0.09793417296275567,0.009726318188565397,0.05672060212936872,-0.09931485501250226,0.0784313725490196,2.0,102,102,True
yoy_zscore_60m,cement_yoy_zscore_60m,T_z_1.0,P1_long_cash,13,procyclical,0.026264346498392245,0.026264346498392245,-0.005813084920801045,-0.005130541909908785,-0.000846919799095458,0.07506766992711289,-0.16507414108824914,0.058823529411764705,2.0,102,102,True
yoy_zscore_60m,cement_yoy_zscore_60m,T_z_1.0,P1_long_cash,14,procyclical,0.5377757474678216,0.5377757474678216,0.39157192642810673,0.5101001105719764,0.04038244228229493,0.07932127473962819,-0.07916571952320106,0.08823529411764706,2.0,102,102,True
yoy_zscore_60m,cement_yoy_zscore_60m,T_roll_p50,P1_long_cash,2,countercyclical,0.692015982197858,0.692015982197858,0.9182636495015741,0.38025896013317584,0.0775407270554842,0.11820292870205218,-0.20391558170865343,0.3627450980392157,3.411764705882353,102,102,True
yoy_zscore_60m,cement_yoy_zscore_60m,T_roll_p50,P1_long_cash,3,countercyclical,0.7774787336191451,0.7774787336191451,0.9162452743694591,0.41374771495083495,0.08607210994710246,0.11490564359353522,-0.20803041766002328,0.35294117647058826,3.411764705882353,102,102,True
yoy_zscore_60m,cement_yoy_zscore_60m,T_roll_p50,P1_long_cash,4,countercyclical,1.0434520319902925,1.0434520319902925,1.3882027587552102,1.2199855245766587,0.10707710765390588,0.10282281504411903,-0.08776916241777721,0.39215686274509803,3.411764705882353,102,102,True
yoy_zscore_60m,cement_yoy_zscore_60m,T_roll_p50,P1_long_cash,5,countercyclical,0.5915201574445919,0.5915201574445919,0.601238488331799,0.17565540352087586,0.0568412802166578,0.10253479670129095,-0.323595398019751,0.37254901960784315,3.411764705882353,102,102,True
yoy_zscore_60m,cement_yoy_zscore_60m,T_roll_p50,P1_long_cash,6,countercyclical,0.7703406946416259,0.7703406946416259,0.8757081293577108,0.3577896190631589,0.08431116222273238,0.11369148477471958,-0.23564451770147454,0.39215686274509803,3.411764705882353,102,102,True
yoy_zscore_60m,cement_yoy_zscore_60m,T_roll_p50,P1_long_cash,7,countercyclical,1.0024204944418214,1.0024204944418214,1.5053254027731802,0.7759356247672814,0.1024691606776773,0.10288497837996317,-0.1320588427788837,0.4117647058823529,3.411764705882353,102,102,True
yoy_zscore_60m,cement_yoy_zscore_60m,T_roll_p50,P1_long_cash,8,countercyclical,0.5520811546317214,0.5520811546317214,0.6146871100815346,0.23643660668365163,0.057918097658448575,0.11390778871911916,-0.24496248051784153,0.39215686274509803,3.411764705882353,102,102,True
yoy_zscore_60m,cement_yoy_zscore_60m,T_roll_p50,P1_long_cash,9,countercyclical,0.6813434786844704,0.6813434786844704,0.7434444659998491,0.39979805485140335,0.07099044069464577,0.10967517120191882,-0.17756574809007375,0.4117647058823529,3.411764705882353,102,102,True
yoy_zscore_60m,cement_yoy_zscore_60m,T_roll_p50,P1_long_cash,10,countercyclical,0.3019223169810902,0.3019223169810902,0.24073097382879413,0.08299794096772442,0.02946466438151596,0.12063637138516793,-0.35500476322628227,0.4019607843137255,3.411764705882353,102,102,True
yoy_zscore_60m,cement_yoy_zscore_60m,T_roll_p50,P1_long_cash,11,countercyclical,0.657704017226021,0.657704017226021,0.6863712468504177,0.40991233652557135,0.07958503475668821,0.1294815954895727,-0.19415135302160758,0.4215686274509804,3.5294117647058822,102,102,True
yoy_zscore_60m,cement_yoy_zscore_60m,T_roll_p50,P1_long_cash,12,countercyclical,0.67446920988213,0.67446920988213,0.7268816928270225,0.3475376395524531,0.07951763784476285,0.12538208011995006,-0.2288029519541046,0.4411764705882353,3.6470588235294117,102,102,True
yoy_zscore_60m,cement_yoy_zscore_60m,T_roll_p50,P1_long_cash,13,countercyclical,0.8402047663115755,0.8402047663115755,1.1481808593717824,0.4750461573947992,0.09605097531020168,0.11764549951605505,-0.20219293181309972,0.43137254901960786,3.6470588235294117,102,102,True
yoy_zscore_60m,cement_yoy_zscore_60m,T_roll_p50,P1_long_cash,14,countercyclical,0.8073471037417804,0.8073471037417804,0.9749879825023425,0.4448421443575639,0.09086618162091997,0.11643482125382977,-0.20426612625057794,0.4411764705882353,3.6470588235294117,102,102,True
yoy_zscore_60m,cement_yoy_zscore_60m,T_roll_p50,P1_long_cash,2,procyclical,0.6047845737789371,0.6047845737789371,0.5225427668734425,0.3246236111285109,0.06313176476499893,0.1117380527740919,-0.19447681130010763,0.3333333333333333,3.411764705882353,102,102,True
yoy_zscore_60m,cement_yoy_zscore_60m,T_roll_p50,P1_long_cash,3,procyclical,0.5220510802295106,0.5220510802295106,0.45269987065631334,0.28168183121387824,0.05478058433565014,0.11500612570917738,-0.19447681130010752,0.3431372549019608,3.411764705882353,102,102,True
yoy_zscore_60m,cement_yoy_zscore_60m,T_roll_p50,P1_long_cash,4,procyclical,0.33572174904444346,0.33572174904444346,0.28770270692854527,0.16461917209411436,0.03476782858270777,0.12535705909229683,-0.211201575979441,0.30392156862745096,3.411764705882353,102,102,True
yoy_zscore_60m,cement_yoy_zscore_60m,T_roll_p50,P1_long_cash,5,procyclical,0.703203614187322,0.703203614187322,0.6921026362178746,0.4316937190955704,0.08395441794799097,0.12617166002555555,-0.19447681130010774,0.3235294117647059,3.411764705882353,102,102,True
yoy_zscore_60m,cement_yoy_zscore_60m,T_roll_p50,P1_long_cash,6,procyclical,0.5316049508185305,0.5316049508185305,0.4762434561426761,0.2904900245173618,0.05649357368262664,0.11624156053275836,-0.19447681130010774,0.30392156862745096,3.411764705882353,102,102,True
yoy_zscore_60m,cement_yoy_zscore_60m,T_roll_p50,P1_long_cash,7,procyclical,0.3685296229908687,0.3685296229908687,0.2987507139899668,0.17784719281805714,0.03909280696476558,0.12547635968234921,-0.21981121177863439,0.28431372549019607,3.411764705882353,102,102,True
yoy_zscore_60m,cement_yoy_zscore_60m,T_roll_p50,P1_long_cash,8,procyclical,0.7452826228294265,0.7452826228294265,0.6763763954274464,0.4267345952863581,0.08285109905597454,0.11604916076042604,-0.19415135302160758,0.30392156862745096,3.411764705882353,102,102,True
yoy_zscore_60m,cement_yoy_zscore_60m,T_roll_p50,P1_long_cash,9,procyclical,0.6212757579878748,0.6212757579878748,0.5780931035217424,0.46094369985493844,0.0696339866653155,0.12015486327040666,-0.15106831200259319,0.28431372549019607,3.411764705882353,102,102,True
yoy_zscore_60m,cement_yoy_zscore_60m,T_roll_p50,P1_long_cash,10,procyclical,1.0457598961981112,1.0457598961981112,1.6039124627953354,1.1640195663828505,0.11278008308220433,0.10801040858052019,-0.09688847708347759,0.29411764705882354,3.411764705882353,102,102,True
yoy_zscore_60m,cement_yoy_zscore_60m,T_roll_p50,P1_long_cash,11,procyclical,0.6526160672380233,0.6526160672380233,0.6884000438388665,0.3536566907994188,0.06111861305935884,0.09839659815260762,-0.17281904923445401,0.27450980392156865,3.5294117647058822,102,102,True
yoy_zscore_60m,cement_yoy_zscore_60m,T_roll_p50,P1_long_cash,12,procyclical,0.6256964087923248,0.6256964087923248,0.621490908500177,0.530823580381106,0.06118486127541378,0.10357964821868086,-0.11526402280675996,0.2549019607843137,3.6470588235294117,102,102,True
yoy_zscore_60m,cement_yoy_zscore_60m,T_roll_p50,P1_long_cash,13,procyclical,0.4514594298631141,0.4514594298631141,0.3415345617022046,0.23090936451576022,0.04517746032427117,0.11192469058206815,-0.19565018689914448,0.2647058823529412,3.6470588235294117,102,102,True
yoy_zscore_60m,cement_yoy_zscore_60m,T_roll_p50,P1_long_cash,14,procyclical,0.48855142857342393,0.48855142857342393,0.40237842404745244,0.2582783928482655,0.05014509942773704,0.11334006508587728,-0.19415135302160758,0.2549019607843137,3.6470588235294117,102,102,True
accel,cement_accel,T0_zero,P1_long_cash,2,countercyclical,0.6257361719398215,0.6257361719398215,0.5081375846923578,0.49382259537998585,0.06499867161545247,0.11074097287030979,-0.1316235267959689,0.3627450980392157,7.294117647058823,102,102,True
accel,cement_accel,T0_zero,P1_long_cash,3,countercyclical,0.6814144205514977,0.6814144205514977,0.6862842226332884,0.27650735955120564,0.0775419965633748,0.12047276919560114,-0.2804337529721881,0.35294117647058826,7.294117647058823,102,102,True
accel,cement_accel,T0_zero,P1_long_cash,4,countercyclical,0.5206652508292037,0.5206652508292037,0.5285047901867788,0.2634093196136418,0.05531567162805495,0.11656109038186012,-0.2099989161704292,0.3333333333333333,7.176470588235294,102,102,True
accel,cement_accel,T0_zero,P1_long_cash,5,countercyclical,0.7994070802057223,0.7994070802057223,0.7883213248420912,0.7163559746943852,0.08970538053833987,0.11619327450494005,-0.12522458624932997,0.3431372549019608,7.176470588235294,102,102,True
accel,cement_accel,T0_zero,P1_long_cash,6,countercyclical,0.5509580859452027,0.5509580859452027,0.6074214859695455,0.35927279101599624,0.06001015426119127,0.11855772803447778,-0.16703228232643808,0.3235294117647059,7.294117647058823,102,102,True
accel,cement_accel,T0_zero,P1_long_cash,7,countercyclical,0.6867163402604217,0.6867163402604217,0.702343924152138,0.5972310376651622,0.07457692515018155,0.11450565187097873,-0.12487114775838748,0.3333333333333333,7.294117647058823,102,102,True
accel,cement_accel,T0_zero,P1_long_cash,8,countercyclical,1.0279570204262292,1.0279570204262292,1.1547052170888492,0.5658186735030014,0.11950179556243068,0.11680175299270151,-0.211201575979441,0.35294117647058826,7.294117647058823,102,102,True
accel,cement_accel,T0_zero,P1_long_cash,9,countercyclical,0.9144175066558334,0.9144175066558334,1.0474848046358587,0.6399839993051627,0.08357405217217595,0.09266972948462844,-0.13058772135383567,0.35294117647058826,7.411764705882353,102,102,True
accel,cement_accel,T0_zero,P1_long_cash,10,countercyclical,0.43489058996540003,0.43489058996540003,0.36778378178954435,0.16953329598774974,0.04247225280892053,0.10963505016827611,-0.25052455071710233,0.3333333333333333,7.294117647058823,102,102,True
accel,cement_accel,T0_zero,P1_long_cash,11,countercyclical,0.4528746294172285,0.4528746294172285,0.40857682632368264,0.1857312810210549,0.04800498931757469,0.11946624540428505,-0.2584647510837592,0.3235294117647059,7.294117647058823,102,102,True
accel,cement_accel,T0_zero,P1_long_cash,12,countercyclical,0.7215855921672472,0.7215855921672472,0.6870910541798729,0.5977291719107956,0.08405233803284551,0.12246094094016094,-0.14061943432365953,0.3431372549019608,7.176470588235294,102,102,True
accel,cement_accel,T0_zero,P1_long_cash,13,countercyclical,0.9855427494072706,0.9855427494072706,1.212578800218094,1.1239153000319324,0.10805922307186178,0.11059421476603128,-0.09614534393187069,0.37254901960784315,7.294117647058823,102,102,True
accel,cement_accel,T0_zero,P1_long_cash,14,countercyclical,0.3216742678779187,0.3216742678779187,0.2500333638247034,0.11822774677766468,0.028226611546926517,0.10338555789427105,-0.23874777551168747,0.3235294117647059,7.294117647058823,102,102,True
accel,cement_accel,T0_zero,P1_long_cash,2,procyclical,0.6720880558341298,0.6720880558341298,0.8536088229938973,0.3195805243612906,0.07565183440369228,0.11915274091001875,-0.23672229262058142,0.3333333333333333,7.294117647058823,102,102,True
accel,cement_accel,T0_zero,P1_long_cash,3,procyclical,0.6156810725198087,0.6156810725198087,0.6160297819010985,0.5055652435957239,0.06313051223454669,0.10928366522175638,-0.12487114775838726,0.3431372549019608,7.294117647058823,102,102,True
accel,cement_accel,T0_zero,P1_long_cash,4,procyclical,0.7824691133942067,0.7824691133942067,0.7579088277825805,0.3012926008683945,0.08552142790921358,0.11334179911712987,-0.2838484173282755,0.3627450980392157,7.176470588235294,102,102,True
accel,cement_accel,T0_zero,P1_long_cash,5,procyclical,0.4971894722306418,0.4971894722306418,0.4989371265089952,0.30705877051745206,0.05126375919582937,0.11361873746300927,-0.16695096873292448,0.35294117647058826,7.176470588235294,102,102,True
accel,cement_accel,T0_zero,P1_long_cash,6,procyclical,0.7549883016814992,0.7549883016814992,0.6775636005081974,0.5021734065520643,0.08071396312151169,0.11133341712340011,-0.1607292661626506,0.37254901960784315,7.294117647058823,102,102,True
accel,cement_accel,T0_zero,P1_long_cash,7,procyclical,0.6122303183881412,0.6122303183881412,0.6001036604053215,0.292247277692507,0.06606399965321597,0.11554942986253684,-0.226055141299644,0.3627450980392157,7.294117647058823,102,102,True
accel,cement_accel,T0_zero,P1_long_cash,8,procyclical,0.26238993914182696,0.26238993914182696,0.20970866365576898,0.11329248606730924,0.023283552828185394,0.11169858316671921,-0.20551718508809302,0.3431372549019608,7.294117647058823,102,102,True
accel,cement_accel,T0_zero,P1_long_cash,9,procyclical,0.48364430174032697,0.48364430174032697,0.489230866425557,0.21211755338704721,0.05721226201772356,0.1336456218255647,-0.2697196017216422,0.3431372549019608,7.411764705882353,102,102,True
accel,cement_accel,T0_zero,P1_long_cash,10,procyclical,0.849739694054617,0.849739694054617,1.0019154561144568,0.3802285395796631,0.09889521920026878,0.11967960951954446,-0.2600941510324184,0.3627450980392157,7.294117647058823,102,102,True
accel,cement_accel,T0_zero,P1_long_cash,11,procyclical,0.8653158606477119,0.8653158606477119,0.9887032684286393,0.5386779879323516,0.09309381771799763,0.11010145444420058,-0.1728190492344539,0.37254901960784315,7.294117647058823,102,102,True
accel,cement_accel,T0_zero,P1_long_cash,12,procyclical,0.5704668040732666,0.5704668040732666,0.6070571608261581,0.28637331864297316,0.056745818047345686,0.10694700446194866,-0.19815329974260532,0.35294117647058826,7.176470588235294,102,102,True
accel,cement_accel,T0_zero,P1_long_cash,13,procyclical,0.340831232001136,0.340831232001136,0.28569400501208003,0.1896152600952953,0.033850674140693204,0.1184763488373458,-0.17852294231846533,0.3235294117647059,7.294117647058823,102,102,True
accel,cement_accel,T0_zero,P1_long_cash,14,procyclical,0.9330437719954342,0.9330437719954342,1.1053870489842434,0.8010691450794724,0.11411994388785107,0.12445213854560723,-0.14245954246125592,0.37254901960784315,7.294117647058823,102,102,True
accel,cement_accel,T_roll_p25,P1_long_cash,2,countercyclical,0.13136579742128335,0.13136579742128335,0.05276382881843784,0.03862268308791826,0.0075024675438142285,0.08440177869329915,-0.1942502939719667,0.16666666666666666,5.647058823529412,102,102,True
accel,cement_accel,T_roll_p25,P1_long_cash,3,countercyclical,0.25222015667254605,0.25222015667254605,0.184054902611647,0.1458465304784917,0.0190843954199027,0.09121405177989453,-0.13085258426985424,0.1568627450980392,5.647058823529412,102,102,True
accel,cement_accel,T_roll_p25,P1_long_cash,4,countercyclical,0.6749582608774549,0.6749582608774549,0.3503825945320743,0.4461920267101517,0.05571651049593762,0.08590287052745615,-0.12487114775838726,0.20588235294117646,5.647058823529412,102,102,True
accel,cement_accel,T_roll_p25,P1_long_cash,5,countercyclical,0.6241331391157238,0.6241331391157238,0.49892465824949456,0.4198966136991358,0.04442970167233318,0.07401673224418641,-0.10581105020334347,0.17647058823529413,5.529411764705882,102,102,True
accel,cement_accel,T_roll_p25,P1_long_cash,6,countercyclical,0.5913195741051989,0.5913195741051989,0.3090975425807022,0.2574090590463003,0.044300365150793164,0.07867501812350068,-0.17210103372012575,0.20588235294117646,5.647058823529412,102,102,True
accel,cement_accel,T_roll_p25,P1_long_cash,7,countercyclical,0.25982306852959947,0.25982306852959947,0.13991077048154085,0.12352103676367525,0.01864669143877551,0.08528791604512953,-0.15095964159085717,0.16666666666666666,5.647058823529412,102,102,True
accel,cement_accel,T_roll_p25,P1_long_cash,8,countercyclical,0.7148281056782728,0.7148281056782728,0.661548842383625,0.7518393007964083,0.06199696282844669,0.0898410807463638,-0.08246039115376724,0.18627450980392157,5.647058823529412,102,102,True
accel,cement_accel,T_roll_p25,P1_long_cash,9,countercyclical,0.5950776815018523,0.5950776815018523,0.6639774380933366,0.3977518740927654,0.041423775000498875,0.07261760101707623,-0.10414476385556348,0.16666666666666666,5.764705882352941,102,102,True
accel,cement_accel,T_roll_p25,P1_long_cash,10,countercyclical,0.19000186944925043,0.19000186944925043,0.13970424299195064,0.06762392959294054,0.012017306458026678,0.07912807904705689,-0.17770789911743312,0.16666666666666666,5.764705882352941,102,102,True
accel,cement_accel,T_roll_p25,P1_long_cash,11,countercyclical,0.15027035426196014,0.15027035426196014,0.08226611670156779,0.056379002521906675,0.008174473310125219,0.07086261238585505,-0.1449914497325301,0.13725490196078433,5.647058823529412,102,102,True
accel,cement_accel,T_roll_p25,P1_long_cash,12,countercyclical,0.2708613491736441,0.2708613491736441,0.1648957096881221,0.10347192109338547,0.022100425470276575,0.0987714177903346,-0.21358862613878116,0.17647058823529413,5.647058823529412,102,102,True
accel,cement_accel,T_roll_p25,P1_long_cash,13,countercyclical,1.025958294699016,1.025958294699016,1.1309656553996035,1.4508285375461216,0.07651852202385734,0.07467094012720844,-0.052741257869987845,0.19607843137254902,5.529411764705882,102,102,True
accel,cement_accel,T_roll_p25,P1_long_cash,14,countercyclical,0.008002779651806824,0.008002779651806824,-0.022409774518699188,-0.006621160158215854,-0.0019969056217010728,0.07151180419251803,-0.3015945202931266,0.14705882352941177,5.411764705882353,102,102,True
accel,cement_accel,T_roll_p25,P1_long_cash,2,procyclical,1.0123110962218633,1.0123110962218633,1.4992363502020305,0.6587363121552531,0.13703719014548077,0.1366064838966792,-0.20803041766002328,0.5294117647058824,5.647058823529412,102,102,True
accel,cement_accel,T_roll_p25,P1_long_cash,3,procyclical,0.949953673454694,0.949953673454694,1.1260585971677002,0.9169925795580606,0.12411472485420427,0.13302727019945124,-0.1353497592249009,0.5392156862745098,5.647058823529412,102,102,True
accel,cement_accel,T_roll_p25,P1_long_cash,4,procyclical,0.6623593787319905,0.6623593787319905,0.8729442427961582,0.301558011686642,0.08510927258541257,0.13798387592194053,-0.2822318402664499,0.49019607843137253,5.647058823529412,102,102,True
accel,cement_accel,T_roll_p25,P1_long_cash,5,procyclical,0.7145501824001002,0.7145501824001002,0.8795773706555536,0.41093972021230657,0.09683569217380783,0.14439779531937186,-0.23564451770147443,0.5196078431372549,5.529411764705882,102,102,True
accel,cement_accel,T_roll_p25,P1_long_cash,6,procyclical,0.7247073453535061,0.7247073453535061,0.9774681776493668,0.6419052010720587,0.09697153519164114,0.14192444560721704,-0.1510683120025933,0.49019607843137253,5.647058823529412,102,102,True
accel,cement_accel,T_roll_p25,P1_long_cash,7,procyclical,0.9296150651052881,0.9296150651052881,1.2874451084720797,0.5086401285029489,0.12459774756899611,0.13684803866268314,-0.24496248051784164,0.5294117647058824,5.647058823529412,102,102,True
accel,cement_accel,T_roll_p25,P1_long_cash,8,procyclical,0.6281800380606706,0.6281800380606706,0.7119415409327643,0.3644918082709247,0.078692138355682,0.135558011564903,-0.21589549221690763,0.5098039215686274,5.647058823529412,102,102,True
accel,cement_accel,T_roll_p25,P1_long_cash,9,procyclical,0.7321427554770958,0.7321427554770958,0.8604727262964051,0.37076117973855705,0.10000155773292985,0.1450026678303101,-0.26971960172164233,0.5294117647058824,5.764705882352941,102,102,True
accel,cement_accel,T_roll_p25,P1_long_cash,10,procyclical,0.9594430162406801,0.9594430162406801,1.1404437296941632,0.5809915815322936,0.13196460915282726,0.14002007540561703,-0.22713686970263303,0.5294117647058824,5.764705882352941,102,102,True
accel,cement_accel,T_roll_p25,P1_long_cash,11,procyclical,0.962964394123184,0.962964394123184,1.2563406881335242,0.7332188272133945,0.1362792900314469,0.1440626646278522,-0.1858644172427728,0.5588235294117647,5.647058823529412,102,102,True
accel,cement_accel,T_roll_p25,P1_long_cash,12,procyclical,0.9597671835709913,0.9597671835709913,1.3734938359161566,0.794269374149491,0.12079766940080461,0.12776265853095592,-0.15208652546896395,0.5196078431372549,5.647058823529412,102,102,True
accel,cement_accel,T_roll_p25,P1_long_cash,13,procyclical,0.5034632965457178,0.5034632965457178,0.5869646384051285,0.25433048424343285,0.0641412584402048,0.14453187854815305,-0.2521965018507647,0.5,5.529411764705882,102,102,True
accel,cement_accel,T_roll_p25,P1_long_cash,14,procyclical,1.0411359897217838,1.0411359897217838,1.2918209159199987,0.7602960051882777,0.14785994273322633,0.14292414697391215,-0.19447681130010763,0.5490196078431373,5.411764705882353,102,102,True
accel,cement_accel,T_roll_p50,P1_long_cash,2,countercyclical,0.5204593321347815,0.5204593321347815,0.426855320026193,0.2704232587880256,0.054425271941357156,0.11478409420985956,-0.20125958168420355,0.37254901960784315,7.0588235294117645,102,102,True
accel,cement_accel,T_roll_p50,P1_long_cash,3,countercyclical,0.7593378903819787,0.7593378903819787,0.7968379920783796,0.42038087040132543,0.09003326436126513,0.12391520680085652,-0.2141706978134209,0.37254901960784315,7.0588235294117645,102,102,True
accel,cement_accel,T_roll_p50,P1_long_cash,4,countercyclical,0.48919890299304797,0.48919890299304797,0.5109661562405877,0.24709255032921656,0.05188916776292274,0.11764010887480046,-0.20999891617042932,0.3431372549019608,6.9411764705882355,102,102,True
accel,cement_accel,T_roll_p50,P1_long_cash,5,countercyclical,0.6832702465020318,0.6832702465020318,0.6592339764730629,0.38037440304204445,0.07814608510891441,0.1211229973014442,-0.20544517318710476,0.35294117647058826,6.9411764705882355,102,102,True
accel,cement_accel,T_roll_p50,P1_long_cash,6,countercyclical,0.6365416502206196,0.6365416502206196,0.7324631567248155,0.7016982869114237,0.07236363553313474,0.12143793952812255,-0.10312642467982724,0.3431372549019608,7.0588235294117645,102,102,True
accel,cement_accel,T_roll_p50,P1_long_cash,7,countercyclical,0.7391720509832364,0.7391720509832364,0.7704531581452211,0.6551470345058461,0.08180896214924882,0.11569201075808774,-0.12487114775838737,0.35294117647058826,7.0588235294117645,102,102,True
accel,cement_accel,T_roll_p50,P1_long_cash,8,countercyclical,0.9715064344278691,0.9715064344278691,1.1344460945470045,0.48635273921775773,0.11432381512924539,0.11905012505001891,-0.2350635781616488,0.3627450980392157,7.0588235294117645,102,102,True
accel,cement_accel,T_roll_p50,P1_long_cash,9,countercyclical,1.0021195603261948,1.0021195603261948,1.1828145051207277,0.7226666717007626,0.0943713939557631,0.09470880445295014,-0.13058772135383578,0.37254901960784315,7.176470588235294,102,102,True
accel,cement_accel,T_roll_p50,P1_long_cash,10,countercyclical,0.437429727920938,0.437429727920938,0.3814001563375636,0.17180732307927726,0.04304195242434394,0.1104572253181008,-0.2505245507171021,0.3431372549019608,7.0588235294117645,102,102,True
accel,cement_accel,T_roll_p50,P1_long_cash,11,countercyclical,0.4991452173285517,0.4991452173285517,0.4595769675077407,0.2089149785390968,0.05399715792577653,0.11998941960420675,-0.2584647510837591,0.3431372549019608,7.0588235294117645,102,102,True
accel,cement_accel,T_roll_p50,P1_long_cash,12,countercyclical,0.7839202924048964,0.7839202924048964,0.7610823425932034,0.6620972804502125,0.09310374504414232,0.12357882878020958,-0.14061943432365964,0.3627450980392157,6.9411764705882355,102,102,True
accel,cement_accel,T_roll_p50,P1_long_cash,13,countercyclical,0.9430647316254932,0.9430647316254932,1.2151942409276293,1.0800250610103341,0.10383938094587819,0.11161555752589303,-0.09614534393187069,0.38235294117647056,7.0588235294117645,102,102,True
accel,cement_accel,T_roll_p50,P1_long_cash,14,countercyclical,0.355009230866932,0.355009230866932,0.2945768190387966,0.14394880246345748,0.03246845305336277,0.10606830947115779,-0.22555556210066519,0.3333333333333333,7.0588235294117645,102,102,True
accel,cement_accel,T_roll_p50,P1_long_cash,2,procyclical,0.7786184021057874,0.7786184021057874,1.0404524540666742,0.5141280334530242,0.08643808645774631,0.1151209798942613,-0.16812560458375425,0.3235294117647059,7.0588235294117645,102,102,True
accel,cement_accel,T_roll_p50,P1_long_cash,3,procyclical,0.5259619175352227,0.5259619175352227,0.49714787957997447,0.40800087305405486,0.05094753730468393,0.10510695330745193,-0.12487114775838737,0.3235294117647059,7.0588235294117645,102,102,True
accel,cement_accel,T_roll_p50,P1_long_cash,4,procyclical,0.8187953276376191,0.8187953276376191,0.7585310254410708,0.35147102467109154,0.0890574880592816,0.11214811701684108,-0.25338500703613354,0.35294117647058826,6.9411764705882355,102,102,True
accel,cement_accel,T_roll_p50,P1_long_cash,5,procyclical,0.6136641375851815,0.6136641375851815,0.6503544073656617,0.3874824046944804,0.06253483696036577,0.10855453679466807,-0.16138755257718818,0.3431372549019608,6.9411764705882355,102,102,True
accel,cement_accel,T_roll_p50,P1_long_cash,6,procyclical,0.6658397307900237,0.6658397307900237,0.5730532171964922,0.42471597647710574,0.06826428722671873,0.10824746056252989,-0.16072926616265049,0.35294117647058826,7.0588235294117645,102,102,True
accel,cement_accel,T_roll_p50,P1_long_cash,7,procyclical,0.5587653434082893,0.5587653434082893,0.5353663347218497,0.22089254756839316,0.05893721982552025,0.11428673289278991,-0.2668139802555901,0.3431372549019608,7.0588235294117645,102,102,True
accel,cement_accel,T_roll_p50,P1_long_cash,8,procyclical,0.3076670626448808,0.3076670626448808,0.24609956479391012,0.13642894251042484,0.02803849222928778,0.10959185435999669,-0.20551718508809302,0.3333333333333333,7.0588235294117645,102,102,True
accel,cement_accel,T_roll_p50,P1_long_cash,9,procyclical,0.412584414309653,0.412584414309653,0.4000361685328106,0.17344509342895267,0.046781541520230174,0.1320123084145238,-0.26971960172164244,0.3235294117647059,7.176470588235294,102,102,True
accel,cement_accel,T_roll_p50,P1_long_cash,10,procyclical,0.8496214928724458,0.8496214928724458,0.9762347278520856,0.38526433954613026,0.09829501306060795,0.11894531065453513,-0.2551365464460238,0.35294117647058826,7.0588235294117645,102,102,True
accel,cement_accel,T_roll_p50,P1_long_cash,11,procyclical,0.8157990197534342,0.8157990197534342,0.9227027795683161,0.5027187555952969,0.08687937737430707,0.10968831701692701,-0.17281904923445401,0.35294117647058826,7.0588235294117645,102,102,True
accel,cement_accel,T_roll_p50,P1_long_cash,12,procyclical,0.4980540065579153,0.4980540065579153,0.5134474346370512,0.22772438192364652,0.047995471568342385,0.10540988355193603,-0.2107612332193517,0.3333333333333333,6.9411764705882355,102,102,True
accel,cement_accel,T_roll_p50,P1_long_cash,13,procyclical,0.3748474996599068,0.3748474996599068,0.3105564457566002,0.21963639452388012,0.037802958052666646,0.11768804824073884,-0.17211609275691553,0.3137254901960784,7.0588235294117645,102,102,True
accel,cement_accel,T_roll_p50,P1_long_cash,14,procyclical,0.9126655571458647,0.9126655571458647,1.031876457212828,0.7689386031913803,0.10954264159144134,0.12241125633243835,-0.14245954246125603,0.3627450980392157,7.0588235294117645,102,102,True
BENCHMARK,spy,BUY_HOLD,BUY_HOLD,0,benchmark,0.9349340356902993,0.9349340356902993,1.3655814809263431,0.6083785015183617,0.14556777476065696,0.1597714498820138,-0.23927172705372712,0.696078431372549,0.0,102,102,False
