quantile,intercept,coef_umcsent_yoy,se,p_value,ci_lower,ci_upper
0.05,-0.094862,0.000698,0.000884,0.4306,-0.001042,0.002438
0.1,-0.063934,0.000388,0.000536,0.4698,-0.000667,0.001442
0.25,-0.023053,0.00098,0.000468,0.037,6e-05,0.0019
0.5,0.02662,0.00051,0.000361,0.1588,-0.000201,0.001221
0.75,0.069007,0.000244,0.000318,0.4447,-0.000383,0.00087
0.9,0.1018,-0.000286,0.00032,0.3714,-0.000916,0.000343
0.95,0.117589,-0.000654,0.000322,0.043,-0.001288,-2.1e-05
